"baseMean","log2FoldChange","lfcSE","stat","pvalue","padj","gene"
262.638135058942,-0.0526005887768564,0.361411070595202,-0.145542273207706,0.884282741857065,0.995298543208041,"Gene0001"
28.8607631607649,-0.143430573098845,0.499716938636464,-0.287023636801691,0.77409422179578,0.995298543208041,"Gene0002"
92.6943491638251,0.614366014799097,0.440665593763955,1.39417740684376,0.163264038746688,0.966311336522134,"Gene0003"
106.626151690651,0.64353663681563,0.445225772177591,1.445416409001,0.148340957067944,0.966311336522134,"Gene0004"
95.625246720312,0.268273113570969,0.412049556280289,0.6510700217536,0.515001287147484,0.995298543208041,"Gene0005"
55.9783655644985,0.0940592411801456,0.367679240054347,0.255818743441274,0.798090800205697,0.995298543208041,"Gene0006"
335.727580238053,-0.141971903858617,0.435663105863268,-0.325875434361831,0.744518602575965,0.995298543208041,"Gene0007"
45.8670183697924,0.0185676579484737,0.451379852215707,0.0411353272799614,0.967188011331124,0.99679148114792,"Gene0008"
568.803537448867,-0.208130811618302,0.333729649387484,-0.6236509462084,0.532856844803405,0.995298543208041,"Gene0009"
43.3024589139554,0.122738659582715,0.416786331901073,0.294488206997747,0.768384873562532,0.995298543208041,"Gene0010"
286.518538683062,-0.0655182737908814,0.360831985083693,-0.181575571178051,0.855915821508068,0.995298543208041,"Gene0011"
826.430813296952,-0.67958769447369,0.303484535975816,-2.2392827769249,0.0251375227942076,0.769267290080118,"Gene0012"
8.29379150068134,0.327475066275179,0.566556003349326,0.578010054326906,0.563257331161422,0.995298543208041,"Gene0013"
44.6101696228754,0.2092940408564,0.408286731526133,0.512615337936849,0.608220422017378,0.995298543208041,"Gene0014"
37.3083071794001,0.0626875503406245,0.354139315169642,0.177013812517809,0.859497540086898,0.995298543208041,"Gene0015"
124.685732798627,-0.188652877727596,0.440838236704019,-0.427941276460232,0.668693874693059,0.995298543208041,"Gene0016"
36.8153252915,0.291735770940756,0.373612017994937,0.780852212694907,0.434889420950323,0.995298543208041,"Gene0017"
3.29649391017787,-0.554774363921349,0.793466810665578,-0.699177780928217,0.484440934463348,0.995298543208041,"Gene0018"
2.68673512701874,-0.544670251250303,0.833956180218908,-0.653116151867032,0.513681400170129,0.995298543208041,"Gene0019"
307.918856874786,-0.146289393765909,0.344452350067932,-0.424701395525559,0.67105436635646,0.995298543208041,"Gene0020"
40.6541696358174,0.249432760641041,0.443038160070321,0.56300513843198,0.573431384963316,0.995298543208041,"Gene0021"
6.45406398999146,0.710024690583956,0.574849198674742,1.2351494830659,0.216774876123893,0.972722569207905,"Gene0022"
45.8279545642138,-0.0121973853124508,0.35265758996604,-0.0345870489094687,0.972409028795088,0.99679148114792,"Gene0023"
202.152135397411,-0.10770995211879,0.386644723734864,-0.278576029897283,0.780570210124312,0.995298543208041,"Gene0024"
535.336154401011,0.179569453438308,0.322834687614395,0.556227259112849,0.578055506689688,0.995298543208041,"Gene0025"
34.2846755203604,-0.228993307467485,0.364238212415342,-0.628691058933606,0.529551332765286,0.995298543208041,"Gene0026"
32.0421848091434,-0.509475976205023,0.406347460896274,-1.25379392080187,0.209916919404882,0.972722569207905,"Gene0027"
5.84903876446242,-0.374140853659637,0.602663104614347,-0.620812607898165,0.534722926771003,0.995298543208041,"Gene0028"
80.4170889670419,-0.0727074830082046,0.362938930066057,-0.200329799272212,0.84122265844108,0.995298543208041,"Gene0029"
25.5835019616911,-0.0385436645738033,0.405946332987254,-0.0949476850552396,0.924356380378417,0.99679148114792,"Gene0030"
97.8227150530848,0.416062151327288,0.400188548027498,1.039665311209,0.298495422131501,0.977149621423155,"Gene0031"
112.538380457865,-0.577541664778459,0.368030418396927,-1.56927698339209,0.116583413006138,0.959244047296809,"Gene0032"
175.971016302154,0.225887370903667,0.380422406125863,0.593780406375254,0.552658995707849,0.995298543208041,"Gene0033"
27.3125772574302,0.639399068466049,0.397882717148304,1.60700387553583,0.108053517951434,0.938656212465067,"Gene0034"
93.0600150067992,0.252707705736602,0.296158884467116,0.853284230156738,0.393501703091622,0.995298543208041,"Gene0035"
6.93874236887014,0.986848299532978,0.594910392134839,1.65881839110537,0.097152393253926,0.929793156696703,"Gene0036"
19.4714584288327,0.725201728952353,0.427553940383088,1.69616429754471,0.0898547697176108,0.907325839670106,"Gene0037"
19.5688943350943,-0.48652924815207,0.556456959677885,-0.87433401575875,0.381936379964758,0.995298543208041,"Gene0038"
2.43739751666982,-0.0122340533486132,0.85637364685343,-0.0142858825625528,0.988601902566737,0.99679148114792,"Gene0039"
65.7832215538871,-0.375146061383352,0.337875193832955,-1.11030957060678,0.26686565037676,0.977149621423155,"Gene0040"
54.1260147734428,-0.993562299462777,0.367823298726228,-2.70119457604639,0.00690909052179092,0.71908745615312,"Gene0041"
29.5127513229152,0.00859703338475331,0.418203424701573,0.0205570611739684,0.983598993439728,0.99679148114792,"Gene0042"
126.083191272886,-0.270774604071937,0.298020464960484,-0.908577215017233,0.363573338260084,0.993108616838184,"Gene0043"
22.5859614250703,-0.760499075319593,0.5201565500195,-1.46205805788869,0.143725300875312,0.966311336522134,"Gene0044"
9.63360599054702,-0.272146715737971,0.622213033741812,-0.437385109246841,0.661832081397115,0.995298543208041,"Gene0045"
92.4667968636255,-0.0316528694951912,0.40938643344044,-0.0773178271423992,0.938370709349713,0.99679148114792,"Gene0046"
19.6687293082875,-0.540656169454083,0.442931761553894,-1.2206308429031,0.222225823001659,0.972952680885552,"Gene0047"
319.711437921558,-0.458138691708032,0.319393237531893,-1.4344032304763,0.151457226310115,0.966311336522134,"Gene0048"
30.9822807779408,-0.083028175680559,0.393664971901827,-0.210910753068639,0.832956913129839,0.995298543208041,"Gene0049"
107.837351185293,-0.352659453070731,0.361123720814844,-0.976561307783899,0.328786382321347,0.977149621423155,"Gene0050"
81.9866967072171,-0.00939136896289871,0.438731600101569,-0.0214057272389875,0.982922004937453,0.99679148114792,"Gene0051"
17.5480237733701,-0.171919093804843,0.426343677920229,-0.403240631228523,0.686771211833997,0.995298543208041,"Gene0052"
430.146938243112,-0.273069739829158,0.272884660627167,-1.00067823234023,0.316982394427706,0.977149621423155,"Gene0053"
146.083629000253,0.303455638507712,0.317284976231461,0.956413512268982,0.338863360706789,0.977149621423155,"Gene0054"
64.3287951376482,-0.043643175534499,0.361676358258326,-0.120669141175457,0.903953102122213,0.995298543208041,"Gene0055"
71.2957021093924,-0.603003320517395,0.354431816690054,-1.70132389961117,0.0888821825349722,0.907325839670106,"Gene0056"
118.183001396541,-0.270890500034492,0.319690698197318,-0.84735183589012,0.396799041990939,0.995298543208041,"Gene0057"
52.9888065865536,-0.349724169029089,0.363127683617451,-0.963088700770933,0.335503011659985,0.977149621423155,"Gene0058"
1.21786092692321,0.571939238900626,1.18611862858569,0.482193960297714,0.629668166934816,0.995298543208041,"Gene0059"
83.3055630425744,-0.0912163086611335,0.366760801189318,-0.248707899986423,0.803586737519141,0.995298543208041,"Gene0060"
37.7221848464832,0.420769884746139,0.405522203621672,1.03760011409558,0.299456264782331,0.977149621423155,"Gene0061"
55.0600429569973,-0.354655052967663,0.342686864817506,-1.03492456052125,0.300704143590174,0.977149621423155,"Gene0062"
101.297364726482,-0.391733938097003,0.316980011489722,-1.23583167359972,0.216521138903294,0.972722569207905,"Gene0063"
250.301862406817,0.457159375337033,0.342731641613377,1.33386976815154,0.182246540943875,0.966311336522134,"Gene0064"
21.5472403187802,0.805480223407544,0.421879975998701,1.90926393579302,0.056228052150381,0.856055940383494,"Gene0065"
221.467490534168,-0.400596162797003,0.386101995821755,-1.03753973595604,0.29948438700438,0.977149621423155,"Gene0066"
86.0921493555339,0.331917977922911,0.350026572112452,0.948265087189657,0.342994519659925,0.977149621423155,"Gene0067"
152.070217561907,-0.000117393163774732,0.341753502245472,-0.000343502445486022,0.999725924707539,0.999771981678463,"Gene0068"
185.4854030267,0.304785896381251,0.412882328711938,0.738190702741108,0.460398571796936,0.995298543208041,"Gene0069"
147.503821482385,0.361667100083079,0.326773521759027,1.10678214726891,0.26838812869123,0.977149621423155,"Gene0070"
15.9626613629276,0.275806873369452,0.486208478366265,0.567260518155104,0.570537196996338,0.995298543208041,"Gene0071"
50.9560807828921,-0.218406056782388,0.348068918199747,-0.627479344929763,0.530345071429045,0.995298543208041,"Gene0072"
133.867378392913,0.0600555481352315,0.341301845240371,0.175960221055751,0.860325193774994,0.995298543208041,"Gene0073"
19.0261217446118,0.283733260297492,0.465356727678679,0.60971131053123,0.542053060782908,0.995298543208041,"Gene0074"
23.6435990843832,-0.803259236989419,0.534213790051684,-1.50362879421683,0.132676972812834,0.966311336522134,"Gene0075"
96.7976118379579,-0.378831540624367,0.354235955920033,-1.06943277296754,0.2848747063534,0.977149621423155,"Gene0076"
143.567397976843,0.319697451454724,0.352833622788041,0.906085562165308,0.364890566569608,0.993108616838184,"Gene0077"
84.0529126854896,-0.134080982861029,0.329202851948463,-0.407289858114653,0.6837951107354,0.995298543208041,"Gene0078"
15.1288735002196,-0.48128060104837,0.479903408966037,-1.00286972765061,0.315923720413007,0.977149621423155,"Gene0079"
11.8158900092519,0.749505111624513,0.50879765024619,1.47309074887011,0.140726567602937,0.966311336522134,"Gene0080"
295.734373030196,0.0827155739483842,0.330156843831563,0.250534179417415,0.802174275937545,0.995298543208041,"Gene0081"
76.822256619817,-0.0743155981826778,0.357499482647336,-0.207876099938271,0.835325711015165,0.995298543208041,"Gene0082"
56.6901250828212,0.104265371965415,0.40234050839781,0.259147090062143,0.795521752826525,0.995298543208041,"Gene0083"
41.2123605178894,0.294404234074815,0.355140286456182,0.828980110965642,0.40711566169225,0.995298543208041,"Gene0084"
10.968671915768,0.114853301855219,0.498069982972361,0.230596714882921,0.817628119982306,0.995298543208041,"Gene0085"
101.782103055829,0.772515772758983,0.422166135234112,1.82988569732289,0.0672670325948401,0.856055940383494,"Gene0086"
35.6264789024442,-0.675731272189309,0.406786401075468,-1.66114518676829,0.0966842910663329,0.929793156696703,"Gene0087"
45.5015909350114,-0.379197903223398,0.400685536717919,-0.946372824757963,0.343958461032412,0.977149621423155,"Gene0088"
154.951387037237,-0.179624733634015,0.374736976583562,-0.479335493581751,0.631699975656044,0.995298543208041,"Gene0089"
139.572495285395,-0.22123395379956,0.314516666632665,-0.703409317439915,0.481800701608714,0.995298543208041,"Gene0090"
278.238785657364,-0.25248279001362,0.416839507353032,-0.605707437898362,0.544709044059953,0.995298543208041,"Gene0091"
26.5869875549369,0.464665602777926,0.451154162392121,1.02994861072358,0.303034129756114,0.977149621423155,"Gene0092"
104.920818859498,-0.738708214317808,0.343455158858441,-2.15081414637384,0.0314908720730428,0.770602674997537,"Gene0093"
268.378463275691,0.45224490858071,0.409911764603002,1.10327379605391,0.269908282530014,0.977149621423155,"Gene0094"
12.3065434680544,0.360285869549442,0.488745673389042,0.737164315033546,0.461022431439171,0.995298543208041,"Gene0095"
17.5520547439279,-0.0522858602177596,0.472019895182328,-0.110770458515447,0.91179837184413,0.995504451882279,"Gene0096"
12.4387756042644,0.2697811116381,0.486334674088028,0.55472316906869,0.579084026117059,0.995298543208041,"Gene0097"
5.11479513228181,0.263754856501325,0.66737760487535,0.39521082903372,0.692687301442594,0.995298543208041,"Gene0098"
58.5107133199513,-0.785661632770184,0.354171915742996,-2.21830585048504,0.0265339855466078,0.769267290080118,"Gene0099"
100.295174379876,0.145862513136129,0.354244085379102,0.411757088280051,0.680517476853806,0.995298543208041,"Gene0100"
192.791745552966,-0.129917944035763,0.331638366763806,-0.391745820314846,0.695246030766614,0.995298543208041,"Gene0101"
193.497980385436,-0.223020812643485,0.383895807137158,-0.580940996221416,0.561280220920233,0.995298543208041,"Gene0102"
13.289835028099,0.331771622091698,0.44875455676679,0.739316441669281,0.459714867761526,0.995298543208041,"Gene0103"
423.159256087487,0.0319060169001299,0.413108765819611,0.0772339382264816,0.938437443469299,0.99679148114792,"Gene0104"
25.263235096601,-0.363106471066312,0.419853406473977,-0.864841074211501,0.38712602349098,0.995298543208041,"Gene0105"
63.3122015965267,0.607841038532407,0.32940130242061,1.84529033147616,0.0649953161815852,0.856055940383494,"Gene0106"
24.3651195887613,-0.242163271263787,0.411442581893,-0.58857124158035,0.556148930386315,0.995298543208041,"Gene0107"
42.1626483949411,0.154819123028003,0.347783085777713,0.44516001312081,0.65620412170626,0.995298543208041,"Gene0108"
58.7089790699077,0.584159127732881,0.39574392039539,1.47610385814454,0.139916013335862,0.966311336522134,"Gene0109"
73.2808702843748,0.0267304339686221,0.410402111114295,0.0651323013325773,0.948068662281494,0.99679148114792,"Gene0110"
52.7661140244517,0.100109211192755,0.368463335446158,0.271693820150482,0.785857453421711,0.995298543208041,"Gene0111"
66.0065159796125,0.0353290488218572,0.400200857981105,0.0882782935550958,0.929655490824149,0.99679148114792,"Gene0112"
27.415907857258,0.128079326740992,0.447182431692391,0.286414039693526,0.774561022798079,0.995298543208041,"Gene0113"
32.3001031394699,0.439164747184405,0.458940389030038,0.956910216842261,0.338612573922202,0.977149621423155,"Gene0114"
8.03639716912739,-0.0105539771225262,0.545241132795035,-0.0193565314275246,0.984556686800661,0.99679148114792,"Gene0115"
40.9308038321498,0.0204705385328686,0.479220105047925,0.0427163600133627,0.965927638068268,0.99679148114792,"Gene0116"
29.509830212896,0.320306796960927,0.429882058415034,0.745103896966277,0.456208913473662,0.995298543208041,"Gene0117"
1196.1453654826,-0.671154460399766,0.413312704386767,-1.62384183519246,0.104409568886608,0.930219026465012,"Gene0118"
10.2285064659157,0.125279936542809,0.487354541219362,0.257061186358002,0.797131539706664,0.995298543208041,"Gene0119"
39.9938205668775,-0.293511463282026,0.439394458883988,-0.667990816332804,0.504139454698863,0.995298543208041,"Gene0120"
6.45407270828346,0.261868517112374,0.5808624469904,0.450827073551033,0.65211418697829,0.995298543208041,"Gene0121"
11.0825409211013,0.404461765103571,0.546196291119069,0.740506245977784,0.458992872664354,0.995298543208041,"Gene0122"
41.9720935920556,-0.714685949255393,0.358281454427485,-1.99476121474784,0.0460689293742718,0.829240728736893,"Gene0123"
17.7979275132834,0.104197890036511,0.495082481211113,0.210465718321549,0.833304205237834,0.995298543208041,"Gene0124"
39.8510359070233,0.0308452006647468,0.410415251202803,0.0751560780803073,0.94009053008598,0.99679148114792,"Gene0125"
32.4017672853422,0.163038115176177,0.439228640779637,0.371191903348521,0.710494603225917,0.995298543208041,"Gene0126"
26.797237807823,-0.64580072477817,0.499781456704326,-1.2921662380928,0.19629958099775,0.966311336522134,"Gene0127"
5.59895581490574,-0.780523637737633,0.655098467572938,-1.19146002680999,0.233473040080134,0.975521740117808,"Gene0128"
11.2166788417538,-0.0146066979540399,0.51711960458004,-0.0282462660952533,0.977465736921554,0.99679148114792,"Gene0129"
61.8206606983849,-0.325291164846894,0.404896656449696,-0.803393062563628,0.421747583539157,0.995298543208041,"Gene0130"
107.37122676521,0.172365000505514,0.341692410176102,0.504444919969632,0.613948758695201,0.995298543208041,"Gene0131"
28.1728756491996,-0.453564254598747,0.397084510194067,-1.1422360806194,0.253355902235606,0.977149621423155,"Gene0132"
55.0584365671309,0.0760492406830833,0.4112282736562,0.18493193575173,0.853282421893025,0.995298543208041,"Gene0133"
179.387175277121,-0.276970330140958,0.292762048979573,-0.946059542575079,0.344118217478088,0.977149621423155,"Gene0134"
341.178038335288,0.012529665682082,0.389294186288508,0.0321855967116761,0.974324042388196,0.99679148114792,"Gene0135"
12.8044022395602,-0.53982950750053,0.452098212455872,-1.19405362071238,0.232456993833477,0.975521740117808,"Gene0136"
41.4254056773159,-0.0631067645182847,0.34856507161481,-0.181047298359321,0.856330450684629,0.995298543208041,"Gene0137"
180.578405052753,0.286873415371322,0.301692505714769,0.950880150939323,0.341665218958468,0.977149621423155,"Gene0138"
29.9294615567226,-0.0973688307644661,0.451805252055045,-0.215510621714958,0.829369231690808,0.995298543208041,"Gene0139"
51.373051718027,0.346397861691387,0.420255127961977,0.82425612120723,0.40979404489065,0.995298543208041,"Gene0140"
38.5990751994275,-0.606854874809252,0.413267130177882,-1.46843247501451,0.141986785703518,0.966311336522134,"Gene0141"
20.330374492322,0.670674165043041,0.476212478773242,1.40835067315066,0.159027257703601,0.966311336522134,"Gene0142"
25.1041286130663,-0.150346397298216,0.402798572197038,-0.37325454377398,0.708959004502918,0.995298543208041,"Gene0143"
56.9437072912567,0.163430125824344,0.391176677388073,0.417791078229877,0.676099874494002,0.995298543208041,"Gene0144"
37.4317567043502,-0.00590801185699834,0.416155997239122,-0.0141966279380653,0.988673110232274,0.99679148114792,"Gene0145"
196.222732359672,0.126639028859836,0.300635368567882,0.421237958338365,0.673581329051715,0.995298543208041,"Gene0146"
32.5586192384667,-0.239142155442219,0.377007864948283,-0.634316091721387,0.525874556884065,0.995298543208041,"Gene0147"
24.9920661419866,-0.309025516391772,0.412297085082067,-0.749521467827649,0.453542964366874,0.995298543208041,"Gene0148"
141.068461115583,-0.239854813752101,0.362092267240919,-0.662413521226934,0.507706240565929,0.995298543208041,"Gene0149"
18.0185526970152,0.459443702008126,0.424926195465151,1.08123176897859,0.279594029656761,0.977149621423155,"Gene0150"
57.3495556734863,0.304334431041896,0.38126955908761,0.798213294998368,0.424746723489846,0.995298543208041,"Gene0151"
7.43084100241952,-0.247896730374847,0.569929564688423,-0.434960292874736,0.66359124933567,0.995298543208041,"Gene0152"
190.315098849931,0.117470312069787,0.331887046491174,0.353946661407018,0.723378856875434,0.995298543208041,"Gene0153"
46.0088177135508,-0.392392712272209,0.375331879323209,-1.04545532604308,0.295812577628435,0.977149621423155,"Gene0154"
36.880993852314,0.737148459548904,0.389999882509262,1.8901248246694,0.0587412677263957,0.856055940383494,"Gene0155"
9.13718110589616,0.257595650784867,0.55344944353057,0.465436642490071,0.641618798776755,0.995298543208041,"Gene0156"
51.2862901845906,-0.196459763804341,0.40640031505354,-0.483414398383177,0.628801526799581,0.995298543208041,"Gene0157"
18.4148787765836,-0.223577049902319,0.421489846301428,-0.530444687729032,0.595803649366458,0.995298543208041,"Gene0158"
21.8277835167844,-0.126709131848058,0.429804364933775,-0.294806526377603,0.768141680572428,0.995298543208041,"Gene0159"
289.602777583172,0.453842105983141,0.323271038711617,1.40390586113717,0.160346884116919,0.966311336522134,"Gene0160"
38.1549072891122,-0.525017418937408,0.510256654999059,-1.02892811645617,0.303513454985389,0.977149621423155,"Gene0161"
13.8961641916537,-0.114076733639498,0.490060482882799,-0.232780927301948,0.815931523934439,0.995298543208041,"Gene0162"
61.3916779034834,0.265554098908996,0.39536813067609,0.671662884044022,0.50179833517153,0.995298543208041,"Gene0163"
35.0048404079033,0.200387624577863,0.40600551388409,0.493558874757232,0.621617750848438,0.995298543208041,"Gene0164"
77.1041320909305,-0.335510474494509,0.325147526890178,-1.03187152522255,0.30213230685984,0.977149621423155,"Gene0165"
334.200556981657,0.226478878408629,0.284869651833784,0.795026346087492,0.426598176845484,0.995298543208041,"Gene0166"
17.1945747219052,-0.446106155350135,0.42937398532708,-1.03896875589775,0.298819267422251,0.977149621423155,"Gene0167"
106.198347199477,0.0942189975720221,0.372180414019492,0.253154099525204,0.800149134652939,0.995298543208041,"Gene0168"
56.0917108808218,-0.0625602581144198,0.326943759864,-0.191348683762746,0.848252421544395,0.995298543208041,"Gene0169"
170.660403159954,-0.358744804041746,0.34263597832044,-1.04701440228277,0.295092935724786,0.977149621423155,"Gene0170"
34.4769657390259,0.347168278274615,0.39042043991941,0.889216451746935,0.373886762763413,0.993108616838184,"Gene0171"
147.672012908571,0.416458412867336,0.372731014332073,1.117316233031,0.263859137120664,0.977149621423155,"Gene0172"
5.3721023980655,-0.680781275745195,0.645043430910229,-1.05540378077262,0.291240694487117,0.977149621423155,"Gene0173"
550.3926602605,0.0677036492282999,0.362344335947792,0.186848923831543,0.851779086673556,0.995298543208041,"Gene0174"
122.664821051247,0.330334184625066,0.390973930451613,0.844900794903378,0.398166230615183,0.995298543208041,"Gene0175"
43.1372555612807,-0.487995697361726,0.380852348769331,-1.28132516167647,0.200079478531441,0.966311336522134,"Gene0176"
10.8406018101345,0.151401500292433,0.49663282130686,0.304856009906935,0.760475820865976,0.995298543208041,"Gene0177"
86.2133322322468,0.312367782680619,0.375418365594673,0.832052481465098,0.405379321987597,0.995298543208041,"Gene0178"
80.6863117970977,-0.107514792466226,0.369274064627324,-0.29115175628359,0.770935257812307,0.995298543208041,"Gene0179"
46.8380805432391,-0.0326326202888729,0.441855012077518,-0.0738536836675012,0.941126810228135,0.99679148114792,"Gene0180"
76.1928748996848,0.453027735459806,0.33782452351953,1.3410149468726,0.179915599777962,0.966311336522134,"Gene0181"
27.4089017700777,0.681808488451117,0.415307231151448,1.64169664602465,0.100652887095663,0.930219026465012,"Gene0182"
78.7817087968975,-0.271080293919025,0.39638069184362,-0.683888745080379,0.494045421593397,0.995298543208041,"Gene0183"
75.7940892152157,0.340081604691163,0.392462847196759,0.866531971421655,0.386198501410881,0.995298543208041,"Gene0184"
31.431718814241,0.188199319279999,0.419461729112891,0.448668629860504,0.65367071758701,0.995298543208041,"Gene0185"
7.67925609318904,-0.0574825104199469,0.557672369587609,-0.103075772720198,0.917902833155343,0.996722750350204,"Gene0186"
115.792546891421,-0.0227574243429895,0.309565456719956,-0.0735140948351246,0.941397028366876,0.99679148114792,"Gene0187"
117.896461856988,-0.297217049805791,0.389038793053039,-0.763977924857664,0.444880397853588,0.995298543208041,"Gene0188"
15.8301713255118,0.164333264751577,0.491005922892973,0.33468692960634,0.737861262063135,0.995298543208041,"Gene0189"
7.9351136200728,-0.597460718088138,0.53847589266299,-1.1095403271137,0.267197157571309,0.977149621423155,"Gene0190"
68.9500564260138,-0.769581180776503,0.325631502624455,-2.36334990495084,0.0181105611549391,0.769267290080118,"Gene0191"
44.123087416187,-0.527331078822582,0.349063973215108,-1.51070038527757,0.130864804221195,0.966311336522134,"Gene0192"
51.2262875702935,0.856704517109027,0.36671442293099,2.33616259284748,0.0194827690833106,0.769267290080118,"Gene0193"
11.9440136732732,-0.366844417398727,0.511863610848249,-0.716683916621462,0.473569152032679,0.995298543208041,"Gene0194"
17.6623288063284,0.170395408248848,0.496762606627939,0.343011744393373,0.731589624828398,0.995298543208041,"Gene0195"
205.339552405002,0.369132598186661,0.355598525157463,1.03805998076962,0.299242131282227,0.977149621423155,"Gene0196"
87.962044639757,0.0835490233618246,0.34935258104292,0.239153874611162,0.810986267650379,0.995298543208041,"Gene0197"
118.953196969274,-0.500599256588012,0.295191574718614,-1.69584534065784,0.0899151733006411,0.907325839670106,"Gene0198"
550.409453170354,-0.2930245983189,0.389064335136205,-0.753152041593112,0.451358554634718,0.995298543208041,"Gene0199"
66.2965370239496,-0.360508170004755,0.403297778642919,-0.893900708349674,0.371375018754716,0.993108616838184,"Gene0200"
3.78435241416824,-0.294463908120175,0.731218825416888,-0.402702854309438,0.687166833889474,0.995298543208041,"Gene0201"
82.3220113701252,-0.152642904376245,0.366685260346619,-0.416277720658735,0.677206793474605,0.995298543208041,"Gene0202"
259.312809998653,0.39943738508594,0.392613069584617,1.01738178382228,0.308971844290844,0.977149621423155,"Gene0203"
543.03149677658,0.344714625642801,0.30947568521433,1.11386658827192,0.265336425052447,0.977149621423155,"Gene0204"
10.8489458316787,0.478236510327154,0.49444913974449,0.967210723785032,0.333438702380711,0.977149621423155,"Gene0205"
14.1291538006428,0.593019154510833,0.459488042821679,1.29060845820742,0.196839481576721,0.966311336522134,"Gene0206"
21.9420158696752,-0.62944212137533,0.440626955165834,-1.42851478784005,0.153143741310951,0.966311336522134,"Gene0207"
16.0711939569866,-0.142433879820242,0.460359907251159,-0.309396794935347,0.757019708144424,0.995298543208041,"Gene0208"
26.2174933762805,0.189331138461153,0.434945657206066,0.43529837653133,0.663345863148397,0.995298543208041,"Gene0209"
32.858700432488,0.29002476253898,0.417002784968947,0.695498382728013,0.486743024365907,0.995298543208041,"Gene0210"
11.9703735944134,-0.193788299078153,0.579723237130359,-0.334277266575356,0.738170343394418,0.995298543208041,"Gene0211"
563.727464007339,-0.361500693666756,0.402942073089309,-0.897153009848719,0.369637275516869,0.993108616838184,"Gene0212"
57.6781353289103,0.34797090176012,0.332760022887925,1.04571125683964,0.2956943639856,0.977149621423155,"Gene0213"
57.6565478668469,0.237367813717638,0.320520883679932,0.740568948245725,0.458954841410208,0.995298543208041,"Gene0214"
82.0199260127473,-0.490903177641919,0.305462420603022,-1.60708206486681,0.108036367091752,0.938656212465067,"Gene0215"
59.6582225722315,-0.0118758387333634,0.411535845050867,-0.0288573617005234,0.976978351880631,0.99679148114792,"Gene0216"
46.1590200967649,0.298670504540716,0.406113353340867,0.735436306350728,0.462073817352999,0.995298543208041,"Gene0217"
351.212786623183,0.214896717610323,0.355736861860033,0.604088978821866,0.545784486518386,0.995298543208041,"Gene0218"
46.5765740352006,0.409874266058401,0.372838281018987,1.09933525317785,0.271621860874971,0.977149621423155,"Gene0219"
9.64133637000569,-0.419655426229471,0.532394956085519,-0.788240800241656,0.43055586799837,0.995298543208041,"Gene0220"
98.3389374671867,0.262603747234503,0.315940509578986,0.831180995385625,0.405871389205811,0.995298543208041,"Gene0221"
34.4198731330552,0.412776503534457,0.428888194087514,0.962433821272848,0.335831731313163,0.977149621423155,"Gene0222"
25.0177403981866,-0.0855982625035598,0.444778658540458,-0.192451370721002,0.847388656357081,0.995298543208041,"Gene0223"
16.1919025770514,-0.0764941191630719,0.494683484858529,-0.154632449848104,0.877111086402103,0.995298543208041,"Gene0224"
77.8073264190666,-0.787059824168104,0.335132225034958,-2.34850535213678,0.0188489283051848,0.769267290080118,"Gene0225"
39.9589844971412,-0.00942001719858508,0.418139427546012,-0.0225284117641561,0.982026448437612,0.99679148114792,"Gene0226"
104.5633397701,-0.479130077815039,0.351744549556256,-1.36215352425357,0.173149439558671,0.966311336522134,"Gene0227"
35.902256733179,-0.410149347359994,0.407730146316338,-1.005933338669,0.31444763776013,0.977149621423155,"Gene0228"
23.1833163025553,-0.285592940909963,0.417367521691337,-0.684272076927856,0.493803375858308,0.995298543208041,"Gene0229"
241.80376802268,0.26158886773329,0.328941714275104,0.795243827040176,0.426471682195265,0.995298543208041,"Gene0230"
41.3376801034418,-0.485883673339863,0.445931983646424,-1.08959144254859,0.275893154321671,0.977149621423155,"Gene0231"
190.19069959626,0.0591053486429942,0.353940063117364,0.166992535748617,0.867375922067697,0.995298543208041,"Gene0232"
11.9391957672965,-0.0139781674193974,0.551534890278028,-0.0253441217696146,0.979780481138171,0.99679148114792,"Gene0233"
25.7640070039383,-0.52539027040517,0.386035846851432,-1.36098829860059,0.173517387352322,0.966311336522134,"Gene0234"
30.4599632561835,1.02038121991864,0.377253489612902,2.70476283987632,0.00683531702984534,0.71908745615312,"Gene0235"
39.3368392707698,-0.415695294150936,0.437797325644747,-0.94951538029324,0.342358553350905,0.977149621423155,"Gene0236"
255.665340901698,-0.452297143424793,0.338180354169238,-1.33744357958312,0.181077887312809,0.966311336522134,"Gene0237"
56.9741653056844,-0.31946725778597,0.474744598770009,-0.672924470575676,0.50099534331168,0.995298543208041,"Gene0238"
75.9366058939509,0.483013852145197,0.445938672250428,1.0831396382549,0.27874644725737,0.977149621423155,"Gene0239"
14.625124111471,0.471802886011944,0.432054250482581,1.09199917715187,0.274833462855613,0.977149621423155,"Gene0240"
20.1164546388192,-0.59774435253339,0.462952023637037,-1.29115831017953,0.196648788005544,0.966311336522134,"Gene0241"
182.021653973863,0.535677429189611,0.319857412188793,1.67473820764057,0.0939856074521855,0.927316529217752,"Gene0242"
252.483929909997,0.215396109028662,0.339725680819991,0.634029516134204,0.526061559649216,0.995298543208041,"Gene0243"
224.565599483061,0.17486137860739,0.274628238021743,0.636720316406595,0.52430703761658,0.995298543208041,"Gene0244"
10.617187881715,-0.583800453282881,0.476721855773059,-1.22461440819864,0.220720536640239,0.972952680885552,"Gene0245"
806.654524428073,0.309535902899831,0.399885836508938,0.774060680923648,0.438894907794207,0.995298543208041,"Gene0246"
224.948387445674,0.382055770267427,0.327866627796852,1.16527800598282,0.243906478930964,0.977149621423155,"Gene0247"
40.1914932026658,-0.967555091732513,0.408682957496054,-2.36749557079795,0.017908934394656,0.769267290080118,"Gene0248"
107.453871969451,-0.579286811258969,0.389775777106503,-1.48620526282905,0.137224835920367,0.966311336522134,"Gene0249"
17.4484711313018,-0.0731163043625266,0.468424009358417,-0.156090001583547,0.87596207934549,0.995298543208041,"Gene0250"
11.957836259942,-0.307886113693999,0.491896215596417,-0.625916817271489,0.531369503259263,0.995298543208041,"Gene0251"
51.2413449952371,0.0677227382600067,0.341605984411475,0.19824810263989,0.842850953808618,0.995298543208041,"Gene0252"
11.8163739650761,0.0186012299485801,0.534615243866574,0.0347936766898896,0.972244262850804,0.99679148114792,"Gene0253"
64.4880355620982,-0.879151541549448,0.413193286536091,-2.12770044963607,0.0333619276212647,0.770602674997537,"Gene0254"
266.145311880453,-0.0301666185673998,0.355844216523475,-0.0847747895472952,0.932440436400042,0.99679148114792,"Gene0255"
14.1033130748262,1.082165200142,0.481185775288484,2.24895509326562,0.0245153532832289,0.769267290080118,"Gene0256"
28.1621004232942,-0.198474746673547,0.410946542918136,-0.482969744103881,0.629117219234358,0.995298543208041,"Gene0257"
48.3893614589104,0.169048016827217,0.37843228604569,0.446706116419484,0.655087265049475,0.995298543208041,"Gene0258"
13.7512328445114,0.583931980817778,0.442310297680009,1.32018626715362,0.18677283585686,0.966311336522134,"Gene0259"
34.8718896535104,0.227952108051192,0.375710935625696,0.606722047287681,0.544035388162625,0.995298543208041,"Gene0260"
118.933976385054,-0.523103704222498,0.292384193574202,-1.78909707063129,0.073599183866197,0.871907922324238,"Gene0261"
178.772050503596,-0.488455303414266,0.354079794826197,-1.37950628799372,0.167738708855337,0.966311336522134,"Gene0262"
83.5842365131839,-0.641438882487433,0.338889265175308,-1.892768371272,0.0583886794621063,0.856055940383494,"Gene0263"
6.57834286608766,0.527529357711946,0.593711664597413,0.888527864901653,0.374256873864376,0.993108616838184,"Gene0264"
48.1241477375133,-0.221735606284957,0.384565004554274,-0.576588102554879,0.564217738180097,0.995298543208041,"Gene0265"
213.589925018577,-0.135439940846736,0.278804959471934,-0.485787416060543,0.627117897307586,0.995298543208041,"Gene0266"
144.963712243829,-0.0543546507046472,0.31302532407454,-0.173642981970698,0.862146050390052,0.995298543208041,"Gene0267"
38.5076191240915,-0.453448997254025,0.51246208014672,-0.884844000797486,0.376240774221355,0.993108616838184,"Gene0268"
2.44378231362253,-0.602471714571106,0.980184536763637,-0.614651315108827,0.538785017930769,0.995298543208041,"Gene0269"
65.1443669763501,0.975224774660969,0.379392048711963,2.5704934459535,0.0101553748345869,0.76781299682498,"Gene0270"
85.7424721358584,0.837547402306814,0.323726703669333,2.58720517280007,0.00967579591089072,0.76781299682498,"Gene0271"
36.2359061035065,-0.102557550803442,0.390471231296472,-0.262650721956961,0.792819801661263,0.995298543208041,"Gene0272"
57.4448412723113,0.0657109613396289,0.385746157882735,0.170347675529162,0.864736719477674,0.995298543208041,"Gene0273"
83.2816707446836,-0.895548558512173,0.374081752017083,-2.39399156383142,0.0166661321166396,0.769267290080118,"Gene0274"
32.891403029775,-0.161089993845989,0.372820154863441,-0.432084992575023,0.66567964166094,0.995298543208041,"Gene0275"
295.986785885398,-0.257073614817585,0.330359475277245,-0.778163285923138,0.43647275773304,0.995298543208041,"Gene0276"
78.4010671070818,0.100371928750116,0.340898826277106,0.294433189595458,0.768426908647933,0.995298543208041,"Gene0277"
9.3824657545622,-0.198886630384171,0.512421243836642,-0.388131118247657,0.697919004518272,0.995298543208041,"Gene0278"
357.451161951701,-0.292912739697043,0.363446729690834,-0.805930321470244,0.420283026753689,0.995298543208041,"Gene0279"
201.521887154739,-0.420571144963254,0.376079969637349,-1.11830243277462,0.263437848263925,0.977149621423155,"Gene0280"
115.156119446038,0.489116670748959,0.362468449157229,1.34940481547069,0.177206974934616,0.966311336522134,"Gene0281"
6.81621227103603,0.298025897738776,0.597481015847679,0.498803961688975,0.617917496354958,0.995298543208041,"Gene0282"
24.0093252280491,0.0583097591730023,0.424796619898294,0.137265120393291,0.890821239319942,0.995298543208041,"Gene0283"
126.56108489514,-0.119565305354236,0.370979927766683,-0.322295888281679,0.747228547769045,0.995298543208041,"Gene0284"
57.5615640368052,0.0489044919539212,0.387303431863115,0.126269193429728,0.89951884112676,0.995298543208041,"Gene0285"
93.9379146336842,-0.141271761169748,0.35976990148081,-0.392672540388382,0.694561354484184,0.995298543208041,"Gene0286"
848.591216965657,-0.636486557372999,0.319568210161631,-1.99170798951209,0.0464031066032086,0.830926018867413,"Gene0287"
21.5811756200276,0.428955384653494,0.396719222166941,1.08125687056572,0.279582866764523,0.977149621423155,"Gene0288"
4.39334370502077,0.309372194546623,0.694128196532344,0.445698930099877,0.655814737527663,0.995298543208041,"Gene0289"
70.4988967867116,0.175054742026441,0.410281196145349,0.426670156154135,0.669619590631942,0.995298543208041,"Gene0290"
26.4807198542577,-0.6472579713473,0.365216637227972,-1.77225762840392,0.0763518013474768,0.871907922324238,"Gene0291"
86.3991560886687,0.00822372784488098,0.325895188999868,0.0252342720066491,0.979868100545314,0.99679148114792,"Gene0292"
17.4229786064672,-0.0728684969296059,0.484828899754851,-0.150297346066728,0.880530026739657,0.995298543208041,"Gene0293"
844.005852517147,-0.213172068547525,0.336466826132329,-0.633560434465199,0.52636772872792,0.995298543208041,"Gene0294"
45.1895272118438,-0.778277387237993,0.379549690068604,-2.05052831711526,0.040312903405217,0.783187444021602,"Gene0295"
28.0564290760986,-0.215599171644574,0.38910550597592,-0.554089233725509,0.579517777918554,0.995298543208041,"Gene0296"
37.6137321111292,-0.546623845488485,0.388511962601615,-1.40696786227146,0.159436918705929,0.966311336522134,"Gene0297"
115.431850038508,0.583523417270327,0.392774034103714,1.48564662275064,0.137372616131231,0.966311336522134,"Gene0298"
55.115680818178,-0.139798591873231,0.34577553011331,-0.404304468356737,0.685988840049664,0.995298543208041,"Gene0299"
5.71327419210847,0.422471355625364,0.639010667741269,0.661133494247736,0.508526706962935,0.995298543208041,"Gene0300"
57.832753611313,-0.905211694280418,0.400892737259491,-2.25798975673258,0.0239462980576323,0.769267290080118,"Gene0301"
99.2294129112863,0.332616331958743,0.375063292915235,0.886827205545584,0.375171938067252,0.993108616838184,"Gene0302"
64.7444479136093,0.426393508717552,0.364253383929926,1.17059587509441,0.241761256149098,0.977149621423155,"Gene0303"
136.628689048078,-0.271618892029812,0.352270044794542,-0.771053048771806,0.440675488498298,0.995298543208041,"Gene0304"
51.9068900977839,0.204528039651432,0.346044841327262,0.59104490292923,0.55449033501784,0.995298543208041,"Gene0305"
49.4588502978359,0.274839752155095,0.353079941959101,0.778406585857352,0.436329357449552,0.995298543208041,"Gene0306"
100.141783871034,-0.207183977528135,0.288955620268947,-0.717009682439463,0.473368122313901,0.995298543208041,"Gene0307"
200.024794509382,0.108503096602759,0.344831626293347,0.314655293567696,0.753023391747266,0.995298543208041,"Gene0308"
8.91548570598173,-0.781602204297373,0.534652176497704,-1.46188912839997,0.143771594611137,0.966311336522134,"Gene0309"
51.6015344410864,-1.01149928293072,0.350814647778966,-2.88328691328767,0.00393548807400662,0.619665196241461,"Gene0310"
44.4276740393669,0.347121603104305,0.397446218131488,0.873380063184966,0.382455954114301,0.995298543208041,"Gene0311"
21.8372926901716,-0.651068818740172,0.444876646941305,-1.46348167119249,0.14333562535093,0.966311336522134,"Gene0312"
13.1938322929714,-0.336693744404932,0.526168395542345,-0.639897316633561,0.522239358554357,0.995298543208041,"Gene0313"
24.9504500785712,0.481194897047674,0.906261239980309,0.530967094055715,0.595441582120618,0.995298543208041,"Gene0314"
84.5559177374391,0.0663526186121143,0.385261336726277,0.172227556432056,0.863258634662401,0.995298543208041,"Gene0315"
31.4238685849719,0.0999184000210432,0.411652252493706,0.242725260011958,0.808218237868154,0.995298543208041,"Gene0316"
23.0277904699246,0.249252715147274,0.437202677430374,0.570107933950081,0.568604494291263,0.995298543208041,"Gene0317"
60.4259273937893,0.0683775265376823,0.37599186553718,0.181859058147418,0.85569333550066,0.995298543208041,"Gene0318"
12.0731912504862,-0.158902983739599,0.460473274269748,-0.34508622458404,0.73002954927901,0.995298543208041,"Gene0319"
158.645395844107,1.23938607264278,0.35636871681388,3.47781950032969,0.000505510203530079,0.404003754661239,"Gene0320"
32.5812276900072,-0.264803576477658,0.387314874105925,-0.683690697624067,0.494170498791974,0.995298543208041,"Gene0321"
70.5595814653094,-0.0874217601712758,0.347879414696058,-0.251299032015608,0.801582923496763,0.995298543208041,"Gene0322"
48.8648324191641,0.621101252575404,0.341497308760829,1.81875885004528,0.0689482289225761,0.862252727812623,"Gene0323"
43.8841084676128,1.06611143600079,0.444338674849805,2.39932172539596,0.0164254758692143,0.769267290080118,"Gene0324"
344.393921418026,0.061948220333145,0.349647916796583,0.17717314291675,0.859372390762018,0.995298543208041,"Gene0325"
18.7812820366805,0.135226309967649,0.438802035429408,0.308171564963953,0.757951788093229,0.995298543208041,"Gene0326"
224.698993460597,-0.40851536546371,0.41882545791591,-0.975383319573018,0.329370154628911,0.977149621423155,"Gene0327"
48.782878534993,-0.329901782593482,0.383022205962761,-0.861312418595272,0.389065997805522,0.995298543208041,"Gene0328"
18.0165989816612,-0.127656978893392,0.469281056896423,-0.272026703437911,0.785601486920198,0.995298543208041,"Gene0329"
45.7887411744727,0.0657125526177214,0.4079251823076,0.161089718085044,0.872022738263274,0.995298543208041,"Gene0330"
153.188142568123,0.63112974186763,0.373369128954782,1.69036402027781,0.0909583340349054,0.913239956792668,"Gene0331"
35.2287682363493,-0.401446079963411,0.438019060916582,-0.916503677085102,0.359402779727833,0.991832533005816,"Gene0332"
21.0657348504013,0.974292443962784,0.411662223641134,2.36672783658702,0.0179461245262091,0.769267290080118,"Gene0333"
51.62512272945,0.00431905511191631,0.403850226560328,0.0106946952802344,0.991467030415596,0.99679148114792,"Gene0334"
172.113195359327,-0.342259568155505,0.313183893092182,-1.09283898599078,0.274464501016607,0.977149621423155,"Gene0335"
48.9265763732811,-0.471204811344795,0.350765057080943,-1.34336303412361,0.179154450477585,0.966311336522134,"Gene0336"
11.2134935612188,-0.986534178040845,0.530946254055979,-1.85806787505244,0.0631593761293873,0.856055940383494,"Gene0337"
11.3409769999849,0.264862221080784,0.513931592479975,0.515364739113805,0.606298167605908,0.995298543208041,"Gene0338"
20.3678418117962,-0.131177041265028,0.481387629348416,-0.272497740422999,0.785239328443998,0.995298543208041,"Gene0339"
31.8950183693041,0.799627110461448,0.444076153078868,1.80065311978019,0.0717575710086957,0.871560041795587,"Gene0340"
64.9774410672866,0.122052354548588,0.329865752387138,0.370006142393784,0.711377913727145,0.995298543208041,"Gene0341"
110.250225892334,0.41871301717431,0.335470539426937,1.24813647687087,0.211981082006341,0.972722569207905,"Gene0342"
26.3046234144372,0.0942514437809795,0.39835824988408,0.236599703428776,0.812967350300201,0.995298543208041,"Gene0343"
14.1653441962733,-0.726008681593342,0.480370565992527,-1.5113513045773,0.130698968977278,0.966311336522134,"Gene0344"
123.35007700618,-0.0562356782538148,0.307216482510353,-0.183049027169041,0.854759550326992,0.995298543208041,"Gene0345"
65.94114760502,0.0261401141630531,0.425984094430361,0.0613640614868695,0.951069273177239,0.99679148114792,"Gene0346"
200.31584132357,-0.594322930218651,0.334050240095825,-1.77914235310283,0.0752164265472934,0.871907922324238,"Gene0347"
7.43149531727351,-0.73491378877046,0.580532048139482,-1.26593146946107,0.205537618550409,0.970837262089164,"Gene0348"
59.9633543959517,-0.235573234248844,0.384094338071583,-0.613321288284497,0.539663919931332,0.995298543208041,"Gene0349"
268.837129884988,-0.457823056689006,0.323632390057168,-1.41463917319318,0.157174317088884,0.966311336522134,"Gene0350"
115.569161913982,0.112878563660322,0.393480109568896,0.286872349873019,0.774210062649064,0.995298543208041,"Gene0351"
18.6573508853256,0.00672629298402126,0.422408260631907,0.015923677661888,0.987295280353532,0.99679148114792,"Gene0352"
128.17979626283,0.135000827660662,0.342437147944162,0.394235346460353,0.693407291751077,0.995298543208041,"Gene0353"
19.3877077098047,0.183924791096945,0.498891054284289,0.368667246120106,0.712375765422246,0.995298543208041,"Gene0354"
34.9904447783685,-0.18318895981847,0.402829619818992,-0.454755437052479,0.649285193171713,0.995298543208041,"Gene0355"
225.643047775368,0.507387413990564,0.409495371497533,1.23905530881836,0.215325016070715,0.972722569207905,"Gene0356"
36.586473774288,-0.261557867826851,0.431570016429034,-0.60606125974894,0.544474074902303,0.995298543208041,"Gene0357"
135.062574862453,0.225325621973964,0.325706661554753,0.691805383710538,0.489059555242541,0.995298543208041,"Gene0358"
38.9090641810233,-0.129379245691601,0.413796564245706,-0.312663895427555,0.754536028471146,0.995298543208041,"Gene0359"
12.574369049295,-0.324525590157985,0.50842524991689,-0.638295580738828,0.523281288201688,0.995298543208041,"Gene0360"
22.1665776102564,0.114436745155245,0.448527241725795,0.255138895722202,0.798615823560151,0.995298543208041,"Gene0361"
12.8989224738511,0.484439211985051,0.880831986617791,0.549979132621189,0.582333686337493,0.995298543208041,"Gene0362"
26.9670795367377,-0.475750777225545,0.393936090015936,-1.20768517859407,0.227168381197753,0.972952680885552,"Gene0363"
37.1671200563828,-0.305138440299518,0.352133819818778,-0.866541136141239,0.386193477909723,0.995298543208041,"Gene0364"
45.1293759753694,-0.0940033229834403,0.414022873291886,-0.22704862230442,0.820385934158211,0.995298543208041,"Gene0365"
32.8378355271638,-0.679036799304031,0.381886582282953,-1.77811117438242,0.0753855975369456,0.871907922324238,"Gene0366"
512.329910507753,0.0814016017828894,0.281968410474583,0.28869050134333,0.772818232192775,0.995298543208041,"Gene0367"
9.75576345484093,-0.0124132948993742,0.502641976869664,-0.0246960967658955,0.98029736846204,0.99679148114792,"Gene0368"
26.2102988540993,0.354007988476055,0.462566199315705,0.765313135719289,0.444085103954954,0.995298543208041,"Gene0369"
70.0919174714237,-0.408108892766165,0.367696382194188,-1.10990728364206,0.267038981533486,0.977149621423155,"Gene0370"
379.495989840559,-0.465646744298977,0.33170245423617,-1.40380855900282,0.160375864583572,0.966311336522134,"Gene0371"
62.16005683892,0.135402798633602,0.316841542703245,0.427351784359986,0.669123120262096,0.995298543208041,"Gene0372"
264.131266279724,-0.249154893303271,0.388522639840867,-0.641287965626201,0.521335606585287,0.995298543208041,"Gene0373"
7.69313023905248,-0.714760886480352,0.551595531697469,-1.29580615760386,0.195042276114412,0.966311336522134,"Gene0374"
290.567113620818,0.556293908672902,0.341039199477332,1.63117292535715,0.102853836482131,0.930219026465012,"Gene0375"
19.1652994620449,-0.628025764870295,0.449267562584726,-1.39788806754073,0.162146682460476,0.966311336522134,"Gene0376"
41.8589360290065,-0.243052362501421,0.38915336807228,-0.624567027918609,0.532255265616307,0.995298543208041,"Gene0377"
16.467325853715,0.0069347791892896,0.438182674246297,0.0158262286413261,0.987373023625654,0.99679148114792,"Gene0378"
55.1999650334119,0.378390454398795,0.482533141856709,0.784175057785275,0.432937398390483,0.995298543208041,"Gene0379"
444.840924165325,0.808781377218412,0.315166051998157,2.56620715362815,0.0102817403569852,0.76781299682498,"Gene0380"
1050.58143243351,-0.0977046692148457,0.398845367517082,-0.244968795358169,0.806480593012931,0.995298543208041,"Gene0381"
14.4971330168615,-1.04693823568834,0.510455199313714,-2.05098946410166,0.0402679727863618,0.783187444021602,"Gene0382"
100.398181930141,-0.0307481772456664,0.445468440629163,-0.0690243672531299,0.944970223489386,0.99679148114792,"Gene0383"
252.79895688797,0.0529494629295123,0.350361149345882,0.151128237329875,0.879874558151161,0.995298543208041,"Gene0384"
38.2393895561318,0.780554066788219,0.381892709202276,2.04390931793041,0.0409625064565853,0.783187444021602,"Gene0385"
38.1564140715545,-0.0751797090225627,0.401025258605912,-0.187468762650788,0.851293113273073,0.995298543208041,"Gene0386"
40.9262552019982,0.143132947678108,0.359643629550902,0.39798549429846,0.690640878340916,0.995298543208041,"Gene0387"
139.38872540069,-0.2288958034475,0.373797582723159,-0.612352283768041,0.540304704575925,0.995298543208041,"Gene0388"
257.411612251504,-0.720696138152232,0.392737644315057,-1.83505744505124,0.0664971783474217,0.856055940383494,"Gene0389"
158.16351757029,-0.420470553563205,0.289120554644848,-1.45430875393728,0.145860724550034,0.966311336522134,"Gene0390"
71.9591402579854,0.589408773594768,0.355588866569267,1.6575568838288,0.0974069383917493,0.929793156696703,"Gene0391"
45.5240472442544,0.239441415538298,0.397110693286396,0.602958871635354,0.546536050100002,0.995298543208041,"Gene0392"
121.907838798831,-0.519741448714856,0.430087799122045,-1.2084542964851,0.226872565482928,0.972952680885552,"Gene0393"
27.0627758122803,-0.0655281717204629,0.390796161138154,-0.167678647429951,0.866836095215837,0.995298543208041,"Gene0394"
37.7126879868872,-0.0615113601488347,0.365095674996584,-0.168480111821128,0.866205588488145,0.995298543208041,"Gene0395"
180.156405595124,-0.207705121767384,0.356574999311168,-0.582500517895615,0.560229592778152,0.995298543208041,"Gene0396"
91.8426988034961,-0.331005664197887,0.401117610965384,-0.825208505309065,0.409253225509108,0.995298543208041,"Gene0397"
73.3373873335613,0.103325033680618,0.348519919552353,0.296468086568282,0.766872635293673,0.995298543208041,"Gene0398"
38.737999034788,0.259837145312156,0.344491808129888,0.754262189056716,0.450691801707783,0.995298543208041,"Gene0399"
171.512697703205,-0.596942760357846,0.443317336821476,-1.3465360155726,0.178129713430194,0.966311336522134,"Gene0400"
243.722397795502,-0.271597401050365,0.367796451394593,-0.738444865415464,0.460244159452837,0.995298543208041,"Gene0401"
19.8702353008172,0.0759305224729909,0.409280827188721,0.185521816388382,0.852819770267954,0.995298543208041,"Gene0402"
52.0619043160583,0.952868036004191,0.407450507738652,2.33861050092342,0.019355600845214,0.769267290080118,"Gene0403"
57.638949953699,0.0915869442992585,0.347872509340497,0.263277326722053,0.792336834058563,0.995298543208041,"Gene0404"
21.6442863895376,1.11384148950783,0.463862656979444,2.40123121089522,0.0163400084773426,0.769267290080118,"Gene0405"
18.2150282855103,-0.345250889411833,0.464075888327512,-0.743953517292368,0.456904596714504,0.995298543208041,"Gene0406"
43.9384021947809,-0.924000428524492,0.424534069415549,-2.1765047733308,0.0295175371450602,0.769267290080118,"Gene0407"
101.047614158311,0.380809646505259,0.330493103003877,1.15224687911503,0.249219638831441,0.977149621423155,"Gene0408"
342.585535684131,0.243449788650053,0.354335505624956,0.68706010203711,0.492044855092541,0.995298543208041,"Gene0409"
4.75514366283192,-0.0826252768185928,0.73331307976586,-0.112673943910798,0.910289059422158,0.995504451882279,"Gene0410"
21.344581102812,-0.295076363673701,0.402388759393544,-0.733311646474475,0.463368373280761,0.995298543208041,"Gene0411"
35.0457961913203,1.10326011937056,0.365576316684882,3.01786540598455,0.00254561938014169,0.619665196241461,"Gene0412"
6.58375018821398,-0.120449305686797,0.575257437971463,-0.209383308647931,0.834149021754736,0.995298543208041,"Gene0413"
22.6522904455563,0.331302210036522,0.429645520353617,0.771105933477083,0.440644143928862,0.995298543208041,"Gene0414"
17.3053534728649,0.23080331132922,0.430931252093387,0.535591953955576,0.592240590757482,0.995298543208041,"Gene0415"
22.8297656162101,-0.151655761154957,0.462370981836764,-0.327995845570813,0.742914803784131,0.995298543208041,"Gene0416"
4.01958411275537,0.987091862932648,0.718222605642658,1.37435365467146,0.169331916665016,0.966311336522134,"Gene0417"
71.3725401167384,0.0593921358270986,0.371183287055168,0.160007570109888,0.872875110967189,0.995298543208041,"Gene0418"
27.8144491402256,-0.369144276193949,0.355900597519306,-1.0372117348691,0.299637190287319,0.977149621423155,"Gene0419"
360.52728763672,-0.103130269167363,0.412395304604717,-0.250076244845256,0.802528386294696,0.995298543208041,"Gene0420"
139.812063536456,-0.181191393094258,0.355909387478858,-0.509094166854538,0.61068622030663,0.995298543208041,"Gene0421"
8.78290159455715,-0.749437740278943,0.560672996989336,-1.33667528898881,0.18132865143396,0.966311336522134,"Gene0422"
66.3276614056593,0.019993312734881,0.407833398247799,0.0490232355191594,0.960900778932726,0.99679148114792,"Gene0423"
28.7469565131057,0.109888203366369,0.404413708696896,0.271722251257138,0.785835590768035,0.995298543208041,"Gene0424"
147.712755889345,-0.145795288474162,0.320332277667945,-0.455137676214112,0.64901019431284,0.995298543208041,"Gene0425"
69.8672817851521,0.333339926050122,0.393057650405763,0.848068790178761,0.396399661593864,0.995298543208041,"Gene0426"
25.2401664853742,-0.333227622569756,0.37999330139272,-0.876930254687223,0.380524521925154,0.995298543208041,"Gene0427"
93.2820962215866,0.169173702317934,0.367254013787852,0.460644937745075,0.645053365404049,0.995298543208041,"Gene0428"
58.2415447714305,0.0338959806322822,0.375807969276186,0.0901949490256062,0.928132298062659,0.99679148114792,"Gene0429"
30.9380480910432,0.515529347206916,0.389094041726619,1.32494793525811,0.185188420410883,0.966311336522134,"Gene0430"
629.138959273243,-0.403100619162265,0.306504188551543,-1.31515533626869,0.188457702279966,0.966311336522134,"Gene0431"
34.9755041306506,0.038910946601888,0.462467327248887,0.0841377202436339,0.932946934538147,0.99679148114792,"Gene0432"
20.6885409099483,0.609901232072472,0.435796424410621,1.39950949092185,0.161660254269503,0.966311336522134,"Gene0433"
7.80872791434088,-0.468181718574207,0.557001384761451,-0.840539595381287,0.400605910639882,0.995298543208041,"Gene0434"
54.5649450964037,-0.33179424850203,0.349947961999295,-0.948124534306327,0.343066059590219,0.977149621423155,"Gene0435"
170.344819826517,-0.0673157871480711,0.401825438843118,-0.167524951486092,0.866957016492167,0.995298543208041,"Gene0436"
4.99445230824855,-0.509442049206506,0.64704975012731,-0.787330570958833,0.431088378180068,0.995298543208041,"Gene0437"
36.777254304416,0.0466277097713205,0.39928104752737,0.116779171112859,0.907035049845262,0.995298543208041,"Gene0438"
8.63366466235177,0.693957842997946,0.591636734970177,1.17294583310978,0.240817528132038,0.977149621423155,"Gene0439"
301.511723478792,0.230577698186382,0.321048670152484,0.71820169221342,0.472632934713991,0.995298543208041,"Gene0440"
284.283278142325,-0.111003220889365,0.307211539046399,-0.361325037574841,0.717856478947047,0.995298543208041,"Gene0441"
74.9411487687981,-0.441063717679624,0.377055806139756,-1.16975713010541,0.242098720152643,0.977149621423155,"Gene0442"
346.342155436158,-0.236156003011258,0.422475753652732,-0.558981198256822,0.576174551938294,0.995298543208041,"Gene0443"
16.9110495230092,-0.030075391319398,0.518360344048425,-0.0580202395200748,0.953732506876653,0.99679148114792,"Gene0444"
167.927637707429,0.078134449947065,0.351332896799192,0.222394346384601,0.824006912564492,0.995298543208041,"Gene0445"
22.2893446023094,0.418485273952455,0.415424763932092,1.00736718242647,0.313758355857765,0.977149621423155,"Gene0446"
77.1702997261432,0.860186974776003,0.32778385723774,2.62425057177881,0.00868398721751858,0.754374193939223,"Gene0447"
34.5140026525896,-0.287233490828738,0.422614789820034,-0.679657924302776,0.496721083575682,0.995298543208041,"Gene0448"
35.6030552692731,0.36339888779668,0.352531034139485,1.03082807640957,0.302621449486269,0.977149621423155,"Gene0449"
106.35746594464,-0.346193774592841,0.352131391880578,-0.983138063164359,0.325539493043069,0.977149621423155,"Gene0450"
14.0080462908011,1.36306517322351,0.528966466848267,2.57684609261725,0.0099706334611533,0.76781299682498,"Gene0451"
41.0380352872815,0.270962594943302,0.3743401775646,0.72384053645041,0.469163639692134,0.995298543208041,"Gene0452"
62.1744116277333,-0.309011754826036,0.382705215569188,-0.807440667790354,0.419412644815161,0.995298543208041,"Gene0453"
27.5227301622762,0.47687719642588,0.425682656378503,1.12026456629198,0.262601036960437,0.977149621423155,"Gene0454"
65.8595318907417,-1.19306467047379,0.416922070787353,-2.86160113380589,0.00421507000584096,0.619665196241461,"Gene0455"
35.7581785682823,-0.163954663010532,0.413265963312995,-0.396729170958503,0.691567186456253,0.995298543208041,"Gene0456"
426.281224468582,-0.242213051200402,0.349508148852961,-0.693011170112379,0.488302541616333,0.995298543208041,"Gene0457"
158.405789378835,0.288082902733103,0.322946211786073,0.892046081419699,0.372368233316722,0.993108616838184,"Gene0458"
1955.43195030639,-0.282260176231057,0.39588677650901,-0.7129820771486,0.475856847837763,0.995298543208041,"Gene0459"
18.0571964429318,0.784011342784314,0.478728821703231,1.6376940498275,0.101485532474958,0.930219026465012,"Gene0460"
161.84957899666,-0.145415531154202,0.346677222964995,-0.419455105560497,0.674883558427863,0.995298543208041,"Gene0461"
789.144104147399,0.301371182818569,0.314909965172796,0.957007450218991,0.338563494611405,0.977149621423155,"Gene0462"
88.9989490135823,0.123500042570521,0.381105542128134,0.324057325120186,0.745894634628252,0.995298543208041,"Gene0463"
17.6825259395218,0.124548099300842,0.415551955924717,0.299717273676857,0.764392821514769,0.995298543208041,"Gene0464"
18.2997994800862,-0.478402599821559,0.436793849736166,-1.09525946876433,0.273402978883271,0.977149621423155,"Gene0465"
49.4881385973067,-0.396578237740272,0.35071780164001,-1.1307616433663,0.258155428072989,0.977149621423155,"Gene0466"
216.601416897101,0.42228898098695,0.384070576725472,1.09950880535375,0.271546195358471,0.977149621423155,"Gene0467"
146.984462296075,-0.361059857955488,0.322313925022985,-1.12021178709464,0.262623522197972,0.977149621423155,"Gene0468"
1.83489660822272,-1.01379763629221,1.02425648508438,-0.989788838104053,0.322277341669578,0.977149621423155,"Gene0469"
22.0635903170815,0.0662929458583859,0.429507768056174,0.154346325698388,0.877336672290245,0.995298543208041,"Gene0470"
47.6615941668239,-0.0805284024243941,0.349849064231377,-0.230180413948844,0.817951580672724,0.995298543208041,"Gene0471"
8.90712733440366,0.026330550037865,0.521957900754241,0.0504457351825057,0.959767191351592,0.99679148114792,"Gene0472"
138.484578229318,0.53647647223148,0.384701075509013,1.3945281320611,0.163158180395634,0.966311336522134,"Gene0473"
2.43447594939856,-0.301136838036936,0.870256701449461,-0.346032196632758,0.729318518262732,0.995298543208041,"Gene0474"
68.7651534759715,-0.775483096520529,0.37040480828327,-2.09360969182525,0.0362947634991797,0.780113562579968,"Gene0475"
34.7361994198279,0.222940153059071,0.46382250913723,0.480658330864038,0.630759350947153,0.995298543208041,"Gene0476"
40.9465961674767,0.210641997921047,0.384224853501095,0.548225852652831,0.583536832689551,0.995298543208041,"Gene0477"
35.0630368010486,-0.0284106535396919,0.415116920346192,-0.0684401240884097,0.945435282288135,0.99679148114792,"Gene0478"
93.0120367373159,0.452862753909452,0.366237348651775,1.23652804820855,0.216262346533186,0.972722569207905,"Gene0479"
86.3313405121506,0.760483748242619,0.378258334002826,2.01048775368671,0.0443795910610573,0.818553606693129,"Gene0480"
39.2409805181907,0.0585269188811274,0.435379251379663,0.134427441582627,0.89306458331992,0.995298543208041,"Gene0481"
3.78158069444562,-0.106504429265471,0.706353637708617,-0.150780605605667,0.880148785822703,0.995298543208041,"Gene0482"
10.6149300605466,0.559816889816459,0.581421913402356,0.962841057263444,0.3356272930427,0.977149621423155,"Gene0483"
9.75459506305313,0.130668076420784,0.496232459020171,0.263320292829681,0.79230372002637,0.995298543208041,"Gene0484"
162.903888206937,0.22631367881964,0.346884119769863,0.652418677942897,0.514131118347914,0.995298543208041,"Gene0485"
34.4477420764603,0.244162355993217,0.399307840265361,0.61146396682559,0.540892466189364,0.995298543208041,"Gene0486"
71.4479096454564,0.423831224883599,0.400810099634239,1.0574364899247,0.29031242539925,0.977149621423155,"Gene0487"
7.31487760681618,0.0826650687657012,0.552050291134461,0.149741916802226,0.880968236172917,0.995298543208041,"Gene0488"
30.1004379895003,0.160682383957481,0.402401297272547,0.399308811990857,0.689665674930578,0.995298543208041,"Gene0489"
115.938569337648,0.297939799911274,0.338717077043512,0.879612573749862,0.379069224955687,0.995298543208041,"Gene0490"
30.0029006954565,-0.270859253533706,0.380235604456545,-0.71234584652017,0.476250640604719,0.995298543208041,"Gene0491"
55.2340093182119,-0.337916561778448,0.388626673883992,-0.869514586843103,0.384565733102068,0.995298543208041,"Gene0492"
52.6228211131739,0.348618548215582,0.392104572467015,0.889095850176317,0.373951568985876,0.993108616838184,"Gene0493"
205.57515524619,0.571840895547845,0.377112972833784,1.51636495358617,0.12942709577288,0.966311336522134,"Gene0494"
31.2252623242312,0.191430021248354,0.404389970214151,0.473379745662285,0.63594227747606,0.995298543208041,"Gene0495"
98.484700933722,-0.19950912381738,0.40567464717104,-0.491795889165494,0.622863642897646,0.995298543208041,"Gene0496"
119.962287588226,-0.400211366258932,0.331072564145454,-1.2088327744461,0.226727097371643,0.972952680885552,"Gene0497"
10.6031816349692,0.0865585105968309,0.47667966176262,0.181586330486103,0.855907377187682,0.995298543208041,"Gene0498"
80.2192267085846,-0.25636910776095,0.393637642158421,-0.651281992126589,0.514864470722299,0.995298543208041,"Gene0499"
47.0159859695705,0.783048545828454,0.405959816433415,1.92888190931796,0.0537455241655703,0.856055940383494,"Gene0500"
129.438872438495,0.126387325851553,0.384764819646857,0.32847942274856,0.742549200218764,0.995298543208041,"Gene0501"
134.302151984357,0.21714064924979,0.388481898524004,0.558946633227423,0.576198142124286,0.995298543208041,"Gene0502"
49.1615780922129,-0.49576472412017,0.334846727818402,-1.48057210339245,0.138720633713669,0.966311336522134,"Gene0503"
54.4698432446585,-0.167723734299312,0.444941990402288,-0.376956407615444,0.706206000909293,0.995298543208041,"Gene0504"
17.422160404704,0.00683463074098187,0.45458109000479,0.0150350089153727,0.988004250459442,0.99679148114792,"Gene0505"
41.9199600229172,-0.281233416841721,0.368185650133731,-0.763835898383253,0.444965041093146,0.995298543208041,"Gene0506"
15.2422749059969,0.194424656518918,0.455255214753278,0.427067390374178,0.669330243750885,0.995298543208041,"Gene0507"
13.6445552855875,0.298161989871945,0.437644265480529,0.681288465060923,0.495688980628818,0.995298543208041,"Gene0508"
12.1016245933129,-0.515626443339634,0.480846973129208,-1.07232960204385,0.283572015312179,0.977149621423155,"Gene0509"
170.111272171802,-0.566183485240034,0.325528899842078,-1.73927256693554,0.0819868303468791,0.88989888935685,"Gene0510"
183.905661124852,0.542428771486527,0.348675840361061,1.55568212275571,0.119783699697345,0.966311336522134,"Gene0511"
28.1698785312307,0.659599856639764,0.432269027805705,1.52590126567254,0.127034455449158,0.966311336522134,"Gene0512"
14.371154997387,-0.207477014235362,0.477623325941223,-0.434394643156299,0.664001887069886,0.995298543208041,"Gene0513"
55.7047516288556,-0.298024620509797,0.385760781865783,-0.77256329445508,0.439780874531893,0.995298543208041,"Gene0514"
632.598899762201,0.13671883002751,0.282626259480353,0.483744257447579,0.628567379677097,0.995298543208041,"Gene0515"
544.84490331721,-0.625660900364837,0.447895459450987,-1.3968904733523,0.162446509828488,0.966311336522134,"Gene0516"
6.93879058283838,-0.261172449752662,0.646395016187757,-0.404044652591814,0.686179883882065,0.995298543208041,"Gene0517"
37.4362636314747,0.0321200443874257,0.425596635740006,0.0754706256819371,0.939840268174849,0.99679148114792,"Gene0518"
335.300959446363,0.291148159664881,0.321849805648937,0.904608778861455,0.365672682860796,0.993108616838184,"Gene0519"
52.2546698326756,-0.355927275179957,0.382881630951789,-0.929601334739335,0.352577536115837,0.988329298345148,"Gene0520"
366.97484376308,-0.405630644994463,0.346142479653286,-1.1718603431765,0.241253130958922,0.977149621423155,"Gene0521"
33.7942078078094,-0.487250523478471,0.408582660696663,-1.19253842697992,0.233050192625344,0.975521740117808,"Gene0522"
115.395304314609,-0.856503709778391,0.391971099817907,-2.18511954115057,0.0288800828203542,0.769267290080118,"Gene0523"
55.8896019351089,0.295403514117387,0.408351282220491,0.723405379091922,0.469430867433944,0.995298543208041,"Gene0524"
3106.55053800327,0.0548613470616401,0.365620126999477,0.150050128563405,0.88072506604392,0.995298543208041,"Gene0525"
197.657804049849,-0.37054395219091,0.295162067296775,-1.25539150604451,0.209336671279197,0.972722569207905,"Gene0526"
14.5992069717645,0.98776473377236,0.44850436445383,2.20235255675877,0.0276404143867296,0.769267290080118,"Gene0527"
25.1045549177295,0.154785006248814,0.426513670606898,0.362907491402484,0.716673990395277,0.995298543208041,"Gene0528"
75.0987718425043,0.192646752251604,0.379818539564741,0.507207342938999,0.612009343357794,0.995298543208041,"Gene0529"
6.09562701699056,0.816917591619286,0.623439366795549,1.31034008297905,0.190080813347615,0.966311336522134,"Gene0530"
7.56991316385803,-1.08297976255974,0.600574175158294,-1.8032406442956,0.0713504298700014,0.871560041795587,"Gene0531"
13.042363121719,0.285278766214676,0.46088683678275,0.618977899664226,0.535930918154296,0.995298543208041,"Gene0532"
32.1269166316251,-0.312623871235092,0.407812242611542,-0.766587754288875,0.443326658542074,0.995298543208041,"Gene0533"
221.412829394112,-0.24949425112224,0.325745897157004,-0.765916787593452,0.443725816358966,0.995298543208041,"Gene0534"
42.213544622378,0.336965581829987,0.412300038827163,0.817282440206714,0.413767039364727,0.995298543208041,"Gene0535"
57.3850150745131,0.887544453024392,0.464174297245002,1.91209306136123,0.0558642586771849,0.856055940383494,"Gene0536"
51.743964667086,-0.678851374047288,0.398367979468725,-1.70408117377462,0.088365923247956,0.907325839670106,"Gene0537"
20.7158206707423,0.0548871697586029,0.417986451637818,0.131313274733034,0.895527491002688,0.995298543208041,"Gene0538"
286.350894506301,-0.07191748082479,0.294684330741869,-0.244049219189013,0.807192700713704,0.995298543208041,"Gene0539"
14.7335021552659,0.692068254354449,0.48744992454258,1.41977302592442,0.155673770270042,0.966311336522134,"Gene0540"
55.1732278128146,-0.479017708957326,0.420764972995532,-1.13844483191431,0.25493478279248,0.977149621423155,"Gene0541"
31.1829652271988,0.168921647596063,0.36901082139342,0.45776881815606,0.647118540298959,0.995298543208041,"Gene0542"
103.008510531626,0.551566083854641,0.427400322875907,1.29051396157879,0.196872267481392,0.966311336522134,"Gene0543"
357.420707676802,0.617715590652464,0.355190991834202,1.73910826809708,0.0820157205906071,0.88989888935685,"Gene0544"
98.3372431025686,-0.145753137083995,0.375308796369824,-0.388355238389807,0.697753164343866,0.995298543208041,"Gene0545"
258.658077575365,0.637263727231508,0.333102072681295,1.91311846876807,0.0557328879059443,0.856055940383494,"Gene0546"
101.49726628657,0.54988294248526,0.385731598535021,1.42555845715952,0.15399583493416,0.966311336522134,"Gene0547"
24.6264000488734,0.273466343233797,0.43136524603216,0.633955437414653,0.526109904693621,0.995298543208041,"Gene0548"
61.6617398823152,0.435949126702157,0.367537625571346,1.18613468763766,0.235569113849778,0.975521740117808,"Gene0549"
275.900790014919,0.10400554791962,0.337308387237931,0.308339643645611,0.757823903262308,0.995298543208041,"Gene0550"
9.53732404180551,-0.314012153306443,0.539842513957892,-0.581673627377439,0.560786538757607,0.995298543208041,"Gene0551"
68.0563580754861,-0.272683863816107,0.327398583895792,-0.832880400921037,0.404912184170846,0.995298543208041,"Gene0552"
41.8732474835286,0.655375675464252,0.368218147373272,1.7798570769514,0.0750993538228787,0.871907922324238,"Gene0553"
144.680708595399,0.277364100497766,0.320965972942703,0.864154221566905,0.387503176260242,0.995298543208041,"Gene0554"
130.951495800156,-0.351424599087203,0.321287446818059,-1.09380121311185,0.274042171966308,0.977149621423155,"Gene0555"
77.6727869082452,0.516774689744254,0.352529135221137,1.46590632691987,0.142673808076277,0.966311336522134,"Gene0556"
362.910662660332,0.59114627041758,0.415752431720674,1.42187086668623,0.15506374204986,0.966311336522134,"Gene0557"
10.1084305045914,0.444596022242702,0.527055416463652,0.843547012998705,0.398922584214714,0.995298543208041,"Gene0558"
169.75037698059,0.0926274639415573,0.404615938844503,0.228926878674334,0.818925749093285,0.995298543208041,"Gene0559"
9.28848481089104,-0.32089839450168,0.542204734263816,-0.591839897778435,0.553957803433355,0.995298543208041,"Gene0560"
112.77830889247,-0.0547207620649912,0.370813356069252,-0.147569555328454,0.88268248332138,0.995298543208041,"Gene0561"
52.3156611234655,-0.167324162066779,0.447592127722888,-0.373831780549931,0.708529473497803,0.995298543208041,"Gene0562"
172.79254100875,-0.139858222678245,0.342032162987003,-0.408903716705611,0.68261032136186,0.995298543208041,"Gene0563"
68.9544354772673,0.0822975830049977,0.396601986769055,0.207506734082299,0.835614134089993,0.995298543208041,"Gene0564"
5.73590568115075,0.80834418797465,0.713101349719106,1.13356143315822,0.256978558269289,0.977149621423155,"Gene0565"
4.14373809318363,0.158045450369249,0.695509555991774,0.227236921488276,0.820239519337917,0.995298543208041,"Gene0566"
110.072686789942,-0.142475938745767,0.421299636151889,-0.338181964853159,0.735226065996236,0.995298543208041,"Gene0567"
52.5346038087069,-0.180025836497516,0.797828430911702,-0.225644799711882,0.821477694178668,0.995298543208041,"Gene0568"
25.3698746183625,-0.459458681891916,0.448414234029949,-1.02463001176994,0.305537798020407,0.977149621423155,"Gene0569"
48.4678078411526,0.294417328852443,0.423516171188085,0.695173759307745,0.486946414977034,0.995298543208041,"Gene0570"
26.5487655607951,-0.519788416806767,0.460509173857642,-1.12872543331232,0.259013676848971,0.977149621423155,"Gene0571"
45.9526644519312,-0.342541577351385,0.346594996151377,-0.988305027928844,0.323003283747211,0.977149621423155,"Gene0572"
15.8090730440899,0.712751268083097,0.474028594111482,1.50360395329964,0.132683372631957,0.966311336522134,"Gene0573"
5.7257819570909,0.419985958745528,0.600212082621793,0.699729263881165,0.484096397302436,0.995298543208041,"Gene0574"
55.2396728458535,0.570305167927218,0.387234758164842,1.47276337132021,0.140814852202511,0.966311336522134,"Gene0575"
207.983880460932,0.0405577863913821,0.423708838890749,0.0957208881871821,0.923742250700591,0.99679148114792,"Gene0576"
495.35214703352,0.0437694666965167,0.398554999741761,0.109820392981838,0.91255181760661,0.995669894262902,"Gene0577"
51.2331786429446,-0.46976325381188,0.398731911938982,-1.17814310755184,0.238739559039856,0.977149621423155,"Gene0578"
44.374260868,-0.944866316028531,0.437700920976611,-2.15870305669067,0.0308732114991026,0.769267290080118,"Gene0579"
191.448728904339,0.243081007960194,0.45291044020463,0.536708775912446,0.591468793114056,0.995298543208041,"Gene0580"
42.3353417798151,0.141946262463237,0.465216925615466,0.305118439694444,0.760275947576889,0.995298543208041,"Gene0581"
30.4691165306598,1.07213413709879,0.425134535369256,2.52187025024344,0.0116732756553993,0.769267290080118,"Gene0582"
4.63875560040434,-1.30872054220799,0.699631379394195,-1.87058582669806,0.0614025106323092,0.856055940383494,"Gene0583"
11.3552029136559,-0.110023921570177,0.549124068693217,-0.200362591703561,0.841197013736903,0.995298543208041,"Gene0584"
79.1819430084496,-0.161579691840991,0.310391682891932,-0.520567079425408,0.602668387516903,0.995298543208041,"Gene0585"
9.99167064001146,-0.0821975984288966,0.506088851335301,-0.162417326941743,0.870977227069067,0.995298543208041,"Gene0586"
181.536862943518,0.019173153775103,0.384894224082023,0.049814085469407,0.960270542037512,0.99679148114792,"Gene0587"
12.2965170492772,0.0758600239414219,0.52892524378118,0.143422959734563,0.885956151175957,0.995298543208041,"Gene0588"
46.2283994705927,-0.511326391891458,0.361312759106254,-1.41519052124337,0.15701264293282,0.966311336522134,"Gene0589"
56.4230312462501,0.166306918740088,0.375430064909817,0.442977092897547,0.657782303751698,0.995298543208041,"Gene0590"
54.0945530115166,0.636079500102038,0.380901078868688,1.66993357433183,0.0949325067158452,0.927316529217752,"Gene0591"
70.6927790983463,0.187105762138349,0.332724847588338,0.562343821011663,0.573881787309851,0.995298543208041,"Gene0592"
113.547460300015,0.116837239077645,0.398145565330123,0.2934535738977,0.769175480807365,0.995298543208041,"Gene0593"
57.3470770135327,0.0987452019116671,0.413138581296277,0.239012298492774,0.81109604627088,0.995298543208041,"Gene0594"
38.7331702156495,0.630453399216,0.40972428412534,1.53872597657193,0.123871207862518,0.966311336522134,"Gene0595"
57.8704741121512,0.324756083451144,0.46581741194804,0.697174633496459,0.48569351169359,0.995298543208041,"Gene0596"
26.7019773785934,-0.753553701385658,0.418002044306328,-1.80275123447345,0.0714272918781152,0.871560041795587,"Gene0597"
359.071812305332,0.419586019121376,0.371182225462015,1.13040439530506,0.258305862916492,0.977149621423155,"Gene0598"
2.06929302289864,1.68571285934958,1.02693509150254,1.64149893532527,0.100693887906579,0.930219026465012,"Gene0599"
246.96134275743,0.472313763341287,0.374154242141414,1.26235041633651,0.206822722656116,0.972722569207905,"Gene0600"
28.7677893288263,-0.605921790327911,0.398171870027702,-1.52175941079352,0.12806937517941,0.966311336522134,"Gene0601"
83.505724986101,-0.0918303588492663,0.428768308778441,-0.214172449243953,0.830412579915863,0.995298543208041,"Gene0602"
186.782206739902,0.220691341662501,0.307992471378476,0.716547845065033,0.473653135535471,0.995298543208041,"Gene0603"
136.779820586856,-0.173756514399851,0.413687013821358,-0.420019262376178,0.674471382099413,0.995298543208041,"Gene0604"
28.4160098848287,-0.0759217477164106,0.40595352507565,-0.187020786929397,0.851644334876859,0.995298543208041,"Gene0605"
387.977249733831,-0.678673629429845,0.413288070840968,-1.64213215263839,0.100562619621672,0.930219026465012,"Gene0606"
6.81127477461561,0.194721075181879,0.684406119699551,0.284511008270002,0.776018799084664,0.995298543208041,"Gene0607"
134.645263353401,-0.139038637635531,0.301954779979833,-0.460461787174945,0.645184793847671,0.995298543208041,"Gene0608"
27.3120902776623,0.191382916833527,0.392686328845855,0.487368423026135,0.625997266782191,0.995298543208041,"Gene0609"
5.85558958572409,0.348944774403627,0.594865232434427,0.586594669477665,0.557475963566612,0.995298543208041,"Gene0610"
5.11852814222457,0.5416982644114,0.642835941030326,0.842669536403295,0.399413289218228,0.995298543208041,"Gene0611"
64.8075145772422,0.0433853139653083,0.363899962656468,0.119223188836283,0.905098535639396,0.995298543208041,"Gene0612"
808.480408198428,-0.492989850664155,0.363962180186076,-1.35450845582943,0.175574217514504,0.966311336522134,"Gene0613"
77.3313041032587,1.10960543270598,0.358683849969703,3.0935472360958,0.0019777906548569,0.619665196241461,"Gene0614"
200.782159764683,0.0884190330026341,0.306444578036162,0.288531889091541,0.772939623951524,0.995298543208041,"Gene0615"
172.496396682527,0.209805125731542,0.433668837721251,0.48379110390772,0.628534129220096,0.995298543208041,"Gene0616"
27.316196141594,-0.219723164490178,0.414336408058554,-0.530301369169388,0.595902997552894,0.995298543208041,"Gene0617"
152.751031213804,-0.0923110288134497,0.396940654582957,-0.232556246752895,0.816106005818685,0.995298543208041,"Gene0618"
85.8308885692641,0.373770467592451,0.357074824783545,1.04675670657831,0.295211802510031,0.977149621423155,"Gene0619"
70.5274576824325,0.487482061479829,0.369618067701868,1.31888049875589,0.187209066666262,0.966311336522134,"Gene0620"
194.222302849091,-0.509736125447955,0.366516041509434,-1.39076075183147,0.164297988356338,0.966311336522134,"Gene0621"
160.242473196728,-0.70109865753353,0.379862982586151,-1.84566196147982,0.064941303638277,0.856055940383494,"Gene0622"
25.3594346584875,0.265117794548377,0.383919014585259,0.690556561348699,0.489844253548841,0.995298543208041,"Gene0623"
82.5226887858582,0.296676863728502,0.34359791945624,0.86344196786176,0.387894513323566,0.995298543208041,"Gene0624"
15.7110680266825,1.03450660740629,0.463850947205536,2.23025653744734,0.0257304167806528,0.769267290080118,"Gene0625"
113.616193961746,0.315555062930187,0.449938130642209,0.701329897245621,0.483097159861469,0.995298543208041,"Gene0626"
43.6184207322985,0.444709877910142,0.388440823398701,1.14485875613976,0.252267671309479,0.977149621423155,"Gene0627"
94.3317457349425,-1.01511647442944,0.406703804254623,-2.49596011596172,0.0125616724636761,0.769267290080118,"Gene0628"
88.3512547110003,0.765631318050312,0.398895354794694,1.91937887680937,0.0549364022127362,0.856055940383494,"Gene0629"
34.7301578577195,-0.223823369498124,0.448905778072102,-0.498597657752076,0.618062855552048,0.995298543208041,"Gene0630"
112.410739800337,-0.013499006692793,0.381149631287999,-0.0354165545095152,0.971747584403189,0.99679148114792,"Gene0631"
128.663910726896,-0.0723736376234911,0.373570809815262,-0.193734723704139,0.846383601333447,0.995298543208041,"Gene0632"
48.6233800434284,-0.0634779801362003,0.346325366384289,-0.183290010774908,0.854570471875838,0.995298543208041,"Gene0633"
256.157853329449,-0.13204431023378,0.343914297655527,-0.383945393180597,0.701018921098139,0.995298543208041,"Gene0634"
242.680091478368,-0.322879380781165,0.365412812025566,-0.883601696917442,0.376911262695474,0.993138816667579,"Gene0635"
25.8542648126301,-0.534904933083945,0.411547003479585,-1.29974201867923,0.193689403790252,0.966311336522134,"Gene0636"
23.9969828906988,0.0915637167824238,0.407209202338012,0.224856698367095,0.822090756357557,0.995298543208041,"Gene0637"
106.393943947561,-0.00665342020712329,0.36140265777349,-0.0184099924668881,0.985311780958542,0.99679148114792,"Gene0638"
17.9382627459214,-0.670336681014417,0.423102898730414,-1.58433488171759,0.113117531948376,0.945643635283909,"Gene0639"
29.7824698949392,-0.180103119127374,0.374999825857782,-0.480275207369505,0.63103171561576,0.995298543208041,"Gene0640"
110.450766335001,-0.358933030376941,0.379234447462511,-0.946467370721704,0.343910257165142,0.977149621423155,"Gene0641"
30.0573849454716,0.893456101262995,0.411867474214367,2.16928055066075,0.0300613909108589,0.769267290080118,"Gene0642"
3.04381627272619,-0.359199883346073,0.804720358985137,-0.446366093929914,0.655332820590525,0.995298543208041,"Gene0643"
108.986676910223,0.471644267499743,0.381948328412488,1.23483788883188,0.216890843134195,0.972722569207905,"Gene0644"
6.9451843594888,0.342025712663796,0.654124852238338,0.522875276017146,0.601061050929566,0.995298543208041,"Gene0645"
9.13987888062705,0.102610332901963,0.537946296187118,0.190744566194153,0.848725720890444,0.995298543208041,"Gene0646"
1.46370298186067,-0.496854262010026,1.10171857041102,-0.450981108382937,0.652003164781215,0.995298543208041,"Gene0647"
173.991818723146,0.275112621808404,0.428723313530094,0.641702032817238,0.521066669092444,0.995298543208041,"Gene0648"
56.4187416745312,-0.443352818596789,0.403046408959098,-1.10000438843206,0.271330209838426,0.977149621423155,"Gene0649"
80.0314199509928,0.335038729224332,0.335156908494468,0.999647391215454,0.317481179953986,0.977149621423155,"Gene0650"
129.587011177573,0.428182937067996,0.372656969232823,1.14900021311686,0.250555892782627,0.977149621423155,"Gene0651"
46.4685728025563,-0.202922210974895,0.344893109106333,-0.588362613276605,0.556288926715407,0.995298543208041,"Gene0652"
15.1434605325105,-0.87666489410626,0.528281423656063,-1.6594656841029,0.097021990003599,0.929793156696703,"Gene0653"
86.4499433615636,0.372934634816641,0.370024200532162,1.00786552414759,0.313519024429968,0.977149621423155,"Gene0654"
243.476128001315,-0.449380555828354,0.295300552460068,-1.52177350189388,0.128065843175141,0.966311336522134,"Gene0655"
6.5852392795017,-0.012149752807399,0.586464428433576,-0.0207169475561383,0.983471449726478,0.99679148114792,"Gene0656"
30.3779655106163,-0.23498963453115,0.439521746062664,-0.534648482438561,0.592892951681124,0.995298543208041,"Gene0657"
27.7770905419971,-0.063103831735316,0.448706281891472,-0.140635053000169,0.888158255139758,0.995298543208041,"Gene0658"
9.98724441747338,0.413951423488482,0.553696203826501,0.747614703925608,0.45469259304788,0.995298543208041,"Gene0659"
125.035999728228,0.207987431221061,0.345075310361311,0.602730548885944,0.546687955501601,0.995298543208041,"Gene0660"
19.4962408900264,0.204855325606287,0.454925697890553,0.45030502026195,0.652490519615614,0.995298543208041,"Gene0661"
199.262110934692,-0.649715521577983,0.401224399427973,-1.61933203091408,0.105375842436294,0.930219026465012,"Gene0662"
56.4673789025766,-0.520807398700429,0.380021638563693,-1.37046774670211,0.170540936896575,0.966311336522134,"Gene0663"
149.059369695331,0.0103834986203853,0.350363863766524,0.0296363286691709,0.976357091941528,0.99679148114792,"Gene0664"
318.54503502539,-0.21113550017506,0.360418539516879,-0.585806436200743,0.558005598078812,0.995298543208041,"Gene0665"
90.065074333896,-0.311972622466353,0.410424129409326,-0.760122517443937,0.447181354118374,0.995298543208041,"Gene0666"
256.800207200118,0.0912941316690933,0.29990143491042,0.304413787471083,0.760812665040486,0.995298543208041,"Gene0667"
70.3611701153707,-0.0491413492464161,0.375611473905603,-0.130830266539637,0.895909579538287,0.995298543208041,"Gene0668"
9.02690497427254,-0.168116152713684,0.609425104694141,-0.275860235193394,0.782655416927101,0.995298543208041,"Gene0669"
47.5120196874488,-0.187577502107127,0.446987153999721,-0.419648530005058,0.674742230382497,0.995298543208041,"Gene0670"
126.262699485004,0.339255710135222,0.31364184894054,1.08166595523271,0.279400985987867,0.977149621423155,"Gene0671"
88.6214868410567,0.274914482080742,0.370606528296215,0.741796112833208,0.458210876089992,0.995298543208041,"Gene0672"
49.0127347330535,0.0162126501691022,0.453097901932896,0.0357817815971774,0.971456359943342,0.99679148114792,"Gene0673"
13.5157170834597,0.380898901850974,0.522063611836299,0.729602472218291,0.46563321062887,0.995298543208041,"Gene0674"
120.262969832636,0.0157043178506243,0.441698027571213,0.0355544215059741,0.971637651691877,0.99679148114792,"Gene0675"
18.3113704508659,0.0249589807333402,0.42583661926067,0.0586116355532636,0.953261442785945,0.99679148114792,"Gene0676"
12.1856653310408,-0.127853373096297,0.4840349118008,-0.264140808811976,0.79167141930331,0.995298543208041,"Gene0677"
144.540790232334,-0.441973201659546,0.284158412831505,-1.55537609200266,0.119856524664221,0.966311336522134,"Gene0678"
10.0148160104396,-0.369044977835165,0.511619807678731,-0.721326602872468,0.470708593022326,0.995298543208041,"Gene0679"
56.5733693035342,-0.375508020587623,0.338212901566411,-1.11027113054671,0.266882209487742,0.977149621423155,"Gene0680"
58.6000900253931,0.222436675519971,0.324251370259103,0.686000726356919,0.492712650366505,0.995298543208041,"Gene0681"
12.3093857302437,0.479529316570664,0.501652152254147,0.955900048302244,0.339122734595682,0.977149621423155,"Gene0682"
216.575185065341,0.00906570145721853,0.327197591760126,0.0277071154724903,0.977895748557237,0.99679148114792,"Gene0683"
21.4824922613629,-0.61260162182337,0.45131565347602,-1.35736843405526,0.174664172840742,0.966311336522134,"Gene0684"
199.863713681883,0.0632166696014664,0.341661696457188,0.185027090414239,0.853207787343447,0.995298543208041,"Gene0685"
24.2822883961876,-0.349362472310735,0.428799826691447,-0.814744900916499,0.415218345930455,0.995298543208041,"Gene0686"
31.0384090845055,1.03725042979998,0.392823689850702,2.64049866797544,0.00827841180794236,0.751830308739493,"Gene0687"
64.3934047274603,-0.487402130707876,0.371259684083292,-1.31283344678634,0.189239076933871,0.966311336522134,"Gene0688"
28.2021983315644,-0.354185122167598,0.455812511562934,-0.777041246527294,0.437134435831798,0.995298543208041,"Gene0689"
30.3910149409228,-0.11902536238836,0.424862219794728,-0.280150497838729,0.779362043485812,0.995298543208041,"Gene0690"
15.9750907569713,-0.389329904499178,0.451869031295828,-0.861598997795212,0.388908222703292,0.995298543208041,"Gene0691"
11.3551759180588,-0.612523005727243,0.497639835467799,-1.23085605707479,0.218376705193819,0.972952680885552,"Gene0692"
108.879343311239,-0.0807504959035731,0.318213419126233,-0.253762069887882,0.799679378250447,0.995298543208041,"Gene0693"
20.3600112685897,0.00537059744834372,0.450723169766726,0.0119155122447406,0.990493021712293,0.99679148114792,"Gene0694"
13.0383237801249,-0.310040454666245,0.480704384187137,-0.644971139987663,0.518945888307386,0.995298543208041,"Gene0695"
38.8559842670187,0.304676955738304,0.361748033799801,0.842235277792605,0.399656270849683,0.995298543208041,"Gene0696"
21.7697442291853,0.427573299458353,0.457886879393277,0.933796792834312,0.350408724202915,0.983309874940203,"Gene0697"
4.14957166161998,-0.184438134956603,0.683355385760503,-0.269900755594898,0.787236605860729,0.995298543208041,"Gene0698"
35.2777194258853,-0.123798026010553,0.376963142533012,-0.328408833762075,0.742602564680188,0.995298543208041,"Gene0699"
85.9705884354259,-0.0251796786654845,0.377321534700526,-0.0667326837983665,0.946794514388313,0.99679148114792,"Gene0700"
81.0883854762939,-0.277219996164059,0.329077214040268,-0.842416260793241,0.399554994248029,0.995298543208041,"Gene0701"
90.8578603253573,-0.492469700092062,0.303638257137444,-1.62189608363198,0.104825600255408,0.930219026465012,"Gene0702"
15.718929876762,0.505893709627591,0.451395507953283,1.12073270715833,0.262401655615067,0.977149621423155,"Gene0703"
36.8493490501144,-0.0530788454889119,0.425844237416867,-0.124643803590917,0.900805548537025,0.995298543208041,"Gene0704"
15.0950418011921,0.649391614811291,0.475350624515547,1.36613182211156,0.171897591817732,0.966311336522134,"Gene0705"
25.2105043993506,0.00214554163311416,0.485276101604178,0.0044212802279396,0.996472340260098,0.998471281765133,"Gene0706"
10.6057067597815,-0.651250255891,0.487996859191861,-1.33453780208646,0.182027666606155,0.966311336522134,"Gene0707"
12.9003542434187,0.651672038203909,0.463028077495493,1.40741365346306,0.159304764904973,0.966311336522134,"Gene0708"
105.500967994365,0.233856323195256,0.357203010423322,0.654687436475165,0.512669015794266,0.995298543208041,"Gene0709"
35.5930237418406,0.125605692524168,0.412732063505077,0.304327440561504,0.760878441428306,0.995298543208041,"Gene0710"
36.4401325687172,0.305696383492219,0.378851104806785,0.806903766713641,0.419721928525433,0.995298543208041,"Gene0711"
486.674310809751,0.220027022809654,0.359833980486311,0.61146816237947,0.540889689418653,0.995298543208041,"Gene0712"
55.0746023644885,-0.486420579415511,0.430685516862466,-1.12941011566647,0.258724867537868,0.977149621423155,"Gene0713"
28.7556600849733,0.682422308653027,0.509747602341217,1.33874549977034,0.180653538526887,0.966311336522134,"Gene0714"
114.611000271152,0.0482877084297564,0.352249136853141,0.137083965233074,0.89096442669981,0.995298543208041,"Gene0715"
30.4264739329876,-0.739281724918567,0.479057690268372,-1.54319978561332,0.122782309320375,0.966311336522134,"Gene0716"
299.980834601531,-0.232079014793753,0.33680211322425,-0.689066385516499,0.490781492310312,0.995298543208041,"Gene0717"
37.5148965812261,0.694148469621995,0.420239160792571,1.65179386974034,0.0985765788117362,0.930219026465012,"Gene0718"
25.1091400630073,-0.236602909679475,0.474202822660591,-0.498948758575446,0.617815483196159,0.995298543208041,"Gene0719"
14.0958993581341,0.442826190975747,0.552630129383755,0.801306637894587,0.422954148995961,0.995298543208041,"Gene0720"
64.2425195271266,-0.638849548729631,0.410122070774599,-1.55770584968284,0.119302993190621,0.966311336522134,"Gene0721"
300.617259268139,0.420322291696716,0.3522578291603,1.1932234201825,0.232781884746804,0.975521740117808,"Gene0722"
33.5210963563383,0.163964650004182,0.473793749007619,0.346067567053412,0.729291936927591,0.995298543208041,"Gene0723"
85.798868822387,-0.184577705669312,0.353772320639394,-0.521741512551671,0.601850316975098,0.995298543208041,"Gene0724"
79.3652440646399,-0.141928468951507,0.375635969504669,-0.377835139533257,0.705553067791824,0.995298543208041,"Gene0725"
260.2684957539,0.25071234889586,0.279271335685967,0.897737493466853,0.369325515595722,0.993108616838184,"Gene0726"
114.165728715464,-0.842152771073863,0.369509927382011,-2.27910729500704,0.0226606879804178,0.769267290080118,"Gene0727"
17.5512829050713,-0.455956988176115,0.442719210011814,-1.0299010701703,0.30305644832816,0.977149621423155,"Gene0728"
14.4889464867777,0.505662085873738,0.496507030329605,1.0184389242949,0.308469412053848,0.977149621423155,"Gene0729"
22.6480512139878,0.361459758686255,0.48152666575584,0.750653669654786,0.452861112466763,0.995298543208041,"Gene0730"
51.7704046413176,-0.703520097365316,0.425884506410811,-1.65190347799761,0.0985542289677785,0.930219026465012,"Gene0731"
46.8291898525844,-0.0569415780961113,0.373896087696093,-0.152292521825995,0.878956222842931,0.995298543208041,"Gene0732"
87.8188452310086,0.194151687940219,0.319506448992778,0.607661249255748,0.543412168952019,0.995298543208041,"Gene0733"
25.249493586133,-0.828324583488495,0.414376502742998,-1.99896610450963,0.0456120214158303,0.824731391754108,"Gene0734"
31.946044503101,-0.501216732352706,0.422668512869801,-1.18583882425872,0.235685956031064,0.975521740117808,"Gene0735"
124.768136085644,-0.128926722352096,0.32930508954342,-0.391511478097263,0.695419206115972,0.995298543208041,"Gene0736"
56.5621233783942,-0.487797149033266,0.357132249288031,-1.36587258643185,0.171978958448453,0.966311336522134,"Gene0737"
24.3946686332017,-0.127628371631743,0.386753460072693,-0.329999301383767,0.741400489994125,0.995298543208041,"Gene0738"
186.852069331822,-0.659514650636786,0.362041713544479,-1.82165376519731,0.0685075374442191,0.860868300714149,"Gene0739"
57.8225253326664,0.260989152958802,0.408414935375082,0.639029404542009,0.522803803226452,0.995298543208041,"Gene0740"
22.9128004615454,-0.135821928014961,0.470886670453415,-0.288438676516747,0.773010965536943,0.995298543208041,"Gene0741"
487.373557308396,0.0204235185750462,0.343703561403462,0.0594218997663272,0.952616070386214,0.99679148114792,"Gene0742"
13.2972673835875,-0.360214254320426,0.458972757932254,-0.78482709070414,0.432554954204926,0.995298543208041,"Gene0743"
6.09673941017265,-0.0131313531371672,0.574681279748698,-0.0228498014463067,0.981770082569824,0.99679148114792,"Gene0744"
3.65761221391213,-0.20670897947331,0.746069758999189,-0.277063876373435,0.781731058859439,0.995298543208041,"Gene0745"
108.986200963641,-0.586794097846812,0.29879906818714,-1.96384179310525,0.0495484417268749,0.855060010888543,"Gene0746"
30.8482501064087,0.184069361448947,0.441995052094173,0.41645118101849,0.677079883488086,0.995298543208041,"Gene0747"
44.6315574757166,0.494553982683114,0.387393740871472,1.27661841301456,0.201736997989026,0.966311336522134,"Gene0748"
79.0093295801039,0.0421000267723876,0.387339833859196,0.108690155497128,0.913448250369238,0.995673542955667,"Gene0749"
29.2762549571744,-0.109840100142778,0.401882186141823,-0.273314179952271,0.784611716131619,0.995298543208041,"Gene0750"
8.28675606330919,0.243328529566841,0.583532684377786,0.416992117290395,0.676684173477734,0.995298543208041,"Gene0751"
4.87888052973967,-1.06559554175119,0.682735874102311,-1.56077274121896,0.11857738120513,0.966311336522134,"Gene0752"
31.8203802888324,-0.0455259325473785,0.392967916466576,-0.115851525378283,0.907770214056002,0.995298543208041,"Gene0753"
56.4665602738562,0.404976521604012,0.377264068106824,1.07345638198796,0.283066398949068,0.977149621423155,"Gene0754"
3.53515528775605,0.284213651001932,0.75096923127547,0.378462444485528,0.705087087580383,0.995298543208041,"Gene0755"
92.1551968809518,0.178935898805087,0.389018557270968,0.459967514301511,0.645539538278485,0.995298543208041,"Gene0756"
101.170419204792,0.170434619109495,0.365283018829082,0.466582376743995,0.640798698063896,0.995298543208041,"Gene0757"
262.572062302486,-0.20388049962435,0.412187490706698,-0.4946304878753,0.620860977187976,0.995298543208041,"Gene0758"
50.4463183166857,-0.546175622319162,0.391138079683024,-1.39637547630693,0.16260145603287,0.966311336522134,"Gene0759"
64.2765961242795,-0.238429052627412,0.433638988343986,-0.549833061685582,0.582433879771029,0.995298543208041,"Gene0760"
109.63595200231,0.673668246886878,0.414988937758308,1.62334025221469,0.104516689323381,0.930219026465012,"Gene0761"
48.3931585955807,-0.608721809427976,0.40946044568264,-1.48664374262851,0.137108928299817,0.966311336522134,"Gene0762"
49.4676070678296,0.130782586399366,0.346597882140899,0.377332329879038,0.70592664906412,0.995298543208041,"Gene0763"
63.0381621792276,-0.142449778751775,0.370031144672177,-0.38496699751578,0.700261866878328,0.995298543208041,"Gene0764"
151.782484936768,0.519773200388223,0.362886112607693,1.43233147351146,0.152048979805127,0.966311336522134,"Gene0765"
26.2403273074432,-0.405099412374147,0.403087458253006,-1.00499135877326,0.314901010817451,0.977149621423155,"Gene0766"
31.8432847784742,-0.223728154767574,0.453745023111872,-0.493070212061397,0.621962977612536,0.995298543208041,"Gene0767"
27.4186781874672,-0.256088707791613,0.382008144569642,-0.670374994439227,0.502618770914824,0.995298543208041,"Gene0768"
19.4892109547509,-0.373960106613989,0.508198458184571,-0.735854469039282,0.461819268661556,0.995298543208041,"Gene0769"
68.3000392198632,-0.11692919290738,0.390434347338982,-0.299484903683078,0.764570088881834,0.995298543208041,"Gene0770"
312.860876296162,-0.235347734046902,0.359687334518764,-0.654311985607668,0.512910825560048,0.995298543208041,"Gene0771"
13.9111929516259,-0.268404413197551,0.448246978977489,-0.598786887108123,0.549315007729028,0.995298543208041,"Gene0772"
40.9346926594888,-0.266327627225599,0.469559213466192,-0.567186458252245,0.570587507388946,0.995298543208041,"Gene0773"
17.5672413545869,0.509814645589019,0.452117923487486,1.1276143216276,0.259482835664068,0.977149621423155,"Gene0774"
175.029798309687,-0.0733990640679053,0.337312601503782,-0.217599531534497,0.827741149526305,0.995298543208041,"Gene0775"
36.9696571019636,0.127080100631831,0.431627419553532,0.29442082424532,0.768436356271482,0.995298543208041,"Gene0776"
49.0232770748979,0.273163502986642,0.391183290582541,0.698300539830967,0.484989261718565,0.995298543208041,"Gene0777"
66.9541959694109,-0.30375305403833,0.347372564038783,-0.874430180975424,0.381884027221429,0.995298543208041,"Gene0778"
18.1548635471082,-0.070239545975439,0.444080010219086,-0.158168673119933,0.874323888217018,0.995298543208041,"Gene0779"
53.4860552719057,0.151792369834921,0.360069692644034,0.421563860930066,0.673343389223602,0.995298543208041,"Gene0780"
39.651432929182,0.458167628343164,0.406583042335982,1.1268734320812,0.259795997726718,0.977149621423155,"Gene0781"
115.826660247784,-0.244749038851075,0.370822902703722,-0.660015972763753,0.509243579233232,0.995298543208041,"Gene0782"
8.553702524942,-0.953275698533218,0.538316895820669,-1.7708448423859,0.0765865066906425,0.871907922324238,"Gene0783"
13.767217122564,0.529642403056963,0.446410812087202,1.18644618077374,0.235446143476984,0.975521740117808,"Gene0784"
124.402299435337,0.667466678328464,0.294965036684834,2.26286710394643,0.0236438827922937,0.769267290080118,"Gene0785"
25.9439453581927,0.218154754126038,0.418305584649267,0.5215200612465,0.60200453418014,0.995298543208041,"Gene0786"
22.8522380099197,-0.565004458068372,0.520656910363249,-1.08517614348801,0.277843648193304,0.977149621423155,"Gene0787"
59.9125880210631,0.329784669094473,0.318093940670219,1.03675243985981,0.299851245813311,0.977149621423155,"Gene0788"
29.4397392820293,0.204914668961127,0.416878373938454,0.491545452514597,0.623040712806346,0.995298543208041,"Gene0789"
512.053734066296,0.147782403783753,0.294485974920336,0.501831721608238,0.615785897284864,0.995298543208041,"Gene0790"
57.6542387040078,0.0192548813786456,0.359664608452337,0.0535356577381932,0.957305120606722,0.99679148114792,"Gene0791"
49.7522166746441,-0.379809112915168,0.36262987605364,-1.04737402513131,0.294927106809414,0.977149621423155,"Gene0792"
140.517429599628,-0.217787411934208,0.326715056215941,-0.666597415058405,0.505029320691439,0.995298543208041,"Gene0793"
47.4815893393653,0.034234324502842,0.398109633094546,0.0859922032951958,0.93147261513744,0.99679148114792,"Gene0794"
49.9883541822364,-0.0970584028937072,0.345021151291417,-0.281311457371285,0.778471523291349,0.995298543208041,"Gene0795"
18.1336230880006,0.718666917084174,0.503148050198747,1.42834085673252,0.153193773416685,0.966311336522134,"Gene0796"
4.38997879224491,0.639756199016855,0.712400719254873,0.8980285697718,0.369170318308781,0.993108616838184,"Gene0797"
11.4444498879351,0.174380727935726,0.513943615837176,0.339299336662978,0.734384242308439,0.995298543208041,"Gene0798"
57.4073160016421,-0.262770437042277,0.376098546685638,-0.698674428172979,0.484755518428117,0.995298543208041,"Gene0799"
15.2458870701447,0.104232110600442,0.472057793335563,0.220803706817204,0.825245277193768,0.995298543208041,"Gene0800"
122.087361229978,0.103853771453024,0.349696604505456,0.296982498871828,0.76647987056473,0.995298543208041,"Gene0801"
125.47295895965,-0.0924078114969581,0.378790094990035,-0.243955195025332,0.807265520806578,0.995298543208041,"Gene0802"
58.9940807723009,0.0113444065059422,0.323624968371362,0.0350541757115736,0.972036541419422,0.99679148114792,"Gene0803"
39.7826706474107,0.645430335859285,0.476914968668836,1.35334468041716,0.175945541435216,0.966311336522134,"Gene0804"
8.40052765058297,0.623965333769776,0.54010721581848,1.15526198409369,0.247983158653671,0.977149621423155,"Gene0805"
28.5555177326388,-0.33614064231676,0.404781202837804,-0.830425523616647,0.406298239787272,0.995298543208041,"Gene0806"
29.357698839525,-0.046480126601276,0.419395343272202,-0.110826520482152,0.91175391459108,0.995504451882279,"Gene0807"
106.841814531858,0.203378483132385,0.337750220799193,0.602156477207168,0.547069983465496,0.995298543208041,"Gene0808"
223.650988929049,0.123899794954279,0.328419963271866,0.377260242404067,0.705980214966453,0.995298543208041,"Gene0809"
78.8876298219332,0.132598544642675,0.344039267150463,0.385416890754751,0.699928570362684,0.995298543208041,"Gene0810"
13.0396380728378,-0.417667940640788,0.515464451900461,-0.810274964841691,0.41778216065599,0.995298543208041,"Gene0811"
327.457003488674,0.110174371303743,0.306575524774665,0.359371059985047,0.719317521466707,0.995298543208041,"Gene0812"
154.95091248305,0.141712386022263,0.360513747453685,0.393084555091672,0.694257031099612,0.995298543208041,"Gene0813"
67.9187544989133,0.0323485145573787,0.43160480556722,0.0749493845761655,0.940254983811867,0.99679148114792,"Gene0814"
3.2952726198887,0.30743135647235,0.799473562118591,0.384542242594817,0.700576593038566,0.995298543208041,"Gene0815"
13.2837569638016,0.496080762479064,0.461410888201248,1.0751388299764,0.282312577043796,0.977149621423155,"Gene0816"
42.1692262334316,0.0693787219173673,0.398423119395973,0.174133273246162,0.861760724381514,0.995298543208041,"Gene0817"
127.818973073587,0.263601705059807,0.403937826840439,0.65257989607379,0.514027149711031,0.995298543208041,"Gene0818"
12.4718477116095,-0.471765948744194,0.495918022208177,-0.951298254182334,0.341452992966674,0.977149621423155,"Gene0819"
2048.02076045882,-0.0966087358984526,0.342034003406101,-0.282453600917999,0.777595719750659,0.995298543208041,"Gene0820"
1.58354672971553,0.210518282735774,1.04135867880368,0.202157322948149,0.83979373560876,0.995298543208041,"Gene0821"
43.6516345678898,-0.431281579290088,0.408020347663752,-1.05700997942756,0.29050703298363,0.977149621423155,"Gene0822"
41.1512081849555,-0.080164044145292,0.443901906412828,-0.18058954689584,0.856689761346828,0.995298543208041,"Gene0823"
23.544628372131,-0.450030146492444,0.398694203005268,-1.12876019540845,0.258999008294097,0.977149621423155,"Gene0824"
32.8314456804836,0.0811014829075731,0.459894506493648,0.176348014082428,0.860020543260466,0.995298543208041,"Gene0825"
105.072837095811,0.132048449309562,0.36573951491884,0.361045071487187,0.718065754078153,0.995298543208041,"Gene0826"
21.0612534084771,0.50981336673144,0.406353030241553,1.25460702588679,0.209621451680713,0.972722569207905,"Gene0827"
4.39066607065078,0.468426881671319,0.719093566090995,0.651412978449656,0.514779934949854,0.995298543208041,"Gene0828"
61.8441523782324,-0.464869375398968,0.380459720135178,-1.22186226503504,0.221759717460839,0.972952680885552,"Gene0829"
47.2608327350389,-0.0416664879044182,0.373764489952508,-0.111477919985691,0.91123737375291,0.995504451882279,"Gene0830"
46.1010224989461,-0.240805178933481,0.39600671199348,-0.608083579496112,0.543132042315364,0.995298543208041,"Gene0831"
114.707790821405,-0.406809160187516,0.398435996985591,-1.0210150771147,0.307247295529885,0.977149621423155,"Gene0832"
43.2908674671682,-0.784309794601342,0.423103629918305,-1.85370613519147,0.0637812135049618,0.856055940383494,"Gene0833"
115.456458677618,0.196100163439493,0.335930442470055,0.583752285138532,0.559386984621059,0.995298543208041,"Gene0834"
6.33605883049041,-0.346986447852622,0.597673148696824,-0.580562216337134,0.561535543479832,0.995298543208041,"Gene0835"
14.1507609692056,-0.566488745667792,0.485892606795439,-1.16587233010994,0.24366606773939,0.977149621423155,"Gene0836"
75.3982311535127,-0.475481759394184,0.410782192060758,-1.15750334017366,0.247066775431669,0.977149621423155,"Gene0837"
38.5100595122462,0.692839788693017,0.376438540309737,1.84051236656837,0.0656930503752858,0.856055940383494,"Gene0838"
154.306665551135,-0.505680226177227,0.415414615579599,-1.21729040628887,0.223493743166258,0.972952680885552,"Gene0839"
17.6933918716018,-0.192612923923622,0.429293628360618,-0.448674080393809,0.653666785111561,0.995298543208041,"Gene0840"
106.305201027818,0.184541695544149,0.30744745850523,0.600238155948231,0.548347527998507,0.995298543208041,"Gene0841"
19.9934255885549,-0.328492489910504,0.500575743106242,-0.65622934078287,0.511676573135668,0.995298543208041,"Gene0842"
10.3639447384793,0.292381506509775,0.51472161464162,0.568038135941402,0.570009073116422,0.995298543208041,"Gene0843"
36.0301186496766,1.09134644414936,0.355528266213783,3.0696474735236,0.00214311570191816,0.619665196241461,"Gene0844"
56.2706903899581,-0.34745809915015,0.420308605028676,-0.826673770160961,0.408421992186442,0.995298543208041,"Gene0845"
8.8918527668169,-0.209465452531598,0.529872259560676,-0.395313113211982,0.692611822958642,0.995298543208041,"Gene0846"
20.3769244927664,0.211055593522803,0.416896347038591,0.506254360399244,0.612678097922123,0.995298543208041,"Gene0847"
14.1416481097485,-0.0630132290789692,0.467073789130771,-0.134910651261843,0.892682518056875,0.995298543208041,"Gene0848"
167.961062147728,-0.869935678600515,0.39813900973219,-2.18500487853647,0.0288884888918756,0.769267290080118,"Gene0849"
131.374839347863,-0.616698494306679,0.354530837294308,-1.73947772502153,0.0819507670177746,0.88989888935685,"Gene0850"
15.5118146924118,-0.685924119505789,0.452798036462539,-1.51485665632417,0.129808708910515,0.966311336522134,"Gene0851"
87.6764264063554,-0.0569550191935813,0.420764228953238,-0.135360886868335,0.8923265472171,0.995298543208041,"Gene0852"
34.4506450673449,0.307528954957585,0.410240637291798,0.749630648459733,0.453477186711323,0.995298543208041,"Gene0853"
15.3536235962691,-0.195897566277005,0.448928640817343,-0.436366826407743,0.662570603701132,0.995298543208041,"Gene0854"
75.582456843273,0.484718441648274,0.31361960422347,1.54556167765229,0.122210462399087,0.966311336522134,"Gene0855"
31.0925545933436,-0.157902460918657,0.392338340655364,-0.402465027136771,0.68734182164015,0.995298543208041,"Gene0856"
154.318659359054,0.589211758279939,0.38644015842683,1.52471668751658,0.127329777657376,0.966311336522134,"Gene0857"
47.0798035129455,0.254365929194996,0.377921560524522,0.67306540765221,0.500905680053449,0.995298543208041,"Gene0858"
193.975713593457,-0.27554345668617,0.305439892293016,-0.902120068919597,0.366993089090847,0.993108616838184,"Gene0859"
25.9845809283,-0.575955155863026,0.4049171410032,-1.42240250545105,0.1549094362221,0.966311336522134,"Gene0860"
80.4471908493846,0.331689896508268,0.450993362940017,0.735465139322645,0.462056263308924,0.995298543208041,"Gene0861"
73.1538682255309,-0.584502491764376,0.412744604393665,-1.41613599679402,0.156735690579308,0.966311336522134,"Gene0862"
69.8540419008254,0.357530976670033,0.379131447352278,0.943026433620593,0.345667382404981,0.977149621423155,"Gene0863"
60.0211494987151,0.229237775238507,0.384459164206264,0.596260400533774,0.551001280876595,0.995298543208041,"Gene0864"
43.8770966191557,-0.329607348123128,0.449094611942226,-0.733937436251253,0.462986869542002,0.995298543208041,"Gene0865"
43.5791762975598,0.0538924519147806,0.457839770892645,0.117710289365441,0.906297213729711,0.995298543208041,"Gene0866"
274.493048899933,0.276851872621921,0.37443667518232,0.739382360147057,0.459674850589113,0.995298543208041,"Gene0867"
144.942530554306,-0.105721634402994,0.365262972096517,-0.289439780320951,0.77224485677643,0.995298543208041,"Gene0868"
23.0650227841178,0.155866880504883,0.44020702790262,0.35407631097467,0.723281694674378,0.995298543208041,"Gene0869"
325.09807448718,0.082431693612636,0.32218819718723,0.255849513831611,0.79806703943403,0.995298543208041,"Gene0870"
73.2930873746339,0.0142725258772269,0.441279920806709,0.0323434745255011,0.974198139667623,0.99679148114792,"Gene0871"
21.3074521540294,0.170184850818304,0.39638225388881,0.429345282612081,0.667671967440218,0.995298543208041,"Gene0872"
72.4751793675141,-0.21867426296034,0.389102633159991,-0.561996358607077,0.574118500090427,0.995298543208041,"Gene0873"
51.0863221338749,-0.265335271477143,0.441786976236994,-0.600595503600372,0.548109433515417,0.995298543208041,"Gene0874"
64.2968143435423,0.101909022739336,0.370288715763083,0.275215037350851,0.783151034763798,0.995298543208041,"Gene0875"
20.004862099568,-0.153293755624923,0.395714205946024,-0.387385020101686,0.698471191995932,0.995298543208041,"Gene0876"
19.1293347911099,0.75586591965481,0.480419557059937,1.5733454405573,0.115638852893591,0.95621899957094,"Gene0877"
242.704183424299,-0.0776956452880707,0.287935316688387,-0.269837150168541,0.787285540856876,0.995298543208041,"Gene0878"
168.541920949989,0.201626600311149,0.37306672015798,0.540457214263894,0.588881759946283,0.995298543208041,"Gene0879"
23.9099863136839,-0.279105556323226,0.406902338441312,-0.68592762920059,0.492758746297692,0.995298543208041,"Gene0880"
16.1985146232709,0.184959799832036,0.46958283551201,0.393881091565805,0.693668831008984,0.995298543208041,"Gene0881"
404.501532772973,-0.567725835150237,0.340375136275769,-1.66794155813505,0.0953273287873676,0.927316529217752,"Gene0882"
581.716331807523,-0.217256263872548,0.39611327116177,-0.548470045538621,0.583369191765105,0.995298543208041,"Gene0883"
21.3182908005835,0.403506885880266,0.401353955629599,1.00536416851128,0.314721526886466,0.977149621423155,"Gene0884"
11.3541149300551,-0.168185612660633,0.552765197230476,-0.304262304326131,0.760928061328548,0.995298543208041,"Gene0885"
1513.86991623156,-0.160237813109543,0.271625643738869,-0.589921521782346,0.555243264593822,0.995298543208041,"Gene0886"
78.2815501586409,-0.0581358055957995,0.373804181567622,-0.155524759921078,0.876407635828844,0.995298543208041,"Gene0887"
61.2503673425136,-0.383457254532684,0.355764253652061,-1.07784087523224,0.28110477467673,0.977149621423155,"Gene0888"
77.0122644036644,0.750138769178771,0.350899279476927,2.13776092757151,0.0325361516891035,0.770602674997537,"Gene0889"
292.057768166269,0.726708176353147,0.323230616235498,2.24826529372974,0.0245592783807525,0.769267290080118,"Gene0890"
41.4534059930565,0.019378578468257,0.512108140492962,0.0378407936448793,0.969814619024364,0.99679148114792,"Gene0891"
345.698814131389,0.112924960132719,0.317423967175003,0.355754359501345,0.722024531637712,0.995298543208041,"Gene0892"
38.5385680848775,0.29812762186036,0.377859515398646,0.788990642582685,0.430117475671484,0.995298543208041,"Gene0893"
117.426114480337,0.73956829526199,0.39928445714632,1.85223412037542,0.0639922111736037,0.856055940383494,"Gene0894"
15.7113957892223,0.459921024228022,0.449179396036429,1.02391389339399,0.305875947354522,0.977149621423155,"Gene0895"
52.8439583917531,-0.0623196551206073,0.419256757437458,-0.148643173938356,0.881835203546416,0.995298543208041,"Gene0896"
265.623519785571,0.303783118332138,0.366261104129479,0.82941681469061,0.406868589989321,0.995298543208041,"Gene0897"
36.0499466190295,-0.956490001477862,0.391039536165268,-2.44601865800499,0.0144443525321272,0.769267290080118,"Gene0898"
224.233766515409,-0.191123138357867,0.469840838171086,-0.40678272902338,0.68416757271162,0.995298543208041,"Gene0899"
1645.60939986064,-0.00169139870894865,0.299486598958968,-0.0056476607461838,0.995493842640767,0.998241755380804,"Gene0900"
141.685951137806,0.232789800198118,0.30377934231383,0.766312147577258,0.443490592028337,0.995298543208041,"Gene0901"
42.3405810255076,-0.271981984538967,0.351503531544092,-0.773767430853963,0.439068335856722,0.995298543208041,"Gene0902"
51.6928229068004,0.0663757453269085,0.4738719410828,0.140071060496301,0.888603845521976,0.995298543208041,"Gene0903"
27.4182023643635,-0.253125520439791,0.450342417362003,-0.562073459396828,0.574065970294428,0.995298543208041,"Gene0904"
756.428573650745,0.360790933951923,0.284709987293565,1.26722261267186,0.20507570243618,0.970583046220921,"Gene0905"
1.83484383159686,-0.208926485392063,1.00104690989191,-0.208707986936019,0.834676204775022,0.995298543208041,"Gene0906"
54.0362311762671,-0.437534276416338,0.399703660366355,-1.0946466590156,0.273671465769314,0.977149621423155,"Gene0907"
54.4961249976577,0.327994752665819,0.357701314807223,0.916951487423484,0.359168061982884,0.991832533005816,"Gene0908"
70.7832708579038,0.170233148889733,0.330251291604416,0.515465505260287,0.606227768207077,0.995298543208041,"Gene0909"
7.18816926064739,-0.257376799446346,0.560267265925187,-0.459382182575546,0.64595974084339,0.995298543208041,"Gene0910"
90.4248497511625,-0.537315829922334,0.41074133166956,-1.30816109432737,0.190818675014348,0.966311336522134,"Gene0911"
57.8498088160722,-0.0895438073963109,0.469315893910406,-0.190796451938202,0.848685068565645,0.995298543208041,"Gene0912"
248.203631048319,0.487698675652927,0.373310930682581,1.30641413247984,0.191411762403774,0.966311336522134,"Gene0913"
125.375329401272,0.227144880456737,0.449738023309804,0.505060432260288,0.613516391196708,0.995298543208041,"Gene0914"
182.660712699268,-0.0416932520609486,0.325368497070271,-0.128141637670423,0.89803688554778,0.995298543208041,"Gene0915"
15.3575875650827,-0.242387403110149,0.463144410207708,-0.523351675563663,0.600729546334225,0.995298543208041,"Gene0916"
51.8306352591932,0.0215025388270867,0.328495973524546,0.0654575415228946,0.947809710755442,0.99679148114792,"Gene0917"
63.9792078387216,-0.391941392873725,0.364767238646785,-1.07449724467513,0.282599879033114,0.977149621423155,"Gene0918"
68.3011142807866,0.240986496515906,0.342662238640392,0.703277073867513,0.48188309525199,0.995298543208041,"Gene0919"
24.7482420972032,-0.0285456724003285,0.430754659661605,-0.0662689811011066,0.947163678416566,0.99679148114792,"Gene0920"
293.598557433973,-0.241841948588758,0.42264561019445,-0.572209772810586,0.567179867448262,0.995298543208041,"Gene0921"
19.883278795108,0.687172420398832,0.444255027637647,1.54679717200481,0.121912162371699,0.966311336522134,"Gene0922"
7.44421248048964,-0.347831382644637,0.59164273437724,-0.587907807252569,0.55659417580674,0.995298543208041,"Gene0923"
85.0144415580554,-0.272029836926873,0.356399940432281,-0.763271274952866,0.445301629424857,0.995298543208041,"Gene0924"
145.809385589156,0.0561341663478207,0.329291034814954,0.170469768116722,0.86464070790318,0.995298543208041,"Gene0925"
162.531535245611,0.0697963458410333,0.332606039022944,0.209846898889946,0.833787167884882,0.995298543208041,"Gene0926"
19.9797833172118,0.52303752415402,0.426217795011039,1.22716022248784,0.219762376655752,0.972952680885552,"Gene0927"
42.5108811332824,-0.299808346146777,0.410802230698986,-0.729811874771586,0.465505184950159,0.995298543208041,"Gene0928"
10.114206568731,-0.115480250300653,0.534801837423354,-0.215930915377985,0.829041598526835,0.995298543208041,"Gene0929"
150.032475108363,0.325252973627574,0.39211184287907,0.829490308783875,0.406827018396007,0.995298543208041,"Gene0930"
76.799960001621,-0.731048361216513,0.329268718567291,-2.22021807719069,0.0264039677848803,0.769267290080118,"Gene0931"
131.981539417679,-0.0118933074167298,0.358973723142035,-0.0331314150591017,0.973569790900856,0.99679148114792,"Gene0932"
112.146800133309,0.504840304047667,0.37201328452314,1.35704912983091,0.174765600430419,0.966311336522134,"Gene0933"
24.6551295816825,-1.02506354541698,0.492352482107476,-2.08197091041214,0.0373451268805846,0.780113562579968,"Gene0934"
69.225457064312,-0.326739108825185,0.480875061768916,-0.679467776148057,0.496841518473856,0.995298543208041,"Gene0935"
5.49235585399102,-0.0791953292211267,0.620195959281523,-0.127694042561761,0.898391104843471,0.995298543208041,"Gene0936"
84.0619152576367,-0.0934220340434643,0.381995168509751,-0.244563391751589,0.806794512502683,0.995298543208041,"Gene0937"
209.689132410748,0.194561700754283,0.282818824968382,0.687937589642536,0.49149208391653,0.995298543208041,"Gene0938"
23.3024250435507,-0.302045638783869,0.379889756767059,-0.795087610032816,0.426562541344829,0.995298543208041,"Gene0939"
4.62646796670424,0.931369315216017,0.710933235095201,1.31006579695391,0.190173577866486,0.966311336522134,"Gene0940"
8.15474704168166,0.118474559955153,0.56524671001508,0.209597964669255,0.833981468317578,0.995298543208041,"Gene0941"
15.2481350451037,0.0557810295436469,0.472892364289256,0.117957137302236,0.906101620184054,0.995298543208041,"Gene0942"
272.924822737147,0.0151154997951814,0.355048642647259,0.0425730392390169,0.966041887568638,0.99679148114792,"Gene0943"
52.0442767464285,0.0873076431111474,0.358084054832902,0.24381885183882,0.80737111921971,0.995298543208041,"Gene0944"
10.1024372301059,-0.18322275286435,0.54966571579761,-0.333334875358706,0.738881516494801,0.995298543208041,"Gene0945"
88.0523883187833,-0.384147351893741,0.384714549484924,-0.998525666388385,0.318024524969082,0.977149621423155,"Gene0946"
4.75109455756676,0.209276468442885,0.650420544584074,0.321755624396384,0.747637834530758,0.995298543208041,"Gene0947"
34.0401994630458,-0.0233742685479743,0.363626886559981,-0.0642809137935367,0.948746550606633,0.99679148114792,"Gene0948"
210.500560030866,0.676711347385898,0.326790169412533,2.07078244918571,0.0383791311035493,0.781030377037707,"Gene0949"
45.0840761119253,0.0346910318372313,0.340101879308841,0.102001882223441,0.918755181080032,0.99679148114792,"Gene0950"
286.792381257878,-0.0573402535751817,0.278592019119235,-0.205821594446467,0.836930272399767,0.995298543208041,"Gene0951"
375.138142636693,0.0329947688647159,0.359679618092671,0.0917337741840431,0.926909562597797,0.99679148114792,"Gene0952"
12.9253248090766,-0.395980243467397,0.480212164391077,-0.824594362305486,0.409601923175192,0.995298543208041,"Gene0953"
11.4925952577131,-0.970640068847793,0.586142628085477,-1.65597931687413,0.0977260074606144,0.929793156696703,"Gene0954"
16.4825633454647,-0.166014883390712,0.498986817213451,-0.332703946604857,0.739357770156408,0.995298543208041,"Gene0955"
109.00830176881,0.166529973329563,0.402264425773326,0.413981358181053,0.678887759322707,0.995298543208041,"Gene0956"
171.119908497723,-0.118617845429912,0.316101010727115,-0.375252977385487,0.707472333721604,0.995298543208041,"Gene0957"
228.314128792194,-0.0777038899906339,0.40379504077483,-0.192433987900224,0.847402271382075,0.995298543208041,"Gene0958"
234.115740927497,0.409008131852771,0.364181352916838,1.12308916581506,0.261399627004839,0.977149621423155,"Gene0959"
213.236815447404,0.335144285431967,0.347320478913133,0.964942483324713,0.33457362109886,0.977149621423155,"Gene0960"
120.791758160728,0.0860408702624253,0.373451910157828,0.230393440017653,0.817786058169257,0.995298543208041,"Gene0961"
51.9520663221901,-0.492610002155138,0.474610869444603,-1.037923979136,0.29930544878967,0.977149621423155,"Gene0962"
19.1211279686303,0.525005288397857,0.429790039464158,1.22153898459911,0.221882014472808,0.972952680885552,"Gene0963"
21.7368741126709,-0.0492097315505217,0.474824165042101,-0.103637799365494,0.917456789610223,0.996722750350204,"Gene0964"
92.1863799466629,-0.311306589196495,0.459472076946867,-0.677531029230518,0.498069089648294,0.995298543208041,"Gene0965"
392.069696223612,0.00986709173285147,0.37517464142242,0.026299996437504,0.979018057753842,0.99679148114792,"Gene0966"
364.965453618002,-0.0731732418805459,0.335797579395914,-0.217908783059668,0.827500183693668,0.995298543208041,"Gene0967"
5.48183057902546,-0.0748901731491962,0.616525689057741,-0.12147129386231,0.903317750491675,0.995298543208041,"Gene0968"
21.9490260275449,-0.597153386126549,0.471401931118635,-1.26676058519639,0.205240909423593,0.970583046220921,"Gene0969"
283.284158714979,-0.349785816095475,0.317046250077452,-1.10326432187741,0.269912395630719,0.977149621423155,"Gene0970"
12.6673664484797,0.66639713955384,0.521281974594519,1.27838132149534,0.201115006727434,0.966311336522134,"Gene0971"
7.67103955124535,0.124789246561905,0.555325645608375,0.224713638832931,0.822202053694035,0.995298543208041,"Gene0972"
122.665045369094,-0.50392748549673,0.291289357897176,-1.72998934507801,0.0836321789090041,0.88989888935685,"Gene0973"
403.265133646906,-0.32772798523076,0.316506054505198,-1.03545565895448,0.300456163925898,0.977149621423155,"Gene0974"
530.378694249528,-0.239021941280738,0.352137340268779,-0.67877476753331,0.497280583803133,0.995298543208041,"Gene0975"
121.39385883434,-0.00723478988471064,0.33694444955238,-0.0214717586068619,0.982869331634741,0.99679148114792,"Gene0976"
134.071900998212,0.0631241970393388,0.389775453264084,0.161950160049125,0.871345102147873,0.995298543208041,"Gene0977"
84.4375630605582,0.341932938034107,0.379228289512077,0.90165461673243,0.367240368185027,0.993108616838184,"Gene0978"
51.1720091199904,0.136968154148544,0.374025519390972,0.366200023922352,0.714215824339552,0.995298543208041,"Gene0979"
118.46157182937,0.194682732505987,0.357899929156459,0.543958566755904,0.586469985144867,0.995298543208041,"Gene0981"
25.8618373781364,0.203585425815054,0.373547840430122,0.545004959955423,0.585750106318095,0.995298543208041,"Gene0982"
216.281647558894,0.560024889519163,0.318863864405242,1.75631343665656,0.0790349042237748,0.88137257277285,"Gene0983"
21.1959593567248,0.121375837868521,0.387779419335204,0.313002268342667,0.754278938794362,0.995298543208041,"Gene0984"
7.67644276699375,1.42247480644395,0.599386080290625,2.37321962124018,0.0176337753322568,0.769267290080118,"Gene0985"
242.460362127502,1.10666740907857,0.297112826528971,3.72473791188095,0.00019551824520718,0.260430302615964,"Gene0986"
67.4951129050586,-0.0819036595292892,0.422545567696043,-0.193833909975377,0.84630593420767,0.995298543208041,"Gene0987"
3088.6044514458,0.0927232856071499,0.305371930652319,0.303640499665701,0.761401793156608,0.995298543208041,"Gene0988"
162.882814808007,-0.073946615873615,0.374978644943349,-0.197202205701039,0.843669304609176,0.995298543208041,"Gene0989"
190.592050485335,-0.540914808484288,0.376610244229999,-1.43627215874124,0.150924913088741,0.966311336522134,"Gene0990"
105.010798498655,0.612887149466211,0.353976569075586,1.73143423325101,0.0833743453179325,0.88989888935685,"Gene0991"
24.8476115605083,0.100034547820236,0.421004146156824,0.23760941248064,0.81218404947142,0.995298543208041,"Gene0992"
33.6929780972287,0.906050307151133,0.442158668302202,2.04915197214199,0.0404472567573105,0.783187444021602,"Gene0993"
196.063543923813,0.371527740304297,0.344404021156582,1.07875552398206,0.280696726494561,0.977149621423155,"Gene0994"
193.438664171245,-0.66317087168028,0.290037996313846,-2.28649652841579,0.0222252269896687,0.769267290080118,"Gene0995"
91.5603932919658,0.50213981261428,0.331156745930869,1.51632065112485,0.129438292271837,0.966311336522134,"Gene0996"
15.460305675022,0.516005129863575,0.508535724410192,1.01468806436764,0.310254545416768,0.977149621423155,"Gene0997"
319.260351976279,-0.625162089555317,0.389687100020091,-1.60426683234597,0.108655248760293,0.939797346420199,"Gene0998"
11.21283815308,0.429583661359192,0.482279513250832,0.890735869047307,0.373070887051413,0.993108616838184,"Gene0999"
34.5563585934972,-0.312082010858314,0.383571520000404,-0.81362143586152,0.415861853957638,0.995298543208041,"Gene1000"
935.543271400706,0.488205935933292,0.393393621330881,1.24101131655784,0.21460156838794,0.972722569207905,"Gene1001"
99.6015336885396,0.0557237098106708,0.326757552269186,0.170535338582672,0.86458914520708,0.995298543208041,"Gene1002"
179.514677984006,-0.0117919972457383,0.33455278849973,-0.0352470451632411,0.971882748901636,0.99679148114792,"Gene1003"
61.0800841106973,0.00397064143824521,0.328280306560933,0.0120952775993226,0.990349600047517,0.99679148114792,"Gene1004"
15.0022070441886,-0.177560111068896,0.436378577785194,-0.406894655484898,0.68408536148676,0.995298543208041,"Gene1005"
22.9227078919899,-0.446044427900872,0.393642728652199,-1.13311994718686,0.257163885732961,0.977149621423155,"Gene1006"
60.6755095121079,-0.880304869542264,0.384266770400202,-2.2908690975945,0.0219709857592484,0.769267290080118,"Gene1007"
2.44561157140711,-0.302239688300692,0.942122233361006,-0.320807298244577,0.748356428304442,0.995298543208041,"Gene1008"
22.4075273244495,0.562063737287863,0.456781688350841,1.23048657952365,0.218514949532168,0.972952680885552,"Gene1009"
126.025168942453,-0.0438793577369938,0.348480623447452,-0.125916205334184,0.899798254774022,0.995298543208041,"Gene1010"
32.9405489440733,-0.376040188449892,0.396671994572889,-0.947987742000259,0.343135694581421,0.977149621423155,"Gene1011"
29.8568805749337,0.0931726205973423,0.369487285445326,0.252167325555047,0.800911732556092,0.995298543208041,"Gene1012"
169.770407816308,0.073906646977946,0.344627087833059,0.214453969485263,0.830193058911777,0.995298543208041,"Gene1013"
26.3431348953699,-0.359523592274654,0.441232422676459,-0.814816803565409,0.415177180952949,0.995298543208041,"Gene1014"
100.31937344993,-0.00342898785162186,0.370693639189431,-0.00925019339182562,0.99261951876151,0.99679148114792,"Gene1015"
10.2695102392687,-0.363298036511047,0.544800885844466,-0.666845531919279,0.504870805611129,0.995298543208041,"Gene1016"
13.4074176412938,0.302978339532586,0.451621988884823,0.670867112296106,0.502305189012464,0.995298543208041,"Gene1017"
7.54834744656968,0.455389634026524,0.565970676373284,0.804617011157966,0.421040722540186,0.995298543208041,"Gene1018"
78.7255816184605,-0.342765361442476,0.330346075703136,-1.03759477303584,0.299458752407497,0.977149621423155,"Gene1019"
35.4480923513929,0.316167398706319,0.352253616273607,0.897556147332043,0.36942222699632,0.993108616838184,"Gene1020"
288.575056446993,-0.101704976502713,0.30006252711141,-0.338945943973041,0.734650452565034,0.995298543208041,"Gene1021"
52.6429742125905,-0.184707943047461,0.330281498336327,-0.55924399028665,0.575995214680101,0.995298543208041,"Gene1022"
282.381332881849,-0.16340489698429,0.345676864244843,-0.472709960908897,0.636420119083985,0.995298543208041,"Gene1023"
587.699984506298,0.75691247439278,0.411221331789457,1.84064496629838,0.0656736036483094,0.856055940383494,"Gene1024"
24.6191718254066,-0.296500853163821,0.421108350140393,-0.704096352078916,0.481372771740503,0.995298543208041,"Gene1025"
86.2757883949991,0.167526498616161,0.385122792100838,0.434995025099155,0.663566038502772,0.995298543208041,"Gene1026"
24.1429814183277,-0.363543884094525,0.421974401738734,-0.86153065824977,0.388945843246613,0.995298543208041,"Gene1027"
119.203760053786,0.21202185800422,0.347801504442187,0.609605925495539,0.542122885459594,0.995298543208041,"Gene1028"
13.4002841366536,-0.0119532710124124,0.467899352735815,-0.0255466713995681,0.979618922226507,0.99679148114792,"Gene1029"
13.8786670777162,0.344445692591034,0.442682703612325,0.778087080837651,0.43651767837612,0.995298543208041,"Gene1030"
79.3168380495325,-0.552389563036226,0.352803845928561,-1.56571298587283,0.117415824787253,0.961462368544801,"Gene1031"
65.6063885967507,0.672273198571076,0.457382695068497,1.46982648407893,0.141608754356401,0.966311336522134,"Gene1032"
72.5704448222267,0.205422515991198,0.419786823316168,0.489349604564605,0.624594208048789,0.995298543208041,"Gene1033"
69.4591659113122,0.324468620087879,0.42644146722981,0.76087492662392,0.446731775930635,0.995298543208041,"Gene1034"
25.722935239848,-0.466811273750976,0.401530617146376,-1.16257952399381,0.245000142418671,0.977149621423155,"Gene1035"
46.2963934018316,0.125472411970093,0.376629347401073,0.333145605449798,0.739024375505237,0.995298543208041,"Gene1036"
382.50712913385,-0.228100549619047,0.325604058871543,-0.700545780693224,0.483586525227532,0.995298543208041,"Gene1037"
45.9795596717766,-0.422941757031964,0.429689388732332,-0.984296489796328,0.324969754922761,0.977149621423155,"Gene1038"
8.26716229368625,0.50428138306236,0.605885310981267,0.832305015359502,0.405236800413296,0.995298543208041,"Gene1039"
19.0147115180527,0.431786529909261,0.468380754400563,0.921870776825287,0.356595983896759,0.991832533005816,"Gene1040"
16.5768624137881,-0.0973556919110205,0.428219394294653,-0.22735002946651,0.820151573565069,0.995298543208041,"Gene1041"
14.5168080282209,-0.232232142980379,0.455723853013865,-0.509589615387795,0.610339000669816,0.995298543208041,"Gene1042"
16.6949868910813,0.519372962690489,0.502025359110851,1.0345552336447,0.300876669498206,0.977149621423155,"Gene1043"
2.56558385154974,-0.154650378889906,0.878711715077072,-0.175996719101829,0.860296519993646,0.995298543208041,"Gene1044"
112.571921791841,0.407075926553665,0.304241608520731,1.33800215076738,0.180895735679154,0.966311336522134,"Gene1045"
120.792529950599,-0.11142408952863,0.450704836794272,-0.247221863251249,0.80473652593194,0.995298543208041,"Gene1046"
34.2205096718433,0.122986644464358,0.402628400981326,0.305459436454564,0.760016259566296,0.995298543208041,"Gene1047"
17.1659684713515,0.421535983559749,0.45801202482962,0.920360079446735,0.35738462274322,0.991832533005816,"Gene1048"
24.0974467687626,0.670524632451005,0.420803114320914,1.59344028033892,0.111061455491538,0.944282098219382,"Gene1049"
82.8277199518516,0.227796351520128,0.389477623350107,0.584876608727168,0.558630687886283,0.995298543208041,"Gene1050"
58.1967521529625,-0.253591942357583,0.45238770123754,-0.560563299275962,0.575095276621291,0.995298543208041,"Gene1051"
92.1828288848325,0.0375853604049461,0.492020763725129,0.0763897850984667,0.939108996170865,0.99679148114792,"Gene1052"
46.365459794155,-0.319114323944952,0.328809529687622,-0.970514219122904,0.331790240802066,0.977149621423155,"Gene1053"
153.868538287993,-0.209357566321143,0.322172326490138,-0.64983100380458,0.515801389807048,0.995298543208041,"Gene1054"
99.4165409766009,0.0719882176615077,0.383595764912013,0.187666872907264,0.851137800413841,0.995298543208041,"Gene1055"
131.664223896245,-0.543944734214246,0.371929080109648,-1.46249584478279,0.143605382181201,0.966311336522134,"Gene1056"
106.534876910883,0.579451087707025,0.331802565870059,1.74637313665003,0.0807461347303226,0.88989888935685,"Gene1057"
339.414860833861,-0.405643600552025,0.318628402020103,-1.27309303872551,0.202985028880181,0.966311336522134,"Gene1058"
13.6676211910867,-0.0165484057116587,0.491527626016522,-0.0336672952561622,0.973142458784879,0.99679148114792,"Gene1059"
317.968205997824,0.159071723743981,0.293268154210549,0.542410491763717,0.587535753585107,0.995298543208041,"Gene1060"
43.8535154080921,0.3915414027195,0.424699136960162,0.921926532561398,0.356566898379036,0.991832533005816,"Gene1061"
46.5845397061259,0.351314698186839,0.358167374174167,0.980867391947331,0.326658139506125,0.977149621423155,"Gene1062"
49.9121963875974,-0.738521592274407,0.351552302695117,-2.10074457374523,0.0356633942499677,0.780113562579968,"Gene1063"
25.8712896861739,-0.0696607550847869,0.400851619450421,-0.173781897601646,0.862036871534078,0.995298543208041,"Gene1064"
3.40733160679081,0.83702932051004,0.767036638693561,1.09125076728498,0.275162554705283,0.977149621423155,"Gene1065"
33.0866056179243,-0.496600131680272,0.355711165749115,-1.39607687218491,0.162691347549776,0.966311336522134,"Gene1066"
48.405651148169,0.413181453732261,0.488081139323062,0.846542552956088,0.397250145784307,0.995298543208041,"Gene1067"
5.85290198406339,0.347068903535866,0.617350364715351,0.562191137112056,0.573985799286884,0.995298543208041,"Gene1068"
97.3439955456324,-0.180229198734243,0.418425964198824,-0.430731393734935,0.666663689194749,0.995298543208041,"Gene1069"
34.3505211317453,0.113322160813496,0.396258300385061,0.285980535179645,0.774893029915037,0.995298543208041,"Gene1070"
227.887518180959,0.473873086954102,0.386625340784629,1.22566484129677,0.220324826112717,0.972952680885552,"Gene1071"
63.23812101319,0.00490288711991711,0.440156565340841,0.0111389616922344,0.991112578229421,0.99679148114792,"Gene1072"
22.8393057603244,-0.590915757289098,0.448629041759697,-1.31715894934331,0.187785350742757,0.966311336522134,"Gene1073"
62.8651290865813,-0.111403067984922,0.362697977651577,-0.307151059143595,0.758728395187483,0.995298543208041,"Gene1074"
69.1709234224966,-0.27208013918913,0.404930512443321,-0.671918096631983,0.50163583902456,0.995298543208041,"Gene1075"
218.820101699403,0.0913418553058928,0.331567812037984,0.275484688168189,0.78294388796311,0.995298543208041,"Gene1076"
47.9756971025701,-0.0977408697728258,0.421291321267013,-0.232003045965616,0.816535648006603,0.995298543208041,"Gene1077"
4.51722638189378,-0.89805785161362,0.734502999206947,-1.22267417911603,0.221452783264466,0.972952680885552,"Gene1078"
11.5841145069664,-0.596184071445409,0.517938782000576,-1.15107053606336,0.249703218256907,0.977149621423155,"Gene1079"
20.1087225272922,0.534208120713001,0.409958930294882,1.30307716514127,0.192548418588853,0.966311336522134,"Gene1080"
94.3687924398802,-0.0632576256073681,0.323920853762035,-0.195287289696512,0.845168046864251,0.995298543208041,"Gene1081"
43.149942670139,0.0493904540317491,0.426806359393304,0.115720989026397,0.907873671169497,0.995298543208041,"Gene1082"
26.3427034769834,-0.173498463817885,0.414211345774756,-0.41886458588759,0.675315100107374,0.995298543208041,"Gene1083"
21.9588153959129,-0.173591911646944,0.4477314856705,-0.387714327007809,0.698227452155173,0.995298543208041,"Gene1084"
61.6792844368036,0.0105088872925842,0.402721674978866,0.0260946652378115,0.979181832138804,0.99679148114792,"Gene1085"
23.1460614675273,0.169862761141543,0.438693048310738,0.387201852857318,0.698606778546005,0.995298543208041,"Gene1086"
34.1287738021377,-0.218794106710897,0.426325302031589,-0.513209292688628,0.607804926321257,0.995298543208041,"Gene1087"
14.7421669900161,0.59216193983959,0.451645368941908,1.31112146954341,0.189816728334718,0.966311336522134,"Gene1088"
10.2256393505967,0.835740491568395,0.506735151880513,1.6492648841647,0.0990933804062545,0.930219026465012,"Gene1089"
189.489040086037,0.428525379360184,0.355966231602935,1.20383716576292,0.228652521661669,0.973557617323298,"Gene1090"
12.9399212581921,-0.453330252235129,0.459337682050962,-0.986921539315021,0.32368110405199,0.977149621423155,"Gene1091"
58.2965357012732,0.337298909560203,0.454099113141153,0.742786981518188,0.457610658477802,0.995298543208041,"Gene1092"
27.9050521429355,-1.07431604062217,0.428813244907324,-2.50532382891847,0.012233932704673,0.769267290080118,"Gene1093"
13.7536614896045,0.270184258278942,0.445670845032485,0.606241716931804,0.544354254692376,0.995298543208041,"Gene1094"
81.0332302117071,0.376745375343132,0.359980702367801,1.04657103246107,0.295297467917627,0.977149621423155,"Gene1095"
78.8330431396937,-0.0676552966023226,0.407503714010574,-0.16602375457262,0.868138256151625,0.995298543208041,"Gene1096"
264.99126358248,-0.264274365152752,0.429399042357378,-0.615451687320726,0.538256465852342,0.995298543208041,"Gene1097"
82.5879716467742,-0.221791020495333,0.376388173901192,-0.589261395214709,0.555685937518049,0.995298543208041,"Gene1098"
47.1548657291723,0.294931125472268,0.337572297814729,0.873682844775774,0.382290995970287,0.995298543208041,"Gene1099"
962.328323785512,0.60209537368936,0.322884896610394,1.86473687685638,0.0622182950625519,0.856055940383494,"Gene1100"
24.63368247982,-0.242173307458281,0.452315018137707,-0.535408504575791,0.592367410555872,0.995298543208041,"Gene1101"
16.9757808653963,0.463061718613899,0.522492571458221,0.886255123822225,0.375480065327505,0.993108616838184,"Gene1102"
29.0193345666041,0.253272051291998,0.413475424938354,0.612544388411375,0.540177639113589,0.995298543208041,"Gene1103"
48.5673937184137,-0.554611757101674,0.339433726247432,-1.63393238271611,0.10227304928376,0.930219026465012,"Gene1104"
108.998524391014,-0.429069558691902,0.37925122709161,-1.13135971103465,0.257903721647771,0.977149621423155,"Gene1105"
86.3011256913868,0.120434461856299,0.39453882966623,0.30525376160867,0.760172889172711,0.995298543208041,"Gene1106"
42.403138751751,0.524682226889584,0.370736030955439,1.41524476468447,0.156996743709778,0.966311336522134,"Gene1107"
18.7516333623817,-0.310374544820588,0.538385227936045,-0.576491569076738,0.564282966871732,0.995298543208041,"Gene1108"
192.686394547395,0.605958086790486,0.424853347393556,1.42627589145289,0.153788720773551,0.966311336522134,"Gene1109"
167.52268022159,0.236844293620433,0.341659042958552,0.693218278578288,0.488172578942897,0.995298543208041,"Gene1110"
26.4541587757975,-0.158409280364729,0.398788073143309,-0.397226725253148,0.691200276092183,0.995298543208041,"Gene1111"
128.914292067871,-1.34349634970713,0.440538134070366,-3.04967094969477,0.00229092212730431,0.619665196241461,"Gene1112"
105.507109458258,0.0350760492118634,0.316205087408836,0.110928162159871,0.911673313239423,0.995504451882279,"Gene1113"
165.701316800666,0.578631924388928,0.383774560999724,1.50773913435431,0.131621305360884,0.966311336522134,"Gene1114"
52.1073807077351,0.762900010865296,0.449849575932067,1.69590025573461,0.0899047712360278,0.907325839670106,"Gene1115"
15.2645314939665,-0.945006931047499,0.488829349706402,-1.93320415726896,0.0532110528418908,0.856055940383494,"Gene1116"
139.23428406571,-0.0660421883054818,0.366232679249392,-0.180328496192196,0.856894685632077,0.995298543208041,"Gene1117"
19.945809622908,0.706087872393938,0.486920272540396,1.45010982744687,0.147027895051612,0.966311336522134,"Gene1118"
100.282955188927,0.266989303777107,0.329508165842008,0.810266122221452,0.417787241730263,0.995298543208041,"Gene1119"
419.686643749925,0.139444358639779,0.292093539326126,0.477396244235609,0.633079988128951,0.995298543208041,"Gene1120"
9.26610075647908,0.525580470514508,0.547409963507748,0.960122222011891,0.336993705587141,0.977149621423155,"Gene1121"
332.408573690705,0.838212402964676,0.307057678036022,2.72982069142834,0.00633687820136626,0.71908745615312,"Gene1122"
335.439794860877,0.312820103888721,0.377172421903824,0.829382228715776,0.406888154262625,0.995298543208041,"Gene1123"
29.8383300047852,0.621047683738661,0.381329515202447,1.62863785513416,0.103389705583506,0.930219026465012,"Gene1124"
42.3122375854632,-0.00400311674601305,0.345763510588981,-0.0115776148246356,0.990762606246132,0.99679148114792,"Gene1125"
17.8027472694789,-0.330232261673665,0.473882124456656,-0.696865833570539,0.485886761487417,0.995298543208041,"Gene1126"
21.3131901167953,0.269220273631853,0.412909954508064,0.652007225044015,0.514396511502252,0.995298543208041,"Gene1127"
116.21145650629,-0.515578587837846,0.377144457743064,-1.36705863563052,0.171606927283812,0.966311336522134,"Gene1128"
20.1153399100366,-0.169607989701297,0.409664058511186,-0.414017256768122,0.678861468790787,0.995298543208041,"Gene1129"
39.510064476841,-0.590019198476248,0.367745851171954,-1.60442108754168,0.10862126586821,0.939797346420199,"Gene1130"
53.3163291453387,0.45475201723345,0.400920304300288,1.1342703583624,0.256681158859287,0.977149621423155,"Gene1131"
45.6563332542263,0.447524110537822,0.357244117428577,1.25271232948236,0.210310417275711,0.972722569207905,"Gene1132"
73.1008306141682,-0.396792775723405,0.378486118108769,-1.04836810846884,0.294469041024586,0.977149621423155,"Gene1133"
326.914708998249,-0.2373310498919,0.357561686865581,-0.663748546362351,0.506851262533329,0.995298543208041,"Gene1134"
22.8337145279476,-0.658131035995235,0.475479955000048,-1.38414044393347,0.166315455095706,0.966311336522134,"Gene1135"
20.2225410885421,0.126738330684284,0.450117195611829,0.281567404933315,0.778275236432305,0.995298543208041,"Gene1136"
133.743398271562,0.216305249513299,0.320032355633218,0.675885565024563,0.499113303244897,0.995298543208041,"Gene1137"
78.4635372810773,0.457965671397224,0.383401966482344,1.19447919268383,0.232290575182918,0.975521740117808,"Gene1138"
75.2574916391507,-0.159915678997651,0.359114247591311,-0.445305860378013,0.656098733329438,0.995298543208041,"Gene1139"
112.394385259843,-0.272723236571052,0.36993373140492,-0.737221868185184,0.460987436945785,0.995298543208041,"Gene1140"
9.02705336967671,-0.0906657845802523,0.518435175420761,-0.174883551268812,0.861171135273996,0.995298543208041,"Gene1141"
199.1816129316,0.232915964454829,0.376890473756625,0.617993769206363,0.536579445860348,0.995298543208041,"Gene1142"
93.9879732753337,-0.431010787367685,0.413561702512667,-1.04219221641898,0.297322571009708,0.977149621423155,"Gene1143"
167.338391284039,0.131168862079641,0.436717976745687,0.300351414560671,0.76390911929341,0.995298543208041,"Gene1144"
32.2137913564798,-0.365552901154752,0.433511194896349,-0.843237511414566,0.399095623145516,0.995298543208041,"Gene1145"
5.11868057893087,-0.148470185961058,0.63579069869139,-0.233520537917031,0.81535722339589,0.995298543208041,"Gene1146"
25.2524482309667,0.0553592337910518,0.40862399997546,0.135477196137223,0.892234592868516,0.995298543208041,"Gene1147"
16.8150094989291,-0.178436912477408,0.463618610642152,-0.384878666174028,0.70032731258183,0.995298543208041,"Gene1148"
789.654654777893,-0.0212688002856055,0.356913221571406,-0.0595909565691176,0.952481421182121,0.99679148114792,"Gene1149"
30.6527969882334,-0.955285617570514,0.409086559330956,-2.33516744997158,0.0195346748349603,0.769267290080118,"Gene1150"
38.0316415073471,0.699581347667983,0.43164594335548,1.6207295781113,0.105075647259376,0.930219026465012,"Gene1151"
169.500062382669,0.472966859515605,0.369705619533879,1.27930665514881,0.200789089946451,0.966311336522134,"Gene1152"
111.201860445574,0.214069360340634,0.347597063724079,0.615854915594344,0.537990279406702,0.995298543208041,"Gene1153"
142.601935258638,0.723517591489931,0.376316611632706,1.92262995872237,0.0545265388011041,0.856055940383494,"Gene1154"
1100.96347480044,0.147996848702702,0.36387162186058,0.40672819701067,0.684207628434726,0.995298543208041,"Gene1155"
74.1289656260605,-0.0419665788430246,0.340562547372796,-0.123227228498165,0.90192716465838,0.995298543208041,"Gene1156"
508.218164131867,-0.480864599844308,0.355262804920028,-1.35354614438895,0.175881218775717,0.966311336522134,"Gene1157"
77.9836765594503,-0.391575521660981,0.312670301968503,-1.25235917576984,0.210439015004795,0.972722569207905,"Gene1158"
10.0086157628604,-0.0148438390164226,0.53196018256904,-0.0279040415106559,0.9777386850406,0.99679148114792,"Gene1159"
5.2576137258808,-0.352892522920192,0.648824815448382,-0.543894922817216,0.586513782988633,0.995298543208041,"Gene1160"
101.684023702995,0.225305585818621,0.356210471524052,0.63250691327138,0.52705569248239,0.995298543208041,"Gene1161"
11.94918269162,0.162338733870602,0.500045821895882,0.324647715793541,0.745447709612031,0.995298543208041,"Gene1162"
66.7602408149291,0.199088249839757,0.388112294759542,0.512965583744527,0.607975395403957,0.995298543208041,"Gene1163"
577.371414496765,0.927894201077579,0.481750000836765,1.92609070984098,0.0540930484321447,0.856055940383494,"Gene1164"
69.1555818896931,0.0301831350852284,0.376485464030489,0.0801707847153006,0.936101425768856,0.99679148114792,"Gene1165"
35.58192731625,-0.489668149117723,0.406344304787452,-1.20505724664667,0.2281812029324,0.973557617323298,"Gene1166"
4.6262551317135,1.10366814030406,0.725726628475236,1.52077669056031,0.128315885764425,0.966311336522134,"Gene1167"
21.8934128041409,0.673112142740258,0.456412619160752,1.47478863309689,0.140269378149331,0.966311336522134,"Gene1168"
22.566960925158,-0.154510450904152,0.404149300962463,-0.382310325753854,0.702231196531479,0.995298543208041,"Gene1169"
95.0043877044733,0.150542730362859,0.35546530290291,0.423508930782979,0.671923984030915,0.995298543208041,"Gene1170"
103.608301646152,-0.197390782338114,0.419802842838667,-0.470198774747155,0.638213009452244,0.995298543208041,"Gene1171"
49.0149370373355,0.274749243656441,0.34858763182399,0.788178405007691,0.43059235880487,0.995298543208041,"Gene1172"
71.048183521611,-0.204551435420991,0.34509295907662,-0.59274299878015,0.553353160286624,0.995298543208041,"Gene1173"
32.6936599906267,0.220542079230408,0.424899547399768,0.519045220405732,0.603729207297346,0.995298543208041,"Gene1174"
58.5137359160746,-0.44598590441126,0.38594383305843,-1.15557204497096,0.247856248032747,0.977149621423155,"Gene1175"
73.1764343668758,0.108354069113351,0.419862773490708,0.258070198061388,0.796352731209419,0.995298543208041,"Gene1176"
94.6591282208714,0.197693847655154,0.451352817968983,0.438002909884878,0.661384174037376,0.995298543208041,"Gene1177"
440.00016262221,-0.483111006237044,0.358228561385186,-1.34861107771242,0.177461920633348,0.966311336522134,"Gene1178"
12.6707257152052,-0.234049299010704,0.502655199638238,-0.465625938375153,0.641483273214287,0.995298543208041,"Gene1179"
424.070161577984,0.319206924486703,0.350537191779055,0.910622130754958,0.362494505780017,0.993108616838184,"Gene1180"
106.133747498139,0.225016726774165,0.413174457234894,0.544604640567701,0.586025462428059,0.995298543208041,"Gene1181"
6.96769467513254,-0.684866289702301,0.570076690835858,-1.20135816936864,0.229612295108886,0.975059225563345,"Gene1182"
34.8103692426316,-0.349147024181377,0.405953210962943,-0.860067157378018,0.389752023975038,0.995298543208041,"Gene1183"
27.2983468703379,-0.0643412226649108,0.382627540829349,-0.168156276794531,0.866460337131016,0.995298543208041,"Gene1184"
19.8710402171604,0.0402776264965739,0.406319622815273,0.0991279382903087,0.921036689781409,0.99679148114792,"Gene1185"
8.53875450248487,0.230898908756781,0.578185460851203,0.399350942545066,0.689634635768424,0.995298543208041,"Gene1186"
27.4246585685886,-1.15653338312162,0.436729093038867,-2.64817114672664,0.00809285430711561,0.751830308739493,"Gene1187"
31.1843199540907,0.60433377253411,0.363098248886204,1.664380851155,0.0960363442956291,0.929203951102504,"Gene1188"
39.6225498055768,-0.305402727152784,0.406021714474377,-0.752183236180233,0.451940873468741,0.995298543208041,"Gene1189"
3.78114298839919,-0.294069656522101,0.712306908900797,-0.412841224544484,0.679722945706541,0.995298543208041,"Gene1190"
91.666763277162,0.397382721796028,0.327914184424885,1.21184974810706,0.225569901103471,0.972952680885552,"Gene1191"
122.021735494292,0.354374439686274,0.362144367705716,0.978544666955151,0.327805010946233,0.977149621423155,"Gene1192"
122.454545711293,-0.322034169653811,0.380993997793164,-0.845247356963976,0.397972746491941,0.995298543208041,"Gene1193"
127.457680478596,-0.321250735458287,0.427519366756846,-0.75142966714067,0.452394113930689,0.995298543208041,"Gene1194"
74.0497187270075,-0.0651399582692773,0.318870352495855,-0.204283520745705,0.83813194697941,0.995298543208041,"Gene1195"
316.005559422797,-0.398277762111718,0.400319680680136,-0.994899280082987,0.319785253058864,0.977149621423155,"Gene1196"
20.8506312423318,-0.164763650718078,0.380527281027301,-0.43298774866619,0.665023670273505,0.995298543208041,"Gene1197"
10.2416830080327,0.398842135197109,0.539381452849002,0.739443547957449,0.459637707011389,0.995298543208041,"Gene1198"
86.5738121027949,0.108460649505291,0.358183200281572,0.302807751508248,0.762036375750572,0.995298543208041,"Gene1199"
86.092190967105,-0.118182234365396,0.343519637165117,-0.344033416373778,0.730821155625312,0.995298543208041,"Gene1200"
21.580865804906,-0.190012349660472,0.431754609172692,-0.440093390142527,0.659869469054414,0.995298543208041,"Gene1201"
59.6258710733007,0.0142979099328525,0.358171358987954,0.0399191883272089,0.968157553222369,0.99679148114792,"Gene1202"
89.7106782155267,-0.405468071635378,0.344235031342621,-1.17788149002131,0.238843855329814,0.977149621423155,"Gene1203"
82.8867815049185,0.301011029625361,0.414233419151904,0.726670074668642,0.467428089659794,0.995298543208041,"Gene1204"
171.338718581386,0.447354441660852,0.344410565629311,1.29889871654617,0.193978690205888,0.966311336522134,"Gene1205"
167.11062181888,0.0815745130002102,0.382754420784662,0.213124940093387,0.831229512119014,0.995298543208041,"Gene1206"
2.93085558545649,-1.01305451081158,0.814473826304177,-1.24381469126945,0.213567772108556,0.972722569207905,"Gene1207"
430.66105069365,0.00700040421512104,0.373555536739761,0.0187399289439468,0.985048575149402,0.99679148114792,"Gene1208"
102.81795705415,0.788933411892773,0.355262989426418,2.22070250877112,0.0263711174173197,0.769267290080118,"Gene1209"
29.8501229956882,-0.16507335424305,0.38030783055515,-0.434051946819202,0.664250719189058,0.995298543208041,"Gene1210"
9.5041451652835,-0.160636192820323,0.508074933192293,-0.316166341470593,0.751876253964565,0.995298543208041,"Gene1211"
194.162199386127,-0.81056202669848,0.352412973904004,-2.30003458079065,0.0214462609785374,0.769267290080118,"Gene1212"
72.9160855392923,-0.0313048569697425,0.375465408423825,-0.0833761413632161,0.933552458880454,0.99679148114792,"Gene1213"
165.377792462714,-0.179278567405904,0.326397468912246,-0.549264576111353,0.582823893766187,0.995298543208041,"Gene1214"
46.9264458514626,0.26743581040187,0.373692548686836,0.715657326702514,0.474202966502039,0.995298543208041,"Gene1215"
41.0780696255715,-0.00616599470322088,0.514196236718471,-0.0119915204797519,0.990432380247678,0.99679148114792,"Gene1216"
885.487107378033,0.0401366472881624,0.299836419842314,0.133861814749758,0.893511845877142,0.995298543208041,"Gene1217"
3.65776008757988,-0.595453200120202,0.731798042768157,-0.813685149891619,0.415825343541341,0.995298543208041,"Gene1218"
99.9325619356592,-0.579956409813852,0.405310481701338,-1.43089418112114,0.152460544996838,0.966311336522134,"Gene1219"
81.6086798826296,-0.181645838248626,0.433668359545009,-0.418858868189515,0.675319279025385,0.995298543208041,"Gene1220"
91.8889675156653,0.358609011328325,0.413854130328024,0.866510649643847,0.386210188772321,0.995298543208041,"Gene1221"
105.898962598407,-0.000519358277479987,0.343705231547407,-0.00151105723687058,0.99879435121902,0.999294498615725,"Gene1222"
38.9234832729699,-0.219610714046375,0.420069775086702,-0.522795799819323,0.601116362810231,0.995298543208041,"Gene1223"
243.626100609435,0.410982096409529,0.32787038544843,1.2534895332112,0.210027605886872,0.972722569207905,"Gene1224"
2.66993216210256,1.75278480994098,0.978485042962699,1.79132509234257,0.0732411417612745,0.871907922324238,"Gene1225"
19.1077910755737,0.227317443826234,0.464015836153146,0.48989156428534,0.624210632667683,0.995298543208041,"Gene1226"
55.5558620371006,0.188421584807617,0.376842254998597,0.500001213527177,0.617074222970549,0.995298543208041,"Gene1227"
66.2794571373259,0.0733635403435473,0.368459900139907,0.199108614847072,0.842177782478258,0.995298543208041,"Gene1228"
89.2954119974698,0.0327603882419097,0.329600412128523,0.0993942575203312,0.920825242022805,0.99679148114792,"Gene1229"
105.779371067686,-0.702261841727883,0.355754475687478,-1.97400704621016,0.0483809417461832,0.851675080254396,"Gene1230"
10.1305132836636,0.441449367187634,0.520795651781719,0.847644110847259,0.396636200507699,0.995298543208041,"Gene1231"
49.2275146072738,-0.13895554745902,0.384363932985284,-0.361520776363634,0.717710176439555,0.995298543208041,"Gene1232"
94.0753829878518,-0.102854181503482,0.418430860806052,-0.245809262981576,0.805829886208625,0.995298543208041,"Gene1233"
188.666087676798,0.110879370509968,0.328302405297142,0.337735480218649,0.735562534847327,0.995298543208041,"Gene1234"
39.984205196553,-0.276077885838193,0.337422046624164,-0.818197532141998,0.413244404100494,0.995298543208041,"Gene1235"
436.549675054831,0.415890020005488,0.347010881008118,1.19849273543604,0.230725249452853,0.975521740117808,"Gene1236"
34.5956489336616,-0.29701102614373,0.393718804845966,-0.754373483024083,0.450624989487411,0.995298543208041,"Gene1237"
47.3374554975644,-0.432709510515729,0.378100953542576,-1.14442850900402,0.252445970664028,0.977149621423155,"Gene1238"
73.1274594064087,-0.204706379719384,0.339857656721468,-0.602329756799188,0.546954657028547,0.995298543208041,"Gene1239"
34.5780541589918,0.628512128095091,0.439733161255094,1.4293034582636,0.152917032470542,0.966311336522134,"Gene1240"
138.748486871938,0.0212877709480166,0.37388873865366,0.0569361115947807,0.954596088064949,0.99679148114792,"Gene1241"
9.24565919245351,0.216289507289277,0.562457895776888,0.384543463454326,0.700575688357517,0.995298543208041,"Gene1242"
60.5624624989156,0.42541928014769,0.359525487371885,1.18327989277613,0.236698238956297,0.975521740117808,"Gene1243"
28.6601617058747,-0.419519934987276,0.365641277924975,-1.14735386925695,0.251235398528884,0.977149621423155,"Gene1244"
30.3252513716278,-0.208664563576512,0.382250920919894,-0.545883743260465,0.585145853793716,0.995298543208041,"Gene1245"
216.794582269588,0.296288288472633,0.319421990305836,0.927576364385392,0.353627362769176,0.98950336506079,"Gene1246"
203.345543847191,-0.0144356459749856,0.385249039256438,-0.0374709460738631,0.970109505546003,0.99679148114792,"Gene1247"
344.371743533349,0.188661346804841,0.452010893166812,0.417382301304886,0.676398798359777,0.995298543208041,"Gene1248"
39.4558905566899,0.184959378188306,0.385826287142515,0.4793851128137,0.63166468232596,0.995298543208041,"Gene1249"
63.4837609387408,-0.0967280955635372,0.370051671430804,-0.261390781426654,0.793791165350373,0.995298543208041,"Gene1250"
7.43873335367084,-0.154163129028722,0.55020605867541,-0.280191623843368,0.779330492609204,0.995298543208041,"Gene1251"
33.687030863302,0.109240336440651,0.415759772800956,0.262748691882101,0.792744284221167,0.995298543208041,"Gene1252"
466.564699609257,0.0963801703284526,0.314474408660078,0.306480170323277,0.759239075687651,0.995298543208041,"Gene1253"
30.4708858132606,-0.0583782222365055,0.391765783860641,-0.14901307015947,0.881543319617467,0.995298543208041,"Gene1254"
14.6063128759459,0.723098179723006,0.498226509641554,1.4513442495126,0.146684025483171,0.966311336522134,"Gene1255"
59.1924341374856,0.456039341043262,0.442698413695702,1.03013547583374,0.302946413928072,0.977149621423155,"Gene1256"
301.162345371816,-0.0610698340250093,0.293900101512591,-0.207791129403176,0.835392059159451,0.995298543208041,"Gene1257"
7.56623139772554,-0.107483199110586,0.540501878542514,-0.198858141622781,0.842373713658859,0.995298543208041,"Gene1258"
36.1591941013088,-0.0566037863240728,0.472196779271119,-0.11987330030384,0.90458351520653,0.995298543208041,"Gene1259"
120.17276684395,0.0607381008560244,0.484696780037531,0.125311541890832,0.900276915103214,0.995298543208041,"Gene1260"
486.001403052157,0.017532946898971,0.316582938802937,0.0553818439024749,0.955834260102751,0.99679148114792,"Gene1261"
24.1407593488351,-0.273807784915813,0.41762913740929,-0.655624237844958,0.512065926472037,0.995298543208041,"Gene1262"
325.111315472318,-0.193665634701144,0.422334302255425,-0.458560040391926,0.646550137575016,0.995298543208041,"Gene1263"
28.1894681348747,0.448967882009358,0.421578498141204,1.06496864519637,0.286890118942335,0.977149621423155,"Gene1264"
14.8873352831039,-0.837986177433247,0.51722059768303,-1.62017170465974,0.105195397790936,0.930219026465012,"Gene1265"
13.9018328846613,0.291496837769115,0.468141953784395,0.622667623383665,0.533502962932535,0.995298543208041,"Gene1266"
40.4285024080656,0.0423546856062958,0.38758033622302,0.109279758666405,0.91298060067981,0.995669894262902,"Gene1267"
59.6362637914923,0.051762064129434,0.403843980408255,0.128173420034902,0.898011734286866,0.995298543208041,"Gene1268"
38.0092177169963,0.231259840332093,0.402570870927086,0.574457460867751,0.565658278810106,0.995298543208041,"Gene1269"
154.420954364267,-0.0556274569431114,0.327121908011824,-0.170051150903353,0.864969909809213,0.995298543208041,"Gene1270"
80.0797261349727,0.0270239074733178,0.324405863474073,0.0833027713615217,0.933610796728099,0.99679148114792,"Gene1271"
32.2539989552365,-0.82042719487858,0.412251462269932,-1.99011348646566,0.0465784354920672,0.830926018867413,"Gene1272"
24.3658854145444,0.0174638345628927,0.445989143557867,0.0391575329022034,0.968764791484108,0.99679148114792,"Gene1273"
12.6712068097036,0.492618878274269,0.469783181247029,1.04860901355945,0.294358105679229,0.977149621423155,"Gene1274"
5.75728256637226,-0.575568359480738,0.71287393044207,-0.807391510479019,0.419440956478954,0.995298543208041,"Gene1275"
71.423994313563,0.913368375552037,0.453013112666998,2.01620736798283,0.0437782963028331,0.817467626290286,"Gene1276"
56.8470097131054,-0.0125546428990286,0.460907462594055,-0.0272389664258617,0.978269136513059,0.99679148114792,"Gene1277"
266.042093707077,0.268593754926874,0.426165374565523,0.630257104300663,0.528526383265252,0.995298543208041,"Gene1278"
72.1470980680793,-0.492669006330164,0.377722113254735,-1.30431602768755,0.192125852769303,0.966311336522134,"Gene1279"
135.609425521076,0.400459237418674,0.353590837991895,1.13254981292206,0.257403354525029,0.977149621423155,"Gene1280"
45.9907270119416,-0.296886790702393,0.366865402718591,-0.809252626446554,0.418369849573857,0.995298543208041,"Gene1281"
18.5286520049971,-0.828553130414691,0.50785311540138,-1.63148183064674,0.102788690614661,0.930219026465012,"Gene1282"
88.1941427139316,-0.557102197003244,0.366339342213814,-1.52072718599274,0.128328313495567,0.966311336522134,"Gene1283"
67.843336503302,0.162113150603703,0.393697507868785,0.411770832589912,0.68050740183698,0.995298543208041,"Gene1284"
22.5476662345533,-0.0887461213370182,0.395793019741184,-0.224223563606682,0.822583349117242,0.995298543208041,"Gene1285"
59.9218892802083,-0.529101936849861,0.326098110551593,-1.62252377345851,0.104691247037607,0.930219026465012,"Gene1286"
687.587455826253,0.391497629690148,0.305776251642807,1.28034020819732,0.200425512484548,0.966311336522134,"Gene1287"
11.8207797515151,0.0753677982569774,0.486601023561874,0.154886230417873,0.876911009177877,0.995298543208041,"Gene1288"
269.974907498544,-0.440745433681225,0.331847578158283,-1.32815624609139,0.184126495380955,0.966311336522134,"Gene1289"
38.4274555664304,-0.205928444768164,0.369849092909137,-0.556790455124235,0.57767060601739,0.995298543208041,"Gene1290"
310.8290419386,-0.0609887599677792,0.379878079846129,-0.160548247460035,0.872449218522513,0.995298543208041,"Gene1291"
21.9710199431934,-0.800355946870533,0.437384209034454,-1.82986932390028,0.0672694815029195,0.856055940383494,"Gene1292"
52.7274309619773,-0.0434721839857225,0.387266944424397,-0.112253794473309,0.910622176838912,0.995504451882279,"Gene1293"
81.0349089542114,-0.172192545259322,0.346679625325659,-0.496690698501736,0.61940718270153,0.995298543208041,"Gene1294"
49.0346473389378,-0.0137348677769326,0.331150765701742,-0.0414761770151037,0.966916284495547,0.99679148114792,"Gene1295"
127.025389645322,0.173618293084273,0.380077018687664,0.45679766086291,0.647816487238319,0.995298543208041,"Gene1296"
48.5700234933654,-0.51014537565883,0.385758948267082,-1.32244599367175,0.186019681856174,0.966311336522134,"Gene1297"
248.70642316593,0.41761186866599,0.351746501316024,1.18725237380766,0.235128087859596,0.975521740117808,"Gene1298"
62.0102705930339,0.476558358492337,0.437333547639485,1.08969083452337,0.275849354877997,0.977149621423155,"Gene1299"
127.711043757775,-1.42897999621294,0.31810212418106,-4.49220513661072,7.04894763220074e-06,0.0281675947382742,"Gene1300"
12.5651176581464,0.12571288872007,0.585075850721572,0.214865967489563,0.829871819172734,0.995298543208041,"Gene1301"
25.0170568730189,0.0827167168224564,0.455950242813798,0.181416104336271,0.856040979176365,0.995298543208041,"Gene1302"
153.007481091293,-1.02157616409768,0.2875923827847,-3.55216697398576,0.000382072323659205,0.381690251335545,"Gene1303"
112.189616191216,-0.497018680217879,0.384836986625733,-1.2915044486128,0.196528813522821,0.966311336522134,"Gene1304"
48.5283991483925,-0.419411563967699,0.36651880358661,-1.14431117820833,0.252494609131867,0.977149621423155,"Gene1305"
49.0389380838657,0.3467688874349,0.389793782004641,0.88962139326987,0.373669215026841,0.993108616838184,"Gene1306"
147.837046118768,-0.0582750743926954,0.361809240105307,-0.161065743859206,0.872041620374153,0.995298543208041,"Gene1307"
44.701330298691,-0.319780957588622,0.438284844347165,-0.729619017661773,0.465623094273341,0.995298543208041,"Gene1308"
62.2029283444368,0.380408872083877,0.375165371919857,1.01397650358077,0.310593964136111,0.977149621423155,"Gene1309"
5.72840806457666,0.545055319366758,0.620770267497014,0.878030646610148,0.379927087604596,0.995298543208041,"Gene1310"
430.487453726431,-0.133408191731145,0.41624053672417,-0.320507446922573,0.748583686052466,0.995298543208041,"Gene1311"
156.399147508203,0.236703657085307,0.286703156398349,0.825605340585882,0.409028004625456,0.995298543208041,"Gene1312"
127.140185063002,-0.118210151541089,0.337825370688052,-0.349914961390642,0.726402518432999,0.995298543208041,"Gene1313"
4.01271085289954,0.795076094544983,0.726469764940845,1.09443796963763,0.273762938794804,0.977149621423155,"Gene1314"
39.9684966217212,-0.257530237730933,0.393253150112356,-0.654871391767249,0.512550560768841,0.995298543208041,"Gene1315"
36.1366259761281,0.278133322000343,0.413006961546587,0.673434948793156,0.500670620754232,0.995298543208041,"Gene1316"
9.38510539581094,0.40474678629317,0.5604399440428,0.722194751811373,0.470174749544573,0.995298543208041,"Gene1317"
121.227128726256,-0.498364870667071,0.373843014842541,-1.33308595020019,0.182503599487537,0.966311336522134,"Gene1318"
246.898994356909,-0.36248928037715,0.334156073259435,-1.08479034015856,0.278014524862131,0.977149621423155,"Gene1319"
32.4735313008486,-0.540384481731404,0.394182297086419,-1.37089992555635,0.170406154569932,0.966311336522134,"Gene1320"
46.9975332548528,-0.646949343821681,0.407888820404008,-1.58609236502458,0.112718358571233,0.944282098219382,"Gene1321"
423.384971061569,-0.0640033160313427,0.385602733742885,-0.165982526654023,0.868170701133474,0.995298543208041,"Gene1322"
6.82507400356887,0.0931724227061529,0.610201499338376,0.152691238561651,0.878641770358075,0.995298543208041,"Gene1323"
121.802589931696,0.109842541924717,0.389481049088244,0.282022815184085,0.777926016095645,0.995298543208041,"Gene1324"
36.9453504297492,-0.155857475103846,0.346161505827969,-0.450244965080841,0.652533817279747,0.995298543208041,"Gene1325"
44.4596509263823,0.555162285807972,0.32102190320804,1.72935952425712,0.083744769395521,0.88989888935685,"Gene1326"
26.8439752482254,-0.0401395177790323,0.409699300717869,-0.0979731176223645,0.921953639679587,0.99679148114792,"Gene1327"
287.725022473748,0.475330617247776,0.41891670576285,1.13466617756911,0.256515213747465,0.977149621423155,"Gene1328"
13.0732720737183,-1.17871604545501,0.481020684927259,-2.4504477299833,0.0142678676536377,0.769267290080118,"Gene1329"
188.36400637058,-0.100623953279782,0.36002496900681,-0.279491596256144,0.779867586385783,0.995298543208041,"Gene1330"
345.887485100234,-0.638533303522253,0.295958064394848,-2.15751277069566,0.0309657331673918,0.769267290080118,"Gene1331"
7.5449629328075,-0.0115797923129065,0.603176494752857,-0.0191980165235901,0.984683139897027,0.99679148114792,"Gene1332"
11.0804866589505,0.338306320796929,0.470944767390208,0.718356682614164,0.472537388567926,0.995298543208041,"Gene1333"
106.966201421812,-0.384146922574319,0.39799651768307,-0.96520171787086,0.334443786697471,0.977149621423155,"Gene1334"
13.7839974273813,-0.19318542958562,0.451969041063492,-0.427430668992395,0.66906567322366,0.995298543208041,"Gene1335"
19.5027864471757,0.239404236196484,0.417137770317199,0.573921263505907,0.56602108335056,0.995298543208041,"Gene1336"
27.968933385657,-1.02174382866702,0.388469269040282,-2.63017929627035,0.00853398463488328,0.754374193939223,"Gene1337"
43.8188232649681,0.757875192519594,0.359722500363403,2.10683288299721,0.0351320680596481,0.780113562579968,"Gene1338"
107.659860177979,-0.00773144136307069,0.427471167689483,-0.0180864627779688,0.985569877324827,0.99679148114792,"Gene1339"
20.850119357928,0.730593573950272,0.483723132650272,1.51035483861899,0.130952905716106,0.966311336522134,"Gene1340"
58.0077395363614,-0.0368262308644914,0.522281965237069,-0.0705102479419821,0.943787544174791,0.99679148114792,"Gene1341"
93.3809973421674,-0.359833526608086,0.33356916837195,-1.07873736761801,0.280704822597569,0.977149621423155,"Gene1342"
9.50298141619528,-0.0848441353516842,0.503498747159609,-0.168509129030243,0.866182762436482,0.995298543208041,"Gene1343"
23.2870275952556,0.0930854144050545,0.463486685499889,0.200837299791381,0.8408257960928,0.995298543208041,"Gene1344"
154.109418501608,0.345389544302639,0.381676253339144,0.904928041189239,0.365503510375467,0.993108616838184,"Gene1345"
32.0804867899382,0.039670075768149,0.433064415754268,0.0916031757055256,0.927013328213318,0.99679148114792,"Gene1346"
2.06579358096439,-0.523917547977828,1.52174053893609,-0.344288355716751,0.730629440426092,0.995298543208041,"Gene1347"
19.1362432519343,-0.51265609586467,0.408607150502569,-1.25464298711886,0.209608390974913,0.972722569207905,"Gene1348"
127.942084157347,0.00926921136993332,0.38255112066138,0.0242299940303615,0.98066915337287,0.99679148114792,"Gene1349"
37.6186285970299,0.184610510724724,0.383334263316389,0.481591468311701,0.630096188125691,0.995298543208041,"Gene1350"
30.7847263310669,0.795524222752981,0.373692056492959,2.128822941057,0.0332689121453053,0.770602674997537,"Gene1351"
45.5646835826331,-0.381679641931379,0.456678821890643,-0.83577259035405,0.403282849106914,0.995298543208041,"Gene1352"
124.79406656423,-0.278576950948406,0.369694842672416,-0.753532153531423,0.451130197160475,0.995298543208041,"Gene1353"
36.6597255340149,0.228499376233192,0.33826526363343,0.675503519867212,0.499355915837322,0.995298543208041,"Gene1354"
88.5529184785234,-0.477128984992194,0.299817279434528,-1.59139922119261,0.111519759493699,0.944282098219382,"Gene1355"
102.188475506411,0.503414312305271,0.322229503397241,1.56228497700494,0.118220869496293,0.966074835393022,"Gene1356"
16.4676575286843,0.348174040399308,0.491444832469023,0.708470244055834,0.478653284291685,0.995298543208041,"Gene1357"
50.1997594921898,-0.333933386146376,0.377413815380735,-0.884793753004258,0.376267879352605,0.993108616838184,"Gene1358"
32.6660225135226,0.138729945275261,0.365820530439534,0.379229523035727,0.704517429857081,0.995298543208041,"Gene1359"
77.7690286795447,-0.149808619248795,0.446510830470759,-0.335509486054013,0.737240790156932,0.995298543208041,"Gene1360"
8.5235275075072,-0.0963847360667158,0.610612883408105,-0.157849168738054,0.874575653244571,0.995298543208041,"Gene1361"
329.784097522673,0.201474623617728,0.31726847311709,0.635028818458658,0.525409619768379,0.995298543208041,"Gene1362"
272.634966274865,0.0812273586609298,0.353367891426408,0.229866268644406,0.818195688222647,0.995298543208041,"Gene1363"
17.5916863913193,-0.926405322384059,0.480976217595522,-1.92609382437932,0.0540926596072305,0.856055940383494,"Gene1364"
26.6648991407988,0.0569920470854661,0.433741266005918,0.131396414296187,0.895461725049285,0.995298543208041,"Gene1365"
16.4806500542145,-0.206044370702844,0.436428548671627,-0.472114785638997,0.636844859350337,0.995298543208041,"Gene1366"
45.6876464520781,0.521840784563307,0.361306765267568,1.44431501075507,0.148650385252054,0.966311336522134,"Gene1367"
29.2905444729536,-0.207188877060734,0.393359747816243,-0.526716010499176,0.598390815650374,0.995298543208041,"Gene1368"
61.0992757685564,-0.051322047973795,0.365236784085593,-0.140517193804246,0.888251368574717,0.995298543208041,"Gene1369"
4.63292630297214,0.292350219837145,0.672679005745572,0.434605833302489,0.663848560159402,0.995298543208041,"Gene1370"
63.4686158040836,0.204677643664047,0.340705005046546,0.60074739329434,0.548008247545297,0.995298543208041,"Gene1371"
47.7583419539165,0.480338340759373,0.388986898968701,1.23484452055549,0.216888374519876,0.972722569207905,"Gene1372"
6.94606505015437,0.0363842512144,0.591912361702323,0.0614689835328999,0.950985715235191,0.99679148114792,"Gene1373"
80.3355890130771,-0.191204133611162,0.342248919466196,-0.55866979480719,0.576387097211052,0.995298543208041,"Gene1374"
50.8966733300016,0.363931960373,0.347861498133957,1.04619787566388,0.295469683509697,0.977149621423155,"Gene1375"
37.5643328978438,-0.291828967948411,0.402113748466229,-0.725737354322069,0.467999797523397,0.995298543208041,"Gene1376"
50.0181456221489,0.0422520688120363,0.350027858717193,0.120710588485398,0.903920271929348,0.995298543208041,"Gene1377"
82.3962273207351,0.363597049890871,0.335620689021804,1.08335708072886,0.278649958213047,0.977149621423155,"Gene1378"
76.8119233223578,0.317056563594002,0.411247003751384,0.770963826366686,0.440728373185408,0.995298543208041,"Gene1379"
29.3078028495599,0.0330080618440751,0.419103642728564,0.0787587090133049,0.937224547415425,0.99679148114792,"Gene1380"
223.507296979224,-0.00152168413313592,0.383210297376226,-0.0039708852908041,0.996831700260005,0.998580966216841,"Gene1381"
52.0813917759579,0.25112862240426,0.390652397293913,0.642844186145668,0.520325208595145,0.995298543208041,"Gene1382"
49.1201605014602,-0.119248726956717,0.361130856827797,-0.330209187894405,0.741241904919355,0.995298543208041,"Gene1383"
176.944363624767,0.365932677061632,0.342374415363759,1.06880847586945,0.285155979308605,0.977149621423155,"Gene1384"
140.895961790462,0.237568699517123,0.475139562064619,0.499997723794705,0.617076680198808,0.995298543208041,"Gene1385"
22.4164855416682,0.0499810986453039,0.399799963922661,0.125015265521566,0.900511465013812,0.995298543208041,"Gene1386"
13.1682760882367,-0.334340629324837,0.475869190161935,-0.702589359086396,0.482311695762273,0.995298543208041,"Gene1387"
22.5468886088991,-0.371603019142705,0.416322303206117,-0.89258494267776,0.372079485618596,0.993108616838184,"Gene1388"
11.2181537308234,0.235596502017448,0.503252952573178,0.468147282222234,0.639679268709387,0.995298543208041,"Gene1389"
6.95060600564,-0.0642283587387243,0.562513344066191,-0.114181040176651,0.90909428135211,0.995504451882279,"Gene1390"
99.7386018584625,1.02710388562253,0.347120496942737,2.95892606362559,0.0030871315968249,0.619665196241461,"Gene1391"
33.9751256363677,0.018711436060462,0.394212526265504,0.0474653513365524,0.96214234482341,0.99679148114792,"Gene1392"
113.650216949144,-0.18706637266976,0.406807477810663,-0.459840054259831,0.645631030670213,0.995298543208041,"Gene1393"
45.5867452352348,0.0968636657356922,0.428573016215439,0.226014382779059,0.821190233907164,0.995298543208041,"Gene1394"
87.775968025227,-0.164937926412481,0.459817553608146,-0.358702979297393,0.71981729936512,0.995298543208041,"Gene1395"
29.6138981993046,-0.455217131614402,0.405014239423721,-1.12395340040911,0.261032795410563,0.977149621423155,"Gene1396"
20.4584863457694,0.265715063094639,0.445781774218388,0.596065336140156,0.551131580069668,0.995298543208041,"Gene1397"
147.466594143817,0.451343381790545,0.329403960247344,1.37018201436206,0.170630091235219,0.966311336522134,"Gene1398"
112.246766694105,-0.164577378944645,0.422171343706405,-0.389835504939194,0.696658187585015,0.995298543208041,"Gene1399"
5.98689720868294,0.0444146475048306,0.641643281817014,0.069220155128963,0.944814380112394,0.99679148114792,"Gene1400"
163.858076724062,0.447948758294416,0.39155672546939,1.1440200848483,0.252615307570586,0.977149621423155,"Gene1401"
7.53568568775619,0.269538697764322,0.63272892764175,0.425993954107524,0.670112251497599,0.995298543208041,"Gene1402"
49.0730358380253,-0.461202497930635,0.431102724681662,-1.06982041988067,0.284700149058032,0.977149621423155,"Gene1403"
30.5941250656079,-0.252353046048212,0.409338251970879,-0.61649026161905,0.53757099725821,0.995298543208041,"Gene1404"
45.825146623262,0.0476454327312908,0.346321839563798,0.137575593821347,0.890575845392619,0.995298543208041,"Gene1405"
205.989284854855,0.774447553234202,0.324026031883983,2.3900781944319,0.0168447859871884,0.769267290080118,"Gene1406"
8.16560627809118,-1.34724662836946,0.579994059038854,-2.32286280759853,0.0201865236925721,0.769267290080118,"Gene1407"
43.7743716376463,0.495833069743263,0.362923600718976,1.36621886468939,0.171870278114875,0.966311336522134,"Gene1408"
929.276780503055,0.124069485880072,0.303471055523695,0.408834660247803,0.682661002106062,0.995298543208041,"Gene1409"
9.2814668797065,-0.0902630417111302,0.553743022118272,-0.163005289648329,0.870514269840866,0.995298543208041,"Gene1410"
21.213163828915,-0.0107383820516357,0.433586514322716,-0.0247664115393662,0.980241282544579,0.99679148114792,"Gene1411"
57.1791686956917,-0.205650216479014,0.4007028470208,-0.513223746744028,0.607794816694896,0.995298543208041,"Gene1412"
50.2191730407292,-0.335559464942561,0.416050984942381,-0.806534480357096,0.419934734993129,0.995298543208041,"Gene1413"
29.6356455587901,-0.0256036383016271,0.370176096129664,-0.0691661038336165,0.944857403691304,0.99679148114792,"Gene1414"
43.3028851513026,0.0427827839988115,0.360886977592224,0.118548982521483,0.905632686252986,0.995298543208041,"Gene1415"
209.785632240468,0.162573315927978,0.31825900857928,0.510820782901672,0.609476555026689,0.995298543208041,"Gene1416"
40.5216578808428,-0.118601726005958,0.350893820440778,-0.337998901938415,0.735364015260282,0.995298543208041,"Gene1417"
83.041314604648,0.10187916253389,0.375813044259565,0.271090011616319,0.786321803616886,0.995298543208041,"Gene1418"
71.2000979849246,0.204317056554085,0.363936305800531,0.561408832528155,0.574518864184895,0.995298543208041,"Gene1419"
103.663364151014,-0.278621372931398,0.318395638506931,-0.87507911301157,0.381530861014475,0.995298543208041,"Gene1420"
84.1357489904748,0.014225161664324,0.417460741321963,0.03407544771582,0.97281698699666,0.99679148114792,"Gene1421"
44.3740010879363,0.146548593175683,0.352346967606373,0.41592125560564,0.677467625197163,0.995298543208041,"Gene1422"
20.837537151342,-0.0274667023348125,0.43726896402087,-0.0628142049740846,0.949914454273853,0.99679148114792,"Gene1423"
49.0427211601035,-0.327945873222801,0.396781008433438,-0.826516053572194,0.408511415260971,0.995298543208041,"Gene1424"
18.7872395175965,-0.274840898886401,0.453776240235184,-0.605674943985511,0.54473062543147,0.995298543208041,"Gene1425"
67.6313580680837,-0.14059782834176,0.476682978215569,-0.294950385826821,0.768031780802222,0.995298543208041,"Gene1426"
36.9529995160018,-0.0237538575465638,0.43108305245783,-0.0551027404374416,0.956056612910434,0.99679148114792,"Gene1427"
48.5482895585783,-0.0569726595537341,0.381281190249573,-0.14942425960337,0.881218870221986,0.995298543208041,"Gene1428"
14.4970024254709,0.108208526666059,0.447675825477646,0.241711793462615,0.809003490633466,0.995298543208041,"Gene1429"
37.5492739385564,-0.182569475103543,0.36695326688755,-0.497527864112162,0.618816858594851,0.995298543208041,"Gene1430"
14.2450652861935,0.310879562240373,0.469599875520908,0.662009464750234,0.507965155941954,0.995298543208041,"Gene1431"
27.1829460232877,0.105311168986295,0.506947155308839,0.207735989606526,0.835435114983896,0.995298543208041,"Gene1432"
103.66862373782,0.466197364287806,0.363895372698421,1.28113023485508,0.200147925595165,0.966311336522134,"Gene1433"
65.6316706498514,-0.197069247379248,0.324854147499784,-0.606639160669418,0.544090405678139,0.995298543208041,"Gene1434"
117.501717031572,-0.191894330081701,0.362929218699733,-0.528737616577693,0.596987478591923,0.995298543208041,"Gene1435"
70.388118932833,0.250204906505628,0.345831684570186,0.723487516236671,0.469380421022515,0.995298543208041,"Gene1436"
76.374133010035,-0.458025349450743,0.348435294696069,-1.31452053343295,0.188671092758067,0.966311336522134,"Gene1437"
139.67885594881,0.369095049335983,0.375415433706278,0.983164292666668,0.325526585648783,0.977149621423155,"Gene1438"
221.57807383128,-0.435081951057695,0.492274873212598,-0.883819131816215,0.376793856921479,0.993138816667579,"Gene1439"
7.92007421619324,0.0324706079866949,0.532557884673323,0.0609710398084007,0.951382273016865,0.99679148114792,"Gene1440"
159.65877164522,0.172418086363027,0.303323526177379,0.56842965178441,0.569743260995733,0.995298543208041,"Gene1441"
152.323407387791,-0.0583424774758422,0.361668595038403,-0.161314745809343,0.871845509884007,0.995298543208041,"Gene1442"
151.933240182258,0.0901139451034486,0.32699725586585,0.275580126398423,0.782870575631637,0.995298543208041,"Gene1443"
14.3918500185467,-0.608583392354113,0.462311939718001,-1.31639125030025,0.188042757647294,0.966311336522134,"Gene1444"
887.29977378703,0.0984077806611162,0.329299570601424,0.298839687162018,0.765062367840066,0.995298543208041,"Gene1445"
2.68052777725859,0.518572542936857,0.88519697306889,0.585827288969389,0.557991583408263,0.995298543208041,"Gene1446"
47.1578459590287,-0.287031215641112,0.379398817436991,-0.756542198998239,0.449324181547195,0.995298543208041,"Gene1447"
57.144713704506,0.0182808548164064,0.338942282578252,0.0539350082773632,0.956986944675318,0.99679148114792,"Gene1448"
49.1553311914389,0.295116431746636,0.38739369436135,0.761799781571457,0.446179510788591,0.995298543208041,"Gene1449"
153.045313228502,0.622103076541246,0.358029569173189,1.73757457513326,0.0822858030194439,0.88989888935685,"Gene1450"
49.595144433025,0.537686504723424,0.337196037435509,1.59458132667487,0.110805891082232,0.944282098219382,"Gene1451"
14.8714826514684,0.318074203913851,0.469097506564387,0.678055626949262,0.497736423821753,0.995298543208041,"Gene1452"
291.868783685765,-0.142883111690877,0.314432771609411,-0.454415457267816,0.649529829036338,0.995298543208041,"Gene1453"
48.3009610424046,-0.881513535997673,0.382059521729192,-2.30726754828139,0.0210399094600459,0.769267290080118,"Gene1454"
100.661941479889,0.366276001686996,0.37219043135764,0.984109130239941,0.325061858206237,0.977149621423155,"Gene1455"
21.3136084326487,0.10255253681825,0.463544835729898,0.221235420855828,0.82490913063973,0.995298543208041,"Gene1456"
16.6745329674616,0.478232769136593,0.44103309664864,1.08434666869817,0.278211120410201,0.977149621423155,"Gene1457"
36.4244775650735,0.504556600209652,0.373854771043825,1.34960588787165,0.177142434536921,0.966311336522134,"Gene1458"
16.340639710842,0.157656999030735,0.51757070997846,0.304609584721857,0.760663519195677,0.995298543208041,"Gene1459"
100.726477215601,-0.265111999698923,0.352008399496941,-0.753141118444325,0.451365117833091,0.995298543208041,"Gene1460"
6.33946739308498,-0.122954671867344,0.56963058708419,-0.215849841380044,0.829104796144914,0.995298543208041,"Gene1461"
15.4813883729802,-0.777049154873555,0.476816205381803,-1.62966179861975,0.103172995431719,0.930219026465012,"Gene1462"
56.3098802734782,-0.462837369684958,0.382805982528454,-1.20906514215868,0.226637819742637,0.972952680885552,"Gene1463"
10.9487516890607,0.374950833756077,0.52369634818944,0.715969922365094,0.474009921252418,0.995298543208041,"Gene1464"
24.6217697328936,-0.442635109543168,0.410813895846153,-1.0774589516537,0.281275279658143,0.977149621423155,"Gene1465"
38.6537118132024,0.230684833822398,0.384827842667214,0.599449437503115,0.5488732180311,0.995298543208041,"Gene1466"
240.450473012028,-0.63941202381172,0.391269004776699,-1.63420055257543,0.102216746576225,0.930219026465012,"Gene1467"
42.2194607297446,-0.198492869898894,0.405725066413772,-0.489229989296407,0.624678880211326,0.995298543208041,"Gene1468"
30.9261863165978,-0.0567014990164989,0.451680968820788,-0.125534399123635,0.900100493864121,0.995298543208041,"Gene1469"
16.5929729593544,0.109401012284253,0.54624073001516,0.200279851488219,0.84126171948985,0.995298543208041,"Gene1470"
94.6153045067484,-0.324048103885915,0.335468187598043,-0.965957774434898,0.334065310677217,0.977149621423155,"Gene1471"
35.3130679938361,0.34716728858059,0.482970449021753,0.718816832963114,0.472253784692272,0.995298543208041,"Gene1472"
25.7408068522287,-0.0535996494166566,0.410997358878748,-0.130413610352347,0.896239199047103,0.995298543208041,"Gene1473"
34.2759941093084,0.180697560844002,0.436493517613279,0.413975359432702,0.678892152577863,0.995298543208041,"Gene1474"
207.513914639619,-0.461311286788366,0.341010934933992,-1.35277564303813,0.176127316294132,0.966311336522134,"Gene1475"
373.8938028719,-0.240208460629849,0.287541885336824,-0.835385983327163,0.403500419189172,0.995298543208041,"Gene1476"
28.6625077495101,-0.700249360485879,0.364314553702313,-1.9221009794137,0.0545930528706567,0.856055940383494,"Gene1477"
65.1260339669823,0.465229332904713,0.363250447835104,1.28073987431366,0.200285049114641,0.966311336522134,"Gene1478"
33.3804872721343,0.454776415783507,0.369864578784966,1.22957547672579,0.218856117943962,0.972952680885552,"Gene1479"
513.518182476126,-0.629369022708816,0.442705702649003,-1.42164200493213,0.155130204099028,0.966311336522134,"Gene1480"
86.9065478600054,-0.530280325514381,0.341300764316316,-1.5537038909849,0.120255064529744,0.966311336522134,"Gene1481"
5.01196308841577,-0.961669372933863,0.652446765623449,-1.47394304578234,0.140496926512419,0.966311336522134,"Gene1482"
27.5939634203255,-0.348521539947925,0.447176289044228,-0.779382870887089,0.435754210993102,0.995298543208041,"Gene1483"
4.27694490200258,-0.265080293360874,0.729349839539228,-0.363447386960886,0.716270708656589,0.995298543208041,"Gene1484"
53.0104210425688,-0.388115079313689,0.406416065907302,-0.954969824943419,0.339592956825918,0.977149621423155,"Gene1485"
137.400657719189,0.637823041102831,0.350818986593001,1.81809726804438,0.0690492674925023,0.862252727812623,"Gene1486"
22.1970998703351,-0.268411367074673,0.462088495653047,-0.580865720743255,0.561330957072441,0.995298543208041,"Gene1487"
10.9849544487893,0.0496393726969154,0.549878670797545,0.090273319066765,0.928070021866175,0.99679148114792,"Gene1488"
303.234472692838,-0.244408580012307,0.414664204250384,-0.589413258986608,0.555584084244235,0.995298543208041,"Gene1489"
17.3185408456098,-0.255399872227468,0.49639303956905,-0.514511388896984,0.606894499901195,0.995298543208041,"Gene1490"
125.145751846958,-0.652076432006007,0.371180567882763,-1.75676338803373,0.0789581479908352,0.88137257277285,"Gene1491"
54.3580167598239,0.0776302655213716,0.326726340527803,0.237600266314511,0.812191143939996,0.995298543208041,"Gene1492"
125.382899336067,-0.244284598124783,0.32076275898461,-0.761574064576815,0.446314258892774,0.995298543208041,"Gene1493"
150.294127297176,-0.267604628222323,0.325661659589552,-0.821725924260161,0.411232901236732,0.995298543208041,"Gene1494"
198.366100891734,0.307859198075292,0.38373691087839,0.802266316707947,0.422398922286906,0.995298543208041,"Gene1495"
198.394628212134,0.00116759972620675,0.381447393733169,0.00306097182832901,0.997557701650997,0.999057788420397,"Gene1496"
87.25122549962,0.212385375692472,0.341041036706086,0.622756069896388,0.533444830622592,0.995298543208041,"Gene1497"
43.2629269998222,-0.0517597178807418,0.432973973009226,-0.119544640341785,0.904843875701664,0.995298543208041,"Gene1498"
17.8092733385614,-0.0888138362735082,0.480317187483841,-0.184906637921418,0.853302264464611,0.995298543208041,"Gene1499"
14.7413819856104,-0.22560191844782,0.532823159024751,-0.423408619964546,0.671997156813535,0.995298543208041,"Gene1500"
30.5506271658184,-0.552364247427668,0.479146087356913,-1.15280967955857,0.248988510512927,0.977149621423155,"Gene1501"
42.9624388601259,0.101798546067975,0.393554659722646,0.258664313972845,0.795894255986135,0.995298543208041,"Gene1502"
15.7120182105015,0.143669699250678,0.457970788658937,0.313709308122864,0.753741830556713,0.995298543208041,"Gene1503"
139.103692681118,-0.0460233359373444,0.342662469569117,-0.134310991207227,0.893156662266462,0.995298543208041,"Gene1504"
16.8384146776857,0.195523722064432,0.484602059590562,0.403472742624389,0.686600482792341,0.995298543208041,"Gene1505"
87.5375627479993,0.431281667103518,0.369774708659395,1.16633630425162,0.243478500417165,0.977149621423155,"Gene1506"
178.600730457543,-0.0828464355302201,0.339638838713517,-0.24392509362011,0.807288834178685,0.995298543208041,"Gene1507"
13.7784446430297,-0.087123259463716,0.544852755651392,-0.159902393004431,0.87295796343225,0.995298543208041,"Gene1508"
183.943488197832,0.22615972913941,0.359845729371414,0.628490796693545,0.529682473764868,0.995298543208041,"Gene1509"
3.65880540491296,0.179060295117389,0.731922001491283,0.24464395762466,0.80673212479167,0.995298543208041,"Gene1510"
86.0138424352811,0.101495971753993,0.322152206855596,0.315055956762353,0.752719168204328,0.995298543208041,"Gene1511"
238.46023839379,-0.0944980790069077,0.298410497730278,-0.316671429878184,0.751492929552067,0.995298543208041,"Gene1512"
100.779131556838,-1.02301754466462,0.436060945003681,-2.34604258048375,0.0189739397052279,0.769267290080118,"Gene1513"
168.505411974662,0.356870944419164,0.314857214558898,1.13343740564791,0.257030613307136,0.977149621423155,"Gene1514"
20.594743756025,0.244441912602226,0.392856058027739,0.622217495714336,0.533798863218065,0.995298543208041,"Gene1515"
83.9581543634235,0.0943882695588515,0.37368915009238,0.252584988179394,0.800588931642658,0.995298543208041,"Gene1516"
163.077894118735,0.113619340351738,0.357387867257203,0.317916053568683,0.750548614892306,0.995298543208041,"Gene1517"
8.8972009442829,0.262224433989057,0.563944719725808,0.464982514804911,0.64194397818908,0.995298543208041,"Gene1518"
174.517280166551,0.54719454630979,0.315825314589089,1.73258608804595,0.0831692637183123,0.88989888935685,"Gene1519"
10.1192347211925,-0.116725179953064,0.502386047177056,-0.232341603850169,0.816272701206837,0.995298543208041,"Gene1520"
27.804809433761,0.163229614509795,0.374431607659011,0.43593973150484,0.662880457336932,0.995298543208041,"Gene1521"
1165.5943170227,-0.0666101911782059,0.333388267008361,-0.199797646677636,0.841638841899776,0.995298543208041,"Gene1522"
109.14722557162,0.0799946012224714,0.317465799666437,0.25197864244439,0.801057572128149,0.995298543208041,"Gene1523"
44.5618413738148,-0.518496481784695,0.397868552632514,-1.30318538209175,0.192511479470683,0.966311336522134,"Gene1524"
183.371793611602,-0.723090508490665,0.381014540903871,-1.89780292052712,0.0577220483591044,0.856055940383494,"Gene1525"
51.4327724149894,0.0142565480517222,0.472084419538354,0.0301991496895057,0.975908226672956,0.99679148114792,"Gene1526"
122.29246005078,-0.228245783168803,0.315249565482527,-0.72401617055188,0.469055807593158,0.995298543208041,"Gene1527"
39.7441282414066,-0.172123433289174,0.326883765169787,-0.526558525168027,0.598500199971093,0.995298543208041,"Gene1528"
2.67817274492111,0.794211020549413,0.854559870399368,0.929380196823715,0.352692086946992,0.988329298345148,"Gene1529"
80.040969262518,0.125384421473996,0.414009800018554,0.30285375241933,0.762001317302362,0.995298543208041,"Gene1530"
28.159855231357,-0.954849196630792,0.397538515226635,-2.40190361451251,0.0163100052636361,0.769267290080118,"Gene1531"
24.8197287949206,0.47535472633334,0.437613162622617,1.08624412365601,0.277371000697412,0.977149621423155,"Gene1532"
50.3579066670445,-0.498704862652753,0.382904671371381,-1.30242564256694,0.19277092147997,0.966311336522134,"Gene1533"
230.05874482841,-0.340054701333774,0.330781416273648,-1.02803448018511,0.303933608684891,0.977149621423155,"Gene1534"
87.2839989115918,-0.837659904854953,0.35836002257712,-2.33748144904943,0.0194141644194918,0.769267290080118,"Gene1535"
175.477696771677,-0.0725573663542867,0.313362074621126,-0.23154482380171,0.816891567015249,0.995298543208041,"Gene1536"
125.958334157118,-0.093580616150681,0.449391204505359,-0.208238646445438,0.83504263443324,0.995298543208041,"Gene1537"
45.3197640176935,0.112279886147804,0.345968787900272,0.324537617480596,0.745531047407048,0.995298543208041,"Gene1538"
106.146994486938,-0.286748145314403,0.289200486506385,-0.991520272937273,0.321431598147752,0.977149621423155,"Gene1539"
42.8714768325548,-0.816087092103309,0.39893204418328,-2.04567946847703,0.0407879170648561,0.783187444021602,"Gene1540"
13.9219324377953,-0.684482001510192,0.462104094941916,-1.48122903259757,0.138545552196023,0.966311336522134,"Gene1541"
86.5553640771259,-0.733001693312518,0.334193919126383,-2.19334240200617,0.0282827188025757,0.769267290080118,"Gene1542"
1.94889581435991,-0.0103560120427083,1.00211143489601,-0.0103341920689518,0.991754654461075,0.99679148114792,"Gene1543"
17.057858216453,0.0718191627027633,0.504274078321011,0.1424208893344,0.886747563267045,0.995298543208041,"Gene1544"
46.7833380685363,-0.434202537029382,0.406306212207639,-1.06865837632698,0.285223633666439,0.977149621423155,"Gene1545"
42.2810097416641,-0.536503795747989,0.389548756656699,-1.37724427707723,0.168436736782456,0.966311336522134,"Gene1546"
29.9026035919171,-0.141093401431597,0.480473247985499,-0.29365506201056,0.769021496304992,0.995298543208041,"Gene1547"
170.081081605327,-0.0586535256791895,0.34560036386978,-0.169714884042453,0.865234368112822,0.995298543208041,"Gene1548"
14.0077342471753,0.0620806849218678,0.47583005650556,0.130468187272114,0.896196021858608,0.995298543208041,"Gene1549"
1.57983575472921,2.44740820870059,1.32306047399715,1.84980827165567,0.0643411882505309,0.856055940383494,"Gene1550"
154.550659553537,1.06426074008121,0.39599827044294,2.6875388594268,0.00719807263416536,0.71908745615312,"Gene1551"
55.2493791787055,0.528497913574868,0.44539840153501,1.18657344021322,0.235395917432039,0.975521740117808,"Gene1552"
34.3658493137714,0.547365371224424,0.415724450694598,1.31665426536707,0.187954540277298,0.966311336522134,"Gene1553"
36.9648971535277,0.394149258872716,0.413634835065683,0.952891839513775,0.34064487517436,0.977149621423155,"Gene1554"
6.45748269271227,0.480465466338334,0.603781700561923,0.79576023236739,0.426171410150802,0.995298543208041,"Gene1555"
13.8926530716629,0.0886892003718128,0.480822460995439,0.184453114332889,0.853658005342011,0.995298543208041,"Gene1556"
89.3777020132544,0.0533504102733929,0.339779891529795,0.157014619179472,0.875233326573158,0.995298543208041,"Gene1557"
48.9976619678125,0.218629689995099,0.377948338858339,0.578464481827092,0.562950570494223,0.995298543208041,"Gene1558"
10.5091012443188,-0.628368496894227,0.514406590491577,-1.22154052554759,0.221881431417315,0.972952680885552,"Gene1559"
91.0492564726272,0.444075813592929,0.42604371250888,1.04232453279937,0.297261241982149,0.977149621423155,"Gene1560"
134.535680368415,-0.485072506155149,0.346243677560036,-1.40095700684972,0.161226929986719,0.966311336522134,"Gene1561"
48.0112700627816,-0.130527872329033,0.380822938532082,-0.342752127359148,0.731784943460105,0.995298543208041,"Gene1562"
50.3628126181753,0.285245894925043,0.474044310116332,0.601728338127385,0.547354983530106,0.995298543208041,"Gene1563"
245.55835521584,0.261245190343193,0.309909361360202,0.842972891159463,0.399243605235814,0.995298543208041,"Gene1564"
102.011280402303,0.675953623679488,0.391623799538671,1.72602794946516,0.0843423846279448,0.88989888935685,"Gene1565"
228.378326572087,0.192842883018096,0.350439351879585,0.55028889302466,0.582121241145482,0.995298543208041,"Gene1566"
45.3273575766739,-0.291139115402181,0.41883959746749,-0.695108860677336,0.486987082281813,0.995298543208041,"Gene1567"
352.339617244946,-0.0309780460169485,0.363369911230011,-0.085252094517368,0.932060975852602,0.99679148114792,"Gene1568"
51.5855488093616,0.12914229593241,0.397046880694855,0.325257046992544,0.744986536462015,0.995298543208041,"Gene1569"
133.325846963992,-0.398875277491547,0.366354379491666,-1.08876896202252,0.276255782026679,0.977149621423155,"Gene1570"
38.2638245172587,-0.0654732135264147,0.403937450209295,-0.162087505113701,0.871236945558975,0.995298543208041,"Gene1571"
17.4227320927999,1.06438559125314,0.487796567233221,2.18202763764889,0.0291074930437978,0.769267290080118,"Gene1572"
211.737071307716,0.256449794353705,0.341307352387708,0.751374948590006,0.452427034863783,0.995298543208041,"Gene1573"
780.47785406895,-0.0898681721612201,0.405244730917345,-0.22176271597113,0.824498605117461,0.995298543208041,"Gene1574"
36.335859540591,-0.282753975612062,0.394124217952984,-0.717423499323739,0.473112824083636,0.995298543208041,"Gene1575"
286.426640550234,0.643097600137954,0.347841669782648,1.84882277198071,0.0644834080283802,0.856055940383494,"Gene1576"
33.8816354960675,-0.0324449230035796,0.404251199508962,-0.0802593116433297,0.936031018381106,0.99679148114792,"Gene1577"
151.068813831826,-0.135308899063486,0.344206217968231,-0.39310416837378,0.694242545514076,0.995298543208041,"Gene1578"
17.8859665393325,1.30761010001146,0.50109676329801,2.60949620070446,0.00906756529526306,0.76781299682498,"Gene1579"
76.7342815812776,0.35483747709924,0.389986143527492,0.909872012091697,0.36289001147617,0.993108616838184,"Gene1580"
19.6204638120604,0.699559739572192,0.402290823165989,1.73894033691031,0.0820452580769545,0.88989888935685,"Gene1581"
10.3696412640219,-0.252622341189881,0.535569142155479,-0.471689500580941,0.637148432467312,0.995298543208041,"Gene1582"
121.400576271894,-0.0624123027819851,0.357109379094478,-0.174770830551255,0.861259709384367,0.995298543208041,"Gene1583"
352.479576730747,-0.351246013351136,0.360937233483208,-0.97314984647456,0.330478833130064,0.977149621423155,"Gene1584"
18.4861071379943,0.93199208573031,0.427793551433581,2.17860246515429,0.0293612129008663,0.769267290080118,"Gene1585"
24.9733711018375,-0.0524083325843408,0.408199800389085,-0.128388922616784,0.897841197078064,0.995298543208041,"Gene1586"
14.8709366735086,-0.440757451593376,0.44727051324582,-0.985438204711552,0.32440887125256,0.977149621423155,"Gene1587"
31.7924849428101,-0.743923802654709,0.480140363324541,-1.54938817787304,0.121288433971005,0.966311336522134,"Gene1588"
117.460516130449,0.679844251976,0.393683311407556,1.72688105458501,0.0841890275708553,0.88989888935685,"Gene1589"
120.70292796108,0.14907972002919,0.34304481279478,0.434577974855937,0.663868784963839,0.995298543208041,"Gene1590"
93.8757105077962,-0.193316922659136,0.366062549944985,-0.528098060531429,0.597431276895038,0.995298543208041,"Gene1591"
123.199576627874,0.145968185304282,0.348006284637134,0.419441233529685,0.674893694645405,0.995298543208041,"Gene1592"
35.9461215637124,0.552211422284826,0.377075774787637,1.46445743589819,0.14306900473256,0.966311336522134,"Gene1593"
52.8159200884988,0.669122588300361,0.449873078061903,1.48735859274577,0.136920126963562,0.966311336522134,"Gene1594"
137.582275870507,-0.352791741833148,0.373130995573467,-0.945490313102883,0.344408613963999,0.977149621423155,"Gene1595"
39.0213315355838,-0.320235886391391,0.379135156921102,-0.844648354407377,0.398307202738963,0.995298543208041,"Gene1596"
18.1648823075392,0.0460915952003893,0.476905687186283,0.0966471913395018,0.923006578612793,0.99679148114792,"Gene1597"
8.39279815419255,0.45290901494165,0.538691072630547,0.840758345465047,0.400483327044421,0.995298543208041,"Gene1598"
1124.96633630897,0.225794329885457,0.29978152297902,0.753196286554522,0.451331970503018,0.995298543208041,"Gene1599"
5.71946607347746,0.942818328593565,0.624421661659622,1.50990650466496,0.131067282683325,0.966311336522134,"Gene1600"
57.1445033602415,-0.252133688032279,0.352691638252167,-0.714884223742241,0.474680586164082,0.995298543208041,"Gene1601"
574.23213714695,0.151793483131871,0.356865517358892,0.425352060505234,0.67058004756155,0.995298543208041,"Gene1602"
151.856558907447,0.315970936904666,0.431892878610545,0.731595616767717,0.464415424385978,0.995298543208041,"Gene1603"
53.5805227422711,-0.33701680062733,0.419127896873602,-0.80409059654878,0.421344654924009,0.995298543208041,"Gene1604"
99.302157204396,0.745742404461731,0.348056016451795,2.14259305747417,0.0321457891190405,0.770602674997537,"Gene1605"
391.906299097685,0.186932585279976,0.324375725240224,0.576284138221313,0.56442314237391,0.995298543208041,"Gene1606"
59.0458557406349,0.365141137156241,0.407597981826404,0.895836469847277,0.370340108711417,0.993108616838184,"Gene1607"
32.031087144739,0.417900360299512,0.469823511052502,0.889483711369252,0.373743173423807,0.993108616838184,"Gene1608"
370.347099249593,-0.146214758836133,0.287741009146243,-0.508147098218523,0.61135018748202,0.995298543208041,"Gene1609"
373.279156648347,-0.425389537259135,0.358784210384091,-1.18564174494675,0.235763809221814,0.975521740117808,"Gene1610"
17.6547288934884,-0.310870359470543,0.456814150029289,-0.680518235809052,0.496176379169947,0.995298543208041,"Gene1611"
116.831778507942,-0.180682152263669,0.316263527902341,-0.571302525656583,0.56779458997276,0.995298543208041,"Gene1612"
58.537518446156,-0.037144179143243,0.340745665981512,-0.109008515299086,0.913195736354739,0.995669894262902,"Gene1613"
105.327082850864,-0.234266266582283,0.43918999733108,-0.533405287019054,0.593753058457128,0.995298543208041,"Gene1614"
90.743855522172,0.115529657709406,0.336270425971732,0.343561755023674,0.73117589079092,0.995298543208041,"Gene1615"
55.2994517103378,-0.252910416433903,0.410374527014663,-0.61629170376081,0.537702013363856,0.995298543208041,"Gene1616"
89.4091836236568,-0.0572507429074921,0.335887761407822,-0.170446052179855,0.864659357564042,0.995298543208041,"Gene1617"
12.4152312667644,0.445712975921762,0.46389537815816,0.96080495065808,0.33665024891091,0.977149621423155,"Gene1618"
8.78309254302187,0.064101304471683,0.607776058715451,0.105468623767712,0.916003965708914,0.996722750350204,"Gene1619"
126.715566534837,-0.173212940700637,0.394385605285016,-0.439196913831221,0.660518861066848,0.995298543208041,"Gene1620"
71.5349556060855,-0.311061196650597,0.354330162800435,-0.877885174076451,0.380006035722232,0.995298543208041,"Gene1621"
47.3464366138925,-0.1640203234795,0.376140617256808,-0.436061185510087,0.662792337640198,0.995298543208041,"Gene1622"
6.82389427610049,-0.320003636397029,0.594475019028197,-0.538296187651665,0.590372582905098,0.995298543208041,"Gene1623"
27.3370123098905,-0.455954878319498,0.403797063121057,-1.12916838670222,0.258826806951995,0.977149621423155,"Gene1624"
77.8721198804067,-0.741330640482968,0.409988209928226,-1.80817550976099,0.0705791889503318,0.871560041795587,"Gene1625"
29.6918262260265,-0.883090180091359,0.423453508203836,-2.08544778348198,0.0370286732781575,0.780113562579968,"Gene1626"
49.7094176068248,0.244034929250834,0.404645044864939,0.60308394319344,0.546452847609922,0.995298543208041,"Gene1627"
85.0141134700102,-0.398600771322541,0.335104157904369,-1.18948321565229,0.234249571941517,0.975521740117808,"Gene1628"
52.4921726030729,-0.257130427544065,0.474180487228774,-0.542262776452058,0.587637494647932,0.995298543208041,"Gene1629"
78.9686642399638,-0.082345933758808,0.41445509793087,-0.198684813312498,0.842509304406355,0.995298543208041,"Gene1630"
40.1241280890818,-0.22901876741026,0.522535857632086,-0.438283352358014,0.661180892366186,0.995298543208041,"Gene1631"
37.2048625737161,-0.0978615302198024,0.35857554634581,-0.272917468068011,0.784916658499046,0.995298543208041,"Gene1632"
40.5982299663104,0.18548039889541,0.377594465900205,0.491215882767814,0.623273766569432,0.995298543208041,"Gene1633"
114.157366022659,-0.076934038862906,0.421464416198788,-0.182539820459289,0.855159107065877,0.995298543208041,"Gene1634"
108.824662926374,-0.629908816061214,0.289523616014365,-2.17567335173777,0.0295796941765692,0.769267290080118,"Gene1635"
938.076304859767,0.235741541832256,0.31602590377064,0.745956388446398,0.455693760314863,0.995298543208041,"Gene1636"
16.6979738562934,0.134983634179979,0.419603076604729,0.321693623584022,0.747684808930546,0.995298543208041,"Gene1637"
22.2241012002372,-0.238727462475912,0.471016009691306,-0.506835134186562,0.612270502048841,0.995298543208041,"Gene1638"
92.8928114756093,-0.00693736288719805,0.370365915545682,-0.0187311050936662,0.985055614327755,0.99679148114792,"Gene1639"
361.997477682771,0.495604601101577,0.40094232280147,1.236099490916,0.216421584099834,0.972722569207905,"Gene1640"
290.349749329896,0.578247399719425,0.353114144890423,1.63756509923686,0.101512448521905,0.930219026465012,"Gene1641"
31.9369899729222,-0.143829417014869,0.36789368455136,-0.390953753909276,0.695831419735874,0.995298543208041,"Gene1642"
24.3663054336477,-0.12776640317365,0.384502426487001,-0.332290238948518,0.739670109758137,0.995298543208041,"Gene1643"
413.803958703097,0.0124222924692779,0.336587443833277,0.0369065831089974,0.970559490763055,0.99679148114792,"Gene1644"
320.250785127557,0.00810995754172079,0.425001180337917,0.0190822000430036,0.984775531153692,0.99679148114792,"Gene1645"
92.9025772816625,0.724398080714698,0.330913714381154,2.18908449312656,0.0285906993976513,0.769267290080118,"Gene1646"
334.397202071635,-0.444726745134998,0.431373598478973,-1.03095494648515,0.30256194786686,0.977149621423155,"Gene1647"
58.9342176773347,0.202762197466151,0.444291084846215,0.456372419753447,0.648122195121637,0.995298543208041,"Gene1648"
13.4429907478308,-0.936267381042004,0.495586013511565,-1.88921268057569,0.0588633362693229,0.856055940383494,"Gene1649"
34.9288039300749,0.63202110248864,0.464264912946208,1.36133721257947,0.173407148208469,0.966311336522134,"Gene1650"
59.8847693710155,-0.613590335453843,0.36702115355348,-1.67181190924036,0.0945614176781652,0.927316529217752,"Gene1651"
6.82399290578393,-0.639650168803278,0.6138050328643,-1.04210642558334,0.297362339831526,0.977149621423155,"Gene1652"
41.0978537780081,-0.260462224169512,0.399298842497272,-0.652298971218008,0.514208323594926,0.995298543208041,"Gene1653"
37.4350430174235,0.236909998668303,0.442591419269595,0.53527924029633,0.592456779308925,0.995298543208041,"Gene1654"
103.995782504405,0.378046596802366,0.37310508878861,1.0132442793257,0.310943495208006,0.977149621423155,"Gene1655"
30.907003898466,-0.488464596468097,0.426875242217847,-1.14427951813335,0.252507734661333,0.977149621423155,"Gene1656"
111.456522050349,-0.100122436903452,0.343466772396096,-0.291505452492469,0.770664774381516,0.995298543208041,"Gene1657"
110.132203711134,0.195001403973036,0.467845337144528,0.416807411533089,0.676819280874968,0.995298543208041,"Gene1658"
36.656138431321,0.56007071774089,0.404001522837853,1.38630843222261,0.165652743155642,0.966311336522134,"Gene1659"
58.6343500842797,-0.211032334944406,0.327483662784685,-0.644405687752294,0.519312397239217,0.995298543208041,"Gene1660"
1089.56457263088,-0.30895061792593,0.341236670684309,-0.905385160704935,0.365261374439172,0.993108616838184,"Gene1661"
300.165031893522,0.481340713633158,0.33460318568874,1.43854193331237,0.150280348414097,0.966311336522134,"Gene1662"
311.128482915749,0.110403534875068,0.322153529079629,0.342704719673515,0.731820611734484,0.995298543208041,"Gene1663"
47.3773770666032,-1.002853768892,0.385425727237478,-2.60193780026026,0.00926986630818851,0.76781299682498,"Gene1664"
20.854028472733,-0.13036267046731,0.434982710919658,-0.299696211354451,0.76440888875383,0.995298543208041,"Gene1665"
116.471770649366,-0.186411134879697,0.309899755703026,-0.601520754531774,0.547493192488031,0.995298543208041,"Gene1666"
62.5914482857427,-0.448894891789421,0.3524260146418,-1.27372802557062,0.202759820580924,0.966311336522134,"Gene1667"
4016.89902606703,0.175281553932675,0.27670320593866,0.633464123908748,0.526430601781845,0.995298543208041,"Gene1668"
5.49165539949109,-0.597673133583897,0.609726779020732,-0.980231070945918,0.326972070565061,0.977149621423155,"Gene1669"
33.5321842812542,-0.0440826772620339,0.48962129411066,-0.0900342321550882,0.928260011958734,0.99679148114792,"Gene1670"
332.685768718078,0.0109489771118451,0.330062295777448,0.033172456387529,0.973537062648501,0.99679148114792,"Gene1671"
4.39619593367195,-0.49681992365798,0.697537125636645,-0.7122487182378,0.476310773530494,0.995298543208041,"Gene1672"
38.3908782774173,-0.0738205107011458,0.413401412163034,-0.178568598290209,0.858276453066152,0.995298543208041,"Gene1673"
77.7399918986482,0.018405688758942,0.394589207000492,0.0466451905739,0.96279601433723,0.99679148114792,"Gene1674"
33.1910147111903,-0.44119224912187,0.460960989743191,-0.957114070254982,0.338509682559947,0.977149621423155,"Gene1675"
21.9180298439937,0.406860840567374,0.41078460549793,0.990448120796055,0.321955134810423,0.977149621423155,"Gene1676"
47.1922301719969,-0.563840138714358,0.363343734108355,-1.55180917072376,0.120707890972519,0.966311336522134,"Gene1677"
288.903852735356,0.633897557666781,0.305074936765706,2.0778421340905,0.0377239016645898,0.781030377037707,"Gene1678"
11.6884632874861,0.660527562005885,0.487805907590901,1.35407864424602,0.175711288656884,0.966311336522134,"Gene1679"
341.84182699175,-0.0948663339375651,0.338996563799398,-0.279844529615063,0.779596786319979,0.995298543208041,"Gene1680"
186.766309766361,0.586874852482164,0.418374729096218,1.40274928590917,0.160691614664242,0.966311336522134,"Gene1681"
10.2327560513629,0.686345482183835,0.500467905483125,1.37140758610939,0.170247933953238,0.966311336522134,"Gene1682"
9.74528949108277,0.571663252809285,0.509487291789136,1.12203633343201,0.261846991825357,0.977149621423155,"Gene1683"
60.0001903946378,-0.105905783753895,0.339467115155947,-0.311976562752606,0.755058335234675,0.995298543208041,"Gene1684"
59.0111332183212,-0.213660627212606,0.377607938186632,-0.56582663023097,0.571511641569816,0.995298543208041,"Gene1685"
222.89318418878,-0.406248335228291,0.289445855168456,-1.40353827140436,0.160456387811913,0.966311336522134,"Gene1686"
52.6739117956053,0.106391665229201,0.338361311338141,0.314432122302774,0.753192862312316,0.995298543208041,"Gene1687"
71.6568554956493,0.0673576078781183,0.356573729939774,0.188902328529628,0.850169368532106,0.995298543208041,"Gene1688"
242.285446546428,-0.04078159104133,0.355500081927386,-0.114716122764945,0.908670134178614,0.995504451882279,"Gene1689"
228.871637169316,0.49220574062836,0.395559915340152,1.2443266406433,0.21337937001331,0.972722569207905,"Gene1690"
156.45467172678,-0.0806411037909696,0.400658323566453,-0.201271505039866,0.840486282308297,0.995298543208041,"Gene1691"
79.5664889282547,0.100008225411365,0.33810029706501,0.295794550550589,0.767386984911214,0.995298543208041,"Gene1692"
75.19490017297,0.18849183861024,0.405125703802908,0.465267537559012,0.641739878812414,0.995298543208041,"Gene1693"
193.138933989143,-0.194752389310589,0.306008901478728,-0.636427203161368,0.524498014922961,0.995298543208041,"Gene1694"
250.471334308233,0.0755145354112078,0.2826788342924,0.267138979825764,0.789362156217441,0.995298543208041,"Gene1695"
51.8064772647349,-0.342644847536604,0.443933094847146,-0.771838935897724,0.440209827753376,0.995298543208041,"Gene1696"
80.7625771141893,0.358857368793244,0.370127417128626,0.969550895681243,0.332270399316637,0.977149621423155,"Gene1697"
367.847556014812,0.10247909765864,0.32807924555711,0.312360806257709,0.754766333285502,0.995298543208041,"Gene1698"
389.688605955345,-0.0575569831039659,0.323814325410567,-0.17774687092978,0.858921773630706,0.995298543208041,"Gene1699"
14.8577970159004,0.564300337567508,0.453086343536588,1.24545872021397,0.212963180244102,0.972722569207905,"Gene1700"
305.870792346608,0.128769821188262,0.382548851629142,0.336610136561321,0.736410813846721,0.995298543208041,"Gene1701"
62.1227430995206,-0.408113910447835,0.367014019999497,-1.11198452431979,0.266144804317755,0.977149621423155,"Gene1702"
6.32944415028781,0.66718876147357,0.615227478704876,1.08445865077106,0.278161491036102,0.977149621423155,"Gene1703"
230.137998781996,0.0799878597426129,0.33573799909818,0.238244881298712,0.811691168853434,0.995298543208041,"Gene1704"
74.4008026804617,-0.565866249072571,0.356739553121314,-1.58621673464994,0.11269015288769,0.944282098219382,"Gene1705"
159.365481468619,-0.36994423044274,0.385523037229313,-0.95959046468783,0.337261369938155,0.977149621423155,"Gene1706"
490.493831306689,0.352174216243865,0.388248682604363,0.907084124230606,0.364362312737688,0.993108616838184,"Gene1707"
158.219552584803,-0.145626385336754,0.404469762047693,-0.360042700347974,0.718815201583538,0.995298543208041,"Gene1708"
33.8683768458989,0.00769407992240134,0.417693509261541,0.0184203961799743,0.985303481403885,0.99679148114792,"Gene1709"
43.8251167121614,-0.0904571877588281,0.441472470748362,-0.204898818731527,0.837651178155441,0.995298543208041,"Gene1710"
18.1683266772435,-0.070615293096814,0.39942776548271,-0.176791147734748,0.859672442613367,0.995298543208041,"Gene1711"
23.7892185427436,0.0615285489994977,0.415007282177924,0.148258962292423,0.882138400723576,0.995298543208041,"Gene1712"
88.1037395788818,0.357453298467026,0.402992088442509,0.886998302742166,0.375079814267086,0.993108616838184,"Gene1713"
31.446511144216,0.254975435108549,0.430551767534011,0.592206220796451,0.553712504280092,0.995298543208041,"Gene1714"
102.748606685601,-0.0511637608736067,0.428388997654638,-0.119432947983539,0.904932359383716,0.995298543208041,"Gene1715"
105.559484594483,-0.326095815511529,0.393475929592619,-0.828756706538945,0.407242090697683,0.995298543208041,"Gene1716"
90.8396722905392,-0.165212590258219,0.39924683042855,-0.413810649619635,0.679012784042817,0.995298543208041,"Gene1717"
24.1366284310389,0.45691881523375,0.424401941339163,1.07661810827722,0.281650910952554,0.977149621423155,"Gene1718"
7.68309556146306,-0.335096252433658,0.547081595486011,-0.612516040017702,0.540196388900426,0.995298543208041,"Gene1719"
55.6592153607461,0.743792373523958,0.354808849473142,2.09631855188624,0.0360539421109033,0.780113562579968,"Gene1720"
15.2502530938276,-0.222054344361331,0.435951431069114,-0.509355695465368,0.610502925225767,0.995298543208041,"Gene1721"
140.472354722979,-0.127758761987101,0.387590259616573,-0.329623252435414,0.741684650778356,0.995298543208041,"Gene1722"
138.316026165968,0.245200819715615,0.323616380679686,0.757689765890786,0.448636727110879,0.995298543208041,"Gene1723"
79.5322652183478,-0.61998718697888,0.406212543995362,-1.52626302693882,0.126944372598944,0.966311336522134,"Gene1724"
14.7689882810373,-0.374585016773127,0.445827919954466,-0.840200893679752,0.400795757425532,0.995298543208041,"Gene1725"
23.663335001958,0.133303077047221,0.436234571381143,0.305576599821458,0.759927039383702,0.995298543208041,"Gene1726"
29.3032361898705,-0.523329597323143,0.373767742538598,-1.40014650212652,0.161469452182179,0.966311336522134,"Gene1727"
47.7619184294981,-0.12752508004796,0.382157557636912,-0.33369765296941,0.738607720825125,0.995298543208041,"Gene1728"
812.253188010059,0.170037173730192,0.302621570871413,0.561880546851179,0.574197408461037,0.995298543208041,"Gene1729"
18.1716017043935,-0.343633780107627,0.416770987064185,-0.824514639390447,0.409647201147217,0.995298543208041,"Gene1730"
4.14805845953082,-0.183691632804054,0.738892585095512,-0.248603973716031,0.803667134407117,0.995298543208041,"Gene1731"
41.4544043418297,0.676974029672435,0.385641311611615,1.75544997200462,0.0791823707771405,0.88137257277285,"Gene1732"
18.6481993389423,-0.448908044656516,0.419920728169599,-1.06903044918328,0.285055949182102,0.977149621423155,"Gene1733"
3.28621342993178,-0.77259271382626,0.844978339384316,-0.914334341859226,0.360541190701423,0.993108616838184,"Gene1734"
18.2848565785172,-0.0128955228993082,0.409461486488256,-0.0314938604114066,0.974875688399832,0.99679148114792,"Gene1735"
46.9909824928915,0.506280612511412,0.420434838211075,1.20418330380424,0.228518737738378,0.973557617323298,"Gene1736"
17.4393525764715,0.290267201398235,0.453128977316877,0.640584063100533,0.521792956619382,0.995298543208041,"Gene1737"
100.179202452284,-0.226576574823881,0.378732365408756,-0.59824983423147,0.54967324412128,0.995298543208041,"Gene1738"
189.338989824655,0.230146507248145,0.406640423921799,0.565970557055107,0.571413795743178,0.995298543208041,"Gene1739"
34.6179884897693,-0.912785760268298,0.384530902553953,-2.37376438201928,0.0176077824348351,0.769267290080118,"Gene1740"
8.55404713753742,-0.863857558462767,0.571670361721893,-1.51111132622093,0.130760089478388,0.966311336522134,"Gene1741"
104.31059548927,0.191222011973171,0.311099433799264,0.614665252321084,0.538775811809223,0.995298543208041,"Gene1742"
14.1234306266411,0.645859409528303,0.499885482072472,1.29201473675658,0.196352041165861,0.966311336522134,"Gene1743"
19.2646105110194,0.240671268141401,0.449402024814153,0.535536679526374,0.592278801033256,0.995298543208041,"Gene1744"
65.5614995781003,-0.0213692578658506,0.370050778507466,-0.057746825860061,0.953950294259557,0.99679148114792,"Gene1745"
13.8790985108179,0.498338158294685,0.469838203027215,1.06065908451855,0.288844860638489,0.977149621423155,"Gene1746"
43.1830794175161,-0.25959308627072,0.363281600306309,-0.714578129065271,0.474869763105323,0.995298543208041,"Gene1747"
22.3287420632976,-0.0317721172826844,0.453837591821896,-0.0700076808426945,0.944187546211067,0.99679148114792,"Gene1748"
97.3954600593147,0.306046697780017,0.400897904365696,0.763403087038448,0.445223039450755,0.995298543208041,"Gene1749"
21.6999278673253,-0.141923801680963,0.437811469016656,-0.324166477410312,0.745812000030743,0.995298543208041,"Gene1750"
17.4456657969379,-0.156173005550661,0.425763418343947,-0.366807007887415,0.713762979932364,0.995298543208041,"Gene1751"
21.0728007213051,0.614968997272099,0.444787749899149,1.38261226261635,0.16678378702474,0.966311336522134,"Gene1752"
52.9383236351459,0.362994010267916,0.431617006778974,0.841009516693585,0.400342603027463,0.995298543208041,"Gene1753"
223.983483259158,-0.75251135484237,0.34129562759134,-2.20486667278202,0.0274634517648143,0.769267290080118,"Gene1754"
13.8068573274041,-0.191662965854076,0.538013217570449,-0.356242113752492,0.721659255736505,0.995298543208041,"Gene1755"
62.4631358105321,0.789166882907814,0.411675830989558,1.9169618993927,0.0552427722114845,0.856055940383494,"Gene1756"
25.0429415428131,-0.716793794558856,0.391497970371481,-1.83090041023383,0.0671154091079944,0.856055940383494,"Gene1757"
10.736758498565,-0.891511008930404,0.511035596676195,-1.74451841462482,0.081068733249378,0.88989888935685,"Gene1758"
183.481105858264,0.104800061246476,0.339538803364059,0.308654151478844,0.757584623730298,0.995298543208041,"Gene1759"
29.9606044159552,0.245426271317548,0.387232448694292,0.633795726946695,0.526214142211464,0.995298543208041,"Gene1760"
403.391344526407,-0.136202643375521,0.404281699682836,-0.336900343207158,0.736192026587299,0.995298543208041,"Gene1761"
24.2073216042668,0.17942468590438,0.504219418037777,0.355846442016513,0.721955566800882,0.995298543208041,"Gene1762"
108.314139946155,0.0938834736111991,0.396388665006088,0.236847018846407,0.81277547336836,0.995298543208041,"Gene1763"
186.793804946725,-0.076757239429538,0.379768049208352,-0.202116106369514,0.83982595664669,0.995298543208041,"Gene1764"
646.125855663,-0.326880516222653,0.420980484654479,-0.776474274076958,0.437469004801921,0.995298543208041,"Gene1765"
20.8314411894425,0.0738328922008584,0.456227514041034,0.161833493001954,0.871436977086758,0.995298543208041,"Gene1766"
72.4043118867413,-0.32333469908826,0.363964270673378,-0.888369340457653,0.374342111834183,0.993108616838184,"Gene1767"
162.72509277393,-0.00597269567281795,0.400245864482756,-0.0149225668590894,0.988093956176153,0.99679148114792,"Gene1768"
23.7474922803353,0.823697958913835,0.467495751330976,1.76193678032098,0.0780799794586082,0.88137257277285,"Gene1769"
116.866579754975,-0.507606654410118,0.40690277398406,-1.2474888028903,0.212218323342325,0.972722569207905,"Gene1770"
39.2534995855262,-0.189406615957429,0.390736714068238,-0.484742306361187,0.627859152350947,0.995298543208041,"Gene1771"
13.9018845358517,-0.0145542972132264,0.492391749513228,-0.0295583693829448,0.976419267213533,0.99679148114792,"Gene1772"
3.78103822320849,-0.292995621253437,0.739626225454237,-0.396140119387324,0.692001663086655,0.995298543208041,"Gene1773"
106.700496405533,0.378511799984829,0.33560348263525,1.12785420762815,0.259381495767944,0.977149621423155,"Gene1774"
37.3765774808688,0.510059468591266,0.440477047444627,1.15797059472295,0.246876036548255,0.977149621423155,"Gene1775"
518.103744914705,-0.314467748092538,0.418346839936466,-0.75169146285483,0.452236625580675,0.995298543208041,"Gene1776"
14.3847224774846,0.134216810211299,0.432602647434425,0.310254250655375,0.756367618377599,0.995298543208041,"Gene1777"
33.3665855827922,0.764379264379387,0.389631303702079,1.96180147004782,0.0497856024811443,0.855060010888543,"Gene1778"
160.244235787834,-0.343046058037285,0.28374777483203,-1.20898237260313,0.226669617626161,0.972952680885552,"Gene1779"
43.7233922899044,-0.586538902616088,0.44606092387941,-1.31493002685583,0.188533420184154,0.966311336522134,"Gene1780"
94.7343854523897,-0.799759468863138,0.35877016590553,-2.22916938158601,0.025802636935905,0.769267290080118,"Gene1781"
239.713696233535,-0.0318181819780404,0.343850043419754,-0.0925350529596951,0.926272942447853,0.99679148114792,"Gene1782"
868.140767760782,-0.553665568733876,0.389748044419698,-1.4205730513882,0.155440917468357,0.966311336522134,"Gene1783"
59.5531300826602,-0.111251796146571,0.383861084577197,-0.289823065208887,0.771951601345656,0.995298543208041,"Gene1784"
20.8361318046547,0.172376461433195,0.418411046988093,0.411978753128142,0.68035499641768,0.995298543208041,"Gene1785"
11.7191416886908,-0.0139553676607237,0.481629747108945,-0.0289753025939384,0.976884287996923,0.99679148114792,"Gene1786"
27.534301089353,0.529694179606258,0.362059056095776,1.46300491781135,0.143466033289367,0.966311336522134,"Gene1787"
28.044949246349,-0.0895084322509954,0.396546196965706,-0.225720062216954,0.821419153349957,0.995298543208041,"Gene1788"
12.0690216040284,-0.0426547387050032,0.464050649325816,-0.0919182825559518,0.926762965575887,0.99679148114792,"Gene1789"
110.166925282673,-0.156318464127985,0.403233598262083,-0.387662299971307,0.698265958423789,0.995298543208041,"Gene1790"
251.52672768689,-0.228809723689832,0.415730264601835,-0.550380242123999,0.582058597452706,0.995298543208041,"Gene1791"
33.7578723708548,-0.315572373368344,0.375910826739008,-0.839487322314991,0.401195900444587,0.995298543208041,"Gene1792"
13.1523033086287,0.310149316938451,0.47481936657226,0.65319432772389,0.513631006598111,0.995298543208041,"Gene1793"
13.0501466792587,0.229111736057792,0.446568801279709,0.513049132409694,0.607916952536587,0.995298543208041,"Gene1794"
126.083667636651,-0.553729563526967,0.319056798478239,-1.73552034047861,0.0826486818911725,0.88989888935685,"Gene1795"
59.387382138205,-0.568487761356114,0.347652610836584,-1.63521786874581,0.102003383595364,0.930219026465012,"Gene1796"
4.76462549422226,-0.385752959354621,0.664132712317002,-0.58083716130895,0.56135020689377,0.995298543208041,"Gene1797"
39.5291832346529,-0.0513149336269248,0.405117923117013,-0.126666658517854,0.899204235878015,0.995298543208041,"Gene1798"
46.0066909497776,0.128221277848493,0.403738247272035,0.317585164930136,0.750799628662197,0.995298543208041,"Gene1799"
22.6864726695966,0.234260366538968,0.425861972278748,0.550085196115218,0.58226093997744,0.995298543208041,"Gene1800"
14.6252806772721,-0.205062693301913,0.514276628806547,-0.398740058979135,0.690084747730455,0.995298543208041,"Gene1801"
26.4733126750628,-0.815152638541322,0.44013092708771,-1.85206852864234,0.0640159830140438,0.856055940383494,"Gene1802"
26.7730919500662,0.358299697252218,0.431263714681508,0.830813456023828,0.406079019874667,0.995298543208041,"Gene1803"
21.7127010101093,-0.986999237496468,0.465301778948431,-2.1212023726345,0.033904775697907,0.77419133536478,"Gene1804"
3.40636789697617,0.835011975743249,0.787088622784353,1.06088685768239,0.288741322582298,0.977149621423155,"Gene1805"
27.8175430848762,-0.549733614533612,0.379840511545071,-1.44727483726649,0.147819963672681,0.966311336522134,"Gene1806"
129.495383997492,-0.334599842209691,0.298121640971097,-1.12236012494689,0.261709351485269,0.977149621423155,"Gene1807"
214.126728309444,-0.101110153455734,0.354873915367746,-0.284918527615524,0.775706561059948,0.995298543208041,"Gene1808"
573.4458614788,0.0673224505857485,0.376289978498933,0.178911091000366,0.858007513941964,0.995298543208041,"Gene1809"
76.2698896857154,-0.0583542631767123,0.386583659983301,-0.150948602378158,0.880016260551978,0.995298543208041,"Gene1810"
14.0531005356914,-0.809598076062126,0.496892739678564,-1.6293216048716,0.103244954852158,0.930219026465012,"Gene1811"
117.614816825649,-0.124252215900042,0.35900994328729,-0.346096865068196,0.729269919331498,0.995298543208041,"Gene1812"
172.508869557984,0.675710858951728,0.355766792307068,1.89930840528958,0.0575239383818124,0.856055940383494,"Gene1813"
555.383845454724,0.315513905473487,0.343095915740397,0.91960845640675,0.357777406034766,0.991832533005816,"Gene1814"
130.02009448889,0.585129550476443,0.337970997549844,1.73130107233579,0.0833980802991345,0.88989888935685,"Gene1815"
263.933408567008,0.120000988259299,0.371295149152315,0.323195680130127,0.746547052265254,0.995298543208041,"Gene1816"
102.432591918564,-0.532266131450187,0.411913848057383,-1.29217828912622,0.196295408543195,0.966311336522134,"Gene1817"
12.3130298376274,0.301093934857062,0.557064846303441,0.540500691894408,0.588851783964231,0.995298543208041,"Gene1818"
16.8307690966625,0.707852791658916,0.501092681887683,1.41261849802384,0.157767927096897,0.966311336522134,"Gene1819"
550.503507158511,-0.0124061830885809,0.343948818032027,-0.0360698523680511,0.97122666100359,0.99679148114792,"Gene1820"
106.382421575161,0.110131659464071,0.286668625558785,0.384177582215001,0.700846832598782,0.995298543208041,"Gene1821"
27.5316833227296,0.664237439536603,0.410742370455931,1.61716318382077,0.105843061071252,0.930219026465012,"Gene1822"
25.7128588238124,0.524391927029086,0.443723124994834,1.18179986007083,0.237285123357392,0.976508947684905,"Gene1823"
17.0497220130792,-0.0510671127701711,0.463698196047364,-0.110130065645015,0.912306224241168,0.995669894262902,"Gene1824"
60.1711029727192,0.0119834547901347,0.351777560861479,0.0340654326011813,0.972824973265449,0.99679148114792,"Gene1825"
42.7208087999854,-0.480838770298982,0.364714940987186,-1.31839613972896,0.187371072374233,0.966311336522134,"Gene1826"
13.2901696280307,0.438177400706795,0.48614646727229,0.901327954032775,0.367413975079601,0.993108616838184,"Gene1827"
246.303639219641,-0.124746549189572,0.331057177828813,-0.3768127004758,0.70631280167962,0.995298543208041,"Gene1828"
76.1669831153876,-0.215344109837495,0.433568223459855,-0.496678719023869,0.619415631766708,0.995298543208041,"Gene1829"
147.734451098832,0.217009699372298,0.347006494469774,0.625376478050905,0.531723996367393,0.995298543208041,"Gene1830"
34.3993980129853,0.0269690189443874,0.382426006661565,0.0705208810975403,0.943779081211126,0.99679148114792,"Gene1831"
60.0349853902137,-0.755401141276064,0.362452297422358,-2.08413947614136,0.0371474821545063,0.780113562579968,"Gene1832"
173.797442226585,0.283229622855581,0.493381740857406,0.574057771905748,0.565928707756183,0.995298543208041,"Gene1833"
123.03733517602,0.399714726498743,0.411965591104209,0.970262408147656,0.331915710040369,0.977149621423155,"Gene1834"
154.939257273335,-0.0143176972502638,0.377837483029026,-0.0378937979775922,0.969772357996228,0.99679148114792,"Gene1835"
5.59954832692099,-0.780873686742459,0.685445481747753,-1.13922070760665,0.254611110703213,0.977149621423155,"Gene1836"
67.191029847681,-0.145225776861113,0.342602795215743,-0.423889643894065,0.671646297136032,0.995298543208041,"Gene1837"
40.0754357001362,0.206506572265623,0.385838872803855,0.535214533374927,0.592501517709448,0.995298543208041,"Gene1838"
20.2232276189346,0.127108989267174,0.42671054962968,0.2978810563214,0.765793946842725,0.995298543208041,"Gene1839"
26.3484611188326,0.20172169072907,0.46733106721582,0.431646224443948,0.665998557036506,0.995298543208041,"Gene1840"
376.02812348009,-0.563710398677563,0.292101144781839,-1.92984659166119,0.0536258486053402,0.856055940383494,"Gene1841"
95.6235533338666,-0.271383283802846,0.370709094530252,-0.732065352070018,0.464128680319469,0.995298543208041,"Gene1842"
38.7843890161671,-0.0866897751857299,0.344746388477224,-0.251459560080228,0.801458824245875,0.995298543208041,"Gene1843"
157.814895940735,0.382049040299466,0.357849105584097,1.06762608691132,0.285689211407552,0.977149621423155,"Gene1844"
42.3450653500762,0.698925098349236,0.408436704680321,1.7112200993206,0.0870404896506497,0.906443993527851,"Gene1845"
69.2074100989802,0.0403260730972624,0.410711041985852,0.0981859969049763,0.921784601584801,0.99679148114792,"Gene1846"
357.030207607363,0.255252171697765,0.417164069955705,0.61187477561255,0.540620611742618,0.995298543208041,"Gene1847"
36.7048816453912,-0.00371274902083231,0.403720911734728,-0.00919632576097975,0.992662497084394,0.99679148114792,"Gene1848"
18.4271489663004,-0.302898990032422,0.548756855346077,-0.55197304066734,0.58096682411673,0.995298543208041,"Gene1849"
24.3834440678142,-0.564757271358544,0.434723030633471,-1.29911974190921,0.193902838998804,0.966311336522134,"Gene1850"
16.7010369253895,-0.372883089465419,0.478501959371808,-0.779271813128941,0.43581961499867,0.995298543208041,"Gene1851"
66.9337813262205,0.782741094813103,0.366516729491715,2.13562173791796,0.032710258117767,0.770602674997537,"Gene1852"
77.2966382950147,0.0708107608582886,0.358597346230793,0.197465936662886,0.843462935207204,0.995298543208041,"Gene1853"
143.871246993077,0.202061887630202,0.2937454626349,0.68788088101074,0.491527797300679,0.995298543208041,"Gene1854"
476.243919690112,0.498116044057308,0.334991190196452,1.48695266811403,0.137027312383077,0.966311336522134,"Gene1855"
241.234091177149,0.319261391356077,0.366082761092292,0.872101681061101,0.383152909157254,0.995298543208041,"Gene1856"
12.9293456900422,0.200818659961626,0.521682398157944,0.384944289227919,0.700278691496573,0.995298543208041,"Gene1857"
578.633041060058,0.278720826292138,0.426017319499194,0.654247640963963,0.512952272800495,0.995298543208041,"Gene1858"
78.0231987944072,-0.271743493130388,0.439245304902594,-0.618659983606766,0.536140377063186,0.995298543208041,"Gene1859"
28.15635142228,0.449410564807547,0.546974974817619,0.821629115586862,0.411288013280051,0.995298543208041,"Gene1860"
409.620041738433,0.272661889809555,0.296245867719463,0.920390525304335,0.357368718065786,0.991832533005816,"Gene1861"
92.334774336806,-0.0264155975693156,0.34509085703836,-0.0765467905931198,0.938984089634402,0.99679148114792,"Gene1862"
366.368416607822,0.225205893118235,0.344760879610961,0.653223455550886,0.513612230931717,0.995298543208041,"Gene1863"
53.1650336506143,-0.354937445770524,0.415826109390362,-0.853571812243569,0.393342282284535,0.995298543208041,"Gene1864"
20.5136691689796,0.0176315980788958,0.448627290196378,0.0393012160967245,0.968650237061983,0.99679148114792,"Gene1865"
6.33723882595939,-0.688814600756429,0.626612884898837,-1.0992665764727,0.271651806626356,0.977149621423155,"Gene1866"
225.333593598906,0.680480461871211,0.414940081438721,1.63994873551811,0.101015826419665,0.930219026465012,"Gene1867"
28.2675318721626,-0.111358052919479,0.360024502772989,-0.309306872342783,0.757088103750656,0.995298543208041,"Gene1868"
137.568642712681,-0.156048293901911,0.412044593071049,-0.378717004241829,0.704898024794071,0.995298543208041,"Gene1869"
68.1185255635386,-0.345805229415249,0.465047453297472,-0.743591276467118,0.45712378239122,0.995298543208041,"Gene1870"
93.7266478798929,-0.308781146791388,0.414280610228163,-0.745342985329023,0.456064401428749,0.995298543208041,"Gene1871"
288.02611928899,-0.220646787634658,0.34941064928759,-0.631482721217948,0.527724943522664,0.995298543208041,"Gene1872"
33.6002824257474,-0.407802361583684,0.450812801667002,-0.904593569827042,0.365680743127337,0.993108616838184,"Gene1873"
26.223628383817,-0.187944732819717,0.393188703241868,-0.478001354744171,0.632649240804423,0.995298543208041,"Gene1874"
47.6555406724582,-0.820026790754807,0.377363929235973,-2.17303967661951,0.0297773311998349,0.769267290080118,"Gene1875"
191.02592856908,0.279866112422439,0.342780567615613,0.816458512713228,0.414237942531885,0.995298543208041,"Gene1876"
32.8281190696291,-0.241046401301444,0.443806638778956,-0.543133834060333,0.587037658809697,0.995298543208041,"Gene1877"
41.6045850928867,-0.293571467972629,0.455084964651738,-0.645091556029081,0.51886785555153,0.995298543208041,"Gene1878"
146.490454771566,-0.407599067983573,0.393051957486682,-1.03701065525767,0.299730891369485,0.977149621423155,"Gene1879"
132.847582646535,0.0171774368394805,0.394603900525927,0.0435308338731229,0.965278385938178,0.99679148114792,"Gene1880"
158.300366966183,-0.433904210209225,0.345217949762267,-1.2568993313008,0.208790090718003,0.972722569207905,"Gene1881"
60.1163548823488,-0.217136809681636,0.4635902612476,-0.468380869557708,0.63951224612183,0.995298543208041,"Gene1882"
133.788555895164,-0.483105005529364,0.33352853819009,-1.44846677334107,0.147486551995144,0.966311336522134,"Gene1883"
94.2666447204485,0.553596449321189,0.312167111950038,1.77339773515217,0.076162824039432,0.871907922324238,"Gene1884"
24.9827775437625,-0.0543917276950399,0.394884284731785,-0.137740927654247,0.890445172080552,0.995298543208041,"Gene1885"
491.085392216624,-0.458850702224087,0.376974645407778,-1.21719247650659,0.223530992013536,0.972952680885552,"Gene1886"
5.73429899781389,-0.32193205115198,0.598226885219023,-0.538143736275098,0.590477819803698,0.995298543208041,"Gene1887"
119.535336487326,-0.264087463074211,0.359377117903317,-0.734847740487635,0.462432228427607,0.995298543208041,"Gene1888"
76.3933557177404,0.030556287599593,0.442794083084613,0.0690078950168675,0.94498333516822,0.99679148114792,"Gene1889"
68.4795519613534,0.663497163769636,0.416985239587268,1.5911766191685,0.111569833175659,0.944282098219382,"Gene1890"
22.4022998326352,0.526033770020349,0.424127849934322,1.24027170133206,0.214874915666276,0.972722569207905,"Gene1891"
32.9977422496187,0.47104630402664,0.403248308667761,1.16812964593173,0.242754473691457,0.977149621423155,"Gene1892"
465.997132267981,-0.250092650878554,0.327322340994659,-0.764056159804365,0.44483377624845,0.995298543208041,"Gene1893"
45.7750080160238,0.468515038848362,0.344378244676635,1.36046642344754,0.173682371199033,0.966311336522134,"Gene1894"
44.2341373450122,-0.433694768453753,0.440521284115814,-0.984503550887985,0.324867986402428,0.977149621423155,"Gene1895"
16.7325117449189,-0.289898729807834,0.440217514574859,-0.658535201825863,0.510194284961646,0.995298543208041,"Gene1896"
26.4431028308844,0.269103475477643,0.405541082923168,0.663566496242321,0.506967806666613,0.995298543208041,"Gene1897"
39.9504044510549,-0.239141755497087,0.372468255981868,-0.642046004341183,0.520843313208543,0.995298543208041,"Gene1898"
13.9464026499599,-0.848437427424082,0.534549822670546,-1.58719990437073,0.112467376432839,0.944282098219382,"Gene1899"
208.569434455324,0.131375198732246,0.340375851892762,0.385970972975006,0.69951816645327,0.995298543208041,"Gene1900"
69.9383609435785,0.576714233938303,0.33266019390972,1.73364365348388,0.0829813298847124,0.88989888935685,"Gene1901"
319.592474958139,-0.0978276112916554,0.436184394156163,-0.224280402055446,0.82253912469469,0.995298543208041,"Gene1902"
181.855394172259,0.757612278645623,0.442823682889358,1.71086666752401,0.0871057291077815,0.906443993527851,"Gene1903"
378.377562359178,0.0441822313953443,0.427000101463548,0.103471243317997,0.917588971476764,0.996722750350204,"Gene1904"
12.6751908847811,0.211296855522625,0.473711770185089,0.446045187857729,0.655564604932112,0.995298543208041,"Gene1905"
122.605793148627,0.446453922852772,0.366596592125773,1.21783435100674,0.223286927643716,0.972952680885552,"Gene1906"
37.4165369640402,0.165978921278131,0.347240886531803,0.477993599589918,0.632654760515625,0.995298543208041,"Gene1907"
51.5146334112335,0.0637078465297738,0.456259384349595,0.139630764242998,0.888951732379167,0.995298543208041,"Gene1908"
26.687170324626,0.0820041917395252,0.417330643066625,0.196496933790777,0.844221232368899,0.995298543208041,"Gene1909"
64.8166217061249,-0.0877874266318566,0.395437994791249,-0.222000485001952,0.824313505775128,0.995298543208041,"Gene1910"
63.7872881254867,-0.305175835075542,0.32351677200826,-0.943307616421662,0.345523581228893,0.977149621423155,"Gene1911"
5.24832803279695,-0.625793156244718,0.633461004478735,-0.987895311345446,0.323203921957067,0.977149621423155,"Gene1912"
149.671119538076,-0.0794903853949773,0.383180274222073,-0.207449053989947,0.835659176171755,0.995298543208041,"Gene1913"
56.603941163411,-0.263400226814602,0.453221703923684,-0.581173020917273,0.561123848755733,0.995298543208041,"Gene1914"
15.1330440579798,-0.434965813909436,0.443187594096621,-0.981448532637868,0.326371602970142,0.977149621423155,"Gene1915"
15.9801779759622,-0.12326849233971,0.436436562341218,-0.282443092481641,0.777603776406081,0.995298543208041,"Gene1916"
24.3506598958637,0.421963646117416,0.459642962237847,0.918024816616395,0.358605873665804,0.991832533005816,"Gene1917"
6.82269193155858,0.834747986653959,0.569073768356242,1.46685374211697,0.142415846429293,0.966311336522134,"Gene1918"
58.8413751237569,0.14840728050643,0.342224307146616,0.433654995882127,0.664538991890917,0.995298543208041,"Gene1919"
269.833415355371,-0.562989049985909,0.307448879738402,-1.83116312040212,0.067076199516646,0.856055940383494,"Gene1920"
61.318389151726,-0.0201928839738701,0.442193029476446,-0.0456653149819625,0.96357700958917,0.99679148114792,"Gene1921"
101.020545542469,0.510592257590236,0.301083168167822,1.69585121844352,0.0899140598787478,0.907325839670106,"Gene1922"
8.53679265066099,-0.259083255085048,0.524188784024525,-0.494255625036278,0.62112565992007,0.995298543208041,"Gene1923"
8.4094446627967,-0.055384271275888,0.557423141421722,-0.0993576820916135,0.920854281248437,0.99679148114792,"Gene1924"
15.7239546122603,0.00984085884293163,0.436604777185014,0.0225395125229276,0.982017593562023,0.99679148114792,"Gene1925"
137.819058988166,-0.0684988372762994,0.29575606094645,-0.231605861455877,0.816844154509288,0.995298543208041,"Gene1926"
16.0699314723956,0.655904747276887,0.427693318907924,1.53358661049857,0.125131384380256,0.966311336522134,"Gene1927"
87.5739073168072,-0.68898224087438,0.367017148235111,-1.87724809096119,0.0604840990901647,0.856055940383494,"Gene1928"
42.247720107116,0.484766143011246,0.36856813496786,1.31526873057954,0.188419603261394,0.966311336522134,"Gene1929"
83.1092735567775,-0.28128078109051,0.395597194576873,-0.711028250317513,0.477066729819689,0.995298543208041,"Gene1930"
18.1330177648261,0.242555903574101,0.454665983672782,0.533481527724461,0.593700294769252,0.995298543208041,"Gene1931"
11.8323242448545,0.499431886351368,0.584688664478273,0.854184314992697,0.393002872493608,0.995298543208041,"Gene1932"
42.5182591033497,0.361723416961645,0.37593388563179,0.962199553662839,0.335949373304171,0.977149621423155,"Gene1933"
34.9871315650631,-0.569903381385372,0.38814054719235,-1.4682912813614,0.142025118188942,0.966311336522134,"Gene1934"
6.08585895135263,1.64865866419957,0.642989734429344,2.56405129961019,0.0103458252061413,0.76781299682498,"Gene1935"
95.7273642502622,0.630873701738282,0.442579598766777,1.42544686536879,0.154028069108888,0.966311336522134,"Gene1936"
4.51480284482135,-0.895710157968918,0.697346982215461,-1.28445405345164,0.198983130248331,0.966311336522134,"Gene1937"
29.6086474395947,0.0920239211063909,0.423266222808763,0.217413807545821,0.827885871678163,0.995298543208041,"Gene1938"
79.0015615463625,-0.153864263966519,0.386558365689752,-0.398036306087884,0.690603423696757,0.995298543208041,"Gene1939"
21.7957228572766,0.00554380838653146,0.431780287971906,0.0128394198182854,0.98975590661576,0.99679148114792,"Gene1940"
8.5186421031813,0.661384834802508,0.538767490980883,1.22758860895335,0.219601440068723,0.972952680885552,"Gene1941"
24.761729920281,0.0864183580153093,0.389028878567571,0.222138670870674,0.824205934801274,0.995298543208041,"Gene1942"
40.7102023654184,-0.0325880370988625,0.463160497145927,-0.070360139303061,0.943907016813406,0.99679148114792,"Gene1943"
19.7936308205403,0.0546507245557299,0.477310503378665,0.114497217574057,0.908843651949278,0.995504451882279,"Gene1944"
11.0857217329391,0.466571846517173,0.480770445404625,0.970466988927529,0.331813771739965,0.977149621423155,"Gene1945"
9.76599452908889,-0.303256899883096,0.509512354720974,-0.595190473936926,0.551716157192031,0.995298543208041,"Gene1946"
25.4385648843273,0.363552804379616,0.385314785619942,0.943521551592388,0.345414197063716,0.977149621423155,"Gene1947"
31.3514828695243,0.0854974713504639,0.44105051872971,0.193849610690198,0.846293640008061,0.995298543208041,"Gene1948"
302.560733534197,0.193952015804378,0.356253080118257,0.544422003986592,0.586151107312459,0.995298543208041,"Gene1949"
12.3275946880574,0.185952322663471,0.499324850507879,0.372407506805106,0.709589465614904,0.995298543208041,"Gene1950"
76.956551142131,0.69412820044821,0.373660714410488,1.85764297310011,0.0632197317284235,0.856055940383494,"Gene1951"
32.5902544022577,-0.110139349067484,0.444472696725674,-0.247797783483338,0.804290869981304,0.995298543208041,"Gene1952"
71.6888393365151,-0.0408030145358675,0.418395917054143,-0.0975224969286383,0.922311469414989,0.99679148114792,"Gene1953"
22.5686964546451,0.094068085514839,0.494626367579204,0.190180086790007,0.849168014786117,0.995298543208041,"Gene1954"
166.445788855801,0.431137703012254,0.41885746015213,1.02931842936655,0.303330065900257,0.977149621423155,"Gene1955"
6.60055538782714,-0.229716882653126,0.648551859169762,-0.354199713415664,0.723189218348678,0.995298543208041,"Gene1956"
64.604951528113,0.106955948456564,0.373000198343218,0.286745017647813,0.77430756521096,0.995298543208041,"Gene1957"
66.182115390279,0.26964045817442,0.407084590176196,0.662369602489039,0.507734379900858,0.995298543208041,"Gene1958"
201.883421961371,-0.0477002195694171,0.335830059723239,-0.142036777793886,0.887050955692567,0.995298543208041,"Gene1959"
37.1092110643743,0.00247549775034938,0.39385546362813,0.00628529493420128,0.994985093230856,0.998232596673487,"Gene1960"
89.5587400753498,0.392350458253493,0.341901996736679,1.14755240390031,0.251153387978008,0.977149621423155,"Gene1961"
92.142946348211,0.0286878475746283,0.392033074540534,0.0731771103962356,0.94166518080233,0.99679148114792,"Gene1962"
23.9950197001868,0.238486904199882,0.437491855129773,0.54512307235786,0.585668875233415,0.995298543208041,"Gene1963"
47.2716874894714,0.225985616135424,0.379410872084931,0.59562240505548,0.55142750561182,0.995298543208041,"Gene1964"
43.7245174171105,0.236689122934886,0.389805600295244,0.607197851327982,0.543719618023585,0.995298543208041,"Gene1965"
221.333383388312,-0.541811382139,0.394244497547855,-1.3743029655683,0.16934764604744,0.966311336522134,"Gene1966"
69.846689902646,0.295966603163812,0.361807555987526,0.81802217301956,0.413344526434751,0.995298543208041,"Gene1967"
84.6234550523541,-0.0799076546135249,0.397082737934287,-0.201236787650912,0.840513427439904,0.995298543208041,"Gene1968"
913.631854499107,0.0665621437682558,0.330457798377953,0.201424036881487,0.840367021643772,0.995298543208041,"Gene1969"
85.6436788214105,-0.501322608108468,0.383133022152974,-1.3084818564877,0.190709924540862,0.966311336522134,"Gene1970"
89.9354965503227,0.0651038415310031,0.369488277003942,0.176200019277766,0.860136805642568,0.995298543208041,"Gene1971"
96.6920135664958,0.135455699446136,0.354084589051793,0.382551807207635,0.702052109023248,0.995298543208041,"Gene1972"
353.839758944094,-0.156159657214457,0.403511180539048,-0.387002057801335,0.698754684526521,0.995298543208041,"Gene1973"
168.763931892805,0.103070362599723,0.316342608426019,0.325818779558516,0.744561469359605,0.995298543208041,"Gene1974"
76.0390662828341,0.472979574298706,0.375748694230667,1.25876571645077,0.208114966860286,0.972722569207905,"Gene1975"
21.1766048500636,-0.109865388127026,0.438886308716979,-0.250327672440276,0.802333958046649,0.995298543208041,"Gene1976"
89.2054544026971,-0.0115428719385403,0.332278674652581,-0.0347385276849594,0.972288238805875,0.99679148114792,"Gene1977"
58.7025836957176,0.37336922438174,0.339234723951146,1.10062207085708,0.27106117564112,0.977149621423155,"Gene1978"
7.07528533107071,0.18639949516675,0.568749092740145,0.327735898915823,0.743111357757377,0.995298543208041,"Gene1979"
8.3089555162838,-0.359941638192247,0.632233649367784,-0.569317432806967,0.569140738387955,0.995298543208041,"Gene1980"
7.4575731514907,-1.63040070643582,0.59510670488274,-2.73967793180398,0.00614994160434456,0.71908745615312,"Gene1981"
267.93809047601,0.0535945158750287,0.426130330802001,0.125770244455871,0.899913796186686,0.995298543208041,"Gene1982"
99.3240097300418,-0.648793527484833,0.418051272003383,-1.5519472632524,0.120674842689757,0.966311336522134,"Gene1983"
2.80401124323787,-0.139748283263525,0.845862895207424,-0.165213871013051,0.868775647806157,0.995298543208041,"Gene1984"
95.9388232388625,0.0430877834001719,0.353934392425839,0.121739464494681,0.903105357524807,0.995298543208041,"Gene1985"
71.9986636162241,0.111510173272292,0.396967383157698,0.28090512723055,0.778783167970113,0.995298543208041,"Gene1986"
34.7697997474111,-0.430296983055728,0.404773224919521,-1.06305693303029,0.287756133398366,0.977149621423155,"Gene1987"
23.7968758683415,-0.325556027816071,0.400172735034583,-0.813538752928624,0.415909237054996,0.995298543208041,"Gene1988"
14.8553186040526,0.225050220307615,0.449711375783296,0.500432571703635,0.616770523401647,0.995298543208041,"Gene1989"
165.498892031828,0.0485116352014758,0.295405936302431,0.164220244889766,0.869557764344244,0.995298543208041,"Gene1990"
21.7139541638912,-0.240636446319513,0.395143329057648,-0.608985217828151,0.542534237056859,0.995298543208041,"Gene1991"
53.2280030055523,0.167957304333523,0.394821856075693,0.425400219741946,0.670544945875363,0.995298543208041,"Gene1992"
84.9105683532213,0.223587570782174,0.325896991639838,0.68606822559832,0.492670086599335,0.995298543208041,"Gene1993"
78.4814577859227,0.0228434015272589,0.439527269768723,0.0519726603977928,0.958550477805029,0.99679148114792,"Gene1994"
34.4628613834184,-0.410303211453706,0.420477047223344,-0.975804063891663,0.329161570500929,0.977149621423155,"Gene1995"
26.0518766221231,0.368343983033569,0.45199811881751,0.814923708083583,0.415115981517619,0.995298543208041,"Gene1996"
65.4417486015224,0.152742267413748,0.454498990831729,0.336067341171058,0.736820085530177,0.995298543208041,"Gene1997"
12.9343070084921,0.259283610136755,0.494556252089453,0.524275265030633,0.600087098244806,0.995298543208041,"Gene1998"
70.0316902978262,0.0642139793730604,0.367172046656546,0.174887984959068,0.861167651387835,0.995298543208041,"Gene1999"
64.5336105552935,0.119939745966592,0.399035890083232,0.300573830443107,0.76373948944084,0.995298543208041,"Gene2000"
72.2162912666215,-0.365673758004636,0.31253671694754,-1.17001855518312,0.241993501814827,0.977149621423155,"Gene2001"
47.3081033149001,0.649538093551664,0.36601695534876,1.77461203384075,0.0759619688712056,0.871907922324238,"Gene2002"
9.147759286671,-0.360107782806565,0.586525740677654,-0.613967568397779,0.539236758536364,0.995298543208041,"Gene2003"
4.5112563653047,-0.895668939675025,0.689897203882087,-1.29826434233252,0.19419651492252,0.966311336522134,"Gene2004"
13.6532459324566,0.725699362622986,0.503885056164174,1.440208146174,0.149808519192496,0.966311336522134,"Gene2005"
81.5760899407817,0.116586606665556,0.394506766932785,0.295524985723298,0.76759286835531,0.995298543208041,"Gene2006"
46.2219271351926,-0.325427360699485,0.325201612960928,-1.00069417779482,0.316974683056522,0.977149621423155,"Gene2007"
16.0904809406666,0.20532203810563,0.43810140831333,0.468663268844786,0.639310345791546,0.995298543208041,"Gene2008"
25.5918934048166,1.10918571889856,0.440919491074894,2.51561961163145,0.0118823350192103,0.769267290080118,"Gene2009"
113.508159520403,0.439124410258891,0.320210903222813,1.37135995632645,0.170262773863355,0.966311336522134,"Gene2010"
8.28238786933866,0.500995011343455,0.565791712826889,0.885476050612888,0.375899930962187,0.993108616838184,"Gene2011"
143.269794651867,-0.103517315756125,0.277342266919373,-0.373247528788026,0.708964225034282,0.995298543208041,"Gene2012"
98.0852720665308,0.227659386206069,0.381627501381693,0.596548690494846,0.550808736580451,0.995298543208041,"Gene2013"
23.0251518959065,-0.118891395557853,0.514004091057638,-0.231304376027857,0.817078347281989,0.995298543208041,"Gene2014"
42.9039204524384,0.184356637272887,0.367138174424455,0.502145105345947,0.615565453901011,0.995298543208041,"Gene2015"
147.392155298779,0.949681508311092,0.344536190812738,2.75640566545667,0.00584404673238913,0.71908745615312,"Gene2016"
214.587868188866,0.549073457123011,0.359311913463742,1.5281248312364,0.126481547354867,0.966311336522134,"Gene2017"
273.471606279569,-0.260218026226418,0.358431965608015,-0.725990009805639,0.467844894937796,0.995298543208041,"Gene2018"
92.6341721875882,-0.771439897504854,0.391966782500172,-1.96812569826504,0.0490535766828267,0.855060010888543,"Gene2019"
49.5479463480789,0.748006035167124,0.373077174473937,2.00496327930504,0.0449669728492714,0.818553606693129,"Gene2020"
109.620756565387,0.149655507856451,0.383035020644524,0.390709725718107,0.696011809105107,0.995298543208041,"Gene2021"
38.609647485054,0.25437868992571,0.388889370312417,0.654115821477336,0.513037189030342,0.995298543208041,"Gene2022"
11.9418470899204,-0.305778507880815,0.484692411130444,-0.630871251249119,0.528124710686519,0.995298543208041,"Gene2023"
165.573263979678,-0.29708299994637,0.300209092453516,-0.989586949277262,0.322376051522392,0.977149621423155,"Gene2024"
115.462558472686,0.2561566289156,0.381501345738252,0.67144357884218,0.501937991017106,0.995298543208041,"Gene2025"
370.530611064018,0.281329019971531,0.316440114158618,0.889043478951953,0.37397971324796,0.993108616838184,"Gene2026"
396.29306489679,-0.295153579455383,0.306565571380196,-0.962774711219414,0.33566059423738,0.977149621423155,"Gene2027"
298.645821428534,-0.808220289998429,0.338284263266553,-2.38917495657073,0.0168862587607499,0.769267290080118,"Gene2028"
139.205848324409,0.521210047446893,0.371646189769271,1.40243613898067,0.160785047981116,0.966311336522134,"Gene2029"
54.2734556808559,0.526540499496947,0.375204292784754,1.40334348412962,0.160514437165028,0.966311336522134,"Gene2030"
41.7553964428969,-0.168671713725078,0.40632721800619,-0.41511300806462,0.67805917729419,0.995298543208041,"Gene2031"
34.9421518317053,0.696643147426395,0.37603522018521,1.8526007938386,0.0639395985991519,0.856055940383494,"Gene2032"
23.4331805566166,-0.590953971719514,0.426186293750991,-1.38660951885232,0.165560864161053,0.966311336522134,"Gene2033"
38.1941573675256,1.32778783699374,0.435568832661725,3.04839955806695,0.00230063807439859,0.619665196241461,"Gene2034"
107.322053178201,-0.370181808155687,0.373357665390454,-0.991493793943011,0.321444521259257,0.977149621423155,"Gene2035"
87.5530234225064,-0.139998289821355,0.373897887199397,-0.37442920811878,0.708085015803748,0.995298543208041,"Gene2036"
13.9305777921155,-0.216991112195934,0.496271103971648,-0.437243092453617,0.661935061124569,0.995298543208041,"Gene2037"
241.206888873118,0.280451838750778,0.294200618341593,0.953267332787005,0.340454638518372,0.977149621423155,"Gene2038"
274.895236241578,0.326430376534687,0.352491998438848,0.926064642546256,0.354412387390549,0.989679874222664,"Gene2039"
275.203153952883,-0.356183260828014,0.358042566256899,-0.994807026861855,0.319830127996119,0.977149621423155,"Gene2040"
11.3460133061133,0.141491118843816,0.494828533490324,0.285939692777605,0.774924311915322,0.995298543208041,"Gene2041"
29.830140559361,0.0719168811337237,0.406209617687134,0.177043767558243,0.859474011017404,0.995298543208041,"Gene2042"
28.8527186539312,0.618399024019574,0.383263599357481,1.61350836619048,0.106634107122444,0.932406765998438,"Gene2043"
32.6228990392792,-0.372104475072704,0.442432392990406,-0.841042565978602,0.400324088676133,0.995298543208041,"Gene2044"
27.80907365828,-0.39352357414373,0.378172659587947,-1.04059234364671,0.29806478611736,0.977149621423155,"Gene2045"
29.1183388225231,-0.412376781614086,0.386897259542912,-1.06585604173386,0.286488722787046,0.977149621423155,"Gene2046"
16.7042835463817,0.219009183404812,0.482062958820719,0.454316556369689,0.649601001267652,0.995298543208041,"Gene2047"
28.1159547465937,0.742247199184507,0.403435029232777,1.83981842279798,0.0657948997791997,0.856055940383494,"Gene2048"
32.4168116794846,0.376313390589585,0.496899606084958,0.757322779050955,0.4488565070474,0.995298543208041,"Gene2049"
87.9823624389268,-0.701319231949496,0.328970789933239,-2.13185867381059,0.0330184664437085,0.770602674997537,"Gene2050"
97.3679855445378,0.395749368270258,0.377566206580615,1.04815886955116,0.294565417025957,0.977149621423155,"Gene2051"
179.801066377201,0.423088496815923,0.340756740277001,1.24161446218788,0.214378843240709,0.972722569207905,"Gene2052"
23.7594862072077,0.0907912696700193,0.459264553400577,0.197688388963975,0.843288874700362,0.995298543208041,"Gene2053"
42.4054561059415,0.590594587475521,0.434176736375648,1.36026308642327,0.173746685198976,0.966311336522134,"Gene2054"
880.08002988958,-0.287577407313911,0.401248247975612,-0.716706948291497,0.473554937672942,0.995298543208041,"Gene2055"
29.6020945894963,0.261725537725381,0.378565055247751,0.69136211622622,0.489338005098121,0.995298543208041,"Gene2056"
124.007952078216,-0.373492894138383,0.335674797141663,-1.11266290266278,0.265853233829016,0.977149621423155,"Gene2057"
25.2583405527708,-0.858593569461992,0.388180978270342,-2.21183833707595,0.0269778371380032,0.769267290080118,"Gene2058"
193.09150198872,-0.43427105125068,0.374592221463115,-1.15931678867881,0.246327080890661,0.977149621423155,"Gene2059"
105.617419925201,0.256136636064552,0.37319678087014,0.686331311506352,0.492504208328688,0.995298543208041,"Gene2060"
17.8154085003235,-0.610305820206811,0.508711512956949,-1.19970907805749,0.230252346134825,0.97530502202872,"Gene2061"
181.094706076155,-0.298490990514514,0.392685323040395,-0.760127697677687,0.447178257954954,0.995298543208041,"Gene2062"
199.272471482154,-0.111763592596198,0.371835505330081,-0.300572675266675,0.763740370429605,0.995298543208041,"Gene2063"
160.43394198885,0.168377398833159,0.372058368294985,0.452556408298986,0.650868194193612,0.995298543208041,"Gene2064"
1.83049336821179,-1.01216261366896,1.02440289978834,-0.988051296885319,0.323127526263142,0.977149621423155,"Gene2065"
57.3488992053321,-0.150402702137238,0.361147876597715,-0.416457390125465,0.677075340846715,0.995298543208041,"Gene2066"
318.538727237321,-0.0798979554207633,0.345163568059827,-0.23147853022227,0.816943062950137,0.995298543208041,"Gene2067"
35.9512309234138,0.551120932416356,0.454810832549827,1.21175858834888,0.225604804618041,0.972952680885552,"Gene2068"
31.0171809255633,-0.130402564720076,0.413207297165768,-0.315586306472613,0.752316532759794,0.995298543208041,"Gene2069"
50.3029550042796,-0.00440777422488944,0.358295884980639,-0.0123020509295763,0.990184631074775,0.99679148114792,"Gene2070"
3.29844807454351,-1.26087764246044,0.787898223030607,-1.60030522420845,0.109530888483283,0.942115228257739,"Gene2071"
14.6047926138276,0.0375343301354222,0.581214603687489,0.0645791242981291,0.94850910640429,0.99679148114792,"Gene2072"
42.6872733756573,-0.110640175786748,0.418908270284764,-0.264115520353745,0.791690904887091,0.995298543208041,"Gene2073"
127.900866332344,0.37049313315352,0.341325741578058,1.08545324311202,0.277720961763238,0.977149621423155,"Gene2074"
58.0024581149238,0.108455402153971,0.404530326375958,0.268102031127267,0.788620782435658,0.995298543208041,"Gene2075"
93.289627073036,-0.828755246321228,0.351899013923416,-2.35509397165174,0.0185180220422915,0.769267290080118,"Gene2076"
17.7974587017498,-0.491435699068644,0.455608680629129,-1.07863550446415,0.280750247329709,0.977149621423155,"Gene2077"
284.808727237758,-1.00477478232168,0.350223026147544,-2.86895694259231,0.00411827857078294,0.619665196241461,"Gene2078"
242.028392160631,-0.750944327321405,0.372223703211659,-2.01745434490611,0.043648120881713,0.817467626290286,"Gene2079"
121.811554882912,-0.110006837643607,0.31440543593681,-0.349888472239127,0.726422398713563,0.995298543208041,"Gene2080"
55.8608005767266,-0.50698612866891,0.436627773447983,-1.1611403568429,0.245584825099897,0.977149621423155,"Gene2081"
139.137047696095,-0.678748501593926,0.346514702055285,-1.95878702279603,0.050137733992284,0.856055940383494,"Gene2082"
21.1102053668431,-0.43421382115992,0.416792155972579,-1.04179940754088,0.297504688893424,0.977149621423155,"Gene2083"
18.4081844330847,-0.184297657495747,0.441328406218884,-0.417597541646439,0.676241394477619,0.995298543208041,"Gene2084"
4.02829816379063,-0.451580762747257,0.752077243214074,-0.6004446575426,0.548209933371451,0.995298543208041,"Gene2085"
76.7438114749519,0.0599623061385842,0.376930913234882,0.159080362032336,0.873605560014002,0.995298543208041,"Gene2086"
3.90152325636615,-1.14539389711152,0.797479786689061,-1.43626699538921,0.150926381762055,0.966311336522134,"Gene2087"
45.9778511326349,-0.236014545165898,0.364937759198962,-0.64672547363679,0.51780963343729,0.995298543208041,"Gene2088"
94.7345671119738,0.225878693761092,0.359232167104559,0.62878192557669,0.52949183451948,0.995298543208041,"Gene2089"
144.619464730163,-0.0960598364321039,0.379741974640652,-0.252960807198111,0.80029849970146,0.995298543208041,"Gene2090"
175.074012365538,0.0582804876151551,0.364965780131459,0.159687540004881,0.873127216578515,0.995298543208041,"Gene2091"
94.9968760146326,-0.448731021199818,0.427389264117526,-1.04993517356211,0.293747918646799,0.977149621423155,"Gene2092"
18.1735184045844,-0.463376332026225,0.483469343788745,-0.958439946564015,0.33784096009229,0.977149621423155,"Gene2093"
166.019890844943,-0.233900883860094,0.395884875226449,-0.590830563370982,0.554633954371479,0.995298543208041,"Gene2094"
48.8274334740856,-0.493560046001274,0.388382829762832,-1.27080810009719,0.20379692638022,0.968338308936217,"Gene2095"
5.84465384276509,-0.371525922123791,0.669271258703799,-0.555120091132163,0.578812521381132,0.995298543208041,"Gene2096"
57.0087009608978,0.223356580886178,0.365235673671692,0.611540977475689,0.540841498864638,0.995298543208041,"Gene2097"
6.7050001149204,0.250675844257302,0.5588118332409,0.44858721549162,0.653729457939111,0.995298543208041,"Gene2098"
17.3180941597575,0.105132000483972,0.558560594113504,0.188219508486501,0.850704580228825,0.995298543208041,"Gene2099"
29.2549356249258,-0.253857529013144,0.363242086139182,-0.698865959369791,0.484635802764929,0.995298543208041,"Gene2100"
26.2017225371892,-0.240651221628996,0.399978588143386,-0.601660260730573,0.547400307493171,0.995298543208041,"Gene2101"
146.467168087831,0.639114684340374,0.362352858412221,1.76379092782898,0.0777671854763262,0.880333351737675,"Gene2102"
43.1407797407789,-0.323825207575511,0.407459136585367,-0.794742781544344,0.426763140912399,0.995298543208041,"Gene2103"
19.2404507606495,0.0992970856498514,0.444807754908194,0.2232359588028,0.823351866919293,0.995298543208041,"Gene2104"
22.0493066380398,-0.380026191153564,0.425791373448529,-0.892517356741383,0.372115693788797,0.993108616838184,"Gene2105"
25.2622635070832,0.194284771139963,0.409013261059961,0.475008489056009,0.634780922594808,0.995298543208041,"Gene2106"
57.8539885893257,0.165184459533799,0.32768474875284,0.504095659509596,0.614194156927447,0.995298543208041,"Gene2107"
111.392692516784,-0.605293696056553,0.41181505984093,-1.46981923461069,0.141610718285578,0.966311336522134,"Gene2108"
43.6563938982842,0.37429631437377,0.338658145092403,1.10523346270512,0.269058440652856,0.977149621423155,"Gene2109"
44.9465960224879,0.327524377739132,0.371254047771969,0.882210927273991,0.377662753839578,0.993509127283052,"Gene2110"
93.9135549764978,0.0591897604641365,0.348775688651764,0.1697072427638,0.86524037779988,0.995298543208041,"Gene2111"
17.7810991038794,0.226101756248484,0.557004911772873,0.40592416955325,0.684798318562179,0.995298543208041,"Gene2112"
43.1253144253444,0.104853255926684,0.405117215028233,0.258822019990874,0.795772567147015,0.995298543208041,"Gene2113"
48.139720476929,-0.609886303131731,0.403298847426244,-1.51224410142473,0.130471775584993,0.966311336522134,"Gene2114"
19.2362599490952,0.655718585128343,0.400860091162067,1.63577916481398,0.101885814114276,0.930219026465012,"Gene2115"
23.1521286156511,0.353018774313784,0.373219051423048,0.945875546727204,0.344212067175691,0.977149621423155,"Gene2116"
37.6922990996253,-0.26835856287025,0.406550501797426,-0.660086660042954,0.509198218791063,0.995298543208041,"Gene2117"
15.6155504805721,0.627742918012214,0.549120116998022,1.14317960420757,0.252964028604831,0.977149621423155,"Gene2118"
40.5918114630759,-0.0568440945354427,0.355324207928363,-0.159978108068852,0.872898319325441,0.995298543208041,"Gene2119"
12.8081132999847,-0.258959141453795,0.501017206189916,-0.516866762766694,0.60524917094633,0.995298543208041,"Gene2120"
62.2265454734183,-0.788099000386769,0.385077598291008,-2.04659789061838,0.040697582140463,0.783187444021602,"Gene2121"
31.9868757818419,-0.146416606346773,0.46745067425334,-0.313223649919094,0.754110751772471,0.995298543208041,"Gene2122"
101.262432458163,-0.175309270303393,0.318832054885269,-0.549848321764501,0.582423412153449,0.995298543208041,"Gene2123"
76.056594191623,0.060829688125436,0.352837420182665,0.172401464940834,0.863121920567028,0.995298543208041,"Gene2124"
30.9018095617292,0.977632223567065,0.446228119767746,2.19087991154817,0.0284604838011169,0.769267290080118,"Gene2125"
35.0765485582671,0.107431189418459,0.418320011966977,0.256815802125527,0.797320970779756,0.995298543208041,"Gene2126"
125.580211330407,0.356320606488708,0.305524317370069,1.16625939812545,0.243509583659614,0.977149621423155,"Gene2127"
142.315948796435,-0.229060595588293,0.306112193394755,-0.74828968113956,0.454285447256521,0.995298543208041,"Gene2128"
98.3975881659211,-0.166799348165177,0.372814767162215,-0.447405421826012,0.65458236182979,0.995298543208041,"Gene2129"
77.8727823014554,-0.0354123711190486,0.422905713638912,-0.0837358540615145,0.933266449819443,0.99679148114792,"Gene2130"
5.11480627511343,0.544133265776404,0.650700150144047,0.836227355496919,0.403027011784399,0.995298543208041,"Gene2131"
54.9074450393607,0.0507588739004218,0.391792987856853,0.129555340380332,0.896918238573113,0.995298543208041,"Gene2132"
9.50599981010674,-0.457007707466288,0.524441810658261,-0.87141737782628,0.383526300650597,0.995298543208041,"Gene2133"
63.0106988430974,0.184829568171886,0.371859433919144,0.497041492867101,0.619159791503089,0.995298543208041,"Gene2134"
24.0396239621688,-0.204914241753495,0.419897446567069,-0.488010211609527,0.625542608031418,0.995298543208041,"Gene2135"
43.5667323477261,-0.235692647419165,0.488436029838051,-0.482545580221247,0.629418427234846,0.995298543208041,"Gene2136"
13.444496654147,-0.934832439860663,0.503087410476836,-1.85819088371663,0.0631419121393789,0.856055940383494,"Gene2137"
42.7592865978079,0.0443670828592434,0.376438478185256,0.117860116407678,0.906178495419432,0.995298543208041,"Gene2138"
296.264578506043,-0.0417404574973543,0.32115119733246,-0.129971358799401,0.896589086815845,0.995298543208041,"Gene2139"
494.484741067057,0.00137659308904787,0.307772914016206,0.00447275580909431,0.996431269094754,0.998471281765133,"Gene2140"
2.68679270010391,-0.544195928344137,0.874490024510175,-0.622300898914148,0.533744030225411,0.995298543208041,"Gene2141"
6.2126497424418,0.62013135931874,0.583905097322628,1.06204135254551,0.28821691258786,0.977149621423155,"Gene2142"
12.7907597669928,0.069868459514678,0.481472165809822,0.14511422357544,0.884620688371649,0.995298543208041,"Gene2143"
10.230143671091,-0.218020502367008,0.497056780092857,-0.438622932225729,0.660934777777581,0.995298543208041,"Gene2144"
604.536950810641,0.238535839682615,0.371126834314912,0.642734013354072,0.520396706611048,0.995298543208041,"Gene2145"
211.17495426677,0.145919851667396,0.381601616343407,0.382387928713806,0.702173642810487,0.995298543208041,"Gene2146"
42.2923874473439,-0.0719666888149885,0.405320150560224,-0.177555171425644,0.859072333042131,0.995298543208041,"Gene2147"
178.251995926095,0.438614862035076,0.325367432928079,1.34806012417361,0.177639045455747,0.966311336522134,"Gene2148"
664.916153701402,0.0502800562431606,0.319112808907415,0.157562012052448,0.874801939570674,0.995298543208041,"Gene2149"
91.0196325026447,0.194846423088913,0.37021366414129,0.526308026854868,0.598674206850459,0.995298543208041,"Gene2150"
357.982556627116,0.6437980945367,0.309252698437422,2.0817865059534,0.037361974858841,0.780113562579968,"Gene2151"
12.9145769729184,0.593977284319709,0.489535704825323,1.21334823683934,0.224996707864593,0.972952680885552,"Gene2152"
13.5371196832065,0.431147470774356,0.465268915849559,0.926662960036995,0.354101554563796,0.98950336506079,"Gene2153"
145.565731361808,0.539980348590451,0.334888377862221,1.61241889622281,0.106870815634569,0.932436199292004,"Gene2154"
125.891463144947,0.245819998714528,0.40628139956525,0.605048616494804,0.545146694208882,0.995298543208041,"Gene2155"
152.807657903393,0.426576492194002,0.382080292808952,1.1164577190253,0.264226258816986,0.977149621423155,"Gene2156"
118.894520489698,-0.252256867928771,0.342253758748109,-0.737046304039064,0.461094191231381,0.995298543208041,"Gene2157"
29.5677067279168,0.381775550381243,0.421618897180957,0.905499143738301,0.365201013299864,0.993108616838184,"Gene2158"
162.266101353897,0.233685234245122,0.378655235635351,0.617145129006387,0.537139004271038,0.995298543208041,"Gene2159"
417.573477209643,-0.532976238012667,0.397190343413366,-1.34186605201019,0.179639430768455,0.966311336522134,"Gene2160"
237.79085595821,-0.234652218366021,0.300209400676633,-0.781628482776174,0.434432942770697,0.995298543208041,"Gene2161"
8.63853737761646,-0.130533654427812,0.586573746527848,-0.222535794007983,0.823896812152179,0.995298543208041,"Gene2162"
99.6499863771546,0.444881223382823,0.421656129904957,1.05508064944556,0.291388441199891,0.977149621423155,"Gene2163"
47.7190257157216,0.13660520260765,0.463610551624117,0.294655076613541,0.768257383912644,0.995298543208041,"Gene2164"
50.6268417444895,0.216882120646866,0.352822010879349,0.614706888910714,0.538748309540407,0.995298543208041,"Gene2165"
51.0549110430074,-0.0863334231380715,0.34093998599361,-0.253221759502535,0.800096852691205,0.995298543208041,"Gene2166"
12.53419811115,0.884866569422277,0.46196760458702,1.91542991464371,0.0554376991719887,0.856055940383494,"Gene2167"
76.6502800612746,-0.421079819302856,0.441967917746612,-0.952738428277204,0.340722617702392,0.977149621423155,"Gene2168"
268.851213829002,0.337021023382792,0.444997642068847,0.757354627354745,0.448837431413357,0.995298543208041,"Gene2169"
379.912612221788,0.324011946993257,0.388418535893143,0.83418250431384,0.404178148581041,0.995298543208041,"Gene2170"
104.554687088969,0.574493750709892,0.366430257050398,1.56781199056626,0.116925015751454,0.959409369492426,"Gene2171"
19.0367627092468,-0.730433670038053,0.471466153786639,-1.54928124568749,0.121314126094781,0.966311336522134,"Gene2172"
30.3251382516569,0.371077008762979,0.408890403648218,0.907521931187775,0.364130857307209,0.993108616838184,"Gene2173"
29.633377905215,-0.286438924619271,0.404822775387384,-0.707566229062016,0.479214670818882,0.995298543208041,"Gene2174"
128.504058006349,0.198479945761259,0.343931640341778,0.577091266055145,0.563877804072674,0.995298543208041,"Gene2175"
35.011416887543,-0.304644775031416,0.3997243728272,-0.762137101815188,0.445978181171779,0.995298543208041,"Gene2176"
1343.04521521516,-0.159643274069177,0.303034801391882,-0.526814984074147,0.598322076384095,0.995298543208041,"Gene2177"
37.8390856298987,-0.38880832372355,0.393264759391347,-0.988668103201787,0.322825553670156,0.977149621423155,"Gene2178"
74.6312564633486,0.210698251327112,0.359317270549673,0.586384982288194,0.557616833968826,0.995298543208041,"Gene2179"
40.3207975369417,0.669256859864728,0.362440276237757,1.84653004575491,0.0648152809071123,0.856055940383494,"Gene2180"
23.8772932197124,-0.157172059393653,0.458072433443961,-0.343116170977534,0.731511066099176,0.995298543208041,"Gene2181"
130.197150618814,-0.318140037751104,0.427646349460161,-0.743932546490127,0.456917284174843,0.995298543208041,"Gene2182"
32.6547024957518,-0.378946508387221,0.378406506863182,-1.00142704079937,0.316620396430645,0.977149621423155,"Gene2183"
49.1543979846022,-0.178267842037535,0.35921447072878,-0.496271326920272,0.619702993276497,0.995298543208041,"Gene2184"
43.7917925609209,-0.458650549254515,0.358743064585063,-1.27849314602084,0.201075599916274,0.966311336522134,"Gene2185"
2.19875104094055,-0.335408509700218,0.963247506623211,-0.348205946440532,0.72768552229044,0.995298543208041,"Gene2186"
104.438372673452,0.117870590371734,0.4008457197569,0.294054756137145,0.768716062566889,0.995298543208041,"Gene2187"
75.3245960067208,0.341580733317604,0.360085325472927,0.948610535208511,0.342818730787591,0.977149621423155,"Gene2188"
17.6655228011015,0.447024146145595,0.48920224970687,0.913781869182843,0.360831475211939,0.993108616838184,"Gene2189"
265.160611012923,-0.10456961792835,0.344270751669392,-0.303742381312629,0.76132416686208,0.995298543208041,"Gene2190"
14.994063284213,-0.222930639193305,0.443798519200683,-0.502323981600528,0.615439642605507,0.995298543208041,"Gene2191"
5.3599038442572,-0.407056667869879,0.67960849912506,-0.598957588661606,0.549201166881537,0.995298543208041,"Gene2192"
20.9914157515672,-0.285457884753494,0.443498872384236,-0.643649629183682,0.519802660084324,0.995298543208041,"Gene2193"
10.8466380173261,0.213675644053917,0.485760914408853,0.439878215220238,0.660025314718056,0.995298543208041,"Gene2194"
159.632541324539,0.121939289256713,0.327760566271704,0.372037706194433,0.709864775626705,0.995298543208041,"Gene2195"
52.3102643528377,-0.357659620290779,0.377316635582351,-0.9479031311163,0.343178770809071,0.977149621423155,"Gene2196"
36.8569899275474,0.67724344259999,0.406820893045444,1.66472139011882,0.0959683534556757,0.929203951102504,"Gene2197"
45.7454084058903,0.554245081423252,0.400030868160932,1.38550578351939,0.165897865280228,0.966311336522134,"Gene2198"
16.8273567611676,0.0729615303581556,0.488383728621524,0.14939385995535,0.881242856409485,0.995298543208041,"Gene2199"
55.779696288334,0.464344640966383,0.478592325493653,0.97023001881074,0.331931850821374,0.977149621423155,"Gene2200"
67.2303643117843,-0.220525421102118,0.475856878256662,-0.463428041452359,0.643057582750266,0.995298543208041,"Gene2201"
43.9198690649279,0.210384391595777,0.367351559219675,0.572705862587528,0.566843867308412,0.995298543208041,"Gene2202"
54.2851562465147,0.634024506428943,0.345511763099173,1.83503016146793,0.0665012205953092,0.856055940383494,"Gene2203"
17.0404370758794,0.616761578283743,0.47413789309979,1.30080634190935,0.1933247506433,0.966311336522134,"Gene2204"
155.992380869868,0.174992412415695,0.34878543774446,0.501719376667051,0.615864932480408,0.995298543208041,"Gene2205"
8.6481687947688,-0.0522145103094179,0.542355601835882,-0.0962735705737544,0.923303301192343,0.99679148114792,"Gene2206"
756.115318522028,0.159430938727754,0.313305796750866,0.50886686547498,0.610845546696238,0.995298543208041,"Gene2207"
408.033435384656,0.175342393950471,0.371035967875085,0.472575192520157,0.6365162845979,0.995298543208041,"Gene2208"
98.4366092978264,-0.219329267817512,0.442243575747776,-0.495946758404923,0.619931975233046,0.995298543208041,"Gene2209"
11.9559582130341,-0.130265168560194,0.480151467821722,-0.271300156909154,0.786160185795492,0.995298543208041,"Gene2210"
112.581386418352,-0.222021786538152,0.367484910734255,-0.604165722327322,0.545733467805602,0.995298543208041,"Gene2211"
5.22409850524819,1.04192971067315,0.707562669068971,1.47256173371067,0.140869249432138,0.966311336522134,"Gene2212"
30.1276943092132,0.277169889588839,0.459329196997303,0.603423190602156,0.546227198569957,0.995298543208041,"Gene2213"
118.032354772928,0.349136837043764,0.383488629201412,0.910422918590354,0.362599515553191,0.993108616838184,"Gene2214"
135.02722087526,0.228939616718126,0.328648001910337,0.696610401972217,0.486046644327965,0.995298543208041,"Gene2215"
52.8844771554461,0.066785299702612,0.341601545127104,0.195506433314763,0.844996501802185,0.995298543208041,"Gene2216"
41.0869845782471,0.0454298539364328,0.460805628511265,0.0985878885273257,0.921465486724516,0.99679148114792,"Gene2217"
64.2222665921579,0.64872125397814,0.357723838992688,1.81346945119696,0.0697594461760015,0.868407311275084,"Gene2218"
9.85900579762428,0.166088554380971,0.583469018500741,0.284657023962892,0.775906918877846,0.995298543208041,"Gene2219"
36.8068217017049,0.00750983692631364,0.408318847777145,0.0183920898268512,0.98532606278052,0.99679148114792,"Gene2220"
587.830449154642,-0.453725995423012,0.351761922997939,-1.2898667131339,0.197096939876995,0.966311336522134,"Gene2221"
4.99332692987475,-0.507375531763072,0.679238740980807,-0.746976727255622,0.455077609055575,0.995298543208041,"Gene2222"
408.305599430344,-0.111883992500214,0.388953267395945,-0.287654075383609,0.773611547272334,0.995298543208041,"Gene2223"
88.1890648996073,-0.279503204439012,0.3562148890784,-0.784647730930459,0.432660136600346,0.995298543208041,"Gene2224"
47.4224991162739,-1.06973420817226,0.36821003896984,-2.90522825277962,0.00366985367676694,0.619665196241461,"Gene2225"
953.615612103995,-0.161543515700357,0.422093040853154,-0.382720158981625,0.701927265744379,0.995298543208041,"Gene2226"
46.1275714795199,-0.195105343014288,0.39873280281757,-0.489313499254671,0.624619765423351,0.995298543208041,"Gene2227"
453.691072949888,-0.488831407965504,0.291491768225457,-1.67699901421371,0.093542674614181,0.927316529217752,"Gene2228"
62.007939752156,-0.62469569804258,0.335370231790687,-1.86270467330109,0.0625038280279091,0.856055940383494,"Gene2229"
127.077932477377,0.0629875796364837,0.331485769073962,0.190015938881617,0.849296640651339,0.995298543208041,"Gene2230"
22.0853408098839,-0.678329805942654,0.410684405227081,-1.65170578017829,0.0985945437853764,0.930219026465012,"Gene2231"
21.8393086796369,0.423044355966397,0.434936804560727,0.972657065418178,0.330723770623758,0.977149621423155,"Gene2232"
5.84520222515116,-0.372641513289509,0.612606196209427,-0.608288841339301,0.542995920544255,0.995298543208041,"Gene2233"
22.0143442303674,1.33770099842624,0.469009391565636,2.85218382079889,0.00434199837206229,0.619665196241461,"Gene2234"
144.106564988521,-0.0190710176748209,0.41150045754504,-0.0463450704006412,0.963035216895471,0.99679148114792,"Gene2235"
15.0981979489441,0.949680523123053,0.502971817396635,1.88813863973248,0.0590073407189841,0.856055940383494,"Gene2236"
11.8012923971031,0.943804471021579,0.492749860224103,1.9153825240911,0.0554437381877904,0.856055940383494,"Gene2237"
22.9232212530783,0.0163857688228307,0.428462466207555,0.0382431837445783,0.969493790413014,0.99679148114792,"Gene2238"
74.5102545418802,0.969837435032298,0.431044083710508,2.24997273291343,0.0244506762588549,0.769267290080118,"Gene2239"
29.7401159953989,-0.011873680650767,0.359474254742913,-0.0330306843789378,0.973650118389868,0.99679148114792,"Gene2240"
194.453254257451,-0.64113708508757,0.334449783432272,-1.91699058228693,0.0552391281071214,0.856055940383494,"Gene2241"
87.6878114583031,0.0768175901657221,0.333701984165359,0.230198182242923,0.817937774293771,0.995298543208041,"Gene2242"
52.0133951567037,-0.520883084877959,0.407316833020619,-1.27881551325818,0.200962029666402,0.966311336522134,"Gene2243"
18.4661327882028,-0.228382406610967,0.513569798663996,-0.444695944358649,0.656539500601274,0.995298543208041,"Gene2244"
17.1788901631158,-0.0727484319139084,0.431029854853244,-0.168778174167721,0.865971126510805,0.995298543208041,"Gene2245"
90.2935428389542,0.333846766517951,0.342204151362012,0.975577780658715,0.329273739843552,0.977149621423155,"Gene2246"
29.425605997537,-0.486257882558828,0.427455003738016,-1.13756507306404,0.255302137856429,0.977149621423155,"Gene2247"
226.334997531301,0.790290248547111,0.346017505486903,2.28396030840996,0.022373863735477,0.769267290080118,"Gene2248"
8.54859138959286,-0.771214307015422,0.538229352860494,-1.43287299906015,0.151894134850561,0.966311336522134,"Gene2249"
83.8919517320522,0.488036576084943,0.512657696801661,0.951973566630673,0.341110387801294,0.977149621423155,"Gene2250"
23.9931222774187,0.178685360993395,0.38751017621229,0.461111402905469,0.644718681127021,0.995298543208041,"Gene2251"
298.392362362071,-0.269930803116628,0.338659351503093,-0.79705698932741,0.425417934227422,0.995298543208041,"Gene2252"
90.4169304211989,-0.765278330690605,0.312190187233532,-2.45132089984027,0.0142332998766304,0.769267290080118,"Gene2253"
18.3201073224344,-0.209727760615669,0.45773425305907,-0.458186729994628,0.646818292743695,0.995298543208041,"Gene2254"
11.231158099177,0.111872440241924,0.516906057490459,0.216427025028603,0.828654902495333,0.995298543208041,"Gene2255"
65.629525177731,-0.281664367185834,0.323509252965459,-0.870653202664059,0.383943537663195,0.995298543208041,"Gene2256"
33.4274287143038,-0.202864324238455,0.392052321938817,-0.517441965998899,0.60484767086152,0.995298543208041,"Gene2257"
55.3639853446571,0.355388156382316,0.341187712464374,1.04162061938097,0.297587605089529,0.977149621423155,"Gene2258"
36.9484836244749,0.432161309200823,0.481315137787897,0.897875996975737,0.369251662654768,0.993108616838184,"Gene2259"
100.000831054726,-0.0928740625921965,0.343942437515174,-0.270027924623576,0.78713877056487,0.995298543208041,"Gene2260"
13.2711317366031,-0.0370566107966325,0.480011895414369,-0.0771993593297172,0.938464951308276,0.99679148114792,"Gene2261"
3050.59443153218,0.0511717374957273,0.331395764216264,0.154412768723059,0.877284286418413,0.995298543208041,"Gene2262"
72.3875640412981,0.639259479868694,0.390854163303886,1.63554476294954,0.10193489897408,0.930219026465012,"Gene2263"
35.3596192549421,0.467825704898957,0.363991874831507,1.2852641425458,0.198699995918508,0.966311336522134,"Gene2264"
40.6926887484674,0.0217205339275991,0.369732319158739,0.0587466467011064,0.953153904774765,0.99679148114792,"Gene2265"
90.810129855537,-0.867157562211606,0.347333271656319,-2.49661530574486,0.012538489735826,0.769267290080118,"Gene2266"
118.696325048294,0.0168952309431437,0.350848804127916,0.0481553043486615,0.961592470796109,0.99679148114792,"Gene2267"
4.98265447365329,0.938620313021509,0.730409888412382,1.28505970128867,0.198771422404208,0.966311336522134,"Gene2268"
4.13689159640157,1.05304260558628,0.721833828389972,1.45884352349496,0.14460818033779,0.966311336522134,"Gene2269"
38.7831804903782,-0.39566006634093,0.350965786535213,-1.12734654351054,0.259595990974248,0.977149621423155,"Gene2270"
125.551132773176,0.419806751194748,0.312063577452133,1.34526033003368,0.178541179576314,0.966311336522134,"Gene2271"
68.2806575441025,-0.0437614883146708,0.351428011306794,-0.124524758717846,0.900899798320774,0.995298543208041,"Gene2272"
145.375342849075,-0.863749062299931,0.419994499902484,-2.05657231821007,0.0397273832567095,0.783187444021602,"Gene2273"
93.8987306174642,-0.30614030123581,0.348984863560908,-0.877230886497688,0.380361243025774,0.995298543208041,"Gene2274"
97.1208481378376,-0.0132383609107808,0.379117326913507,-0.0349189023317866,0.97214440792293,0.99679148114792,"Gene2275"
421.577870716647,0.208956489490172,0.361892033609975,0.577400080918533,0.563669219556876,0.995298543208041,"Gene2276"
15.2450789317658,-0.172943714943635,0.472715514287367,-0.365851573973308,0.714475833224127,0.995298543208041,"Gene2277"
25.8724710184259,-1.25294248646593,0.400255326969241,-3.13035805407836,0.00174593354160146,0.619665196241461,"Gene2278"
82.0957998424306,0.0232940981599986,0.355833622916442,0.0654634544343455,0.947805003031977,0.99679148114792,"Gene2279"
59.1280258560532,-0.293359535279559,0.35022508223504,-0.837631426645458,0.402237737039925,0.995298543208041,"Gene2280"
4.02577638467473,0.425265714061075,0.718054148961231,0.592247415708528,0.553684922453456,0.995298543208041,"Gene2281"
107.247115938099,-0.0208312129709093,0.412205336734383,-0.0505360098826972,0.959695254316124,0.99679148114792,"Gene2282"
11.0773891034908,1.08219288886804,0.524664223489138,2.06263899922738,0.0391469395433091,0.783187444021602,"Gene2283"
10.840999746893,-0.500650849571565,0.511582472179508,-0.978631749126644,0.327761966062472,0.977149621423155,"Gene2284"
452.257025813561,-0.164952118982067,0.326584924328603,-0.505081853735833,0.61350134606948,0.995298543208041,"Gene2285"
248.663604618776,0.833896374511684,0.452329023295359,1.84356150404961,0.0652470706127738,0.856055940383494,"Gene2286"
23.1473156076111,-0.133005097710419,0.415181448610494,-0.320354144327866,0.748699882748491,0.995298543208041,"Gene2287"
431.874591119079,-0.069946559158564,0.361860806197896,-0.193296864320562,0.846726481931239,0.995298543208041,"Gene2288"
27.8807758086941,-0.1725109411839,0.46350848882432,-0.372185073937848,0.709755058407421,0.995298543208041,"Gene2289"
202.495278942757,0.160734459154247,0.387545527831551,0.414749874817575,0.678325017242849,0.995298543208041,"Gene2290"
252.461872580889,-0.46550711758956,0.326799181663132,-1.42444395123795,0.154317999004416,0.966311336522134,"Gene2291"
289.691659822942,0.0648572693606846,0.285336137970091,0.227301279894252,0.82018947794208,0.995298543208041,"Gene2292"
208.458354987664,-0.269335607843585,0.41688047240624,-0.646073936466673,0.518231473732815,0.995298543208041,"Gene2293"
41.6800576051261,0.0385005689112942,0.357057455046197,0.107827377267093,0.914132625578577,0.996147797058084,"Gene2294"
28.5030913176097,0.210012466228366,0.373440267454215,0.562372310999146,0.57386238022769,0.995298543208041,"Gene2295"
266.326895815481,0.0277575831034949,0.284624874947658,0.0975233914765865,0.922310759055055,0.99679148114792,"Gene2296"
41.3690423752701,-0.55453305286935,0.341092405722148,-1.62575608124524,0.104001554600646,0.930219026465012,"Gene2297"
24.1373423365397,-0.100621306336431,0.410461804752055,-0.245141704225592,0.806346712556411,0.995298543208041,"Gene2298"
12.4177269118119,0.387133543039193,0.507972912381715,0.762114541155459,0.445991644888716,0.995298543208041,"Gene2299"
289.508740814822,-0.0903845478618301,0.322173476975714,-0.280546209794431,0.779058477924828,0.995298543208041,"Gene2300"
150.117274762893,0.489109225067388,0.392834188074974,1.24507805052354,0.21310306151807,0.972722569207905,"Gene2301"
344.898412799855,-0.495776870332223,0.425048157106967,-1.16640164659614,0.243452093113088,0.977149621423155,"Gene2302"
27.2847569121932,0.562724988733445,0.393743810785805,1.42916529306302,0.152956730568364,0.966311336522134,"Gene2303"
68.5592875948122,0.0674454215025326,0.350537937637874,0.192405483860088,0.84742459715631,0.995298543208041,"Gene2304"
12.0549425830639,0.923151854263852,0.487132776128714,1.89507234885778,0.0580828173618041,0.856055940383494,"Gene2305"
65.6686040210122,-0.414030001238409,0.40832653546142,-1.01396790382615,0.310598067768391,0.977149621423155,"Gene2306"
15.8435053777102,-0.145236359452486,0.494302855429401,-0.293820595728339,0.768894996268438,0.995298543208041,"Gene2307"
87.14198678901,0.398139012484023,0.424772073553794,0.937300348285731,0.348604083860318,0.98031099162972,"Gene2308"
53.4649982982997,-1.30328041812546,0.394124391135017,-3.30677432668457,0.000943768906938721,0.619665196241461,"Gene2309"
309.965534577574,0.104640680156515,0.380793984519364,0.274796043032538,0.783472938317091,0.995298543208041,"Gene2310"
89.0895107295853,-0.155436256925043,0.344513142337245,-0.451176567229144,0.651862296899913,0.995298543208041,"Gene2311"
36.2642126975352,0.741932414866846,0.375309556142758,1.97685457970229,0.0480580701733853,0.849734727490477,"Gene2312"
6.7028680955213,0.573389556476106,0.590991973055445,0.970215472659748,0.331939099860902,0.977149621423155,"Gene2313"
29.1386852604403,0.191803340416998,0.391830590465769,0.489505784091543,0.624483660573217,0.995298543208041,"Gene2314"
24.478315655103,0.261963975762028,0.394312247372668,0.664356680543184,0.506462051673919,0.995298543208041,"Gene2315"
185.840986984457,-0.152205984241197,0.36673016931056,-0.415035350179503,0.678116025147074,0.995298543208041,"Gene2316"
83.0539438556881,-0.358594891278888,0.336300876003105,-1.06629187393368,0.28629172172632,0.977149621423155,"Gene2317"
35.1386986951471,0.0282739854195723,0.398514751622206,0.070948403552138,0.943438819943287,0.99679148114792,"Gene2318"
57.9148169329278,-0.323849414615266,0.371933956484234,-0.870717526510634,0.383908406359644,0.995298543208041,"Gene2319"
61.9551256162068,0.190177189061388,0.350274196855623,0.542938049015856,0.587172457431563,0.995298543208041,"Gene2320"
77.0181872411286,-0.210297937832102,0.351895232089965,-0.59761519524748,0.550096722855532,0.995298543208041,"Gene2321"
30.4906831923436,-0.573580951888618,0.395873622733583,-1.44889914091253,0.147365751113107,0.966311336522134,"Gene2322"
232.340019162102,-0.0823786509271579,0.400855682035601,-0.205507005685507,0.837176025163818,0.995298543208041,"Gene2323"
276.809694088812,0.230182145570978,0.362182622130499,0.635541661874767,0.525075203831082,0.995298543208041,"Gene2324"
9.36446810007469,1.30918392458901,0.537581644650993,2.43532110446025,0.0148785797331007,0.769267290080118,"Gene2325"
159.508981623984,-0.0864218164293112,0.381681012541778,-0.226424196094512,0.820871510780282,0.995298543208041,"Gene2326"
18.7833211890811,-0.941256889857802,0.457081643900495,-2.05927519168263,0.0394678836267364,0.783187444021602,"Gene2327"
66.8037138051008,0.122449165895259,0.340435152933574,0.359684259513446,0.719083264412869,0.995298543208041,"Gene2328"
163.868241820066,-0.101459941603354,0.37269265185065,-0.272234886036906,0.785441419254678,0.995298543208041,"Gene2329"
86.7086754443734,-0.122474364359789,0.382925970166746,-0.319838229583795,0.749090965578933,0.995298543208041,"Gene2330"
49.9992901077421,0.536165603640907,0.373361311418472,1.43605024742363,0.15098804377613,0.966311336522134,"Gene2331"
61.4697194134028,0.588571841652358,0.453815374410238,1.29694116779813,0.194651430255774,0.966311336522134,"Gene2332"
794.682268104671,-0.00518925671680882,0.376154696941691,-0.0137955388009238,0.988993101717003,0.99679148114792,"Gene2333"
341.741374591562,0.0335861885995289,0.440445330617636,0.076255067915991,0.939216172319152,0.99679148114792,"Gene2334"
61.1304778334801,-0.962494726468817,0.417553981624032,-2.3050785499046,0.0211621745797611,0.769267290080118,"Gene2335"
31.3062451797875,0.0917211484810947,0.494419381054754,0.185512850012927,0.852826802342963,0.995298543208041,"Gene2336"
528.086831546177,-0.00748062683616614,0.303183317477025,-0.0246736096775279,0.98031530509706,0.99679148114792,"Gene2337"
52.2031709495342,-0.216449222578025,0.376298165061062,-0.575206691594953,0.565151517726598,0.995298543208041,"Gene2338"
76.1418747181623,0.00329879758527994,0.365575335325753,0.0090235780877845,0.992800324066246,0.99679148114792,"Gene2339"
232.097110443022,-0.11690126701998,0.380038621257211,-0.307603649948148,0.75838394253707,0.995298543208041,"Gene2340"
22.2914388329512,-0.216806874941399,0.400481983945791,-0.541364864419833,0.588256119862092,0.995298543208041,"Gene2341"
33.0306054591401,0.0180625545090853,0.399523824160037,0.0452102062926039,0.963939759124875,0.99679148114792,"Gene2342"
32.0222860105554,-0.13091579421167,0.390303663595767,-0.335420357076787,0.737308013784957,0.995298543208041,"Gene2343"
60.2228154451797,0.490058246814413,0.452327599594976,1.08341442629904,0.278624515181381,0.977149621423155,"Gene2344"
2.79588312526649,1.49318631913372,0.89466850211587,1.66898277473989,0.0951207935893559,0.927316529217752,"Gene2345"
27.5780575972742,-0.115807657268597,0.397350771471424,-0.29144943355653,0.770707612095082,0.995298543208041,"Gene2346"
108.949444433592,-0.245311348740245,0.328661171764166,-0.746395892838448,0.455428299580196,0.995298543208041,"Gene2347"
89.1750866925805,0.0842457711895994,0.352919294073381,0.238711151825218,0.811329568809041,0.995298543208041,"Gene2348"
86.5297282358741,-0.560363985935056,0.346151046911588,-1.61884238379375,0.105481180195322,0.930219026465012,"Gene2349"
8.30376965095999,0.154489954380479,0.550732654714365,0.280517149397297,0.779080770105172,0.995298543208041,"Gene2350"
66.3850873017142,-0.398588712342552,0.366853440644705,-1.08650667591416,0.277254888953832,0.977149621423155,"Gene2351"
61.0861048619786,0.164300848216343,0.403953357396108,0.406732225907046,0.684204669035152,0.995298543208041,"Gene2352"
54.1154061121285,-0.0639611888181866,0.358933707313965,-0.178197777235334,0.858567655296467,0.995298543208041,"Gene2353"
130.61926020067,0.216577234741116,0.401898588876151,0.538885282843967,0.58996601277558,0.995298543208041,"Gene2354"
266.151980234369,-0.0800581525892027,0.349532776046632,-0.229043334632864,0.818835235076488,0.995298543208041,"Gene2355"
45.9863317069514,0.177001268364166,0.337720426770924,0.524105900423446,0.600204884854267,0.995298543208041,"Gene2356"
23.9143353659817,0.132603323664045,0.393371073007045,0.337094750385141,0.736045474664454,0.995298543208041,"Gene2357"
34.9858786262102,0.0364641214088509,0.407458925926319,0.0894915268476527,0.92869128716184,0.99679148114792,"Gene2358"
109.714058196543,0.202429875656428,0.365004999837157,0.554594802117067,0.579171845156191,0.995298543208041,"Gene2359"
42.5158171715456,0.0628161779112282,0.380852712589756,0.164935619032579,0.868994656388149,0.995298543208041,"Gene2360"
30.1365254521835,-0.188170452753465,0.359850280442616,-0.522913175229475,0.601034675581442,0.995298543208041,"Gene2361"
47.2558025667421,-0.365227207372786,0.440054430632019,-0.82995916402486,0.406561872257092,0.995298543208041,"Gene2362"
263.867163494304,-0.188565521298699,0.322687507121252,-0.58435953403007,0.558978445888247,0.995298543208041,"Gene2363"
12.9022995798356,0.827665125564929,0.462501933998133,1.78953873427104,0.0735280951953099,0.871907922324238,"Gene2364"
45.1926214488404,0.30765542027446,0.404556445585734,0.760475883233113,0.446970179586146,0.995298543208041,"Gene2365"
18.8980161925368,-0.180355117134137,0.410693908273693,-0.439147290721306,0.660554814667289,0.995298543208041,"Gene2366"
814.686473968011,0.147942747604522,0.350730510987224,0.421813167004201,0.673161394189999,0.995298543208041,"Gene2367"
29.7353190472824,-0.0833575221880258,0.3851301543955,-0.216439874252027,0.82864488763219,0.995298543208041,"Gene2368"
157.434567365424,-0.13397918930576,0.380194231838786,-0.352396691180131,0.724540783099061,0.995298543208041,"Gene2369"
55.540288606896,-0.405220846044455,0.409346565300512,-0.989921207099837,0.322212632972782,0.977149621423155,"Gene2370"
48.0946119865727,0.348504405994911,0.368493897968479,0.945753533277565,0.344274310877649,0.977149621423155,"Gene2371"
29.8501240977246,0.331640213264882,0.357250211054466,0.928313554486102,0.353244945049635,0.989184863642847,"Gene2372"
20.0036658669686,0.447591356580096,0.474031838079508,0.944222140001118,0.345056143648304,0.977149621423155,"Gene2373"
286.358601612101,-0.350500862419328,0.328799979416732,-1.06600025657268,0.28642352592355,0.977149621423155,"Gene2374"
115.740556719279,-0.270200868176689,0.34287325860865,-0.788048823851532,0.430668147905095,0.995298543208041,"Gene2375"
52.5458226169386,0.287881795029864,0.365534751419728,0.787563409256543,0.430952124767885,0.995298543208041,"Gene2376"
16.9661075136231,-0.199331602803248,0.455655536665539,-0.437461166963854,0.661776932782078,0.995298543208041,"Gene2377"
27.4800821037609,-0.928194480795423,0.390556299963944,-2.37659584772058,0.0174732211585545,0.769267290080118,"Gene2378"
168.218681725331,0.257853914909221,0.387829381149764,0.664864312612893,0.506137283376121,0.995298543208041,"Gene2379"
20.1127928105609,0.0737845473700886,0.403927480421267,0.18266780782812,0.855058676344701,0.995298543208041,"Gene2380"
19.367265750086,0.408363904484758,0.426387238437077,0.957730128091116,0.338198860387149,0.977149621423155,"Gene2381"
144.797086051574,-0.0561552248673343,0.359535459678824,-0.156188279502384,0.875884614958896,0.995298543208041,"Gene2382"
96.8505468403553,0.275330803871486,0.3745551331332,0.735087519875403,0.462286194464231,0.995298543208041,"Gene2383"
26.9184971066218,0.103946192638287,0.423439185422915,0.245480806256674,0.80608416798181,0.995298543208041,"Gene2384"
444.830611582817,-0.140749182861758,0.420842928951127,-0.334445877972928,0.738043124846105,0.995298543208041,"Gene2385"
12.0783375705101,-0.39227316024999,0.525998332754218,-0.74576882819377,0.455807073243647,0.995298543208041,"Gene2386"
250.606783842545,-0.0363225877687688,0.325790451929465,-0.111490645455235,0.91122728319894,0.995504451882279,"Gene2387"
127.170393081106,-0.229350544828269,0.387759300109698,-0.591476580351227,0.554201142502038,0.995298543208041,"Gene2388"
5.49783866294759,-0.734182264573076,0.61958581959521,-1.18495653282177,0.236034633473512,0.975521740117808,"Gene2389"
72.2690109892107,-0.448103568576522,0.415768994067448,-1.07777052875624,0.281136174704327,0.977149621423155,"Gene2390"
168.095695475733,-0.459486208007353,0.45581586158601,-1.00805225691044,0.313429375917797,0.977149621423155,"Gene2391"
21.1083327475674,-0.06364935583395,0.393223361800115,-0.161865651986121,0.87141165181294,0.995298543208041,"Gene2392"
53.3342710531056,-0.875736238266378,0.354722745662139,-2.46879076398581,0.0135570462680973,0.769267290080118,"Gene2393"
8.89948261688624,0.264470600338264,0.519169037808426,0.509411349826786,0.610463922430869,0.995298543208041,"Gene2394"
18.4377362520562,-0.302610107873081,0.467039746945521,-0.647932236714705,0.517028779431064,0.995298543208041,"Gene2395"
54.7293976576739,-0.47149675026283,0.359455886880631,-1.31169572532111,0.189622819658838,0.966311336522134,"Gene2396"
79.3416699983234,0.0241309248594718,0.439519734957578,0.0549029382305231,0.956215791042299,0.99679148114792,"Gene2397"
47.3133085907252,-0.61476076577464,0.431257698416873,-1.42550676319843,0.154010766507754,0.966311336522134,"Gene2398"
18.7513479389506,0.558094642300565,0.415104709161979,1.34446714282586,0.178797374532688,0.966311336522134,"Gene2399"
102.376040643242,0.0155358170700397,0.334558614761738,0.0464367569225615,0.96296214031222,0.99679148114792,"Gene2400"
276.904402138521,-0.173307524109202,0.335406781572258,-0.516708467541421,0.605359684230329,0.995298543208041,"Gene2401"
25.6250860673536,-0.122782181821309,0.426647192985715,-0.287783873514011,0.773512182470658,0.995298543208041,"Gene2402"
62.7916576354681,-0.470339357388093,0.371123198759476,-1.2673402227623,0.205033664082404,0.970583046220921,"Gene2403"
23.0763350739891,-0.490219638858309,0.417020414852459,-1.17552911416039,0.239783096377551,0.977149621423155,"Gene2404"
50.7384422791996,-0.249390711165039,0.315498595140846,-0.79046536183055,0.429256043461306,0.995298543208041,"Gene2405"
76.669888817904,0.698863322367963,0.323975347323765,2.1571496971637,0.0309940024281529,0.769267290080118,"Gene2406"
41.4880899208063,-0.371385008260189,0.382892620936215,-0.969945587752806,0.332073614916077,0.977149621423155,"Gene2407"
30.6688975138925,-0.58626909660985,0.384415243650737,-1.52509325863911,0.127235838435197,0.966311336522134,"Gene2408"
22.2053395587221,-0.300626321531858,0.501163872676196,-0.599856330278806,0.548601988198372,0.995298543208041,"Gene2409"
53.0693624754996,0.333963163096286,0.437862213014311,0.762712910979991,0.445634628997239,0.995298543208041,"Gene2410"
41.983640548633,0.204845202869529,0.458633330739039,0.446642642695511,0.655133101318191,0.995298543208041,"Gene2411"
27.6561505891829,-0.331366779889855,0.493269259162293,-0.671776669100781,0.501725883762304,0.995298543208041,"Gene2412"
99.857649961359,0.0937758296787527,0.41683296418483,0.224972201663905,0.822000899811562,0.995298543208041,"Gene2413"
65.5107745971855,-0.0418170861931331,0.375707165224641,-0.111302338799235,0.911376600837538,0.995504451882279,"Gene2414"
57.1998588205403,-0.392149206692629,0.433569372378835,-0.904467039590578,0.365747804111327,0.993108616838184,"Gene2415"
14.7669519313163,-0.228003580508268,0.487136261629931,-0.468048877628984,0.639749636681859,0.995298543208041,"Gene2416"
96.7661291206207,0.110417076669708,0.342885337198462,0.322023325849593,0.747435023511346,0.995298543208041,"Gene2417"
76.410609908087,0.039566684750794,0.372088985452202,0.106336619189919,0.915315278372726,0.996722750350204,"Gene2418"
47.8906085314231,0.301114441780815,0.428189622194248,0.703226855984414,0.481914385240313,0.995298543208041,"Gene2419"
125.832356393444,-0.64198301262351,0.377981538284509,-1.6984507114744,0.0894227278176553,0.907325839670106,"Gene2420"
266.50294443264,0.577174173815456,0.44020428944764,1.31115072626776,0.189806845699948,0.966311336522134,"Gene2421"
78.0009135768665,0.414600796314799,0.314655756147688,1.31763296305376,0.187626545454788,0.966311336522134,"Gene2422"
122.246744684339,-0.325582528475108,0.29353737285325,-1.10916891198682,0.267357321074785,0.977149621423155,"Gene2423"
263.159921666594,0.22591302457628,0.353961651247749,0.638241526391107,0.52331646916966,0.995298543208041,"Gene2424"
346.275076222526,-0.00598630345547063,0.333761318233228,-0.0179358815070579,0.985690004309603,0.99679148114792,"Gene2425"
27.1268757695982,0.713925019743853,0.424930327877799,1.68009900189841,0.0929380550705726,0.927316529217752,"Gene2426"
31.6957749479772,-0.457007857143276,0.43987375986572,-1.03895230595884,0.298826918227612,0.977149621423155,"Gene2427"
44.6457459837274,-0.093449900810084,0.347325606777837,-0.269055603694254,0.7878868941265,0.995298543208041,"Gene2428"
183.098591290053,0.0131458814679836,0.439480289972792,0.0299123345640767,0.976136968692439,0.99679148114792,"Gene2429"
123.965346146308,-1.0404507746173,0.327862319204744,-3.17343809786071,0.00150645021857425,0.619665196241461,"Gene2430"
180.588193844264,-0.447823171643765,0.362237981817962,-1.23626785185882,0.216359016738535,0.972722569207905,"Gene2431"
70.1878003957632,-0.682193574279291,0.30486937329487,-2.23765859753801,0.0252433271357474,0.769267290080118,"Gene2432"
27.5492668446769,-0.088800446187528,0.395397603404504,-0.224585190762228,0.822301986664964,0.995298543208041,"Gene2433"
11.8054743245436,0.381338602511578,0.60258001104791,0.632843100534343,0.526836107757745,0.995298543208041,"Gene2434"
6.33134655697992,0.212776551867168,0.61629755869996,0.345249707488711,0.729906652278508,0.995298543208041,"Gene2435"
610.062688183565,0.244544267999908,0.432622205586387,0.565260554918689,0.57189655405246,0.995298543208041,"Gene2436"
55.5674272654373,-0.0882084747583846,0.322988445324288,-0.273101022762041,0.784775560552552,0.995298543208041,"Gene2437"
106.348155146015,-0.0587359586949016,0.357977697619649,-0.164077145267604,0.86967041340123,0.995298543208041,"Gene2438"
144.37542186881,0.00703562202461719,0.355103794256623,0.0198128607421546,0.984192658509133,0.99679148114792,"Gene2439"
218.723072179686,0.372226296137779,0.42346984644063,0.878991265296538,0.379406011851506,0.995298543208041,"Gene2440"
123.838740101512,-0.392919303549467,0.358137202136834,-1.09711948718286,0.272589162587465,0.977149621423155,"Gene2441"
60.3449525957878,-0.110328356632059,0.380559187387377,-0.289911163068976,0.771884201318677,0.995298543208041,"Gene2442"
149.777085150134,0.071693823353178,0.397004332577839,0.180587004901568,0.85669175676074,0.995298543208041,"Gene2443"
76.2959919158281,0.161874975496494,0.354713330267576,0.456354361913562,0.648135178303385,0.995298543208041,"Gene2444"
27.4028596654674,-0.229779489491159,0.452182047941036,-0.508157036612657,0.611343218251379,0.995298543208041,"Gene2445"
143.108890843499,0.193824796486518,0.367391363372805,0.527570367215837,0.597797564720821,0.995298543208041,"Gene2446"
64.56542701408,0.357190564915616,0.399887591274165,0.893227428681887,0.371735392281709,0.993108616838184,"Gene2447"
54.0360481616759,0.249855127099276,0.38986371693315,0.640878122911138,0.521601870605232,0.995298543208041,"Gene2448"
15.4631482750023,0.329889953480307,0.45629783127616,0.72297068026311,0.46969789759752,0.995298543208041,"Gene2449"
213.512514090929,0.452013363631013,0.370376096720964,1.22041721275429,0.222306755498933,0.972952680885552,"Gene2450"
40.9457616448985,-0.182980295507872,0.394183769826518,-0.464200480878253,0.642504116715371,0.995298543208041,"Gene2451"
47.0951945685669,0.631144768920346,0.446906167667667,1.41225343166372,0.157875352869438,0.966311336522134,"Gene2452"
50.2420275705793,0.0558778096852239,0.3998391631265,0.139750716883992,0.888856953280973,0.995298543208041,"Gene2453"
38.0305189374433,0.394343120897218,0.419785958358553,0.939390927793722,0.347530069183595,0.97824828266281,"Gene2454"
85.7263409033958,-0.707562650442459,0.38577426007319,-1.83413649813811,0.0666337347999821,0.856055940383494,"Gene2455"
183.763856247336,0.203022349423436,0.354743280684932,0.572307808146341,0.567113460840365,0.995298543208041,"Gene2456"
86.8870192448384,-0.00814924953661389,0.339467221971908,-0.0240059982500704,0.980847824175304,0.99679148114792,"Gene2457"
8.16455071069737,0.290731380597208,0.527115802513195,0.551551251567591,0.581255843378246,0.995298543208041,"Gene2458"
2.92125477648721,0.724018993283447,0.829093963213126,0.873265305753205,0.382518486400546,0.995298543208041,"Gene2459"
38.4122201739102,0.033654788510563,0.412749896780889,0.0815379695380732,0.935014130066281,0.99679148114792,"Gene2460"
42.4854960912976,1.14205631948125,0.445623996849926,2.56282499944872,0.0103824365575336,0.76781299682498,"Gene2461"
41.5483167552643,0.232677155738194,0.343394285050141,0.677580163293106,0.49803792699439,0.995298543208041,"Gene2462"
9.02455959730269,0.536677438949678,0.542875276616086,0.988583311980901,0.322867054368831,0.977149621423155,"Gene2463"
23.63106090838,-0.0426772990939132,0.436027536372053,-0.0978775318848155,0.922029541265767,0.99679148114792,"Gene2464"
6.21934624294214,-0.644221315931707,0.589457770615265,-1.09290495103539,0.2744355342541,0.977149621423155,"Gene2465"
1068.31486911783,-0.679161573978055,0.338552932227637,-2.00607204760938,0.0448485616513031,0.818553606693129,"Gene2466"
104.906785851947,-0.0273594091914547,0.331364347363369,-0.0825659411133113,0.934196683828014,0.99679148114792,"Gene2467"
76.0881155607564,0.0412176279743574,0.31406543166028,0.131238983406942,0.895586258335689,0.995298543208041,"Gene2468"
3.65523698064593,-0.398782485678758,0.746115113780387,-0.534478498442717,0.593010521678007,0.995298543208041,"Gene2469"
45.3318608832953,-0.228072703108819,0.456860621606977,-0.499217249905647,0.617626343600043,0.995298543208041,"Gene2470"
151.517582415667,-0.673606310937124,0.306208631483665,-2.19982796589801,0.0278191030164483,0.769267290080118,"Gene2471"
139.087206739446,-0.105065000813623,0.321300848175038,-0.326998828077747,0.743668771592841,0.995298543208041,"Gene2472"
124.142394020984,0.365173098882869,0.304351594651716,1.19983961083153,0.23020163711776,0.97530502202872,"Gene2473"
335.066772363259,0.418750473111036,0.328213758874943,1.2758467973629,0.20200968111142,0.966311336522134,"Gene2474"
5.23571066933867,0.323328818635233,0.683823888933151,0.472824690491094,0.636338257315469,0.995298543208041,"Gene2475"
16.0190664455645,-0.665741834702332,0.453975400581287,-1.46647116528757,0.142519971082724,0.966311336522134,"Gene2476"
44.5486904030117,0.43534505953383,0.409909512693092,1.0620516139614,0.288212254392495,0.977149621423155,"Gene2477"
62.1346946259077,0.226436983879861,0.323311584865471,0.700367677743688,0.483697716354281,0.995298543208041,"Gene2478"
24.3819116106731,-0.565860687952574,0.423939048748221,-1.33476897120803,0.181951971887705,0.966311336522134,"Gene2479"
209.435983398093,0.00243591022142047,0.42821039136987,0.00568858269325939,0.995461192175494,0.998241755380804,"Gene2480"
3.29578955001066,0.0904981820269045,0.781611559516911,0.115784088560357,0.907823661183479,0.995298543208041,"Gene2481"
14.6252981130885,-0.155551344127783,0.447850732678726,-0.347328546717754,0.728344506954721,0.995298543208041,"Gene2482"
356.946272769091,0.253077116544139,0.415103893399823,0.609671748610602,0.542079272691188,0.995298543208041,"Gene2483"
139.345364001026,-0.0817698062043577,0.312416898098452,-0.261732981481013,0.793527311103844,0.995298543208041,"Gene2484"
7.06424648149459,-0.209033348693619,0.599679025603596,-0.348575387447011,0.727408108093851,0.995298543208041,"Gene2485"
123.102681729345,-0.848178521605571,0.450995766864758,-1.88067956269736,0.0600155214150137,0.856055940383494,"Gene2486"
95.0692302576531,-0.533587012500384,0.3331699792165,-1.60154589484681,0.10925606341668,0.942115228257739,"Gene2487"
11.2308202213947,-0.202596002533339,0.524625901713266,-0.38617232178534,0.699369050864866,0.995298543208041,"Gene2488"
75.7241992356281,0.236715183730804,0.384770978182748,0.615210598389714,0.53841564946172,0.995298543208041,"Gene2489"
177.381085294645,-0.0640844173170177,0.309488684757329,-0.20706546143122,0.835958735293736,0.995298543208041,"Gene2490"
18.0417464655456,-0.686918417934828,0.46277978267913,-1.4843310871493,0.137721106971896,0.966311336522134,"Gene2491"
98.4098701150755,0.246620912514164,0.328322689790158,0.75115403285648,0.452559960628385,0.995298543208041,"Gene2492"
11.709615049064,-0.0746432452589412,0.462798213468119,-0.161286805105792,0.871867515203329,0.995298543208041,"Gene2493"
100.688484119664,0.0285811668377881,0.303666211552897,0.0941203392093867,0.92501356374759,0.99679148114792,"Gene2494"
11.700839953502,-0.497017587662163,0.479206747403299,-1.03716734030849,0.29965787602645,0.977149621423155,"Gene2495"
34.3515000988356,-0.505870581443367,0.4306821843475,-1.17457977095054,0.24016288034244,0.977149621423155,"Gene2496"
12.5687613721217,-0.323371506573511,0.466622621028072,-0.693004350841485,0.488306821095569,0.995298543208041,"Gene2497"
96.6113882972534,-0.00271997321842117,0.37523457523388,-0.00724872759053677,0.994216402819027,0.997711889920852,"Gene2498"
47.0977960791277,-0.480820510028998,0.382973478774471,-1.25549296929814,0.209299858768896,0.972722569207905,"Gene2499"
82.8490487014775,-0.095803668288567,0.321875931024678,-0.297641603656354,0.765976717750214,0.995298543208041,"Gene2500"
119.252149137272,0.0599214439710486,0.360508143223916,0.166213843147035,0.867988665726116,0.995298543208041,"Gene2501"
56.0782281861609,-0.376718715551371,0.321432104469865,-1.17200089945181,0.241196695035169,0.977149621423155,"Gene2502"
41.829081340181,-0.173067183116792,0.412002018656277,-0.420063920272142,0.674438758944454,0.995298543208041,"Gene2503"
91.8430575756089,0.302963053752279,0.414716276149328,0.730530898293441,0.465065733351746,0.995298543208041,"Gene2504"
102.093263798865,-0.545874434738087,0.380692615453226,-1.43389814401366,0.151601331596736,0.966311336522134,"Gene2505"
52.4198298205023,-0.431123347986168,0.43701792644739,-0.986511815409634,0.323882020125843,0.977149621423155,"Gene2506"
78.350235356432,0.287437404531551,0.409413633741953,0.70207091518774,0.482634939502845,0.995298543208041,"Gene2507"
157.938498352679,0.0139779060739941,0.32705307968332,0.0427389526113885,0.965909628230474,0.99679148114792,"Gene2508"
95.5791697855878,-0.598937017082973,0.334564342520398,-1.79019979406938,0.0734217982021808,0.871907922324238,"Gene2509"
200.553558439813,0.0665701316501923,0.340401251345721,0.195563710142128,0.84495166685986,0.995298543208041,"Gene2510"
7.81713236342006,0.529836070061288,0.588910821309389,0.899688120661878,0.368286246969847,0.993108616838184,"Gene2511"
95.8483583588391,-0.122133066360351,0.416143276615056,-0.293488020168898,0.769149155075824,0.995298543208041,"Gene2512"
63.8398414790642,0.207501896887225,0.353417447129723,0.587129748608764,0.557116569430701,0.995298543208041,"Gene2513"
20.5761876850655,0.211426240443555,0.454297503027068,0.465391596992681,0.641651050662942,0.995298543208041,"Gene2514"
23.1606475500171,-0.195806619062747,0.414230297489045,-0.472699897254438,0.63642729990725,0.995298543208041,"Gene2515"
110.685966905488,0.402834685444371,0.327929267187002,1.22841943599579,0.219289555432507,0.972952680885552,"Gene2516"
34.3577176957746,-0.0126202655404198,0.395069927894529,-0.0319443841440368,0.974516403256676,0.99679148114792,"Gene2517"
33.8459723319759,0.886558790879246,0.378429803993028,2.34272983133109,0.0191432394946651,0.769267290080118,"Gene2518"
117.281879235471,-0.244915050193126,0.364563139745751,-0.671804204791332,0.501708351540162,0.995298543208041,"Gene2519"
195.514017119016,-0.464134667195382,0.337128041821371,-1.37673112176562,0.168595392990237,0.966311336522134,"Gene2520"
672.154961236509,-0.0717912340402073,0.349860328686744,-0.205199698718877,0.837416104823422,0.995298543208041,"Gene2521"
120.079880965254,0.777811771940421,0.356706708521046,2.18053586703018,0.0292177631627381,0.769267290080118,"Gene2522"
477.342688017061,0.3561576961253,0.350254086832962,1.01685521886617,0.309222309073458,0.977149621423155,"Gene2523"
311.779931060755,-0.0667592188909478,0.422185415083119,-0.158127724231791,0.87435615466342,0.995298543208041,"Gene2524"
93.9330917141918,-0.372698046643924,0.39645709814853,-0.940071569873355,0.347180850676017,0.97824828266281,"Gene2525"
83.241855813061,-0.82834100159561,0.347015913958982,-2.38704038712623,0.0169846252956806,0.769267290080118,"Gene2526"
518.348974965656,-0.340759884656586,0.353713370708626,-0.96337857959373,0.335357571881473,0.977149621423155,"Gene2527"
14.0276334121531,-0.646875722061161,0.553042580989996,-1.16966711840378,0.24213495550043,0.977149621423155,"Gene2528"
57.5936619967721,-0.175139387560214,0.359387437044417,-0.487327517624296,0.626026249993844,0.995298543208041,"Gene2529"
79.5433601431777,0.0125052198833945,0.734684257102867,0.0170212166144777,0.986419689812413,0.99679148114792,"Gene2530"
2.20363920012586,-0.67117868428839,0.982021011757409,-0.683466724492239,0.494311969801526,0.995298543208041,"Gene2531"
41.7059311330808,-0.317210429709556,0.398445131000896,-0.796120732891685,0.425961864539544,0.995298543208041,"Gene2532"
57.0728145102166,-0.0277770387666579,0.392350329940525,-0.0707965220033547,0.943559699920098,0.99679148114792,"Gene2533"
2.07550250883019,-0.528558377241555,0.947501619328622,-0.557844299639381,0.576950709493207,0.995298543208041,"Gene2534"
103.930116634381,0.295960838185529,0.346293278856165,0.854653717690139,0.392742879743322,0.995298543208041,"Gene2535"
29.8723823811161,-0.475597073946723,0.40968445295904,-1.16088631265261,0.245688135794047,0.977149621423155,"Gene2536"
90.9032720123752,-0.628707937349854,0.303576822538958,-2.07100111296926,0.0383586920474607,0.781030377037707,"Gene2537"
153.315539726771,-0.485508743421182,0.411035279733912,-1.18118508886994,0.237529203490923,0.976508947684905,"Gene2538"
262.052620308279,-0.64921292620637,0.347050380255831,-1.87065902572357,0.061392357557206,0.856055940383494,"Gene2539"
7.19333606438446,-0.357221516482881,0.61720114277179,-0.578776498822789,0.562739990527909,0.995298543208041,"Gene2540"
43.2555124717796,0.0442843669731453,0.355618401848437,0.124527771181029,0.900897413286895,0.995298543208041,"Gene2541"
20.8708921530465,-0.613366092347415,0.413281619420143,-1.48413591005572,0.137772868202686,0.966311336522134,"Gene2542"
60.8811759867126,-0.0419391863496929,0.373907525757909,-0.112164595416159,0.910692900746049,0.995504451882279,"Gene2543"
51.8193024132963,0.0882378409631361,0.368204109036486,0.239643824709171,0.810606387321759,0.995298543208041,"Gene2544"
16.717578162953,-0.245982393630781,0.411789053235234,-0.597350492195486,0.550273400068189,0.995298543208041,"Gene2545"
6.32974363117449,0.435396739685415,0.573403151293467,0.759320451419319,0.447660886391816,0.995298543208041,"Gene2546"
658.16245859708,-0.488296009649533,0.365198639423131,-1.33706962988922,0.181199909430221,0.966311336522134,"Gene2547"
10.5908729987861,0.696426720434274,0.520539562002035,1.33789393020535,0.180931016078621,0.966311336522134,"Gene2548"
78.7421981726322,-0.235460883464008,0.349520096993984,-0.673669083663767,0.500521721518595,0.995298543208041,"Gene2549"
14.4997408851108,-0.476577149990578,0.489833781977764,-0.972936468502313,0.330584878525874,0.977149621423155,"Gene2550"
390.16448825128,0.31172362319621,0.310740652958971,1.00316331393359,0.315782070423467,0.977149621423155,"Gene2551"
4.26116237397143,0.402604512077221,0.687885421512111,0.585278448251185,0.558360503780285,0.995298543208041,"Gene2552"
15.6137967215741,-0.796337479831989,0.460400500332168,-1.72966249875369,0.0836905925768183,0.88989888935685,"Gene2553"
15.8661327401397,-0.324501707772461,0.426599487181206,-0.760670646644782,0.446853811497001,0.995298543208041,"Gene2554"
54.1487136448577,-0.299386667865418,0.367048778114902,-0.815659077801635,0.41469515023369,0.995298543208041,"Gene2555"
24.5544180754191,-0.315040443494045,0.490282207250072,-0.642569603455661,0.520503411893371,0.995298543208041,"Gene2556"
949.417069336596,-0.0846587765739957,0.424615899348126,-0.199377311833977,0.841967606732097,0.995298543208041,"Gene2557"
59.21137766595,-0.548795678966884,0.336045399494408,-1.63309981268176,0.102448006001911,0.930219026465012,"Gene2558"
263.350866309844,-0.475131010884079,0.326401179021054,-1.455665731077,0.145485047596249,0.966311336522134,"Gene2559"
129.39089712769,-0.164184034552961,0.363169120833739,-0.452086989598782,0.65120631603281,0.995298543208041,"Gene2560"
109.064165564706,0.435443744234647,0.33888309407262,1.28493793833614,0.19881397214686,0.966311336522134,"Gene2561"
92.2511877823983,0.429819470196534,0.393672843702558,1.09181894832778,0.274912688753226,0.977149621423155,"Gene2562"
73.6932031086417,-0.485690354094348,0.333078282080575,-1.45818679939287,0.144789061349983,0.966311336522134,"Gene2563"
24.7306502030394,-0.0829984908631907,0.382493941172038,-0.216992955780859,0.828213834631634,0.995298543208041,"Gene2564"
32.5774606111959,0.127351836272982,0.370681663974612,0.343561197247955,0.731176310326504,0.995298543208041,"Gene2565"
98.722859632013,0.320579725912876,0.351425557575588,0.912226555531387,0.361649467406193,0.993108616838184,"Gene2566"
2.7995416348202,0.890821565717077,0.885718023434289,1.00576203955182,0.31453005174256,0.977149621423155,"Gene2567"
6.33960073284717,-1.05238104910603,0.628021681934417,-1.6757081473119,0.0937953731948541,0.927316529217752,"Gene2568"
28.4874787869648,0.1132154931664,0.413731471763537,0.273644866037909,0.784357551385886,0.995298543208041,"Gene2569"
3.17768078030142,-0.0162826236046323,0.776670937231468,-0.0209646361465173,0.983273865738669,0.99679148114792,"Gene2570"
76.8109443684038,-0.122946124388382,0.369232455947511,-0.332977565780023,0.739151217695513,0.995298543208041,"Gene2571"
106.153708240808,-0.578937853281923,0.404727366483312,-1.43043910846042,0.152591030512855,0.966311336522134,"Gene2572"
139.189089274481,-0.0824658666085036,0.369481076691942,-0.223193748775557,0.823384716993931,0.995298543208041,"Gene2573"
178.461444425133,0.34868708179111,0.333948704308344,1.04413365673417,0.296423556106221,0.977149621423155,"Gene2574"
94.8480340836802,0.446903713057294,0.343859439038909,1.29966975548612,0.193714180544006,0.966311336522134,"Gene2575"
101.452416129682,-0.053629618119858,0.362702797383102,-0.147861054579108,0.88245242423497,0.995298543208041,"Gene2576"
72.7401190738259,-0.633631523206868,0.408118113713051,-1.5525689792156,0.120526141423309,0.966311336522134,"Gene2577"
45.8132133302915,-0.258217790317791,0.353806328729842,-0.729828070754947,0.465495283776299,0.995298543208041,"Gene2578"
21.996637437205,-0.977106489025989,0.440114456182415,-2.22011905153374,0.0264106872825458,0.769267290080118,"Gene2579"
753.189829634065,0.0576152416934603,0.340728846419414,0.169094111927758,0.865722616242611,0.995298543208041,"Gene2580"
19.8536198392504,0.216074907643577,0.461190692651895,0.468515325843033,0.63941611376425,0.995298543208041,"Gene2581"
397.412140051009,0.0375679939299597,0.351839542611421,0.106775928740479,0.914966744364229,0.996722750350204,"Gene2582"
157.462701452839,0.0132365903712712,0.42732001004279,0.0309758262196655,0.975288818301657,0.99679148114792,"Gene2583"
722.354649205828,0.0430935022276585,0.433537962899639,0.0993996049144936,0.920820996444076,0.99679148114792,"Gene2584"
126.017579792992,0.226398714175972,0.443462281050485,0.510525300234493,0.609683494292056,0.995298543208041,"Gene2585"
34.8767292775371,-0.255261611384656,0.343044352574054,-0.744106729842032,0.456811908214822,0.995298543208041,"Gene2586"
40.566537964575,0.168949550761875,0.387179656491201,0.436359576050489,0.662575863290568,0.995298543208041,"Gene2587"
10.2387401758098,-0.856810295612547,0.578425790761758,-1.48127955097605,0.138532095340111,0.966311336522134,"Gene2588"
193.289146854399,0.0486998181192046,0.333646803059453,0.14596219017428,0.883951236563923,0.995298543208041,"Gene2589"
69.0830902759448,-0.64380455779819,0.35282521015598,-1.82471246176987,0.0680444317227319,0.860460598620369,"Gene2590"
53.570576518665,0.303511260354133,0.357180487123277,0.849741996822406,0.395468543941438,0.995298543208041,"Gene2591"
57.0436757781975,-0.509268422819262,0.392765450619614,-1.29662225131018,0.194761192490553,0.966311336522134,"Gene2592"
18.5482797042105,-0.0911893213716754,0.420356121788516,-0.216933491972679,0.828260176228981,0.995298543208041,"Gene2593"
33.2796020242658,0.273736084324793,0.422446453812804,0.64797818008455,0.516999063145857,0.995298543208041,"Gene2594"
135.113977502612,-0.474806895135371,0.399465052397463,-1.18860684379204,0.234594413519772,0.975521740117808,"Gene2595"
259.418186122211,0.299781715248952,0.404968432303433,0.740259465518865,0.459142571328936,0.995298543208041,"Gene2596"
56.4621010804056,-0.18160953818651,0.332437306913227,-0.546297104476044,0.584861726290744,0.995298543208041,"Gene2597"
92.3591884897014,0.14996149373042,0.411673757031173,0.364272658067599,0.715654415033212,0.995298543208041,"Gene2598"
82.1205078308759,-0.267201951255619,0.370922290561294,-0.720371781515957,0.471296119381624,0.995298543208041,"Gene2599"
66.8417871521359,0.197320991355734,0.395061436476922,0.499469128435827,0.617448929990562,0.995298543208041,"Gene2600"
38.4040574144324,-0.388948221085741,0.383747250523374,-1.01355311485691,0.310796039320753,0.977149621423155,"Gene2601"
114.177084377267,-0.658119188289262,0.38285660464203,-1.71897044561789,0.0856197535248133,0.895645379804068,"Gene2602"
135.785694640346,-0.288408101650261,0.373007584951354,-0.773196345827321,0.439406188432154,0.995298543208041,"Gene2603"
62.5117520470683,-0.301282514811962,0.511546978019246,-0.588963531714241,0.555885737590152,0.995298543208041,"Gene2604"
122.490723227753,0.0204879454330263,0.326953884350989,0.0626631045344371,0.950034777943154,0.99679148114792,"Gene2605"
31.169862524516,0.395677384941071,0.406299674825095,0.973856021694831,0.330128032499154,0.977149621423155,"Gene2606"
60.5240469009527,1.04856280496968,0.360788713545272,2.90630711439398,0.00365722300912843,0.619665196241461,"Gene2607"
96.2727905663362,0.257831133098625,0.311312042631899,0.828208028571156,0.407552697812311,0.995298543208041,"Gene2608"
51.9288145415684,0.257837678142146,0.396213435589861,0.650754504976064,0.515204972643056,0.995298543208041,"Gene2609"
48.8281357033101,0.155944843063615,0.378837791522932,0.411640144022368,0.680603203025201,0.995298543208041,"Gene2610"
27.022819066102,0.0667651189749369,0.4381262691752,0.152387847230951,0.87888104164028,0.995298543208041,"Gene2611"
113.421152931767,0.157736443720347,0.355149917359198,0.444140448893341,0.656941043878356,0.995298543208041,"Gene2612"
79.7874954879263,0.0648995983387167,0.329444331198365,0.196997162168923,0.84382975853123,0.995298543208041,"Gene2613"
1426.56944657775,-0.256130610094834,0.31593256478661,-0.810712913585948,0.4175305556772,0.995298543208041,"Gene2614"
49.3484108619286,-0.929485462110752,0.419174233334828,-2.21742031879211,0.0265943825017359,0.769267290080118,"Gene2615"
60.5116904191666,-0.423315393180054,0.391021992867921,-1.082587171313,0.278991704019577,0.977149621423155,"Gene2616"
13.6505624405827,-0.013406795726022,0.446789112301033,-0.0300069884357185,0.976061479716015,0.99679148114792,"Gene2617"
194.881503410205,0.475961428711413,0.301396719940427,1.57918582791972,0.114293439655144,0.951492885129071,"Gene2618"
36.8345884311032,-0.320375693393318,0.347966828610594,-0.920707570524913,0.357203122612218,0.991832533005816,"Gene2619"
54.8601642233819,0.100096980145691,0.39167093264664,0.255563974250795,0.798287539133299,0.995298543208041,"Gene2620"
157.896098633078,0.309592031698465,0.326462068772149,0.948324664065466,0.342964198537761,0.977149621423155,"Gene2621"
335.315057168437,0.566053233307659,0.302130225888125,1.87354056233109,0.0609937769837516,0.856055940383494,"Gene2622"
36.9435347638164,-0.000672375487861776,0.391743547306341,-0.00171636646598287,0.998630538368499,0.999294498615725,"Gene2623"
37.2859272730816,0.160928034618202,0.400465744773476,0.401852185158136,0.687792813811562,0.995298543208041,"Gene2624"
64.0439135438479,-0.227658589096364,0.336337782970092,-0.676874858025119,0.498485357306682,0.995298543208041,"Gene2625"
190.049794624813,0.203052604357106,0.277823568590201,0.730868894195997,0.464859237309003,0.995298543208041,"Gene2626"
71.52716018877,0.377571478009727,0.507100922940262,0.74456870600925,0.456532491958565,0.995298543208041,"Gene2627"
54.5229862130327,-0.910840982450979,0.379136260114371,-2.40241063246289,0.0162874137194878,0.769267290080118,"Gene2628"
153.413367800919,-0.0177689615301982,0.31761450627739,-0.0559450565985158,0.955385577036986,0.99679148114792,"Gene2629"
138.358034587786,0.40845999552239,0.348106092646001,1.17337789872516,0.240644296132723,0.977149621423155,"Gene2630"
161.280448822605,-0.0889616106375857,0.364028648443038,-0.244380795352446,0.806935914035237,0.995298543208041,"Gene2631"
5.96886016877556,0.401605549753755,0.610321387705674,0.658023064312844,0.510523310740126,0.995298543208041,"Gene2632"
13.8215307738088,-0.454994023833481,0.501865840349469,-0.906604887705946,0.364615776136856,0.993108616838184,"Gene2633"
10.9806649830276,-0.529512741844423,0.492141457713679,-1.07593606176638,0.281955852564421,0.977149621423155,"Gene2634"
80.9732451446106,0.803443575348674,0.334456019397148,2.40223984246679,0.0162950206526426,0.769267290080118,"Gene2635"
12.2061250343142,-0.187591734138323,0.466677543029496,-0.401972918860734,0.687703956742569,0.995298543208041,"Gene2636"
38.9740522404774,-0.4443764928246,0.439143960580758,-1.01191530047897,0.31157855291738,0.977149621423155,"Gene2637"
68.8285310876214,0.742411537968765,0.332931121782853,2.22992531906641,0.0257524011960289,0.769267290080118,"Gene2638"
460.971953472102,-0.135274051653511,0.340647360916884,-0.397108761651371,0.691287259175578,0.995298543208041,"Gene2639"
39.0315354014146,-0.598303913833799,0.377941443855441,-1.58305981934769,0.113407830672046,0.946091213706675,"Gene2640"
55.8589130885758,-0.0642370198710076,0.361109380279395,-0.17788798458048,0.858810947262435,0.995298543208041,"Gene2641"
63.855285057038,-0.36212923836258,0.36090258099313,-1.00339886006377,0.315668453899433,0.977149621423155,"Gene2642"
27.4138575381008,0.283595092555972,0.373872382311294,0.758534478537239,0.448131080440273,0.995298543208041,"Gene2643"
1.95142362110552,1.12335321028149,1.00856142562836,1.1138173459109,0.265357553934729,0.977149621423155,"Gene2644"
312.54721948536,-0.230548974617939,0.360744304052582,-0.639092487470943,0.522762766829888,0.995298543208041,"Gene2645"
28.0155633262796,-0.0880276519590631,0.487969590808889,-0.180395773870136,0.856841871864886,0.995298543208041,"Gene2646"
16.080616577396,-0.450941868727964,0.556747495674686,-0.809957605972698,0.417964541611275,0.995298543208041,"Gene2647"
86.848776643599,-0.0955152774980503,0.376998120054765,-0.253357437125085,0.79999201509125,0.995298543208041,"Gene2648"
27.9345100700294,0.150131853042599,0.397953143559695,0.377260125902432,0.70598030153628,0.995298543208041,"Gene2649"
141.070333164188,0.0838484223708058,0.323389365582443,0.259280085539578,0.795419143592594,0.995298543208041,"Gene2650"
33.111272020495,-0.154025658307457,0.414968296454787,-0.371174520134068,0.710507549722443,0.995298543208041,"Gene2651"
156.399287781557,-0.164576562944578,0.408168699414452,-0.403207211088638,0.68679579526282,0.995298543208041,"Gene2652"
40.5018111270129,-0.487232548851165,0.344162065913294,-1.41570671816549,0.156861390590125,0.966311336522134,"Gene2653"
17.2048642713623,-0.44528611013224,0.422554975787595,-1.05379450165574,0.291977011381697,0.977149621423155,"Gene2654"
171.387865865757,-0.0238332054742377,0.388716721235238,-0.0613125295935358,0.951110312403936,0.99679148114792,"Gene2655"
1092.32891659335,-0.268595239838193,0.391973609612658,-0.685238070245633,0.493193704053133,0.995298543208041,"Gene2656"
12.6796779638239,-0.290126941460329,0.542906590947742,-0.534395688499305,0.593067801320853,0.995298543208041,"Gene2657"
31.034669534344,-1.1885875514175,0.379099693747882,-3.13529019152403,0.00171684187327219,0.619665196241461,"Gene2658"
12.802888196992,-0.259841311745801,0.509173723390614,-0.510319562477624,0.609827599760284,0.995298543208041,"Gene2659"
316.63869976988,0.198900076469419,0.364786037850583,0.545251341420279,0.585580664891673,0.995298543208041,"Gene2660"
67.9276843742334,0.26995675216351,0.445214608852233,0.606351963291279,0.54428105961198,0.995298543208041,"Gene2661"
4.38754669175121,-0.334663445560396,0.692574398490177,-0.483216599241853,0.628941950430449,0.995298543208041,"Gene2662"
4.14917149982261,-0.704143708660399,0.697991388336626,-1.00881432124605,0.313063691476025,0.977149621423155,"Gene2663"
156.316057091507,-0.192744290282757,0.303291830335183,-0.635507689309487,0.525097353357953,0.995298543208041,"Gene2664"
61.5128681459978,0.538221374496819,0.422901021166792,1.27268875589814,0.203128509178827,0.966311336522134,"Gene2665"
6.21217799399758,0.0447250130749829,0.667469671496955,0.0670068094250286,0.946576282248989,0.99679148114792,"Gene2666"
14.5157954151825,0.00945286155697416,0.475232186188397,0.0198910381739733,0.984130294233386,0.99679148114792,"Gene2667"
97.4559799782819,-0.729414587257879,0.37094412372991,-1.96637320986105,0.0492555157106587,0.855060010888543,"Gene2668"
58.1991999020308,-0.152995951813802,0.41360671319315,-0.36990683887269,0.711451905637973,0.995298543208041,"Gene2669"
4.63192444595972,0.601833535862771,0.664644271783384,0.905497213190331,0.365202035593797,0.993108616838184,"Gene2670"
140.752742337257,-0.0932104451124212,0.364224507898677,-0.255914808287286,0.798016619937597,0.995298543208041,"Gene2671"
30.8906932569553,-0.461160384181326,0.383173261765167,-1.20352965668036,0.228771422088733,0.973557617323298,"Gene2672"
256.027270094852,-0.19612787745925,0.39647314230894,-0.494681370639786,0.620825053724737,0.995298543208041,"Gene2673"
107.871829292748,0.210495585653065,0.358677889836481,0.586865239307137,0.557294217070021,0.995298543208041,"Gene2674"
238.543109344534,-0.368980362719033,0.349863271467495,-1.0546416066235,0.291589267348484,0.977149621423155,"Gene2675"
4.74554528145986,0.82481907040882,0.681408043040521,1.21046277459301,0.226101366592476,0.972952680885552,"Gene2676"
134.91557535481,-0.263767155763411,0.342834705034568,-0.769371221436918,0.441672967815089,0.995298543208041,"Gene2677"
167.956322621346,-0.0127736700685799,0.401091005535814,-0.0318473111894287,0.974593816880196,0.99679148114792,"Gene2678"
91.3358354323822,-0.279613075913625,0.408462515625602,-0.684550148953985,0.493627833648307,0.995298543208041,"Gene2679"
16.5897363737995,-0.484163870917733,0.478449740476536,-1.01194301084897,0.311565302685525,0.977149621423155,"Gene2680"
45.9306091330547,-0.0955371522683885,0.367077357651045,-0.260264356482617,0.794659864808767,0.995298543208041,"Gene2681"
5.60911862227259,-0.139625638973618,0.631244566181622,-0.221191035066185,0.82494368937563,0.995298543208041,"Gene2682"
21.8050557893272,0.197424858163986,0.462131337249752,0.427205087062276,0.669229956425758,0.995298543208041,"Gene2683"
23.0634856637851,-0.119391438071897,0.408050074505295,-0.292590163637742,0.769835433185072,0.995298543208041,"Gene2684"
82.448472695009,0.418480557270894,0.403818706480158,1.03630800296136,0.300058473739903,0.977149621423155,"Gene2685"
786.976110087247,-0.014514318435285,0.371041059052052,-0.0391178228963842,0.96879645122784,0.99679148114792,"Gene2686"
76.8084812000673,0.134183664876622,0.307618413523539,0.436201667317793,0.662690418339144,0.995298543208041,"Gene2687"
24.6096862243245,0.357866847676006,0.541518774446783,0.66085769240707,0.508703580270112,0.995298543208041,"Gene2688"
152.681630147201,-0.368426858181607,0.37097890273689,-0.993120782512282,0.320651097185552,0.977149621423155,"Gene2689"
145.969389028326,0.316574001216119,0.305113929417704,1.03755997577785,0.299474959741137,0.977149621423155,"Gene2690"
77.4873126978359,0.0362978303141801,0.375210560209102,0.0967398953109196,0.922932956521097,0.99679148114792,"Gene2691"
23.8757827938379,0.0185330855351166,0.428934919792514,0.0432072202097268,0.965536349570281,0.99679148114792,"Gene2692"
96.4683148123517,0.428415211773332,0.360898198148725,1.18708049519489,0.235195871106202,0.975521740117808,"Gene2693"
130.930286461482,0.196006319090065,0.330810629827026,0.592503086108667,0.553513754793776,0.995298543208041,"Gene2694"
83.089205738754,-0.00174824195535236,0.356291017863995,-0.0049067808833163,0.996084970999997,0.998471281765133,"Gene2695"
539.208745114446,0.313115968373622,0.281191480875045,1.11353291144963,0.265479621580483,0.977149621423155,"Gene2696"
766.693268708189,0.159714823702311,0.395446986661063,0.403884285605146,0.686297812540935,0.995298543208041,"Gene2697"
17.1743898211033,0.00796782989496893,0.477786069465832,0.0166765638518449,0.98669464389874,0.99679148114792,"Gene2698"
97.5485922610854,0.611696359736413,0.382856609150017,1.59771659968061,0.110106062755544,0.942149521993904,"Gene2699"
11.4483468177362,-0.0125504995196618,0.475440703365965,-0.0263976126377241,0.978940198326848,0.99679148114792,"Gene2700"
30.6015678857975,-0.559605056893162,0.376048978095296,-1.48811747801466,0.13671991491442,0.966311336522134,"Gene2701"
31.4653227380777,0.323814279714327,0.381286644437492,0.849267301748914,0.395732571165035,0.995298543208041,"Gene2702"
39.4384449681513,-0.751906402888191,0.380125410164495,-1.97804825139896,0.0479232635860266,0.849734727490477,"Gene2703"
446.757965228886,-0.343253245290234,0.316980356738404,-1.08288491066818,0.278859510297594,0.977149621423155,"Gene2704"
18.6389261965312,0.0817502636909412,0.424253594731907,0.19269197646422,0.847200207549168,0.995298543208041,"Gene2705"
108.342989248235,-0.229196564289478,0.338303416915604,-0.67748817431145,0.498096270682355,0.995298543208041,"Gene2706"
162.909644243062,-0.430376977931533,0.396704546051481,-1.08488037814339,0.277974639619199,0.977149621423155,"Gene2707"
68.2770218759372,0.119506618737671,0.444819018722313,0.268663464707374,0.788188669291141,0.995298543208041,"Gene2708"
100.02238869992,-0.168069611230632,0.375445303480277,-0.447654051529403,0.654402887557589,0.995298543208041,"Gene2709"
29.9932988479932,0.194861954091835,0.436561551644999,0.446356197327912,0.655339968221554,0.995298543208041,"Gene2710"
27.5708077122424,0.0356741081355878,0.428075055260285,0.0833361058936189,0.933584291779835,0.99679148114792,"Gene2711"
29.3853318851583,-0.264601002478333,0.365469950647162,-0.724002074615946,0.469064461410776,0.995298543208041,"Gene2712"
3.64486614148256,0.777501506773228,0.764876505990218,1.01650593355154,0.309388523396644,0.977149621423155,"Gene2713"
137.915206349738,0.0576762443321476,0.449314217452182,0.128365055215031,0.897860084230133,0.995298543208041,"Gene2714"
34.0930942553571,-0.944188294913389,0.391478864892553,-2.41184998626307,0.0158718104664453,0.769267290080118,"Gene2715"
43.2457481447798,0.40309124153282,0.355094740564644,1.13516533895111,0.256306049207359,0.977149621423155,"Gene2716"
110.113527049976,0.0842114944752282,0.305523827040868,0.275629875714943,0.782832360700215,0.995298543208041,"Gene2717"
56.1453023714246,0.501096634624619,0.384953961448148,1.30170535910205,0.19301712689647,0.966311336522134,"Gene2718"
46.4036425722021,-0.0787105142902623,0.761692061050628,-0.10333639841499,0.917695988479177,0.996722750350204,"Gene2719"
30.8602441990968,-0.0475447299512579,0.396161059048008,-0.120013638052942,0.904472344441877,0.995298543208041,"Gene2720"
373.858181086596,-0.276354252401473,0.34016677698098,-0.812408121845847,0.416557487402507,0.995298543208041,"Gene2721"
83.0389376955411,0.32852351219623,0.336243896853746,0.977039331480045,0.328549680900439,0.977149621423155,"Gene2722"
60.3892999192949,0.151488495561093,0.421949391424637,0.359020533362115,0.719579728525748,0.995298543208041,"Gene2723"
203.031917826952,0.278473250949908,0.319827277832926,0.87069887483262,0.383918593013093,0.995298543208041,"Gene2724"
74.5286654753396,0.435866790607787,0.335788657283955,1.29803905269856,0.194273915680252,0.966311336522134,"Gene2725"
16.4627703598394,0.0926001619146078,0.430356855977073,0.215170644149192,0.829634277448352,0.995298543208041,"Gene2726"
30.9235643124411,-0.0103233139336764,0.48675470418139,-0.0212084523169382,0.98307937182602,0.99679148114792,"Gene2727"
23.2819926034212,0.677896732096001,0.459741110911748,1.47451841048457,0.140342064473646,0.966311336522134,"Gene2728"
5.48664693899823,0.440987680839859,0.712255103777908,0.619142886447277,0.53582223290004,0.995298543208041,"Gene2729"
53.9451442750826,-0.529270334336044,0.38628592059968,-1.37015176094017,0.170639532965878,0.966311336522134,"Gene2730"
106.004916921145,-0.145053108063362,0.378502642164638,-0.38322878602329,0.701550136129176,0.995298543208041,"Gene2731"
41.0247655247278,0.272358530468802,0.435181716640907,0.625850122038882,0.531413252622742,0.995298543208041,"Gene2732"
122.388491569171,0.0794866069232151,0.354006554262888,0.224534280413881,0.822341595861225,0.995298543208041,"Gene2733"
154.477761777357,-0.786369192741673,0.372033316573718,-2.11370637442858,0.0345403537327433,0.776664981227646,"Gene2734"
47.0084130571166,-0.740662108135107,0.377659933350057,-1.96118794378057,0.0498571027369946,0.855060010888543,"Gene2735"
31.059909893312,0.524552393321767,0.427210704085223,1.22785405025134,0.219501761316847,0.972952680885552,"Gene2736"
23.5959699269242,0.91070818499471,0.392965057262084,2.31752968403835,0.0204748955767643,0.769267290080118,"Gene2737"
40.2537038657628,0.664626771371409,0.4420600992087,1.50347604898318,0.132716328681358,0.966311336522134,"Gene2738"
379.532761096209,0.0661230099406308,0.342441541078083,0.19309284070052,0.84688625944233,0.995298543208041,"Gene2739"
62.2438535808354,0.401979426870427,0.360017094273558,1.11655650041157,0.264183999545493,0.977149621423155,"Gene2740"
34.2713283650669,0.728913777624621,0.442977448394115,1.64548732732802,0.0998693539213933,0.930219026465012,"Gene2741"
27.3964136385965,0.0276674317125267,0.427601779782127,0.0647037337557947,0.948409889947338,0.99679148114792,"Gene2742"
58.7810517660282,-0.519856916456994,0.437611278480191,-1.1879422264034,0.234856171932412,0.975521740117808,"Gene2743"
80.9686674376364,-0.0991560629172524,0.39248957335917,-0.252633623024971,0.800551345209019,0.995298543208041,"Gene2744"
279.308057305889,0.169315742414384,0.324331724670073,0.522044960561971,0.60163902674959,0.995298543208041,"Gene2745"
28.5226075829502,0.132745233551052,0.404828839289196,0.327904587489686,0.742983805027456,0.995298543208041,"Gene2746"
211.870117785337,0.248489782670949,0.384904495159443,0.645588154453781,0.518546110785909,0.995298543208041,"Gene2747"
28.4882727891335,0.283453508875484,0.430694482047898,0.658131275626514,0.510453780498463,0.995298543208041,"Gene2748"
63.5371429638629,0.0341573855855068,0.364867403447083,0.0936158869298958,0.925414289094064,0.99679148114792,"Gene2749"
30.2217456137331,0.011212314794575,0.392519614768196,0.0285649796155957,0.97721154289808,0.99679148114792,"Gene2750"
177.12041262532,0.276456824774474,0.394139914558829,0.70141798524496,0.483042201147306,0.995298543208041,"Gene2751"
249.706105256429,0.316514920189987,0.271149132359088,1.1673093601156,0.243085460021135,0.977149621423155,"Gene2752"
380.118353232624,-0.227151687970736,0.285592301892542,-0.795370486058145,0.426398022889343,0.995298543208041,"Gene2753"
87.7824943433173,0.0974727123065186,0.408075441879239,0.238859539936156,0.811214499959792,0.995298543208041,"Gene2754"
31.7026267516051,-0.080461169887848,0.405640208208096,-0.198356001845288,0.842766538876826,0.995298543208041,"Gene2755"
37.2499600724217,0.42572239173861,0.364201554188355,1.16891975567583,0.242435963166116,0.977149621423155,"Gene2756"
64.1860402616535,0.683143215953059,0.379264684111783,1.80123076197549,0.071666515675479,0.871560041795587,"Gene2757"
4.51921637979844,0.0634630444435132,0.688596444984508,0.0921628987569649,0.926568615049547,0.99679148114792,"Gene2758"
318.746854284561,-0.688976387394616,0.343587559188718,-2.00524253270821,0.044937125099573,0.818553606693129,"Gene2759"
13.6563603927815,-0.478907188527658,0.463540880468456,-1.03314984439705,0.301533780334453,0.977149621423155,"Gene2760"
30.3427754484612,-0.0686239158112447,0.399106913324246,-0.171943691076814,0.863481797548916,0.995298543208041,"Gene2761"
254.005724027884,-0.1134829838776,0.712536082555465,-0.159266297743969,0.873459072301818,0.995298543208041,"Gene2762"
80.469187506055,-0.133573332160281,0.33467552502229,-0.399112938274722,0.689809989312949,0.995298543208041,"Gene2763"
99.9151902647529,-0.42258249089727,0.382289989046655,-1.10539774256474,0.268987281511848,0.977149621423155,"Gene2764"
25.7618520110617,-0.0837369208442085,0.404838754030055,-0.206840180221462,0.836134675350998,0.995298543208041,"Gene2765"
8.15979327769735,0.734785150745459,0.573255789659333,1.28177536799431,0.199921457351562,0.966311336522134,"Gene2766"
20.2315959870865,0.161835475287527,0.425458017632065,0.380379423070321,0.703663786772681,0.995298543208041,"Gene2767"
121.470338663273,-0.0825344015777488,0.428949664129302,-0.192410458568094,0.847420700710097,0.995298543208041,"Gene2768"
145.68034663205,0.389509316262936,0.324121736950854,1.20173771721456,0.229465163043847,0.975059225563345,"Gene2769"
54.6398018961871,0.85452108714222,0.408725954195058,2.09069445767179,0.0365554621417141,0.780113562579968,"Gene2770"
26.4888679315102,-0.403077084360886,0.447534942890454,-0.900660586986946,0.367768810293062,0.993108616838184,"Gene2771"
108.464094444003,0.210052476363784,0.382080780867094,0.549759335936999,0.582484453023308,0.995298543208041,"Gene2772"
22.7921999376489,0.535436296378306,0.433391396109787,1.23545668230725,0.216660588495366,0.972722569207905,"Gene2773"
97.5578538197768,-0.281698397442631,0.35482898940034,-0.79389904956385,0.427254203045347,0.995298543208041,"Gene2774"
14.1379214309457,0.0374493879632396,0.441007645822743,0.0849177748230965,0.932326760563444,0.99679148114792,"Gene2775"
405.488806699499,0.11472154885211,0.344947366862482,0.332576966438608,0.73945363264107,0.995298543208041,"Gene2776"
1.58157344159332,0.21070854347998,1.04150730138707,0.202311153459377,0.83967348106157,0.995298543208041,"Gene2777"
401.38506964054,0.306580671212832,0.309276981699711,0.991281890840823,0.321547953097219,0.977149621423155,"Gene2778"
27.89878063685,0.278384918602777,0.383843634868421,0.725256050418046,0.468294962604829,0.995298543208041,"Gene2779"
257.268879106089,-0.368562448150709,0.405408565575749,-0.909113618818802,0.363290154536226,0.993108616838184,"Gene2780"
11.1008133331811,-0.361760401324205,0.552598513915439,-0.654653228726494,0.512691044892201,0.995298543208041,"Gene2781"
28.504208531695,-0.134770233288089,0.454388580908062,-0.296596875341278,0.766774296702648,0.995298543208041,"Gene2782"
72.7878337892901,-0.405560550092983,0.310039639751229,-1.30809257299614,0.190841912246876,0.966311336522134,"Gene2783"
10.83922963833,0.478377211184472,0.502480870029343,0.95203069353971,0.341081415800124,0.977149621423155,"Gene2784"
24.8624833656469,0.386354477264764,0.448166398718209,0.862078188748127,0.388644492946187,0.995298543208041,"Gene2785"
96.2225039502807,-0.0896739336467176,0.375440568057084,-0.238849877387473,0.811221992742965,0.995298543208041,"Gene2786"
121.208799610376,-0.0251336176142455,0.311004753541902,-0.0808142554993431,0.935589670903555,0.99679148114792,"Gene2787"
10.1141669233232,-0.539092593829948,0.524838448496376,-1.02715911034035,0.304345548615448,0.977149621423155,"Gene2788"
17.8811724473737,0.324551906881872,0.52532153227672,0.617815731777219,0.536696812101325,0.995298543208041,"Gene2789"
67.7808733145458,-0.00314051683731436,0.338888841971775,-0.00926710014718019,0.99260602970061,0.99679148114792,"Gene2790"
257.055957782819,-0.86256159343464,0.341769763389777,-2.52380896683045,0.0116090995390265,0.769267290080118,"Gene2791"
118.111091047825,0.107669916322502,0.379846915797754,0.283456076236327,0.776827247520462,0.995298543208041,"Gene2792"
7.18680151590387,-0.258277553286846,0.637001506985894,-0.405458308111295,0.685140658496775,0.995298543208041,"Gene2793"
20.0305239985795,-1.03809916033129,0.477281473213119,-2.17502505040196,0.0296282392275052,0.769267290080118,"Gene2794"
7.1890728819764,0.531404076658943,0.557279485850153,0.953568344343888,0.340302185797862,0.977149621423155,"Gene2795"
101.82976599423,-0.340492689839552,0.35478425178455,-0.95971759774254,0.337197364059674,0.977149621423155,"Gene2796"
16.9364312177113,0.050444225902852,0.520357633936453,0.096941454517053,0.922772887876379,0.99679148114792,"Gene2797"
52.2529774761852,0.0518903491417353,0.431647197430987,0.120214725012854,0.904313053494424,0.995298543208041,"Gene2798"
90.1325938009338,0.286039157550809,0.393716218208337,0.726510985126475,0.467525575676544,0.995298543208041,"Gene2799"
45.4940882896569,0.0263894966941899,0.375987094112736,0.0701872407521446,0.944044629684626,0.99679148114792,"Gene2800"
21.1972585100302,-0.21041794381749,0.422807847932109,-0.497668018336494,0.618718053397332,0.995298543208041,"Gene2801"
77.3137633134088,0.581287811107716,0.313802337424201,1.85240115124422,0.0639682401206212,0.856055940383494,"Gene2802"
12.9205814080623,-0.448567300108712,0.506793517852815,-0.885108598091789,0.376098062573282,0.993108616838184,"Gene2803"
799.15463195987,0.307899326441975,0.424455819125933,0.725397821323362,0.468208009280134,0.995298543208041,"Gene2804"
3.77660765314871,0.268048495242453,0.737502614808469,0.363454298141121,0.716265546776796,0.995298543208041,"Gene2805"
756.823118419881,0.387586258066741,0.358838928376847,1.08011207095041,0.280092277219312,0.977149621423155,"Gene2806"
106.080237220238,-0.298893503804799,0.366359184368391,-0.815848261918411,0.414586926323262,0.995298543208041,"Gene2807"
23.9136077794819,-0.703184136620171,0.392445162065607,-1.79180228116206,0.0731646432938456,0.871907922324238,"Gene2808"
77.8939602266015,0.486957863542366,0.379826925497916,1.28205198434527,0.199824410987491,0.966311336522134,"Gene2809"
48.8412621468414,0.226572207770722,0.338051191727119,0.670230466022482,0.50271088537312,0.995298543208041,"Gene2810"
816.526252721676,0.380224631917867,0.34869441113742,1.09042364825291,0.275526569445847,0.977149621423155,"Gene2811"
846.897619619506,-0.0307308481826528,0.355718023457875,-0.0863910349099642,0.931155573392452,0.99679148114792,"Gene2812"
128.911634659597,0.211558919436719,0.319381970528433,0.662400946073081,0.507714297555033,0.995298543208041,"Gene2813"
40.3205821191359,-0.052293673631232,0.420367878673062,-0.124399784770194,0.900998743753636,0.995298543208041,"Gene2814"
79.8455862898537,0.43404750459029,0.384090882679616,1.13006458669925,0.258449010504412,0.977149621423155,"Gene2815"
19.1304161615449,0.00657693262340277,0.416466025319294,0.0157922428807018,0.987400136950887,0.99679148114792,"Gene2816"
19.3852652815752,0.442181909808181,0.457238425103204,0.967070756812216,0.333508663141719,0.977149621423155,"Gene2817"
31.4892955702357,0.230632599369265,0.406897296627452,0.566807893001137,0.570844707441497,0.995298543208041,"Gene2818"
417.469740406949,0.277660745044938,0.369244124960408,0.751970651055613,0.45206870858465,0.995298543208041,"Gene2819"
29.7501026989538,-0.489590192448404,0.413347340823393,-1.18445226107693,0.236234083098196,0.975521740117808,"Gene2820"
85.3236870757857,-0.274608578965633,0.327328962459401,-0.838937614631926,0.401504318600606,0.995298543208041,"Gene2821"
271.217498286182,-0.426720833282663,0.399141126845328,-1.06909763134487,0.285025678869621,0.977149621423155,"Gene2822"
92.4125146722756,0.2750015204936,0.375739815725351,0.731893477838437,0.464233587368675,0.995298543208041,"Gene2823"
106.702262554109,-0.261303975810296,0.291608656941419,-0.896077566938588,0.370211337293515,0.993108616838184,"Gene2824"
24.7280924578931,-0.0543698005031422,0.400064739673485,-0.135902505548268,0.891898354713971,0.995298543208041,"Gene2825"
66.1912031452152,-0.261299914786052,0.348095350015905,-0.750656148592942,0.452859620198097,0.995298543208041,"Gene2826"
16.8493949135392,-0.563769026036195,0.46142436355635,-1.221801600789,0.221782663067987,0.972952680885552,"Gene2827"
22.4075261758498,0.558664043465447,0.425805360898843,1.31201740223784,0.189514262970883,0.966311336522134,"Gene2828"
11.0951589769843,0.147600696087606,0.492467143494231,0.299716840072469,0.764393152285692,0.995298543208041,"Gene2829"
23.0458985169169,0.687313820838849,0.451447864028035,1.52246555052073,0.127892470933146,0.966311336522134,"Gene2830"
82.5166932058527,0.221296903170352,0.421479233458139,0.525048176999524,0.599549700323428,0.995298543208041,"Gene2831"
52.1671203955763,-0.158097270199145,0.409977229185774,-0.385624515081315,0.699774774544915,0.995298543208041,"Gene2832"
14.6627788309111,-0.856034167417448,0.468174508679788,-1.82845104025717,0.0674818871923926,0.856055940383494,"Gene2833"
14.1147388493387,0.139353630624714,0.479189501042615,0.290811109845916,0.771195787975856,0.995298543208041,"Gene2834"
11.206191551832,0.623040274736435,0.476016375591847,1.3088631120343,0.190580723881803,0.966311336522134,"Gene2835"
101.595615764145,-0.0548359667820906,0.418355279813153,-0.131075115883757,0.895715885955411,0.995298543208041,"Gene2836"
67.8347274616236,0.13807552381276,0.365838850666502,0.377421707839964,0.705860237176586,0.995298543208041,"Gene2837"
7.45209306293367,-0.738482891628317,0.556570695346704,-1.32684472575096,0.184560051932197,0.966311336522134,"Gene2838"
7.79840110902644,-0.373833303747839,0.541260048677876,-0.690672264951004,0.489771522652244,0.995298543208041,"Gene2839"
50.8172203841303,-0.0740791512368748,0.364834898146159,-0.203048424405928,0.839097183264299,0.995298543208041,"Gene2840"
30.6976058981594,-0.288082682588233,0.769394491366517,-0.37442779461102,0.708086067269016,0.995298543208041,"Gene2841"
12.6879618083727,0.152549077788572,0.525832826300372,0.290109460951437,0.771732498113832,0.995298543208041,"Gene2842"
156.594052387504,-0.265654891022199,0.333048048582422,-0.797647342937232,0.425075169221068,0.995298543208041,"Gene2843"
58.3032655115624,0.371186673400346,0.433293655141119,0.856663071328506,0.391631117841704,0.995298543208041,"Gene2844"
47.8739083402676,0.575557346444414,0.356473490796048,1.61458666999088,0.106400234045938,0.932402050981512,"Gene2845"
121.297833692761,-0.125405905824247,0.376017930493125,-0.333510441004195,0.738749009381,0.995298543208041,"Gene2846"
79.2913259051637,-0.0402341123150295,0.386901549858123,-0.10399056899561,0.91717683284319,0.996722750350204,"Gene2847"
38.2393469849365,0.0248848311108611,0.372211192529261,0.0668567512485665,0.946695743466232,0.99679148114792,"Gene2848"
11.8223629149004,-0.461075581559274,0.476719960169726,-0.967183294349826,0.333452411898689,0.977149621423155,"Gene2849"
223.801067462424,-0.100631773449676,0.308516037280989,-0.326180040222749,0.74428814189122,0.995298543208041,"Gene2850"
7.0802956468167,0.0843470935214696,0.578075775156458,0.145910098894286,0.883992359150912,0.995298543208041,"Gene2851"
241.765198897094,0.225734015375839,0.374629494408345,0.602552705393211,0.546806291034718,0.995298543208041,"Gene2852"
29.7733272710693,-0.968738932751274,0.454569380242095,-2.13111347762874,0.0330797946454938,0.770602674997537,"Gene2853"
709.49363622975,0.566061686167387,0.382656750761297,1.47929360985062,0.139061859995987,0.966311336522134,"Gene2854"
39.7149247106546,0.671344651897121,0.376964699142605,1.78092180361735,0.074925226135809,0.871907922324238,"Gene2855"
27.3022308302271,0.0904370461352429,0.37192190346744,0.243161387624916,0.80788037746512,0.995298543208041,"Gene2856"
56.2617722825621,-0.247022721121152,0.344649765762344,-0.716735496902932,0.473537318771162,0.995298543208041,"Gene2857"
258.696714962194,-0.133617205801347,0.313377036664014,-0.426378420141243,0.669832123465689,0.995298543208041,"Gene2858"
5.48088925173974,-0.333284629371425,0.642050182639212,-0.519094361131438,0.603694940391011,0.995298543208041,"Gene2859"
40.6131698846993,0.0274558303837901,0.430448252210764,0.0637842766064867,0.949141998213024,0.99679148114792,"Gene2860"
59.0170964613905,-0.677916492027895,0.349721606725753,-1.93844612111572,0.0525688181534624,0.856055940383494,"Gene2861"
69.220089433477,0.917861651702265,0.380076771683622,2.41493750758938,0.0157379095947132,0.769267290080118,"Gene2862"
60.432960097212,0.194846384252511,0.450024061851885,0.432968813824537,0.665037426303182,0.995298543208041,"Gene2863"
34.9421773004916,0.0812984096990895,0.428502757394702,0.189726689726302,0.84952330528307,0.995298543208041,"Gene2864"
11.3274685669006,0.205929770679336,0.505007682345139,0.407775520806032,0.683438486906764,0.995298543208041,"Gene2865"
1633.58611147228,-0.345915241171453,0.308437178004495,-1.12150955150553,0.262071028114595,0.977149621423155,"Gene2866"
8.40704248125304,-0.475782329988575,0.581185030101457,-0.818641749780648,0.412990839681325,0.995298543208041,"Gene2867"
208.086855652155,-0.0264000198213714,0.33293113841218,-0.0792957364915721,0.936797397412005,0.99679148114792,"Gene2868"
12.0462323587091,0.85803546517006,0.487942697026409,1.75847588333435,0.0786665715113314,0.88137257277285,"Gene2869"
3.41620220950731,0.400052870324708,0.764661132720762,0.523176676838888,0.600851310320733,0.995298543208041,"Gene2870"
56.6383281327038,0.31771505057228,0.35386454996835,0.897843682280963,0.369268892698263,0.993108616838184,"Gene2871"
490.014888450685,-0.474829615297503,0.298030626675595,-1.59322422864397,0.11110989774902,0.944282098219382,"Gene2872"
130.444004397883,-0.20715212417555,0.337456056862574,-0.613863997883169,0.539305202477592,0.995298543208041,"Gene2873"
9.49404059269232,-0.0108520004424442,0.512070608782143,-0.0211923907686354,0.983092184207796,0.99679148114792,"Gene2874"
22.1585612985315,0.338818848512217,0.424114070469382,0.798886130180105,0.424356442011713,0.995298543208041,"Gene2875"
22.5417428760566,-0.214285543578992,0.393063948875012,-0.545167126601914,0.585638578534751,0.995298543208041,"Gene2876"
11.5853451698387,-0.409831939627095,0.480197739232088,-0.853464950256703,0.393401516538758,0.995298543208041,"Gene2877"
155.514214857503,0.236122414638815,0.283153570594253,0.833902303062136,0.404336039337939,0.995298543208041,"Gene2878"
1190.74798431856,-0.349811771356822,0.310466555116658,-1.1267293226653,0.259856940837519,0.977149621423155,"Gene2879"
9.87577355301042,-0.119210437160954,0.505203782826948,-0.235965052545516,0.813459788518664,0.995298543208041,"Gene2880"
189.095660553342,-0.455654435074641,0.32013479143521,-1.42332057391162,0.154643245469606,0.966311336522134,"Gene2881"
22.205207022588,-0.658106020125791,0.467336109146801,-1.40820708531869,0.159069758842145,0.966311336522134,"Gene2882"
207.272846225995,-0.534413011418601,0.319905675875287,-1.67053307183877,0.094813941777514,0.927316529217752,"Gene2883"
63.5533632759816,-0.419844292159929,0.346246854207069,-1.21255770863653,0.225298966341703,0.972952680885552,"Gene2884"
30.618175193816,-0.119647612550586,0.44651949344992,-0.267956078750692,0.788733126845419,0.995298543208041,"Gene2885"
108.538966185276,0.308556012056981,0.376489202212568,0.819561385143707,0.412466194497473,0.995298543208041,"Gene2886"
671.253472877324,-0.512516081029412,0.400768620017331,-1.27883286123362,0.200955919287365,0.966311336522134,"Gene2887"
266.880112609498,0.668255504565794,0.467183589590338,1.43039164785683,0.152604644048137,0.966311336522134,"Gene2888"
35.8432644008845,0.163073051424808,0.347738729202464,0.468952802004008,0.639103372866533,0.995298543208041,"Gene2889"
121.764823287723,-0.140480261171045,0.366406751741203,-0.383399761340282,0.701423380261954,0.995298543208041,"Gene2890"
14.508774648768,0.058805183565634,0.448828198636361,0.131019360513215,0.895759991949615,0.995298543208041,"Gene2891"
78.1428207206176,-0.429784419518171,0.375233046737574,-1.14537997986821,0.252051787825056,0.977149621423155,"Gene2892"
160.570050816394,-0.254454549944674,0.363033748822786,-0.700911556486956,0.483358211913201,0.995298543208041,"Gene2893"
92.5308578009828,0.466291630666204,0.313269121839584,1.4884698112857,0.136627037807558,0.966311336522134,"Gene2894"
27.2589076443074,0.563334170110888,0.390023072361085,1.44436114176689,0.148637415267082,0.966311336522134,"Gene2895"
42.3423350501967,-0.00652580709816701,0.381626508665186,-0.017099983753729,0.98635685187372,0.99679148114792,"Gene2896"
23.8756677204629,0.164735525327497,0.391393944584044,0.420894414967434,0.673832183690253,0.995298543208041,"Gene2897"
90.0920072001994,-0.0845585802468707,0.331722306068769,-0.254907730652702,0.798794365269911,0.995298543208041,"Gene2898"
30.5970007696708,0.159389070294758,0.350985970076169,0.45411806705598,0.649743850138814,0.995298543208041,"Gene2899"
35.9187466939068,-0.429814711239079,0.505781224888196,-0.849803610907247,0.395434281757645,0.995298543208041,"Gene2900"
24.947110677698,0.14696193674951,0.798785497176888,0.183981728848247,0.854027788512152,0.995298543208041,"Gene2901"
164.221535966118,0.158475590922943,0.348152261034648,0.455190468825282,0.648972216856792,0.995298543208041,"Gene2902"
80.5075316375903,-0.0245696159429355,0.336105685949309,-0.0731008637165427,0.94172585435278,0.99679148114792,"Gene2903"
18.1545947388128,0.23907689437235,0.474793511883772,0.503538671840308,0.614585598346214,0.995298543208041,"Gene2904"
94.147050063184,0.175862284456823,0.415743710107991,0.423006482554221,0.67229053137901,0.995298543208041,"Gene2905"
28.5369515512137,-0.260205645787622,0.362399971835866,-0.718006804662422,0.47275309114931,0.995298543208041,"Gene2906"
74.3597946973688,0.270322613305466,0.314012436515935,0.860865946281553,0.389311879067912,0.995298543208041,"Gene2907"
436.013996141276,-0.0507212367439491,0.375371170294279,-0.135122888377883,0.89251471382676,0.995298543208041,"Gene2908"
18.6308999318452,0.0464071824989376,0.439322821483183,0.105633443630959,0.915873189010628,0.996722750350204,"Gene2909"
76.7355975104224,-0.175981995203867,0.391569724809742,-0.449426970610084,0.653123678921118,0.995298543208041,"Gene2910"
8.0477928298241,0.336971955628206,0.52564101479512,0.641068611739797,0.521478106327762,0.995298543208041,"Gene2911"
131.523832527544,0.623269998247651,0.3110063860235,2.00404244496946,0.0450655138820041,0.818553606693129,"Gene2912"
10.3590865642489,0.713798598016421,0.510153007504889,1.39918531796479,0.161757418171499,0.966311336522134,"Gene2913"
8.65906398028751,-0.296687701633548,0.548462813020916,-0.540944061456787,0.588546139683004,0.995298543208041,"Gene2914"
93.4829452962808,-0.594055792706641,0.3305177533967,-1.7973491184712,0.0722802129903244,0.871907922324238,"Gene2915"
21.4494266213595,0.052374240306344,0.411393181260077,0.127309451619797,0.898695479868047,0.995298543208041,"Gene2916"
6.10306804945631,-0.718662057984479,0.594725242117773,-1.20839340100208,0.226895976893853,0.972952680885552,"Gene2917"
11.0876747132391,-0.23431946499584,0.475633672999068,-0.492646921985903,0.622262087660735,0.995298543208041,"Gene2918"
204.344186878671,0.195908982503026,0.417517829284973,0.469223033752913,0.638910222917014,0.995298543208041,"Gene2919"
69.2585852675433,0.208924344764778,0.36402307925995,0.573931590242893,0.566014094967334,0.995298543208041,"Gene2920"
81.7600820718092,0.395882526833033,0.356631222771021,1.11006132260947,0.266972602471414,0.977149621423155,"Gene2921"
182.421675797737,0.242986398014136,0.342395787170832,0.709665267852441,0.477911735134116,0.995298543208041,"Gene2922"
64.4409180987076,-0.146101807389975,0.347975469796957,-0.419862375572694,0.674585994734175,0.995298543208041,"Gene2923"
47.1136994875499,-0.420105601900862,0.434837369541638,-0.966121201459053,0.33398353670079,0.977149621423155,"Gene2925"
11.6913116169116,0.472671394162634,0.4571241996618,1.03401087606461,0.301131078770037,0.977149621423155,"Gene2926"
10.6197606161592,-0.585669974353929,0.513706815340347,-1.1400860507679,0.254250452793407,0.977149621423155,"Gene2927"
9.02383849195499,0.29963742303339,0.514290615579884,0.582622769998509,0.560147273531317,0.995298543208041,"Gene2928"
83.7655821697219,-0.233705244782016,0.392839906875075,-0.594912178452214,0.55190217623476,0.995298543208041,"Gene2929"
564.311650162316,-0.26762507051663,0.358815087276113,-0.745857908451572,0.455753254188279,0.995298543208041,"Gene2930"
73.9848997674109,-0.0352282678211861,0.322543970349978,-0.109220047682062,0.913027959679662,0.995669894262902,"Gene2931"
596.403718418718,0.455611169981732,0.375514899207659,1.21329718459394,0.225016218938071,0.972952680885552,"Gene2932"
40.173771495332,0.197852054593687,0.39113818437106,0.505836715767927,0.612971281367125,0.995298543208041,"Gene2933"
32.0769782820664,-0.221245790484296,0.383086918967648,-0.577534182269951,0.563578654326315,0.995298543208041,"Gene2934"
94.3633681925127,-0.918599004182595,0.38019715102269,-2.41611227677972,0.0156872232952506,0.769267290080118,"Gene2935"
17.2984839206786,0.52178485884712,0.431199905348243,1.21007646888447,0.22624955158143,0.972952680885552,"Gene2936"
10.7597239176858,-0.965678770442158,0.518985008397398,-1.86070648442068,0.0627856376420848,0.856055940383494,"Gene2937"
4.5045895056349,0.542598291682067,0.70328257201313,0.771522448123365,0.440397321916267,0.995298543208041,"Gene2939"
27.6918040325168,0.177786479680979,0.374459445132148,0.474781667259689,0.634942601232806,0.995298543208041,"Gene2940"
67.9333426754104,0.112587243869567,0.410363760201964,0.274359616487956,0.783808274052795,0.995298543208041,"Gene2941"
35.4439821227082,-0.259867590193613,0.399660883232958,-0.650220226937094,0.515549977367006,0.995298543208041,"Gene2942"
5.23363079395801,-0.623965108827477,0.679226285638662,-0.918640991993965,0.358283383510309,0.991832533005816,"Gene2943"
9.99149468481825,0.0578402654667116,0.482891977290739,0.119778890904802,0.904658304155624,0.995298543208041,"Gene2944"
19.4123542986455,-0.773747069813916,0.411189018235391,-1.88173087193436,0.0598725658585111,0.856055940383494,"Gene2945"
139.081878513051,-0.17964402592074,0.36288811016084,-0.495039713043002,0.62057208796862,0.995298543208041,"Gene2946"
66.3716688988883,0.198891228615194,0.338870404295293,0.586924163615892,0.557254640405302,0.995298543208041,"Gene2947"
21.8149363778249,0.394526184910654,0.463579730138705,0.851042785655469,0.394745585910205,0.995298543208041,"Gene2948"
5.97088319228555,-0.0710462974138665,0.601110468988633,-0.118191748570611,0.905915727818684,0.995298543208041,"Gene2949"
44.616828357637,-0.651582290631558,0.45249521850867,-1.439976079259,0.149874166839595,0.966311336522134,"Gene2950"
6.6923585362184,0.573921717416316,0.589473162914792,0.973618060198742,0.330246215657947,0.977149621423155,"Gene2951"
30.0607624671226,0.84308948769933,0.398158288218187,2.11747315740248,0.0342197110815273,0.776664981227646,"Gene2952"
31.1911548497889,-0.281042588952229,0.419426706462087,-0.670063647884646,0.50281721716651,0.995298543208041,"Gene2953"
251.881126835084,-0.299248103878187,0.344707376971702,-0.868122134510492,0.385327474934214,0.995298543208041,"Gene2954"
150.493955933718,-0.679176829822694,0.376805184890213,-1.80246147626812,0.0714728304918468,0.871560041795587,"Gene2955"
77.4556188240596,-0.19308443813437,0.407639179303922,-0.473665064442721,0.635738769745187,0.995298543208041,"Gene2956"
45.4561627136461,-0.0189181374601459,0.369298205239291,-0.0512272661815068,0.959144425092603,0.99679148114792,"Gene2957"
26.8657300449714,-0.708219070982611,0.411716845097088,-1.72016054095529,0.0854032634465857,0.895645379804068,"Gene2958"
75.740230235731,0.206084070341497,0.436505369305035,0.472122646898033,0.636839248471388,0.995298543208041,"Gene2959"
9.61106703405634,0.318816255629011,0.53588020465787,0.594939415298159,0.551883969146512,0.995298543208041,"Gene2960"
36.6667465475612,0.44161315385926,0.400266278936752,1.10329842182144,0.269897591747918,0.977149621423155,"Gene2961"
204.834484796053,0.0172926452204887,0.409413448654742,0.0422376091389015,0.966309281541923,0.99679148114792,"Gene2962"
26.4517601910271,-0.960380841138889,0.428013381629494,-2.24381031612286,0.024844608377826,0.769267290080118,"Gene2963"
7.32303211834625,0.0817528082084741,0.578498513087801,0.141318959960864,0.88761797204266,0.995298543208041,"Gene2964"
58.7094775471329,-0.250603383451831,0.400674410336387,-0.625453927146074,0.53167317802077,0.995298543208041,"Gene2965"
102.281328865113,-0.176953604083825,0.410193092270707,-0.431390989800101,0.666184100245037,0.995298543208041,"Gene2966"
546.346906130763,0.616849387343289,0.357706038498152,1.72445897176677,0.0846250195084091,0.88989888935685,"Gene2967"
19.5540272217547,-0.829621190120945,0.441427156004009,-1.87940678056837,0.0601889711925878,0.856055940383494,"Gene2968"
32.22338911489,-0.54499763341976,0.402960835103185,-1.35248288653215,0.176220889764987,0.966311336522134,"Gene2969"
230.027307375926,-0.299070201447892,0.345365499403111,-0.865952742716831,0.386516077719814,0.995298543208041,"Gene2970"
41.2358225826944,0.00321883692914088,0.43700107499859,0.00736574144388836,0.994123041764663,0.997711889920852,"Gene2971"
66.4189254674867,-0.0572291001642701,0.36192743097053,-0.158123135377738,0.874359770550279,0.995298543208041,"Gene2972"
77.3299567793239,-0.0603722358989087,0.391403140821793,-0.154245660298358,0.877416041234889,0.995298543208041,"Gene2973"
278.004144765348,-0.0519754687504075,0.428239986807436,-0.121369956920392,0.903398011841748,0.995298543208041,"Gene2974"
164.930759478759,0.3638292638378,0.362421252372891,1.00388501351863,0.315434040925998,0.977149621423155,"Gene2975"
46.7858946300015,0.0483223635037053,0.337854960423772,0.143026946957045,0.886268899385521,0.995298543208041,"Gene2976"
12.1831084544605,-0.069465401026616,0.48606095306093,-0.142914999835233,0.886357312024152,0.995298543208041,"Gene2977"
43.5477860888668,-0.199501649388272,0.397612185802784,-0.501749333928174,0.615843856970419,0.995298543208041,"Gene2978"
124.459834477765,-0.0676177615801717,0.33517453696205,-0.201738957240143,0.840120805232307,0.995298543208041,"Gene2979"
264.526803636027,-0.0296161981230492,0.295676964233776,-0.100164036112171,0.920214097409425,0.99679148114792,"Gene2980"
128.493944447366,0.475606471668658,0.378941481471406,1.25509213143388,0.209445316563739,0.972722569207905,"Gene2981"
7.66894242232752,0.0346149485437902,0.598740425009406,0.0578129471435746,0.953897625100128,0.99679148114792,"Gene2982"
54.2937880795974,-0.161375534083223,0.478887197130288,-0.336980263933259,0.736131777978436,0.995298543208041,"Gene2983"
13.4029668351154,0.0930959335146088,0.45731759158489,0.203569543852388,0.838689895226665,0.995298543208041,"Gene2984"
29.7167975833918,-0.200982211443623,0.437244841945489,-0.459655991707912,0.645763162505963,0.995298543208041,"Gene2985"
16.5967164197631,-0.142949652633407,0.50239919131648,-0.284534002251921,0.776001180317584,0.995298543208041,"Gene2986"
339.779905950275,-0.127806854371007,0.332509522551605,-0.384370508821056,0.700703855393765,0.995298543208041,"Gene2987"
37.6710829580796,0.0347829326517207,0.407099472910583,0.0854408687956238,0.931910903332997,0.99679148114792,"Gene2988"
500.190053298406,0.916762253088969,0.358576937928061,2.55666819619307,0.0105679967030465,0.76781299682498,"Gene2989"
6.58958309463686,0.19982572443935,0.591887677090705,0.337607509285462,0.735658982536593,0.995298543208041,"Gene2990"
20.768849867178,-1.07883856654295,0.40778034978412,-2.6456364734448,0.00815373891447338,0.751830308739493,"Gene2991"
139.959147495845,-0.50311569158154,0.323437193528276,-1.55552824983796,0.119820311913274,0.966311336522134,"Gene2992"
32.0235618906152,-0.131449053404233,0.411596466700911,-0.319363901390707,0.749450581181738,0.995298543208041,"Gene2993"
912.870546057939,0.200611386420297,0.363374573786491,0.552078766353562,0.580894389072259,0.995298543208041,"Gene2994"
21.8122376082991,0.198532729715628,0.453914754703323,0.437378885921848,0.661836593942901,0.995298543208041,"Gene2995"
3.5285818117594,0.0879584546063142,0.746801493904935,0.117780233869633,0.906241791609038,0.995298543208041,"Gene2996"
47.2516278491975,0.652781047064197,0.367315536399445,1.77716699234392,0.0755407684783788,0.871907922324238,"Gene2997"
28.6324750779939,0.345124151760885,0.367237236826646,0.939785286326509,0.347327707579093,0.97824828266281,"Gene2998"
41.8269212459298,0.0307276982643545,0.420311620556784,0.0731069443753418,0.941721015635784,0.99679148114792,"Gene2999"
19.0211046828431,0.245747899662328,0.415279918023589,0.59176446776405,0.554008319882052,0.995298543208041,"Gene3000"
22.1077415948076,-0.316069484299703,0.490994419526859,-0.643733353638275,0.519748357577963,0.995298543208041,"Gene3001"
20.4850334760191,-0.0112361215677425,0.430757282871429,-0.026084577126224,0.979189878548353,0.99679148114792,"Gene3002"
38.8433619719069,-0.0726840560914694,0.459839734527681,-0.158063887554489,0.874406456390384,0.995298543208041,"Gene3003"
11.7270626326385,-0.318374923839373,0.506502309766681,-0.628575462935267,0.529627028370074,0.995298543208041,"Gene3004"
209.68734150506,0.517187519711038,0.346740124506499,1.49157101574884,0.135811641247658,0.966311336522134,"Gene3005"
18.4240924547236,-1.06945215094467,0.422872772379727,-2.52901633965768,0.0114382702012156,0.769267290080118,"Gene3006"
259.290264757379,-0.363810957108721,0.37335723197723,-0.974431257651142,0.329842455684291,0.977149621423155,"Gene3007"
9.38370412923355,-0.199440488298253,0.498854806589805,-0.399796665610256,0.689306286837397,0.995298543208041,"Gene3008"
148.882330159134,0.15680739021915,0.425084739344967,0.368885014458016,0.712213433595081,0.995298543208041,"Gene3009"
25.7836021567596,-0.359687429447683,0.501855457714092,-0.716715189441254,0.473549851573916,0.995298543208041,"Gene3010"
68.5136121440734,0.0176876231101093,0.468375907649132,0.0377637338326963,0.969876059943182,0.99679148114792,"Gene3011"
133.900398127932,0.282415068875135,0.364745231695796,0.774280358819534,0.438765016095871,0.995298543208041,"Gene3012"
14.9931696972231,0.292853996093157,0.425884837334505,0.687636587219327,0.491681662081798,0.995298543208041,"Gene3013"
81.1491236598456,0.0832422136797232,0.365840225773106,0.227537071692466,0.820006146053494,0.995298543208041,"Gene3014"
50.2358751608896,0.017093826335131,0.469723967549423,0.0363912159396731,0.970970418206452,0.99679148114792,"Gene3015"
14.7621447854659,0.153149494082563,0.495683522440929,0.308966280195069,0.757347177209219,0.995298543208041,"Gene3016"
83.6162642721304,-0.323955669608362,0.31243328383025,-1.0368795079604,0.299792015223195,0.977149621423155,"Gene3017"
2.68614330236821,-0.27856705148907,0.836493037562028,-0.333017776574636,0.739120864542361,0.995298543208041,"Gene3018"
281.455681668196,-0.310500950471055,0.317844593962235,-0.976895490341259,0.328620894618841,0.977149621423155,"Gene3019"
214.810036116835,0.114527105055185,0.414649042820229,0.276202506766279,0.782392531978499,0.995298543208041,"Gene3020"
46.8168570117712,-0.0428434305730687,0.354044291320871,-0.12101149947434,0.903681926870477,0.995298543208041,"Gene3021"
27.7548251472782,0.142409124015136,0.425073920059311,0.335022021570427,0.737608474390669,0.995298543208041,"Gene3022"
90.8612084215343,-0.0252175172324287,0.337246965341727,-0.0747746305348549,0.94039402719497,0.99679148114792,"Gene3023"
32.9414491956765,-0.0991399171689784,0.390112270999497,-0.254131757801349,0.799393769377679,0.995298543208041,"Gene3024"
42.6786747435688,0.183609119927908,0.406825785812518,0.451321244451605,0.651758035514403,0.995298543208041,"Gene3025"
63.9578943007382,0.191296489413698,0.404009235813928,0.473495337373431,0.635859826709615,0.995298543208041,"Gene3026"
45.0412266088318,-0.674878208258229,0.363800618944043,-1.85507713048183,0.0635852130620939,0.856055940383494,"Gene3027"
456.225274208008,0.29157707474022,0.314610186386419,0.926788411046842,0.354036403168389,0.98950336506079,"Gene3028"
30.9734817535488,0.0762587300772439,0.401851603210528,0.189768385812044,0.84949063016606,0.995298543208041,"Gene3029"
17.781003667786,-0.169310977701334,0.457590583028522,-0.370005380313477,0.71137848154941,0.995298543208041,"Gene3030"
13.0427458033444,-0.0917019692865697,0.483976472873308,-0.189476089079592,0.84971969379962,0.995298543208041,"Gene3031"
28.723650006463,-0.352395517857787,0.508313229404617,-0.693264502028689,0.488143575803232,0.995298543208041,"Gene3032"
14.5009492422915,-0.52704438402984,0.544922554798022,-0.967191354788371,0.333448383169647,0.977149621423155,"Gene3033"
161.676430253818,0.198827100161244,0.341963268467692,0.581428236582751,0.560951871476646,0.995298543208041,"Gene3034"
71.3389049327501,-0.375974579922457,0.388668089551688,-0.96734100387847,0.333373591996606,0.977149621423155,"Gene3035"
62.1632114067596,-0.20350149586799,0.37695641841101,-0.539854173927621,0.58929760330044,0.995298543208041,"Gene3036"
53.4186026025377,0.184270410568467,0.380330526954834,0.484500710589424,0.62803056016714,0.995298543208041,"Gene3037"
15.1067021681325,0.127747512471773,0.49158741127089,0.259867339038464,0.79496610561419,0.995298543208041,"Gene3038"
982.126519365793,0.00805496660665901,0.282617264502153,0.0285013253555062,0.977262310979037,0.99679148114792,"Gene3039"
142.161750841625,0.0205914949918307,0.423814100235412,0.0485861489280158,0.961249108482911,0.99679148114792,"Gene3040"
117.460428245652,0.413992906516272,0.409811415296682,1.01020345227954,0.312397825623552,0.977149621423155,"Gene3041"
74.1323978403822,0.0616103386680062,0.352611103463113,0.174726031208065,0.861294912465769,0.995298543208041,"Gene3042"
62.5600663538561,0.389151626198138,0.435794539962328,0.892970403511201,0.371873022406313,0.993108616838184,"Gene3043"
121.964527575313,-0.724760328718689,0.370867199308345,-1.95423140701131,0.0506738566254159,0.856055940383494,"Gene3044"
81.3362180517356,0.602471740962524,0.372628862489624,1.61681448113617,0.105918332592988,0.930219026465012,"Gene3045"
155.870226299135,0.0656780867897654,0.369466080294382,0.177764862033978,0.85890764381014,0.995298543208041,"Gene3046"
30.8239161493291,0.343539618820158,0.417739552904788,0.82237752310339,0.41086206771817,0.995298543208041,"Gene3047"
308.41763564416,0.280679085213422,0.476196208977495,0.589418983019849,0.555580245379678,0.995298543208041,"Gene3048"
10.5983068646896,0.695914778668048,0.54178195609311,1.2844923512891,0.19896973812966,0.966311336522134,"Gene3049"
597.960683326586,0.371790744884192,0.328084247444779,1.13321729945833,0.257123011120521,0.977149621423155,"Gene3050"
48.6327573128072,-0.106009505281915,0.369333943939882,-0.287028871895864,0.774090213358558,0.995298543208041,"Gene3051"
76.8764281647969,-0.0247044434288746,0.337141589783148,-0.073276166980065,0.941586356699992,0.99679148114792,"Gene3052"
53.6906502726526,-0.119181286722783,0.359002513713923,-0.331978975550445,0.739905134651553,0.995298543208041,"Gene3053"
19.5535331387014,-0.600240921638097,0.455191005538239,-1.31865725450428,0.187283723304487,0.966311336522134,"Gene3054"
28.9036241742648,-0.417014066162857,0.365674734227823,-1.14039616940844,0.254121288047493,0.977149621423155,"Gene3055"
373.938661809145,0.286973893596241,0.337486045864581,0.850328175380003,0.39514265610292,0.995298543208041,"Gene3056"
722.141348815142,0.171279350258888,0.303697116042384,0.563980825669033,0.572767181494755,0.995298543208041,"Gene3057"
15.3534631400835,-0.0594439822482938,0.457040915381542,-0.130062714841776,0.896516808739023,0.995298543208041,"Gene3058"
79.2147857352887,0.11432333349044,0.422709723290588,0.270453522101383,0.786811368939998,0.995298543208041,"Gene3059"
29.6521812981668,0.0673125326605001,0.387470802243969,0.173722851555966,0.862083277650879,0.995298543208041,"Gene3060"
70.1577104947629,0.118204896650485,0.379604773343627,0.311389384304405,0.755504623139541,0.995298543208041,"Gene3061"
78.2028864560471,0.114484565093475,0.452094726234012,0.253231366017343,0.800089429654036,0.995298543208041,"Gene3062"
26.6997681799558,-0.128332400783099,0.439228958051528,-0.29217654808644,0.770151641604013,0.995298543208041,"Gene3063"
89.129553775825,0.00373843386118192,0.357534784065576,0.0104561402912234,0.991657359114352,0.99679148114792,"Gene3064"
350.479959889858,0.0976432004510549,0.343804134085675,0.284008220874745,0.776404080601922,0.995298543208041,"Gene3065"
14.1307469859465,0.439346048259462,0.475696582435384,0.923584621966757,0.355702623417655,0.991832533005816,"Gene3066"
33.8731462942022,0.11129223155375,0.421944497671483,0.263760357506545,0.791964583215676,0.995298543208041,"Gene3067"
64.9847999472994,-0.463309318849093,0.357751102378653,-1.29506049252845,0.195299362318221,0.966311336522134,"Gene3068"
86.1604989774812,-0.165181612479032,0.42462729348633,-0.389003756971993,0.69727336719216,0.995298543208041,"Gene3069"
53.7840651686885,0.333262759605184,0.373923428866549,0.891259369907318,0.372790040359754,0.993108616838184,"Gene3070"
83.4889824710638,-0.21654272195043,0.32754010797261,-0.661118185772039,0.508536523531238,0.995298543208041,"Gene3071"
40.3722516764215,0.722721155219855,0.407970341309618,1.77150415615964,0.0764769021623731,0.871907922324238,"Gene3072"
67.5150378896741,0.0909125719776904,0.391141846425013,0.232428651673606,0.816205097360118,0.995298543208041,"Gene3073"
48.3805601685885,1.18705452923362,0.447275632723751,2.65396646359846,0.00795517327989542,0.751830308739493,"Gene3074"
126.44973865447,0.0404884941381514,0.360944252661989,0.112173815871969,0.910685590023188,0.995504451882279,"Gene3075"
118.079829868114,-0.187065282213419,0.318643628756742,-0.587067386042821,0.557158450397637,0.995298543208041,"Gene3076"
53.5073581472814,-0.134536408097874,0.400118433415713,-0.33624146468177,0.73668878699381,0.995298543208041,"Gene3077"
230.370693267442,0.134940056653393,0.351218852719297,0.384205049383386,0.700826476133244,0.995298543208041,"Gene3078"
73.6925574338554,-0.168886076747642,0.353691109263515,-0.47749596278886,0.63300899500642,0.995298543208041,"Gene3079"
83.0139692799777,0.0177415229120665,0.373690891015,0.047476466081038,0.962133486527041,0.99679148114792,"Gene3080"
76.5985309155414,0.381905882871846,0.35547852755429,1.07434304260057,0.282668960275628,0.977149621423155,"Gene3081"
23.0501223814311,-0.428127738003404,0.436638079883471,-0.980509391479694,0.326834736113814,0.977149621423155,"Gene3082"
122.941485457744,0.658582083344504,0.323032965238126,2.03874574490881,0.0414754096832163,0.78547742698641,"Gene3083"
5.118134352357,0.263083896259733,0.66972333236249,0.392824743512651,0.694448928074521,0.995298543208041,"Gene3084"
15.8501271072907,0.663864013605396,0.488944007100026,1.35775058895361,0.174542838393643,0.966311336522134,"Gene3085"
118.406367467295,-0.390364613890254,0.322695565374327,-1.20969934445003,0.22639428151441,0.972952680885552,"Gene3086"
248.661195411643,-0.0271811567036209,0.391537020569812,-0.0694216773271236,0.944653974531113,0.99679148114792,"Gene3087"
9.78725950973801,-0.752356180421369,0.563797145356319,-1.33444482047861,0.182058119372115,0.966311336522134,"Gene3088"
219.542955794349,0.107533540009701,0.379395789899953,0.283433667089604,0.776844423422567,0.995298543208041,"Gene3089"
10.7167182465857,0.119274013875924,0.5003399391824,0.238385954299049,0.81158176030604,0.995298543208041,"Gene3090"
23.5536930749359,-0.359601798274745,0.384030843247173,-0.936387804776649,0.349073554610489,0.980940874981374,"Gene3091"
8.64687770474393,0.522728072614742,0.576474570537631,0.906766923174489,0.364530064874375,0.993108616838184,"Gene3092"
42.6730407381988,0.952226142287464,0.424211464115761,2.24469686191134,0.0247875996447089,0.769267290080118,"Gene3093"
59.2589768980152,-0.203116695107382,0.408412351152187,-0.497332400781617,0.618954666823622,0.995298543208041,"Gene3094"
94.8482249754888,-0.327426219019303,0.420548862324863,-0.778568790340408,0.436233769679168,0.995298543208041,"Gene3095"
37.1154428546422,-0.455694687922267,0.538018364159929,-0.846987237385096,0.397002235200129,0.995298543208041,"Gene3096"
57.4214278245531,-0.26562039026834,0.410738103487787,-0.646690404451941,0.517832334594201,0.995298543208041,"Gene3097"
76.257888500496,0.189025780693798,0.389850176594432,0.48486775700616,0.627770155311765,0.995298543208041,"Gene3098"
15.4804976046824,-0.399920198953986,0.440230399224599,-0.908433855677359,0.363649045351797,0.993108616838184,"Gene3099"
23.3282234630985,-0.459124287180219,0.505872223610236,-0.907589438106736,0.36409517660163,0.993108616838184,"Gene3100"
255.224798368764,-0.298009880188976,0.362403733643289,-0.822314597018764,0.410897871119702,0.995298543208041,"Gene3101"
1.712041814031,-0.43013619618917,1.02745423413838,-0.41864268197783,0.675477291292087,0.995298543208041,"Gene3102"
163.001133583393,-0.000102862919705997,0.359939209456085,-0.000285778589838646,0.999771981678463,0.999771981678463,"Gene3103"
164.481064356994,-0.216568899355738,0.354285080137241,-0.61128427782464,0.541011397615,0.995298543208041,"Gene3104"
257.355493363518,0.317300824066452,0.404287047435714,0.784840439680189,0.432547126523834,0.995298543208041,"Gene3105"
24.091932676597,0.196713239573212,0.505016785251165,0.389518220617912,0.696892834735752,0.995298543208041,"Gene3106"
165.216219497741,-0.0195577136641809,0.290869799498211,-0.067238722266528,0.946391658949505,0.99679148114792,"Gene3107"
77.3574033321537,-0.603451189230289,0.399920271848576,-1.50892873332207,0.131316996059788,0.966311336522134,"Gene3108"
22.9001123083136,-0.0123042291086361,0.388416966199025,-0.0316778878869348,0.974728928945379,0.99679148114792,"Gene3109"
65.1102340040011,0.709851864097884,0.368731034136971,1.9251210187917,0.0542142199804319,0.856055940383494,"Gene3110"
93.7971415636507,-0.244612486480817,0.356442513667025,-0.686260693103867,0.492548730990547,0.995298543208041,"Gene3111"
36.821544236333,0.121409838989756,0.343321927101968,0.353632638656653,0.723614210818604,0.995298543208041,"Gene3112"
30.7199891309819,0.0115756797424494,0.447065384977012,0.025892587821454,0.9793430121278,0.99679148114792,"Gene3113"
36.9840186499481,-0.463347493011206,0.367859899601968,-1.25957597855204,0.207822365590301,0.972722569207905,"Gene3114"
100.401940830769,-0.542234133063965,0.360135919160284,-1.50563746689937,0.132160264844363,0.966311336522134,"Gene3115"
61.0398303092688,0.808323358469513,0.372736577347575,2.1686182886091,0.0301116755300372,0.769267290080118,"Gene3116"
10.0057475700252,-0.88108072862284,0.517384849547238,-1.70295038479359,0.0885773538083501,0.907325839670106,"Gene3117"
63.1202635760669,0.167505212089822,0.35491037800709,0.471964818358949,0.636951900677662,0.995298543208041,"Gene3118"
29.1301050742091,0.145289539113892,0.372078124318193,0.390481271588123,0.696180701478776,0.995298543208041,"Gene3119"
177.551677827715,0.174933301682549,0.322292671143927,0.54277778350234,0.58728281141026,0.995298543208041,"Gene3120"
12.8068864454676,-0.0392118691901271,0.493139553609647,-0.0795147517636882,0.936623198553424,0.99679148114792,"Gene3121"
4.5139144535416,-1.07237065868243,0.720285265538615,-1.48881382139691,0.136536401717871,0.966311336522134,"Gene3122"
28.9660064499156,0.234178149980681,0.430714896405825,0.543696426417618,0.586650391976268,0.995298543208041,"Gene3123"
20.2152187123528,0.234355243630891,0.455714447966735,0.514258972206203,0.607070942189629,0.995298543208041,"Gene3124"
146.305696427253,0.0791884780584465,0.400210097098081,0.197867266799717,0.843148915115353,0.995298543208041,"Gene3125"
5.48373071824015,0.574983989335276,0.659816293094244,0.871430419880749,0.383519182144134,0.995298543208041,"Gene3126"
15.1158042927354,-0.245281448752992,0.454179094280321,-0.540054467151682,0.589159470475034,0.995298543208041,"Gene3127"
50.2688464588587,-0.0439401504755266,0.369801836275908,-0.118820801210795,0.905417328448204,0.995298543208041,"Gene3128"
19.5231117682084,0.165145488422736,0.445190074691532,0.370955009581387,0.710671041781895,0.995298543208041,"Gene3129"
39.6089425416567,0.626086505920838,0.367191443024038,1.70506834463419,0.0881816786329045,0.907325839670106,"Gene3130"
13.4013307743526,-0.273962560457977,0.456482801682965,-0.600159654313217,0.54839983910643,0.995298543208041,"Gene3131"
21.1783043074186,0.990177419931726,0.466566382063403,2.12226482232311,0.0338155057742054,0.77419133536478,"Gene3132"
16.2286373778873,-0.790196984595622,0.446118553535735,-1.77127128726855,0.0765155997405195,0.871907922324238,"Gene3133"
4.37965145631439,0.809510743800241,0.69628203679802,1.16261902651248,0.244984107727976,0.977149621423155,"Gene3134"
67.228344812762,-0.556457262303538,0.407557135377963,-1.36534785923325,0.172143743436725,0.966311336522134,"Gene3135"
25.9063598590748,-0.594493304528406,0.393924807166874,-1.50915426932371,0.131259363635994,0.966311336522134,"Gene3136"
28.6900577551159,-0.727623945095961,0.437482885459966,-1.66320550878452,0.0962713053183312,0.92922738176824,"Gene3137"
225.335376890957,-0.68851754184686,0.31081319105072,-2.21521338756341,0.0267454214123281,0.769267290080118,"Gene3138"
134.504717591127,-0.273587091305815,0.366090767911281,-0.747320378677555,0.454870194183512,0.995298543208041,"Gene3139"
21.6720739200463,0.119560834085971,0.42286852344147,0.282737606272839,0.777377986302514,0.995298543208041,"Gene3140"
166.731371343807,0.230268985063462,0.364228439286639,0.632210338968742,0.527249442297759,0.995298543208041,"Gene3141"
35.1604510644911,-0.456001438361649,0.407121767300222,-1.12006155157354,0.262687533507045,0.977149621423155,"Gene3142"
30.4090059030286,-0.398044039240484,0.477569441747454,-0.833478871227644,0.404574709181963,0.995298543208041,"Gene3143"
60.1626286834773,-0.45473580355568,0.401303072140697,-1.13314807467073,0.257152075581252,0.977149621423155,"Gene3144"
51.8869355959094,-0.403340310051264,0.347898424718662,-1.15936227758846,0.246308546218977,0.977149621423155,"Gene3145"
40.4599453079795,-0.203825755565904,0.340108485434716,-0.599296296019726,0.548975317441677,0.995298543208041,"Gene3146"
37.6066034009484,-0.353532031715326,0.479312465371719,-0.737581551193653,0.460768769707213,0.995298543208041,"Gene3147"
63.5639689277332,-0.341277412326655,0.427640122884979,-0.798048157933131,0.42484254413325,0.995298543208041,"Gene3148"
201.008043935324,0.339606286209914,0.299791987713594,1.13280641287304,0.257295557823972,0.977149621423155,"Gene3149"
39.4267609085934,-0.753221942151385,0.352626187982377,-2.1360351778213,0.0326765466105549,0.770602674997537,"Gene3150"
247.26183615165,1.0064473098219,0.341422032264827,2.94781008462054,0.00320033608546789,0.619665196241461,"Gene3151"
20.5816458229074,0.0389103543935794,0.434502623634699,0.0895514831834309,0.928643640233858,0.99679148114792,"Gene3152"
476.518780602709,-0.182892077172302,0.343763837023744,-0.532028263227903,0.594706420553418,0.995298543208041,"Gene3153"
139.479189898504,-0.165008888444678,0.438096353816842,-0.376649764388736,0.70643390008173,0.995298543208041,"Gene3154"
40.320529095056,0.400270127037572,0.417146883586682,0.959542412485497,0.337285564133458,0.977149621423155,"Gene3155"
3.17385859342388,0.209350905276411,0.812522894931098,0.257655392337177,0.796672875661367,0.995298543208041,"Gene3156"
25.8313801435586,-0.0639081594910438,0.426021935555094,-0.15001142935932,0.88075559797521,0.995298543208041,"Gene3157"
38.2330442843139,-0.527912137559131,0.381032844924788,-1.38547672357047,0.165906745058086,0.966311336522134,"Gene3158"
294.057853966373,-0.111228926335075,0.381338655781378,-0.291680176265274,0.77053116750279,0.995298543208041,"Gene3159"
77.2116350455582,-0.7598080644065,0.393438663891279,-1.93119826326083,0.0534585387087654,0.856055940383494,"Gene3160"
6.32827689905615,0.548402812166195,0.664603958609201,0.82515730618551,0.409282288560249,0.995298543208041,"Gene3161"
77.9742385721195,-0.593357054362127,0.323200619046525,-1.83587845874983,0.0663756342416677,0.856055940383494,"Gene3162"
16.9439965067102,-0.324260648830652,0.445631046933337,-0.727643756111902,0.466831688081784,0.995298543208041,"Gene3163"
7.80346891850049,0.166788658864026,0.538389265414471,0.309791947162293,0.75671917580121,0.995298543208041,"Gene3164"
180.234853193419,0.27573617520254,0.319101042044569,0.864103023405444,0.387531298286775,0.995298543208041,"Gene3165"
133.45009831462,0.162607927672514,0.378180038718771,0.429974908838156,0.667213893282999,0.995298543208041,"Gene3166"
33.5637366736062,-0.598363235748725,0.352743463397195,-1.69631275371064,0.0898266664510598,0.907325839670106,"Gene3167"
289.946611620789,-0.0870099997812088,0.376277489048342,-0.231238918919304,0.817129196281989,0.995298543208041,"Gene3168"
36.4142410914438,-0.078693893060673,0.393749390474984,-0.199857815565743,0.841591783070957,0.995298543208041,"Gene3169"
8.41293630160053,-0.475841876147118,0.536360330291367,-0.887168288319581,0.374988302839584,0.993108616838184,"Gene3170"
150.063282746899,0.395961779661988,0.373592170480716,1.05987708241446,0.28920052300683,0.977149621423155,"Gene3171"
18.4476680955865,-0.225411053174495,0.46797455700079,-0.48167373589525,0.630037736423247,0.995298543208041,"Gene3172"
67.1629361609253,0.446932103205633,0.370974881939257,1.20475030780875,0.228299708577295,0.973557617323298,"Gene3173"
19.8610002172161,-0.208128597890529,0.448986915522131,-0.463551588465545,0.642969045886964,0.995298543208041,"Gene3174"
11.4474678990842,0.050065908929065,0.478329357273448,0.104668275462849,0.916639036163857,0.996722750350204,"Gene3175"
73.705138591322,0.192923189905704,0.305428461867638,0.631647714577793,0.527617100512051,0.995298543208041,"Gene3176"
15.2440487010191,-0.55008297078983,0.439644147002095,-1.25120048689562,0.210861340642592,0.972722569207905,"Gene3177"
27.9256163925514,0.225966059216664,0.369994935120991,0.610727439127704,0.541380037470147,0.995298543208041,"Gene3178"
113.508342990675,-0.2599796101978,0.422731283694922,-0.614999694192075,0.538554922382435,0.995298543208041,"Gene3179"
2.06730022121243,1.25142899561195,0.985548158049785,1.26977965043159,0.204163131340677,0.968926214771196,"Gene3180"
19.1637593728691,-0.328434229436713,0.442326676713369,-0.742515083822406,0.457775316255407,0.995298543208041,"Gene3181"
311.623693773554,-0.478247177723169,0.330378470275569,-1.44757367913309,0.147736316743279,0.966311336522134,"Gene3182"
63.754746917038,0.133463966165775,0.367660667451671,0.363008551039306,0.716598496621179,0.995298543208041,"Gene3183"
8.54235870352645,-0.511830496519134,0.558445855154403,-0.916526627953249,0.359390747792429,0.991832533005816,"Gene3184"
62.1390714242051,0.2137119487216,0.388748521189019,0.549743438426325,0.582495358421233,0.995298543208041,"Gene3185"
50.0154377471243,-0.295907679784435,0.382200835116793,-0.774220390423825,0.438800472167497,0.995298543208041,"Gene3186"
24.7474594797363,0.00100898844495728,0.391301469559834,0.00257854499266835,0.997942621040897,0.999192862360167,"Gene3187"
19.6242313785989,0.113063920960744,0.423120202877553,0.267214659550217,0.789303889723833,0.995298543208041,"Gene3188"
42.0006629921579,0.418552245427755,0.403063067571115,1.03842867060477,0.299070527411528,0.977149621423155,"Gene3189"
129.613252739076,0.955066047078235,0.340937358226383,2.801294795169,0.005089800001357,0.677961360180753,"Gene3190"
17.817941130386,-0.25329456579038,0.466845988836784,-0.54256558232727,0.587428941482674,0.995298543208041,"Gene3191"
150.739046650451,0.141637656286271,0.403360954684095,0.351143695594431,0.725480548139896,0.995298543208041,"Gene3192"
6.12323270332744,-1.23857543350363,0.653585142398155,-1.89504833136048,0.0580859988988243,0.856055940383494,"Gene3193"
568.909505710442,0.0762363006566327,0.318622358515465,0.239268521555848,0.810897372729485,0.995298543208041,"Gene3194"
151.743492121366,0.286216394625365,0.3161012144554,0.905458067026024,0.365222765268046,0.993108616838184,"Gene3195"
24.6205685662115,-0.00994087522464136,0.478866411174019,-0.0207591825040927,0.983437758359139,0.99679148114792,"Gene3196"
51.5074892351131,-0.141383467880277,0.406764696374659,-0.347580478690444,0.728155268965103,0.995298543208041,"Gene3197"
11.476631368652,-0.703050125896779,0.552373446387982,-1.27278045404623,0.20309595895829,0.966311336522134,"Gene3198"
16.9208548793626,-0.0297576203831172,0.469242498725541,-0.0634162942698897,0.949435012416017,0.99679148114792,"Gene3199"
91.3820447951215,0.0574062158290195,0.392130736228019,0.146395603622457,0.88360909772281,0.995298543208041,"Gene3200"
6.95140284732559,0.24126109264281,0.583430959767398,0.413521237781066,0.679224765670411,0.995298543208041,"Gene3201"
164.994751205734,1.10323948181022,0.40268001908568,2.73974230038834,0.00614873738852602,0.71908745615312,"Gene3202"
123.656221833881,-0.107787577678148,0.393853728407195,-0.273674133069801,0.784335057903903,0.995298543208041,"Gene3203"
66.986376055913,0.325970326577466,0.343046796812949,0.950221164009893,0.341999886983273,0.977149621423155,"Gene3204"
24.7437542178355,0.1737117646488,0.434207731527495,0.400066032996929,0.68910788145961,0.995298543208041,"Gene3205"
97.5486015802747,-0.0971120995788136,0.371889255054473,-0.261131770436844,0.793990892145855,0.995298543208041,"Gene3206"
49.6675854238513,-0.277801250165986,0.403836614728802,-0.687905058714264,0.491512570742606,0.995298543208041,"Gene3207"
426.474066475119,0.313799964280095,0.321074297350635,0.97734377017854,0.328398990601235,0.977149621423155,"Gene3208"
100.649445719878,-0.183034945732235,0.363482747035508,-0.503558827000816,0.614571431728439,0.995298543208041,"Gene3209"
518.311780652145,-0.317212146912466,0.288440351326597,-1.09974955117598,0.271441258567265,0.977149621423155,"Gene3210"
24.1205990718138,1.02134533275213,0.490523802393616,2.08215244146819,0.0373285477454107,0.780113562579968,"Gene3211"
252.041562923074,-0.0138866184196874,0.365720513320652,-0.0379705756551645,0.969711142328646,0.99679148114792,"Gene3212"
151.991549491652,-0.0548826743548441,0.349067473121334,-0.157226549538081,0.875066305009113,0.995298543208041,"Gene3213"
133.97880081289,0.65119576473006,0.360921827972613,1.80425708355736,0.071191014267978,0.871560041795587,"Gene3214"
415.207122893499,0.345055185732038,0.283400317600458,1.21755398389674,0.223393510103707,0.972952680885552,"Gene3215"
236.749923391061,-0.477930062585042,0.368828300986592,-1.29580637198016,0.195042202238663,0.966311336522134,"Gene3216"
172.372838819855,0.107314618524792,0.379749008649576,0.282593544895385,0.777488429150442,0.995298543208041,"Gene3217"
223.207317125159,-0.210427838797947,0.364539615027713,-0.577242719647766,0.563775502296358,0.995298543208041,"Gene3218"
26.6111907293945,0.0905319423990021,0.409518104953131,0.221069450419935,0.825038356809318,0.995298543208041,"Gene3219"
133.927113725228,0.386072711169145,0.309667119330666,1.24673459682651,0.212494828780695,0.972722569207905,"Gene3220"
231.268080265177,-0.35363944353424,0.331112744014433,-1.06803332075562,0.285505481628401,0.977149621423155,"Gene3221"
5.4784628482447,-0.0747801960708967,0.641735385631,-0.11652808578939,0.907234028474014,0.995298543208041,"Gene3222"
229.242004602603,0.103386964588138,0.293095037634192,0.352742118811217,0.724281780211583,0.995298543208041,"Gene3223"
15.3456959508097,0.126660691421326,0.46198282271093,0.274167534364324,0.783955876338722,0.995298543208041,"Gene3224"
7.80492479768638,0.0773564718329794,0.572568475991594,0.135104315163371,0.892529398455275,0.995298543208041,"Gene3225"
37.374357425546,-0.201812321963754,0.465241051583642,-0.43378012597298,0.664448114875961,0.995298543208041,"Gene3226"
7.46931630216927,-0.944995690396162,0.637422346817672,-1.48252676598812,0.138200187084037,0.966311336522134,"Gene3227"
23.0708162933744,-0.652448692046278,0.477144138201105,-1.36740376714276,0.1714987822089,0.966311336522134,"Gene3228"
150.821057768887,-0.0755097619107003,0.383573277617084,-0.196858765500554,0.843938062554815,0.995298543208041,"Gene3229"
73.0776114752675,0.0943602405320901,0.348640648023485,0.270651861930149,0.786658803879287,0.995298543208041,"Gene3230"
269.321900720089,-0.0374331833778638,0.3849352933592,-0.097245391689593,0.92253152148193,0.99679148114792,"Gene3231"
55.9231460934905,0.221820286634698,0.325376916299379,0.681733323794246,0.495407591961353,0.995298543208041,"Gene3232"
6.48921780772931,-0.292324354676638,0.665752917597681,-0.439088356880911,0.660597515220723,0.995298543208041,"Gene3233"
14.1599523846433,-0.264138632961497,0.444812025201497,-0.593820800689558,0.552631975146464,0.995298543208041,"Gene3234"
67.9720806075511,-0.00873992275406584,0.404576909744044,-0.0216026237374624,0.982764940581297,0.99679148114792,"Gene3235"
27.6276304472202,-0.938735867464686,0.434404839620297,-2.16097009482033,0.030697649564391,0.769267290080118,"Gene3236"
186.442891949634,-0.224384913632924,0.42515102104989,-0.52777696047587,0.597654149963767,0.995298543208041,"Gene3237"
69.8532783124155,-0.483957591681463,0.350260374106607,-1.38170808763586,0.167061350100574,0.966311336522134,"Gene3238"
9.6217558554636,0.319815319697432,0.524477513251984,0.609778897315236,0.542008282352363,0.995298543208041,"Gene3239"
28.6441880019056,0.195696700282208,0.40471475488517,0.48354229224416,0.628710738201992,0.995298543208041,"Gene3240"
183.26286954597,0.24461814611081,0.280438021487082,0.872271687033274,0.383060179587223,0.995298543208041,"Gene3241"
24.6425304651609,-0.445914551140865,0.406991544291484,-1.09563591036551,0.273238139963423,0.977149621423155,"Gene3242"
8.53668729578946,0.151035601937396,0.524565879529065,0.28792494485724,0.773404191857417,0.995298543208041,"Gene3243"
127.152653324737,-0.104185360490284,0.32711458950674,-0.318498054909096,0.750107169855288,0.995298543208041,"Gene3244"
73.8167819813366,0.526251760429164,0.312449687941231,1.68427679955996,0.0921281869479719,0.922667255749613,"Gene3245"
24.0197973138583,0.352400771563374,0.442881703390661,0.795699548808241,0.426206689169818,0.995298543208041,"Gene3246"
66.7564236658257,0.123489096076364,0.374392910162304,0.329838233375813,0.741522196460864,0.995298543208041,"Gene3247"
53.2152396010884,0.339984786960796,0.360600527141825,0.94282942306149,0.345768159332418,0.977149621423155,"Gene3248"
24.7264136603532,-0.110504549258659,0.401761858443208,-0.275049875781774,0.783277920112589,0.995298543208041,"Gene3249"
91.9343966236657,-0.156591358713575,0.389331073127964,-0.402206167248581,0.687532303815355,0.995298543208041,"Gene3250"
26.0511243180285,0.905724127420748,0.464546821182269,1.94969395144215,0.0512126076774319,0.856055940383494,"Gene3251"
47.4939991008459,-0.545174396349023,0.355995890852852,-1.53140643012187,0.125668975900654,0.966311336522134,"Gene3252"
114.435858884048,0.322318448076465,0.306459977461727,1.05174728114936,0.292915512167167,0.977149621423155,"Gene3253"
35.1967624960253,0.4000844606778,0.445238388374959,0.89858482809184,0.368873842990045,0.993108616838184,"Gene3254"
9.03297245309816,-0.169237642838965,0.527236625374842,-0.320989921211648,0.748218028805124,0.995298543208041,"Gene3255"
42.7967179916557,-0.0706311086177907,0.386242383447193,-0.182867317634621,0.85490212719046,0.995298543208041,"Gene3256"
6.94306589086595,0.13963059894614,0.58262129521843,0.239659277977115,0.810594406433768,0.995298543208041,"Gene3257"
28.1921083307592,0.0459115526397045,0.468255134498298,0.0980481563515486,0.921894054315553,0.99679148114792,"Gene3258"
30.3361903367084,0.396854103670742,0.377902904829395,1.05014832804713,0.293649922124341,0.977149621423155,"Gene3259"
2412.82255199489,-0.111199447052332,0.355044995749433,-0.313198181592762,0.754130099862033,0.995298543208041,"Gene3260"
102.456004586978,0.313834986943586,0.384637405999705,0.815924249821471,0.414543461688504,0.995298543208041,"Gene3261"
67.637145034461,0.095933656078241,0.37722448603869,0.254314498736971,0.799252599574441,0.995298543208041,"Gene3262"
59.1408871440803,0.348771890252518,0.36731599505566,0.949514573139315,0.342358963669406,0.977149621423155,"Gene3263"
35.6754684573297,-0.597082481616882,0.394458330431064,-1.51367694773841,0.130107794407079,0.966311336522134,"Gene3264"
2.07397995557554,0.154366103962721,0.931779463297395,0.165668068511027,0.868418176390485,0.995298543208041,"Gene3265"
446.62305197403,-0.0456890198649797,0.31607435411908,-0.144551493246954,0.885064997643927,0.995298543208041,"Gene3266"
30.1064166959956,-0.69048868068703,0.43847501897405,-1.57475032968274,0.115314085549733,0.95621899957094,"Gene3267"
16.4641795346556,-0.598082008853142,0.465224339848119,-1.28557763991539,0.198590504498971,0.966311336522134,"Gene3268"
26.4343352479501,0.37950761448778,0.466349979599582,0.813782847838083,0.415769362802808,0.995298543208041,"Gene3269"
183.791535997552,-0.606244387565025,0.348641544591328,-1.73887592276375,0.0820565901970726,0.88989888935685,"Gene3270"
134.714982400875,0.548657555371558,0.371045206321677,1.47868115804709,0.139225550434844,0.966311336522134,"Gene3271"
257.333162115527,-0.259828357560206,0.368430863540601,-0.705229619102126,0.480667351599441,0.995298543208041,"Gene3272"
74.8698883655971,-1.0271880507855,0.341881687567077,-3.00451322238185,0.00266006196396702,0.619665196241461,"Gene3273"
51.0959186336564,0.550972569332146,0.373245240937177,1.47616770129129,0.139898877884945,0.966311336522134,"Gene3274"
45.2033936254599,0.0731991395185149,0.343510047415275,0.213091698683337,0.831255439444711,0.995298543208041,"Gene3275"
8.66375134108481,-0.546480306880147,0.520035059106993,-1.05085281715153,0.293326193434331,0.977149621423155,"Gene3276"
73.6700945016893,0.0442656296485109,0.316758409044253,0.139745712772306,0.888860907186286,0.995298543208041,"Gene3277"
34.511107554105,-0.18448525294838,0.397349315175632,-0.464289847503162,0.642440096803998,0.995298543208041,"Gene3278"
33.768274328304,0.205156115440764,0.420216023795776,0.488215831437378,0.625396972017572,0.995298543208041,"Gene3279"
204.805596421304,-0.163889336561922,0.309491295252188,-0.529544252378333,0.596427954923512,0.995298543208041,"Gene3280"
226.098163811397,0.115613903770118,0.348187606435689,0.332044856373922,0.739855388152224,0.995298543208041,"Gene3281"
725.237922762,0.223821718810467,0.330593058415521,0.677030908886014,0.498386343626021,0.995298543208041,"Gene3282"
80.7104473536237,-0.42358720268051,0.345265462796256,-1.22684498834589,0.219880858131207,0.972952680885552,"Gene3283"
55.5688898719373,0.0890220849629342,0.347497965277493,0.256180161779785,0.797811726227292,0.995298543208041,"Gene3284"
17.5404170778038,-0.414520438983538,0.449445430282979,-0.922293144069901,0.356375689182786,0.991832533005816,"Gene3285"
55.2525725690327,-0.184532104295552,0.382810031278244,-0.482046156625989,0.629773157828754,0.995298543208041,"Gene3286"
400.429777885707,0.119144853524307,0.306953201257027,0.388153155062034,0.697902697494458,0.995298543208041,"Gene3287"
44.3353606722634,0.582703266172667,0.376253414090445,1.54869894690868,0.121454107163435,0.966311336522134,"Gene3288"
379.552645094693,-0.160932367288144,0.334925416673511,-0.480502103681855,0.630870407684488,0.995298543208041,"Gene3289"
35.4679933000126,0.0387411369221112,0.414149659317343,0.0935438097087164,0.925471547136614,0.99679148114792,"Gene3290"
60.3467872641476,0.273144825628952,0.368236646870655,0.741764373400064,0.458230109512828,0.995298543208041,"Gene3291"
901.467601782136,-0.405067474284241,0.301099047621119,-1.34529643147177,0.178529525518991,0.966311336522134,"Gene3292"
43.1134525987858,-0.585870280033411,0.344551569872786,-1.7003848807008,0.089058553848124,0.907325839670106,"Gene3293"
9.98903283584185,0.271625712741552,0.590076123250157,0.460323171941662,0.645284271201452,0.995298543208041,"Gene3294"
31.8133039573673,0.000616830452857713,0.386592210825102,0.00159555840905644,0.99872692911972,0.999294498615725,"Gene3295"
13.0526237539779,-0.14708840036168,0.468184675337052,-0.314167481572926,0.753393839143102,0.995298543208041,"Gene3296"
47.0412160665478,0.0333640940696708,0.415409816981056,0.0803160943863594,0.935985858096146,0.99679148114792,"Gene3297"
21.5955109514951,0.197889569406927,0.448695350180359,0.44103325190997,0.659188924422887,0.995298543208041,"Gene3298"
82.0575912383169,0.102829756734179,0.41265573237464,0.249190181225502,0.803213674165804,0.995298543208041,"Gene3299"
323.752899903397,-0.2324799415973,0.293860298047505,-0.791124024381537,0.42887162109577,0.995298543208041,"Gene3300"
13.6573532861642,-0.218310420861628,0.497524608074374,-0.438793212071618,0.66081137921092,0.995298543208041,"Gene3301"
16.6048478209819,-0.842774845402331,0.43611703194487,-1.93245111671967,0.0533038500404601,0.856055940383494,"Gene3302"
42.6177244846555,-0.0435342023862843,0.414882430858091,-0.104931419477666,0.916430227445932,0.996722750350204,"Gene3303"
116.777265272345,-0.461257670503877,0.406523518041465,-1.13463957196402,0.256526365670865,0.977149621423155,"Gene3304"
84.7997456411617,0.401957923211108,0.397485004951972,1.01125304905446,0.311895331374345,0.977149621423155,"Gene3305"
67.7871000078164,0.275727983627103,0.41965854692204,0.657029353147727,0.511162042670767,0.995298543208041,"Gene3306"
397.153756479548,-0.0873666181030242,0.34713539426331,-0.251678796074464,0.801289347814591,0.995298543208041,"Gene3307"
54.3740452403674,-0.10296551919796,0.351541523122359,-0.292897175512667,0.769600747843918,0.995298543208041,"Gene3308"
481.94768792715,-0.350289830920991,0.361254498155586,-0.969648357901214,0.332221799889447,0.977149621423155,"Gene3309"
6.57469848102017,0.0940487751279786,0.621386517291962,0.151353099094986,0.879697184663087,0.995298543208041,"Gene3310"
85.3833036570952,-0.0470275859056673,0.376630828347506,-0.124863878275722,0.900631315473225,0.995298543208041,"Gene3311"
154.276239287742,-0.272479966746458,0.378950432934496,-0.719038541891725,0.472117172591906,0.995298543208041,"Gene3312"
279.247786763914,0.392746479452994,0.374122769619218,1.04977967487178,0.293819422093283,0.977149621423155,"Gene3313"
10.614047086909,-0.112466229293844,0.500161636832886,-0.224859767346412,0.822088368794817,0.995298543208041,"Gene3314"
19.6299029517939,-0.0322363907491743,0.469799380403727,-0.0686173547557078,0.945294204328724,0.99679148114792,"Gene3315"
5.50450597396775,-0.73695027004026,0.668944858789017,-1.10166071292386,0.270609202882995,0.977149621423155,"Gene3316"
47.2458082380095,0.109992467517495,0.461207256036476,0.238488154897536,0.811502501377749,0.995298543208041,"Gene3317"
27.0659420948115,-0.756477831263108,0.452424046499718,-1.67205487222833,0.0945135022693865,0.927316529217752,"Gene3318"
164.852710955829,0.266644783229418,0.384460513241418,0.693555707402337,0.487960878878944,0.995298543208041,"Gene3319"
93.3263576760623,0.305159209671323,0.332779018398094,0.917002553647387,0.35914130197533,0.991832533005816,"Gene3320"
42.6414227697267,-0.143214144964976,0.36617651463729,-0.39110685486434,0.69571825395422,0.995298543208041,"Gene3321"
339.49695252034,-0.279909368735627,0.339683163495027,-0.824030740457128,0.409922091411761,0.995298543208041,"Gene3322"
43.648636924544,0.0986836023133592,0.348633638880143,0.283058177146485,0.777132240808948,0.995298543208041,"Gene3323"
322.293398036119,-0.242347587235387,0.363139669915578,-0.667367427226353,0.504537466567811,0.995298543208041,"Gene3324"
150.171060251895,-0.0602896302241353,0.323735905517502,-0.186230903636593,0.852263690254153,0.995298543208041,"Gene3325"
141.660760727163,0.0459683765767404,0.330894487988655,0.138921554288074,0.889512138262843,0.995298543208041,"Gene3326"
162.846556702915,-0.603358099274558,0.415636845968891,-1.4516472856685,0.146599703652571,0.966311336522134,"Gene3327"
25.6762252649124,1.12123159518391,0.412249429096302,2.7197893218234,0.00653235209706907,0.71908745615312,"Gene3328"
9.51360530720831,-0.0881115291041763,0.539169889075679,-0.163420715602701,0.870187193439095,0.995298543208041,"Gene3329"
131.700471899999,-0.0159849600350386,0.420814751845889,-0.0379857406731136,0.969699051117926,0.99679148114792,"Gene3330"
11.8131956200387,0.0784734350878543,0.479291811484452,0.163727886034206,0.869945363895513,0.995298543208041,"Gene3331"
13.4285497287383,0.141497199387145,0.52731481000647,0.26833534105634,0.788441205136567,0.995298543208041,"Gene3332"
39.2414436674086,-0.118546238734724,0.377854248323309,-0.313735360289745,0.753722042100618,0.995298543208041,"Gene3333"
100.308704367869,-0.379836103514679,0.386037871783259,-0.98393481903749,0.325147562355929,0.977149621423155,"Gene3334"
88.7693592757067,-0.273262731112492,0.31934272382503,-0.85570363977422,0.392161726439819,0.995298543208041,"Gene3335"
7.30892288047912,0.18164485924201,0.58026027685028,0.31304031395704,0.754250034120684,0.995298543208041,"Gene3336"
65.5801196295263,-0.203702462741654,0.361269482331084,-0.563851841089008,0.572854967377057,0.995298543208041,"Gene3337"
4.73923740785446,1.52443967953179,0.721439220374949,2.11305351369655,0.0345961878524827,0.776664981227646,"Gene3338"
715.896012029412,0.122446215127256,0.329272345153143,0.371869113606572,0.709990302398701,0.995298543208041,"Gene3339"
14.854154580066,0.661159236941,0.473589821126682,1.39605879908501,0.162696789462408,0.966311336522134,"Gene3340"
317.118219719624,0.534455917916336,0.413278673181314,1.29320952809452,0.195938601140985,0.966311336522134,"Gene3341"
31.6240021220044,0.0171626810796902,0.395797827422513,0.0433622417572522,0.965412776086939,0.99679148114792,"Gene3342"
107.752906860474,-0.544920888030631,0.368794776038777,-1.47757214427933,0.139522334823629,0.966311336522134,"Gene3343"
15.3484628139455,0.545560601229004,0.481405655392215,1.13326587487744,0.257102617787736,0.977149621423155,"Gene3344"
54.9343252732666,0.0849930638165639,0.362714787391244,0.234324782917895,0.814732847448618,0.995298543208041,"Gene3345"
107.503405851815,0.0531745376020164,0.365598389848275,0.145445218246404,0.884359365207123,0.995298543208041,"Gene3346"
385.117138228748,0.280928007698259,0.341644323354479,0.822282088400975,0.410916368453118,0.995298543208041,"Gene3347"
24.8471413085834,0.329937338487216,0.404454317809129,0.815759219173228,0.414637861679963,0.995298543208041,"Gene3348"
5.11540677516947,-0.0112804998967595,0.631465146287614,-0.0178640103307009,0.985747340025424,0.99679148114792,"Gene3349"
10.8572093778832,0.0179416618400879,0.500835621628659,0.0358234539742675,0.971423131500443,0.99679148114792,"Gene3350"
62.513220505929,0.264704847347153,0.36513457805521,0.724951465174927,0.468481806205763,0.995298543208041,"Gene3351"
70.8103427248936,0.083228019863444,0.339676123883333,0.245021695702198,0.806439632555259,0.995298543208041,"Gene3352"
40.2698698557049,-0.27694285146246,0.46641238946112,-0.593772502017864,0.55266428316576,0.995298543208041,"Gene3353"
49.2212595905318,-0.324567468890107,0.416995006440465,-0.778348574628425,0.436363546636145,0.995298543208041,"Gene3354"
37.4788391991613,-0.136491547322503,0.370778923171136,-0.368121106116662,0.712782933823253,0.995298543208041,"Gene3355"
27.6996136393792,0.0493685192342094,0.389286514559996,0.126817953840527,0.89908448536188,0.995298543208041,"Gene3356"
716.049469273614,0.205661378970698,0.388591119191137,0.529248788286225,0.596632876145157,0.995298543208041,"Gene3357"
63.4185935471126,-0.594795767166011,0.401202333774868,-1.48253316866241,0.138198484789861,0.966311336522134,"Gene3358"
240.390611326983,0.557866428115226,0.369516874091475,1.509718411336,0.131115291279908,0.966311336522134,"Gene3359"
1306.77674810266,0.376793730811858,0.340158511427912,1.10770043421862,0.267991211790588,0.977149621423155,"Gene3360"
8.5535836655272,0.740224886462854,0.647677275410517,1.14289155195954,0.253083620534611,0.977149621423155,"Gene3361"
40.2028789098619,-0.218030914012291,0.399598928349816,-0.545624371198069,0.585324168225946,0.995298543208041,"Gene3362"
58.1424850437297,0.458175969412163,0.394612940752936,1.16107689863882,0.245610628428788,0.977149621423155,"Gene3363"
244.904994236706,0.0207673093385538,0.328989933723008,0.0631244521786456,0.949667403101928,0.99679148114792,"Gene3364"
32.7309516434315,-0.382610492129378,0.427257995137852,-0.895502240995939,0.370518668374317,0.993108616838184,"Gene3365"
85.7612544305294,-0.0273085797864706,0.334447157419521,-0.0816528984643618,0.93492273480379,0.99679148114792,"Gene3366"
76.23951700298,-0.0493905777991502,0.414091558770471,-0.11927453422572,0.905057858199067,0.995298543208041,"Gene3367"
77.179878281679,-0.262337527041502,0.353295115021595,-0.742545016580448,0.457757187730183,0.995298543208041,"Gene3368"
23.1685443555031,0.0777861092475071,0.423918420277309,0.183493109821986,0.85441112456097,0.995298543208041,"Gene3369"
1223.5918482413,0.117021691465928,0.258353260427756,0.45295225333009,0.650583123214381,0.995298543208041,"Gene3370"
17.3148195320711,0.394963474325592,0.439689651832579,0.898277848203675,0.36903743923094,0.993108616838184,"Gene3371"
41.3508077152792,-0.106021186637838,0.457383295330647,-0.231799428882058,0.816693800662377,0.995298543208041,"Gene3372"
89.8407967307718,0.797852688499096,0.334859748775362,2.38264733643555,0.0171886521200048,0.769267290080118,"Gene3373"
95.5609353123,-0.0201715426708345,0.355009025271463,-0.0568198024132205,0.954688739375648,0.99679148114792,"Gene3374"
13.6286498216351,0.353476795587337,0.487678146264906,0.724815738196579,0.468565079332159,0.995298543208041,"Gene3375"
46.0434435440816,0.139875387248852,0.387773748011346,0.360713916210643,0.71831332052489,0.995298543208041,"Gene3376"
9.1660465287441,-0.441717141485376,0.546242254128973,-0.808646965968844,0.418718241585818,0.995298543208041,"Gene3377"
168.062811812857,-0.0505610769044415,0.380291375711267,-0.132953519679157,0.894230139983593,0.995298543208041,"Gene3378"
21.0608676754162,0.105546891826818,0.443451489472631,0.238012261391519,0.811871584233425,0.995298543208041,"Gene3379"
16.5713629580002,-0.309825594287831,0.441643903492798,-0.701528067833689,0.482973524629411,0.995298543208041,"Gene3380"
50.7072036928984,-0.674254442529619,0.466517638827721,-1.44529249574337,0.148375744830949,0.966311336522134,"Gene3381"
13.5301739961729,-0.246494372480206,0.462579598264343,-0.532869096270315,0.594124199061561,0.995298543208041,"Gene3382"
66.3657825144753,-0.365563197636943,0.32207183099205,-1.13503623247935,0.256360137576636,0.977149621423155,"Gene3383"
27.428737935456,0.052529018809681,0.375858256601409,0.139757522648723,0.88885157583762,0.995298543208041,"Gene3384"
29.4134076561715,-0.835042140839454,0.401074044253389,-2.08201491172013,0.0373411076890674,0.780113562579968,"Gene3385"
8.53207386304222,0.570185100164821,0.564768581537719,1.00959068688339,0.312691433390481,0.977149621423155,"Gene3386"
1.82388175334973,-0.202632326132081,1.0093418450306,-0.200756886410409,0.840888676178003,0.995298543208041,"Gene3387"
189.522521109439,-0.48962136807527,0.369171110875169,-1.32627216391488,0.184749563628431,0.966311336522134,"Gene3388"
438.131555171541,0.719128579097112,0.314592339335807,2.28590620043512,0.0222597466370501,0.769267290080118,"Gene3389"
287.578962284724,-0.0439086627870333,0.297204314802815,-0.147738981569515,0.882548766347528,0.995298543208041,"Gene3390"
48.170014513695,-0.0468626916827534,0.402189544920758,-0.116518920679518,0.907241291696896,0.995298543208041,"Gene3391"
80.1861098854084,-0.140979559039499,0.390223816521237,-0.361278715113551,0.717891103605244,0.995298543208041,"Gene3392"
79.2711044317393,-0.031089166122123,0.311691086194559,-0.0997435201041232,0.920547948751053,0.99679148114792,"Gene3393"
34.0726981831071,0.256988501405298,0.446984995563762,0.574937646578428,0.565333467987647,0.995298543208041,"Gene3394"
91.965761969181,-0.259218166044843,0.337304871766626,-0.768498138456152,0.442191296188599,0.995298543208041,"Gene3395"
135.975803092576,0.138563355535935,0.391870740394325,0.353594543436705,0.723642764223078,0.995298543208041,"Gene3396"
156.50258447542,-0.678531340646921,0.324363081596406,-2.09188831635036,0.0364485074885639,0.780113562579968,"Gene3397"
230.172564290838,-0.319423557311433,0.32784216609656,-0.974321153116563,0.329897104873662,0.977149621423155,"Gene3398"
28.3632262975265,0.761149240986632,0.370700855203713,2.05327079854821,0.0400463213281448,0.783187444021602,"Gene3399"
80.8878908251833,0.221540805499775,0.434808752915109,0.509513214751287,0.610392537956166,0.995298543208041,"Gene3400"
39.405785163686,-0.58189822165783,0.346538603203798,-1.67917287216518,0.0931183573184336,0.927316529217752,"Gene3401"
10.9571417754959,0.245678541769791,0.480707493070473,0.511076996533886,0.609297142843388,0.995298543208041,"Gene3402"
20.4639994594244,0.540260577680515,0.478853612130886,1.12823744876095,0.259219652346364,0.977149621423155,"Gene3403"
45.8301457762457,0.0497799699619174,0.336930776058528,0.147745393116805,0.882543706201212,0.995298543208041,"Gene3404"
84.3229555126105,-0.110950523811274,0.332075047698828,-0.334112799441347,0.738294441973615,0.995298543208041,"Gene3405"
221.319517286193,-0.0311483996021063,0.294798593692401,-0.105659932810287,0.91585217132285,0.996722750350204,"Gene3406"
132.428014595254,-0.293651269356274,0.319533494014842,-0.91899996356136,0.358095591260571,0.991832533005816,"Gene3407"
13.2893450218745,-0.196719695223527,0.488405439820133,-0.402779492578898,0.687110448787509,0.995298543208041,"Gene3408"
82.4745898346253,0.119884824398371,0.435323029007873,0.275392792041339,0.783014481195433,0.995298543208041,"Gene3409"
13.7879648848624,-0.141830864963818,0.450950009794055,-0.314515715452785,0.753129382413396,0.995298543208041,"Gene3410"
190.574837395207,0.127726093767015,0.289636308022701,0.440987853487638,0.659221790493837,0.995298543208041,"Gene3411"
17.930068086507,-0.30922231869644,0.413043169301242,-0.748644068414352,0.454071763398135,0.995298543208041,"Gene3412"
13.1990107193763,-1.07524269186771,0.464159125224616,-2.31653894846381,0.020528860403981,0.769267290080118,"Gene3413"
59.3139661826952,0.128447961213668,0.363894455342129,0.352981364041127,0.724102411768172,0.995298543208041,"Gene3414"
18.7537103139205,-0.122307323254658,0.43070127791557,-0.283972510707604,0.776431447079696,0.995298543208041,"Gene3415"
164.681331243225,0.22382722401829,0.391473024279208,0.571756443321751,0.56748698958658,0.995298543208041,"Gene3416"
13.3027148232734,0.548000083532994,0.5173456854277,1.059253220755,0.289484472998882,0.977149621423155,"Gene3417"
97.0518320009167,-0.567661695543237,0.360976959654084,-1.57257043797813,0.115818317265349,0.95621899957094,"Gene3418"
178.567596065436,-0.401823450660188,0.332256026995212,-1.20937896685913,0.226517285460457,0.972952680885552,"Gene3419"
27.076227692927,0.140200283422802,0.498840034720548,0.281052589336263,0.77867006424495,0.995298543208041,"Gene3420"
114.536186590139,0.328357830356883,0.370245859158164,0.886864288242083,0.375151970458124,0.993108616838184,"Gene3421"
26.1974337751382,-0.294703853410039,0.415671341557379,-0.708982852428278,0.478335118014962,0.995298543208041,"Gene3422"
11.5966741958906,-0.725535676107635,0.497436668085271,-1.45854884180605,0.144689322858861,0.966311336522134,"Gene3423"
4.03687012404578,-0.821659857844217,0.732972677405348,-1.12099657077643,0.262289322101039,0.977149621423155,"Gene3424"
16.217042607587,0.181706558719253,0.440583652331668,0.412422380534594,0.680029861891831,0.995298543208041,"Gene3425"
84.0793111234393,0.649776331548668,0.317857848133455,2.04423560835237,0.0409302770142224,0.783187444021602,"Gene3426"
60.6267489145036,-0.0542974309934556,0.353393061593546,-0.153646001844557,0.877888863341952,0.995298543208041,"Gene3427"
16.9388222953632,0.175567276429058,0.441677144000569,0.397501384922992,0.690997765475017,0.995298543208041,"Gene3428"
42.987793308811,0.713462690243967,0.402520263335521,1.77248887877543,0.0763134397781369,0.871907922324238,"Gene3429"
3.17475392226985,1.41288532663562,1.67147474413017,0.845292656438481,0.397947460175752,0.995298543208041,"Gene3430"
159.390243137062,0.487351976480457,0.331520806858903,1.47004944002768,0.141548364324515,0.966311336522134,"Gene3431"
19.7515909815259,-0.12009208078099,0.399899370348723,-0.300305751110001,0.763943946825633,0.995298543208041,"Gene3432"
41.7461634972402,0.680043253852484,0.525088135617322,1.29510306503686,0.195284677723839,0.966311336522134,"Gene3433"
78.2558017643993,0.0694228560292971,0.381350129718402,0.182044925697444,0.855547469309043,0.995298543208041,"Gene3434"
18.5086754548381,0.0268726849469671,0.487178844189892,0.0551597945342895,0.956011159456851,0.99679148114792,"Gene3435"
327.137912851378,0.0219452072031758,0.372325224748151,0.0589409627511002,0.952999131189887,0.99679148114792,"Gene3436"
88.5080266279421,-0.599425276873912,0.402998829593118,-1.48741195471737,0.136906041412549,0.966311336522134,"Gene3437"
83.604657459139,0.120491527826849,0.455276744737799,0.264655573164059,0.791274804848373,0.995298543208041,"Gene3438"
115.003097170762,0.146881086578801,0.347242175227675,0.422993222187069,0.672300206172392,0.995298543208041,"Gene3439"
161.745911194775,-0.553555760282178,0.311594299012949,-1.77652724082469,0.0756460560828677,0.871907922324238,"Gene3440"
111.40061825683,-0.272322939253941,0.346556227289537,-0.785797275621956,0.431986262931134,0.995298543208041,"Gene3441"
719.303157647341,-0.456400098946769,0.312063232018048,-1.46252442492288,0.143597556171417,0.966311336522134,"Gene3442"
25.4205625087018,0.590608087537068,0.415353800510623,1.42193976992866,0.155043736604244,0.966311336522134,"Gene3443"
289.448559402912,-0.710771930531761,0.290456193518133,-2.4470882232621,0.014401558247403,0.769267290080118,"Gene3444"
12.466216478904,-1.20931218457926,0.488085430208469,-2.47766499414405,0.0132245248629911,0.769267290080118,"Gene3445"
26.2931912521139,0.394644372704812,0.446970704386579,0.882931182808548,0.377273454379726,0.993138816667579,"Gene3446"
24.8452146282344,0.269453563691716,0.444753778160332,0.605848846987374,0.544615129813134,0.995298543208041,"Gene3447"
17.9163010251564,-0.26705343865697,0.450484191053593,-0.592814229579033,0.553305483687269,0.995298543208041,"Gene3448"
74.6168138161523,0.201506620796199,0.456143206070891,0.441761749631062,0.658661620413503,0.995298543208041,"Gene3449"
141.838310015337,-0.150147709454523,0.328223326773692,-0.457455936878151,0.647343366556427,0.995298543208041,"Gene3450"
21.2998119775213,0.47204788757398,0.452291711964116,1.04368016279598,0.296633390733796,0.977149621423155,"Gene3451"
90.1494110079447,-0.825138079241068,0.359885007024129,-2.29278259203987,0.0218605247228913,0.769267290080118,"Gene3452"
114.145715078807,-0.440574734334321,0.369115791884078,-1.1935949206765,0.232636461836564,0.975521740117808,"Gene3453"
74.7248734298613,0.115969254198626,0.369473576626244,0.313876990223686,0.753614467018122,0.995298543208041,"Gene3454"
22.7995372267643,-0.150323150270739,0.439082223693031,-0.342357631803905,0.732081769010041,0.995298543208041,"Gene3455"
12.4493934445158,0.0984895245649682,0.498811698382899,0.197448305411164,0.84347673132155,0.995298543208041,"Gene3456"
21.8039267102699,0.42511336600355,0.416812445859837,1.01991524059842,0.307768660807835,0.977149621423155,"Gene3457"
111.787779440997,0.3677334031452,0.339331134324154,1.08370074522521,0.278497505102688,0.977149621423155,"Gene3458"
376.414863071848,0.352142483073837,0.324122397679169,1.08644908712049,0.27728035432532,0.977149621423155,"Gene3459"
24.1044322227817,0.488995046388694,0.387323614843511,1.26249737338184,0.206769870847249,0.972722569207905,"Gene3460"
352.213685043932,0.25955282173802,0.33818567662179,0.767486146458803,0.442792526819673,0.995298543208041,"Gene3461"
14.6454924606839,-0.159108423353558,0.433433854744382,-0.367088130315505,0.713553280832192,0.995298543208041,"Gene3462"
24.2419673840133,0.321559420827607,0.405640568275176,0.792720072834207,0.427940932741157,0.995298543208041,"Gene3463"
52.7115599019325,-0.308422205135317,0.355437630194776,-0.867725246103812,0.385544761710187,0.995298543208041,"Gene3464"
30.5980182328514,0.0676919471995944,0.372980333521141,0.181489320255964,0.855983515158067,0.995298543208041,"Gene3465"
65.5697896380048,0.147861978867725,0.330874499629535,0.44688236486426,0.65495999760716,0.995298543208041,"Gene3466"
163.378369817908,0.0976862840029958,0.358044022948116,0.272833165035551,0.784981464357953,0.995298543208041,"Gene3467"
204.119655185798,0.0611213708144706,0.361379720850804,0.169133372150964,0.865691735869967,0.995298543208041,"Gene3468"
110.304133315929,0.738683093382583,0.320390433966454,2.30557162471313,0.0211345803215312,0.769267290080118,"Gene3469"
7.69318270337408,0.305782595303697,0.652744883178121,0.468456518287643,0.639458158721535,0.995298543208041,"Gene3470"
27.3067895478271,0.0897825231455236,0.39389009977715,0.227938004017668,0.819694437354094,0.995298543208041,"Gene3471"
32.8327909930024,-0.434561503388174,0.386772004097625,-1.12355987192519,0.261199787695223,0.977149621423155,"Gene3472"
114.569654921504,0.533208976175399,0.434083423787833,1.2283559955425,0.21931335915986,0.972952680885552,"Gene3473"
8.16882843758936,0.377912561706946,0.554168742315413,0.681944925525684,0.495273776428244,0.995298543208041,"Gene3474"
27.2817982587566,0.273347773733578,0.38721748577748,0.705928280032944,0.480232739739343,0.995298543208041,"Gene3475"
95.8580485903848,-0.048243462720438,0.396832401495218,-0.121571380105713,0.903238480695338,0.995298543208041,"Gene3476"
169.504590887461,-0.272061740895945,0.312681596623183,-0.870091952433679,0.384250155236598,0.995298543208041,"Gene3477"
67.0135213715004,0.677103600501186,0.382248297353104,1.77137113543689,0.0764990052632236,0.871907922324238,"Gene3478"
293.231643967289,0.0690578294549164,0.333747133341274,0.206916622065188,0.836074974901497,0.995298543208041,"Gene3479"
2.67952490773543,0.517444117544417,0.867904332803672,0.596199486495094,0.551041968633857,0.995298543208041,"Gene3480"
75.6438758968423,0.187838161167507,0.351561748141025,0.534296356645029,0.593136512514355,0.995298543208041,"Gene3481"
41.6517575056778,0.00604390658857466,0.386517063550104,0.0156368428681059,0.987524112912879,0.99679148114792,"Gene3482"
11.9421761147848,-0.48607397792786,0.520200388433125,-0.934397568198564,0.35009885168858,0.983130717742491,"Gene3483"
19.6184222772061,0.333314111384073,0.479254978322642,0.695483879062976,0.48675211055946,0.995298543208041,"Gene3484"
83.9986917773783,-0.487345495036644,0.377775185226749,-1.29004104582499,0.197036407181893,0.966311336522134,"Gene3485"
194.537168256458,-0.518331627065259,0.368783339245683,-1.40551801533514,0.159867296063757,0.966311336522134,"Gene3486"
68.0564517437205,0.182141467890584,0.379711565202947,0.479683750989342,0.631452283718208,0.995298543208041,"Gene3487"
135.37891561523,-0.0409189623977984,0.31211094420704,-0.131103901216148,0.89569311507868,0.995298543208041,"Gene3488"
13.4072649287267,-0.0641462808525341,0.501176640919059,-0.127991361957538,0.898155808975924,0.995298543208041,"Gene3489"
32.7441974667665,0.171897338891814,0.458708038211599,0.374742373301335,0.707852075508381,0.995298543208041,"Gene3490"
47.0080230897482,0.0340235587759275,0.417287869596316,0.0815349816155495,0.93501650617198,0.99679148114792,"Gene3491"
61.0575526257118,0.306736042074263,0.378842103235445,0.80966724515208,0.418131448302731,0.995298543208041,"Gene3492"
92.8879290818556,-0.035378834340792,0.305502729247126,-0.11580529715063,0.90780685224591,0.995298543208041,"Gene3493"
40.3282863693253,0.90002117695269,0.440290399750398,2.04415353471916,0.0409383818406167,0.783187444021602,"Gene3494"
120.633382147751,0.428167931344152,0.327847434942916,1.30599750282842,0.191553406781548,0.966311336522134,"Gene3495"
64.3884366827402,-0.0563175644978838,0.348648749631715,-0.161530952161375,0.87167523514191,0.995298543208041,"Gene3496"
10.836535172186,0.283104065652716,0.499793020622377,0.566442615185332,0.571092932234137,0.995298543208041,"Gene3497"
84.8129350960313,-0.461071634894516,0.362246865854326,-1.27281055643399,0.203085274299609,0.966311336522134,"Gene3498"
7.19520342488288,0.329402186308856,0.586888745740671,0.561268534623441,0.574614488405408,0.995298543208041,"Gene3499"
25.6657397996311,0.701723051382174,0.438907619825591,1.59879441523713,0.109866290382409,0.942115228257739,"Gene3500"
54.8386265879503,0.284169247204707,0.470939018815657,0.603409859559632,0.546236064787174,0.995298543208041,"Gene3501"
11.331743673222,0.205157919850886,0.477279131669555,0.429848921182096,0.667305543601903,0.995298543208041,"Gene3502"
46.3171597465595,-0.31368322863246,0.428821759155551,-0.73150026073811,0.464473645322287,0.995298543208041,"Gene3503"
46.0433494427551,-0.75807707762075,0.356074647834382,-2.12898357754845,0.03325561913837,0.770602674997537,"Gene3504"
36.6118010644418,0.0223233515868454,0.38050732810889,0.0586673368363018,0.953217075937495,0.99679148114792,"Gene3505"
13.2942451340346,-0.518478106476931,0.492420828379385,-1.05291668547674,0.292379178152773,0.977149621423155,"Gene3506"
84.821101623952,-0.693390620394874,0.352184444370952,-1.96882807141968,0.0489728375879121,0.855060010888543,"Gene3507"
133.153437345395,-0.162055556220849,0.413463316765341,-0.391946636254607,0.695097643476851,0.995298543208041,"Gene3508"
33.1109777907857,-0.175912732719335,0.418918938306755,-0.419920697379698,0.674543387235307,0.995298543208041,"Gene3509"
93.0999162464652,0.318835341063366,0.383870961652047,0.830579473089628,0.406211234760305,0.995298543208041,"Gene3510"
18.8798070786201,0.571360760739465,0.427877497350381,1.33533725021203,0.181765992145292,0.966311336522134,"Gene3511"
48.9302998777745,0.526935702232624,0.370997206425195,1.42032256067371,0.155513796030025,0.966311336522134,"Gene3512"
137.037708338208,-0.311970767305697,0.386559335951756,-0.807044969015137,0.41964057546477,0.995298543208041,"Gene3513"
70.5095399547429,0.67206803186729,0.375915792669194,1.78781536975413,0.0738058003329763,0.871907922324238,"Gene3514"
66.7512780913319,0.208431303811234,0.39015643704954,0.534224951887104,0.593185907846492,0.995298543208041,"Gene3515"
225.903612358589,-0.637411787414869,0.344906726018837,-1.8480700413481,0.0645922110475161,0.856055940383494,"Gene3516"
18.0141251962804,0.871665778046006,0.427339310916663,2.03975097955824,0.0413751345124967,0.78547742698641,"Gene3517"
116.034759045857,0.229661496051558,0.393437015727785,0.583731288289503,0.559401113258909,0.995298543208041,"Gene3518"
68.6619181572023,-0.0191638822536809,0.385111133571455,-0.0497619533248969,0.960312085948314,0.99679148114792,"Gene3519"
23.4056277688971,-0.193682683188436,0.375574798711281,-0.515696697044167,0.606066261881573,0.995298543208041,"Gene3520"
42.8892127825288,-0.356458983105811,0.369832470381689,-0.963839066748043,0.335126616941857,0.977149621423155,"Gene3521"
32.4315991404351,-0.560443530125925,0.44790336087642,-1.25125993479776,0.210839657817823,0.972722569207905,"Gene3522"
120.094186276629,0.410129451815394,0.433506753535903,0.946073961870649,0.344110863401648,0.977149621423155,"Gene3523"
87.4356214304026,-0.289304418708479,0.389509827689194,-0.742739715772531,0.457639279623111,0.995298543208041,"Gene3524"
4.75912352250906,0.209030108247547,0.66752434730234,0.313142298243201,0.754172554549176,0.995298543208041,"Gene3525"
324.738025497625,-0.381724596789412,0.376630411648625,-1.01352568720749,0.310809132994536,0.977149621423155,"Gene3526"
5.00757872835243,-0.367399109481084,0.68419943604303,-0.536976633020752,0.591283754919484,0.995298543208041,"Gene3527"
127.471969318486,0.215413348169718,0.459897167093395,0.468394596842498,0.639502431232464,0.995298543208041,"Gene3528"
22.6809673581421,0.204382059275054,0.421945101271595,0.484380689950227,0.628115720093232,0.995298543208041,"Gene3529"
187.988713435114,-0.460847140523404,0.295533084750438,-1.55937580021731,0.118907460536961,0.966311336522134,"Gene3530"
96.650911964898,0.0864109508261754,0.364572816228801,0.237019730982754,0.812641483231604,0.995298543208041,"Gene3531"
289.645185353654,-1.07745187117497,0.368429031206372,-2.92444888951068,0.00345066741128988,0.619665196241461,"Gene3532"
44.9803231440378,-0.0381133277268194,0.385543627815431,-0.0988560696561822,0.921252549322349,0.99679148114792,"Gene3533"
2.55858375507614,-0.425643235105979,0.909636956745996,-0.467926497433233,0.6398371538487,0.995298543208041,"Gene3534"
41.6893548129719,-0.402509158906918,0.353353316360374,-1.13911244148735,0.254656258914823,0.977149621423155,"Gene3535"
48.6277014632092,-0.0206644963370328,0.347077307219545,-0.0595385981946709,0.952523123076676,0.99679148114792,"Gene3536"
268.269435061479,0.0489942456925975,0.350210149987473,0.1398995594341,0.888739349386831,0.995298543208041,"Gene3537"
12.5630801702871,0.523850492577243,0.521721377690626,1.00408094239121,0.315339600479912,0.977149621423155,"Gene3538"
35.3154093050006,0.266189394172586,0.381546532792739,0.697659056745206,0.485390439051434,0.995298543208041,"Gene3539"
28.7475817573457,0.282112204190046,0.450578114981461,0.626111643708335,0.53124171549031,0.995298543208041,"Gene3540"
338.477701607809,0.126394686940784,0.315608650581597,0.400479158945314,0.688803630747599,0.995298543208041,"Gene3541"
8.03417066386324,0.611990811352273,0.576057484177994,1.06237802330709,0.288064106545283,0.977149621423155,"Gene3542"
238.827844854316,0.319860915884322,0.388368406809128,0.823601792206348,0.410165857304481,0.995298543208041,"Gene3543"
224.967084104449,0.322320246079221,0.316089788885711,1.01971103595429,0.307865526158574,0.977149621423155,"Gene3544"
40.3772880158864,0.149048225591331,0.436933089293183,0.341123685167546,0.733010471287957,0.995298543208041,"Gene3545"
144.763699191158,-0.515771591507573,0.384608844640852,-1.341028940687,0.179911056475676,0.966311336522134,"Gene3546"
103.102216894928,-0.421944673479429,0.352367374648231,-1.19745669956152,0.231128595150616,0.975521740117808,"Gene3547"
26.8000551314306,0.170005052359474,0.398175911784592,0.426959661114419,0.669408709294768,0.995298543208041,"Gene3548"
18.5283139332594,-0.202225270382809,0.400103306509079,-0.505432639753053,0.613254998702488,0.995298543208041,"Gene3549"
4.99560986308154,0.199279810584401,0.695301521715847,0.286609196672868,0.774411571817614,0.995298543208041,"Gene3550"
330.129403036551,0.0884231707015427,0.336588308326455,0.262704225055202,0.792778560018895,0.995298543208041,"Gene3551"
290.235065000756,0.248828281764309,0.349428928615468,0.712099833148428,0.476402957600908,0.995298543208041,"Gene3552"
269.480121905945,-0.774466728786489,0.368951043540068,-2.09910431843617,0.0358077058534702,0.780113562579968,"Gene3553"
49.9689878992141,-0.0258678519743816,0.352157050710527,-0.073455442457249,0.941443700009661,0.99679148114792,"Gene3554"
23.5281563776449,0.301379495867002,0.441803849358357,0.682156790405296,0.495139813826293,0.995298543208041,"Gene3555"
7.42955838940711,0.516789420625657,0.599692729980967,0.861757021203273,0.388821240170552,0.995298543208041,"Gene3556"
28.3056764442719,0.23318125233833,0.391010006830347,0.596356226861231,0.550937276318009,0.995298543208041,"Gene3557"
25.2437681995706,0.597726989590752,0.480881703003344,1.24298135249824,0.213874705141594,0.972722569207905,"Gene3558"
10.7368844560942,-0.962233270161332,0.519264245322655,-1.85307052975201,0.0638722501870792,0.856055940383494,"Gene3559"
82.4674686532235,0.140811629771218,0.389749714246846,0.361287320103166,0.717884671588335,0.995298543208041,"Gene3560"
22.4515108472445,0.329750598889583,0.433786950636975,0.760167170555444,0.447154665890972,0.995298543208041,"Gene3561"
87.6493981260456,0.22432396496709,0.409041440338698,0.548413786097917,0.5834078124589,0.995298543208041,"Gene3562"
23.3357332794873,0.300849899136883,0.510117677998845,0.589765679788036,0.555347754820976,0.995298543208041,"Gene3563"
607.877115928795,-0.212131556480373,0.342754832024531,-0.618901724090621,0.535981102656439,0.995298543208041,"Gene3564"
1047.61068963271,-0.518458558610813,0.383536829940725,-1.35178297920161,0.1764447506638,0.966311336522134,"Gene3565"
321.880671302347,-0.328443296282486,0.323422147599301,-1.01552506134925,0.309855606447667,0.977149621423155,"Gene3566"
49.5707699365557,0.140233059350044,0.466101814788571,0.300863577228625,0.763518525358949,0.995298543208041,"Gene3567"
109.935949748768,-0.0374515796494093,0.309215337390498,-0.12111811776695,0.903597478917759,0.995298543208041,"Gene3568"
8.76799554127589,0.390723823746521,0.535928444427141,0.72905968662322,0.465965152915822,0.995298543208041,"Gene3569"
14.6447151161381,-0.549476688891521,0.458155729127699,-1.19932296806086,0.230402387586364,0.97530502202872,"Gene3570"
31.7548279801876,-0.349840503680389,0.398147451130145,-0.878670710279228,0.379579844077622,0.995298543208041,"Gene3571"
379.888908354809,-0.334963336966764,0.336369455596757,-0.995819719636855,0.319337747163361,0.977149621423155,"Gene3572"
37.2639800886026,-0.42617982474081,0.453766811137138,-0.939204486270833,0.347625766111409,0.97824828266281,"Gene3573"
147.521725620151,0.110428775896085,0.340703040961946,0.324120311883036,0.745846949648572,0.995298543208041,"Gene3574"
46.5284348628725,0.395586122035367,0.391581835024529,1.01022592636501,0.312387060574615,0.977149621423155,"Gene3575"
34.8004108918503,0.521084883147091,0.42302792304305,1.23179784303284,0.218024609264315,0.972952680885552,"Gene3576"
59.0744387570371,-0.0902565798918582,0.420192335511875,-0.214798253713763,0.829924614456892,0.995298543208041,"Gene3577"
45.8807267134974,0.184230220614626,0.452487601344605,0.407149765136482,0.683897994617203,0.995298543208041,"Gene3578"
347.641583707918,0.0854561186553474,0.308007966345571,0.277447754580054,0.781436317395076,0.995298543208041,"Gene3579"
11.0962547317527,0.274158558900789,0.497394584154464,0.551189272329612,0.581503933212932,0.995298543208041,"Gene3580"
68.5084446609277,0.243681229863712,0.328067996506193,0.74277659649472,0.457616946904874,0.995298543208041,"Gene3581"
39.3611790495706,0.355752780107032,0.352024358274161,1.01059137456042,0.312212045806445,0.977149621423155,"Gene3582"
49.4466958717797,-0.393452485382764,0.396345869614566,-0.992699850172236,0.32085624798328,0.977149621423155,"Gene3583"
21.323852637501,0.434005099907477,0.407586616108026,1.0648168579521,0.28695881488872,0.977149621423155,"Gene3584"
126.956320570843,-0.165575058441713,0.287664042957016,-0.575584827146625,0.56489583911379,0.995298543208041,"Gene3585"
6.21344490424035,-0.642558726017386,0.613885286211061,-1.04670813985997,0.295234208374985,0.977149621423155,"Gene3586"
125.833130554576,0.529352460360255,0.323081115445453,1.63845063995895,0.101327722778738,0.930219026465012,"Gene3587"
4.37153728421649,0.476312087022236,0.757997505896011,0.628382129647245,0.529753640893777,0.995298543208041,"Gene3588"
323.433972642171,-0.207218665951168,0.370303297109597,-0.559591738903254,0.575757940981094,0.995298543208041,"Gene3589"
123.056049876466,0.555472985598173,0.406387907531758,1.36685411968063,0.171671035321352,0.966311336522134,"Gene3590"
48.1674525921427,-0.313981489698726,0.45625172666125,-0.68817600318222,0.491341953509573,0.995298543208041,"Gene3591"
3.1816079671162,-0.695360298211526,0.811629870941879,-0.856745572220716,0.391585511507824,0.995298543208041,"Gene3592"
44.5726345612911,0.271617979636585,0.390307108135222,0.695908360301967,0.486486221299212,0.995298543208041,"Gene3593"
18.9886711446743,0.587718805192866,0.465341942900279,1.26298266072872,0.206595411166139,0.972722569207905,"Gene3594"
198.492841485775,-0.0173100226130947,0.335981574835086,-0.0515207496767976,0.958910567955663,0.99679148114792,"Gene3595"
7.79347005929368,0.259033211516557,0.534799524358094,0.484355725311215,0.628133434225445,0.995298543208041,"Gene3596"
7.06612763246418,-0.31197814209768,0.582980369759564,-0.53514347700309,0.592550647908365,0.995298543208041,"Gene3597"
43.3641018000992,-0.123937342168541,0.434830834762531,-0.285024272108544,0.775625546407019,0.995298543208041,"Gene3598"
53.7163791376948,0.190302066410725,0.380927387881999,0.499575699896054,0.617373871845995,0.995298543208041,"Gene3599"
17.4589031223379,-0.318112108474321,0.426632623411206,-0.745634747598078,0.455888086609236,0.995298543208041,"Gene3600"
42.7047985624172,0.116138674176086,0.368753028430748,0.314949750162926,0.75279980713119,0.995298543208041,"Gene3601"
41.6057974868852,-0.159955650808344,0.42469977884112,-0.376632291273652,0.70644688700351,0.995298543208041,"Gene3602"
25.9128538755688,0.411211227898629,0.42857331264876,0.959488647011579,0.33731263627289,0.977149621423155,"Gene3603"
19.0151544652476,0.134691519053172,0.442613113386639,0.304309824945277,0.760891860668687,0.995298543208041,"Gene3604"
44.7504642551653,0.0254063235825938,0.388664089025362,0.0653683329640881,0.947880736769603,0.99679148114792,"Gene3605"
198.951290888136,-0.11210665100679,0.331549380289391,-0.338129574873397,0.735265544224314,0.995298543208041,"Gene3606"
491.827765432622,0.395273252957247,0.370570950532894,1.0666601156643,0.286125343657191,0.977149621423155,"Gene3607"
176.71868292042,0.0119404805377903,0.307544785197702,0.0388251764051681,0.969029772095556,0.99679148114792,"Gene3608"
55.2244069562085,-0.245379002945208,0.40587841520364,-0.604562829048434,0.545469510962204,0.995298543208041,"Gene3609"
13.5136610593947,0.0669565157117901,0.479324522152347,0.139689318232938,0.888905466468592,0.995298543208041,"Gene3610"
146.418964672145,0.198843526751821,0.413033923039103,0.481421780779483,0.630216759636992,0.995298543208041,"Gene3611"
229.53797849263,-0.0952472271480538,0.324823342662906,-0.293227778420158,0.76934805269545,0.995298543208041,"Gene3612"
44.4823834072124,0.0899783530567116,0.361457937565106,0.24893173923039,0.803413583561478,0.995298543208041,"Gene3613"
43.4426778193715,0.688805316294165,0.399315403591878,1.72496555379106,0.0845336804291197,0.88989888935685,"Gene3614"
274.42499789001,0.127767723891969,0.317710174229478,0.402151817145409,0.687572299884913,0.995298543208041,"Gene3615"
68.7950825490626,0.0153954727999783,0.388900824021039,0.0395871436856237,0.968422277257933,0.99679148114792,"Gene3616"
981.588312412098,-0.225808034958218,0.354839180664484,-0.63636725385106,0.524537079156613,0.995298543208041,"Gene3617"
55.7180102924688,0.0816655918833052,0.345027727635273,0.23669283753807,0.812895091912848,0.995298543208041,"Gene3618"
6.5931975012696,0.306025906797824,0.599708238469078,0.510291316956125,0.609847385030659,0.995298543208041,"Gene3619"
166.472752092071,-0.340778398571162,0.358306484503532,-0.951080745980199,0.341563387926099,0.977149621423155,"Gene3620"
90.3168878673583,0.330920854365628,0.442580348301702,0.747707971299356,0.454636321993894,0.995298543208041,"Gene3621"
41.0487778424759,-0.105067569027283,0.378569942713312,-0.277538064100483,0.781366982357189,0.995298543208041,"Gene3622"
13.2991899565628,-0.467075251998219,0.50822037054862,-0.919040792272876,0.358074236067028,0.991832533005816,"Gene3623"
163.838426593684,0.0413059786218275,0.397379093113481,0.103946028710755,0.917212179294533,0.996722750350204,"Gene3624"
110.407834671278,-0.401745508766401,0.322894822365676,-1.24419929010638,0.213426224974662,0.972722569207905,"Gene3625"
77.7497161758747,-0.410340759644173,0.307648428268104,-1.33379767923461,0.182270171786761,0.966311336522134,"Gene3626"
324.550873342549,-0.0121304690035877,0.438102206675195,-0.0276886735989009,0.977910457400247,0.99679148114792,"Gene3627"
17.065910077716,-0.0137660539057053,0.430713523064966,-0.0319610441012992,0.974503117318036,0.99679148114792,"Gene3628"
55.889008535753,0.169720341115781,0.37729747591721,0.449831636703084,0.652831844190243,0.995298543208041,"Gene3629"
35.7973515968123,0.940613497759439,0.376622127314784,2.49749929582142,0.0125072713542914,0.769267290080118,"Gene3630"
102.727563644747,0.167156386402078,0.380435433474637,0.439381749684529,0.660384948213598,0.995298543208041,"Gene3631"
82.771114735117,0.53159486545857,0.337810418402881,1.57364852147508,0.115568729103955,0.95621899957094,"Gene3632"
49.647667166832,0.162107874655601,0.393143862619242,0.412337289397295,0.68009222057757,0.995298543208041,"Gene3633"
9.01181402172929,-0.246713636165527,0.537988693014541,-0.458585169853856,0.646532088306291,0.995298543208041,"Gene3634"
52.9516983684591,0.826973763269817,0.365148854145432,2.2647579305848,0.0235275383533836,0.769267290080118,"Gene3635"
346.61169531743,0.0474610956663151,0.394981713337598,0.120160235432847,0.904356217011352,0.995298543208041,"Gene3636"
5.00259966152176,-0.225198187942441,0.655516030219752,-0.343543372794326,0.731189717177906,0.995298543208041,"Gene3637"
28.7449925488145,-0.060966174547501,0.39359080702205,-0.154897353951881,0.876902239711496,0.995298543208041,"Gene3638"
97.7129549915203,-0.120168092850972,0.345268597769297,-0.348042346241016,0.727808381502137,0.995298543208041,"Gene3639"
15.6118981591187,0.257159389958872,0.467448256125546,0.550134451437134,0.582227158398263,0.995298543208041,"Gene3640"
19.2800076394676,-0.233227137356495,0.465197441110819,-0.501350860399372,0.616124216681568,0.995298543208041,"Gene3641"
14.3789647576949,0.63144016343524,0.460856188931797,1.37014578213398,0.170641398926004,0.966311336522134,"Gene3642"
23.6432203527001,-0.401668656204931,0.421769455408169,-0.952341738014705,0.340923696754077,0.977149621423155,"Gene3643"
74.8050887154065,0.035704758886511,0.388470769747744,0.0919110565505252,0.926768706790987,0.99679148114792,"Gene3644"
643.796082137318,-0.121291785824175,0.400705299126587,-0.302695736963182,0.762121746887372,0.995298543208041,"Gene3645"
130.676939372081,-0.383398025940169,0.407599110415159,-0.940625276511668,0.346896923983432,0.97824828266281,"Gene3646"
23.515409347357,0.423775219372261,0.449006704815925,0.94380599404633,0.34526879700758,0.977149621423155,"Gene3647"
27.130493048785,0.742325826457718,0.417117977867557,1.77965435643107,0.0751325445896788,0.871907922324238,"Gene3648"
14.0252771920832,0.211424399269822,0.449972312355087,0.469860908026226,0.638454395164208,0.995298543208041,"Gene3649"
22.6539776382608,0.0506372152881221,0.390578449400296,0.129646721077089,0.896845937086234,0.995298543208041,"Gene3650"
21.9206068205798,0.377038850618321,0.423485930461533,0.890322023703144,0.373292998679101,0.993108616838184,"Gene3651"
235.129231118972,0.458158348218449,0.370331996963058,1.23715571966673,0.216029277053093,0.972722569207905,"Gene3652"
123.478245621878,0.487488331786755,0.362584656561054,1.34448141410713,0.178792762575498,0.966311336522134,"Gene3653"
7.31170581243505,0.374609428340167,0.544140816002092,0.688442067427499,0.491174440371409,0.995298543208041,"Gene3654"
130.751452626997,-0.222214077157841,0.365360401463172,-0.608205148308169,0.543051420496359,0.995298543208041,"Gene3655"
235.925425143253,0.05945529249004,0.324280029423768,0.183345525765769,0.854526915371955,0.995298543208041,"Gene3656"
46.9780273941966,-0.442078457848254,0.357939478212423,-1.23506482172916,0.21680638038573,0.972722569207905,"Gene3657"
215.287633813304,0.550391839663732,0.375473505707044,1.46586065673876,0.142686252181496,0.966311336522134,"Gene3658"
85.9808080424561,0.561482489587272,0.365590736329222,1.53582252992769,0.124581912460608,0.966311336522134,"Gene3659"
91.8088387434521,-0.10938179432348,0.3591005995182,-0.304599308578809,0.760671346684237,0.995298543208041,"Gene3660"
41.6364293064651,-0.127267856549313,0.471651757129283,-0.26983437382685,0.787287676861531,0.995298543208041,"Gene3661"
333.062802754701,-0.278834939888913,0.383320215593904,-0.727420387826128,0.466968468807783,0.995298543208041,"Gene3662"
45.9888221061929,0.389593248853604,0.448879463590135,0.867923976155289,0.385435952471232,0.995298543208041,"Gene3663"
43.1910074475549,1.50235927603464,0.386380380640146,3.88829079143607,0.000100952633680772,0.201703362094183,"Gene3664"
103.230961367966,0.29513522230185,0.38510677337659,0.766372452278945,0.443454719260225,0.995298543208041,"Gene3665"
44.5584949358033,0.6130570885092,0.347065315606066,1.76640263645661,0.0773283231062226,0.877852213444504,"Gene3666"
42.631334619153,-0.158684154073581,0.41263905003139,-0.384559226911533,0.700564007362015,0.995298543208041,"Gene3667"
149.797581312597,0.347016911777899,0.354041098693186,0.980159967469271,0.327007161865641,0.977149621423155,"Gene3668"
43.4274165303738,0.408601765336664,0.462734262140421,0.88301601754458,0.3772276173378,0.993138816667579,"Gene3669"
29.4859574291594,0.201815820507621,0.368447138524877,0.547747015530141,0.583865624441694,0.995298543208041,"Gene3670"
28.2747370016843,0.162315071481416,0.409138104747538,0.396724405764097,0.691570700793334,0.995298543208041,"Gene3671"
10.7256758231277,-0.676180617005656,1.02144238709518,-0.661986055746724,0.507980158321783,0.995298543208041,"Gene3672"
390.907976895559,0.00545616975126033,0.340738879386245,0.0160127595685243,0.987224212336785,0.99679148114792,"Gene3673"
27.5508327658098,-0.0128137292558306,0.385814725927466,-0.0332121310948602,0.973505424245333,0.99679148114792,"Gene3674"
27.4996804390745,0.118561714390051,0.422436665745385,0.280661514503837,0.778970029673135,0.995298543208041,"Gene3675"
64.1850627574267,0.255717644130744,0.365054755805299,0.700491200468376,0.483620598633772,0.995298543208041,"Gene3676"
28.5173120682972,-0.235932221765315,0.485890196771418,-0.485566951819583,0.627274232596935,0.995298543208041,"Gene3677"
4.6441529356264,-0.169411644442345,0.715487700313335,-0.236777857073091,0.812829130633812,0.995298543208041,"Gene3678"
100.573937980561,0.256828840683488,0.329294391544357,0.779936881035195,0.435428028543651,0.995298543208041,"Gene3679"
111.666701292771,0.0514522475448589,0.336032799976291,0.153116742021877,0.878306213335482,0.995298543208041,"Gene3680"
42.9498627873925,-0.29231237579554,0.429090727854281,-0.68123675675138,0.495721693472357,0.995298543208041,"Gene3681"
25.9854471543452,0.160814967727102,0.389244433849577,0.413146480057949,0.679499297153956,0.995298543208041,"Gene3682"
16.0638755250326,1.0366179348588,0.437630223180472,2.36870736971773,0.0178503705285133,0.769267290080118,"Gene3683"
608.213675513203,0.360415987013086,0.339449642431377,1.06176569941725,0.288342065012574,0.977149621423155,"Gene3684"
34.808183046028,0.393284973680619,0.426096431644151,0.922995229420429,0.356009691326875,0.991832533005816,"Gene3685"
43.5988176898753,0.559339224847943,0.343672300953904,1.62753653202609,0.103623196304448,0.930219026465012,"Gene3686"
75.44683494629,0.492735437744715,0.380188863180938,1.29602806779275,0.194965815113966,0.966311336522134,"Gene3687"
53.8244552739552,0.014164847360609,0.458759699065368,0.0308763986668119,0.975368112082641,0.99679148114792,"Gene3688"
920.711460733262,0.592193367262329,0.32124041483332,1.84345848130471,0.0652620982936168,0.856055940383494,"Gene3689"
59.5561823294603,0.206092620863525,0.367661256404773,0.560550281742577,0.575104153001682,0.995298543208041,"Gene3690"
16.0833664717701,-0.676527154480851,0.477303458780111,-1.41739420076677,0.156367707261224,0.966311336522134,"Gene3691"
77.9874613622482,-0.00842792037224106,0.378313691237004,-0.0222775981082883,0.982226518567381,0.99679148114792,"Gene3692"
190.05055549257,-0.567756001675184,0.31152803683314,-1.82248765615688,0.0683810250189125,0.860868300714149,"Gene3693"
15.017200849867,-0.513623312740126,0.535206929511838,-0.959672389160959,0.337220123689251,0.977149621423155,"Gene3694"
381.07068451366,-0.51040546679965,0.399696619429629,-1.27698219596654,0.201608532982299,0.966311336522134,"Gene3695"
74.79736924357,0.549928644531219,0.393766445887123,1.39658584492204,0.1625381493541,0.966311336522134,"Gene3696"
45.5494937341471,0.283257624093561,0.423316512906035,0.669139084958012,0.503406759627878,0.995298543208041,"Gene3697"
173.420700663781,0.120210005030299,0.344166333914074,0.349278802674266,0.726880010587227,0.995298543208041,"Gene3698"
9.14441210889122,-0.205500584058319,0.542228041194606,-0.378992911553545,0.704693127656088,0.995298543208041,"Gene3699"
324.058093843605,-0.177500417684607,0.367899707952938,-0.48246958028929,0.629472402954513,0.995298543208041,"Gene3700"
25.2032558268542,0.80011915311839,0.415411793751109,1.92608675332356,0.0540935423746998,0.856055940383494,"Gene3701"
15.2647333192053,-0.744736420818657,0.440285507063513,-1.69148520419326,0.0907441712943372,0.913239956792668,"Gene3702"
30.9494703557855,0.193218726281935,0.398104684932972,0.485346527169021,0.627430556544101,0.995298543208041,"Gene3703"
47.4810230595141,-0.667938749586676,0.393429336698636,-1.69773498639303,0.089557791333349,0.907325839670106,"Gene3704"
18.2851519354969,0.294246944529227,0.436760363426723,0.673703406189681,0.50049989591102,0.995298543208041,"Gene3705"
2.68219721458344,-0.0122325394333637,0.904978993737166,-0.0135169319045172,0.989215377130116,0.99679148114792,"Gene3706"
57.6670660749046,0.0322745443440576,0.376544394786464,0.0857124546027575,0.931695001225353,0.99679148114792,"Gene3707"
133.969280473774,0.80334034594312,0.386135060007911,2.08046465898917,0.0374829339377762,0.780113562579968,"Gene3708"
41.0880919820012,0.23320023901692,0.369537635837751,0.631059508967874,0.528001615016319,0.995298543208041,"Gene3709"
92.4859948641611,-0.197964205635441,0.389638229294661,-0.508071823429143,0.611402974553978,0.995298543208041,"Gene3710"
152.268043264087,-0.180959710725501,0.342898381723641,-0.527735680220695,0.597682805010623,0.995298543208041,"Gene3711"
20.9868693439718,-0.555496047185761,0.435503834347547,-1.27552504335118,0.202123465881391,0.966311336522134,"Gene3712"
369.729571368817,-0.360889876970842,0.305057877600611,-1.18302100509376,0.23680082280137,0.975521740117808,"Gene3713"
24.8448959665909,0.386501188059305,0.443565861301616,0.871350168665238,0.383562985482517,0.995298543208041,"Gene3714"
47.8754780224002,0.275186753266158,0.353485068637512,0.778496116757774,0.436276595028446,0.995298543208041,"Gene3715"
576.109169276043,0.041955391422662,0.332655096503499,0.126122797647324,0.899634721654168,0.995298543208041,"Gene3716"
78.4315602671868,0.569701974279183,0.356265015848074,1.59909603507667,0.109799265552145,0.942115228257739,"Gene3717"
48.6926712829614,-0.833908911799735,0.44648006521225,-1.8677405258918,0.0617982469287174,0.856055940383494,"Gene3718"
13.6704231925396,-0.428692199152151,0.446020220742122,-0.961149695049387,0.336476905755501,0.977149621423155,"Gene3719"
13.5457686542705,-0.300215210703078,0.496002957767105,-0.6052689928596,0.545000280404341,0.995298543208041,"Gene3720"
29.0538926051313,-0.654893451257782,0.378116940583786,-1.73198653899683,0.0832759591698777,0.88989888935685,"Gene3721"
38.0417155734209,0.245819177979949,0.402702508740148,0.610423756109672,0.541581135362938,0.995298543208041,"Gene3722"
450.995648130721,-0.340742100306296,0.362483866461781,-0.940020044567206,0.347207279061918,0.97824828266281,"Gene3723"
23.3319252858057,-0.773585913768467,0.544965458136559,-1.41951366314784,0.155749316350011,0.966311336522134,"Gene3724"
11.7353192806721,-0.441631398110842,0.554536890376203,-0.796396787617204,0.425801444797732,0.995298543208041,"Gene3725"
112.619716700177,0.162199482828647,0.323278288645274,0.501733300768071,0.615855136567848,0.995298543208041,"Gene3726"
61.7879442354914,0.488065200764236,0.333370261857431,1.46403340851369,0.143184820343659,0.966311336522134,"Gene3727"
57.4496284172621,0.0661321345224955,0.385992928237866,0.171329912245807,0.863964361614051,0.995298543208041,"Gene3728"
260.796014593816,-0.0295702898387595,0.350901193738358,-0.0842695618208924,0.932842112446317,0.99679148114792,"Gene3729"
178.002995005101,-0.540695442587616,0.409117421263967,-1.32161432020455,0.186296612390867,0.966311336522134,"Gene3730"
220.538093303321,-0.722048696453449,0.328827709703346,-2.19582679666762,0.0281043428958893,0.769267290080118,"Gene3731"
37.5926951704212,-0.164508811096564,0.399724597125282,-0.411555386582837,0.680665337178563,0.995298543208041,"Gene3732"
39.1394057251878,-0.221145679099444,0.413701559973514,-0.534553650495306,0.592958541193026,0.995298543208041,"Gene3733"
42.2994143344187,0.195993758351917,0.424362281683168,0.461854803811823,0.644185446899468,0.995298543208041,"Gene3734"
25.7230682004616,-0.636483708726566,0.400541127421915,-1.58905956255553,0.112046946086961,0.944282098219382,"Gene3735"
13.4162548279317,-0.0655961380772721,0.475243503557752,-0.138026375081844,0.890219572747341,0.995298543208041,"Gene3736"
101.427951447776,-0.213587327293168,0.431155782739619,-0.495383190586027,0.620329657925873,0.995298543208041,"Gene3737"
40.7112978489209,0.125998488977231,0.399178555065916,0.315644433745757,0.7522724072933,0.995298543208041,"Gene3738"
45.1427296745141,-0.517055472768909,0.387342837136732,-1.33487810589457,0.181916244609803,0.966311336522134,"Gene3739"
224.461648996887,-0.751459809784777,0.407195542331971,-1.84545195529705,0.0649718212936403,0.856055940383494,"Gene3740"
24.94977440722,0.871410462984822,0.407506347242813,2.13839727621615,0.032484513361428,0.770602674997537,"Gene3741"
677.395132905305,0.0197450766834374,0.350643281164755,0.0563110082071126,0.95509404946978,0.99679148114792,"Gene3742"
42.8213438146837,0.0262639835225246,0.412260425184261,0.0637072634628605,0.94920332109116,0.99679148114792,"Gene3743"
138.868618405841,-0.360801903785281,0.326164527640782,-1.10619602442681,0.268641683243898,0.977149621423155,"Gene3744"
13.7804334463355,-0.0373188409085207,0.470844504532469,-0.0792593744841025,0.936826319068108,0.99679148114792,"Gene3745"
60.9602640710043,-0.105561769433562,0.350670942693138,-0.301027991149916,0.763393150061063,0.995298543208041,"Gene3746"
18.6356985969248,0.540914998673502,0.394720125425944,1.37037603058572,0.17056955039806,0.966311336522134,"Gene3747"
14.150336565651,0.0361306903237985,0.445609823477928,0.0810814493311729,0.935377178397117,0.99679148114792,"Gene3748"
11.8300561031807,0.135728459835476,0.483520508629204,0.280708796034879,0.778933761654482,0.995298543208041,"Gene3749"
56.7930765518288,-0.4325594877779,0.406992093850744,-1.06282037001075,0.287863420024191,0.977149621423155,"Gene3750"
149.054682723814,-0.552281079912382,0.364638699284059,-1.5145980966824,0.12987421450351,0.966311336522134,"Gene3751"
50.4090896576807,0.382085553973115,0.347982193318297,1.0980031774891,0.272203101782126,0.977149621423155,"Gene3752"
38.0489416014357,-0.441327153915188,0.341141200006491,-1.29367884590542,0.195776375226889,0.966311336522134,"Gene3753"
35.8035255480928,0.128747940886004,0.426516456190308,0.301859257755246,0.762759355376931,0.995298543208041,"Gene3754"
118.64286074145,-0.359277979815951,0.340338342620891,-1.0556494371137,0.291128405700098,0.977149621423155,"Gene3755"
181.118895558292,0.480709790514777,0.390575443391639,1.23077320565891,0.218407699550723,0.972952680885552,"Gene3756"
2.5624391130197,-2.5962273633194,1.09111044488419,-2.37943589990559,0.0173391583823045,0.769267290080118,"Gene3757"
31.0644667979009,0.0202608405357029,0.422404369880238,0.0479655088356386,0.961743730914006,0.99679148114792,"Gene3758"
131.413743073809,-0.486221498864927,0.33078983132447,-1.46988042805946,0.14159414123039,0.966311336522134,"Gene3759"
369.603040122689,-0.0634211876925659,0.329731287617596,-0.192342037514251,0.847474291912415,0.995298543208041,"Gene3760"
108.011957683482,0.30808156406911,0.371499431375004,0.829292155115366,0.406939108895061,0.995298543208041,"Gene3761"
47.9710206032741,0.193313514357029,0.396077393491524,0.488070052806905,0.625500222315997,0.995298543208041,"Gene3762"
132.448982803622,-0.440223093824907,0.387629222156852,-1.13568087404611,0.256090147938226,0.977149621423155,"Gene3763"
74.741071903189,0.132190051253488,0.333896779653771,0.39590094696499,0.692178102444934,0.995298543208041,"Gene3764"
101.746509415252,0.0950691218045963,0.374822839581238,0.253637483539717,0.79977563565431,0.995298543208041,"Gene3765"
111.843855390008,0.837345961977748,0.360548954584974,2.32241960857052,0.0202103525307394,0.769267290080118,"Gene3766"
324.604105232617,0.332938489185169,0.278532470207047,1.19533097501228,0.2319577422731,0.975521740117808,"Gene3767"
74.4755787291301,0.283303918608336,0.354267221246613,0.799689899650982,0.423890486354902,0.995298543208041,"Gene3768"
28.5994698637935,0.298354751443615,0.470273198376256,0.63442856721107,0.525801171128621,0.995298543208041,"Gene3769"
189.155212301422,-0.432060507426975,0.347545324138822,-1.24317744310781,0.213802452976031,0.972722569207905,"Gene3770"
16.7013057127071,0.473265833682947,0.474724414048524,0.996927521900258,0.318799691596126,0.977149621423155,"Gene3771"
34.8420214171861,0.188982947062598,0.386197546795138,0.489342691663564,0.624599101355054,0.995298543208041,"Gene3772"
3.77634122159975,0.0809453744691064,0.724642062272506,0.11170394141248,0.911058154097108,0.995504451882279,"Gene3773"
57.0422221251767,-0.484095581519064,0.367562966203904,-1.31704123110845,0.187824804380432,0.966311336522134,"Gene3774"
111.204402541699,0.60671937688504,0.326135964969836,1.86032649585628,0.062839347094879,0.856055940383494,"Gene3775"
7.79312595710051,1.02056328518327,0.580505044904626,1.75806100935943,0.0787371291183419,0.88137257277285,"Gene3776"
1068.23803111414,0.178218983167989,0.400676432315217,0.444795273178887,0.65646771060909,0.995298543208041,"Gene3777"
14.4751203787691,0.258297986087645,0.519059744038307,0.49762669722386,0.618747183024503,0.995298543208041,"Gene3778"
13.8019683383588,-0.0936222756442999,0.528091031532957,-0.17728435071607,0.859285042411778,0.995298543208041,"Gene3779"
36.4832107795032,-0.062861579401419,0.44168718150556,-0.142321493657899,0.886826069850396,0.995298543208041,"Gene3780"
88.0842156069906,0.0780736709065824,0.396145141127553,0.197083499962565,0.843762195319041,0.995298543208041,"Gene3781"
26.5677082513857,-0.46418730862759,0.463313376344409,-1.0018862660303,0.316398526478156,0.977149621423155,"Gene3782"
115.130136079772,0.368836364174177,0.390846590045602,0.943685767173106,0.345330249295758,0.977149621423155,"Gene3783"
21.3434831336533,0.132887980691177,0.423608051821397,0.313705039646426,0.753745072780698,0.995298543208041,"Gene3784"
103.107728516837,-0.486910845817,0.392690879330704,-1.23993418601135,0.214999738062707,0.972722569207905,"Gene3785"
69.2778204825315,0.473418540978305,0.348668700582707,1.35778904211107,0.174530632974773,0.966311336522134,"Gene3786"
538.885526473761,0.837383436731626,0.309028904134442,2.70972528953902,0.00673389556942093,0.71908745615312,"Gene3787"
79.2800951381629,-0.486943776847475,0.387556874653274,-1.25644468901014,0.208954787700723,0.972722569207905,"Gene3788"
49.3764718772687,-0.0634950803711296,0.374767372115584,-0.169425315797093,0.865462112214841,0.995298543208041,"Gene3789"
56.8921540360294,-0.253011850391463,0.372911833324328,-0.678476325452012,0.497469729615323,0.995298543208041,"Gene3790"
124.342029748387,-0.201267884117811,0.370607923824003,-0.54307496191957,0.587078190957831,0.995298543208041,"Gene3791"
19.2808113118389,-0.493526354789214,0.426807282433404,-1.15632130730155,0.247549756092331,0.977149621423155,"Gene3792"
18.0460986465372,0.300506968640745,0.446619100254176,0.672848448419969,0.50104371164715,0.995298543208041,"Gene3793"
133.711499313236,-0.66982546346023,0.331921709180028,-2.01802245811204,0.0435889224372684,0.817467626290286,"Gene3794"
52.6313442409963,-0.732297170001409,0.353861447593411,-2.06944603596045,0.0385042503194265,0.781030377037707,"Gene3795"
10.4860327300438,0.391633281416181,0.501960354425437,0.780207596005185,0.435268691967881,0.995298543208041,"Gene3796"
16.9390652019257,0.340686589015535,0.428066525494571,0.795872998062438,0.426105857163928,0.995298543208041,"Gene3797"
65.006733380163,-0.289828429064355,0.357596400024698,-0.810490343427219,0.417658412813586,0.995298543208041,"Gene3798"
184.204217638838,0.946285364690829,0.335987119113049,2.81643346086858,0.0048560100697509,0.669124697887055,"Gene3799"
49.8218140465726,0.626586716336306,0.39463493180129,1.58776293187297,0.112339956458234,0.944282098219382,"Gene3800"
52.6506552804017,-0.0942583866549043,0.382734062734734,-0.246276451020334,0.805468238005663,0.995298543208041,"Gene3801"
29.8580585233574,0.549723978600992,0.409701463839776,1.34176718200835,0.179671496201746,0.966311336522134,"Gene3802"
22.3156580348103,-0.702699779779832,0.455676320166994,-1.54210291094852,0.123048587706637,0.966311336522134,"Gene3803"
17.7849362792863,0.506001069343656,0.406383351823402,1.24513237826618,0.213083094133706,0.972722569207905,"Gene3804"
91.1868143161298,0.388778735435264,0.332975608137086,1.16758923457001,0.242972494704054,0.977149621423155,"Gene3805"
25.1460950307417,0.153090396729151,0.437687118485515,0.349771309831722,0.72651033207228,0.995298543208041,"Gene3806"
62.6446059976147,0.177785069322923,0.361442915177858,0.491875928002183,0.622807056459818,0.995298543208041,"Gene3807"
34.1512241872783,0.0887861199309451,0.37146009209851,0.239019269686175,0.811090640696009,0.995298543208041,"Gene3808"
62.8911549582968,0.0535271296332975,0.407863587934827,0.131237823666305,0.895587175740254,0.995298543208041,"Gene3809"
181.41499278392,-0.382520062135245,0.430779714411449,-0.887971390802053,0.37455614069094,0.993108616838184,"Gene3810"
141.276941004316,0.226957002978008,0.351034972389122,0.646536729469866,0.517931818309004,0.995298543208041,"Gene3811"
56.0720445576999,0.682189427405504,0.462219984784632,1.47589773238248,0.139971348354336,0.966311336522134,"Gene3812"
18.4832002325218,1.28274580301616,0.438584941755325,2.92473744739684,0.00344746955145596,0.619665196241461,"Gene3813"
109.659953196603,-0.106593780776338,0.325528661112714,-0.32744822041777,0.743328900183877,0.995298543208041,"Gene3814"
75.0315444593305,0.47023668109794,0.390407700641408,1.20447593714309,0.228405677116265,0.973557617323298,"Gene3815"
18.1341779149001,0.760872335420901,0.420320889490243,1.81021775135581,0.0702620258597383,0.871560041795587,"Gene3816"
197.152652041269,-0.357518773323598,0.333109749692938,-1.07327622098471,0.283147200968051,0.977149621423155,"Gene3817"
137.7642931278,-0.353261016949877,0.354783486482658,-0.995708736198872,0.319391684148936,0.977149621423155,"Gene3818"
21.8240709850912,0.0336518091582848,0.423767849777484,0.0794109538417201,0.936705756251985,0.99679148114792,"Gene3819"
1435.40631565775,-0.451295253213464,0.446811749440197,-1.01003443570785,0.312478792106183,0.977149621423155,"Gene3820"
122.111081826095,-0.37191433722556,0.356460913856459,-1.04335236422393,0.296785127142435,0.977149621423155,"Gene3822"
27.5229337687925,0.216428208898801,0.435540655776584,0.49691849894679,0.61924652576769,0.995298543208041,"Gene3823"
89.1699278579433,0.68463669533938,0.314972308794038,2.1736409081824,0.0297321136697014,0.769267290080118,"Gene3824"
19.289813687215,-0.839237568718113,0.449364294240083,-1.86761071023087,0.0618163524691612,0.856055940383494,"Gene3825"
42.6298096522452,-0.694977919264965,0.442963672681808,-1.56892757154871,0.116664816563125,0.959244047296809,"Gene3826"
24.8773693069966,0.211989728723679,0.448028872418918,0.473160864787891,0.636098416046369,0.995298543208041,"Gene3827"
100.715755063671,-0.00406862403593724,0.390536289823637,-0.010418043449367,0.991687754340718,0.99679148114792,"Gene3828"
73.1144277775739,-0.615289646786103,0.324465124188954,-1.89631982273628,0.057917766632164,0.856055940383494,"Gene3829"
115.015630075355,0.305263604279953,0.364237227767441,0.838090071547708,0.401980118592456,0.995298543208041,"Gene3830"
89.2214025273265,0.841288939863208,0.334882864880173,2.51218867278932,0.0119984921042059,0.769267290080118,"Gene3831"
45.4376385347376,0.415018050504715,0.379287449514947,1.09420454337591,0.273865279282947,0.977149621423155,"Gene3832"
58.7634893271,0.212026828040026,0.37707490717732,0.562293655727985,0.57391596013332,0.995298543208041,"Gene3833"
414.881526875826,-0.0651465172924345,0.385035620673363,-0.169196078997844,0.86564241383503,0.995298543208041,"Gene3834"
169.061789142315,0.0741856345675319,0.3430321036378,0.216264407269189,0.828781651441034,0.995298543208041,"Gene3835"
41.4327572660695,0.174434520239192,0.386820513751842,0.45094433732927,0.652029667197492,0.995298543208041,"Gene3836"
397.248714493429,0.237287374628865,0.4206228336841,0.564133365158856,0.572663372569159,0.995298543208041,"Gene3837"
93.1113107779662,-0.162748334558972,0.393557852698976,-0.413530903888367,0.67921768525616,0.995298543208041,"Gene3838"
52.3149846852745,0.0313830843179626,0.412149766336501,0.0761448552959745,0.939303854337214,0.99679148114792,"Gene3839"
10.4839001148805,-0.077552222742702,0.554219372953658,-0.139930551920975,0.888714861823926,0.995298543208041,"Gene3840"
78.7474906264176,-0.0749469895397444,0.311396738863534,-0.24068007203052,0.809803085230934,0.995298543208041,"Gene3841"
89.3820066473047,0.130194887849788,0.500707037373991,0.260022085035209,0.794846737983814,0.995298543208041,"Gene3842"
25.3683523415289,-0.317285879523337,0.403366081063597,-0.786595339614866,0.431518788288915,0.995298543208041,"Gene3843"
15.8497662681462,-0.102234610664295,0.438072794923423,-0.23337356678852,0.815471337178783,0.995298543208041,"Gene3844"
12.1847994431007,0.333786909326653,0.522477395266304,0.638854259247949,0.522917746553719,0.995298543208041,"Gene3845"
17.3012839064786,0.39614491012788,0.410753155796381,0.964435463337639,0.334827649649305,0.977149621423155,"Gene3846"
162.233652517271,0.651729155009973,0.302597419425877,2.15378292467434,0.0312571994032952,0.770602674997537,"Gene3847"
112.341913670278,0.0713956938730566,0.334791079822731,0.213254468759622,0.8311284853078,0.995298543208041,"Gene3848"
17.7861603304125,0.227725812150188,0.439170861142354,0.518535796199768,0.604084491458663,0.995298543208041,"Gene3849"
8.051904169995,-0.276107019910373,0.608934266121828,-0.453426642696329,0.650241555230246,0.995298543208041,"Gene3850"
1.70068884747088,0.404784700572549,1.69677829954063,0.238560748143784,0.811446204809375,0.995298543208041,"Gene3851"
19.2372610542834,1.09799468172628,0.407277257573693,2.6959390962988,0.00701904989523363,0.71908745615312,"Gene3852"
92.6951047742751,0.736327555846969,0.390421483224205,1.8859811447008,0.059297495568927,0.856055940383494,"Gene3853"
10.995629361894,-0.403776784185714,0.524439754921374,-0.769920244216135,0.441347204432337,0.995298543208041,"Gene3854"
81.3207259497438,0.295741126911683,0.31146803739977,0.94950714487631,0.342362739858262,0.977149621423155,"Gene3855"
347.159828523766,0.0985515987265519,0.316369433885829,0.311507965596061,0.755414488257372,0.995298543208041,"Gene3856"
3.16353748553423,0.209215208582815,0.821145461131699,0.254784588706702,0.798889478976441,0.995298543208041,"Gene3857"
42.0567692109819,-0.424079680998816,0.420499299677171,-1.00851459520716,0.313207484582593,0.977149621423155,"Gene3858"
18.1582522640145,0.123333783286298,0.406742660028283,0.303223131986504,0.761719821581532,0.995298543208041,"Gene3859"
180.701313761845,-0.352801926198201,0.344334945059616,-1.02458937514204,0.305556979898047,0.977149621423155,"Gene3860"
39.8592883754284,0.640706917974126,0.384188107209171,1.66769065973532,0.0953771505276517,0.927316529217752,"Gene3861"
99.0622062752643,0.558098815992922,0.387948328686087,1.43859059242014,0.150266553345195,0.966311336522134,"Gene3862"
45.8301472238356,-0.240990732467713,0.496318696421524,-0.48555642615373,0.627281696960802,0.995298543208041,"Gene3863"
78.2233180514462,0.242829321333616,0.410934729717101,0.590919442366884,0.554574398322983,0.995298543208041,"Gene3864"
92.2088421119435,-0.243069904845379,0.335008856350538,-0.725562623905805,0.468106941017356,0.995298543208041,"Gene3865"
18.389184214837,0.831969917847814,0.444254039819468,1.87273461415433,0.0611050410049809,0.856055940383494,"Gene3866"
243.444744249315,-0.370854092849197,0.319250117716834,-1.16164120941103,0.245381235509016,0.977149621423155,"Gene3867"
319.854543539444,0.221323118165255,0.334111157752935,0.662423606723477,0.50769977876619,0.995298543208041,"Gene3868"
49.7797984827016,0.423463211874812,0.377424006682779,1.12198271539926,0.261869789109317,0.977149621423155,"Gene3869"
39.0637668606547,0.183015412998615,0.382037516685996,0.479050891614497,0.631902424490409,0.995298543208041,"Gene3870"
5.60473024736935,0.238341141596118,0.644237127293345,0.369958717836502,0.711413249835073,0.995298543208041,"Gene3871"
70.1718803895591,-0.100065062998189,0.349353668254037,-0.286429117799975,0.774549475704413,0.995298543208041,"Gene3872"
3.54196732781046,-0.722642692772839,0.744764393287531,-0.970297048685367,0.331898447965723,0.977149621423155,"Gene3873"
39.8086576498403,0.868925735374208,0.432278859314038,2.01010462726089,0.0444201164355039,0.818553606693129,"Gene3874"
8.53463721696613,0.831105455269584,0.557404636108428,1.49102716667738,0.135954362570689,0.966311336522134,"Gene3875"
20.5191257530634,-0.680392050204321,0.457723855137066,-1.48646840790191,0.137155267165328,0.966311336522134,"Gene3876"
47.978782263085,0.67335148143694,0.324590667190434,2.07446346891388,0.0380362880969395,0.781030377037707,"Gene3877"
104.299773847767,-0.140095153139241,0.382923109707257,-0.365857138385674,0.71447168087044,0.995298543208041,"Gene3878"
275.196558041152,-0.434162327791658,0.362783346338483,-1.19675374344934,0.231402552561924,0.975521740117808,"Gene3879"
27.3826202973481,0.360581967261133,0.485883544268443,0.742116030712736,0.458017037931639,0.995298543208041,"Gene3880"
49.7513823673088,-0.252855450570001,0.399865506409147,-0.632351244398852,0.52715738528362,0.995298543208041,"Gene3881"
47.3900517825591,-0.18113221775296,0.406642335427375,-0.445433743544171,0.656006331331671,0.995298543208041,"Gene3882"
32.168728701539,0.0303334923996977,0.393111660810602,0.0771625352887004,0.938494245261448,0.99679148114792,"Gene3883"
29.6373166801094,0.0448059685406749,0.402242567178705,0.111390420101334,0.911306756437282,0.995504451882279,"Gene3884"
114.85501407401,-0.345914741814035,0.35250973618318,-0.98129131285691,0.326449105446575,0.977149621423155,"Gene3885"
360.582203268201,-0.404673223843601,0.282140165870064,-1.43429852532931,0.15148709096599,0.966311336522134,"Gene3886"
339.20343874324,0.147546116895937,0.320053164161112,0.461005024845384,0.644795000030691,0.995298543208041,"Gene3887"
45.8521607223843,-0.21241552768463,0.34151140959228,-0.621986620998187,0.533950665419878,0.995298543208041,"Gene3888"
109.117436006113,-0.0935795787338423,0.372471944489069,-0.251239268133894,0.801629126372803,0.995298543208041,"Gene3889"
29.9511855147544,0.318175458778481,0.405269010997234,0.785096935972371,0.432396736070408,0.995298543208041,"Gene3890"
7.81982789718815,-1.14962528042737,0.607165600907233,-1.89342953340834,0.0583007710085955,0.856055940383494,"Gene3891"
94.6578913371047,0.0298954286816199,0.385557142642027,0.0775382566557107,0.938195358456446,0.99679148114792,"Gene3892"
93.9600587367491,-0.0236722724994175,0.327487138326029,-0.0722845868708609,0.942375430502394,0.99679148114792,"Gene3893"
373.321128551333,0.82726161047934,0.281285147287667,2.94100708287064,0.00327147053278124,0.619665196241461,"Gene3894"
40.144636384288,-0.446922216905776,0.334940599655639,-1.33433276636295,0.182094823669821,0.966311336522134,"Gene3895"
5.60440394112757,0.494559934162906,0.625816204565975,0.790263867497487,0.42937368377637,0.995298543208041,"Gene3896"
73.0331094897945,0.776598686794555,0.352141558355234,2.20535937428645,0.0274288864579886,0.769267290080118,"Gene3897"
8.05724593986256,-0.364643545460616,0.534292157306949,-0.682479689199573,0.494935681488425,0.995298543208041,"Gene3898"
15.8456532899979,0.435485584274201,0.485872012956477,0.896296910835262,0.370094208554187,0.993108616838184,"Gene3899"
26.8417979019976,-0.764359705392586,0.402384157785235,-1.8995770350396,0.0574886483207099,0.856055940383494,"Gene3900"
36.527959188767,0.00781291048262225,0.395105929657932,0.0197742172317848,0.98422348553007,0.99679148114792,"Gene3901"
9.85276267595717,0.833929842969382,0.584282978250404,1.42727047340405,0.153501947954147,0.966311336522134,"Gene3902"
193.429294905186,0.169863950999484,0.325574128176518,0.52173663783072,0.601853711506338,0.995298543208041,"Gene3903"
84.8206769984102,0.0326223466466581,0.377642462287085,0.086384212329011,0.931160996749883,0.99679148114792,"Gene3904"
21.6815053934046,-0.172051025811359,0.44323596151482,-0.388170276670132,0.69789002777077,0.995298543208041,"Gene3905"
20.8674229570493,-1.2467116884526,0.43517620796763,-2.86484340280233,0.00417215508405827,0.619665196241461,"Gene3906"
14.023569962559,-0.59764635034886,0.494764865892826,-1.20794015814033,0.227070281306417,0.972952680885552,"Gene3907"
82.1827033252892,0.0287233690290045,0.323653307880976,0.0887473365159226,0.929282711826588,0.99679148114792,"Gene3908"
197.346805903503,0.00923086184818722,0.333276219622248,0.0276973312366839,0.977903552253022,0.99679148114792,"Gene3909"
29.4394230435251,-0.710886181814444,0.381867933981929,-1.86160218901251,0.0626591845204934,0.856055940383494,"Gene3910"
156.754834782353,-0.125955694685702,0.443776088999376,-0.283827132213694,0.7765428607169,0.995298543208041,"Gene3911"
41.3363502567831,0.0127735844580004,0.391094031062516,0.0326611593209371,0.973944797725844,0.99679148114792,"Gene3912"
68.8463732378991,-0.498341429786221,0.39889928306968,-1.24929136485605,0.211558525117414,0.972722569207905,"Gene3913"
206.553035443545,0.123515339181117,0.35216223324248,0.350734200098256,0.725787765488669,0.995298543208041,"Gene3914"
23.4153627294148,0.19553824627581,0.500306799696701,0.390836675404673,0.695917963809145,0.995298543208041,"Gene3915"
49.542713029531,-0.257223320253848,0.377120631023898,-0.682071727435,0.495193596992655,0.995298543208041,"Gene3916"
91.5702843742311,-0.31871579505263,0.381653088103039,-0.835092928598505,0.403665387854816,0.995298543208041,"Gene3917"
33.2597009405528,0.187643154539344,0.369267198038656,0.508150075435892,0.611348099725092,0.995298543208041,"Gene3918"
64.5963950252905,0.425575672284107,0.350086133961355,1.2156313289777,0.224125394194608,0.972952680885552,"Gene3919"
93.3021135868389,-0.55691654755805,0.363311126610823,-1.53289152675639,0.125302583955801,0.966311336522134,"Gene3920"
235.159736619698,0.357942607652855,0.300213401008105,1.19229390310658,0.233146024316792,0.975521740117808,"Gene3921"
158.033556012843,0.184651670839448,0.326052967264299,0.566324153982531,0.571173443657721,0.995298543208041,"Gene3922"
33.2450657717362,0.2133580747738,0.412746940129077,0.516922244673884,0.605210438577501,0.995298543208041,"Gene3923"
115.986535908548,0.419272927160034,0.3918673752587,1.06993578346052,0.284648214845382,0.977149621423155,"Gene3924"
328.497801023436,0.505712226827131,0.305212488118055,1.65691852894146,0.0975359477114778,0.929793156696703,"Gene3925"
24.6854290975961,-0.535523476726204,0.521348899712079,-1.02718827453545,0.304331818281916,0.977149621423155,"Gene3926"
336.042680420862,-0.207395578496495,0.414192737265744,-0.500722392829962,0.61656651041257,0.995298543208041,"Gene3927"
8.64828327826127,1.43785911400138,0.565132468794669,2.54428685909357,0.0109501116779427,0.769267290080118,"Gene3928"
16.3397812300328,0.0324529511909761,0.464591916733241,0.0698525954114047,0.944310984292933,0.99679148114792,"Gene3929"
52.3932784976552,0.134946071524142,0.41661693915941,0.323909228934417,0.746006756680611,0.995298543208041,"Gene3930"
7.5757741690315,-0.775174370399204,0.562765045064761,-1.37743873255312,0.16837664476213,0.966311336522134,"Gene3931"
73.7124948260727,-0.0739394172086633,0.340990597416765,-0.216837114480002,0.828335286831352,0.995298543208041,"Gene3932"
3.4099398180227,-0.426379049667187,0.827387030369378,-0.515332044154517,0.60632101044272,0.995298543208041,"Gene3933"
23.1678830526076,-0.192732357012518,0.452759702709207,-0.42568354882127,0.670338451175916,0.995298543208041,"Gene3934"
15.503950728596,-0.173836937001457,0.441161459652735,-0.394043797792977,0.693548703743085,0.995298543208041,"Gene3935"
175.749771746745,0.407376254799195,0.35491685028567,1.14780759062665,0.251048003063738,0.977149621423155,"Gene3936"
16.7011295977256,0.175596663246301,0.437101524636703,0.401729697447859,0.68788296619314,0.995298543208041,"Gene3937"
228.506559026623,-0.0978493021658579,0.344071068458341,-0.284386893104048,0.776113902314953,0.995298543208041,"Gene3938"
19.404220016594,-0.0692813865088738,0.476593158707273,-0.145367983663036,0.884420341456576,0.995298543208041,"Gene3939"
33.3969136599245,0.431323533815896,0.384157047674506,1.12277917697179,0.261531291157076,0.977149621423155,"Gene3940"
17.2136955048967,-0.19856690849218,0.477144065694568,-0.416157137369257,0.677295022049232,0.995298543208041,"Gene3941"
175.810296940491,-0.435774992851004,0.329986236051575,-1.32058536157518,0.186639656424121,0.966311336522134,"Gene3942"
7.56013564704319,-0.196959884957538,0.59029133703466,-0.333665552245726,0.738631946560562,0.995298543208041,"Gene3943"
111.368814127027,-0.106670776363962,0.409242660417583,-0.260654097632727,0.794359267375653,0.995298543208041,"Gene3944"
142.70413932269,-0.615059544228625,0.41533903147863,-1.48086141107177,0.138643507875484,0.966311336522134,"Gene3945"
31.6141002065073,-0.451500810214683,0.381337153856042,-1.18399375893262,0.236415533355308,0.975521740117808,"Gene3946"
11.316620809587,1.0567378748489,0.487859672396468,2.16606933231021,0.0303058892713158,0.769267290080118,"Gene3947"
124.576664279414,-0.44981244286138,0.345626913797766,-1.30143928295056,0.193108134762947,0.966311336522134,"Gene3948"
16.4539377031394,-0.118428078289869,0.434849786679583,-0.272342500600403,0.785358680007056,0.995298543208041,"Gene3949"
17.7915149082438,0.146234596635192,0.460716259595128,0.317407066908602,0.750934745630591,0.995298543208041,"Gene3950"
18.5061444196319,1.32835635317349,0.425881537539014,3.11907475691361,0.00181419925312256,0.619665196241461,"Gene3951"
23.1731731552356,0.0782224108018957,0.424128106169944,0.184431094435776,0.853675278360537,0.995298543208041,"Gene3952"
391.634277016385,0.47289957550024,0.427024345337641,1.10743001110704,0.268108056536918,0.977149621423155,"Gene3953"
105.670548957109,-0.165573156934453,0.379182995033626,-0.436657653700346,0.662359644074663,0.995298543208041,"Gene3954"
90.3971683737656,0.0522175632646362,0.34046557322694,0.153371052379003,0.878105671636862,0.995298543208041,"Gene3955"
22.5613763556185,0.314663880522994,0.460100485263424,0.683902518257154,0.494036723750791,0.995298543208041,"Gene3956"
215.836524555605,-0.111978056821289,0.382389709678354,-0.292837526709281,0.769646342799733,0.995298543208041,"Gene3957"
14.5019411770611,-0.133965866998213,0.443221461215522,-0.302254919314637,0.762457741213233,0.995298543208041,"Gene3958"
39.3434615334326,-0.128721290794304,0.384308401532865,-0.33494269258981,0.73766831626016,0.995298543208041,"Gene3959"
165.659815048454,-0.174045089814929,0.326334115883917,-0.533334032034946,0.593802373630966,0.995298543208041,"Gene3960"
21.4534287492141,0.0852898937004626,0.397864976151552,0.214368941256027,0.830259359967533,0.995298543208041,"Gene3961"
62.3193504967763,0.148010081611767,0.405475022035868,0.365028851514986,0.715089869655265,0.995298543208041,"Gene3962"
26.4286700373467,0.134922424970208,0.431628644243684,0.3125891359843,0.754592833025991,0.995298543208041,"Gene3963"
31.8309186966888,-0.0032949698451283,0.363176897858815,-0.00907263062313293,0.992761187407684,0.99679148114792,"Gene3964"
43.8846391793808,-0.299929915186497,0.374576982823373,-0.800716351885202,0.423295873926164,0.995298543208041,"Gene3965"
37.9453747547854,0.104483734051101,0.391480901194407,0.266893566792967,0.789551109998249,0.995298543208041,"Gene3966"
156.69234718004,0.269049472820582,0.377050616299291,0.713563275565684,0.475497273156097,0.995298543208041,"Gene3967"
106.572612823374,-0.836380689395806,0.384880999388686,-2.17308906057781,0.0297736148947674,0.769267290080118,"Gene3968"
180.047782289207,0.134402824036016,0.487600371138093,0.275641348923322,0.782823547630952,0.995298543208041,"Gene3969"
133.557773771907,-0.367865449104264,0.438792677673807,-0.83835822205249,0.401829545716258,0.995298543208041,"Gene3970"
270.267550488713,0.125025878491922,0.312190991827104,0.400478815100351,0.688803883954718,0.995298543208041,"Gene3971"
77.4529506988887,0.402254472806231,0.396105297356039,1.01552409294003,0.309856067825967,0.977149621423155,"Gene3972"
111.860958079003,-0.501630938270657,0.38322665076184,-1.30896673619497,0.190545618655316,0.966311336522134,"Gene3973"
42.9717526088744,-0.576692066739916,0.42345861972388,-1.36186167875376,0.17324154194463,0.966311336522134,"Gene3974"
38.7387179722065,0.0615776548571144,0.375830747575804,0.163844111356787,0.869853865040088,0.995298543208041,"Gene3975"
110.717001747153,0.151973258118028,0.328095235100959,0.463198613875829,0.643222009706223,0.995298543208041,"Gene3976"
42.1148666364826,-0.255259730341866,0.417999714189835,-0.610669628893429,0.541418316342991,0.995298543208041,"Gene3977"
33.5159868310161,0.205927422960728,0.467726565331069,0.440273095916559,0.659739324091657,0.995298543208041,"Gene3978"
65.3818773876376,-0.367968322946186,0.380088146100847,-0.968113125129019,0.332987875587474,0.977149621423155,"Gene3979"
325.164125021793,-0.726126621305266,0.388484629946538,-1.86912573968549,0.0616053227161001,0.856055940383494,"Gene3980"
11.5569793987344,0.573297351318658,0.499878413882081,1.14687359045253,0.251433869028711,0.977149621423155,"Gene3981"
26.4744551655761,-0.536941053854137,0.36516329920337,-1.47041352464914,0.141449790607428,0.966311336522134,"Gene3982"
74.8319369713235,0.0188086242673168,0.399607246202662,0.0470677757874741,0.962459210057166,0.99679148114792,"Gene3983"
71.6978615056655,-0.159036591576414,0.328972178219925,-0.483434776876768,0.628787060249544,0.995298543208041,"Gene3984"
9.39581593919709,0.0968384374789304,0.52809803224474,0.183372085420027,0.854506077090939,0.995298543208041,"Gene3985"
21.3224499520898,-0.0940315684751126,0.459495901596676,-0.204640712024563,0.837852844870351,0.995298543208041,"Gene3986"
12.9457258231151,-0.285840177218631,0.486674123060923,-0.587333831149367,0.556979523986337,0.995298543208041,"Gene3987"
45.1115287016727,0.316101366150614,0.405109210079125,0.780286792514232,0.435222085094611,0.995298543208041,"Gene3988"
191.615631005331,-0.129582969189806,0.376824548117191,-0.343881442536769,0.730935448436086,0.995298543208041,"Gene3989"
59.4363250080457,0.235942144345366,0.415820135848826,0.567413946570264,0.570432976690233,0.995298543208041,"Gene3990"
45.1066506342304,0.522315527177516,0.392478860379518,1.33081187270175,0.183250920341843,0.966311336522134,"Gene3991"
779.899097225771,0.0526154780467833,0.350343096001592,0.150182717020187,0.880620461060045,0.995298543208041,"Gene3992"
19.0273533036686,-0.199614656146579,0.441268737047617,-0.45236528080855,0.651005854476616,0.995298543208041,"Gene3993"
71.7289735006888,0.56846137889265,0.368233419898649,1.54375281594243,0.122648225924435,0.966311336522134,"Gene3994"
32.6163833715002,0.467171207624812,0.38000744814362,1.22937381861065,0.21893168182899,0.972952680885552,"Gene3995"
21.2290516847532,-0.112640304280362,0.417099415620374,-0.270056250529207,0.787116978976036,0.995298543208041,"Gene3996"
109.326768341516,0.32503976100008,0.372763612468341,0.871972880742716,0.383223172303308,0.995298543208041,"Gene3997"
29.6502630471157,-0.335841856547452,0.400416378011925,-0.838731567911666,0.401619959518141,0.995298543208041,"Gene3998"
150.735488052219,-0.243585015237353,0.344667290280968,-0.706725071122314,0.479737346202331,0.995298543208041,"Gene3999"
34.5879532066784,0.337273720014104,0.448414423271734,0.752147349662124,0.451962451894718,0.995298543208041,"Gene4000"
