"baseMean","log2FoldChange","lfcSE","stat","pvalue","padj","gene"
299.894775394533,-0.0156151358775634,0.364583355700796,-0.0428300843508017,0.965836982142937,0.999029830702133,"Gene0001"
27.4165148141635,1.0025907410875,0.428700388409356,2.3386746739547,0.0193522768510504,0.902188581367456,"Gene0002"
65.5471363396993,0.370448752420639,0.347813393330072,1.06507903239104,0.286840166824881,0.992301441166631,"Gene0003"
123.657692560238,-0.0159685347339008,0.308798047638108,-0.0517119031549544,0.958758252584879,0.999029830702133,"Gene0004"
101.961843722138,-0.140254034676411,0.341999283090517,-0.410100376260993,0.681732316716139,0.992301441166631,"Gene0005"
43.3766531251427,-0.11068786616413,0.362994990013049,-0.304929459660452,0.760419878028832,0.993191638049143,"Gene0006"
372.653461622755,0.497851428982196,0.356374612831632,1.39698904202642,0.162416866360157,0.973542272845075,"Gene0007"
55.5473942228106,-0.134532597278991,0.356820880277821,-0.377031179269117,0.706150434140524,0.992301441166631,"Gene0008"
669.731637273297,-0.611047295947959,0.408275073369303,-1.49665589648977,0.134482817645369,0.973542272845075,"Gene0009"
54.8915696177006,0.471482061963523,0.385867764414285,1.22187470798239,0.221755011258278,0.974639411704289,"Gene0010"
275.350643815815,0.0947782359536115,0.345850332900877,0.27404407900563,0.784050747642187,0.993191638049143,"Gene0011"
695.418673119937,0.890448748256406,0.296615998798793,3.0020253521808,0.00268189839650316,0.561626081962544,"Gene0012"
8.7668610788251,-0.0765600774051593,0.551407885175156,-0.138844727221918,0.88957284904944,0.997961010251689,"Gene0013"
32.0317408062338,-0.563560481855857,0.397986697119543,-1.4160284399822,0.156767177851703,0.973542272845075,"Gene0014"
38.5232007427564,-0.512932028376192,0.372083034821534,-1.3785418317237,0.168036061709643,0.973542272845075,"Gene0015"
87.0927436001011,-0.0180812953300303,0.379496719084837,-0.0476454588952274,0.96199880218708,0.999029830702133,"Gene0016"
44.0923773507932,0.273525004251026,0.407061469912126,0.671950121710298,0.501615450336973,0.992301441166631,"Gene0017"
1.94515565172632,-0.735312339590081,0.984049787374657,-0.747230830212177,0.454924237086129,0.992301441166631,"Gene0018"
2.31100874435068,0.463490113980595,0.946079322172024,0.489906187693128,0.624200284269828,0.992301441166631,"Gene0019"
256.012479880133,-0.07834442049906,0.313201215598397,-0.250140857050559,0.802478420691477,0.994137348710223,"Gene0020"
37.121929930647,1.03590601314847,0.371293232462367,2.78999432949122,0.00527089647025974,0.643108662138178,"Gene0021"
6.09287654456131,-0.701240770766194,0.594249111228175,-1.1800451317746,0.237982265297407,0.992301441166631,"Gene0022"
40.8188758376314,0.0816580812780343,0.368525380118554,0.221580617464569,0.824640372458093,0.997961010251689,"Gene0023"
208.603147391278,-0.652967968955189,0.328653400737681,-1.98679815115123,0.0469447695987123,0.918998076200182,"Gene0024"
540.583526645864,0.0301033944266085,0.332649013510639,0.0904959678338132,0.927893098010241,0.997961010251689,"Gene0025"
31.7956462095387,-0.228753387148252,0.381213456722231,-0.600066401420167,0.548461983207977,0.992301441166631,"Gene0026"
40.0099646089849,-0.30848770782467,0.442288678722791,-0.697480452620895,0.485502168311718,0.992301441166631,"Gene0027"
5.49680978476173,1.15407569673201,0.657458867705846,1.75535802073683,0.0791980878221304,0.937046219552397,"Gene0028"
64.9826689832208,-0.0458270602837752,0.381365270599797,-0.120165793313324,0.904351814364581,0.997961010251689,"Gene0029"
22.5596559156095,-0.101602955780318,0.400375765742348,-0.253768995213616,0.799674027722365,0.993191638049143,"Gene0030"
88.3194697210666,0.928603414367527,0.40039179618645,2.31923686552035,0.0203821965746598,0.902188581367456,"Gene0031"
132.033895410864,-0.166622286932993,0.368475830158965,-0.452193260168815,0.651129763156927,0.992301441166631,"Gene0032"
161.601136219132,-0.882991274172319,0.295533748023515,-2.9877849148452,0.00281007236899929,0.561626081962544,"Gene0033"
24.0048417880429,-0.185222064112319,0.410861905124494,-0.450813428556235,0.652124022121086,0.992301441166631,"Gene0034"
113.509128579965,0.646979353851779,0.377464764012026,1.71401257954548,0.0865264155797949,0.954626836533261,"Gene0035"
9.15275161981853,0.507698366350829,0.65211306809847,0.778543463070373,0.436248694348569,0.992301441166631,"Gene0036"
18.2779200303749,0.313115467064293,0.417375951953423,0.750200066867375,0.453134218548851,0.992301441166631,"Gene0037"
16.4731477539727,-0.184689426401631,0.447152830521435,-0.413034233030037,0.679581532801335,0.992301441166631,"Gene0038"
2.81415609031888,0.386615022429891,0.856470337569568,0.451405034676391,0.651697655349426,0.992301441166631,"Gene0039"
52.5046627944812,0.373623115930276,0.352812695911206,1.05898432868274,0.289606916834362,0.992301441166631,"Gene0040"
64.7362802730826,-0.416253189771507,0.404589688377968,-1.0288279749301,0.303560518500607,0.992301441166631,"Gene0041"
38.1684776905563,0.481242713453857,0.38678292664578,1.2442191221501,0.213418927857418,0.973542272845075,"Gene0042"
138.550490334523,-0.12461880635168,0.38102258754195,-0.327064091280309,0.743619410514627,0.993191638049143,"Gene0043"
22.3062383548236,-0.5532991728175,0.415725801720699,-1.33092334064275,0.183214236316651,0.973542272845075,"Gene0044"
7.43810126133606,0.052205938394521,0.552850595809192,0.0944304641982136,0.924767216990841,0.997961010251689,"Gene0045"
82.2268754505001,0.118190688803428,0.334666833393746,0.353159252755629,0.723969053736314,0.993191638049143,"Gene0046"
19.839546721022,0.595087141639142,0.431331356765651,1.37965193650983,0.167693838125747,0.973542272845075,"Gene0047"
254.114506505274,1.28285217036667,0.313284711410932,4.09484447737369,4.22451869128666e-05,0.0421818191324973,"Gene0048"
32.2821570176308,-0.401006102446541,0.365610948238854,-1.09681098002723,0.27272402934695,0.992301441166631,"Gene0049"
100.596496247114,0.0295197194532397,0.363882852926604,0.0811242387922959,0.935343149446588,0.997961010251689,"Gene0050"
73.8568625649409,-0.204993832930078,0.343873695344918,-0.596131183353416,0.551087593727195,0.992301441166631,"Gene0051"
22.3254559757576,-0.327837196447494,0.51362313375274,-0.638283548585871,0.523289119155697,0.992301441166631,"Gene0052"
443.996140845362,0.508953921711346,0.35386361269018,1.43827707472413,0.150355453911268,0.973542272845075,"Gene0053"
90.1261647366435,-0.339054854148782,0.486216533492832,-0.697333041542447,0.485594394644746,0.992301441166631,"Gene0054"
51.2182630782814,0.159633392380077,0.521215298020672,0.306271502364356,0.75939793513693,0.993191638049143,"Gene0055"
87.6661823005698,0.609396402050905,0.455751222223444,1.33712510759243,0.181181802854773,0.973542272845075,"Gene0056"
117.83513841454,-0.0995098032525684,0.358852306791558,-0.27730016324061,0.781549634227782,0.993191638049143,"Gene0057"
57.8100721418518,-0.0873507623687382,0.404216198524492,-0.216099114007786,0.828910490317957,0.997961010251689,"Gene0058"
68.9163184315846,0.226180708279551,0.337564901386132,0.670036213334954,0.502834705401163,0.992301441166631,"Gene0060"
45.3675249315429,0.363781241108378,0.363133370767812,1.00178411127349,0.316447872673218,0.992301441166631,"Gene0061"
58.0652258123369,-0.267784384150662,0.383860348816659,-0.697608869934523,0.485421832974167,0.992301441166631,"Gene0062"
112.201809467303,-0.379641711353292,0.483724142176234,-0.784831018864008,0.432552650770094,0.992301441166631,"Gene0063"
241.773258497377,0.270337072715048,0.377724375186657,0.71569930476808,0.474177040195365,0.992301441166631,"Gene0064"
22.1842330774199,0.418482978174773,0.404419091800481,1.03477552533853,0.300773755365967,0.992301441166631,"Gene0065"
214.92677911365,0.301789787698009,0.352600377741283,0.855897516704999,0.392054468679507,0.992301441166631,"Gene0066"
92.9284795250228,0.425200432911307,0.297934087411185,1.42716275470849,0.153532987379265,0.973542272845075,"Gene0067"
239.316927821879,0.3446299214246,0.39144093291024,0.880413601261331,0.378635290969437,0.992301441166631,"Gene0068"
157.790388794841,0.148633404922905,0.401347924782282,0.370335551139409,0.71113248789723,0.992301441166631,"Gene0069"
106.006127474674,0.176117870925742,0.33180421031934,0.530788535673612,0.595565325343776,0.992301441166631,"Gene0070"
11.3134252086264,-0.214099224079416,0.519261798509122,-0.412314606416506,0.680108844074995,0.992301441166631,"Gene0071"
46.7043070844846,-0.301409784199181,0.411711864864156,-0.732089137869832,0.464114163196354,0.992301441166631,"Gene0072"
138.515465425743,-0.31681531218354,0.326306068397497,-0.970914558038817,0.331590828028993,0.992301441166631,"Gene0073"
17.9472871472821,-0.0900723522909859,0.513589002788,-0.175378272903102,0.860782411706072,0.997961010251689,"Gene0074"
26.2258973104102,0.0736444786608838,0.412112838648624,0.178699792276247,0.858173432298444,0.997961010251689,"Gene0075"
89.2296358634655,0.440369765505796,0.371087072264012,1.18670198565282,0.235345191534786,0.990483345616371,"Gene0076"
124.076106820452,-0.295334950487578,0.328381906742176,-0.899364259796003,0.36845866965954,0.992301441166631,"Gene0077"
104.631269231703,0.474053961999042,0.353869906166756,1.33962779467224,0.180366382822957,0.973542272845075,"Gene0078"
16.4258938193623,-0.105809086091327,0.48207986918977,-0.219484556094741,0.826272609035707,0.997961010251689,"Gene0079"
12.5219989038531,0.598336504250492,0.509711953465847,1.17387183130007,0.240446366810371,0.992301441166631,"Gene0080"
328.585304191126,-0.28996858168842,0.358569673478842,-0.808681277686273,0.418698500012592,0.992301441166631,"Gene0081"
77.1318119447856,-0.729557686527771,0.473043253026323,-1.54226422607316,0.123009398423611,0.973542272845075,"Gene0082"
48.912977059386,0.39218796198365,0.387207422421616,1.01286271717336,0.311125738708108,0.992301441166631,"Gene0083"
48.6612359808739,-0.158556454883319,0.433968566116875,-0.365363916336321,0.714839772752576,0.992301441166631,"Gene0084"
11.0786083110013,-0.34711959058454,0.528153165984923,-0.657232812260466,0.511031230421831,0.992301441166631,"Gene0085"
125.888304511253,0.267020206022493,0.356245428572847,0.749540021024835,0.453531786310455,0.992301441166631,"Gene0086"
37.7800919226475,0.377125001337872,0.371647357140926,1.01473882187428,0.310230343145507,0.992301441166631,"Gene0087"
41.5823930254872,0.491044554959243,0.362602411933532,1.35422307960063,0.175665217900167,0.973542272845075,"Gene0088"
177.458108713286,-0.200417372640045,0.309322595374722,-0.647923480653761,0.517034442973294,0.992301441166631,"Gene0089"
129.589769303583,0.258398425533492,0.422085435636442,0.612194602601878,0.540409012185792,0.992301441166631,"Gene0090"
220.216183121837,-0.2958273478435,0.432465184727837,-0.684048932238727,0.493944267520172,0.992301441166631,"Gene0091"
21.968500016993,0.460454511783362,0.449440104953755,1.02450695144515,0.305595889153708,0.992301441166631,"Gene0092"
110.712560364042,0.12132130979817,0.302855052113509,0.400591995911954,0.68872053959109,0.992301441166631,"Gene0093"
237.974631869797,-0.112920461807835,0.394500260898406,-0.286236722760786,0.774696819135726,0.993191638049143,"Gene0094"
13.0282542670972,-0.455755124088785,0.500656180158559,-0.910315586126285,0.362656101106887,0.992301441166631,"Gene0095"
18.6355133974412,0.136845971767864,0.440305683692599,0.310797649987646,0.755954456314116,0.993191638049143,"Gene0096"
14.2842261817605,1.00687921488304,0.4745740624063,2.12164822025401,0.0338672898577639,0.902188581367456,"Gene0097"
6.70963454102963,-0.257221403721224,0.597917563895629,-0.430195430362243,0.667053485803574,0.992301441166631,"Gene0098"
49.5034509975681,0.0615325504948708,0.327738285492764,0.18774904617065,0.851073380584532,0.997961010251689,"Gene0099"
122.836193798456,-0.00228183454591409,0.404601086889455,-0.00563971432567489,0.995500182866032,0.999029830702133,"Gene0100"
275.628385865734,0.429321681096041,0.34199310905438,1.25535184695132,0.209351061514642,0.973542272845075,"Gene0101"
176.168701351495,-0.0624025841092106,0.369505504798373,-0.168881338163721,0.865889978334558,0.997961010251689,"Gene0102"
15.2220393139507,0.492093834702038,0.506024239442481,0.972470874605155,0.33081634758701,0.992301441166631,"Gene0103"
375.311830661986,0.198067896667075,0.349231094849221,0.567154241384463,0.570609393619649,0.992301441166631,"Gene0104"
17.4219175830091,-0.137074598536477,0.467282622555475,-0.293344096099365,0.769259151517908,0.993191638049143,"Gene0105"
56.4151824807501,-0.0270374311597482,0.342619372275953,-0.0789139008111067,0.937101106475555,0.997961010251689,"Gene0106"
35.6666061691752,0.799644906809229,0.375340138806744,2.13045401792466,0.0331341481934481,0.902188581367456,"Gene0107"
62.8019542070298,0.133610624735358,0.467454883443977,0.285825711672923,0.775011614220993,0.993191638049143,"Gene0108"
63.4240908353081,-0.527813633602948,0.368843444698795,-1.43099637851493,0.152431253049972,0.973542272845075,"Gene0109"
65.1675662272036,-0.308196007506579,0.390953596008334,-0.788318641018484,0.430510346641121,0.992301441166631,"Gene0110"
42.3187339908995,-0.080539483636257,0.430225786209982,-0.187202827486839,0.851501608016381,0.997961010251689,"Gene0111"
57.5408985066871,-0.589067142905584,0.320508225806745,-1.83791583327652,0.0660748086230606,0.937046219552397,"Gene0112"
25.7029670734181,-0.36857719421844,0.398006780808657,-0.92605757487241,0.354416060158056,0.992301441166631,"Gene0113"
29.0425995656034,0.0769782087980253,0.448447767561105,0.171654793191799,0.863708927980468,0.997961010251689,"Gene0114"
5.96671310035443,0.418048616920288,0.664190044873451,0.629411145419893,0.529079923184521,0.992301441166631,"Gene0115"
42.5689055166227,0.129738790844899,0.37137712698712,0.349345130373091,0.726830220953098,0.993191638049143,"Gene0116"
36.1815653782979,-0.103062535826673,0.373586748810663,-0.275873103515527,0.782645532840198,0.993191638049143,"Gene0117"
1382.6360213405,-0.224408220380835,0.299299535287645,-0.749778044811079,0.453388393910996,0.992301441166631,"Gene0118"
10.607560828672,-0.025862722071518,0.512530165161532,-0.0504608778750943,0.959755124598922,0.999029830702133,"Gene0119"
39.9154575329007,0.0329473539900541,0.410484342147162,0.0802645816347416,0.936026827058297,0.997961010251689,"Gene0120"
7.20099413615055,-0.23791062829924,0.558600273237457,-0.425904962273632,0.670177098895697,0.992301441166631,"Gene0121"
8.03568397025794,-0.261071779071767,0.568934587745712,-0.458878374939746,0.646321508745855,0.992301441166631,"Gene0122"
61.0366478396864,0.01903256926439,0.350388540449091,0.0543184695481081,0.956681434704406,0.999029830702133,"Gene0123"
15.8545781867035,0.731440667133899,0.479276758901396,1.52613422943878,0.126976439004485,0.973542272845075,"Gene0124"
47.2586222922853,-0.0986279570572594,0.360877794513687,-0.273300154669169,0.784622496447636,0.993191638049143,"Gene0125"
40.6877685462098,0.00457608591513719,0.409449945284414,0.0111761790857208,0.991082884894107,0.999029830702133,"Gene0126"
23.3821813176766,-0.173366757825182,0.454435309321706,-0.381499311934962,0.702832781671708,0.992301441166631,"Gene0127"
3.7833832811283,0.667794195845069,0.733589502576752,0.910310457687064,0.362658804952649,0.992301441166631,"Gene0128"
9.02807735577223,-0.306364236761946,0.573733628872575,-0.533983405093357,0.593353015498264,0.992301441166631,"Gene0129"
65.0486377593406,0.394614653930319,0.332342515444688,1.18737337412972,0.235080377625578,0.990483345616371,"Gene0130"
91.6929155040994,-0.279010045374391,0.344034984440362,-0.810993236133396,0.417369555061841,0.992301441166631,"Gene0131"
21.2112833678776,-0.566182960937986,0.432642497644052,-1.30866238065175,0.190648740107811,0.973542272845075,"Gene0132"
54.3108787205607,-0.203282171622814,0.401381767219105,-0.506455918591457,0.61253662773301,0.992301441166631,"Gene0133"
166.886775914191,0.190534648375172,0.418236659249874,0.455566589301149,0.648701673235519,0.992301441166631,"Gene0134"
248.630972088514,-0.0050467559299006,0.379821754723034,-0.0132871692238395,0.989398684762139,0.999029830702133,"Gene0135"
14.7419307304888,0.0743313692793858,0.442455640631317,0.167997336802682,0.86658537422699,0.997961010251689,"Gene0136"
46.2811523538055,0.230766161477752,0.332594485493895,0.69383640301513,0.487784810508002,0.992301441166631,"Gene0137"
166.230863008381,-0.607235062656857,0.400738663804675,-1.51528943299774,0.12969912316338,0.973542272845075,"Gene0138"
35.3748798006533,0.52951653678311,0.360920053293988,1.46712972014273,0.142340770685048,0.973542272845075,"Gene0139"
45.2024029356082,-0.173382294393072,0.361947634936351,-0.479025907776855,0.631920197817841,0.992301441166631,"Gene0140"
55.1678880611613,0.00821228540500361,0.345123281772705,0.0237952228630352,0.981015950575054,0.999029830702133,"Gene0141"
18.9079999251708,0.325548745520701,0.449843090729163,0.723693999596638,0.469253617771332,0.992301441166631,"Gene0142"
36.8710598540616,0.374036722507855,0.400464825735981,0.93400643070323,0.350300575825917,0.992301441166631,"Gene0143"
57.6117911472217,1.08102922410072,0.383247479409327,2.82070798160719,0.0047917800469657,0.643108662138178,"Gene0144"
39.2776611576458,0.385232111744384,0.368774696862884,1.04462728875246,0.296195262236868,0.992301441166631,"Gene0145"
172.665967907507,-0.867376245136621,0.380956772439438,-2.27683639690251,0.0227959971567519,0.902188581367456,"Gene0146"
32.9858140182974,-0.0496818732678865,0.479901397462324,-0.103525168983878,0.917546174851591,0.997961010251689,"Gene0147"
33.2408747192019,-0.499655492868795,0.384903460608055,-1.2981319837433,0.194241985444025,0.973542272845075,"Gene0148"
126.559711753315,-0.317419213690722,0.348288151528428,-0.911369543574076,0.362100695368576,0.992301441166631,"Gene0149"
12.6637025835241,-0.105761346348362,0.493097814009562,-0.21448350275248,0.830170030527406,0.997961010251689,"Gene0150"
48.2572293904732,0.297280898534592,0.366705276523552,0.810680722548858,0.417549046638688,0.992301441166631,"Gene0151"
6.21520002373937,-0.279748936842084,0.599173852077467,-0.466891096585963,0.640577795601183,0.992301441166631,"Gene0152"
187.367618239964,0.85263545123858,0.310073258026235,2.74978712019867,0.00596339927513444,0.643108662138178,"Gene0153"
41.5247806015974,-0.244017906202652,0.402586842652113,-0.606124891203944,0.544431823304843,0.992301441166631,"Gene0154"
37.1636789619606,1.2352365777369,0.418293718205104,2.95303640474759,0.00314664851803228,0.571259735500951,"Gene0155"
10.6117343843618,0.106016785656427,0.486962690568994,0.217710283990239,0.827654850406408,0.997961010251689,"Gene0156"
55.6925153727846,-0.50032375786186,0.357342965018395,-1.40012203076701,0.161476778874042,0.973542272845075,"Gene0157"
20.769157702397,0.663263844627999,0.507976281736978,1.30569845182541,0.191655124683795,0.973542272845075,"Gene0158"
24.0865700969561,-0.899433577881155,0.443666691372759,-2.02727316557887,0.0426344842381837,0.902188581367456,"Gene0159"
261.18078991558,0.0913618965723911,0.332947534254418,0.274403283319041,0.783774720093874,0.993191638049143,"Gene0160"
46.1831379770795,0.121584076971998,0.403244140298305,0.301514801633706,0.763021964794686,0.993191638049143,"Gene0161"
14.3519217630843,0.595970467775268,0.488056919374688,1.22110853082227,0.222044930148157,0.974639411704289,"Gene0162"
51.7772541381299,0.505651568762725,0.43919378416006,1.15131768025762,0.24960156611009,0.992301441166631,"Gene0163"
28.0864608664148,0.540293884616136,0.47705968264617,1.13254987639957,0.257403327854484,0.992301441166631,"Gene0164"
132.590049817428,-0.639265678317597,0.397715509392162,-1.60734410205577,0.107978904845783,0.973542272845075,"Gene0165"
256.146807817112,0.405894864286143,0.285179209195719,1.42329753080834,0.154649922483302,0.973542272845075,"Gene0166"
17.6866459326561,0.305618923752863,0.45999451978387,0.66439687998122,0.506436329242976,0.992301441166631,"Gene0167"
101.515850477544,-0.104903487591426,0.416269074277114,-0.252008842534362,0.801034228988687,0.993191638049143,"Gene0168"
52.5498319692157,-0.0939809852066825,0.362757022640146,-0.259074199370942,0.795577991261651,0.993191638049143,"Gene0169"
143.938873758135,-0.23050394702763,0.367590331608237,-0.627067491190958,0.530614995568891,0.992301441166631,"Gene0170"
36.6177194176067,-0.0877785735746323,0.459246504915253,-0.191136073187602,0.848418986278707,0.997961010251689,"Gene0171"
148.041958830814,0.428704550546252,0.349249763798423,1.22750133281032,0.219634221179861,0.974639411704289,"Gene0172"
6.57802808952259,-0.534050752385429,0.613550528885174,-0.870426684100172,0.384067269380509,0.992301441166631,"Gene0173"
501.302578110198,-0.203238572013716,0.332969151113078,-0.61038258749891,0.54160839995108,0.992301441166631,"Gene0174"
164.512124240064,0.0976955574298535,0.348022707749929,0.280716043103867,0.778928202722359,0.993191638049143,"Gene0175"
43.5296033025565,0.257361548909865,0.422195367501827,0.609579281820877,0.542140539397159,0.992301441166631,"Gene0176"
7.68146425524746,1.21500954807128,0.563036977570213,2.15795693084787,0.030931180524746,0.902188581367456,"Gene0177"
148.189080464404,0.136719466385881,0.347994928248618,0.392877755644199,0.694409771694229,0.992301441166631,"Gene0178"
102.847212046475,-0.0460404112512869,0.337211500475745,-0.136532743356416,0.891400141447182,0.997961010251689,"Gene0179"
72.9909477912892,-0.552286721850148,0.487449898729606,-1.13301228144579,0.257209095840298,0.992301441166631,"Gene0180"
50.075202026226,-0.214803033729615,0.391694652887252,-0.548394092557208,0.58342133186181,0.992301441166631,"Gene0181"
24.3737834885433,-0.701179600193061,0.385135717514163,-1.8206039281913,0.0686670852841834,0.937046219552397,"Gene0182"
90.1689583790637,-0.128443698328127,0.337946484941603,-0.380071117917744,0.703892624482926,0.992301441166631,"Gene0183"
87.4468472611882,0.457272336954243,0.322017617612895,1.42002273150142,0.155601063377442,0.973542272845075,"Gene0184"
31.4965148548943,-0.322037241301431,0.481912107653063,-0.668248911341468,0.503974718675004,0.992301441166631,"Gene0185"
12.2965121254649,-0.310674472602086,0.489760868968998,-0.634339107687576,0.52585953946118,0.992301441166631,"Gene0186"
137.272730374495,-0.163961331714326,0.295574914668977,-0.554720050914846,0.579086159249918,0.992301441166631,"Gene0187"
124.823201503958,-0.230679524879643,0.368998937616716,-0.62514956376176,0.531872900707746,0.992301441166631,"Gene0188"
14.3819927459289,-0.0452836856504818,0.443093600474662,-0.102198915989696,0.918598788166629,0.997961010251689,"Gene0189"
8.14472864271672,-0.656257985746156,0.601285305326601,-1.09142528502288,0.275085791479825,0.992301441166631,"Gene0190"
74.4300867285494,-0.199159084724722,0.426180005978068,-0.467312126169923,0.640276581959561,0.992301441166631,"Gene0191"
29.3475555422492,0.137721293261497,0.397113518142547,0.346805855176305,0.728737178036549,0.993191638049143,"Gene0192"
78.852873134512,0.39610716709651,0.41750978737733,0.948737440587286,0.34275416664171,0.992301441166631,"Gene0193"
9.76287906899762,0.668166379674031,0.524729355465577,1.27335429724755,0.202892347293652,0.973542272845075,"Gene0194"
23.6298838472759,-0.387238434963755,0.480428419038683,-0.806027328147245,0.420227091909015,0.992301441166631,"Gene0195"
204.24234511512,-0.478456038435301,0.336179074473964,-1.42321778707959,0.154673030868978,0.973542272845075,"Gene0196"
93.4071720298138,-0.492465929304863,0.319190086973819,-1.54286097658558,0.122864510847834,0.973542272845075,"Gene0197"
141.739303201362,-0.0346531141057777,0.344936907795013,-0.100462181119717,0.919977405992498,0.997961010251689,"Gene0198"
394.917029750544,0.377974745713114,0.367875310713114,1.02745341887832,0.304207008734559,0.992301441166631,"Gene0199"
73.9434433252747,0.122560682202288,0.405336602605808,0.302367665328954,0.762371801141232,0.993191638049143,"Gene0200"
4.38189235839599,-0.318822626007783,0.705461881146463,-0.451934589987565,0.651316104760514,0.992301441166631,"Gene0201"
79.3103226097171,0.409967260960353,0.447508411503503,0.916110737635027,0.359608816513931,0.992301441166631,"Gene0202"
193.677657933417,0.214132827481885,0.285108845722318,0.751056414750596,0.452618704809654,0.992301441166631,"Gene0203"
603.343723888965,-0.597986745558658,0.339761084243577,-1.7600213011151,0.0784041949806051,0.937046219552397,"Gene0204"
10.7387275461925,-0.73130999593623,0.527100327425882,-1.38742087205222,0.165313464134474,0.973542272845075,"Gene0205"
17.1540521736076,-0.859683290510849,0.476937806015684,-1.80250607032519,0.071465820508175,0.937046219552397,"Gene0206"
21.3682661814242,0.0250616748909465,0.432744453996643,0.0579133358255376,0.953817660499322,0.999029830702133,"Gene0207"
13.2890707075553,-0.128408311716449,0.503192893078532,-0.255187053479327,0.79857862995641,0.993191638049143,"Gene0208"
26.1872264525813,0.285178218226062,0.435920182899871,0.654198244111964,0.512984092688888,0.992301441166631,"Gene0209"
43.8673612451855,0.523686228233974,0.398539602043058,1.31401302542926,0.188841820912778,0.973542272845075,"Gene0210"
12.4668358372611,0.177071360601779,0.572672627577735,0.309201718529394,0.757168086718095,0.993191638049143,"Gene0211"
579.835135762933,0.249955783742588,0.350185920452633,0.713780221145122,0.475363091905783,0.992301441166631,"Gene0212"
77.7568931930531,0.195162150196129,0.400069600064685,0.487820494645368,0.625676993358616,0.992301441166631,"Gene0213"
60.3553226889564,-0.871029646369134,0.524419715018734,-1.66093993308016,0.0967255110910306,0.973542272845075,"Gene0214"
85.1787550700467,-0.098744526587107,0.357109482359743,-0.276510514183531,0.78215598518471,0.993191638049143,"Gene0215"
56.5978165379009,0.294037661916571,0.361970828663313,0.812324194749047,0.416605630982046,0.992301441166631,"Gene0216"
43.8572312216453,-0.254731143338231,0.350003718456233,-0.727795534463969,0.466738758506398,0.992301441166631,"Gene0217"
373.718764195709,0.988917242107685,0.360330469747829,2.74447299113995,0.00606081415715806,0.643108662138178,"Gene0218"
55.3255430127103,0.323236685898812,0.342991408820156,0.942404613021365,0.34598552636731,0.992301441166631,"Gene0219"
11.4712694966943,-0.553888863272808,0.53604122894732,-1.03329526417313,0.301465742850261,0.992301441166631,"Gene0220"
92.3200105548427,-0.240223504523184,0.381793339281564,-0.629197735547778,0.529219611162375,0.992301441166631,"Gene0221"
35.8078435052358,0.341411391590443,0.398436935621844,0.856876863229558,0.391512940738328,0.992301441166631,"Gene0222"
33.715945471371,0.0348047446217602,0.403180097856033,0.0863255522949653,0.931207626497964,0.997961010251689,"Gene0223"
12.1748287871155,-0.0576207549376983,0.547894439647054,-0.105167621293651,0.916242802676302,0.997961010251689,"Gene0224"
72.173197361135,-0.762848971189175,0.412118528191136,-1.85104264672947,0.0641634180480183,0.937046219552397,"Gene0225"
48.8126050441929,0.111402288931753,0.354906864467339,0.313891615195865,0.753603358886036,0.993191638049143,"Gene0226"
94.2792557614548,-0.16047916694362,0.426900148918484,-0.375917336525135,0.706978351561831,0.992301441166631,"Gene0227"
44.0890823101868,-0.285953116930875,0.440055298689711,-0.64981177997928,0.515813808776987,0.992301441166631,"Gene0228"
26.2088750367401,-0.441268603297768,0.420886733980677,-1.04842601980899,0.2944423706424,0.992301441166631,"Gene0229"
293.362449904848,-0.248598556190164,0.304195254266552,-0.817233512697502,0.413794994282865,0.992301441166631,"Gene0230"
36.6543661734022,-0.120818876281637,0.358594924557851,-0.336922995858369,0.736174949616701,0.993191638049143,"Gene0231"
184.882605240351,-0.191940448034335,0.3500051156287,-0.548393264737173,0.583421900154517,0.992301441166631,"Gene0232"
12.1836243347903,0.710869158306096,0.485828533730707,1.46320997831743,0.143409931257292,0.973542272845075,"Gene0233"
39.5406606724886,-0.332404798776613,0.409432158209806,-0.811867832341293,0.416867474201208,0.992301441166631,"Gene0234"
41.147142988907,0.224734760317703,0.348665543249078,0.644556838692713,0.519214412715941,0.992301441166631,"Gene0235"
34.8452970572019,-0.199245112187709,0.407939763849513,-0.48841797207396,0.625253814488816,0.992301441166631,"Gene0236"
301.765052671816,-0.275280549903899,0.34360451910891,-0.801155207788885,0.423041798619924,0.992301441166631,"Gene0237"
46.7876297228472,-0.388501266031634,0.36357484393194,-1.06855925957397,0.285268314504151,0.992301441166631,"Gene0238"
75.3808922833578,-1.04249223519028,0.32005408273551,-3.2572377339482,0.00112502167057009,0.374444712688078,"Gene0239"
21.9400444525945,0.0370486046880809,0.425554993667281,0.0870594993347612,0.930624217954724,0.997961010251689,"Gene0240"
21.9522820899028,-0.121111708215865,0.416011781495237,-0.291125669038898,0.770955208712368,0.993191638049143,"Gene0241"
137.989591785517,-0.177688880296863,0.372385369650759,-0.477163967165275,0.633245367395898,0.992301441166631,"Gene0242"
247.483647935383,0.0274167351272837,0.391309104725425,0.0700641380335926,0.944142610231493,0.997961010251689,"Gene0243"
262.368306767627,-0.66671302075622,0.291561913076144,-2.2866944921647,0.0222136614140373,0.902188581367456,"Gene0244"
11.8370844508527,0.155768769783403,0.49059566650824,0.317509469441649,0.750857055345385,0.993191638049143,"Gene0245"
615.394211335323,0.303282526195192,0.423079831139356,0.716844680065346,0.473469939225656,0.992301441166631,"Gene0246"
188.637371653617,0.383308843834508,0.352612231659494,1.08705487053171,0.277012560805978,0.992301441166631,"Gene0247"
44.0553835486665,0.130265377390461,0.406504072203406,0.320452822734034,0.748625088155895,0.993191638049143,"Gene0248"
149.996953432225,0.293451433122051,0.306381242334561,0.957798300202756,0.338164476499809,0.992301441166631,"Gene0249"
15.6163068620894,0.988145923202899,0.464881416424152,2.12558706003711,0.0335376579954368,0.902188581367456,"Gene0250"
16.8149929099995,0.212246166193248,0.454050257345793,0.467450822369223,0.640177368682159,0.992301441166631,"Gene0251"
59.9553398675546,-0.314810568613321,0.409821771657551,-0.768164578812027,0.442389414384076,0.992301441166631,"Gene0252"
8.41008230464787,-0.119230678533318,0.553280688992147,-0.215497632405187,0.829379357771342,0.997961010251689,"Gene0253"
75.1781384936088,0.167372630591886,0.39413780656744,0.42465510236011,0.671088117934583,0.992301441166631,"Gene0254"
259.340422084833,0.425548352716256,0.357283824234538,1.19106526478765,0.233627964659331,0.989512291462746,"Gene0255"
17.0610114092886,-0.201359866758627,0.447028865073674,-0.450440413339845,0.65239291028489,0.992301441166631,"Gene0256"
23.8850937602248,-0.439828107361751,0.40068132454102,-1.09770054260845,0.272335272758416,0.992301441166631,"Gene0257"
56.9437679250006,-0.930937151265024,0.414232517442374,-2.24737825270931,0.0246158636474506,0.902188581367456,"Gene0258"
12.6764063823548,-0.0505383212076372,0.474465410861524,-0.106516344607441,0.915172688059499,0.997961010251689,"Gene0259"
38.1317472401209,-0.838002966004095,0.355354235067868,-2.358218597969,0.0183628761283999,0.902188581367456,"Gene0260"
149.706369537824,-0.473361845757575,0.292130414339522,-1.62037851083667,0.10515099310739,0.973542272845075,"Gene0261"
196.756749222695,-0.278025811726099,0.378745468142553,-0.734070332483701,0.462905873814011,0.992301441166631,"Gene0262"
109.283826633482,-0.456994239823972,0.435198413777115,-1.05008250342112,0.29368018226867,0.992301441166631,"Gene0263"
4.74637334378182,-0.518751215913951,0.661897862641553,-0.783733027696567,0.43319677850967,0.992301441166631,"Gene0264"
55.1659996210556,-0.256738861894843,0.350933301136109,-0.731588769329322,0.464419605048383,0.992301441166631,"Gene0265"
245.316500522188,-0.148609486984527,0.3843289207539,-0.386672662294094,0.698998557197875,0.992301441166631,"Gene0266"
141.111293123181,-0.428391558107462,0.35534330458672,-1.20557092979619,0.227982973668081,0.982460184680701,"Gene0267"
30.5435544812028,0.103204254992651,0.43419322520593,0.237691997482694,0.812119990902186,0.995329528434693,"Gene0268"
2.30672973498714,1.11450596975445,1.0053366340576,1.10858983150373,0.267607166740861,0.992301441166631,"Gene0269"
45.4803956537208,0.0762130748021464,0.386351841183124,0.197263392271561,0.843621425178583,0.997961010251689,"Gene0270"
96.1948713289695,0.237365154508478,0.310730489924725,0.763893992398303,0.444930417806946,0.992301441166631,"Gene0271"
49.6630012255217,-0.329538822281319,0.41323211214395,-0.797466635812958,0.425180072386852,0.992301441166631,"Gene0272"
66.3248645238303,0.312369977307575,0.355966751812955,0.877525711928602,0.380201159497916,0.992301441166631,"Gene0273"
115.291395589511,-0.282827408148986,0.311444243363334,-0.908115703455263,0.363817094597075,0.992301441166631,"Gene0274"
31.7036815342249,0.184307950600411,0.430692506832113,0.427933961414971,0.668699200565657,0.992301441166631,"Gene0275"
280.869479612383,0.0328431489279915,0.325669216341742,0.100848183616862,0.919670976788366,0.997961010251689,"Gene0276"
110.239604585133,0.048676660349751,0.38214736385812,0.127376674428201,0.898642276956667,0.997961010251689,"Gene0277"
14.3859736204534,0.700935997922909,0.473467942419649,1.48042968725779,0.138758612224511,0.973542272845075,"Gene0278"
223.515092864858,-0.116492757819164,0.395516946066227,-0.29453291187088,0.768350718086456,0.993191638049143,"Gene0279"
213.222511863363,0.0495865145519767,0.367731880437091,0.134844209028158,0.892735051269466,0.997961010251689,"Gene0280"
126.920057962933,0.118078892987546,0.318309154951464,0.370956634927922,0.710669831170422,0.992301441166631,"Gene0281"
6.47632545510104,-0.0467510620607732,0.629817881033451,-0.0742294931100727,0.940827778471765,0.997961010251689,"Gene0282"
24.2695457586193,-0.124490622700382,0.500378456743294,-0.248792930676168,0.803520959711625,0.994332258858985,"Gene0283"
88.7293260397609,0.506838194271502,0.363632654500532,1.39381925137518,0.163372193179969,0.973542272845075,"Gene0284"
52.7093981943238,-0.841112615288037,0.41498385663822,-2.02685623026852,0.0426771178991071,0.902188581367456,"Gene0285"
75.3237490825246,0.202186300695536,0.355804668809057,0.568250836539865,0.569864656816086,0.992301441166631,"Gene0286"
946.929157033582,0.308359046557529,0.433539719506879,0.711259044288414,0.476923725989507,0.992301441166631,"Gene0287"
17.5118595300651,0.363531459753562,0.461692549930325,0.787388619999225,0.431054406431379,0.992301441166631,"Gene0288"
5.12170838694298,-0.695525704070102,0.669830455313909,-1.03836082482119,0.29910210078212,0.992301441166631,"Gene0289"
73.0469469449517,0.0998127341112643,0.35502383317369,0.281143756516291,0.778600141183193,0.993191638049143,"Gene0290"
27.3144822412671,-0.073777234010288,0.494137010862448,-0.149305217760394,0.881312798246014,0.997961010251689,"Gene0291"
108.155269264931,-0.370744790742725,0.311192999366751,-1.19136610237748,0.233509894171929,0.989512291462746,"Gene0292"
20.1054896690221,0.517388973357871,0.435300396858748,1.18857914463551,0.23460531865671,0.990483345616371,"Gene0293"
773.269751353651,0.0119355160483032,0.368418779784818,0.0323966005622038,0.974155773425065,0.999029830702133,"Gene0294"
40.2903796683575,-0.0452652756578926,0.434282437879884,-0.104230039508096,0.916986795716748,0.997961010251689,"Gene0295"
27.3757085178401,0.533056462204166,0.439391674309507,1.21316923685878,0.225065123129025,0.97920490389687,"Gene0296"
49.1961085084583,0.304513420910059,0.355382772683821,0.856860389180934,0.39152204627868,0.992301441166631,"Gene0297"
174.624636513803,-0.0301212738728665,0.375804302688066,-0.0801514875093605,0.93611677332203,0.997961010251689,"Gene0298"
56.2904201553428,0.770817342020793,0.357752400497965,2.15461123656437,0.0311922689996841,0.902188581367456,"Gene0299"
5.25109115898047,-0.330129544786842,0.648342748353373,-0.50918984692169,0.610619159092398,0.992301441166631,"Gene0300"
62.4873816389687,-0.0921359602267018,0.352640973906598,-0.26127412026461,0.793881122640551,0.993191638049143,"Gene0301"
179.89297248442,-0.369602399615037,0.366763996096886,-1.00773904622143,0.313579754788921,0.992301441166631,"Gene0302"
67.8519327028031,0.268791526479205,0.366147749177753,0.734106728998941,0.462883692755671,0.992301441166631,"Gene0303"
132.758946267066,-0.479640575910276,0.467195216501161,-1.02663845640869,0.304590738677855,0.992301441166631,"Gene0304"
50.7787150078732,-0.505118480116012,0.399694432269877,-1.26376161220818,0.20631560339295,0.973542272845075,"Gene0305"
45.2506567410238,0.170190471549155,0.399512853293084,0.425994984006942,0.67011150103529,0.992301441166631,"Gene0306"
86.5036285718918,-0.438383111771391,0.313319699656921,-1.39915591726729,0.161766232581103,0.973542272845075,"Gene0307"
172.595589558525,0.115512815057792,0.375410567560072,0.307697292083575,0.758312680432895,0.993191638049143,"Gene0308"
14.1093009326468,-0.707097003023792,0.474178724864685,-1.49120356090538,0.135908059070473,0.973542272845075,"Gene0309"
35.8095125654418,-0.0363706782321007,0.427133769595066,-0.0851505566197237,0.932141697849845,0.997961010251689,"Gene0310"
53.816064698105,0.450480962758424,0.399058611714195,1.12885914383188,0.258957258198075,0.992301441166631,"Gene0311"
18.6169572051635,0.171893895261053,0.437588572003974,0.39282080533742,0.694451836963627,0.992301441166631,"Gene0312"
13.6291759490252,-0.36006539457277,0.476102484495857,-0.756277075415899,0.44948308978934,0.992301441166631,"Gene0313"
23.239646028487,-0.0436353184623223,0.445322930591219,-0.0979857884353525,0.921943578244378,0.997961010251689,"Gene0314"
99.5664893968778,-0.566655323858727,0.38603039226686,-1.46790339623571,0.142130465538816,0.973542272845075,"Gene0315"
33.9880652895137,0.712502845809765,0.417697307683622,1.70578749899302,0.0880476514669586,0.956993256075717,"Gene0316"
24.7469638701044,-0.0405315338652961,0.440835299059688,-0.0919425779917143,0.926743662363069,0.997961010251689,"Gene0317"
56.8924529138678,0.378985703357296,0.433778628634993,0.873684590109665,0.382290045223102,0.992301441166631,"Gene0318"
12.2013806332107,0.180214939469507,0.473416721709025,0.380668724203351,0.703449079090018,0.992301441166631,"Gene0319"
204.300165627431,0.376604833013053,0.354071439410958,1.06364081113004,0.287491447068224,0.992301441166631,"Gene0320"
30.2523044545444,-0.0378715050901295,0.499049007606546,-0.075887346759314,0.939508723653112,0.997961010251689,"Gene0321"
68.3570059387679,-0.803543950508792,0.325370536102168,-2.46962727521362,0.0135253894943094,0.857253377328387,"Gene0322"
43.1250463505006,-0.323575190665823,0.370548930422025,-0.87323201904077,0.382536625781635,0.992301441166631,"Gene0323"
58.6497961985664,0.670101723524971,0.312831909112844,2.14205042390114,0.032189424649782,0.902188581367456,"Gene0324"
513.661643503459,-0.028180432008747,0.358004350333044,-0.0787153339967274,0.937259048560306,0.997961010251689,"Gene0325"
20.5720926622172,0.396479112713889,0.474507460687052,0.835559281069715,0.403402884065317,0.992301441166631,"Gene0326"
198.96173500036,0.626907981076912,0.432116369650232,1.4507850780667,0.14683971604506,0.973542272845075,"Gene0327"
48.6586636723576,-0.116663524669241,0.360395798854472,-0.323709446780621,0.746158018152935,0.993191638049143,"Gene0328"
19.6405274256127,-0.821409611991135,0.526114142232217,-1.56127643424681,0.118458541354753,0.973542272845075,"Gene0329"
46.0032874888822,-0.307285191388581,0.39035003276185,-0.787204215699537,0.431162329802655,0.992301441166631,"Gene0330"
126.384086504614,0.00992610674361503,0.427406774769029,0.0232240276232849,0.981471572502778,0.999029830702133,"Gene0331"
37.7635543615527,0.245466021403213,0.37830627445492,0.648855274094756,0.516431926266361,0.992301441166631,"Gene0332"
26.3462454018308,0.54788642495294,0.3907344954462,1.402196200587,0.160856665915798,0.973542272845075,"Gene0333"
61.4880631163509,-0.233295826827051,0.357246943766861,-0.653037992059912,0.51373178596846,0.992301441166631,"Gene0334"
150.330624866666,0.184270601468147,0.369991072345371,0.498040669738479,0.618455377071867,0.992301441166631,"Gene0335"
47.5357410156694,0.0906950835579141,0.428828383852809,0.211495057167308,0.832500988794533,0.997961010251689,"Gene0336"
9.27816199604509,-0.852455234574496,0.581141773765678,-1.46686277438079,0.14241338885425,0.973542272845075,"Gene0337"
11.074390295172,-0.2206275505198,0.494735480924635,-0.445950531195901,0.655632979973134,0.992301441166631,"Gene0338"
21.102548407386,-0.143069098353547,0.436860242635026,-0.327493977228488,0.743294297521176,0.993191638049143,"Gene0339"
28.6693117607265,0.493079589576367,0.453453346150718,1.08738769657789,0.276865506263072,0.992301441166631,"Gene0340"
47.0630345584942,1.01714049225796,0.388404082570095,2.61876879750459,0.00882477358072301,0.675932684016347,"Gene0341"
121.489924534418,-0.333388048392941,0.409664299395496,-0.813807912685803,0.415755001409842,0.992301441166631,"Gene0342"
33.4216801846357,-0.499656290127518,0.484344869119577,-1.03161264211547,0.302253615667,0.992301441166631,"Gene0343"
17.1759777996202,0.354655770440167,0.443447499567628,0.799769467154432,0.423844376318974,0.992301441166631,"Gene0344"
110.491891174893,0.0126752560328371,0.331156651713554,0.0382757102031608,0.969467857041286,0.999029830702133,"Gene0345"
74.9445283610302,-0.147865575613324,0.369036180771259,-0.400680430044274,0.688655420877513,0.992301441166631,"Gene0346"
237.984155702223,0.181017204010698,0.33602204112616,0.538706340227054,0.59008949822883,0.992301441166631,"Gene0347"
7.42288619370187,-0.523655740519605,0.571040826656749,-0.917019792762336,0.359132268521048,0.992301441166631,"Gene0348"
55.1189178846791,0.376849204438625,0.377091307628876,0.999357971967658,0.317621311579534,0.992301441166631,"Gene0349"
263.569889660609,-0.0745284897323999,0.271369365575832,-0.27463855241823,0.783593944266658,0.993191638049143,"Gene0350"
167.418433658074,0.432484922803695,0.338826190015988,1.27642117270595,0.20180667567228,0.973542272845075,"Gene0351"
19.9125033845963,0.382131234936198,0.535225911085401,0.713962510075909,0.475250361921071,0.992301441166631,"Gene0352"
140.79405066075,-0.0457761293859179,0.387065669997682,-0.118264503762868,0.905858081869592,0.997961010251689,"Gene0353"
15.3579824078459,-0.362892946803192,0.431219207389563,-0.841550980532632,0.400039337515043,0.992301441166631,"Gene0354"
33.1008394129915,-0.18934719213029,0.381699716132175,-0.496063224906154,0.619849804280881,0.992301441166631,"Gene0355"
239.841313385811,0.538461063291503,0.323127587177512,1.66640387468896,0.0956329995845345,0.973542272845075,"Gene0356"
40.6992419918989,-0.0998696521193655,0.357103669632111,-0.279665712262916,0.779733986645531,0.993191638049143,"Gene0357"
156.302345180741,-0.330681301608717,0.392481190839145,-0.842540507232215,0.399485475898633,0.992301441166631,"Gene0358"
31.289461328016,-0.438077129417042,0.483394218942185,-0.906252313847875,0.364802319247572,0.992301441166631,"Gene0359"
7.78536117475649,0.54909855432298,0.555347588892817,0.988747525523078,0.322786683911743,0.992301441166631,"Gene0360"
15.688575081571,-0.0245140953113487,0.520034573275084,-0.0471393568257652,0.962402159976816,0.999029830702133,"Gene0361"
13.0244237001446,0.466292069804469,0.491292695355938,0.949112564082891,0.342563364952913,0.992301441166631,"Gene0362"
32.0489299078344,0.103868796032342,0.406437889072706,0.255558841399655,0.798291502976712,0.993191638049143,"Gene0363"
34.6988227378053,0.340278868695314,0.446844851282979,0.76151457875884,0.446349774480861,0.992301441166631,"Gene0364"
39.9134363625283,0.352839820068055,0.40758450725975,0.865685063547308,0.386662893204896,0.992301441166631,"Gene0365"
34.9933383924511,-0.0234361051681759,0.387820324913828,-0.060430316986051,0.951812913309347,0.999029830702133,"Gene0366"
519.557420539441,0.216372790579236,0.37525521907978,0.576601682209342,0.564208562555298,0.992301441166631,"Gene0367"
7.80039074236374,-0.2642869311749,0.552287640050672,-0.478531315947341,0.632272090762722,0.992301441166631,"Gene0368"
36.4258537692268,0.641443679549287,0.37775450290318,1.69804376816043,0.0894995014087138,0.965048316418432,"Gene0369"
77.1673995514615,0.0731295246515879,0.386440014906993,0.189239006910784,0.84990549685849,0.997961010251689,"Gene0370"
363.318708255589,0.734853748311134,0.36718400284853,2.00132288610154,0.0453576049443417,0.907767107168944,"Gene0371"
58.8166032138182,0.320211053499899,0.407931730987095,0.784962358101113,0.43247563880401,0.992301441166631,"Gene0372"
229.297236152713,0.280673232603222,0.298880927075342,0.939080440326894,0.347689445846194,0.992301441166631,"Gene0373"
6.69730697065613,-0.361998286919809,0.625425426616522,-0.578803277759552,0.562721919221181,0.992301441166631,"Gene0374"
298.174948810028,-0.265846068335725,0.345633743069138,-0.769155424395435,0.441801048953864,0.992301441166631,"Gene0375"
23.5437208918235,-0.649494475857573,0.510116788646673,-1.27322701450518,0.202937497056638,0.973542272845075,"Gene0376"
31.5976463250278,0.627709376952387,0.386684305468127,1.62331226811099,0.104522668310634,0.973542272845075,"Gene0377"
14.0611542189831,0.540511335770817,0.541741850386814,0.99772859598143,0.318410982807742,0.992301441166631,"Gene0378"
62.4055704412117,0.36778154447622,0.342851032341874,1.07271528968152,0.283398878126188,0.992301441166631,"Gene0379"
452.381839072456,-0.0640589918154019,0.375923788108918,-0.170404198514944,0.864692270496068,0.997961010251689,"Gene0380"
1182.64970697368,-0.36098856353522,0.295315611311109,-1.22238225718086,0.221563105715226,0.974639411704289,"Gene0381"
14.3833183372312,0.345596027537966,0.536373888947857,0.644319260611068,0.519368428452144,0.992301441166631,"Gene0382"
138.503101453313,-0.472913835977162,0.331161983390525,-1.42804385677167,0.153279235597993,0.973542272845075,"Gene0383"
252.607876692237,-0.631744986000748,0.425526621811824,-1.48461918389707,0.137644730721357,0.973542272845075,"Gene0384"
44.7103770397815,0.516101673585655,0.456884105351555,1.12961179332018,0.258639839437132,0.992301441166631,"Gene0385"
37.297855963079,-0.147113048774845,0.383579572040021,-0.38352680772973,0.701329197337838,0.992301441166631,"Gene0386"
31.6856229107867,-0.372314524043642,0.41887993588193,-0.888833510871685,0.374092563117086,0.992301441166631,"Gene0387"
125.106940744474,0.0952229332338536,0.384088673845957,0.247919138776906,0.804196971492544,0.994353871645274,"Gene0388"
218.655955063336,0.184792273888936,0.285925139403598,0.646295999975336,0.518087677887091,0.992301441166631,"Gene0389"
144.274541653592,0.287207505145254,0.284283994779905,1.01028376700423,0.312359356130186,0.992301441166631,"Gene0390"
82.000745973158,-0.520677322833827,0.371234397307999,-1.40255678517269,0.160749046045136,0.973542272845075,"Gene0391"
39.5564258109622,-0.0627824225975737,0.443733550522242,-0.141486760520324,0.887485418403165,0.997961010251689,"Gene0392"
108.142236354535,-0.279984779559528,0.441023657089165,-0.634852065323383,0.525524902541542,0.992301441166631,"Gene0393"
34.8192487423006,-0.139310003718832,0.370749589168075,-0.37575228075486,0.707101066754433,0.992301441166631,"Gene0394"
42.3657272477467,-0.0494816842151691,0.429277822063961,-0.115267273713936,0.908233277219959,0.997961010251689,"Gene0395"
182.88583608935,-1.00244270596985,0.428990311399038,-2.33674905780657,0.0194522360633421,0.902188581367456,"Gene0396"
121.024710139091,0.39269961267776,0.345898180976297,1.13530407002825,0.256247937503157,0.992301441166631,"Gene0397"
66.6131817678879,0.324895103315148,0.358339428921074,0.906668585964365,0.36458208041832,0.992301441166631,"Gene0398"
44.586149694825,-0.118824518830928,0.432601049137753,-0.274674596993617,0.783566249404675,0.993191638049143,"Gene0399"
167.461392665628,0.36602320202495,0.369393798874583,0.9908753290935,0.321746460433701,0.992301441166631,"Gene0400"
253.030032906104,-0.226820253259052,0.332726431315477,-0.681701938623536,0.495427441379495,0.992301441166631,"Gene0401"
18.4829578342849,-0.114680754631291,0.474687520413707,-0.241592099432785,0.809096244515034,0.995006281733403,"Gene0402"
56.424692680265,-0.186984263849418,0.340742311997922,-0.548755635169132,0.583173160033367,0.992301441166631,"Gene0403"
39.7775244788344,0.396594323460026,0.450510814493892,0.880321427812035,0.378685207752865,0.992301441166631,"Gene0404"
29.3694209709146,0.500771674372632,0.386509095544399,1.2956271408498,0.195103973850023,0.973542272845075,"Gene0405"
18.6664051854172,0.175338960768613,0.414235346722627,0.423283435747022,0.672088478118334,0.992301441166631,"Gene0406"
48.0410582446399,-0.151237198230069,0.44083131164517,-0.343072722456253,0.731543751501499,0.993191638049143,"Gene0407"
137.005727488222,-0.377582971115438,0.403331170187023,-0.936161147526372,0.349190223820478,0.992301441166631,"Gene0408"
292.345946134466,-0.294668141140952,0.464172397430303,-0.634824782284037,0.525542698368245,0.992301441166631,"Gene0409"
4.26781420097726,0.2509518408483,0.693717115730615,0.361749530403327,0.717539210215433,0.992301441166631,"Gene0410"
22.4121777101607,-0.122795092655768,0.4336507475146,-0.283165873365949,0.77704968728001,0.993191638049143,"Gene0411"
38.019184868755,-0.142173877930787,0.437228258129885,-0.325170835341003,0.745051780321257,0.993191638049143,"Gene0412"
8.77736926868808,0.742299118273567,0.537140723924093,1.38194533613219,0.166988486134945,0.973542272845075,"Gene0413"
27.6886837350914,0.506800349468285,0.405584322754893,1.24955606278342,0.211461761785522,0.973542272845075,"Gene0414"
21.2466526254376,0.0730233466153263,0.492191867355478,0.148363578227485,0.882055842282987,0.997961010251689,"Gene0415"
20.8215134627885,0.121643481331282,0.425985477330927,0.28555781312888,0.775216818731665,0.993191638049143,"Gene0416"
3.53559540851762,-0.922132598955084,0.770260563936906,-1.19716968793254,0.231240422028354,0.984620730896852,"Gene0417"
64.1747831232978,0.404530515307835,0.379695775082432,1.06540694380919,0.286691815861397,0.992301441166631,"Gene0418"
22.3117338801256,-0.585627736692496,0.436547080341702,-1.34149960694756,0.179758297249738,0.973542272845075,"Gene0419"
335.55299771134,0.0174615993023904,0.358048002731742,0.0487688778296943,0.961103484543878,0.999029830702133,"Gene0420"
143.942097493498,0.683321582836311,0.327346811992215,2.0874545216361,0.0368470679368947,0.902188581367456,"Gene0421"
9.72233457811901,-0.58313219761888,0.556954952107805,-1.04700065133097,0.295099277789057,0.992301441166631,"Gene0422"
51.6927459542287,0.114629056678694,0.336543158776805,0.340607300101786,0.733399233055852,0.993191638049143,"Gene0423"
27.1746355015679,-0.0601053707056252,0.379345806541882,-0.158444800678162,0.874106313773888,0.997961010251689,"Gene0424"
138.63916489474,-0.474603992023633,0.451809217882138,-1.05045221133014,0.293510251494092,0.992301441166631,"Gene0425"
59.9932687647217,0.346618573916682,0.310118703595612,1.11769644944945,0.263696659698703,0.992301441166631,"Gene0426"
30.902571687425,-0.159270402670713,0.44175464734713,-0.360540412256396,0.718443041144851,0.992301441166631,"Gene0427"
78.4020348796944,0.326614138911997,0.393547613368229,0.829922804299654,0.406582430651415,0.992301441166631,"Gene0428"
74.899574744184,0.0428421204325368,0.336907083011404,0.127163014946428,0.898811377484925,0.997961010251689,"Gene0429"
42.6038948764453,0.723143537678553,0.374295328612305,1.9320132590476,0.0533578693714173,0.929372846090705,"Gene0430"
692.92891625036,-0.666075479695348,0.344959688708175,-1.93087917660671,0.0534979958913545,0.929372846090705,"Gene0431"
31.9478059783144,-0.020197391787278,0.831694076660793,-0.0242846406558159,0.980625564500238,0.999029830702133,"Gene0432"
25.245015034318,0.297578827198197,0.461423309357682,0.644915029568917,0.51898225140173,0.992301441166631,"Gene0433"
8.04009966206078,-0.52878457789976,0.581860602935485,-0.908782232775415,0.363465086911224,0.992301441166631,"Gene0434"
51.1853280256448,-0.395387857282032,0.338446213058495,-1.16824429414932,0.242708238246457,0.992301441166631,"Gene0435"
215.644293611917,-0.205606011624335,0.341292117165647,-0.602434106394975,0.546885212838353,0.992301441166631,"Gene0436"
4.52108048155112,-0.385549410013129,0.786320839972958,-0.49032073221713,0.623906958619888,0.992301441166631,"Gene0437"
39.0305806927376,0.899836980801482,0.457513120420166,1.96680038372473,0.0492062283358222,0.918998076200182,"Gene0438"
13.653243980874,0.420099097118582,0.471599194107543,0.890796893564629,0.373038141995669,0.992301441166631,"Gene0439"
253.658071592732,0.519845609779124,0.284338627762591,1.8282623569991,0.0675101864131185,0.937046219552397,"Gene0440"
312.076050720725,-0.012118404930503,0.342354481517283,-0.0353972434559507,0.971762982739604,0.999029830702133,"Gene0441"
84.5625984036315,-0.567498491935567,0.309927614541078,-1.83106785362087,0.0670904159399145,0.937046219552397,"Gene0442"
298.490722587486,0.617257138496573,0.378675900250813,1.63004072371053,0.103092890323394,0.973542272845075,"Gene0443"
18.5623075699693,-0.106391608244875,0.483131769661452,-0.220212403583867,0.825705737061833,0.997961010251689,"Gene0444"
169.954969673522,-0.0727936468821503,0.343552341268322,-0.211885171887962,0.832196619076441,0.997961010251689,"Gene0445"
29.0970517078946,0.279301222571728,0.413151688249433,0.676025853252969,0.499024230831986,0.992301441166631,"Gene0446"
85.677532591336,0.0337135588693863,0.369721102100627,0.0911864610319443,0.927344432663598,0.997961010251689,"Gene0447"
38.347042511858,0.341272532324755,0.388331756447298,0.878816956529464,0.379500530833217,0.992301441166631,"Gene0448"
38.8074443601915,0.63266887349298,0.363014443307296,1.74282011406752,0.081365041707124,0.942469711822688,"Gene0449"
102.649193498087,-0.14310517728116,0.343363159338885,-0.416774989945619,0.676842997485659,0.992301441166631,"Gene0450"
13.2869992218743,-0.557769694655441,0.484291525382209,-1.15172301273544,0.249434912618092,0.992301441166631,"Gene0451"
32.1779218890778,-0.191843616743282,0.348694530802124,-0.55017673005072,0.582198162498587,0.992301441166631,"Gene0452"
60.0703596984203,0.277530323288115,0.441073348606753,0.629215807676361,0.529207781277328,0.992301441166631,"Gene0453"
36.0477018417672,0.198398483679154,0.345352227117657,0.574481552746907,0.56564198026479,0.992301441166631,"Gene0454"
52.8227816608887,0.0393701581797289,0.351108328791228,0.112131085910921,0.910719469854786,0.997961010251689,"Gene0455"
31.090635269915,-0.116274395193945,0.426006716014619,-0.272940286673685,0.784899117520009,0.993191638049143,"Gene0456"
469.217908854769,0.448411686970461,0.298952728936943,1.49994177529332,0.133629485444381,0.973542272845075,"Gene0457"
132.315596294904,-0.697046618405819,0.386740916478301,-1.80236067275527,0.0714886784237457,0.937046219552397,"Gene0458"
1737.1077457548,0.606312138343982,0.416863379206984,1.45446246561018,0.145818132462766,0.973542272845075,"Gene0459"
19.1754496664403,0.137884656136552,0.453150528549305,0.304280029371189,0.760914558532342,0.993191638049143,"Gene0460"
100.23538414934,-0.395565147591221,0.329164779182253,-1.2017237949149,0.229470558850407,0.982460184680701,"Gene0461"
589.197809600307,-0.78598466885783,0.32608457725497,-2.41037057156879,0.0159363246119218,0.871913431507066,"Gene0462"
78.2678279903482,0.60662648265233,0.346824171712758,1.74908940070862,0.0802755670988622,0.937046219552397,"Gene0463"
11.7881427316929,-0.509642318987295,0.520786884509271,-0.978600525755412,0.327777399412705,0.992301441166631,"Gene0464"
18.1544688957519,-0.130501298273382,0.440041020884103,-0.296566211057294,0.766797710533988,0.993191638049143,"Gene0465"
52.6758744273174,-0.65875204075991,0.357153429185734,-1.84445111520218,0.065117423848852,0.937046219552397,"Gene0466"
207.685509066206,-0.182903384082417,0.319262750490587,-0.572892966064357,0.566717167461673,0.992301441166631,"Gene0467"
149.291024758874,-0.116404566336032,0.374574180625748,-0.310765056314269,0.755979236250871,0.993191638049143,"Gene0468"
4.75434659988282,0.526737847415644,0.666621709730333,0.790160055886455,0.429434300389474,0.992301441166631,"Gene0469"
19.2409586218485,0.407101469916692,0.411388083945213,0.989580121068623,0.322379390395047,0.992301441166631,"Gene0470"
54.1645170780618,-0.0918113047583626,0.480385989656663,-0.191119863474747,0.848431685673252,0.997961010251689,"Gene0471"
9.62302145856856,0.633437681453562,0.537130673956557,1.17929902753011,0.238279125365641,0.992301441166631,"Gene0472"
136.901226418425,0.201511379738531,0.340352234710828,0.592067156279259,0.553805619131797,0.992301441166631,"Gene0473"
1.58404478067432,2.46358872443721,1.30952650867804,1.88128205737827,0.0599335604482511,0.937046219552397,"Gene0474"
51.4334307835146,0.196038159403782,0.340826912974448,0.5751839187021,0.56516691753005,0.992301441166631,"Gene0475"
28.5428660904241,0.104658413769544,0.432978225009734,0.241717499228029,0.808999069160893,0.995006281733403,"Gene0476"
26.8124717699684,-0.130406759762566,0.454485413499136,-0.286932772514191,0.774163796249052,0.993191638049143,"Gene0477"
46.6336528748853,-0.523544729668898,0.399167388529028,-1.31159194040929,0.189657853850086,0.973542272845075,"Gene0478"
67.5620336469031,0.876141016477171,0.369837811522127,2.36898713214658,0.0178368740231781,0.902188581367456,"Gene0479"
100.17355328283,0.68344349055649,0.302792357790565,2.25713586546069,0.0239995864068338,0.902188581367456,"Gene0480"
38.5132682704911,0.0777368198262031,0.368555706980066,0.210922849257108,0.832947474072668,0.997961010251689,"Gene0481"
5.36147110549479,-0.392816507959659,0.629529957025359,-0.623983820906294,0.532638210449607,0.992301441166631,"Gene0482"
6.57833729002302,-0.104900582040457,0.607363869207317,-0.17271455771211,0.862875800363152,0.997961010251689,"Gene0483"
8.53561234113998,0.942375543532555,0.600944795140336,1.56815659467104,0.116844591358964,0.973542272845075,"Gene0484"
122.068005386041,0.58529453068107,0.326956191024216,1.79013135933468,0.0734327965247203,0.937046219552397,"Gene0485"
42.2736794423008,0.620371017203561,0.346691393291622,1.78940414791818,0.0735497518038349,0.937046219552397,"Gene0486"
75.2744405582997,-0.334679353687302,0.399392323139196,-0.837971423828944,0.402046752904201,0.992301441166631,"Gene0487"
9.51180362460024,-0.44056863365217,0.532095250503187,-0.827988284495186,0.407677134735498,0.992301441166631,"Gene0488"
32.1653889012749,-0.282619234485599,0.374061611980757,-0.75554193596358,0.449923880092609,0.992301441166631,"Gene0489"
97.0507746651716,0.467026775975924,0.382678653908486,1.22041501715852,0.222307587396747,0.974639411704289,"Gene0490"
48.4859026234766,0.091365833277233,0.35028818344586,0.260830475006173,0.794223242028688,0.993191638049143,"Gene0491"
41.6743684446231,-0.231024050049437,0.358769799519143,-0.643933938584231,0.519618272901989,0.992301441166631,"Gene0492"
47.5950388556869,-0.275500257300351,0.385160153555386,-0.715287536255315,0.474431388487274,0.992301441166631,"Gene0493"
227.704506492958,0.542566293662684,0.372016989968212,1.45844493206895,0.144717943399754,0.973542272845075,"Gene0494"
20.8163453400313,0.185930442447809,0.47813239348124,0.388868114737147,0.697373710146211,0.992301441166631,"Gene0495"
140.717326899699,0.203932934967237,0.379300612921775,0.537655168538562,0.590815135357616,0.992301441166631,"Gene0496"
146.304244740248,0.0829356989581231,0.31677126252356,0.26181572879249,0.793463512119898,0.993191638049143,"Gene0497"
12.5622079243147,0.313235783388571,0.508970570071004,0.615430050002445,0.538270751343788,0.992301441166631,"Gene0498"
61.7384031425764,-0.416906926372709,0.353297553341273,-1.18004475952312,0.237982413343738,0.992301441166631,"Gene0499"
42.0338623805783,-0.0747545091774697,0.506860287483073,-0.147485433409431,0.882748876454202,0.997961010251689,"Gene0500"
180.864889309448,0.232059061491789,0.417693026324575,0.555573224513122,0.578502639806367,0.992301441166631,"Gene0501"
177.836425109981,-0.12097722507869,0.385377528594531,-0.313918731898802,0.753582763021584,0.993191638049143,"Gene0502"
49.2544919140919,0.597806380793713,0.320269232758035,1.86657449310892,0.0619610323154991,0.937046219552397,"Gene0503"
67.7187393440819,-0.0352224968117615,0.389247665915107,-0.0904886525882043,0.927898910882586,0.997961010251689,"Gene0504"
23.5985857305485,0.360851127520973,0.417694100706789,0.86391243474679,0.38763599539052,0.992301441166631,"Gene0505"
45.7875699346535,-0.0580066888131447,0.345794661470686,-0.167748942584708,0.866780791087307,0.997961010251689,"Gene0506"
15.2485134787702,0.835332455661368,0.4540148917132,1.83987897954027,0.0657860067490506,0.937046219552397,"Gene0507"
16.8168471209334,-0.543186855803556,0.477063820439741,-1.13860417103704,0.254868287948816,0.992301441166631,"Gene0508"
10.4627069323184,-0.747945131170544,0.548852295827445,-1.36274392374172,0.172963229608154,0.973542272845075,"Gene0509"
150.458090992115,-0.482154685329003,0.313311964492252,-1.53889649924597,0.123829565960954,0.973542272845075,"Gene0510"
169.14726518821,0.0151652111650484,0.37952145608896,0.0399587715575525,0.96812599555322,0.999029830702133,"Gene0511"
39.2439177418418,-0.0133093892063478,0.444761377294043,-0.029924786381684,0.976127038024982,0.999029830702133,"Gene0512"
17.4268464055728,-0.301785955578493,0.448439328848384,-0.672969421200177,0.500966745090901,0.992301441166631,"Gene0513"
42.0786809330556,0.399806359032804,0.436588087825397,0.915751872718746,0.359797051217699,0.992301441166631,"Gene0514"
886.376114963723,-0.324991128086632,0.432607626974099,-0.751237629257261,0.452509657788964,0.992301441166631,"Gene0515"
576.882027213457,-1.01886381490607,0.425490125849465,-2.3945651215101,0.0166400882361715,0.89811503263877,"Gene0516"
6.46692535311304,0.167993697178898,0.624170752045113,0.269147018870176,0.787816549078346,0.993191638049143,"Gene0517"
32.7641603721264,0.314540837577699,0.464120994154361,0.677713013501576,0.497953673635295,0.992301441166631,"Gene0518"
306.808967258302,0.347458015860016,0.39248186380099,0.885284258729967,0.376003337736848,0.992301441166631,"Gene0519"
46.95712127263,-0.00432396798951208,0.412026713682553,-0.0104943874897478,0.991626843939436,0.999029830702133,"Gene0520"
316.587603866634,0.81990658740756,0.333275183823953,2.4601489315828,0.0138879371114414,0.857253377328387,"Gene0521"
31.4381017739812,0.273305262532558,0.429756132654922,0.635954304698688,0.524806206009958,0.992301441166631,"Gene0522"
94.8301741598194,-0.150660532967405,0.386597342832023,-0.389709178712248,0.696751608483368,0.992301441166631,"Gene0523"
73.3854024873602,0.354128290721723,0.350944725456295,1.00907141505344,0.312940385753634,0.992301441166631,"Gene0524"
2604.96889686895,-0.178614915358936,0.357181463594307,-0.500067706654032,0.617027403928416,0.992301441166631,"Gene0525"
175.436611185282,0.171537464526656,0.330866027386146,0.518449917272584,0.604144394645527,0.992301441166631,"Gene0526"
10.4912605150067,0.206571192118574,0.50003590110634,0.413112721829635,0.679524029076088,0.992301441166631,"Gene0527"
22.8062375398765,0.521041619947883,0.41110343942527,1.26742218619311,0.20500437091569,0.973542272845075,"Gene0528"
89.6065199913213,-0.0598544212509299,0.350388187113406,-0.170823171134926,0.864362808932219,0.997961010251689,"Gene0529"
5.48661908886412,-0.716102700021534,0.641270031307754,-1.11669447356081,0.264124981603226,0.992301441166631,"Gene0530"
6.21032346450011,0.636374222897998,0.613562391070979,1.03717931893968,0.299652294464162,0.992301441166631,"Gene0531"
10.7313125438803,0.0696577492710985,0.51683030837343,0.134778762279491,0.892786797852072,0.997961010251689,"Gene0532"
40.6935187273175,-0.35960622433084,0.40076385434483,-0.897302040671123,0.369557767872115,0.992301441166631,"Gene0533"
190.704431038316,0.270043511402973,0.374333780901668,0.721397654127051,0.470664889508833,0.992301441166631,"Gene0534"
38.0368173614317,-0.673362274648897,0.414056968246551,-1.62625514431131,0.10389538965128,0.973542272845075,"Gene0535"
70.1058794866367,-0.2801758752039,0.368778702398502,-0.75973984772348,0.447410104920821,0.992301441166631,"Gene0536"
52.2316989567276,-0.139066140687391,0.343488420640444,-0.404864130290327,0.685577386011601,0.992301441166631,"Gene0537"
27.3170227561613,-0.457988176257873,0.467921553342676,-0.978771276907759,0.327693004860875,0.992301441166631,"Gene0538"
282.458588467587,-0.472235097876139,0.376149525941281,-1.25544514962344,0.209317207936475,0.973542272845075,"Gene0539"
13.509959547268,-0.546947250390689,0.482584146822082,-1.1333717735911,0.257058162408399,0.992301441166631,"Gene0540"
32.5467837788477,0.211441181133761,0.361901081802356,0.584251310000877,0.559051245138538,0.992301441166631,"Gene0541"
37.0008624629753,-0.172207011494408,0.469562754833398,-0.366739077411512,0.713813654906591,0.992301441166631,"Gene0542"
102.669229809924,0.0743454051133525,0.344858519453378,0.215582335710292,0.829313326097943,0.997961010251689,"Gene0543"
436.405276334994,-0.0508378231961942,0.336630009664576,-0.151019878610495,0.879960034879893,0.997961010251689,"Gene0544"
109.430301073557,0.410197495914978,0.302740872652511,1.3549458727557,0.17543480286059,0.973542272845075,"Gene0545"
305.599933687712,-0.476866873909937,0.361233044585532,-1.3201086696182,0.186798738619926,0.973542272845075,"Gene0546"
148.640680718706,-0.11338415386421,0.414136309738128,-0.273784624043003,0.784250140540557,0.993191638049143,"Gene0547"
18.9988321513328,-0.481748894765864,0.436452840487868,-1.10378224191957,0.269687609885619,0.992301441166631,"Gene0548"
61.3072868595261,-0.0894528869753843,0.382584288738454,-0.233812233299881,0.815130751988005,0.995606184538255,"Gene0549"
233.373386003051,-0.254358983007583,0.313573081613983,-0.81116332338981,0.417271884887214,0.992301441166631,"Gene0550"
7.30713010716164,-0.287081005762712,0.56503101206272,-0.508080086993253,0.611397179562282,0.992301441166631,"Gene0551"
74.6355794088943,0.432628971792169,0.382262396809932,1.13175916700821,0.25773569899261,0.992301441166631,"Gene0552"
46.25871643725,-0.628568012614873,0.367191908965064,-1.7118242457643,0.0869290624768029,0.954626836533261,"Gene0553"
181.802573791707,6.24198536689976e-05,0.280304186813464,0.000222686126734655,0.999822322179042,0.999822322179042,"Gene0554"
127.425437503735,0.407023281226503,0.348029255404864,1.16950881256523,0.242198692771353,0.992301441166631,"Gene0555"
77.705061796195,0.183321937247417,0.3591990726674,0.510363058250889,0.609797132633627,0.992301441166631,"Gene0556"
302.59298410817,0.501217801015544,0.38867933592798,1.28954064362304,0.197210195956311,0.973542272845075,"Gene0557"
6.93887011163651,-0.457143629099817,0.632972543619507,-0.722217154137125,0.470160978299749,0.992301441166631,"Gene0558"
157.961360019778,0.0104571668561591,0.385016957431754,0.0271602760717693,0.97833189911087,0.999029830702133,"Gene0559"
8.90890475856541,0.44275639252833,0.541415710438133,0.81777529538261,0.413485507034958,0.992301441166631,"Gene0560"
126.179564449601,-0.185274253180597,0.405808394312794,-0.456555989913281,0.647990218368043,0.992301441166631,"Gene0561"
53.0255658593157,-0.332605419842508,0.429987450616775,-0.773523551362763,0.43921259613963,0.992301441166631,"Gene0562"
185.2636678979,-0.340088555251254,0.31641044933338,-1.07483351440434,0.282449272693148,0.992301441166631,"Gene0563"
57.3019701407479,0.326385871950892,0.330304592144559,0.988136040833633,0.323086026885294,0.992301441166631,"Gene0564"
8.29535672292903,0.261292534734897,0.544370410807445,0.479990332956068,0.631234266945538,0.992301441166631,"Gene0565"
4.39642966703586,0.658397328852508,0.773643605466551,0.851034409384741,0.394750238751643,0.992301441166631,"Gene0566"
100.210438367555,0.0516771946805377,0.384130665741771,0.134530250483249,0.892983292076957,0.997961010251689,"Gene0567"
43.7007830525582,-0.422097791179084,0.433558534788725,-0.973565867835526,0.330272140565206,0.992301441166631,"Gene0568"
25.4787682478614,-0.597019669572059,0.39104867764627,-1.52671445704799,0.126832030880607,0.973542272845075,"Gene0569"
35.4420695383185,-0.0899541253974451,0.451306980549748,-0.199319153645418,0.84201309732136,0.997961010251689,"Gene0570"
27.2804101592919,0.289304199677003,0.430093639871188,0.672653982429615,0.501167449945544,0.992301441166631,"Gene0571"
52.3835276429206,0.421455726286397,0.362265174612014,1.16339012365121,0.244671254803126,0.992301441166631,"Gene0572"
14.8653174756557,0.10016757700869,0.448851858140731,0.223164002091051,0.823407867622281,0.997961010251689,"Gene0573"
5.35654171909223,0.136705421739327,0.678200241621148,0.201570883272691,0.840252209746198,0.997961010251689,"Gene0574"
43.0225142374369,0.357099350088589,0.38645492492026,0.924038812967055,0.355466108231841,0.992301441166631,"Gene0575"
193.23102116611,-0.0318854377475799,0.356210098795817,-0.089513008910668,0.92867421547027,0.997961010251689,"Gene0576"
502.095364078018,-0.431841500355405,0.401341859894427,-1.07599416733904,0.281929864957756,0.992301441166631,"Gene0577"
51.7287705953726,-0.114586209792024,0.351762977820378,-0.325748350500193,0.744614759275594,0.993191638049143,"Gene0578"
48.9303538097703,0.0302154991004491,0.43622421648473,0.069265982856105,0.944777902429355,0.997961010251689,"Gene0579"
158.280697934029,-0.645761850392621,0.444187075951683,-1.4538060320847,0.146000090645088,0.973542272845075,"Gene0580"
57.2135079400533,0.587251766973867,0.39288441004701,1.49471893502621,0.134987810452672,0.973542272845075,"Gene0581"
26.9419625480116,-0.0852409579520264,0.391312253467466,-0.217833602696302,0.827558762021163,0.997961010251689,"Gene0582"
5.969382481068,0.916910318437093,0.623033304318189,1.47168748778287,0.141105287941681,0.973542272845075,"Gene0583"
9.8767986671731,0.472179391367133,0.531528882242218,0.888341926736468,0.374356853301711,0.992301441166631,"Gene0584"
90.0909896446437,0.204163721574607,0.365245095097034,0.558977312263063,0.576177204056088,0.992301441166631,"Gene0585"
8.16536462713924,-0.834411591236298,0.544573612779561,-1.53222920034148,0.125465885188128,0.973542272845075,"Gene0586"
174.957285659426,0.284614679809317,0.303583252078102,0.93751772491091,0.348492310612592,0.992301441166631,"Gene0587"
11.5613523189429,-0.029724695956672,0.527406043349464,-0.0563601732128355,0.955054883670349,0.999029830702133,"Gene0588"
49.1693378502058,-0.343813765359127,0.357045314339355,-0.962941541454727,0.335576860874239,0.992301441166631,"Gene0589"
55.1933197748894,-0.770483592193662,0.339015961409977,-2.27270594867922,0.0230439059425518,0.902188581367456,"Gene0590"
51.0358383109695,-0.197009477224127,0.349849200394241,-0.56312684723052,0.573348511219971,0.992301441166631,"Gene0591"
74.7012141577465,-0.0093492776803707,0.372592030135916,-0.0250925326474649,0.979981156392603,0.999029830702133,"Gene0592"
94.3538824655036,0.0401031338952749,0.388946526551734,0.103107062687551,0.917877999687792,0.997961010251689,"Gene0593"
46.2245907797605,-0.399980486592838,0.420576345039501,-0.951029441646965,0.341589430456044,0.992301441166631,"Gene0594"
54.3429911899193,-0.555903219345953,0.393718594539712,-1.41193031534578,0.157970480483675,0.973542272845075,"Gene0595"
85.240890312912,0.0686047009438873,0.396207538682883,0.173153446731353,0.86253081495098,0.997961010251689,"Gene0596"
32.5257090917407,-0.624569837398643,0.469665313530689,-1.32981895704298,0.183577928412701,0.973542272845075,"Gene0597"
313.795977627199,-0.166513539444188,0.343468684883578,-0.484799770030358,0.627818385875023,0.992301441166631,"Gene0598"
4.62810196494256,0.620342536734559,0.657444975777612,0.94356571209755,0.345391620729568,0.992301441166631,"Gene0599"
220.993241117993,0.109618309029705,0.40361269274523,0.271592819056607,0.785935121547185,0.993191638049143,"Gene0600"
36.5533672531013,-0.324195317601117,0.401087692899232,-0.808290364777077,0.418923447903661,0.992301441166631,"Gene0601"
97.2842642698044,0.000871823142794084,0.359420620997264,0.00242563473507749,0.998064625392597,0.999358900024853,"Gene0602"
130.12469812558,0.478688494436925,0.39271374216264,1.21892473586697,0.222872760214233,0.97497678455164,"Gene0603"
135.704445502235,0.0434723437103396,0.354847254523901,0.122510018482929,0.902495112157269,0.997961010251689,"Gene0604"
23.3915424000718,0.676478592677788,0.433366461263543,1.56098510878164,0.118527264434238,0.973542272845075,"Gene0605"
316.3585589882,0.591045396004274,0.301166499518922,1.96252038971266,0.049701929127522,0.920663880109938,"Gene0606"
9.04337127327029,0.164790259293102,0.571897827541912,0.288146328517089,0.773234730724656,0.993191638049143,"Gene0607"
166.498718175719,0.20388183377154,0.372746513819825,0.546971805804979,0.584398102170809,0.992301441166631,"Gene0608"
31.9122190921278,-0.0415098000988121,0.377549864307664,-0.109945212601072,0.912452825394596,0.997961010251689,"Gene0609"
4.51595955089017,0.400946717489197,0.709507807702178,0.565105433846752,0.572002052755501,0.992301441166631,"Gene0610"
6.08816394693994,-1.22027663051955,0.643647896454107,-1.89587604844531,0.0579764367808662,0.937046219552397,"Gene0611"
82.0909662511676,0.050972377399993,0.429836784972282,0.11858542400758,0.905603813815783,0.997961010251689,"Gene0612"
841.702540035095,-0.00354659237234995,0.319705019939814,-0.0110933271332981,0.991148987089866,0.999029830702133,"Gene0613"
66.8656000822063,0.560656493323154,0.351464987536706,1.59519870600084,0.110667808046056,0.973542272845075,"Gene0614"
183.869971959695,0.217092023303401,0.31665098597552,0.685587706713109,0.49297313580085,0.992301441166631,"Gene0615"
120.07218449943,-0.831793326930501,0.371423588251652,-2.23947361783316,0.0251251160347963,0.902188581367456,"Gene0616"
21.0460804904746,0.0850581288308995,0.448548126202472,0.189629883310458,0.849599168579714,0.997961010251689,"Gene0617"
146.394085797298,0.506369878775523,0.317444182033648,1.59514619399088,0.110679547590141,0.973542272845075,"Gene0618"
81.4417708158207,-0.226918312946702,0.333305375477927,-0.680812040973908,0.495990430071277,0.992301441166631,"Gene0619"
78.5713116975369,-0.407964917592309,0.370852272374618,-1.10007393235062,0.271299910555544,0.992301441166631,"Gene0620"
98.7419707214728,-0.167676247941445,0.353000316747531,-0.475003109023748,0.63478475728161,0.992301441166631,"Gene0621"
157.477232653292,-0.459665893902646,0.4190926006803,-1.09681223948236,0.272723478671692,0.992301441166631,"Gene0622"
31.805752783105,-0.451352424095577,0.370991550075905,-1.21661106298305,0.223752231539762,0.976684604120011,"Gene0623"
80.20619710703,-0.0193093727845883,0.368654335763042,-0.052377989111729,0.958227512182575,0.999029830702133,"Gene0624"
14.3918361121182,-0.141983155724363,0.478723741510048,-0.296586827460244,0.766781968777194,0.993191638049143,"Gene0625"
96.91282895858,-0.479917759081475,0.390520382203964,-1.22891859414093,0.219102329169504,0.973542272845075,"Gene0626"
29.7308501037279,0.339181423885368,0.505756193407811,0.670642155857641,0.502448520427042,0.992301441166631,"Gene0627"
77.7622165505358,0.196216860724981,0.363878761793703,0.539236914399044,0.589723392124094,0.992301441166631,"Gene0628"
84.4114826786377,-0.258981847777442,0.382369819144024,-0.677307242389581,0.498211036726477,0.992301441166631,"Gene0629"
37.980834470167,-0.895176159349347,0.384143166130714,-2.33031910567619,0.0197892917039673,0.902188581367456,"Gene0630"
73.2558429975554,-0.0281363615687833,0.371317342804235,-0.0757744342246283,0.939598556166525,0.997961010251689,"Gene0631"
88.1588843494416,0.131865521095848,0.355408188910436,0.371025556558232,0.710618496748638,0.992301441166631,"Gene0632"
45.3198352359597,-0.371577525138146,0.352104020710314,-1.05530611206469,0.29128534665399,0.992301441166631,"Gene0633"
221.065223514199,-0.333047165883094,0.297543205089448,-1.11932371563643,0.26300206189904,0.992301441166631,"Gene0634"
270.312815210444,0.167241489914198,0.356607108731568,0.468979686100668,0.639084156181998,0.992301441166631,"Gene0635"
24.6168790869369,-0.753225894738978,0.438742256643127,-1.7167844750173,0.0860185586028041,0.954626836533261,"Gene0636"
20.8336429950124,-0.774457099710158,0.40285226143392,-1.92243453456992,0.0545511036341473,0.935094883754438,"Gene0637"
74.4197945461538,-0.00276848338308336,0.345370598271074,-0.00801597876872669,0.993604242794989,0.999029830702133,"Gene0638"
21.8926440576314,0.00245367032040249,0.488801344268609,0.00501976999280537,0.995994819844448,0.999029830702133,"Gene0639"
25.8445210284598,-0.434016730602215,0.409576692074819,-1.05967145836251,0.289294091845367,0.992301441166631,"Gene0640"
153.235612706835,0.0138874213115694,0.417045594602314,0.0332995276567113,0.97343573042759,0.999029830702133,"Gene0641"
20.8138088228636,-0.389001685572772,0.420072553608176,-0.926034520064396,0.354428040921829,0.992301441166631,"Gene0642"
3.41596102168193,0.00553137884225847,0.79041333865409,0.00699808387808493,0.994416382493092,0.999029830702133,"Gene0643"
118.340109955266,-0.00333130239340382,0.361653659543701,-0.00921130563867909,0.992650545377482,0.999029830702133,"Gene0644"
8.16174004622818,1.13471108202705,0.563340753789514,2.01425349469928,0.0439829258524389,0.907767107168944,"Gene0645"
12.0737232286266,-0.617386538354556,0.5708316166143,-1.08155631255392,0.279449725694476,0.992301441166631,"Gene0646"
1.22447120346796,0.00777848109618807,1.21659909009836,0.00639362725115895,0.994898658284636,0.999029830702133,"Gene0647"
139.364561306214,0.347809707475534,0.355762447135167,0.977645927152589,0.328249474031422,0.992301441166631,"Gene0648"
78.8422629913287,0.21431982705139,0.342848151263025,0.625115889532592,0.531895000009564,0.992301441166631,"Gene0649"
81.5164838323175,-0.406972259184008,0.38734165185555,-1.05068034184916,0.29340542759257,0.992301441166631,"Gene0650"
141.46278912336,-0.0702517336714236,0.365663772057164,-0.19212112065737,0.847647331184139,0.997961010251689,"Gene0651"
45.2160275804299,-0.28349993705577,0.352611940858428,-0.803999820214807,0.421397078840629,0.992301441166631,"Gene0652"
16.7106851163689,0.409113879441577,0.446537323327145,0.916191901705492,0.359566252264132,0.992301441166631,"Gene0653"
96.3300188689827,-0.534249672885157,0.384336426506007,-1.39005734570103,0.16451146436198,0.973542272845075,"Gene0654"
212.510021664894,-0.56326829692176,0.345481424797965,-1.63038663294606,0.103019807983249,0.973542272845075,"Gene0655"
9.74287844573791,-0.0685823060907007,0.523393055921916,-0.131034038978409,0.895748380331991,0.997961010251689,"Gene0656"
26.3163408196176,-0.130463207981184,0.379687889675105,-0.343606450268456,0.731142273157121,0.993191638049143,"Gene0657"
30.9638537426268,0.119646423767935,0.375786107885439,0.318389693650968,0.750189355119965,0.993191638049143,"Gene0658"
8.27459297576505,0.256849664872613,0.551031122048932,0.466125513777794,0.641125661755607,0.992301441166631,"Gene0659"
139.237189663797,-0.0291710317043696,0.381084368216575,-0.0765474370961112,0.938983575308691,0.997961010251689,"Gene0660"
27.555502980611,0.209795914258946,0.406301038627952,0.516355840406935,0.60560590218369,0.992301441166631,"Gene0661"
193.944235044457,0.260773412886747,0.304737405373143,0.855731552112666,0.392146283511654,0.992301441166631,"Gene0662"
46.2394187590633,0.242805526762071,0.346791657278289,0.700148119674134,0.483834807340077,0.992301441166631,"Gene0663"
137.077893266136,-0.32034733258364,0.317575419534537,-1.00872836144928,0.31310492611048,0.992301441166631,"Gene0664"
298.005095782203,-0.236963617421313,0.359938085897728,-0.658345495254545,0.510316150137432,0.992301441166631,"Gene0665"
62.960943473905,-0.228014621003329,0.37114787168956,-0.614349800701666,0.538984200328639,0.992301441166631,"Gene0666"
224.977766620551,0.847576398145957,0.312157607313791,2.71521942213616,0.00662318719306538,0.643108662138178,"Gene0667"
58.7945342471443,0.440071502565598,0.321341775104567,1.36948114642858,0.170848924229986,0.973542272845075,"Gene0668"
7.67705922204681,0.325602231886197,0.58398680291725,0.557550667685781,0.577151251257916,0.992301441166631,"Gene0669"
56.5060455326452,0.266770008150613,0.361235295413243,0.738493750577268,0.460214463401102,0.992301441166631,"Gene0670"
131.20622649156,0.28491712961422,0.309169855595485,0.921555334252908,0.356760565713502,0.992301441166631,"Gene0671"
110.04835172441,0.373068667180583,0.345095663908999,1.08105869240641,0.279671006547226,0.992301441166631,"Gene0672"
41.0685668201817,-0.314372690677419,0.378201670345872,-0.831230307338198,0.405843536678006,0.992301441166631,"Gene0673"
10.7188806108262,-0.456822514294205,0.493018013283657,-0.926583820440194,0.354142658608784,0.992301441166631,"Gene0674"
114.192633916175,0.346732774193601,0.422440167889744,0.820785523132588,0.411768446102437,0.992301441166631,"Gene0675"
20.9555327140184,0.0374615692527212,0.46611583417837,0.0803696560078362,0.935943259812911,0.997961010251689,"Gene0676"
15.3518176672022,-0.693635775644481,0.458268165164903,-1.51360235855546,0.130126722583804,0.973542272845075,"Gene0677"
98.7817493813032,-0.0782302218707963,0.42821272389539,-0.182690091875709,0.855041190460896,0.997961010251689,"Gene0678"
14.0158785529324,-0.167268722855359,0.5655514976332,-0.295762142891264,0.767411735790768,0.993191638049143,"Gene0679"
83.1773394742838,0.0284477933454426,0.411051159699456,0.0692074275285892,0.944824510972952,0.997961010251689,"Gene0680"
51.7615145103021,0.671813140324871,0.371418524800567,1.80877661039013,0.0704857154284009,0.937046219552397,"Gene0681"
13.8833655986139,-0.354809079074545,0.512620711576253,-0.692147373412879,0.488844783969168,0.992301441166631,"Gene0682"
207.407044319954,-0.0965525207264089,0.343553617813813,-0.281040617009991,0.778679246867947,0.993191638049143,"Gene0683"
27.5872666310328,-0.144228897678308,0.488019013751273,-0.29553950484359,0.767581778781008,0.993191638049143,"Gene0684"
170.500682122682,-0.36721700381879,0.30062186121343,-1.22152461679452,0.221887450935388,0.974639411704289,"Gene0685"
20.3457579402155,0.43841812217851,0.409878168966619,1.06963033255429,0.284785736283462,0.992301441166631,"Gene0686"
21.2126875204496,1.04389374414328,0.431052202516211,2.42173392932383,0.0154466556082551,0.868928767596772,"Gene0687"
42.9449414693957,-0.286157024184082,0.445228921895202,-0.64271885789899,0.520406542329998,0.992301441166631,"Gene0688"
33.3668643189511,0.111268980076145,0.4434060222371,0.250941517471423,0.801859324850745,0.993678604856927,"Gene0689"
33.0923396040685,-0.187955694665502,0.405838325426345,-0.46312948504321,0.643271556625356,0.992301441166631,"Gene0690"
21.8504817876126,0.852839089927961,0.423494191729829,2.01381531691002,0.0440289269896183,0.907767107168944,"Gene0691"
11.352698469602,0.410466675669142,0.513480770733884,0.799380812415798,0.424069632836603,0.992301441166631,"Gene0692"
117.29690115016,-0.417472216585401,0.387834018258832,-1.07641980056218,0.281739550849347,0.992301441166631,"Gene0693"
16.5632394494207,-0.0822188184470421,0.419158257356557,-0.196152209825375,0.844491032376068,0.997961010251689,"Gene0694"
10.6048436577709,0.0377548812684343,0.504416653125989,0.0748486019136332,0.94033517150569,0.997961010251689,"Gene0695"
27.9169762882406,-0.465606997121161,0.504619840004039,-0.922688646402477,0.35616948422694,0.992301441166631,"Gene0696"
20.7476699797352,-0.19604219961526,0.435028964040788,-0.450641717724521,0.652247794326719,0.992301441166631,"Gene0697"
2.67536396259504,0.00082066445069287,0.842594151830575,0.000973973589669401,0.999222881633039,0.999714487413984,"Gene0698"
31.6012676469863,-0.178824653144064,0.45094618109771,-0.39655431321929,0.691696148617162,0.992301441166631,"Gene0699"
70.792495606097,0.335218134331519,0.392309913657951,0.854472759064128,0.392843096750079,0.992301441166631,"Gene0700"
69.601320025164,-0.201589802871808,0.378100858039692,-0.533164097846731,0.593919991691285,0.992301441166631,"Gene0701"
83.5721625708283,-0.21406305874492,0.345803114773268,-0.619031609606161,0.53589553544273,0.992301441166631,"Gene0702"
12.3215891482153,0.495713859857622,0.481393970254637,1.02974671576258,0.303128919679462,0.992301441166631,"Gene0703"
40.3353313597109,-0.159306590856909,0.406609113170181,-0.391792966996864,0.695211192003335,0.992301441166631,"Gene0704"
17.3298127041766,-0.0755556313760304,0.477029072581033,-0.158387896501205,0.874151150587063,0.997961010251689,"Gene0705"
21.9170066653011,0.0673748813096899,0.413960566565832,0.162756761757826,0.870709953350087,0.997961010251689,"Gene0706"
13.7825114530523,-0.698306773072838,0.557820236944259,-1.2518491206023,0.210624847396216,0.973542272845075,"Gene0707"
11.6997594260493,-0.115326529645357,0.478507062105687,-0.241013223792056,0.809544867482382,0.995006281733403,"Gene0708"
134.80018979615,0.158236417865285,0.348583601120097,0.45394108431041,0.6498712320137,0.992301441166631,"Gene0709"
35.367397516753,-0.456137180911372,0.439321928718374,-1.03827546747337,0.299141826663413,0.992301441166631,"Gene0710"
37.8881773217863,0.198117790047646,0.375077442645904,0.528205025207772,0.597357041929472,0.992301441166631,"Gene0711"
369.860590568801,0.437522500789087,0.349446196969936,1.25204539234613,0.21055332412782,0.973542272845075,"Gene0712"
54.4262265763426,-0.98220027478586,0.341764567654846,-2.87390902317821,0.00405425729575628,0.643108662138178,"Gene0713"
30.8536857173514,0.454696487563431,0.410375907402098,1.10799995653231,0.267861834672134,0.992301441166631,"Gene0714"
115.433482448049,0.014760515436592,0.324095131163663,0.0455437740875477,0.963673884400992,0.999029830702133,"Gene0715"
28.0527769473766,-0.120770840521072,0.389824121689363,-0.309808536212929,0.756706559831737,0.993191638049143,"Gene0716"
234.374289240059,0.475313264245463,0.314915353450567,1.50933658533125,0.131212789784552,0.973542272845075,"Gene0717"
28.6423706090192,0.0901219554835987,0.380187358849046,0.237046165228712,0.812620976018089,0.995329528434693,"Gene0718"
25.4689846394903,-0.509396699596544,0.421322270296802,-1.20904290019537,0.226646364206551,0.982460184680701,"Gene0719"
15.3504915267365,-0.0876241284379727,0.479330615989725,-0.182805198572693,0.854950869478738,0.997961010251689,"Gene0720"
76.7818381276327,0.34226010343213,0.412736161253856,0.829246709065602,0.40696481916845,0.992301441166631,"Gene0721"
330.985308649845,0.281923059759856,0.406877778308719,0.692893725805655,0.488376247404677,0.992301441166631,"Gene0722"
36.8838405032415,-0.124495465228459,0.448980955969775,-0.277284511899967,0.781561651196425,0.993191638049143,"Gene0723"
73.6199925465553,-0.138860471356048,0.313025423508657,-0.443607646304191,0.657326276564578,0.992301441166631,"Gene0724"
99.35555170172,-0.252461806915908,0.37465738022241,-0.673847147401814,0.500408496719776,0.992301441166631,"Gene0725"
334.103482598987,-0.0696480993659382,0.358973758653472,-0.194020029840598,0.84616019836095,0.997961010251689,"Gene0726"
128.598155531803,-0.0850080838373437,0.315336538896052,-0.269578920777607,0.787484218918639,0.993191638049143,"Gene0727"
14.8678358335983,-0.61943822513251,0.438060537943286,-1.41404708134816,0.15734807920023,0.973542272845075,"Gene0728"
22.0675237450091,-0.660210724235716,0.440369755713787,-1.49921904415437,0.133816816097935,0.973542272845075,"Gene0729"
22.9405256779013,0.251617700488811,0.406935372903193,0.618323491255376,0.536362119840362,0.992301441166631,"Gene0730"
48.7635775756475,-0.0842873630857775,0.434708838215015,-0.19389383347225,0.846259012250146,0.997961010251689,"Gene0731"
51.8365010478837,0.436193592071743,0.369832989051181,1.17943397421309,0.238225413403493,0.992301441166631,"Gene0732"
86.4547214057759,0.0493240627322069,0.44772344245845,0.110166361764237,0.912277439277387,0.997961010251689,"Gene0733"
27.670684357844,0.273587896417632,0.388784355288179,0.703700888928106,0.481619066646255,0.992301441166631,"Gene0734"
27.3039321553551,0.00680079214310382,0.41974462467408,0.0162022137826886,0.987073069352931,0.999029830702133,"Gene0735"
111.85644242054,0.0355507292184883,0.367181844871525,0.096820498385282,0.922868945054296,0.997961010251689,"Gene0736"
53.1725152251177,0.284239032642227,0.359175678695217,0.791364921129365,0.428731073927724,0.992301441166631,"Gene0737"
23.1647621031866,0.247178077099073,0.414902443653233,0.595749870554292,0.551342336963388,0.992301441166631,"Gene0738"
144.97756444071,0.382540059268879,0.367863131295506,1.03989779546998,0.298387386797942,0.992301441166631,"Gene0739"
62.5410808071792,-0.267924655345367,0.353801987888773,-0.757272894208826,0.448886386643186,0.992301441166631,"Gene0740"
20.2638724741906,0.866092240830422,0.491293358003323,1.76288204739899,0.0779203855106024,0.937046219552397,"Gene0741"
385.691637322753,0.307607022507235,0.307646743623481,0.99987088725277,0.317372994906574,0.992301441166631,"Gene0742"
15.7327042757074,-0.0626161771698675,0.442840398345857,-0.141396714039094,0.88755655000865,0.997961010251689,"Gene0743"
7.18581593971286,-0.439278745325329,0.576208018178046,-0.76236138940641,0.445844343747995,0.992301441166631,"Gene0744"
4.02486904384965,0.445470045939086,0.70244923022086,0.634166893170377,0.525971911046412,0.992301441166631,"Gene0745"
91.9795256371618,-0.413485847100953,0.362968244487941,-1.13917912484129,0.254628450533953,0.992301441166631,"Gene0746"
32.310695948524,0.349457900467607,0.51078027944438,0.684164824937531,0.493871091169603,0.992301441166631,"Gene0747"
29.9764240563166,-0.564188953273536,0.434100075602445,-1.29967485605837,0.193712431643453,0.973542272845075,"Gene0748"
82.6350328679182,-0.29664272415009,0.361717257002746,-0.82009558130603,0.412161621012138,0.992301441166631,"Gene0749"
29.4779920026673,-0.117092739045773,0.430711087247548,-0.27185912439369,0.785730341865647,0.993191638049143,"Gene0750"
9.02260185899635,0.318548317349954,0.557589763858424,0.571295131290888,0.567799601475355,0.992301441166631,"Gene0751"
5.23464921989581,-0.750269036789385,0.649374087908384,-1.1553726130434,0.247937872042773,0.992301441166631,"Gene0752"
35.9277893891693,0.0298569915897988,0.438900386011825,0.068026806403844,0.945764295282545,0.998251214418204,"Gene0753"
72.6012650194764,-0.389947935913372,0.432034846630032,-0.902584453441781,0.366746480663403,0.992301441166631,"Gene0754"
2.44454936947032,-0.884982098771354,0.979129013677368,-0.903846261737846,0.366076927365324,0.992301441166631,"Gene0755"
70.81716377176,-0.408529457452382,0.352164618789076,-1.16005253127676,0.246027419024451,0.992301441166631,"Gene0756"
86.6081264531399,0.0890005658542615,0.366597879956661,0.242774360464886,0.808180198821662,0.995006281733403,"Gene0757"
278.306670362361,-0.169008623668833,0.375679749042558,-0.449874192312896,0.652801157270041,0.992301441166631,"Gene0758"
77.0629837652622,0.252017398416833,0.302481014290482,0.833167658499098,0.40475017978191,0.992301441166631,"Gene0759"
70.2769461841637,0.575998030365694,0.336559270020278,1.71143118515496,0.0870015444411885,0.954626836533261,"Gene0760"
114.897120236519,0.121872227145338,0.327763554639974,0.371829709008392,0.710019642498364,0.992301441166631,"Gene0761"
57.200530814517,0.0866117662364124,0.393664284791476,0.220014285223489,0.825860029281609,0.997961010251689,"Gene0762"
36.8383340173654,-0.218712311162522,0.480489982752713,-0.45518599557378,0.648975434747334,0.992301441166631,"Gene0763"
54.0833718805835,-0.401436807984469,0.378407279540159,-1.0608591052273,0.288753936581108,0.992301441166631,"Gene0764"
112.071914771696,-0.38219961583103,0.325760192762098,-1.17325451151777,0.240693757931376,0.992301441166631,"Gene0765"
28.779152790793,0.807025131337183,0.411387944646754,1.96171312708288,0.0497958926541991,0.920663880109938,"Gene0766"
26.4722124584267,-0.0338968458733639,0.40086081134354,-0.0845601388665408,0.932611090094053,0.997961010251689,"Gene0767"
21.921028944934,-0.479932714803847,0.477163225563174,-1.00580407100192,0.314509828612129,0.992301441166631,"Gene0768"
16.5979092207701,-0.0783116848381845,0.461557910266599,-0.169668167517595,0.865271109689515,0.997961010251689,"Gene0769"
84.1945430151712,-0.205763945287542,0.39230827270233,-0.524495555166813,0.599933910525172,0.992301441166631,"Gene0770"
432.54903686976,-0.365749885497878,0.32528971351524,-1.12438195953203,0.260851022008452,0.992301441166631,"Gene0771"
17.0851552214224,0.211689953357609,0.432231175153447,0.489760955540647,0.624303062513835,0.992301441166631,"Gene0772"
37.6974241300901,0.239335550201971,0.391051011866191,0.612031532816659,0.54051689501055,0.992301441166631,"Gene0773"
15.9807230139595,0.0734123767552909,0.482438484664568,0.152169404160063,0.879053324850016,0.997961010251689,"Gene0774"
171.286817862894,-0.498762474440503,0.419819276426662,-1.18804090818739,0.234817293213254,0.990483345616371,"Gene0775"
37.6361165832957,0.562179670575291,0.351400036317561,1.5998281516034,0.109636711775707,0.973542272845075,"Gene0776"
64.7814445503188,-0.0417425594785844,0.36006849486611,-0.115929496953368,0.907708418115163,0.997961010251689,"Gene0777"
86.4700773088134,-0.882583935279473,0.334534150478085,-2.63824764681922,0.00833356991938134,0.675932684016347,"Gene0778"
14.2579456489609,-0.88520397176764,0.463195597049941,-1.91108028099887,0.0559942648096068,0.937046219552397,"Gene0779"
48.7116715738624,-0.777494649122308,0.404289507927825,-1.92311359527319,0.0544657853168335,0.935094883754438,"Gene0780"
38.1644883845333,-0.189206901887177,0.405040065437074,-0.467131323621049,0.640405924743736,0.992301441166631,"Gene0781"
145.15470840657,-0.900741074428644,0.40669477196285,-2.21478400147943,0.0267748938510456,0.902188581367456,"Gene0782"
10.2450278003431,-0.0622405640908483,0.49791761672857,-0.125001731209638,0.900522179783885,0.997961010251689,"Gene0783"
14.0266165020518,-0.474050916837401,0.454236225533593,-1.04362199707989,0.29666031158084,0.992301441166631,"Gene0784"
107.860672849751,0.688837748520147,0.415549183130004,1.65765636532281,0.0973868458151333,0.973542272845075,"Gene0785"
28.6403323637389,-0.947743333470335,0.412472535187211,-2.29771258113023,0.0215781530246303,0.902188581367456,"Gene0786"
28.0316118958783,-0.122171376055333,0.376244704257151,-0.32471254657669,0.745398638005332,0.993191638049143,"Gene0787"
53.8384828449584,-0.843174092501103,0.360630988339345,-2.33805224665745,0.0193845380008328,0.902188581367456,"Gene0788"
40.9420120824726,0.298155035727306,0.416767241858446,0.715399402308526,0.4743622817166,0.992301441166631,"Gene0789"
541.263031577126,0.121973473304527,0.381339914057299,0.319854987134129,0.749078261709284,0.993191638049143,"Gene0790"
86.4936348603077,-0.404280249745324,0.32336949442435,-1.25021146618981,0.211222309330683,0.973542272845075,"Gene0791"
65.3474064591594,0.715530608206925,0.423924039829182,1.68787457416957,0.0914353083506167,0.970461399702398,"Gene0792"
165.308626266339,0.242146276660413,0.32472126039014,0.745705028274045,0.455845621034654,0.992301441166631,"Gene0793"
43.6843429586754,0.890559044029187,0.484352248628623,1.8386598731619,0.0659652289130899,0.937046219552397,"Gene0794"
52.2381425980626,-0.411953919595703,0.371360620294653,-1.10930964965763,0.267296623701504,0.992301441166631,"Gene0795"
11.3366237331205,1.00377414656082,0.491815739881601,2.04095571809571,0.0412552287903007,0.902188581367456,"Gene0796"
4.86610124793057,0.894884703134278,0.679295421101583,1.31737190526485,0.187713993435787,0.973542272845075,"Gene0797"
12.5566598682526,-0.359587698559123,0.492007034988398,-0.730858855641367,0.464865369553228,0.992301441166631,"Gene0798"
59.7269492087432,0.00350314392786344,0.339174775208963,0.0103284329611634,0.991759249319038,0.999029830702133,"Gene0799"
14.5924299922543,-0.288198063222104,0.469123729913441,-0.61433273323283,0.538995476314232,0.992301441166631,"Gene0800"
106.454385936108,0.247761194038828,0.3918932506225,0.632216027311707,0.527245725803279,0.992301441166631,"Gene0801"
138.384659498834,0.0934255244334176,0.348045291854272,0.268429214875101,0.788368954173947,0.993191638049143,"Gene0802"
71.0758667692992,0.327407057621586,0.374287632944555,0.874747196550004,0.381711473802592,0.992301441166631,"Gene0803"
43.6283375766834,-0.549745222452969,0.371439735584788,-1.48003880518453,0.138862891000854,0.973542272845075,"Gene0804"
10.3550545007366,0.311790152530311,0.531544341394895,0.586574116680655,0.55748977041959,0.992301441166631,"Gene0805"
36.0612523092024,0.179819875289155,0.389340300423942,0.461857853125798,0.644183260033067,0.992301441166631,"Gene0806"
32.7782294749059,-0.593392715429921,0.434402532250668,-1.36599736736228,0.171939789703326,0.973542272845075,"Gene0807"
93.7446416796591,-0.268588198616707,0.319345566173021,-0.841058173549797,0.400315345426653,0.992301441166631,"Gene0808"
264.9852950808,-0.197262112452228,0.342896434520953,-0.575281900285183,0.565100660489592,0.992301441166631,"Gene0809"
83.7379171821025,-0.183671853028988,0.328930293603793,-0.558391417879638,0.576577131870919,0.992301441166631,"Gene0810"
15.984119369248,0.161088548927878,0.454879513986096,0.354134543268972,0.723238055580105,0.993191638049143,"Gene0811"
418.718979316714,-0.207406994990165,0.3756140280964,-0.552181173960134,0.58082423134963,0.992301441166631,"Gene0812"
169.348039757345,-0.576726603870418,0.320093158150702,-1.80174611416996,0.0715853592139224,0.937046219552397,"Gene0813"
69.9126010393983,0.265270457169027,0.354572910361417,0.748140789714128,0.454375240791541,0.992301441166631,"Gene0814"
2.57157591130622,0.150633999070816,0.945648498558056,0.159291744554669,0.873439024607253,0.997961010251689,"Gene0815"
17.1608868273715,-0.860298378955956,0.47195649464101,-1.82283407204797,0.0683285255844815,0.937046219552397,"Gene0816"
43.4138294373925,0.231398018522114,0.366017262136304,0.632205205764152,0.527252796102531,0.992301441166631,"Gene0817"
128.857853299083,-0.222008719780308,0.362121854052004,-0.613077386233712,0.539825171977611,0.992301441166631,"Gene0818"
13.7561946661263,-1.03399617364003,0.483390404153432,-2.13904985443573,0.0324316309669903,0.902188581367456,"Gene0819"
2236.46370535959,0.465374099569758,0.338765106832243,1.37373681699813,0.169523402608823,0.973542272845075,"Gene0820"
2.07140205737499,1.70608667922348,1.04615343014495,1.63081879776191,0.102928559799671,0.973542272845075,"Gene0821"
36.119594983162,-0.325212532283153,0.397272830485191,-0.81861256881315,0.413007493676417,0.992301441166631,"Gene0822"
35.2773661369073,-0.0195313545781345,0.403750463619555,-0.0483748164721327,0.961417529345406,0.999029830702133,"Gene0823"
25.1348624501645,0.202161957554625,0.397155443651051,0.509024767975353,0.610734863339728,0.992301441166631,"Gene0824"
30.980754346795,0.326005726475035,0.456859746487111,0.713579449670846,0.475487268724854,0.992301441166631,"Gene0825"
108.989430890731,-0.0849962091431445,0.344374591783562,-0.246813241078379,0.805052762558523,0.994550180531624,"Gene0826"
21.2071501109004,0.137214000878905,0.439330827518913,0.312325000396195,0.754793542106228,0.993191638049143,"Gene0827"
5.11243501307688,0.417299113790267,0.662235298984661,0.630137225288459,0.528604806278161,0.992301441166631,"Gene0828"
52.8709895158625,0.0305380298041546,0.354540983662958,0.0861339907410688,0.931359903317602,0.997961010251689,"Gene0829"
46.0562400340978,0.784882832476666,0.37014712079019,2.12046180664893,0.0339671191775704,0.902188581367456,"Gene0830"
56.4291759442535,-0.738962984716118,0.349180927507309,-2.1162753360882,0.0343213971372106,0.902188581367456,"Gene0831"
101.4232585988,0.208994332271338,0.418281144805252,0.499650378380416,0.617321278265098,0.992301441166631,"Gene0832"
61.9115512842838,0.39158570450621,0.456600221835969,0.857611726362423,0.39110689775714,0.992301441166631,"Gene0833"
91.2907739145023,-0.307813827098783,0.397597236492172,-0.774185026572344,0.438821381673416,0.992301441166631,"Gene0834"
4.26238219321578,0.0858873258738857,0.722355495110082,0.118898972120088,0.905355396115242,0.997961010251689,"Gene0835"
13.5391818005953,-0.177364327643866,0.487943102633378,-0.363493871901559,0.716235989847051,0.992301441166631,"Gene0836"
79.6792934283226,-0.242213584087949,0.429666030991817,-0.56372523452421,0.572941141010317,0.992301441166631,"Gene0837"
34.6864899686051,-0.601828862278249,0.469466708781773,-1.2819415115503,0.199863164450048,0.973542272845075,"Gene0838"
148.411144914857,0.224734760555324,0.433628537861448,0.518265614305882,0.604272960623693,0.992301441166631,"Gene0839"
19.2783784861521,0.60182420211126,0.470715069025988,1.27853183743738,0.201061966425367,0.973542272845075,"Gene0840"
121.97567123898,-0.29935471932048,0.48679228627782,-0.614953703579505,0.538585295191767,0.992301441166631,"Gene0841"
28.3700467175227,-0.231088196713635,0.424785869560249,-0.544011025962008,0.586433885437508,0.992301441166631,"Gene0842"
9.14986696049665,0.123358170302321,0.558389017773306,0.220917973627486,0.825156302228026,0.997961010251689,"Gene0843"
37.557994825622,0.691202645709329,0.358004822214809,1.93070764084456,0.0535192174764302,0.929372846090705,"Gene0844"
65.3022731313615,0.737564533920542,0.395546978255757,1.86466987353305,0.0622276920723229,0.937046219552397,"Gene0845"
13.528338704676,-0.225949038606111,0.525477410475079,-0.429988110053738,0.667204290283351,0.992301441166631,"Gene0846"
22.5509297700971,0.11217991158961,0.461318001086703,0.243172629997862,0.807871668669649,0.995006281733403,"Gene0847"
12.5589401381317,0.3729310936728,0.516025470871787,0.722699003680497,0.469864827815023,0.992301441166631,"Gene0848"
147.049501646026,-0.279563313071272,0.387797517473972,-0.720900213318246,0.470970911609072,0.992301441166631,"Gene0849"
141.152707600366,0.136892040734917,0.325001021076812,0.421204955853241,0.673605425820466,0.992301441166631,"Gene0850"
14.8470777846063,0.43047314980176,0.468219734258893,0.919382756224748,0.357895405495242,0.992301441166631,"Gene0851"
99.5641648635813,-0.299506211559967,0.358574499925517,-0.835269132696778,0.40356619282182,0.992301441166631,"Gene0852"
33.9770230424921,0.138476661216335,0.369214367187784,0.375057618345346,0.70761761576708,0.992301441166631,"Gene0853"
13.4148497786258,0.267060170810087,0.521669642741527,0.511933509120078,0.608697545206233,0.992301441166631,"Gene0854"
84.2155982652194,0.41376858349809,0.32831614575387,1.26027485656548,0.207570227014188,0.973542272845075,"Gene0855"
42.5941172738162,0.165506772270555,0.373556922375792,0.443056365326989,0.657724965548153,0.992301441166631,"Gene0856"
148.13348752147,-0.562681365559582,0.415800751970373,-1.35324759008535,0.175976546334511,0.973542272845075,"Gene0857"
50.5333598675137,0.486076794529554,0.357676587271399,1.35898409856144,0.174151627609087,0.973542272845075,"Gene0858"
224.461349792173,-0.0869942787692493,0.336690118572954,-0.25838084924491,0.79611299501727,0.993191638049143,"Gene0859"
21.1870745768537,0.436924050994728,0.403487631214918,1.08286851242288,0.278866789869065,0.992301441166631,"Gene0860"
67.952907317304,0.159070060904983,0.3447732386759,0.461375893082338,0.644528943936706,0.992301441166631,"Gene0861"
88.457255154512,0.0361181534852292,0.360201901831125,0.100271967753692,0.920128411799375,0.997961010251689,"Gene0862"
73.9677679796167,-0.903392593186878,0.331822070394774,-2.72252111534383,0.0064785893165032,0.643108662138178,"Gene0863"
90.6913402762909,-0.0859205523283299,0.421915623435621,-0.203643922044618,0.838631767453103,0.997961010251689,"Gene0864"
45.957651077824,-0.0781997239477857,0.375865333164944,-0.20805250457474,0.83518797147693,0.997961010251689,"Gene0865"
52.1491835112067,0.248293558129935,0.419995531500378,0.591181428152198,0.554398865055238,0.992301441166631,"Gene0866"
278.129097832935,-0.693486496810587,0.383244050337214,-1.80951666751354,0.0703707731246865,0.937046219552397,"Gene0867"
152.387473439393,-0.183419585510548,0.339837444922949,-0.539727414535308,0.589385031015375,0.992301441166631,"Gene0868"
27.8191522292317,0.0310241108030187,0.447238749720803,0.0693681189798201,0.944696605138763,0.997961010251689,"Gene0869"
274.676466704978,-0.371346253513775,0.356237103839476,-1.04241318355515,0.297220156830313,0.992301441166631,"Gene0870"
63.3178434389023,0.212133357923056,0.327181625111232,0.648365744411645,0.51674842079204,0.992301441166631,"Gene0871"
19.5263807714586,0.406489669869529,0.475740292817372,0.854436077848829,0.392863413125869,0.992301441166631,"Gene0872"
68.5650638546943,0.0909777086233849,0.384803652572987,0.236426312523447,0.813101880412681,0.995329528434693,"Gene0873"
46.8460996697879,0.584604082805649,0.387585380569393,1.50832335818967,0.131471787817239,0.973542272845075,"Gene0874"
62.8628956638461,0.17044437000271,0.351633257731703,0.484721983074649,0.627873570580829,0.992301441166631,"Gene0875"
12.331324126018,0.20590074602986,0.510200847909154,0.403568020072211,0.686530406296959,0.992301441166631,"Gene0876"
22.7866194588938,0.583128464066266,0.430436582235063,1.35473723222674,0.175501291004633,0.973542272845075,"Gene0877"
316.855032972503,0.0447075858567769,0.28569014269919,0.156489773971133,0.875646979130687,0.997961010251689,"Gene0878"
185.396217441335,0.142974337998886,0.318978598648779,0.44822548786827,0.653990469844765,0.992301441166631,"Gene0879"
19.12421375252,-0.122812772274953,0.463551103804651,-0.264939013772058,0.791056443239132,0.993191638049143,"Gene0880"
19.9908924840973,0.217136310432242,0.397998906958965,0.545570117494392,0.585361470031487,0.992301441166631,"Gene0881"
328.832364474782,0.340987799068425,0.328105321045466,1.03926324017517,0.298682326003605,0.992301441166631,"Gene0882"
509.425174199473,-0.245506996930957,0.317028109369511,-0.774401353303367,0.438693483607964,0.992301441166631,"Gene0883"
22.2985938885171,-0.230959606532774,0.433393315273839,-0.532909942062309,0.594095922681416,0.992301441166631,"Gene0884"
9.50973961513327,-0.519015296240903,0.52746060080156,-0.98398874807365,0.32512104532273,0.992301441166631,"Gene0885"
1194.62778084812,0.458512279346958,0.443294187987681,1.03432955308609,0.300982125482652,0.992301441166631,"Gene0886"
55.2199194047138,0.162334912708078,0.407225228636426,0.398636678900393,0.690160931216502,0.992301441166631,"Gene0887"
49.7719305232296,-0.0499679757003699,0.346455971440044,-0.144226048385537,0.8853219723436,0.997961010251689,"Gene0888"
62.4657858130502,-0.332311811390298,0.465875312208817,-0.713306334724489,0.475656218422088,0.992301441166631,"Gene0889"
312.257921684235,0.261730274332223,0.311650173031335,0.839820725226766,0.401008911235451,0.992301441166631,"Gene0890"
46.4107520771384,0.346207232780885,0.338519652309694,1.02270940673234,0.306445262438839,0.992301441166631,"Gene0891"
351.782176066838,0.349757052346741,0.375936795591253,0.930361317243934,0.352184039910871,0.992301441166631,"Gene0892"
32.5027924706836,-0.0730370922659572,0.374149123716818,-0.195208508148844,0.845229718652083,0.997961010251689,"Gene0893"
88.6793470078662,-0.0689740345669456,0.313539792994869,-0.219984946434133,0.825882878553248,0.997961010251689,"Gene0894"
10.6032141557485,-0.0278650341897868,0.51871911895975,-0.0537189264310672,0.957159103461798,0.999029830702133,"Gene0895"
64.5022915580849,-0.56049081198957,0.45900665798951,-1.2210951676487,0.222049989136176,0.974639411704289,"Gene0896"
185.526323965112,-0.241911023969275,0.472170556453173,-0.512338223260786,0.608414318385848,0.992301441166631,"Gene0897"
41.850750089317,-0.102736827086162,0.358548463082553,-0.286535399434993,0.774468084671229,0.993191638049143,"Gene0898"
315.240874421644,-0.114544064599348,0.311605136983575,-0.36759363375125,0.713176262500478,0.992301441166631,"Gene0899"
1562.17763234255,-0.86125672032165,0.307751663629477,-2.79854448279628,0.00513334982200208,0.643108662138178,"Gene0900"
165.25592045969,-0.781098773206267,0.42320176279231,-1.84568884603063,0.0649373976860499,0.937046219552397,"Gene0901"
33.6025319821737,-0.247479124676182,0.409331999879148,-0.604592664998701,0.545449681564434,0.992301441166631,"Gene0902"
62.9929377944868,0.437014497053337,0.374292676770191,1.16757426520972,0.242978535830791,0.992301441166631,"Gene0903"
31.3459606546867,0.540190092696521,0.376061567408174,1.43644057120627,0.150877015509547,0.973542272845075,"Gene0904"
833.71584073691,-0.0903492944641565,0.275165340865702,-0.328345474687717,0.742650464464793,0.993191638049143,"Gene0905"
1.5822048888854,-1.16458270149078,1.09287122703333,-1.06561749699653,0.286596586454093,0.992301441166631,"Gene0906"
58.4598140881142,-0.375959126106328,0.417437055873116,-0.900636684781057,0.367781522915796,0.992301441166631,"Gene0907"
50.7024708024711,0.0618974938675386,0.359557403209806,0.172149129221018,0.863320289714918,0.997961010251689,"Gene0908"
68.1487369031089,-0.0283752317988838,0.391866333385448,-0.0724104863863702,0.942275239773687,0.997961010251689,"Gene0909"
8.29197938588691,-0.251597705704746,0.595716561371517,-0.422344655192216,0.672773468303284,0.992301441166631,"Gene0910"
60.6495399478029,0.306970377807269,0.375125246096259,0.818314365673215,0.413177705273949,0.992301441166631,"Gene0911"
55.9445960283066,0.919781961779418,0.438851585195028,2.09588387693908,0.0360924933031719,0.902188581367456,"Gene0912"
271.024875209644,-0.440752108206236,0.278538462251063,-1.58237431428397,0.113564144844172,0.973542272845075,"Gene0913"
111.760899592234,0.646163197048633,0.317546281509425,2.03486305673983,0.0418646541366543,0.902188581367456,"Gene0914"
246.253893075891,0.199357972248538,0.325604456105824,0.612270405119227,0.540358866833683,0.992301441166631,"Gene0915"
14.000602628619,0.0795430629405575,0.454476994053169,0.175021098936532,0.861063054914493,0.997961010251689,"Gene0916"
43.3603813860021,0.118918230179705,0.349113060601687,0.340629565604771,0.733382469005757,0.993191638049143,"Gene0917"
69.6369787362886,-0.534945346762289,0.376357380862306,-1.42137599516881,0.155207481205267,0.973542272845075,"Gene0918"
77.7403808114208,0.176949981919561,0.382571102600284,0.462528352812997,0.643702474815809,0.992301441166631,"Gene0919"
25.6422057358886,0.395712110222474,0.429544257305631,0.921237110011962,0.356926647348093,0.992301441166631,"Gene0920"
306.550513929616,-0.11079753209214,0.308148291623599,-0.35955913144402,0.719176850575093,0.992533635520705,"Gene0921"
26.0536509420223,-0.0785530438010892,0.396588841177178,-0.198071744953598,0.842988931112855,0.997961010251689,"Gene0922"
8.89813195457918,0.605742971564148,0.527978851422539,1.14728643000016,0.251263260540715,0.992301441166631,"Gene0923"
92.6781431430337,-0.153194301351077,0.33123273680348,-0.462497465768208,0.643724619254393,0.992301441166631,"Gene0924"
120.818031321214,-0.654673863559465,0.312613686345371,-2.09419450316769,0.0362426572440151,0.902188581367456,"Gene0925"
217.571825030222,-0.293613799022417,0.300198720882545,-0.978064790413601,0.328042280639769,0.992301441166631,"Gene0926"
15.2440161175539,-0.019369046201744,0.479108017533623,-0.0404273055196466,0.967752461382511,0.999029830702133,"Gene0927"
46.5247754125381,-0.101701513435837,0.411180570630377,-0.247340270188154,0.804644895632831,0.994353871645274,"Gene0928"
9.63414052874634,-0.324018934834786,0.549160381320435,-0.590026057698654,0.555173179872147,0.992301441166631,"Gene0929"
123.118747934554,0.357066251273955,0.394448638146685,0.905228759190625,0.365344208953286,0.992301441166631,"Gene0930"
66.1171643587301,-0.19567711411245,0.3932326321741,-0.497611586888384,0.618757835317995,0.992301441166631,"Gene0931"
173.495652548648,0.603665692842333,0.317679156668349,1.90023701640756,0.0574020225854114,0.937046219552397,"Gene0932"
116.216860389656,0.104014620650647,0.349636527916556,0.297493575029069,0.766089712470453,0.993191638049143,"Gene0933"
21.4323112256039,-0.228091272262873,0.463273291548052,-0.492347123013922,0.622473972759879,0.992301441166631,"Gene0934"
65.938016992873,0.245581501802408,0.374964830117988,0.654945429749058,0.512502889238896,0.992301441166631,"Gene0935"
7.0809603814432,-0.494987212676219,0.611534868552421,-0.80941780776608,0.418274862513371,0.992301441166631,"Gene0936"
81.9960635366037,0.0511656694696934,0.332688816937018,0.153794377402772,0.87777186727561,0.997961010251689,"Gene0937"
169.25066465022,-0.133134290911985,0.365019924766354,-0.364731571837353,0.715311788828481,0.992301441166631,"Gene0938"
13.0331619665266,-0.0786957486281648,0.476295973613866,-0.165224467532374,0.868767307619961,0.997961010251689,"Gene0939"
5.00820885362708,0.0763838669023135,0.687219678877294,0.111149126327554,0.911498092875133,0.997961010251689,"Gene0940"
11.0760242045851,0.036590731721724,0.496045337995144,0.0737648938897642,0.941197461511161,0.997961010251689,"Gene0941"
14.7433309377288,-0.354382260062299,0.505364729592602,-0.701240587858166,0.483152884074483,0.992301441166631,"Gene0942"
204.617420254457,-0.0464535490782828,0.413615583285342,-0.112310925785975,0.910576879090274,0.997961010251689,"Gene0943"
59.1008653586167,-0.315014902177873,0.412915299737141,-0.762904407703975,0.445520407351381,0.992301441166631,"Gene0944"
9.72841261964026,-0.736332679753332,0.573296714281664,-1.28438321973631,0.199007901360021,0.973542272845075,"Gene0945"
113.948980397003,0.443483849065428,0.379996297807805,1.16707413104781,0.243180433735142,0.992301441166631,"Gene0946"
3.28390611637217,0.323308596975697,0.776746923776951,0.416234151792454,0.677238671501623,0.992301441166631,"Gene0947"
52.1459727830138,0.301820754174976,0.327583638395145,0.92135478943215,0.356865224635233,0.992301441166631,"Gene0948"
185.988705565856,-0.412407864776132,0.326521673512678,-1.26303366125593,0.206577082802047,0.973542272845075,"Gene0949"
34.8409788020914,0.388505104335769,0.37615662743899,1.03282801895809,0.30168438900163,0.992301441166631,"Gene0950"
261.989217640748,-0.509790693280855,0.355257887048725,-1.43498768603253,0.151290606626081,0.973542272845075,"Gene0951"
456.621371622667,0.275362024273315,0.35213927360449,0.781969081308982,0.434232744458107,0.992301441166631,"Gene0952"
13.9017028894965,-0.557755784457149,0.448894341320808,-1.24251017024637,0.214048390452624,0.973542272845075,"Gene0953"
17.1901482715899,-0.1388473821674,0.444307513350058,-0.312502890442923,0.754658366725214,0.993191638049143,"Gene0954"
22.287408857917,-0.590327280192862,0.437455939698508,-1.34945540023919,0.177190736542006,0.973542272845075,"Gene0955"
120.360444917778,-0.159760294865588,0.31905168365294,-0.500734843447411,0.61655774674676,0.992301441166631,"Gene0956"
143.489078269774,0.481973820582649,0.351690702603228,1.37044800165333,0.170547096633196,0.973542272845075,"Gene0957"
232.999865557487,0.372927934730353,0.324264199416599,1.15007433876853,0.250113254485829,0.992301441166631,"Gene0958"
293.453965794149,0.189999416748928,0.309546660254485,0.613798955520068,0.53934818755008,0.992301441166631,"Gene0959"
152.436259210018,-0.69116917763906,0.306376718445002,-2.25594549464153,0.0240740448469463,0.902188581367456,"Gene0960"
177.573978486028,-0.0893042840638364,0.277738190642644,-0.321541246658228,0.747800260021512,0.993191638049143,"Gene0961"
54.4206865460243,-0.465460947179233,0.420307009178235,-1.10743084701176,0.268107695304269,0.992301441166631,"Gene0962"
16.4427680764966,-0.762075905250425,0.449242994007266,-1.69635568148248,0.0898185413941114,0.965048316418432,"Gene0963"
23.3162845632575,-0.282428905951167,0.476687750052295,-0.592481988304048,0.553527878489471,0.992301441166631,"Gene0964"
94.0565631071079,0.359683796204414,0.365950470201004,0.982875622503919,0.32566865697939,0.992301441166631,"Gene0965"
442.404471526269,-0.691723517516048,0.36654026549887,-1.88716924885346,0.05913756496783,0.937046219552397,"Gene0966"
414.101251792873,0.13696174190788,0.347592533779605,0.394029585211751,0.693559196694777,0.992301441166631,"Gene0967"
5.23499478873856,0.338909289772256,0.651490413717062,0.520206103783812,0.602919931541492,0.992301441166631,"Gene0968"
18.5168056275717,0.0779988801127107,0.450083474076238,0.173298698142156,0.862416646942848,0.997961010251689,"Gene0969"
348.015036482468,0.393825626946081,0.319302073026185,1.2333951458993,0.217428375137093,0.973542272845075,"Gene0970"
11.9229344457009,-0.113961161547304,0.51097646758276,-0.22302624245381,0.823515082319185,0.997961010251689,"Gene0971"
6.95051779411225,-0.146094403170688,0.578822843458767,-0.252399166379989,0.800732544425293,0.993191638049143,"Gene0972"
99.9316906433998,0.723453030887855,0.370936621333168,1.95034135019541,0.0511354472526857,0.922909944245504,"Gene0973"
387.351694580565,-0.222175156366763,0.348554370526604,-0.637418937054486,0.523851996551111,0.992301441166631,"Gene0974"
490.411122550929,0.100465618256131,0.298869578244822,0.336152039448569,0.736756217492064,0.993191638049143,"Gene0975"
139.59807782395,0.674245204148678,0.372258338135654,1.81122928642898,0.0701053665816176,0.937046219552397,"Gene0976"
124.010585425094,0.94686123057305,0.463376496997457,2.04339502911441,0.0410133491582614,0.902188581367456,"Gene0977"
74.7986728778161,0.587199888524498,0.453890624777565,1.29370349698733,0.195767856976094,0.973542272845075,"Gene0978"
47.8530218564605,0.0380501934537968,0.432433692877751,0.0879908158880524,0.929883975689063,0.997961010251689,"Gene0979"
140.450272801931,0.135634100541704,0.360650527305809,0.376081802943533,0.706856082112057,0.992301441166631,"Gene0981"
36.4255901605241,-0.122515997856127,0.347408076535249,-0.352657310325071,0.724345366999591,0.993191638049143,"Gene0982"
190.050507181954,-0.643926371795093,0.411075114084987,-1.56644454926057,0.117244580486246,0.973542272845075,"Gene0983"
25.3704582699019,0.0349022466339184,0.4384623281873,0.0796014717574757,0.936554224640019,0.997961010251689,"Gene0984"
9.03113593507178,0.478732423032547,0.515368836253797,0.928912245669415,0.352934566215297,0.992301441166631,"Gene0985"
204.757605983605,-0.328085262750862,0.352728903480798,-0.930134331247744,0.352301537341293,0.992301441166631,"Gene0986"
63.0481587148726,0.324684654205045,0.330597263800981,0.982115370442099,0.326043014015787,0.992301441166631,"Gene0987"
4009.59979436715,0.47691469737033,0.39638281930796,1.20316692384138,0.228911731726469,0.982460184680701,"Gene0988"
131.067106626818,-0.24913482306701,0.394647340296775,-0.631284687943571,0.527854396929568,0.992301441166631,"Gene0989"
208.359896455156,-0.445055901391619,0.301747990652528,-1.47492581617259,0.140232488792212,0.973542272845075,"Gene0990"
149.058254823329,-0.0687111453804309,0.398708912052748,-0.172334109680851,0.863174869838817,0.997961010251689,"Gene0991"
26.0256535749273,-0.542469238733372,0.429972143940259,-1.2616380999992,0.207079039926041,0.973542272845075,"Gene0992"
34.4330973598436,0.009889255096883,0.405831183894409,0.0243679034271945,0.980559150074342,0.999029830702133,"Gene0993"
174.378951946327,-0.0175170457256689,0.306154670694715,-0.0572163269171098,0.954372872466711,0.999029830702133,"Gene0994"
179.398751755931,0.208705061581966,0.33517102778756,0.622682285398034,0.533493325963047,0.992301441166631,"Gene0995"
144.633117904564,-0.532666887155365,0.374186503705988,-1.42353313622958,0.154581663332297,0.973542272845075,"Gene0996"
17.813953526442,0.524342948482298,0.5466095796455,0.959264103681383,0.337425714044749,0.992301441166631,"Gene0997"
396.962095876625,0.140462780092276,0.341646956740185,0.411134293226251,0.680974065265293,0.992301441166631,"Gene0998"
9.38088114341568,-1.41234845981218,0.609000175089962,-2.31912652505157,0.0203881769153507,0.902188581367456,"Gene0999"
28.4996289174707,-0.193299509005204,0.384557803653828,-0.502653975991626,0.615207573147528,0.992301441166631,"Gene1000"
929.096644275102,0.0185953799510479,0.40261648079273,0.04618633572683,0.963161733363135,0.999029830702133,"Gene1001"
92.1995194256712,-0.44801258524066,0.407441928270856,-1.09957408443942,0.271517738629347,0.992301441166631,"Gene1002"
168.974472977851,-0.563633565397062,0.44861968453394,-1.25637279153858,0.208980841621962,0.973542272845075,"Gene1003"
104.023547459945,0.548860617264234,0.313693833975603,1.74966976656264,0.0801753135064646,0.937046219552397,"Gene1004"
12.9086678984233,-0.271229267287422,0.469549379899971,-0.577637366585816,0.563508973663338,0.992301441166631,"Gene1005"
18.995874748281,-0.873417683769861,0.424171247581032,-2.05911571977308,0.03948315428886,0.902188581367456,"Gene1006"
59.1629149323856,-0.491108725244839,0.374565435377219,-1.31114267057303,0.18980956679686,0.973542272845075,"Gene1007"
1.33848757184129,-3.0399646075071,2.44613913823536,-1.24276029927722,0.213956176228478,0.973542272845075,"Gene1008"
15.3581530009182,0.230207914472534,0.530737588195897,0.433750914939086,0.664469329248351,0.992301441166631,"Gene1009"
126.062736391102,0.823884263909968,0.329558898536633,2.49996060664217,0.0124207117167837,0.840819027064982,"Gene1010"
30.7232816515953,0.00592387017144647,0.402326018273323,0.0147240543797544,0.988252328817673,0.999029830702133,"Gene1011"
45.4245066216192,-0.504945261071761,0.526994990374938,-0.958159508712808,0.337982331651935,0.992301441166631,"Gene1012"
173.911860355015,-0.478486106221409,0.368420168412305,-1.29875111963449,0.194029354456837,0.973542272845075,"Gene1013"
28.9673034852402,-0.383767122616852,0.438830075373039,-0.874523293077897,0.381833340800871,0.992301441166631,"Gene1014"
133.126626214531,-0.178373409407246,0.367905683242875,-0.484834612596869,0.627793668050902,0.992301441166631,"Gene1015"
12.9024395451437,-0.437345280752472,0.479709313845557,-0.911688116385573,0.361932921458597,0.992301441166631,"Gene1016"
8.88871081055741,-0.851824969575716,0.563617394164363,-1.51135323074736,0.130698478487376,0.973542272845075,"Gene1017"
7.33190292043976,1.00710118453972,0.587080975286506,1.71543829034528,0.0862649002437376,0.954626836533261,"Gene1018"
72.1301633177014,0.63679373191876,0.322339087955383,1.97553990723862,0.0482069104736088,0.918998076200182,"Gene1019"
43.5011925424599,0.224692057530173,0.420683954981806,0.534111308190707,0.593264526495428,0.992301441166631,"Gene1020"
308.493869460473,-0.458566035490457,0.294856039768126,-1.55522008588012,0.119893662186089,0.973542272845075,"Gene1021"
47.2322465422982,-0.145076715594534,0.425565476842668,-0.340903394398623,0.733176309366034,0.993191638049143,"Gene1022"
287.00845938484,0.365205541084562,0.36908491190636,0.989489218614327,0.322423842228859,0.992301441166631,"Gene1023"
479.792642532428,0.626553880212625,0.335656358763285,1.86665279490352,0.0619500897976392,0.937046219552397,"Gene1024"
30.2219788784899,-0.251544625998385,0.400720902838717,-0.627730233727356,0.530180676018892,0.992301441166631,"Gene1025"
68.6797270909915,0.030632985209151,0.377233619313331,0.0812042820173648,0.93527949420762,0.997961010251689,"Gene1026"
13.5194337854831,-0.879907543271722,0.517122829025684,-1.7015445729394,0.0888407754137528,0.961599070467558,"Gene1027"
115.679043531527,-0.672338414758905,0.343375513076616,-1.95802667678545,0.0502268825020163,0.920663880109938,"Gene1028"
15.9752800141617,-0.0119393070450897,0.562320208597597,-0.0212322211838444,0.98306041128356,0.999029830702133,"Gene1029"
17.782398558866,-0.353624012514876,0.430571478975922,-0.821289913015004,0.411481151918507,0.992301441166631,"Gene1030"
70.7585078658887,-0.169350518643769,0.369264487673983,-0.458615773508351,0.646510107472535,0.992301441166631,"Gene1031"
57.749744355081,-0.523628495057471,0.357139131618509,-1.46617508051961,0.142600595592335,0.973542272845075,"Gene1032"
67.2815479101583,-0.0261765395661769,0.37763584340032,-0.0693168829803794,0.944737387385392,0.997961010251689,"Gene1033"
61.8442792458133,0.0911458605878017,0.348870320484369,0.261260001886246,0.793892009492168,0.993191638049143,"Gene1034"
29.8941394920995,0.345377247760978,0.504059285680746,0.685191717665783,0.493222949557719,0.992301441166631,"Gene1035"
53.8635758015069,-0.00547975361341748,0.40238916859168,-0.0136180445229081,0.989134708357998,0.999029830702133,"Gene1036"
281.571135604204,-0.432824780036598,0.329741189098728,-1.31261969795046,0.189311128696309,0.973542272845075,"Gene1037"
45.8198124318704,0.264483723361126,0.339312955472805,0.779468390744435,0.435703850596278,0.992301441166631,"Gene1038"
12.6558213485941,-0.052592355830408,0.488912733647458,-0.107570026736777,0.914336774192082,0.997961010251689,"Gene1039"
18.8849308960194,-0.311015164036674,0.542466939317911,-0.57333478133753,0.56641803970963,0.992301441166631,"Gene1040"
13.7854871321642,0.237537379283078,0.459125458979527,0.517369217143914,0.604898444004891,0.992301441166631,"Gene1041"
22.5287946968541,-0.198505861837436,0.47964506472561,-0.41385990691053,0.678976707739802,0.992301441166631,"Gene1042"
12.1997510709781,-0.399381540900129,0.498262880916799,-0.801547849932692,0.422814554438112,0.992301441166631,"Gene1043"
1.95655352136549,0.00864892542814759,1.02793212582011,0.00841390711594627,0.99328675262567,0.999029830702133,"Gene1044"
120.972767096728,0.216538467536605,0.301817781941217,0.717447680331767,0.473097908310282,0.992301441166631,"Gene1045"
112.899845602912,0.393215560849785,0.419131729838104,0.93816700778457,0.348158590393107,0.992301441166631,"Gene1046"
37.0469135610853,1.20740607758584,0.40414760409718,2.9875373881853,0.00281234893321254,0.561626081962544,"Gene1047"
20.696177803992,0.413576330370485,0.416490563316234,0.993002883612667,0.320708549208701,0.992301441166631,"Gene1048"
22.8097571879973,0.0230853026023791,0.414524879397745,0.0556909940747568,0.955587974056576,0.999029830702133,"Gene1049"
57.5459080030047,-0.0185305692482335,0.366342026908258,-0.050582701102088,0.959658047698133,0.999029830702133,"Gene1050"
60.1531160835289,0.473836143280436,0.363004175738379,1.30531871242698,0.191784344834764,0.973542272845075,"Gene1051"
93.5637586776121,0.221619872398486,0.311531951638669,0.711387295051946,0.476844269802838,0.992301441166631,"Gene1052"
57.6091846241532,0.874307660448031,0.406678453630827,2.14987455726314,0.0315651386512579,0.902188581367456,"Gene1053"
111.172381273165,-0.525644107291331,0.394888464786293,-1.33112044074471,0.183149384122576,0.973542272845075,"Gene1054"
83.6576760158997,0.62913659097577,0.391671022491938,1.60628832578167,0.108210574193182,0.973542272845075,"Gene1055"
93.8805570540213,-0.371057116448161,0.374425109790859,-0.991004894558009,0.321683190276638,0.992301441166631,"Gene1056"
84.2962046436718,-0.022070674178559,0.353409035924917,-0.0624507919578151,0.95020384772946,0.998838723318217,"Gene1057"
398.773269527049,-0.220204534847648,0.409852298342901,-0.537277784553047,0.591075748406199,0.992301441166631,"Gene1058"
18.4024194701385,0.487300126754981,0.430735352207661,1.13132141176109,0.257919835412252,0.992301441166631,"Gene1059"
301.81558556178,0.440945064578525,0.35881998805378,1.22887542293891,0.219118517463233,0.973542272845075,"Gene1060"
34.3517487885706,-0.284044784617139,0.392262614942088,-0.724118928996264,0.468992724501499,0.992301441166631,"Gene1061"
55.7880934281829,-0.701641125374409,0.34154240996367,-2.0543308968542,0.0399436762944497,0.902188581367456,"Gene1062"
61.0672884904473,1.17493034693081,0.352026259325439,3.33762131604114,0.000844988251636078,0.310483815137127,"Gene1063"
31.003316206391,0.0513209763920679,0.394533045211417,0.130080298760695,0.89650289698445,0.997961010251689,"Gene1064"
2.19143314729072,-1.37403709032545,0.971948212401798,-1.41369372646928,0.157451848147588,0.973542272845075,"Gene1065"
46.5252267788684,1.14786008094998,0.380496927755125,3.01673941948016,0.00255509352954041,0.561626081962544,"Gene1066"
58.5062152362288,0.505404566098591,0.378092788094465,1.33672099022507,0.181313727696873,0.973542272845075,"Gene1067"
3.28411103601917,0.320269259580175,0.858586788442577,0.373019086586603,0.709134238499886,0.992301441166631,"Gene1068"
108.131765022512,-0.105961001822194,0.328213590042286,-0.322841603873081,0.746815203311317,0.993191638049143,"Gene1069"
21.2833109260134,0.0813529326625528,0.484417230119359,0.167939799834344,0.866630639022807,0.997961010251689,"Gene1070"
273.888847498401,0.221571691296932,0.419458887865791,0.52823220035768,0.597338182667486,0.992301441166631,"Gene1071"
61.911773496888,0.187083135020345,0.37726923194558,0.495887602748722,0.619973713314351,0.992301441166631,"Gene1072"
23.901241348172,0.0642507973881856,0.494098674072436,0.130036368765414,0.896537652852161,0.997961010251689,"Gene1073"
70.8501534963783,0.199132278239388,0.434595337255935,0.458201598518574,0.64680761155431,0.992301441166631,"Gene1074"
70.7200557282532,-0.123917304200921,0.318010170442658,-0.389664594778314,0.696784580337118,0.992301441166631,"Gene1075"
170.245785889011,0.321050486607252,0.321585603005308,0.99833600636019,0.318116453342494,0.992301441166631,"Gene1076"
39.8255906195775,-0.144651055536595,0.360292974373373,-0.401481754641967,0.688065468563968,0.992301441166631,"Gene1077"
4.0347864171215,0.271419169902059,0.769022860232955,0.352940314179788,0.724133186852996,0.993191638049143,"Gene1078"
11.1817944197929,0.571559082085391,0.606167078974808,0.94290683527725,0.345728558383232,0.992301441166631,"Gene1079"
18.6444579853204,-0.27915735710247,0.433481789030129,-0.643988661500766,0.519582786551104,0.992301441166631,"Gene1080"
96.593751152562,0.850925351783911,0.432446340848427,1.96770158839698,0.04910238297095,0.918998076200182,"Gene1081"
36.6143337637357,0.512823108472067,0.405401450276239,1.26497600865175,0.205879928233803,0.973542272845075,"Gene1082"
29.1956257903008,-0.736388198463014,0.442027160449954,-1.66593427814124,0.0957265053301692,0.973542272845075,"Gene1083"
19.509058771724,0.0041926805015306,0.466925542792454,0.0089793342134513,0.992835624140339,0.999029830702133,"Gene1084"
63.1214439978297,-0.174021786029474,0.351307369788542,-0.495354783289121,0.620349706528887,0.992301441166631,"Gene1085"
28.3946248135401,0.340537788154726,0.427432874380626,0.796704719187039,0.425622542528112,0.992301441166631,"Gene1086"
35.2072696079174,-0.286117583697768,0.439027219259991,-0.651708074456153,0.514589512726547,0.992301441166631,"Gene1087"
18.5021355343352,0.0441685290390846,0.467823374118576,0.0944128307447278,0.924781223872946,0.997961010251689,"Gene1088"
9.99636159981137,-0.638952263105859,0.523110574312467,-1.22144780564921,0.221916516209039,0.974639411704289,"Gene1089"
185.715629675511,0.340015174423108,0.377361306779688,0.901033487838796,0.367570514756763,0.992301441166631,"Gene1090"
9.39840171252624,0.346667331934636,0.558354792717952,0.620872850839398,0.53468328548276,0.992301441166631,"Gene1091"
57.9141852634503,0.316692582816426,0.338764233432656,0.934846573404221,0.349867373900699,0.992301441166631,"Gene1092"
24.7167033224212,-0.41041090501007,0.386464914245507,-1.06196161638971,0.288253110744734,0.992301441166631,"Gene1093"
17.9086743313399,0.301570907046005,0.471909924218552,0.639043367323508,0.522794720083967,0.992301441166631,"Gene1094"
61.5800279911351,-0.436535792150167,0.346861571619795,-1.25853028374289,0.208200042129579,0.973542272845075,"Gene1095"
88.1278957200165,0.498470811918563,0.351595850492744,1.41773803991139,0.156267259706802,0.973542272845075,"Gene1096"
249.526659531403,0.531426691011848,0.339168027384808,1.56685373650775,0.117148883504678,0.973542272845075,"Gene1097"
60.688867042258,-0.485157482346427,0.331059279196327,-1.46547012222157,0.142792698147544,0.973542272845075,"Gene1098"
49.1672958903591,0.00204669022155011,0.39181183862704,0.0052236558974889,0.995832144562876,0.999029830702133,"Gene1099"
1107.7534260687,-0.138376606023176,0.274758962362504,-0.503629089414774,0.614522046951697,0.992301441166631,"Gene1100"
22.4375663947818,0.288493621170417,0.389014272258584,0.741601637121043,0.458328731356681,0.992301441166631,"Gene1101"
19.6117528509758,-0.594859279593924,0.400261152402587,-1.48617790166059,0.137232071067794,0.973542272845075,"Gene1102"
27.6927795147345,-0.441021649891208,0.443339509317276,-0.99477181848819,0.319847255568625,0.992301441166631,"Gene1103"
44.9862343946381,0.277022175130805,0.4220494277928,0.656373772568662,0.511583661386806,0.992301441166631,"Gene1104"
109.753526235665,0.26882712156315,0.315525282902546,0.851998670566697,0.394214829922693,0.992301441166631,"Gene1105"
70.440143100205,-0.814825771813282,0.407330384981358,-2.00040508112493,0.0454565401687003,0.907767107168944,"Gene1106"
40.2618892416495,0.232503737701927,0.422709879329732,0.550031473289897,0.5822977866208,0.992301441166631,"Gene1107"
16.8189640762376,0.0439669381081874,0.487314105569802,0.0902229949957598,0.92811001148111,0.997961010251689,"Gene1108"
199.928276849693,0.738902862387258,0.328828007476117,2.24708007100315,0.0246349103170538,0.902188581367456,"Gene1109"
210.692804029968,-0.0605552518027374,0.350402210143912,-0.17281640939955,0.86279573827775,0.997961010251689,"Gene1110"
16.4248091497807,-0.763913774576014,0.494159553440702,-1.54588486503415,0.122132376403866,0.973542272845075,"Gene1111"
109.633416899157,0.361983926088147,0.419197305115674,0.863516825300822,0.387853372709707,0.992301441166631,"Gene1112"
94.4091493518367,-0.235987117113131,0.421466217687249,-0.559919412777815,0.575534406803819,0.992301441166631,"Gene1113"
158.724664258981,0.401364073366142,0.376746487916551,1.0653425744875,0.28672093320821,0.992301441166631,"Gene1114"
58.8622113533056,0.189905997227564,0.359344017655076,0.528479640392537,0.597166474398634,0.992301441166631,"Gene1115"
12.0665429840771,0.565540255733263,0.635658272327042,0.889692277051491,0.373631142015688,0.992301441166631,"Gene1116"
164.781442388418,-0.0944975146132381,0.341550494770934,-0.276672164321163,0.782031847461853,0.993191638049143,"Gene1117"
22.3228580399052,0.0192868275629301,0.44265949126022,0.043570346832555,0.965246889041422,0.999029830702133,"Gene1118"
87.3064907351183,-0.365876566648572,0.332168029035019,-1.10148037940761,0.270687639260462,0.992301441166631,"Gene1119"
341.973289199239,-0.105724930855328,0.287550917712226,-0.36767377303638,0.713116498853735,0.992301441166631,"Gene1120"
10.607876548309,0.856374845073108,0.512604689661604,1.67063404284975,0.0947939840304341,0.973542272845075,"Gene1121"
318.585536524519,-0.135086586625563,0.304835887675959,-0.443145285994544,0.65766065111495,0.992301441166631,"Gene1122"
187.518570127768,0.724124987439101,0.433618939655082,1.66995700883153,0.0949278697543952,0.973542272845075,"Gene1123"
28.624853008541,-0.682142534594641,0.396431807381575,-1.72070586136915,0.0853042122346104,0.954626836533261,"Gene1124"
40.9416443661117,-0.151123238961313,0.3417025105527,-0.442265521306452,0.658297077691296,0.992301441166631,"Gene1125"
17.551069537468,-0.690818511724208,0.479558972330599,-1.44052880163395,0.149717847501193,0.973542272845075,"Gene1126"
31.2311477085109,0.208000733733329,0.40026356222354,0.519659427847605,0.603300969800057,0.992301441166631,"Gene1127"
105.793678457185,-0.499830737018035,0.376187374978069,-1.32867493771468,0.183955236866507,0.973542272845075,"Gene1128"
18.7468129283136,-0.224350845094205,0.475948901114413,-0.471375907306221,0.637372317783974,0.992301441166631,"Gene1129"
51.89689333591,0.853179712861625,0.344652830376892,2.47547571835878,0.0133058809279072,0.857253377328387,"Gene1130"
44.0302684454574,-0.27238280113493,0.377873157228798,-0.720831305225539,0.471013312041152,0.992301441166631,"Gene1131"
49.7772987581342,0.349868795689667,0.771378099524968,0.453563299120268,0.650143174030742,0.992301441166631,"Gene1132"
78.8206242445482,-0.180330081600924,0.449698978591263,-0.401001759367632,0.688418828584091,0.992301441166631,"Gene1133"
344.397616738061,-0.153167746317067,0.4055440531725,-0.377684606934469,0.705664904187405,0.992301441166631,"Gene1134"
27.6827516043299,0.0926160399942192,0.391856945654025,0.236351661037013,0.813159802524387,0.995329528434693,"Gene1135"
22.917514441157,0.342620698735724,0.403953171713467,0.848169349141174,0.396343664493218,0.992301441166631,"Gene1136"
140.220321065206,0.361004232336198,0.429053707644111,0.841396370441441,0.400125918141773,0.992301441166631,"Gene1137"
88.5779131898213,0.343497191438795,0.396354563541068,0.866641192093159,0.386138636362204,0.992301441166631,"Gene1138"
77.7044728470377,-0.433037438940017,0.388300477201447,-1.11521222446338,0.264759488784375,0.992301441166631,"Gene1139"
94.5402399782714,-0.129564313271697,0.327125879849761,-0.396068673414657,0.692054367586491,0.992301441166631,"Gene1140"
9.13813516929046,-0.659659234948477,0.54951331101652,-1.2004426857799,0.229967459296286,0.982460184680701,"Gene1141"
164.344698696881,0.200107482764145,0.321414822626089,0.622583243452141,0.53355842542757,0.992301441166631,"Gene1142"
102.521897751135,0.0684997821854507,0.313938993261953,0.218194565363513,0.827277519289608,0.997961010251689,"Gene1143"
169.686047619379,0.31660455883854,0.338241187335718,0.936031952029239,0.349256736793445,0.992301441166631,"Gene1144"
20.9895326494433,0.17537782640781,0.40733465222409,0.430549734598393,0.666795796571665,0.992301441166631,"Gene1145"
5.9698309836757,0.30058235522727,0.617461612569588,0.486803307458071,0.62639772625609,0.992301441166631,"Gene1146"
33.5941982357567,-0.229037742528917,0.367068397832669,-0.623964753929391,0.53265073254321,0.992301441166631,"Gene1147"
15.1013716035508,0.285398798636348,0.477764842245447,0.597362495940477,0.550265387511154,0.992301441166631,"Gene1148"
620.340024046263,1.07758883318619,0.336239315766192,3.20482698678672,0.0013514368840831,0.415202993463686,"Gene1149"
26.5849170506848,-0.667388307100897,0.426134665747858,-1.56614413410757,0.117314877901571,0.973542272845075,"Gene1150"
43.7951855320464,0.240248223511151,0.343612773605076,0.699183039648216,0.484437648467766,0.992301441166631,"Gene1151"
206.931339728923,0.126923629094721,0.336964681968911,0.376667454740646,0.706420751785389,0.992301441166631,"Gene1152"
120.783288040482,0.0624525561617884,0.389970653238353,0.160146810133472,0.872765427842336,0.997961010251689,"Gene1153"
125.929064362935,0.0339971404792681,0.395564712870115,0.0859458373639894,0.931509473342664,0.997961010251689,"Gene1154"
1247.83890739662,0.170374891695208,0.426647628235052,0.399333971221196,0.689647139117531,0.992301441166631,"Gene1155"
67.2694117605461,-0.207596830503588,0.423406063339858,-0.490301978356306,0.623920227290676,0.992301441166631,"Gene1156"
482.608060186831,0.0980433904735849,0.3412437675164,0.287311886125138,0.773873522351647,0.993191638049143,"Gene1157"
75.6864824092662,-0.476069166591795,0.458911687755555,-1.03738732155669,0.299555384633469,0.992301441166631,"Gene1158"
8.18422400436162,0.663751166809637,0.55413312367859,1.19781896884877,0.230987500875968,0.984593466914212,"Gene1159"
3.77820726369039,0.667708762069087,0.748002649576817,0.892655610841544,0.372041628526371,0.992301441166631,"Gene1160"
113.671261693576,0.0360461427553264,0.368430921973266,0.0978369094599014,0.922061798453098,0.997961010251689,"Gene1161"
19.4739460542033,0.00507985657787464,0.448411652021541,0.0113285561491846,0.990961313284552,0.999029830702133,"Gene1162"
64.2060976691149,-0.233078062516091,0.450959308143891,-0.516849432547296,0.605261269540535,0.992301441166631,"Gene1163"
409.614496501702,-0.134937644572579,0.299081490643435,-0.451173505529473,0.651864503381931,0.992301441166631,"Gene1164"
80.435342480169,-0.300036699615265,0.325137346184012,-0.922799866384648,0.356111510482419,0.992301441166631,"Gene1165"
39.0648665862166,0.156335501380928,0.463099710154277,0.337584969182654,0.735675970738654,0.993191638049143,"Gene1166"
5.36339678159331,-0.946517967622233,0.635213706026902,-1.49007799838335,0.136203728475176,0.973542272845075,"Gene1167"
20.7256620350738,0.174979519827001,0.446326517377573,0.392043746033974,0.695025891126135,0.992301441166631,"Gene1168"
29.127909540576,0.430861224565857,0.411778657064935,1.04634180808918,0.295403249290235,0.992301441166631,"Gene1169"
117.668031243985,-0.0637416234675021,0.376102898642269,-0.169479213528024,0.865419721048839,0.997961010251689,"Gene1170"
94.8360525526487,-0.184364375212413,0.355780390482808,-0.5181971242491,0.60432074101585,0.992301441166631,"Gene1171"
54.7465197173885,-0.510236333166658,0.517295550931449,-0.986353608199258,0.323959621841177,0.992301441166631,"Gene1172"
62.1259982448657,-0.291244918463302,0.347377435296572,-0.838410584195408,0.401800147079326,0.992301441166631,"Gene1173"
44.6119269677544,-0.168037946635431,0.357660714601193,-0.469825003908525,0.638480048777577,0.992301441166631,"Gene1174"
47.9589148930989,0.46143124586233,0.40772011721719,1.13173529187555,0.257745739425143,0.992301441166631,"Gene1175"
67.0272291529683,0.525615836158286,0.415369465254031,1.26541761040819,0.205721665639735,0.973542272845075,"Gene1176"
105.486739528802,0.0610904152685534,0.436917936555215,0.13982125739723,0.888801217307227,0.997961010251689,"Gene1177"
526.941002602478,0.594854196712711,0.290732501510355,2.04605330887481,0.0407511260744913,0.902188581367456,"Gene1178"
10.8722152886908,0.302666604422776,0.556184366970344,0.544183947620581,0.586314897007659,0.992301441166631,"Gene1179"
359.753394469429,-0.0213080867462051,0.416706981492747,-0.0511344606463619,0.959218376275917,0.999029830702133,"Gene1180"
103.803007569765,-0.0283688334899908,0.480577386954575,-0.0590307289940638,0.95292763258245,0.999029830702133,"Gene1181"
7.54846772681051,0.00335379408917716,0.5444065532007,0.00616045870399498,0.99508469620296,0.999029830702133,"Gene1182"
30.8594703741355,-0.119801313544982,0.452066260693162,-0.265008305112813,0.791003063936887,0.993191638049143,"Gene1183"
26.2829587511524,-0.0784810920219264,0.467524473015217,-0.167865206105204,0.866689323160626,0.997961010251689,"Gene1184"
19.4953221808589,0.627777291533473,0.43057490438776,1.45799786549594,0.144841131363471,0.973542272845075,"Gene1185"
9.38434610591113,0.191861580090697,0.501122284487695,0.382863795983129,0.701820756360621,0.992301441166631,"Gene1186"
29.3610819125,0.351315701221396,0.462211006180287,0.760076451066518,0.447208887974467,0.992301441166631,"Gene1187"
20.8306825346279,0.0221513164916014,0.395503930478835,0.0560078289608473,0.955335570344186,0.999029830702133,"Gene1188"
31.1532977248779,-0.153164785862844,0.4066513900678,-0.376648868302914,0.706434566096925,0.992301441166631,"Gene1189"
3.54008341014397,0.304888422166289,0.746947330312288,0.408179278234811,0.683142060157581,0.992301441166631,"Gene1190"
64.1724683821216,0.00894330824038655,0.323833591402228,0.0276169874831738,0.977967632780611,0.999029830702133,"Gene1191"
129.168004911608,-0.683376080849029,0.313615165475791,-2.17902753462916,0.0293296227971022,0.902188581367456,"Gene1192"
140.657639703884,0.350084456641006,0.330645491939286,1.05879095640381,0.289694993211941,0.992301441166631,"Gene1193"
139.145192451378,0.0575801776081819,0.407949631700697,0.141145310925117,0.887755148981156,0.997961010251689,"Gene1194"
63.7657873316406,0.069157983488686,0.39157714294741,0.176613943725449,0.859811640757441,0.997961010251689,"Gene1195"
298.905957983068,0.068392571250502,0.341084177200067,0.200515227097109,0.84107765031594,0.997961010251689,"Gene1196"
14.022683842522,0.331032517229111,0.493320718904386,0.671029017318187,0.502202044310705,0.992301441166631,"Gene1197"
11.6822025422987,-0.544935563003105,0.490467903144821,-1.11105244504084,0.266545775620016,0.992301441166631,"Gene1198"
67.3158174274805,0.037338315114538,0.359516964343296,0.103856893603731,0.917282915968525,0.997961010251689,"Gene1199"
91.786471672404,-0.075638032621363,0.310547065624472,-0.243563829750779,0.807568644399968,0.995006281733403,"Gene1200"
19.4836780386607,-0.069075163506651,0.408997888135012,-0.168888802388752,0.865884107075062,0.997961010251689,"Gene1201"
50.3407903830328,0.308066312654082,0.383054094491292,0.804237096233636,0.421260058484595,0.992301441166631,"Gene1202"
69.5886782095689,-0.172061704265321,0.396998517348968,-0.433406415253878,0.66471954075596,0.992301441166631,"Gene1203"
92.5073368427362,0.205115490809083,0.360648116289654,0.568741334127321,0.569531692574528,0.992301441166631,"Gene1204"
142.319142581764,0.478268472555861,0.358256046743898,1.33499064957236,0.181879406785757,0.973542272845075,"Gene1205"
173.030596375366,0.262419835154085,0.386050295496958,0.679755560907615,0.496659249135616,0.992301441166631,"Gene1206"
2.19559411584974,0.0062482960853898,0.911020031692613,0.00685857156596315,0.994527694541268,0.999029830702133,"Gene1207"
441.482100696358,-0.255555081847082,0.318853443941419,-0.801481328500354,0.422853049116786,0.992301441166631,"Gene1208"
81.9351795217082,-0.68476279388368,0.366052876574437,-1.87066633731106,0.0613913434794041,0.937046219552397,"Gene1209"
28.6587877051752,-0.278341484597966,0.393940336786659,-0.706557462148651,0.479841531543084,0.992301441166631,"Gene1210"
13.6359094861836,0.157447671378942,0.46870814452559,0.335918360322723,0.736932431239955,0.993191638049143,"Gene1211"
181.614544974114,0.254823337516108,0.339884286912801,0.749735563919978,0.453413983750239,0.992301441166631,"Gene1212"
83.509731976006,0.213387406913125,0.314522734541143,0.678448275684857,0.49748750888994,0.992301441166631,"Gene1213"
204.496249313445,-0.422533399533718,0.414541897605069,-1.01927791129152,0.308071047472947,0.992301441166631,"Gene1214"
66.91784258651,-0.170182242307951,0.375864550660421,-0.45277545330872,0.650710440856456,0.992301441166631,"Gene1215"
38.9569454296009,0.255393089376677,0.459693964076248,0.555571987745995,0.578503485480656,0.992301441166631,"Gene1216"
799.931182702766,0.498126752626011,0.400057587117178,1.2451376218497,0.213081167001095,0.973542272845075,"Gene1217"
5.95132501058684,0.0589804598433197,0.677001913011612,0.0871200785547972,0.930576065685656,0.997961010251689,"Gene1218"
83.6553631325902,-0.316112432062464,0.390048406921312,-0.810444105021654,0.417684977714464,0.992301441166631,"Gene1219"
84.7979491742613,0.540324720911477,0.348460241155763,1.55060651717207,0.120996009379812,0.973542272845075,"Gene1220"
95.506094450416,0.584866398859796,0.331982115777078,1.76174068139419,0.0781131210839109,0.937046219552397,"Gene1221"
98.8337751613308,-0.160744642295418,0.372143249952447,-0.431942920678954,0.665782898953258,0.992301441166631,"Gene1222"
32.4192210318814,0.33019210383325,0.376911250533219,0.876047354293949,0.381004290915034,0.992301441166631,"Gene1223"
171.867856281338,0.488916511472816,0.347376899205301,1.40745257554926,0.159293230474465,0.973542272845075,"Gene1224"
2.80650168666352,-0.631337595155652,0.905981011872326,-0.69685521758443,0.48589340580732,0.992301441166631,"Gene1225"
23.1475922890144,0.400827433872417,0.428872806405162,0.934606782911178,0.349990982147201,0.992301441166631,"Gene1226"
37.1835702439115,-0.739250721756516,0.389602965641204,-1.89744634140519,0.057769054356476,0.937046219552397,"Gene1227"
77.8018734766999,-0.31866462862916,0.354896595065452,-0.897908385315417,0.369234393845782,0.992301441166631,"Gene1228"
102.716041919222,-0.334844630812002,0.325607199653743,-1.02836986150208,0.303775879910577,0.992301441166631,"Gene1229"
141.328047811842,-0.32772042317064,0.387167218466105,-0.846457054057975,0.397297821929732,0.992301441166631,"Gene1230"
11.8123507437813,-0.205857040526414,0.464557138298803,-0.443125341438639,0.657675076368845,0.992301441166631,"Gene1231"
44.841138310768,0.161053941438924,0.408162560468686,0.394582837911417,0.693150781291834,0.992301441166631,"Gene1232"
108.861906659001,-0.272529769867409,0.348613551264341,-0.781753230415187,0.434359611937952,0.992301441166631,"Gene1233"
236.355285126574,-0.037083761120086,0.344126560029565,-0.107761984767755,0.91418449899044,0.997961010251689,"Gene1234"
49.202709611897,-0.0834021957829432,0.414945422535174,-0.200995579788263,0.840702030358987,0.997961010251689,"Gene1235"
374.347974182912,0.276004821347566,0.359626867264317,0.767475532201296,0.442798835290924,0.992301441166631,"Gene1236"
35.9686222796353,0.489229802841981,0.386471597947431,1.26588811555701,0.205553141842387,0.973542272845075,"Gene1237"
49.1851996071275,-0.502326200564269,0.329672495352024,-1.52371279875164,0.1275804708656,0.973542272845075,"Gene1238"
62.3802075316189,-0.545470257506767,0.359095951272327,-1.51900976765149,0.128760037365013,0.973542272845075,"Gene1239"
23.983333923384,-0.54581148415062,0.434512780487342,-1.2561459838729,0.209063046709684,0.973542272845075,"Gene1240"
111.831284948626,0.147639606129088,0.363520079975805,0.406138791944901,0.684640624312415,0.992301441166631,"Gene1241"
11.3531482885995,-0.149006665210322,0.50959653738236,-0.292401251342333,0.769979851584535,0.993191638049143,"Gene1242"
55.4305662837265,0.614274417050286,0.370349345799382,1.65863508068147,0.097189348310194,0.973542272845075,"Gene1243"
31.5579578347243,-0.320249740223397,0.367456075366645,-0.871532032512604,0.383463723547257,0.992301441166631,"Gene1244"
37.902673563964,0.399971461393105,0.779109419490505,0.513370075354325,0.607692474030759,0.992301441166631,"Gene1245"
160.742562094355,-1.0072362830892,0.289765229115092,-3.4760426092709,0.000508871429724755,0.254054061290084,"Gene1246"
146.802469573011,-0.226714725656688,0.321499880791494,-0.705178257293732,0.48069931038812,0.992301441166631,"Gene1247"
363.274325944225,-0.202396397715025,0.339092185155946,-0.596877210903415,0.550589363370542,0.992301441166631,"Gene1248"
38.9493987491631,-0.489728472613472,0.391575276419079,-1.25066239393864,0.21105767620483,0.973542272845075,"Gene1249"
46.5711098831636,0.306753177216113,0.342979494019668,0.894377601474105,0.371119892474461,0.992301441166631,"Gene1250"
7.55076595550976,-0.660906375882034,0.644256516823065,-1.02584352447232,0.304965346570713,0.992301441166631,"Gene1251"
41.2258594685353,0.0913883949244932,0.357938491644532,0.255318712733614,0.798476948107777,0.993191638049143,"Gene1252"
573.434940809442,0.192968518814602,0.324183469303308,0.59524478292895,0.551679859416949,0.992301441166631,"Gene1253"
32.2027915699282,0.29049696346722,0.412204519168934,0.70473988022476,0.480972128257414,0.992301441166631,"Gene1254"
11.3313638882329,-0.0902435737351233,0.497226014701676,-0.181494071240957,0.855979786341187,0.997961010251689,"Gene1255"
68.4529785682178,-0.221920272135965,0.328906530475152,-0.674721392169895,0.499852790716559,0.992301441166631,"Gene1256"
209.683323825254,-0.105523216560262,0.358105321507464,-0.294670897701424,0.768245296806994,0.993191638049143,"Gene1257"
10.856376035062,0.298169386577962,0.500375671270938,0.595891054856087,0.55124800936839,0.992301441166631,"Gene1258"
40.2207159189523,0.461265044383521,0.441079985237907,1.04576280906223,0.295670556001256,0.992301441166631,"Gene1259"
88.2163887253658,0.220698041517032,0.399998382048913,0.551747335543084,0.581121473915769,0.992301441166631,"Gene1260"
518.306918785897,0.0385927796031179,0.340722316454675,0.11326754292084,0.909818448604697,0.997961010251689,"Gene1261"
27.7598074640031,-0.613515313455242,0.414720185317967,-1.47934760635019,0.139047435424026,0.973542272845075,"Gene1262"
372.275983812178,0.536738427700135,0.330773081346934,1.62267868205748,0.104658110831133,0.973542272845075,"Gene1263"
42.7890374010852,-0.164624994975771,0.409217984861292,-0.402291690653753,0.687469369181503,0.992301441166631,"Gene1264"
19.7206011844048,-0.17659453547351,0.420788968046021,-0.419674822497238,0.674723020322192,0.992301441166631,"Gene1265"
15.3678003290165,1.55943540336535,0.448222520270845,3.47915451107419,0.000502998482553235,0.254054061290084,"Gene1266"
52.4116660261313,-0.0296491118694279,0.487763516569271,-0.0607858334259349,0.951529772745805,0.999029830702133,"Gene1267"
58.8988722242105,-0.670281707664127,0.391000538140394,-1.7142731077865,0.086478579647692,0.954626836533261,"Gene1268"
39.0141694363015,0.573057395977476,0.432422889305088,1.32522447389034,0.185096710316388,0.973542272845075,"Gene1269"
194.946134045564,-0.0465920559275042,0.418832782575618,-0.111242619646403,0.911423955754246,0.997961010251689,"Gene1270"
57.8476121923651,0.239783416995678,0.386725887496442,0.620034563881852,0.535235031430737,0.992301441166631,"Gene1271"
40.019386157704,0.452160409852862,0.401377591132521,1.12652131021329,0.25994492565662,0.992301441166631,"Gene1272"
17.6411958249408,0.220753875626399,0.43650254332848,0.505733309004516,0.613043881719666,0.992301441166631,"Gene1273"
12.4207230967886,0.00472775264234063,0.47375337361923,0.00997935403862786,0.992037759642624,0.999029830702133,"Gene1274"
6.21111119988449,-0.397303757432249,0.626544482279235,-0.634118995010447,0.526003167225872,0.992301441166631,"Gene1275"
63.4602327673277,-0.212522779369314,0.360332988133265,-0.589795512396202,0.555327751664186,0.992301441166631,"Gene1276"
55.9655718799273,-0.0575445808124002,0.476644429773066,-0.120728528894794,0.903906061477804,0.997961010251689,"Gene1277"
340.878771476825,-0.0204791029943532,0.314763195488672,-0.0650619363631738,0.948124686573099,0.998838723318217,"Gene1278"
75.2415472175145,-0.548495720900432,0.386460871842706,-1.41927879602693,0.155817751441922,0.973542272845075,"Gene1279"
175.040392656304,0.269922021913046,0.402314162437733,0.670923489935116,0.502269271283982,0.992301441166631,"Gene1280"
49.5767261536522,-0.287542906200198,0.315667976597858,-0.910902997824548,0.36234648599935,0.992301441166631,"Gene1281"
20.9188626481047,0.371222371449454,0.482685895428685,0.769076484241915,0.441847907292874,0.992301441166631,"Gene1282"
65.6350859390417,-0.24199877142739,0.461367853802744,-0.524524561979682,0.599913740774805,0.992301441166631,"Gene1283"
89.046458979249,0.643901272598219,0.454781099636316,1.41584879651582,0.156819779197647,0.973542272845075,"Gene1284"
19.6106216828236,-0.484051865441571,0.406355934873183,-1.19120166312481,0.233574426816977,0.989512291462746,"Gene1285"
55.0750856808643,0.0533523104294376,0.380134177005673,0.140351259257179,0.888382466055694,0.997961010251689,"Gene1286"
585.402443691162,0.212475219718193,0.290175648141854,0.732229672196073,0.464028396418793,0.992301441166631,"Gene1287"
12.4352567478045,0.117723380005829,0.454889765511648,0.258795402603567,0.795793105260065,0.993191638049143,"Gene1288"
352.409400367287,-0.241270140977225,0.334926559308299,-0.720367299253616,0.471298878387475,0.992301441166631,"Gene1289"
42.4105971237314,0.50741825051279,0.362105157174864,1.40130081126614,0.161124138711198,0.973542272845075,"Gene1290"
256.09762225952,0.238959061404449,0.342140615828207,0.698423543857868,0.484912356712701,0.992301441166631,"Gene1291"
25.5916763306272,-0.521657975482526,0.407234116541131,-1.28097807696777,0.200201366554828,0.973542272845075,"Gene1292"
49.8115763632186,0.0528886444373968,0.334852411121663,0.157946135911742,0.874499243111568,0.997961010251689,"Gene1293"
62.5135900558905,0.155597322069844,0.383658873780135,0.405561640049574,0.685064719071576,0.992301441166631,"Gene1294"
47.9974803929771,-0.259715557987783,0.371390382251558,-0.699306095147793,0.484360758713418,0.992301441166631,"Gene1295"
108.857555247568,0.320642584836809,0.319880860543936,1.00238127498962,0.316159482280454,0.992301441166631,"Gene1296"
46.0091506440944,0.231914537737652,0.357060118718091,0.649511176353904,0.516008024820304,0.992301441166631,"Gene1297"
209.518910824003,0.163894691060127,0.334833663874681,0.489480923642936,0.624501256807304,0.992301441166631,"Gene1298"
70.7475795835283,0.325067342822595,0.3310271275466,0.981996083619562,0.326101777625937,0.992301441166631,"Gene1299"
151.02388511069,-0.227837210029145,0.335134616469412,-0.67983788851588,0.496607113256831,0.992301441166631,"Gene1300"
10.2454910473756,0.41911913893158,0.558897571919263,0.749903309639223,0.45331294103912,0.992301441166631,"Gene1301"
25.2431165033836,-0.841322031375352,0.430929338802987,-1.95234335567017,0.0508974532864035,0.922909944245504,"Gene1302"
213.82942441796,-0.0811751999040098,0.370183522160672,-0.219283666194027,0.826429084771013,0.997961010251689,"Gene1303"
107.346307623102,0.0933385915552232,0.303287725581388,0.307755915199989,0.758268069011435,0.993191638049143,"Gene1304"
44.0836220625493,-0.268758330398275,0.327001045378839,-0.821888291173233,0.411140477498254,0.992301441166631,"Gene1305"
42.9994796162028,-0.265751643667988,0.394358799392337,-0.673882880456787,0.500385776897105,0.992301441166631,"Gene1306"
111.473117748414,0.110934241474111,0.384172729875292,0.288761363957619,0.772764000237928,0.993191638049143,"Gene1307"
36.333639976242,0.121241557528694,0.376058159553511,0.322401081983284,0.747148864646439,0.993191638049143,"Gene1308"
63.8354187667794,-0.394659455466716,0.304901222635502,-1.29438462743889,0.195532597869134,0.973542272845075,"Gene1309"
6.34134653023703,-1.29799685585136,0.637406356297683,-2.03637262638963,0.0417129520204078,0.902188581367456,"Gene1310"
396.74093853919,-0.481016322017085,0.348316981004154,-1.38097293054842,0.167287283907704,0.973542272845075,"Gene1311"
164.856496895848,0.115689184638951,0.30069255454198,0.384742431734538,0.700428254601451,0.992301441166631,"Gene1312"
140.809291215868,0.465249226095154,0.355310722790503,1.30941510135475,0.190393778825869,0.973542272845075,"Gene1313"
4.27174444182613,0.254754413539062,0.705163083036572,0.361270207796527,0.717897462633963,0.992301441166631,"Gene1314"
59.6583154388051,-0.582841903686168,0.34574891161616,-1.68573749360987,0.0918463718296211,0.970461399702398,"Gene1315"
34.8622910772178,0.554917887000671,0.389424787623405,1.4249680673571,0.154166431922196,0.973542272845075,"Gene1316"
10.2489313815798,-0.128721244862641,0.586220072532253,-0.219578364668773,0.826199542689877,0.997961010251689,"Gene1317"
105.575462913403,0.340891657016946,0.342373221910103,0.995672661299584,0.319409217519886,0.992301441166631,"Gene1318"
268.730441809672,0.402884604985193,0.366278223453968,1.09994146303875,0.271357627522793,0.992301441166631,"Gene1319"
28.9562304137225,0.663598750450395,0.442184712770939,1.50072748171679,0.133426061968063,0.973542272845075,"Gene1320"
43.4693578473092,0.550260549857727,0.493095705769366,1.11593052508776,0.264451874373839,0.992301441166631,"Gene1321"
442.445434762957,0.313831771949139,0.342847312786129,0.91536891276412,0.359997992684679,0.992301441166631,"Gene1322"
8.16424220596228,-0.742619079045928,0.578488138136371,-1.28372395229799,0.19923856052159,0.973542272845075,"Gene1323"
135.264754631983,0.523239026602409,0.405252054844462,1.29114466008872,0.196653520340565,0.973542272845075,"Gene1324"
40.431766473075,0.491372461664597,0.449471900071776,1.09322175999463,0.274296445278783,0.992301441166631,"Gene1325"
41.1802875280985,0.0192077143031314,0.440618701863168,0.0435925988205018,0.965229151376764,0.999029830702133,"Gene1326"
26.3245359724001,0.112507584517173,0.38220222212805,0.29436664154056,0.76847775443703,0.993191638049143,"Gene1327"
187.971276539296,-0.53691601028346,0.303847709673064,-1.76705630218893,0.0772187996997264,0.937046219552397,"Gene1328"
16.7242970741911,0.454088680448396,0.539666253106237,0.841425006352964,0.400109881371111,0.992301441166631,"Gene1329"
173.139773355431,0.162512448961122,0.319129734145759,0.509236312298297,0.610586593147308,0.992301441166631,"Gene1330"
295.901842552404,-0.648000424686918,0.319910794836062,-2.02556598635249,0.0428092800648241,0.902188581367456,"Gene1331"
8.41642940974461,0.0509238026317515,0.589905285041491,0.0863253880293169,0.931207757075543,0.997961010251689,"Gene1332"
13.0545979540298,0.865921822286471,0.4807451292746,1.80120768689444,0.0716701512479708,0.937046219552397,"Gene1333"
118.943622375585,-0.19941588434604,0.355583741506582,-0.560812717423834,0.574925216178285,0.992301441166631,"Gene1334"
19.3525610123869,0.240036399316118,0.447533921647214,0.536353531443223,0.591714240350756,0.992301441166631,"Gene1335"
22.1539269484888,-0.316615592447881,0.440210206572413,-0.719237281918403,0.471994731926277,0.992301441166631,"Gene1336"
39.2596531538302,0.569881045479391,0.411221380789884,1.38582542664671,0.165800216300104,0.973542272845075,"Gene1337"
35.5454412795068,-0.351434029082018,0.407912447887439,-0.861542791601679,0.388939163741499,0.992301441166631,"Gene1338"
122.259076970325,-0.0553695385524975,0.377202255771575,-0.146790051504963,0.883297737369486,0.997961010251689,"Gene1339"
23.2788362479508,-0.344814419051642,0.380841254789926,-0.905401961354852,0.365252477053682,0.992301441166631,"Gene1340"
52.8058152066078,0.0267900826385989,0.379688863747719,0.0705579889127307,0.943749547028052,0.997961010251689,"Gene1341"
117.648288187201,-0.177218132625549,0.353400891515877,-0.501464871425168,0.616043994593909,0.992301441166631,"Gene1342"
8.43067942837405,0.556801107714355,0.59045474605458,0.943003865130905,0.345678925928359,0.992301441166631,"Gene1343"
24.9578423114534,-0.0397924410651331,0.383552149912653,-0.103747146442003,0.917370011049577,0.997961010251689,"Gene1344"
174.86302471871,0.375051983238174,0.324962610971922,1.15413887805874,0.248443236402106,0.992301441166631,"Gene1345"
30.5881565788001,-0.492828314315516,0.481605259366157,-1.02330343103838,0.306164402019026,0.992301441166631,"Gene1346"
3.17598386199588,0.454887895707847,0.799787035346472,0.568761277195231,0.569518156595774,0.992301441166631,"Gene1347"
15.1256518024952,0.667849910626475,0.459942895297203,1.45202788749444,0.146493851194713,0.973542272845075,"Gene1348"
115.551396264672,0.0960241711174043,0.344646002948106,0.27861681347241,0.780538908183758,0.993191638049143,"Gene1349"
32.308354233242,-0.180221557739464,0.360688046444295,-0.499660467032686,0.617314173312207,0.992301441166631,"Gene1350"
29.632619671651,0.041906464555123,0.36321782317015,0.115375573228662,0.908147439391138,0.997961010251689,"Gene1351"
54.2841261548255,0.377305252573612,0.413495828273416,0.912476563908951,0.361517901174193,0.992301441166631,"Gene1352"
120.696945193495,0.128993833793414,0.368977998436405,0.349597630048521,0.726640689785176,0.993191638049143,"Gene1353"
28.6662988582607,-0.478600323815951,0.471204681287728,-1.0156951805063,0.309774563777849,0.992301441166631,"Gene1354"
84.3080171308355,0.314255414273567,0.356565784144608,0.881339231770255,0.378134237838445,0.992301441166631,"Gene1355"
83.3435348897605,-0.141164292360095,0.358998926689015,-0.393216474661996,0.694159602733229,0.992301441166631,"Gene1356"
14.2665741254056,0.839852730369058,0.482445480990404,1.74082412098656,0.0817144125100864,0.943258276200246,"Gene1357"
56.3782599774055,-0.206096318079383,0.421556632077649,-0.488893549280991,0.624917062859724,0.992301441166631,"Gene1358"
28.3414804605681,-0.287477015787256,0.489527097241044,-0.587254551193315,0.557032760086962,0.992301441166631,"Gene1359"
73.3329011955938,0.0521063845848644,0.448518688579822,0.116174388964377,0.907514333939497,0.997961010251689,"Gene1360"
8.77485111454566,-0.154427196525656,0.575509564130319,-0.268331242694497,0.788444359524925,0.993191638049143,"Gene1361"
397.760677311305,0.0670969634989862,0.386079437100523,0.173790564975146,0.862030059616766,0.997961010251689,"Gene1362"
308.734939790532,0.0264180144421945,0.29498898216535,0.0895559361175952,0.928640101524914,0.997961010251689,"Gene1363"
19.841883993708,0.270955397195142,0.433962577638777,0.624375029453993,0.532381320070382,0.992301441166631,"Gene1364"
24.6228891841564,0.0920855434858229,0.416088666700506,0.221312308782745,0.8248492665721,0.997961010251689,"Gene1365"
18.5067806253078,-0.577400474476297,0.550470931784046,-1.04892091686835,0.294214517705597,0.992301441166631,"Gene1366"
42.305704361645,0.194602333616791,0.457515337607754,0.425346032406965,0.670584441295064,0.992301441166631,"Gene1367"
25.9450249222573,0.369743493871262,0.422336123328012,0.875472102546381,0.381317083048635,0.992301441166631,"Gene1368"
64.7509084843725,-0.240918560146256,0.383873901649338,-0.627598175106811,0.530267204479934,0.992301441166631,"Gene1369"
5.97758372317329,-0.408995460254082,0.649334449529783,-0.629868722582418,0.528780478127834,0.992301441166631,"Gene1370"
62.3023261817349,-0.193146564379006,0.344202336009909,-0.561142514655816,0.574700387491873,0.992301441166631,"Gene1371"
47.1851763823505,-0.116500382802277,0.429892835247773,-0.270998661178271,0.786392061970161,0.993191638049143,"Gene1372"
8.17207640380801,0.395942593447438,0.530785596554412,0.745955798382048,0.455694116772356,0.992301441166631,"Gene1373"
67.543568175556,0.23231159798152,0.388025164521299,0.598702401861279,0.549371355236024,0.992301441166631,"Gene1374"
48.2582316103483,0.0198486263024751,0.38403211332894,0.0516848086750337,0.958779841981597,0.999029830702133,"Gene1375"
27.6587122263212,0.482295774091739,0.454147846695353,1.06197965618731,0.288244920873903,0.992301441166631,"Gene1376"
47.373166706721,-0.359364956868585,0.441225287525016,-0.814470446343605,0.415375496057585,0.992301441166631,"Gene1377"
76.0503163137544,0.00470684964385479,0.406319212969301,0.0115841178403996,0.990757417938186,0.999029830702133,"Gene1378"
87.0787103725312,-0.273795279030221,0.401019351998932,-0.682748295476151,0.494765906431542,0.992301441166631,"Gene1379"
30.457598624673,-0.0220546244502117,0.515148597826561,-0.0428121604974978,0.965851270203111,0.999029830702133,"Gene1380"
266.73494518466,-0.386772359847426,0.381286995209329,-1.01438644566171,0.310398389417354,0.992301441166631,"Gene1381"
59.2292266589365,-0.186896839969694,0.379574272862145,-0.492385425809857,0.622446900237811,0.992301441166631,"Gene1382"
45.6448691600613,0.363187143562088,0.41414532050678,0.876955806521402,0.380510642560084,0.992301441166631,"Gene1383"
152.316555972752,-0.396216980261347,0.446901428007248,-0.886586963993592,0.375301314831882,0.992301441166631,"Gene1384"
189.735884023404,-0.0411101928213195,0.427414804708532,-0.0961833618499804,0.923374944863934,0.997961010251689,"Gene1385"
20.5256979558868,0.96940349092997,0.468235204903355,2.07033448313665,0.0384210325329175,0.902188581367456,"Gene1386"
14.0188180276703,-0.372035608111803,0.469270453484961,-0.792795722272606,0.427896849216517,0.992301441166631,"Gene1387"
29.4127245966538,0.0448988536890894,0.420058030799537,0.106887264132599,0.914878417054073,0.997961010251689,"Gene1388"
13.287528236039,0.138584885451467,0.470659507664852,0.294448286276095,0.768415374224946,0.993191638049143,"Gene1389"
6.58326170685203,-0.208974770050996,0.570664949093236,-0.366195208559855,0.714219417275308,0.992301441166631,"Gene1390"
96.9673391857731,-0.466022313953351,0.33038963043472,-1.41052342756692,0.15838518380763,0.973542272845075,"Gene1391"
46.7006790536591,0.593535128325936,0.369903476511887,1.60456758590876,0.108588999614973,0.973542272845075,"Gene1392"
98.6130606227567,0.263647838129542,0.42941144591451,0.613974873371287,0.539231931253593,0.992301441166631,"Gene1393"
39.709336088845,0.377697405293019,0.384544001596386,0.982195545178331,0.326003521845513,0.992301441166631,"Gene1394"
88.171320169559,0.0239695566000517,0.343076767498267,0.0698664522661762,0.944299955068568,0.997961010251689,"Gene1395"
33.9659565521684,-1.26472665221995,0.427871181412382,-2.95585846199117,0.00311800140100706,0.571259735500951,"Gene1396"
15.0980804344322,-0.227673666136645,0.490598312472774,-0.464073479969991,0.642595101411379,0.992301441166631,"Gene1397"
135.925395283537,-0.292426653696411,0.36109622801583,-0.809830264091243,0.418037736090936,0.992301441166631,"Gene1398"
152.967333416648,0.277960127876286,0.392094731482898,0.708910642142637,0.478379930572314,0.992301441166631,"Gene1399"
5.84542025672518,-0.234846448349394,0.621836658532257,-0.377665814851943,0.705678865987055,0.992301441166631,"Gene1400"
135.843374591305,0.109943563454783,0.351242802387245,0.313013000430312,0.754270785191839,0.993191638049143,"Gene1401"
7.54812079223412,-0.75717216065556,0.564741210744578,-1.34074182342258,0.180004290485306,0.973542272845075,"Gene1402"
46.8168041245345,0.335468458951754,0.434747414105162,0.771639917956147,0.440327724917555,0.992301441166631,"Gene1403"
28.8854681269379,0.458909596153156,0.398585595372577,1.15134516018872,0.249590265207611,0.992301441166631,"Gene1404"
46.9819174108592,0.829133834590238,0.3774078802483,2.19691712331164,0.0280263656903582,0.902188581367456,"Gene1405"
199.605971745126,-0.0913109311070531,0.327746964341327,-0.278601912577774,0.780550344778882,0.993191638049143,"Gene1406"
12.9271443108249,0.112043498713018,0.513789313691449,0.218072847619218,0.827372352747918,0.997961010251689,"Gene1407"
50.0342695599986,-0.415515912143478,0.352528038380926,-1.17867479151967,0.238527697257261,0.992301441166631,"Gene1408"
1105.22985446184,-0.175420191782236,0.36393543603494,-0.482009099452998,0.629799482202443,0.992301441166631,"Gene1409"
7.79976808096689,-1.0260955026899,0.650251358438386,-1.57799824540794,0.114566012893615,0.973542272845075,"Gene1410"
21.9460662809349,-0.0563512579880913,0.4746026252717,-0.118733557269793,0.905486449735781,0.997961010251689,"Gene1411"
43.969051076823,-0.070234322094668,0.395178820929111,-0.177727950930009,0.858936633034326,0.997961010251689,"Gene1412"
70.657387697319,0.587731072645887,0.382461323516897,1.53670720804249,0.124365025199465,0.973542272845075,"Gene1413"
27.8572368119304,0.419275337639105,0.427044987365793,0.9818060158612,0.326195423881343,0.992301441166631,"Gene1414"
31.9532353626785,0.0493002112330315,0.391136130279944,0.126043613505473,0.899697401265044,0.997961010251689,"Gene1415"
199.919680685384,-0.2641399248018,0.307976327661411,-0.857663076923871,0.391078533960634,0.992301441166631,"Gene1416"
40.4276802033665,-0.258489322844831,0.341919980361733,-0.755993617487235,0.449653022413024,0.992301441166631,"Gene1417"
73.7128064288029,-0.0416520891636324,0.373215275157618,-0.111603388007207,0.911137885566713,0.997961010251689,"Gene1418"
78.7533303051221,0.292173395117771,0.346607853381267,0.842950880274436,0.399255915745973,0.992301441166631,"Gene1419"
69.4638762617426,0.0761025664061595,0.408856324799333,0.186135230862603,0.852338714425361,0.997961010251689,"Gene1420"
86.6503964651519,0.133932566919001,0.435117377847305,0.307807901356682,0.758228508902461,0.993191638049143,"Gene1421"
56.7473921782146,-0.693890073514712,0.395897451340621,-1.75270154219231,0.079653250864702,0.937046219552397,"Gene1422"
23.9024923705793,0.450487593259463,0.387625306415776,1.16217281432152,0.24516527506457,0.992301441166631,"Gene1423"
57.0322299452549,0.00141166244476936,0.420532350425739,0.00335684625294635,0.997321629231952,0.999323278262022,"Gene1424"
12.4356699425858,-0.160378816301923,0.539749454335043,-0.297135671030006,0.766362931954039,0.993191638049143,"Gene1425"
50.4297617427758,-0.164997993967749,0.390793058109162,-0.422213216289167,0.672869395642818,0.992301441166631,"Gene1426"
35.069358368647,-0.584646216437177,0.371076935466692,-1.57553908787644,0.115132063458344,0.973542272845075,"Gene1427"
51.5142849608532,1.078948387303,0.399538445630871,2.70048702221719,0.006923803823721,0.643108662138178,"Gene1428"
11.96114594105,0.183975411437881,0.477253100178532,0.385488143228528,0.699875789358118,0.992301441166631,"Gene1429"
47.5351902775774,-0.235679737481931,0.395139470991362,-0.596446963120732,0.550876674901526,0.992301441166631,"Gene1430"
14.8668520414799,-0.231510751643112,0.44242657771995,-0.52327496425781,0.600782920632952,0.992301441166631,"Gene1431"
26.4609335458924,-0.0595856834582482,0.45920208681961,-0.129759173942203,0.896756964226482,0.997961010251689,"Gene1432"
86.6411311564005,-0.0974797025466704,0.376265757229965,-0.259071416076518,0.795580138719095,0.993191638049143,"Gene1433"
64.5014193093284,0.185876552092236,0.331697516379341,0.560379692079638,0.575220480466501,0.992301441166631,"Gene1434"
127.63957010454,-0.109221850722726,0.428902383146734,-0.254654333980139,0.798990089776974,0.993191638049143,"Gene1435"
87.5781930140223,0.321692949090205,0.342414209034895,0.939484812843799,0.347481886097255,0.992301441166631,"Gene1436"
78.1017784479414,0.518084665580311,0.358410407098674,1.44550675794879,0.148315596172858,0.973542272845075,"Gene1437"
140.062425956373,0.151829223025516,0.381430380494476,0.398052254853661,0.690591667617761,0.992301441166631,"Gene1438"
202.217678059495,-0.327799862419029,0.413696924570426,-0.79236717256095,0.428146614775451,0.992301441166631,"Gene1439"
9.11606735453888,-0.0370842275650945,0.596019497957127,-0.0622198228282828,0.950387776738564,0.998838723318217,"Gene1440"
151.157047620795,0.37456828457236,0.405129709176433,0.924563852238336,0.355192823225144,0.992301441166631,"Gene1441"
114.01400033373,0.180082995175721,0.408009899747031,0.441369180716874,0.658945750081532,0.992301441166631,"Gene1442"
175.637643858868,-0.0454345017291279,0.41498985488507,-0.109483403495998,0.91281908472558,0.997961010251689,"Gene1443"
13.2888995868238,0.298167467742014,0.475654179631103,0.626857663635501,0.530752540913042,0.992301441166631,"Gene1444"
997.500430098496,0.168652422657269,0.384363467389718,0.438783695554154,0.660818275406974,0.992301441166631,"Gene1445"
3.28959513542634,-0.537775939768725,0.843079893582009,-0.637870673779049,0.523557869230846,0.992301441166631,"Gene1446"
62.5572635456912,0.452010435266245,0.32200624108248,1.40373190825971,0.160398697027718,0.973542272845075,"Gene1447"
56.7086496922647,-0.283281168688579,0.394401238550157,-0.718256285730586,0.472599278511947,0.992301441166631,"Gene1448"
49.4893417684952,0.102290886784151,0.380265074531027,0.268998900070704,0.787930529098206,0.993191638049143,"Gene1449"
116.648390474274,-0.268416117737423,0.366393389411685,-0.732589957936785,0.463808557736063,0.992301441166631,"Gene1450"
59.2676461127117,-0.0286313807030134,0.330887399042756,-0.0865290754070503,0.931045843911227,0.997961010251689,"Gene1451"
22.6850440038614,0.037770730446893,0.409138184808206,0.0923177836959879,0.926445559359384,0.997961010251689,"Gene1452"
265.697057829095,-0.127136196033067,0.373243587074669,-0.34062526574002,0.733385706432174,0.993191638049143,"Gene1453"
38.9900641805818,0.00495777277609303,0.46539964343321,0.0106527214750746,0.991500518759003,0.999029830702133,"Gene1454"
105.207331106012,0.249846876682919,0.391455050960502,0.63825176369516,0.523309806184767,0.992301441166631,"Gene1455"
23.1113402325288,-0.520052305335387,0.479698979592051,-1.08412218382798,0.278310628088871,0.992301441166631,"Gene1456"
11.2163754532719,-0.631007912475692,0.512320464675297,-1.23166641971957,0.218073718648399,0.973542272845075,"Gene1457"
26.3609874470148,0.80079241612517,0.411705196624237,1.94506268730937,0.0517674339953358,0.927170992723638,"Gene1458"
14.8671017559476,-0.42326488993934,0.432381065126348,-0.978916340417581,0.327621317626344,0.992301441166631,"Gene1459"
96.1668181958493,-0.160240152950322,0.350308559895961,-0.457425742031287,0.647365065289232,0.992301441166631,"Gene1460"
7.06456181850225,0.00441604147003341,0.624532985354913,0.00707094993152977,0.994358245232517,0.999029830702133,"Gene1461"
15.1138853145442,-0.369903660730134,0.47876165480054,-0.772625913168092,0.439743804028385,0.992301441166631,"Gene1462"
54.5411117359595,0.077496932992168,0.350324072709221,0.22121498072584,0.824925045264406,0.997961010251689,"Gene1463"
9.02002058909837,-0.466441899772408,0.505841256052452,-0.922111224008272,0.356470562982254,0.992301441166631,"Gene1464"
34.7065549520723,0.154701928496092,0.348403042110494,0.444031508906944,0.657019803434305,0.992301441166631,"Gene1465"
34.3263925883039,-0.659496682962477,0.424267399902732,-1.55443638402025,0.120080360110039,0.973542272845075,"Gene1466"
300.596103910269,-0.185595933733119,0.331323891949915,-0.560164655319137,0.575367132869951,0.992301441166631,"Gene1467"
48.7204826325741,0.587987438367557,0.357341933192684,1.64544763362688,0.0998775333275136,0.973542272845075,"Gene1468"
25.3848535604683,0.315454914866248,0.42604786845014,0.740421295883482,0.45904440086831,0.992301441166631,"Gene1469"
19.6224444532939,-0.0503173673196474,0.451064333020269,-0.111552529508881,0.91117821296357,0.997961010251689,"Gene1470"
92.1293482021604,-0.433750700533734,0.344786223428386,-1.2580279345872,0.208381653831574,0.973542272845075,"Gene1471"
38.0776910134786,0.529786057116017,0.451910486258072,1.17232521312522,0.241066512613688,0.992301441166631,"Gene1472"
20.9568480552637,0.759843915522476,0.45840049088228,1.65759838969633,0.0973985549240104,0.973542272845075,"Gene1473"
33.0340891260235,-0.391989595162139,0.39473179787127,-0.993052997696362,0.320684127840814,0.992301441166631,"Gene1474"
191.576190271441,0.210665161920916,0.315065376342398,0.668639519729311,0.503725456488171,0.992301441166631,"Gene1475"
373.647248165942,-0.00391240172002568,0.3510146432968,-0.0111459786500062,0.991106979854695,0.999029830702133,"Gene1476"
14.0199962995345,-0.735932462681666,0.486143885892861,-1.5138161438152,0.130072476931177,0.973542272845075,"Gene1477"
57.7381996346449,0.404596097146198,0.418997538426148,0.965628816498433,0.334229950499419,0.992301441166631,"Gene1478"
42.7186963608826,0.50591516448084,0.406324097082122,1.24510253788514,0.21309406137154,0.973542272845075,"Gene1479"
548.705237040499,0.154975258585375,0.330503325095689,0.468906806128215,0.639136251164455,0.992301441166631,"Gene1480"
110.002975957868,0.543506051158357,0.297872189597902,1.8246283813606,0.0680571275219511,0.937046219552397,"Gene1481"
6.09512514572126,0.234643362625322,0.608377124400908,0.385687352818178,0.699728230493985,0.992301441166631,"Gene1482"
22.4065277735983,-0.901398396508248,0.4392213804257,-2.05226438575144,0.0401439751691103,0.902188581367456,"Gene1483"
5.23577638569337,0.476501489103745,0.660027586788351,0.721941777346562,0.470330274454423,0.992301441166631,"Gene1484"
53.7474632197044,-0.556586612882486,0.370719813377981,-1.50136732054026,0.133260581474397,0.973542272845075,"Gene1485"
103.018156893603,-0.347192196423354,0.370098595584863,-0.938107305905037,0.348189267647713,0.992301441166631,"Gene1486"
20.7440038321768,0.279973007141215,0.437490087388071,0.639952801702837,0.522203284619836,0.992301441166631,"Gene1487"
9.75236531086617,0.368667067882532,0.50992588602189,0.722981668490363,0.469691146630054,0.992301441166631,"Gene1488"
240.743938702991,0.255149098877288,0.363492612885223,0.701937508033636,0.482718136349924,0.992301441166631,"Gene1489"
13.9120187504767,0.311476123713571,0.455790120254668,0.68337620732002,0.494369150464316,0.992301441166631,"Gene1490"
151.607801849296,0.0106411814540675,0.410820548169003,0.0259022619523158,0.979335295876134,0.999029830702133,"Gene1491"
75.7750391007185,0.243083931114759,0.391703394962796,0.62058162946953,0.534874929809848,0.992301441166631,"Gene1492"
143.497481953982,0.349752327227628,0.40272940808592,0.86845489851342,0.385145352402617,0.992301441166631,"Gene1493"
190.093552170555,0.0948302698658553,0.329051801805115,0.288192525753194,0.773199369785063,0.993191638049143,"Gene1494"
189.238821131082,-0.258502662761979,0.374822333178155,-0.689667183302846,0.490403507589499,0.992301441166631,"Gene1495"
165.774580536257,-0.179877015622537,0.388075453533111,-0.463510417845043,0.64299854921463,0.992301441166631,"Gene1496"
67.1747523200416,0.493813505764385,0.399208163151471,1.23698248519286,0.216093585094427,0.973542272845075,"Gene1497"
56.0212661108871,0.254105604809248,0.362938311908637,0.700134420841233,0.483843361522945,0.992301441166631,"Gene1498"
17.5135946014585,0.118525727308279,0.52077931809942,0.227592999931023,0.819962662397679,0.997961010251689,"Gene1499"
7.67360577028733,0.0533738316110396,0.605347147612593,0.0881706171765056,0.929741070438418,0.997961010251689,"Gene1500"
22.6789074747011,0.867198854086823,0.402510671841769,2.15447419100413,0.0312030038439548,0.902188581367456,"Gene1501"
47.3978296068976,-0.243382983728931,0.470570081337337,-0.517208792869382,0.605010414646751,0.992301441166631,"Gene1502"
12.4243860126969,-0.452379486404241,0.482660537874226,-0.937262218280054,0.348623692339189,0.992301441166631,"Gene1503"
162.20723844854,0.332865595860192,0.393071235289223,0.846832751868164,0.397088349951747,0.992301441166631,"Gene1504"
21.3089527187928,-0.684632847398674,0.413752074352799,-1.65469345010437,0.0979866963743163,0.973542272845075,"Gene1505"
80.9258775948768,0.180640238524406,0.360712666285668,0.500787067957705,0.616520987867447,0.992301441166631,"Gene1506"
166.437820053149,0.122714067138377,0.335352126466813,0.365926014637993,0.714420283769234,0.992301441166631,"Gene1507"
12.0601359384549,-0.615293713755232,0.495977078892179,-1.24056884872495,0.21476506567625,0.973542272845075,"Gene1508"
199.784125930593,0.667180497750743,0.358156203789075,1.86281988331454,0.0624876116183906,0.937046219552397,"Gene1509"
4.02136827010729,0.2694370539083,0.708745539560765,0.380160493250201,0.703826283400147,0.992301441166631,"Gene1510"
76.8032239611745,-0.169634055812011,0.481845555200182,-0.352050680931438,0.724800254444834,0.993191638049143,"Gene1511"
405.955853557361,0.18050276998914,0.283269070213605,0.637213126915084,0.523986028322855,0.992301441166631,"Gene1512"
92.6834300252706,-0.0155394774969247,0.324228297858291,-0.0479275794234237,0.961773959440691,0.999029830702133,"Gene1513"
160.628535825058,0.189836203661623,0.426989442428735,0.444592265752114,0.65661443778778,0.992301441166631,"Gene1514"
27.5571439848165,-0.223927251518406,0.449451684410358,-0.498223189022374,0.618326739777913,0.992301441166631,"Gene1515"
80.3243394083669,0.223510832504598,0.402153949060557,0.555784253832956,0.578358351085844,0.992301441166631,"Gene1516"
211.298063761418,0.184725430582574,0.371377195460219,0.497406498946868,0.618902423545515,0.992301441166631,"Gene1517"
10.3608246612298,0.172619594480182,0.556419845582402,0.310232634315014,0.756384055341211,0.993191638049143,"Gene1518"
157.413150993884,-0.133577898625935,0.299775482712885,-0.445593139962922,0.655891166798146,0.992301441166631,"Gene1519"
10.9839815419237,0.00841836461029381,0.515865880812497,0.0163189017211891,0.986979978156159,0.999029830702133,"Gene1520"
26.1581069137226,-0.0111999948639607,0.463365423293579,-0.024170976730097,0.980716228578431,0.999029830702133,"Gene1521"
990.012183186969,-0.319496143535955,0.3593496590637,-0.889095440826114,0.373951788965328,0.992301441166631,"Gene1522"
107.587344536703,-0.734070391474605,0.417700370473821,-1.75740900263485,0.0788481199260407,0.937046219552397,"Gene1523"
48.3852090835581,-0.548539332501242,0.517269947504684,-1.06045080551732,0.288939559197607,0.992301441166631,"Gene1524"
158.611838022628,0.827131856000578,0.338487959138595,2.44360791475571,0.0145412200481834,0.857374236297289,"Gene1525"
38.6236195890785,0.213441347051269,0.41253833189615,0.51738549014398,0.604887086528034,0.992301441166631,"Gene1526"
106.866301151074,-0.367320342867776,0.354750506339837,-1.03543289242242,0.300466791243184,0.992301441166631,"Gene1527"
35.21300212417,0.136330811401992,0.430919638122968,0.316371776407851,0.75172033678536,0.993191638049143,"Gene1528"
2.92579638997589,0.244837355782064,0.792011058033063,0.309133759306481,0.757219779810534,0.993191638049143,"Gene1529"
97.0909201447085,0.170696711246718,0.387566506940554,0.440432050215578,0.659624216164467,0.992301441166631,"Gene1530"
34.9174528187656,0.433754942692187,0.399127276141537,1.08675845681459,0.277143571869197,0.992301441166631,"Gene1531"
26.4533217218596,0.445504016282163,0.396352710153088,1.12400900730587,0.261009204794464,0.992301441166631,"Gene1532"
44.3689731517056,-0.410218246811814,0.390448071143104,-1.05063458403272,0.293426450879471,0.992301441166631,"Gene1533"
231.892398224696,-0.134851791696011,0.345553879932021,-0.390248234870173,0.696352997207605,0.992301441166631,"Gene1534"
90.732741561677,-0.0245228909661531,0.386185999423437,-0.0635002071612252,0.949368194287738,0.998838723318217,"Gene1535"
127.746863649363,-0.067179029227117,0.336707593397913,-0.199517416727001,0.841858020647734,0.997961010251689,"Gene1536"
115.288109722553,0.305969093794137,0.457599589825188,0.66863935326302,0.50372556270283,0.992301441166631,"Gene1537"
71.7276327309834,0.162287505208596,0.40843081362728,0.3973439314417,0.691113855540873,0.992301441166631,"Gene1538"
106.709569283376,-0.831685885823173,0.409681342009292,-2.03007996835821,0.0423484113371787,0.902188581367456,"Gene1539"
57.4544973911072,0.00193198240716665,0.342041104297709,0.00564839249695871,0.995493258797434,0.999029830702133,"Gene1540"
10.7191810609875,-0.193366938613473,0.472383032534466,-0.409343531193333,0.682287573763023,0.992301441166631,"Gene1541"
82.0014031248952,0.0324617351079666,0.402871678789372,0.0805758677440769,0.935779258538328,0.997961010251689,"Gene1542"
2.43457802879342,0.894915800615444,0.917347897399103,0.9755467943544,0.329289101784285,0.992301441166631,"Gene1543"
14.4972638457894,-0.0697676225980527,0.444414771162679,-0.156987632106661,0.87525459538862,0.997961010251689,"Gene1544"
46.1625418264494,0.0702073366836508,0.415283223953168,0.169058928061992,0.865750290505152,0.997961010251689,"Gene1545"
45.1436146040603,0.181860799643011,0.42971665968689,0.42321095899685,0.672141351782619,0.992301441166631,"Gene1546"
33.014155184675,-0.284813099264555,0.393535520357087,-0.723729077888879,0.469232077765637,0.992301441166631,"Gene1547"
171.784363046736,-0.168327790741193,0.344623200866597,-0.488440100138099,0.62523814408448,0.992301441166631,"Gene1548"
17.0907544891869,0.808647354778749,0.447597092452788,1.80664121464114,0.0708182389479378,0.937046219552397,"Gene1549"
2.44353663311615,0.591693101603083,0.893408111835253,0.66228758589131,0.507786931246399,0.992301441166631,"Gene1550"
123.96433551554,0.25217788345739,0.341366670220455,0.738730243624934,0.460070817160305,0.992301441166631,"Gene1551"
41.3512374810619,-0.0720249289194529,0.407219841971359,-0.176869890648694,0.859610589500748,0.997961010251689,"Gene1552"
43.1874988105298,0.569548239538307,0.455588649666693,1.25013702592237,0.211249496301631,0.973542272845075,"Gene1553"
36.3198856830956,0.295658507673969,0.425137139350124,0.695442670865971,0.486777926993228,0.992301441166631,"Gene1554"
5.73047485902199,-0.949280414840424,0.68096473047184,-1.39402288013165,0.163310695515689,0.973542272845075,"Gene1555"
14.1453245241137,-0.866148842743933,0.497054780416869,-1.74256214177744,0.0814101278364616,0.942469711822688,"Gene1556"
99.3246289641435,0.367297073370431,0.387282292717532,0.948396248104023,0.342927768742391,0.992301441166631,"Gene1557"
64.67928214966,0.106650600691943,0.31253841764431,0.341239971379515,0.73292293437002,0.993191638049143,"Gene1558"
11.9217192460634,0.0614850572327746,0.480065681744139,0.128076343656542,0.89808855687619,0.997961010251689,"Gene1559"
98.8954033129099,0.168133453915708,0.386937334626064,0.434523729994141,0.663908166603139,0.992301441166631,"Gene1560"
125.652675997458,0.0502474552158141,0.313423189708979,0.160318243402698,0.872630388588542,0.997961010251689,"Gene1561"
52.3841373266982,-0.414848258097163,0.42530091310934,-0.975422918949882,0.32935051957552,0.992301441166631,"Gene1562"
52.2685581060904,0.390109750544256,0.41901752421723,0.93101058547139,0.351848088546779,0.992301441166631,"Gene1563"
262.517720083408,-0.679678503401759,0.314219096245753,-2.16307191867861,0.0305356485401651,0.902188581367456,"Gene1564"
102.891308283489,-0.0356991680872079,0.398256959510667,-0.089638529182443,0.928574465773974,0.997961010251689,"Gene1565"
281.295024745685,0.228826469617115,0.37472439932579,0.610652709107876,0.541429519983777,0.992301441166631,"Gene1566"
46.5751810835752,0.111780390169216,0.44229284476422,0.252729365831826,0.800477353712168,0.993191638049143,"Gene1567"
381.22276565135,-0.83669292234073,0.3379950336029,-2.47545922027877,0.0133064956918381,0.857253377328387,"Gene1568"
47.8959657103809,0.365539065426698,0.372118641960118,0.982318605435185,0.325942911336453,0.992301441166631,"Gene1569"
156.907079914143,-0.559661252919002,0.417271558866032,-1.34123987371659,0.179842584223357,0.973542272845075,"Gene1570"
41.6535099533893,-0.575352335226201,0.447295560447155,-1.2862911821683,0.198341458737437,0.973542272845075,"Gene1571"
13.0354328217877,-0.45747078063834,0.462607482239452,-0.988896198616923,0.322713930616211,0.992301441166631,"Gene1572"
195.696720733406,-0.583712697210226,0.375337953550373,-1.55516566254174,0.119906619874164,0.973542272845075,"Gene1573"
913.298294298513,0.453182556847468,0.34577641012723,1.31062311821884,0.189985124759096,0.973542272845075,"Gene1574"
32.8589972036197,-0.856161824489438,0.452571121911164,-1.89177299000862,0.0585212335049155,0.937046219552397,"Gene1575"
272.154764658283,0.424549575647246,0.395199295930629,1.07426703442753,0.282703015513989,0.992301441166631,"Gene1576"
31.9337703104761,0.470610281397856,0.386490619802292,1.21764994358361,0.223357026623854,0.976026219185638,"Gene1577"
150.885905715617,0.139322785392561,0.35726939809652,0.389965628556077,0.696561963247104,0.992301441166631,"Gene1578"
14.9763295973114,0.402406802308278,0.498695776539143,0.806918408455166,0.419713492322197,0.992301441166631,"Gene1579"
88.8888671084952,0.278254845327904,0.38829212540997,0.716612125559112,0.473613460528711,0.992301441166631,"Gene1580"
22.0899806659685,0.0862021598632687,0.409568527731684,0.210470663702318,0.83330034582838,0.997961010251689,"Gene1581"
9.995024744704,-0.134316761708987,0.522810619369096,-0.256912841347933,0.79724605726897,0.993191638049143,"Gene1582"
137.470366348235,0.261236321059235,0.349343156865182,0.747792867630295,0.454585104857131,0.992301441166631,"Gene1583"
337.57971959244,-0.137570284786526,0.385201851149322,-0.357138171522435,0.720988369502601,0.993191638049143,"Gene1584"
17.7774153383414,-0.154326820673267,0.405604476163767,-0.380485990028759,0.703584694306172,0.992301441166631,"Gene1585"
17.4279829482442,0.304911208646814,0.502954662572379,0.606239948323246,0.544355428951935,0.992301441166631,"Gene1586"
17.0303700175461,-0.457416322314012,0.489680582589865,-0.934111620058096,0.350246318521795,0.992301441166631,"Gene1587"
30.520428880634,-0.0620805004782735,0.432206722201548,-0.143636128938605,0.885787809699239,0.997961010251689,"Gene1588"
111.377942213,-0.234550235272777,0.337230865477774,-0.695518291128175,0.486730552386441,0.992301441166631,"Gene1589"
150.789323584829,-0.220856491668157,0.374268717786801,-0.590101392855297,0.555122675093384,0.992301441166631,"Gene1590"
93.6056052338153,-0.119629046915053,0.412422138719314,-0.290064561729238,0.771766846460372,0.993191638049143,"Gene1591"
159.340903689194,-0.772044282754702,0.317872487807043,-2.42878610879767,0.0151494667934564,0.868928767596772,"Gene1592"
27.5038938448029,-0.620695255065985,0.391229758913245,-1.5865236243535,0.112620577429613,0.973542272845075,"Gene1593"
42.1282720201302,-0.349334395137513,0.418063735900188,-0.83560080710018,0.403379514556913,0.992301441166631,"Gene1594"
146.672526098699,0.232082783954139,0.334136715989409,0.694574324964322,0.487322107151056,0.992301441166631,"Gene1595"
36.8448310268772,-0.474301413594178,0.419902369412862,-1.1295516485353,0.258665194690752,0.992301441166631,"Gene1596"
16.5632446839699,0.388448296855028,0.472243105873859,0.822560016278536,0.410758244047672,0.992301441166631,"Gene1597"
8.76413946580327,-0.0760490464375797,0.573087523141989,-0.132700579521669,0.894430184527496,0.997961010251689,"Gene1598"
1417.76504685519,0.497818177436456,0.346450482182143,1.43691004353902,0.150743555743372,0.973542272845075,"Gene1599"
8.03342774116382,0.353583179455503,0.566965699571212,0.623641218018855,0.532863235026871,0.992301441166631,"Gene1600"
50.6949692654532,0.269429555597248,0.356628708802898,0.755490371208888,0.449954807560225,0.992301441166631,"Gene1601"
643.823972009183,-0.177459122056232,0.341867989197152,-0.519086687446168,0.603700291362545,0.992301441166631,"Gene1602"
160.797471061713,-0.306386195729722,0.341550084012001,-0.897046172938305,0.36969427933662,0.992301441166631,"Gene1603"
51.6129244602133,0.286760304528932,0.371673157460919,0.771538914695728,0.440387565635491,0.992301441166631,"Gene1604"
107.888319330538,0.269236467485691,0.351802203642056,0.765306370165969,0.444089131685947,0.992301441166631,"Gene1605"
570.232365931365,-0.0218157249533742,0.330821258110108,-0.0659441448170577,0.947422294567113,0.998838723318217,"Gene1606"
66.732611925879,0.233432217815877,0.387295869241594,0.602723231396674,0.546692824245943,0.992301441166631,"Gene1607"
30.2531312857418,-0.227165558716067,0.386551519655695,-0.587672139844142,0.556752379222114,0.992301441166631,"Gene1608"
288.747561872479,-0.560171441969918,0.356641662045211,-1.57068425140669,0.116256009057891,0.973542272845075,"Gene1609"
529.838505419243,-0.248909092393314,0.334567276518284,-0.743973215144104,0.456892679577089,0.992301441166631,"Gene1610"
19.6295834795649,0.166115131509135,0.400319293765151,0.414956596137948,0.678173677289923,0.992301441166631,"Gene1611"
135.810754574485,0.523361504737011,0.375926050757594,1.39219270301245,0.163864051842766,0.973542272845075,"Gene1612"
64.8894089384663,-0.599850378010336,0.39679195161624,-1.51175036582013,0.130597380452049,0.973542272845075,"Gene1613"
148.202158551851,0.517028404495586,0.342190797134479,1.51093602991432,0.130804750007499,0.973542272845075,"Gene1614"
111.881175735646,-0.682520753496437,0.361457375307479,-1.88824685875019,0.0589928177736592,0.937046219552397,"Gene1615"
47.641679422825,-0.373057406750847,0.383493033198899,-0.97278796341878,0.330658696141105,0.992301441166631,"Gene1616"
108.089260917197,-0.170892165075518,0.406582240050802,-0.420313895299917,0.674256160342817,0.992301441166631,"Gene1617"
12.3132287035376,1.31770621927029,0.495763220872253,2.65793460223188,0.00786211477238468,0.671699346957412,"Gene1618"
12.785072278021,0.0303199540722464,0.470036537508352,0.064505525959687,0.948567707198012,0.998838723318217,"Gene1619"
134.727211670686,-0.125825810758385,0.337767938660433,-0.372521475121061,0.70950462586109,0.992301441166631,"Gene1620"
41.3515869343986,0.0168762440587928,0.405799213440738,0.0415876706997546,0.966827402095705,0.999029830702133,"Gene1621"
39.4261224294258,0.650885776690892,0.361887590489448,1.79858551051883,0.0720842710610874,0.937046219552397,"Gene1622"
6.8119052041203,0.523162978060371,0.601292962041243,0.870063365259359,0.384265776753431,0.992301441166631,"Gene1623"
24.2108966237757,-0.360701588782084,0.410662022065004,-0.878341724828375,0.379758298920233,0.992301441166631,"Gene1624"
58.0419515300566,-0.4838064592704,0.395499371007129,-1.22327997144066,0.221223969270449,0.974639411704289,"Gene1625"
28.1422514554825,-0.108426200234363,0.367981552711139,-0.294651184102906,0.768260357748849,0.993191638049143,"Gene1626"
50.169815214726,0.185610612442026,0.376371256876251,0.493158308587453,0.621900733689381,0.992301441166631,"Gene1627"
95.5045157653338,-0.435197542936147,0.321857515893658,-1.35214348413705,0.176329419000166,0.973542272845075,"Gene1628"
40.8083637730402,-0.743390296571794,0.347525582470864,-2.1390951747678,0.0324279611242924,0.902188581367456,"Gene1629"
98.2081770124069,0.121170175863994,0.375731002734103,0.322491822559938,0.747080131784885,0.993191638049143,"Gene1630"
35.7373079790412,0.171588009422998,0.380434246904067,0.451031974169945,0.65196650443326,0.992301441166631,"Gene1631"
36.7301518055029,0.0185354272576795,0.460259301345656,0.0402717059785378,0.967876510831417,0.999029830702133,"Gene1632"
32.7530342265439,-0.823323335489521,0.39248112821409,-2.09773993270936,0.0359281252706498,0.902188581367456,"Gene1633"
107.461639290628,0.682415996005884,0.394534997462334,1.72967163976634,0.0836889584546919,0.954626836533261,"Gene1634"
150.508628464801,-0.0660790256953387,0.401322239015145,-0.164653286739101,0.869216886805848,0.997961010251689,"Gene1635"
1045.38065194975,-0.344123231241102,0.401251682957013,-0.857624393510566,0.391099900864369,0.992301441166631,"Gene1636"
14.5848550223697,0.190424958282912,0.520577071198715,0.365795900008478,0.714517379494872,0.992301441166631,"Gene1637"
22.2066272597743,0.324921554882849,0.399626892085959,0.813062287141974,0.416182347342015,0.992301441166631,"Gene1638"
92.431368190046,0.119949372373612,0.320218029915796,0.374586566550153,0.707967965150686,0.992301441166631,"Gene1639"
377.312132479021,0.181188704278235,0.473126331242485,0.382960516702615,0.701749039531745,0.992301441166631,"Gene1640"
239.924045359219,-0.565402342943025,0.275938646879392,-2.04901469706109,0.0404606778049799,0.902188581367456,"Gene1641"
32.9769089066299,0.0552842640148281,0.40854554019773,0.135319709984036,0.892359102094061,0.997961010251689,"Gene1642"
29.8400960203236,-0.337615722179363,0.371561749077972,-0.908639608401978,0.363540391817849,0.992301441166631,"Gene1643"
458.203256120226,-0.218071558281678,0.298394655681981,-0.730815898104057,0.464891611499544,0.992301441166631,"Gene1644"
361.74499004012,0.529055081441159,0.346085006014679,1.52868535835591,0.126342463750334,0.973542272845075,"Gene1645"
61.978009934912,-0.175219733218497,0.367815704798515,-0.476379151114496,0.633804285203603,0.992301441166631,"Gene1646"
420.254354792318,0.664912689701538,0.440845025361752,1.5082685557264,0.131485807544724,0.973542272845075,"Gene1647"
64.4048700588994,-0.323117510880628,0.407796473422556,-0.792349939097721,0.428156660485043,0.992301441166631,"Gene1648"
21.9366787517672,0.00218615676402746,0.435042081949409,0.00502516159869262,0.99599051801961,0.999029830702133,"Gene1649"
71.1973406615779,0.163746109402027,0.395194987616898,0.414342576532783,0.678623236851982,0.992301441166631,"Gene1650"
51.9702204975946,0.183851323066215,0.376578097467486,0.488215656467088,0.625397095938977,0.992301441166631,"Gene1651"
8.39705040965785,0.211445423294705,0.543727703355386,0.388881092484085,0.697364109474792,0.992301441166631,"Gene1652"
36.8783034809414,0.609785807483237,0.401234335352863,1.51977473948476,0.12856759989246,0.973542272845075,"Gene1653"
26.8168358855549,0.0587144686528801,0.398386265304749,0.147380755227508,0.882831494745295,0.997961010251689,"Gene1654"
91.4667814077777,-0.347291017863809,0.298826171609164,-1.16218407508842,0.245160701906513,0.992301441166631,"Gene1655"
29.7319870857698,-0.0183038679673719,0.386314788784195,-0.0473807073888566,0.96220980502266,0.999029830702133,"Gene1656"
90.7571257767451,0.531697466571246,0.37401507162115,1.42159369211147,0.155144237032492,0.973542272845075,"Gene1657"
106.040489320119,-0.605914357888742,0.345600826787902,-1.75322022091283,0.0795642133850894,0.937046219552397,"Gene1658"
35.6251910458564,-0.0154765700366746,0.401492330548848,-0.038547610649294,0.969251071861374,0.999029830702133,"Gene1659"
48.6112398619753,0.0825754118898435,0.481669125181419,0.171435966253269,0.863880976395364,0.997961010251689,"Gene1660"
731.093417069773,-0.0836625530509732,0.345634763029637,-0.242054798879705,0.808737702069987,0.995006281733403,"Gene1661"
357.433429753462,0.463642842488192,0.365118315346548,1.26984274138133,0.204140652470992,0.973542272845075,"Gene1662"
321.430499182122,-0.0695317781904702,0.389453643881133,-0.178536725186457,0.858301481953016,0.997961010251689,"Gene1663"
57.135277968816,0.483895126980976,0.414261321245775,1.16809149723609,0.242769859707698,0.992301441166631,"Gene1664"
23.6471830068398,-0.235460854460641,0.470504538861955,-0.500443322035038,0.616762955421865,0.992301441166631,"Gene1665"
155.681889204484,-0.00649653142017446,0.336538588834021,-0.019303971775369,0.98459861550139,0.999029830702133,"Gene1666"
68.4603829333043,-0.109118936160847,0.378292440660895,-0.288451273227165,0.773001324351257,0.993191638049143,"Gene1667"
4099.50755223694,-0.11908645738663,0.374690633568721,-0.317826085622683,0.750616862411865,0.993191638049143,"Gene1668"
4.0271537280097,1.00512399309588,0.78968940753009,1.27280926337812,0.203085733253478,0.973542272845075,"Gene1669"
36.9185012555003,0.39730962918384,0.423611176784462,0.937911110371847,0.348290092995498,0.992301441166631,"Gene1670"
358.764482602774,-0.191138816379316,0.356968787293027,-0.535449661660236,0.59233895730075,0.992301441166631,"Gene1671"
3.04496973665252,-0.109876797555119,0.799651144831757,-0.137405915398566,0.890709955586893,0.997961010251689,"Gene1672"
35.451826467398,0.0919795245316334,0.472810883292603,0.194537663539168,0.845754907757989,0.997961010251689,"Gene1673"
67.8130724462749,-0.211638197823878,0.352006379641622,-0.601233983427648,0.547684152801994,0.992301441166631,"Gene1674"
49.9137251364213,-0.057116750993124,0.424025805884714,-0.134701120074407,0.892848187571219,0.997961010251689,"Gene1675"
16.8213032355698,-0.632248640472503,0.477597290002621,-1.32381119764945,0.185565756306998,0.973542272845075,"Gene1676"
41.9180216651739,-0.146633536108443,0.454676552474368,-0.322500765237304,0.74707335812365,0.993191638049143,"Gene1677"
271.893080442783,-0.1242270435281,0.30310229253589,-0.409851877030558,0.681914608421679,0.992301441166631,"Gene1678"
10.2297310981649,-0.135480323404724,0.516997762120188,-0.262052049991715,0.79328131378292,0.993191638049143,"Gene1679"
299.926589177411,0.199521124935012,0.397626922655789,0.501779717536204,0.615822481840751,0.992301441166631,"Gene1680"
171.354686579612,-0.0824326431243464,0.351110007938921,-0.234777252885045,0.814381623890199,0.995606184538255,"Gene1681"
12.5690282949068,1.35776579782675,0.481520879826619,2.8197443864026,0.00480619177534806,0.643108662138178,"Gene1682"
9.5086050962648,-0.594306757245197,0.509788713571839,-1.16579033906259,0.243699224192437,0.992301441166631,"Gene1683"
55.5029536112526,0.331226645387747,0.366713396051534,0.90323028543304,0.366403687521722,0.992301441166631,"Gene1684"
88.4444224018213,0.323406748506655,0.307221030247825,1.05268427830534,0.292485716512203,0.992301441166631,"Gene1685"
251.294090382202,0.27641864598182,0.359058447667045,0.769843037471557,0.441393006837078,0.992301441166631,"Gene1686"
47.5244683757928,-0.673767055927972,0.368514733714342,-1.82833139162965,0.067499831281678,0.937046219552397,"Gene1687"
75.9799230881925,0.329086848458178,0.358337917796392,0.918370153183639,0.358425111017631,0.992301441166631,"Gene1688"
252.76959360137,0.360081214269668,0.352439246042526,1.02168307960295,0.306930921998555,0.992301441166631,"Gene1689"
211.699153636963,-0.566447876407963,0.288047961700617,-1.96650541480555,0.0492402574629041,0.918998076200182,"Gene1690"
170.355887915703,-0.141702310872329,0.32442672940665,-0.436777546447826,0.662272684349015,0.992301441166631,"Gene1691"
82.1877846277562,0.665559297140809,0.396916586760382,1.67682409690428,0.0935768841972594,0.973542272845075,"Gene1692"
68.9141156119438,0.142502026988717,0.340103727595538,0.418995781070017,0.675219215682946,0.992301441166631,"Gene1693"
268.720460829301,-0.849862386596755,0.373675191200466,-2.27433451995165,0.0229458811561078,0.902188581367456,"Gene1694"
172.752019891071,-0.151102939168063,0.33730355663863,-0.447973157098807,0.654172569291394,0.992301441166631,"Gene1695"
40.5641595300712,-0.125544668849998,0.39551172796866,-0.317423378302316,0.750922370407943,0.993191638049143,"Gene1696"
94.9685658482687,0.144445840711749,0.351626574213665,0.410793299780512,0.681224106608922,0.992301441166631,"Gene1697"
361.021584489454,0.0684566454535481,0.421090915312292,0.162569751481764,0.87085720492912,0.997961010251689,"Gene1698"
284.344863583233,-0.125722713773243,0.329252064291011,-0.381843357744669,0.702577556302543,0.992301441166631,"Gene1699"
13.6398250980404,-0.463945633612101,0.457205332321141,-1.01474239431273,0.310228639776944,0.992301441166631,"Gene1700"
276.827106744498,0.0058657015491766,0.295758114541891,0.0198327662396082,0.984176779340158,0.999029830702133,"Gene1701"
48.2458888398117,-0.155224078330693,0.371000927848798,-0.418392695756153,0.675660026091881,0.992301441166631,"Gene1702"
7.9243453181197,-0.766683179608862,0.543601605989553,-1.41037695834842,0.158428405351369,0.973542272845075,"Gene1703"
257.226912092046,0.415467072547834,0.357203095537278,1.163111623999,0.24478421654132,0.992301441166631,"Gene1704"
62.0626836104999,0.220131910114767,0.425195762431982,0.517718965155447,0.604654364105402,0.992301441166631,"Gene1705"
136.534111908116,-0.332867371735379,0.3757375022044,-0.885904041471753,0.375669238139323,0.992301441166631,"Gene1706"
512.531375519616,-0.735780271937437,0.328961556518671,-2.23667555480963,0.0253075528158159,0.902188581367456,"Gene1707"
170.976040818802,-1.20586779044069,0.310713014040794,-3.88096969212359,0.000104040807230577,0.0692564973464877,"Gene1708"
31.5345167771068,-0.593942875694994,0.44244884805749,-1.34239896499362,0.179466670141978,0.973542272845075,"Gene1709"
38.6417407139178,-0.258195495222642,0.380606635362398,-0.678378859519353,0.49753150960722,0.992301441166631,"Gene1710"
15.9852170032082,-0.236038620695672,0.464640711289529,-0.508002452132505,0.611451623540159,0.992301441166631,"Gene1711"
25.6970367245379,-0.091996674854084,0.379928277644649,-0.242142215431855,0.808669968125356,0.995006281733403,"Gene1712"
85.4721250418362,0.593346781856021,0.359971329435663,1.64831677785625,0.0992876835906263,0.973542272845075,"Gene1713"
34.9447862944091,-0.619836719833604,0.360761646101401,-1.71813363901601,0.0857722423210418,0.954626836533261,"Gene1714"
119.765149328339,0.0590301672736548,0.302419394386473,0.195193060925907,0.845241811161642,0.997961010251689,"Gene1715"
153.116128924247,0.0448192331310664,0.354960829058268,0.126265293131004,0.899521928405651,0.997961010251689,"Gene1716"
73.9801885751489,0.0668977040471327,0.30818603324146,0.217069227127237,0.828154395384842,0.997961010251689,"Gene1717"
37.2930055158563,-0.566994324716369,0.368754903537215,-1.53759128157369,0.124148580511795,0.973542272845075,"Gene1718"
9.13188525949567,-0.663217134500499,0.517593793784447,-1.28134676741641,0.200071892893326,0.973542272845075,"Gene1719"
66.3831110784822,-1.04130724206163,0.468458177975643,-2.22283928644698,0.0262266389256717,0.902188581367456,"Gene1720"
12.9003547086113,-1.40588357119505,0.505903940242746,-2.77895359051853,0.00545343158863649,0.643108662138178,"Gene1721"
132.579139977082,0.180382275894697,0.414749151629101,0.434918974966363,0.663621240968212,0.992301441166631,"Gene1722"
500.128248102885,2.61091091431786,0.286399716185951,9.11631809237781,7.77198981661967e-20,3.1041327327579e-16,"Gene1723"
66.1291941557769,0.164088730287401,0.418740956781589,0.391862146823598,0.695160073142333,0.992301441166631,"Gene1724"
15.6982717765777,-0.705322818063365,0.468420437174399,-1.50574732033044,0.132132051335854,0.973542272845075,"Gene1725"
18.9003553141232,0.323593237660595,0.426225989830622,0.75920578608824,0.447729465375427,0.992301441166631,"Gene1726"
30.1948844425976,0.305629388753863,0.39184077568694,0.779983625282644,0.435400513556376,0.992301441166631,"Gene1727"
54.5550807508084,-0.450552307297922,0.343364647073113,-1.31216859725802,0.189463254834551,0.973542272845075,"Gene1728"
1039.09216855633,0.306604716755862,0.376113846633024,0.81519124993826,0.41496284568545,0.992301441166631,"Gene1729"
19.9778895230108,-0.278886793681234,0.406439057366335,-0.686171244191884,0.492605128788584,0.992301441166631,"Gene1730"
4.13560749193789,-0.6891142972104,0.758288548195354,-0.908775820036342,0.36346847259362,0.992301441166631,"Gene1731"
40.3438410741619,-0.144155107908319,0.383235409920061,-0.376152892391621,0.706803234346423,0.992301441166631,"Gene1732"
20.4754080268274,-0.62221630461678,0.418324923419448,-1.48739955422855,0.136909314574911,0.973542272845075,"Gene1733"
3.42222817155813,-0.406878020325441,0.84968188888856,-0.478859236199166,0.632038772255384,0.992301441166631,"Gene1734"
22.0247565235688,-0.015323234949953,0.431040842540052,-0.0355493805636973,0.971641671240859,0.999029830702133,"Gene1735"
40.6987649059182,0.125640382972527,0.388073244076319,0.323754303833991,0.746124054588163,0.993191638049143,"Gene1736"
12.0499980095561,-0.318257021027772,0.482848201813632,-0.659124378701966,0.509815902029644,0.992301441166631,"Gene1737"
115.022647163702,0.193409019268201,0.362101739779051,0.534128942286266,0.593252326924651,0.992301441166631,"Gene1738"
188.163132402404,0.313389136429875,0.388061161936785,0.807576658446758,0.419334328205652,0.992301441166631,"Gene1739"
40.4520367432036,0.0398794094838491,0.421819396962359,0.0945414311694344,0.924679072496403,0.997961010251689,"Gene1740"
9.61842858804351,-0.32515440849516,0.53678806171218,-0.605740760064639,0.544686913031311,0.992301441166631,"Gene1741"
99.8213565103224,0.0584173300918611,0.466311945584002,0.125275216826582,0.900305671706203,0.997961010251689,"Gene1742"
19.2654315717451,-0.140632925332385,0.429069856187023,-0.327762305611806,0.743091390046276,0.993191638049143,"Gene1743"
20.7283328524904,-0.0969500635333217,0.409097423431706,-0.236985270452348,0.812668217285445,0.995329528434693,"Gene1744"
70.348243201351,-0.261030755871179,0.341736568836373,-0.763836181653019,0.444964872264279,0.992301441166631,"Gene1745"
15.3437643429146,0.0491916273117138,0.445991500820263,0.110297230376007,0.912173653703775,0.997961010251689,"Gene1746"
44.2518928100269,0.139354310465397,0.409771991590122,0.34007768545779,0.733798025777033,0.993191638049143,"Gene1747"
17.3000002602556,0.125023792499409,0.427291441635549,0.292596060480064,0.76983092533521,0.993191638049143,"Gene1748"
95.0548803561651,0.456833447503565,0.367129530255988,1.24433860491971,0.21337496848399,0.973542272845075,"Gene1749"
19.6292263439941,0.832724090153072,0.467925443144489,1.77960848753407,0.0751400562153561,0.937046219552397,"Gene1750"
16.4594811801569,0.770215580205399,0.485325381094225,1.5870086548304,0.112510684447834,0.973542272845075,"Gene1751"
16.6661441639509,0.272629219176113,0.510589203448553,0.5339502232612,0.593375973140359,0.992301441166631,"Gene1752"
60.8926171861283,0.255659211739506,0.386250421957873,0.661900148726285,0.508035216469919,0.992301441166631,"Gene1753"
265.900394462169,0.093300932180827,0.385751564621612,0.241867929355898,0.808882501078812,0.995006281733403,"Gene1754"
21.9288587746497,0.0668097004365389,0.411767556622114,0.162251006331349,0.871108194643473,0.997961010251689,"Gene1755"
46.685942659588,-0.275940421773027,0.381714313985667,-0.722897757990255,0.469742701077886,0.992301441166631,"Gene1756"
25.2322408935467,0.0471152334358747,0.386916373172594,0.121771102756765,0.903080300262792,0.997961010251689,"Gene1757"
14.1465954760541,-0.243365014182339,0.456999133051422,-0.532528393560335,0.594360081832019,0.992301441166631,"Gene1758"
204.986879205791,-0.193862783198829,0.350050034911045,-0.553814494685289,0.579705807446441,0.992301441166631,"Gene1759"
25.5697133751072,0.472430955747955,0.409058861946755,1.15492169879808,0.248122492724711,0.992301441166631,"Gene1760"
391.397650009699,-0.216228923767591,0.380890294597563,-0.567693445683756,0.57024314284952,0.992301441166631,"Gene1761"
21.8358201413951,-0.00825278440337357,0.429877607421952,-0.0191979862660605,0.984683164034594,0.999029830702133,"Gene1762"
134.629053359017,-0.0955548370813437,0.314303770921376,-0.304020651108405,0.761112158061082,0.993191638049143,"Gene1763"
206.301478196454,-0.108777006438258,0.332392119397426,-0.327255070413382,0.743474971680965,0.993191638049143,"Gene1764"
788.223064891471,0.545896335089233,0.330009633140602,1.65418303064096,0.0980903296617568,0.973542272845075,"Gene1765"
19.4801938368025,0.401931978273836,0.487105861466356,0.825142972133168,0.409290425468292,0.992301441166631,"Gene1766"
58.9254373484129,0.0754331622451,0.385357306681723,0.19574862325733,0.844806924686432,0.997961010251689,"Gene1767"
168.52032880955,-0.150779808800506,0.324161154300395,-0.465138425132768,0.641832330414414,0.992301441166631,"Gene1768"
25.4495832415247,0.378298357086835,0.383049274593898,0.987597111332216,0.323350001575522,0.992301441166631,"Gene1769"
121.37853975173,0.138293017558301,0.364646881207648,0.379251886373738,0.704500824592088,0.992301441166631,"Gene1770"
32.1741180315573,-0.434401291088167,0.39730385635744,-1.09337295406806,0.274230083361423,0.992301441166631,"Gene1771"
13.2688337245822,0.0270758945527811,0.5322135297856,0.0508741191973991,0.959425828685182,0.999029830702133,"Gene1772"
4.39047454829973,0.32654770534095,0.687826649649337,0.474752912681456,0.634963098747718,0.992301441166631,"Gene1773"
92.6549494835641,-0.033264284051331,0.348273719783279,-0.0955118981473262,0.923908240110878,0.997961010251689,"Gene1774"
32.5894385958778,-0.396325775574866,0.463200729174347,-0.855624248004347,0.392205653167409,0.992301441166631,"Gene1775"
455.071872317344,0.00202798092904306,0.311577643940098,0.00650874980437604,0.994806805688247,0.999029830702133,"Gene1776"
12.6681210842269,-0.21777850179318,0.505354053992598,-0.430942425558082,0.666510234194327,0.992301441166631,"Gene1777"
29.1285939520991,-0.272076491826615,0.368900480539437,-0.737533579324054,0.460797930580517,0.992301441166631,"Gene1778"
157.446777827065,-0.238594574798804,0.399583513843656,-0.59710815519821,0.550435173456996,0.992301441166631,"Gene1779"
30.6400745846597,0.271906284740794,0.423090254410882,0.642667331393394,0.52043998316598,0.992301441166631,"Gene1780"
80.0641140661635,0.227872212534952,0.321633225991968,0.708484677950041,0.478644323866352,0.992301441166631,"Gene1781"
264.192437291625,0.0335492413517197,0.269147111912673,0.124650200083161,0.900800484368501,0.997961010251689,"Gene1782"
652.549454765276,0.312522073498016,0.385008672760523,0.811727359950684,0.416948091394244,0.992301441166631,"Gene1783"
54.6753793714731,-0.225005128677258,0.391764634494675,-0.574337520198794,0.565739423966374,0.992301441166631,"Gene1784"
14.1374984573102,-0.0457152331972692,0.477018426021487,-0.0958353612847862,0.923651332358665,0.997961010251689,"Gene1785"
16.4600881464506,-0.578625550672919,0.462396365967112,-1.25136266904415,0.210802190681566,0.973542272845075,"Gene1786"
34.2695602326824,0.388839220216004,0.36716183538381,1.05904040873293,0.289581377106719,0.992301441166631,"Gene1787"
28.0358757772829,0.156132053914544,0.431940300622082,0.361466743644161,0.717750561485123,0.992301441166631,"Gene1788"
12.4405766071417,-0.870095106608553,0.543433467998309,-1.60110695760693,0.109353231465304,0.973542272845075,"Gene1789"
110.000001940815,0.257053092054736,0.3143793173784,0.817652682111197,0.413555536482362,0.992301441166631,"Gene1790"
231.193778021403,-0.187014287836528,0.308223010830605,-0.606749922183155,0.544016886310356,0.992301441166631,"Gene1791"
33.7841777977506,0.392770105005338,0.358191809044901,1.09653569704075,0.272844410387813,0.992301441166631,"Gene1792"
17.5496492817856,0.0842145476215434,0.429284893147355,0.196174030267206,0.844473953952424,0.997961010251689,"Gene1793"
13.295938227599,-0.0743205900696436,0.492466955610791,-0.150914877075288,0.880042864691769,0.997961010251689,"Gene1794"
180.242646192917,-0.00212382283478087,0.296516704790992,-0.00716257398138126,0.994285141669077,0.999029830702133,"Gene1795"
47.6444289022778,-0.137091560007538,0.374137595012828,-0.366420166898323,0.714051573572291,0.992301441166631,"Gene1796"
2.80149364046496,0.383676213385249,0.848248242579269,0.452315954370391,0.65104138395889,0.992301441166631,"Gene1797"
47.3771725924976,0.189563152602189,0.349716751457888,0.542047676618132,0.587785662351632,0.992301441166631,"Gene1798"
56.2100213186806,-0.329296130569632,0.392451873518388,-0.839073916547892,0.401427831989647,0.992301441166631,"Gene1799"
20.3338134648377,-0.326248672034323,0.435565483569517,-0.749023245278006,0.453843195005501,0.992301441166631,"Gene1800"
12.1896804468934,-0.0526185059382757,0.471311250026519,-0.111642796422354,0.911106637479478,0.997961010251689,"Gene1801"
44.2511309641096,0.060892841774126,0.389388359948812,0.156380744874168,0.875732913808121,0.997961010251689,"Gene1802"
22.6625149548523,-0.0277790086850122,0.438685037590432,-0.0633233557214399,0.949509017906416,0.998838723318217,"Gene1803"
28.7122642639238,-0.296102115191705,0.505708581200467,-0.585519261881631,0.558198618805203,0.992301441166631,"Gene1804"
3.52056657315773,0.0980123391867365,0.874430302630108,0.112087079887254,0.910754361623576,0.997961010251689,"Gene1805"
38.1088117354027,1.56701906780696,0.393102996827949,3.98628115392569,6.7116975656001e-05,0.0536130401540136,"Gene1806"
165.66097438867,-0.542769361097148,0.37661331243755,-1.44118474619017,0.149532496596129,0.973542272845075,"Gene1807"
211.852500924036,0.241143908235637,0.40129234797037,0.600918281784537,0.547894415982447,0.992301441166631,"Gene1808"
595.5884513609,0.154561489904535,0.470096605964636,0.32878665351641,0.742316951709503,0.993191638049143,"Gene1809"
72.3757382100956,0.35449442895278,0.318841619687715,1.11181980978514,0.266215632665726,0.992301441166631,"Gene1810"
17.0592966686468,-0.0762273811379549,0.452213110628909,-0.168565172805235,0.866138676565586,0.997961010251689,"Gene1811"
109.612585390437,0.289696557885485,0.364390581230376,0.795016591557651,0.426603850939215,0.992301441166631,"Gene1812"
232.568394050517,-0.345016987907735,0.337588758882326,-1.02200378072422,0.306779111009701,0.992301441166631,"Gene1813"
434.346803673531,0.0442314894346357,0.322088761667843,0.13732701881803,0.890772314820959,0.997961010251689,"Gene1814"
136.394365555863,-0.176124220772098,0.499844509643419,-0.352358018091951,0.724569782283579,0.993191638049143,"Gene1815"
300.266735476418,0.284405373037536,0.287738445904183,0.988416310319,0.322948802788055,0.992301441166631,"Gene1816"
103.119139962594,-0.625409758126231,0.341186130860507,-1.83304566498316,0.0667957803847097,0.937046219552397,"Gene1817"
11.9189063715945,-0.235322946020366,0.51612691710201,-0.455940076409259,0.648433069664191,0.992301441166631,"Gene1818"
18.0493283393487,-0.189789865703411,0.448861175423534,-0.422825310129196,0.672422719877235,0.992301441166631,"Gene1819"
492.23602660101,-0.18019962953369,0.375364658084509,-0.480065519362561,0.631180805235784,0.992301441166631,"Gene1820"
171.263008444097,0.0725938541309076,0.373359988094719,0.194433941626576,0.845836115426596,0.997961010251689,"Gene1821"
23.0100648857539,-0.571509554698693,0.468607677145037,-1.21959067802854,0.222620081999509,0.974939262616271,"Gene1822"
23.6802734690939,-0.594979393791103,0.471229476160689,-1.26261073190637,0.206729109149524,0.973542272845075,"Gene1823"
16.574583714254,1.3722484531601,0.523909912659863,2.61924506484954,0.00881246139605342,0.675932684016347,"Gene1824"
72.907904783115,0.0541014184534372,0.37827999219991,0.143019508218786,0.886274774244589,0.997961010251689,"Gene1825"
37.4436448324022,0.0158585648982765,0.388359592907633,0.0408347448804961,0.967427640040523,0.999029830702133,"Gene1826"
22.1701949291231,0.255790781868258,0.420868742822326,0.607768541215338,0.543340996654493,0.992301441166631,"Gene1827"
269.582690930054,-0.273660710141365,0.351521507588553,-0.778503460623748,0.436272267298726,0.992301441166631,"Gene1828"
54.0304656399709,-0.234005009460452,0.500765679382373,-0.467294423509745,0.640289245631192,0.992301441166631,"Gene1829"
115.568788273521,0.347551101907917,0.33744150554601,1.02995955208755,0.303028993335754,0.992301441166631,"Gene1830"
31.2802070316407,-0.345913699507858,0.40772083376018,-0.848408202047686,0.396210676395705,0.992301441166631,"Gene1831"
77.9269297298799,-0.0365479697181484,0.36694977161693,-0.0995993799290382,0.920662386123944,0.997961010251689,"Gene1832"
171.866241399461,-0.0124781475567734,0.341449930532405,-0.0365445895312291,0.970848125132142,0.999029830702133,"Gene1833"
139.093134685063,0.263050913722323,0.398636563737754,0.659876533291044,0.509333064566538,0.992301441166631,"Gene1834"
170.813958175385,-0.237985950593128,0.349030892192412,-0.681847813235777,0.495335187199952,0.992301441166631,"Gene1835"
7.66406747573668,-0.505736768867236,0.577079625703256,-0.876372594598054,0.380827511803989,0.992301441166631,"Gene1836"
65.8766574046143,0.198579886687728,0.419740751516526,0.473101279707194,0.636140923836671,0.992301441166631,"Gene1837"
33.1620989840472,0.0894520430390658,0.382254146904787,0.234011962364261,0.814975691857401,0.995606184538255,"Gene1838"
27.8087055426606,-0.0438562924292188,0.4194429999929,-0.104558408246082,0.916726219149016,0.997961010251689,"Gene1839"
28.2253295233416,0.076341793908434,0.480097076035483,0.159013244860487,0.873658438714985,0.997961010251689,"Gene1840"
406.737372771559,0.705928986139903,0.292702920861578,2.41175928160192,0.0158757592856534,0.871913431507066,"Gene1841"
78.8631005175224,0.240097001104227,0.35406299823904,0.678119437214191,0.497695967562727,0.992301441166631,"Gene1842"
45.9012008359104,-0.937678952133323,0.365632540236029,-2.56453911768361,0.0103312933054567,0.749853382882351,"Gene1843"
141.660016607398,-0.0752079923666662,0.33040240445825,-0.227625439015743,0.819937441581731,0.997961010251689,"Gene1844"
26.5575964536067,0.651100441493188,0.407386345749014,1.59823825291956,0.109989963461113,0.973542272845075,"Gene1845"
68.9226580347154,0.421874589820489,0.336364331851707,1.25421916021251,0.209762357486958,0.973542272845075,"Gene1846"
329.209453503396,-0.65143425829016,0.299115050512395,-2.17787188299027,0.0294155763392115,0.902188581367456,"Gene1847"
38.6809590085574,0.17982988408666,0.362097168119974,0.496634328902227,0.61944694033336,0.992301441166631,"Gene1848"
25.8355445755023,0.387717361699505,0.408918179260248,0.948153888391326,0.343051117883908,0.992301441166631,"Gene1849"
32.9426679884185,0.0924207043224221,0.404020293054081,0.228752629289467,0.819061186873616,0.997961010251689,"Gene1850"
15.8359015392888,-0.0871059507345374,0.514179783270939,-0.169407576043569,0.865476064813354,0.997961010251689,"Gene1851"
69.727153170936,-0.188990127594265,0.35548012871987,-0.531647516486626,0.594970148299325,0.992301441166631,"Gene1852"
76.7192306434286,0.187813777295231,0.375579968066562,0.500063350721478,0.617030470973555,0.992301441166631,"Gene1853"
143.02876568314,-0.991341351734171,0.314728690340363,-3.14982835108577,0.00163366414787899,0.43499030710858,"Gene1854"
487.453466159869,-0.417953530079735,0.268714609681976,-1.55538074604274,0.119855416900509,0.973542272845075,"Gene1855"
234.781816801166,0.37956022901618,0.316473008291372,1.19934471209856,0.230393936057055,0.983112586123801,"Gene1856"
11.5834487993208,0.157240133922946,0.494674643740363,0.317865764725705,0.750586762558261,0.993191638049143,"Gene1857"
536.038797424065,-0.0320430418218154,0.383424012711328,-0.083570774806793,0.93339770395342,0.997961010251689,"Gene1858"
64.0287541274462,-0.15904165765527,0.413803657534628,-0.384340869780641,0.70072582008949,0.992301441166631,"Gene1859"
26.0090212524275,1.16531289110875,0.462034764910915,2.52213248787337,0.0116645766013733,0.817338928875176,"Gene1860"
569.126148693154,0.206941100596977,0.345591171472244,0.598803203552314,0.549304125791149,0.992301441166631,"Gene1861"
72.8801693872174,-0.30464508770465,0.356181123678822,-0.855309468840232,0.392379846919936,0.992301441166631,"Gene1862"
514.59795159378,0.17575149777831,0.320213300588017,0.548857581666885,0.583103190322663,0.992301441166631,"Gene1863"
46.6381296701538,0.113672796233419,0.406556515632786,0.279599002506437,0.779785172475525,0.993191638049143,"Gene1864"
20.2172617365544,-0.31181494163494,0.41227786821021,-0.756322290567275,0.449455986739,0.992301441166631,"Gene1865"
3.41620234818974,0.634738003025871,0.814157224328038,0.779625831545928,0.435611146624072,0.992301441166631,"Gene1866"
186.575295888001,0.13305993749734,0.302081058479913,0.440477592891473,0.659591237585104,0.992301441166631,"Gene1867"
16.6711286167316,0.489158118104482,0.48209805495624,1.01464445474455,0.310275340418934,0.992301441166631,"Gene1868"
151.609413691398,-0.0599437364467627,0.347018226397299,-0.172739446769385,0.862856235806821,0.997961010251689,"Gene1869"
52.9148245861583,0.122684999920827,0.402713230432026,0.30464606238343,0.760635733824838,0.993191638049143,"Gene1870"
93.6768710631885,0.118615765713269,0.425050907268633,0.279062492715264,0.78019686658259,0.993191638049143,"Gene1871"
238.016652167449,0.279416391157887,0.408436744939496,0.684111786267611,0.493904579844046,0.992301441166631,"Gene1872"
27.6705864705652,0.296919783772213,0.410567661379749,0.72319330454422,0.469561131742674,0.992301441166631,"Gene1873"
39.9998782676674,0.00357075029103474,0.430577254268381,0.00829293757539983,0.993383268986842,0.999029830702133,"Gene1874"
39.0118780292699,-0.209754850950378,0.38660175358197,-0.542560526451169,0.587432423362977,0.992301441166631,"Gene1875"
175.075376786679,0.86074198575807,0.330116394290569,2.60738939551255,0.00912355404411651,0.675932684016347,"Gene1876"
30.1309789800305,-0.671454450604525,0.474934045956692,-1.41378462192991,0.157425150125508,0.973542272845075,"Gene1877"
41.5647539241576,-0.412202474779716,0.327274421473807,-1.25950104173572,0.207849414192456,0.973542272845075,"Gene1878"
138.232061264277,0.36622505527597,0.368809768808957,0.992991743300796,0.320713978220047,0.992301441166631,"Gene1879"
135.300343465929,0.0748418350490948,0.345892384861014,0.216373179418701,0.828696870814195,0.997961010251689,"Gene1880"
141.35159837692,-0.656526442064101,0.299162250476014,-2.19454975024243,0.0281959114886555,0.902188581367456,"Gene1881"
51.7297203019093,0.251868119373286,0.393242330085124,0.64049086302272,0.521853527428721,0.992301441166631,"Gene1882"
127.550011811779,-0.58120394637866,0.432377382291083,-1.34420524796874,0.178882025104285,0.973542272845075,"Gene1883"
74.3922126692064,-0.285941242446446,0.426805316815597,-0.66995707687022,0.502885152975187,0.992301441166631,"Gene1884"
27.6695376348399,-0.982901906833795,0.401737338158538,-2.44662821568731,0.0144199498480626,0.857374236297289,"Gene1885"
428.195657905578,0.312389998618115,0.297541442526432,1.04990416113333,0.293762178256522,0.992301441166631,"Gene1886"
6.69992165117835,-0.260417615868619,0.593807112505265,-0.438555905418377,0.660983353358633,0.992301441166631,"Gene1887"
140.543224227444,-0.557512744580403,0.368094585409205,-1.51459099557421,0.129876013917739,0.973542272845075,"Gene1888"
76.4032249692508,0.350962820114721,0.442232844028725,0.793615455870401,0.427419331868378,0.992301441166631,"Gene1889"
67.7062634530825,0.400629795736857,0.399103023999035,1.00382550781631,0.31546272718135,0.992301441166631,"Gene1890"
28.1261199668867,0.39300814607247,0.422496573061222,0.930204340416084,0.352265295026234,0.992301441166631,"Gene1891"
34.7773565987428,1.05183998958398,0.411122452302653,2.55845912499484,0.0105137179372588,0.749853382882351,"Gene1892"
534.249480496527,0.00841164060209445,0.375790739741401,0.022383842156097,0.982141769215233,0.999029830702133,"Gene1893"
49.6661852783566,0.633383728185347,0.408419334673996,1.55081719794416,0.120945497978632,0.973542272845075,"Gene1894"
42.4618216009682,0.0613522787433862,0.404247817255717,0.151768979632056,0.879369149333577,0.997961010251689,"Gene1895"
19.0307203331105,-0.788784368047671,0.460699967664221,-1.71214331107263,0.0868702613959321,0.954626836533261,"Gene1896"
27.082451580634,-0.0731002272265457,0.413886704439196,-0.176618930839043,0.859807723196432,0.997961010251689,"Gene1897"
35.7020864028258,0.673763795728377,0.379667834688944,1.77461384444216,0.0759616697055524,0.937046219552397,"Gene1898"
9.87009710568811,-0.461420121716131,0.581174503765314,-0.793944191850608,0.4272279213604,0.992301441166631,"Gene1899"
209.107246292851,-0.180267562849788,0.439906172054383,-0.409786391511466,0.681962649758373,0.992301441166631,"Gene1900"
72.7193793339574,-0.479119738731463,0.35170205746636,-1.36228870022261,0.173106792305296,0.973542272845075,"Gene1901"
339.278955695262,-0.711512024302121,0.320519849649263,-2.2198688320886,0.0264276727890214,0.902188581367456,"Gene1902"
180.785521637859,-0.1390237320286,0.356399017270705,-0.390078887122756,0.696478214319025,0.992301441166631,"Gene1903"
348.720824867489,0.185173665667687,0.328376595897576,0.56390640496634,0.572817830855607,0.992301441166631,"Gene1904"
10.9732565308768,0.00277423644134055,0.528615021202769,0.00524812260353153,0.995812623223458,0.999029830702133,"Gene1905"
103.942890075041,0.860947803475133,0.409347497210473,2.10321990324143,0.0354465512367122,0.902188581367456,"Gene1906"
32.2037536356845,0.139567790690487,0.423162438673719,0.329820839316273,0.741535340174949,0.993191638049143,"Gene1907"
45.6977898234388,-0.171152250723272,0.34826218341205,-0.491446556288231,0.623110642864109,0.992301441166631,"Gene1908"
29.3640213704418,-0.174016378524994,0.395226887969612,-0.440294888384148,0.659723542439062,0.992301441166631,"Gene1909"
66.3766822246233,-0.233902095153856,0.369848254931037,-0.632427196925587,0.527107767015198,0.992301441166631,"Gene1910"
83.6658773250665,0.566832677194592,0.347111387265592,1.63299937135419,0.102469128884058,0.973542272845075,"Gene1911"
4.02977560384402,0.626420545365685,0.731223726203275,0.856674261129683,0.391624931952275,0.992301441166631,"Gene1912"
170.54332559103,-0.254843749668972,0.331104476140161,-0.769677754404906,0.441491069105877,0.992301441166631,"Gene1913"
57.4510729968329,-0.891185752962282,0.332430555185273,-2.68081781010051,0.00734424890538555,0.651842891735775,"Gene1914"
20.3691797978246,0.0581486585663048,0.431090374386461,0.13488739721703,0.892700904045032,0.997961010251689,"Gene1915"
13.7902258934338,-0.171832572782478,0.459586456322014,-0.373885197047848,0.70848973012082,0.992301441166631,"Gene1916"
30.1105131957483,-0.0525840590224978,0.359945303001105,-0.146089026816212,0.883851108812789,0.997961010251689,"Gene1917"
9.39966003799704,-0.106470387644773,0.55089379603879,-0.193268445588515,0.846748737184043,0.997961010251689,"Gene1918"
61.9353451185135,-0.464611700454115,0.329333218064005,-1.41076476641302,0.158313986698749,0.973542272845075,"Gene1919"
308.156288871581,0.205012901107286,0.322430105321452,0.6358367215831,0.524882850103545,0.992301441166631,"Gene1920"
60.9294357318593,-0.626730084110084,0.404792816665973,-1.54827372993442,0.121556406506786,0.973542272845075,"Gene1921"
116.486917446934,0.404708859080694,0.320438933050767,1.26298279434283,0.206595363146894,0.973542272845075,"Gene1922"
8.87608045195072,0.441055242228781,0.55444944801009,0.79548323803319,0.426332457549781,0.992301441166631,"Gene1923"
9.62842578217668,0.258542384275763,0.567219938718323,0.455806234280055,0.648529320672111,0.992301441166631,"Gene1924"
21.7014733080147,0.072293695902908,0.41794271802092,0.172975129810228,0.86267097646722,0.997961010251689,"Gene1925"
104.897496203628,0.794292384519574,0.362763795323633,2.18955803958044,0.028556304958649,0.902188581367456,"Gene1926"
15.8580457251202,0.362447138509834,0.441979969219091,0.820053314068103,0.412185714940325,0.992301441166631,"Gene1927"
84.236860615459,-0.282778578549882,0.341412286685214,-0.828261282847761,0.407522544329336,0.992301441166631,"Gene1928"
39.6080477571956,0.280109517378132,0.423748514587185,0.661027726907819,0.508594532354764,0.992301441166631,"Gene1929"
87.4632463191527,-0.329711621875189,0.38493408738359,-0.856540464151278,0.39169890080717,0.992301441166631,"Gene1930"
12.4187838654878,-0.872452394317003,0.543677762336645,-1.60472333936804,0.108554703246044,0.973542272845075,"Gene1931"
18.1816060771506,-0.013818532003451,0.452260379647078,-0.0305543722716421,0.975624930795962,0.999029830702133,"Gene1932"
51.903718396659,0.440040604691315,0.424240725605876,1.03724272124717,0.299622752683531,0.992301441166631,"Gene1933"
44.0098156755362,0.445654664627767,0.383834153358745,1.16106047554148,0.245617306686402,0.992301441166631,"Gene1934"
3.89923529979362,0.937017324128196,0.736895265435743,1.27157462950195,0.203524295721858,0.973542272845075,"Gene1935"
84.9126397229982,0.38295220822707,0.324169479238087,1.18133332331947,0.237470334344092,0.992301441166631,"Gene1936"
5.73541298935107,0.961962447049459,0.641670998097029,1.49915213544371,0.133834168988471,0.973542272845075,"Gene1937"
38.1371436986433,0.0294955987931569,0.395774358657407,0.0745263005244083,0.940591614561295,0.997961010251689,"Gene1938"
45.0164352599922,0.185709279570166,0.431308491444275,0.430571814035707,0.666779739263324,0.992301441166631,"Gene1939"
24.5682046721773,0.11604263646923,0.492932914361588,0.235412635448619,0.813888479952216,0.995606184538255,"Gene1940"
11.8351034586778,-0.0239860496647121,0.513260239685168,-0.0467327250585884,0.962726248005212,0.999029830702133,"Gene1941"
38.5790504813739,-0.485760322238463,0.3786788238761,-1.28277656845527,0.199570365503407,0.973542272845075,"Gene1942"
40.7390794842854,0.387616030051782,0.372525082909253,1.04050988197808,0.298103075356749,0.992301441166631,"Gene1943"
18.2634531513913,0.709230401975448,0.486452472269215,1.45796443107178,0.144850347354825,0.973542272845075,"Gene1944"
9.74754978238672,-0.287006465940377,0.560564145200175,-0.511995760695485,0.608653976523937,0.992301441166631,"Gene1945"
12.9128424929373,-0.0493814738237191,0.455621045468888,-0.108382776245333,0.913692063212289,0.997961010251689,"Gene1946"
32.3998103534045,0.51012008161631,0.411424796393016,1.23988657486997,0.215017350169795,0.973542272845075,"Gene1947"
28.750427403061,0.00360434024740899,0.376750988835659,0.00956690321782066,0.99236683206641,0.999029830702133,"Gene1948"
328.942104342398,-0.440429421854063,0.300044230803274,-1.46788165423128,0.142136372316738,0.973542272845075,"Gene1949"
13.1576864442492,0.435436097134899,0.469439794927646,0.927565370128051,0.353633068025244,0.992301441166631,"Gene1950"
90.0899870870745,-0.185761432541938,0.344539208693351,-0.539159050275959,0.589777113270455,0.992301441166631,"Gene1951"
36.0335584200406,-0.409602119609313,0.39531416121331,-1.03614330018472,0.300135294071757,0.992301441166631,"Gene1952"
54.274567241813,-0.813856104364532,0.401266968585127,-2.02821604587639,0.0425382029486663,0.902188581367456,"Gene1953"
18.890114198621,0.32175931589628,0.403437548991004,0.797544295767708,0.425134987778731,0.992301441166631,"Gene1954"
132.630789310712,-0.0157945589141144,0.321362696672871,-0.049148700448554,0.960800792930041,0.999029830702133,"Gene1955"
6.82063096112152,-0.734452181887757,0.597341479230819,-1.22953487648889,0.218871329867791,0.973542272845075,"Gene1956"
43.2622184483859,0.521429016615505,0.36720164559651,1.42000729808402,0.1556055563856,0.973542272845075,"Gene1957"
66.0559957403785,-0.0705673854438703,0.425501743298405,-0.16584511475052,0.868278841271316,0.997961010251689,"Gene1958"
183.664696694216,0.115729449129248,0.326931830785875,0.353986483515718,0.723349012848023,0.993191638049143,"Gene1959"
45.3688493830759,0.178190332324671,0.353186771789875,0.504521535225232,0.613894932879388,0.992301441166631,"Gene1960"
112.730192288253,0.536489794785102,0.378547889357055,1.41723097623475,0.15641540804894,0.973542272845075,"Gene1961"
74.6957243497626,-0.00738983935429387,0.389484412409274,-0.0189733892264951,0.984862333908996,0.999029830702133,"Gene1962"
20.2478560427368,-0.338102877147418,0.533546177214616,-0.633690000202959,0.526283152217898,0.992301441166631,"Gene1963"
48.4784016252166,-0.200182659436142,0.383956687635304,-0.52136781538829,0.602110567508012,0.992301441166631,"Gene1964"
52.1157046450145,0.409491740618459,0.341069681075746,1.20061020764703,0.229902439572544,0.982460184680701,"Gene1965"
207.757010309681,-0.661852361813475,0.374080979898772,-1.76927563115499,0.0768478880836844,0.937046219552397,"Gene1966"
67.3282747579963,0.198240001703604,0.506708031946416,0.391231220358014,0.695626333203684,0.992301441166631,"Gene1967"
85.2528724106339,-0.230287657471112,0.350266740371988,-0.65746367247585,0.510882822057973,0.992301441166631,"Gene1968"
1000.66781967981,-0.521023536632483,0.31337937970176,-1.66259674496879,0.0963931831258509,0.973542272845075,"Gene1969"
94.4194675235662,0.012022369699223,0.412528788588212,0.0291431047524389,0.976750457763095,0.999029830702133,"Gene1970"
65.9992720499788,-0.201294007415818,0.362185673246625,-0.555775731302187,0.578364177934311,0.992301441166631,"Gene1971"
109.002684620695,0.397488666550086,0.415598507893605,0.956424671889932,0.338857724891055,0.992301441166631,"Gene1972"
344.478106864144,0.270396302293222,0.44858125149118,0.602781104636824,0.546654318454256,0.992301441166631,"Gene1973"
173.320199057414,0.314857500976417,0.309251708175017,1.01812695824538,0.308617625426043,0.992301441166631,"Gene1974"
96.388436215454,-0.376566145946682,0.432833670215126,-0.870001970409377,0.384299327401538,0.992301441166631,"Gene1975"
22.0721984820043,0.244911175101003,0.408603531557845,0.599385850061679,0.548915610633723,0.992301441166631,"Gene1976"
78.1360367490834,-0.108585071970185,0.381990145295827,-0.284261448383944,0.776210027726962,0.993191638049143,"Gene1977"
50.0268172163615,0.232190131990666,0.347245835198057,0.66866210751882,0.50371104434445,0.992301441166631,"Gene1978"
4.75006559491929,0.0787998303869871,0.66851512399337,0.117872920983862,0.906168349566838,0.997961010251689,"Gene1979"
10.1341652714052,0.535315345423917,0.535661022082201,0.999354672742585,0.317622909239012,0.992301441166631,"Gene1980"
5.35673251310635,-1.09696717754239,0.663329703486497,-1.65372841254759,0.098182706992389,0.973542272845075,"Gene1981"
256.660204399938,-0.12566713828529,0.329778681390203,-0.381065075994398,0.70315496109745,0.992301441166631,"Gene1982"
101.434430680893,-0.0258802618374622,0.330763527314708,-0.0782440012282194,0.937633961361384,0.997961010251689,"Gene1983"
2.92747067626304,0.24701581026055,0.806320648826008,0.306349354466119,0.759338664945632,0.993191638049143,"Gene1984"
101.063801628456,-0.706681634421028,0.431680249162776,-1.63704880126345,0.10162027310845,0.973542272845075,"Gene1985"
52.9024387477546,-0.317922141698798,0.439626297734771,-0.723164522543195,0.469578812289826,0.992301441166631,"Gene1986"
40.3301720436207,0.169998453555456,0.361899651174898,0.469739202576073,0.638541355872116,0.992301441166631,"Gene1987"
23.0429417916072,-0.347908968386659,0.422582146588098,-0.823293106903959,0.41034133257321,0.992301441166631,"Gene1988"
12.4382934896544,0.34571090193299,0.463565750849342,0.745764546452322,0.455809660206332,0.992301441166631,"Gene1989"
181.85494289588,-0.0111005132325445,0.413786816695352,-0.0268266478888745,0.978597998921741,0.999029830702133,"Gene1990"
28.7575635607247,0.275425001157977,0.430543016155533,0.639715407806036,0.522357636599782,0.992301441166631,"Gene1991"
38.9812220618491,-0.0699817844904602,0.421908765488874,-0.165869472774217,0.868259671864047,0.997961010251689,"Gene1992"
106.26376625341,0.235688048345509,0.391628304881738,0.601815664004882,0.547296847203237,0.992301441166631,"Gene1993"
123.000618554698,0.215637720984652,0.320703231284964,0.67239023479949,0.501335297868999,0.992301441166631,"Gene1994"
36.0230682518347,-0.153691594237383,0.400817641196386,-0.383445184145673,0.701389706581012,0.992301441166631,"Gene1995"
28.6910614536527,0.217235478902055,0.528559913406602,0.410994994875716,0.681076204774439,0.992301441166631,"Gene1996"
64.7173887506387,0.062243783571217,0.341934822717995,0.18203405864442,0.855555997480841,0.997961010251689,"Gene1997"
12.0498775644955,0.14797834290803,0.482147923769838,0.306914819317298,0.758908208926972,0.993191638049143,"Gene1998"
86.6674471752408,0.332772132913827,0.368276764263786,0.903592529327947,0.366211504090162,0.992301441166631,"Gene1999"
67.4753085193746,0.158602014175528,0.356349795212282,0.44507395908856,0.656266307057563,0.992301441166631,"Gene2000"
67.4645872306204,-0.259990939980214,0.348828096525918,-0.745326831667348,0.456074164366336,0.992301441166631,"Gene2001"
49.9910171440858,0.302359490130288,0.342445047946118,0.882943093917546,0.377267018483236,0.992301441166631,"Gene2002"
6.83290570148624,0.211160029899231,0.575493903267939,0.366919664483255,0.713678942820434,0.992301441166631,"Gene2003"
5.35234626212262,0.265303752467359,0.634887527439927,0.417875199938405,0.676038365645516,0.992301441166631,"Gene2004"
12.9111839090498,-0.158273831046587,0.489193875752656,-0.323540090936487,0.74628625055242,0.993191638049143,"Gene2005"
74.9214993538746,-0.21086417182276,0.381033078664155,-0.553401223227176,0.579988701503899,0.992301441166631,"Gene2006"
43.4276414859134,-0.0255841091229924,0.362223013311648,-0.0706308218494676,0.943691579375364,0.997961010251689,"Gene2007"
25.7283293586621,-0.761577476032728,0.483905104955956,-1.57381575071841,0.115530051612424,0.973542272845075,"Gene2008"
18.7584255873723,0.15348079743878,0.501834332107035,0.305839572183843,0.759726796936481,0.993191638049143,"Gene2009"
102.186956770359,0.00167361006097493,0.366939648493827,0.00456099543302169,0.996360864779398,0.999029830702133,"Gene2010"
6.11040624389778,1.36809756782194,0.654447747787187,2.0904611138899,0.036576398007211,0.902188581367456,"Gene2011"
143.986844785733,0.0386087362563219,0.48546999663713,0.079528573390253,0.936612205304967,0.997961010251689,"Gene2012"
81.7295240891698,0.537612306609532,0.361469433532175,1.487296730338,0.136936457708939,0.973542272845075,"Gene2013"
16.6770527218328,0.277967501661988,0.466707213244645,0.595592898017368,0.551447222257256,0.992301441166631,"Gene2014"
49.6487695178559,-0.142366596908349,0.389990453903785,-0.365051491602592,0.715072969824521,0.992301441166631,"Gene2015"
157.429969663184,-0.0365653655326336,0.362230458102751,-0.100945032960926,0.919594094525242,0.997961010251689,"Gene2016"
266.407102835227,0.342254993812976,0.370606090576053,0.923500726285937,0.355746322069172,0.992301441166631,"Gene2017"
304.42374450422,0.309081942512462,0.432132372119512,0.715248295323225,0.47445563141512,0.992301441166631,"Gene2018"
75.1279654825282,0.251653680190469,0.362692234829239,0.693849098558593,0.487776847946144,0.992301441166631,"Gene2019"
36.4103634658233,0.108837787386436,0.45354887295372,0.239969259933628,0.810354087413263,0.995137961808069,"Gene2020"
96.0821298670563,0.75437695963402,0.328022771178002,2.29977009499946,0.0214612485428026,0.902188581367456,"Gene2021"
42.8835005838531,0.167287049898401,0.359799342555069,0.464945401818784,0.641970556083801,0.992301441166631,"Gene2022"
22.2876007438913,0.20843997389948,0.390831810073474,0.533323973451124,0.593809335271228,0.992301441166631,"Gene2023"
169.112968706369,-0.364358519683717,0.316135469335885,-1.15253919608937,0.249099572718284,0.992301441166631,"Gene2024"
128.307975944355,-0.348325680598716,0.37971611140268,-0.917331843813509,0.358968775597907,0.992301441166631,"Gene2025"
228.167547626421,-0.330503203198916,0.326080925865759,-1.01356190130231,0.310791844840336,0.992301441166631,"Gene2026"
385.229635252257,-0.562464360499458,0.415277458601377,-1.35443027029157,0.175599145714994,0.973542272845075,"Gene2027"
284.872035136144,-0.247745774756556,0.375169596275818,-0.660356748563435,0.509024920895189,0.992301441166631,"Gene2028"
141.914745824747,0.029534989655913,0.341056163814355,0.0865986098172078,0.930990570955745,0.997961010251689,"Gene2029"
55.5815516770289,-0.325271487843671,0.352822361630501,-0.921912903537326,0.35657400795289,0.992301441166631,"Gene2030"
48.2931710024132,0.152173924915716,0.343212616523857,0.443380917802416,0.657490235881709,0.992301441166631,"Gene2031"
29.6003418467635,0.348327428750236,0.431356986874176,0.807515443935167,0.419369580394201,0.992301441166631,"Gene2032"
19.2700543167876,-0.0296779766411791,0.42122930669793,-0.0704556310999074,0.943831013999953,0.997961010251689,"Gene2033"
36.6964418509485,-0.0991303975921512,0.340128689077089,-0.291449680005334,0.770707423634004,0.993191638049143,"Gene2034"
104.861371950976,-0.155719697819978,0.333702527318943,-0.466642248924731,0.640755854428973,0.992301441166631,"Gene2035"
79.1157526257637,-1.12154815489835,0.388385719809479,-2.88771728128552,0.00388048487257988,0.643108662138178,"Gene2036"
12.0345688388038,-0.743052298927205,0.501422291165317,-1.48188924190094,0.138369768042574,0.973542272845075,"Gene2037"
246.905242395966,-0.157531546409609,0.432631724063203,-0.364123890245728,0.715765497770347,0.992301441166631,"Gene2038"
257.489159117927,0.434652163290996,0.324245895785322,1.34050166537427,0.180082303257527,0.973542272845075,"Gene2039"
294.183030087971,0.202355341157567,0.323382120665528,0.625746843211723,0.531481002941672,0.992301441166631,"Gene2040"
11.0790488974872,-0.0272152477962783,0.504588472147249,-0.0539355322178989,0.95698652723886,0.999029830702133,"Gene2041"
28.916547759664,-0.0548381972039113,0.413354188276513,-0.132666364002649,0.894457245309173,0.997961010251689,"Gene2042"
31.5389583952596,0.168386418477791,0.386934791454111,0.435180351306715,0.663431523524642,0.992301441166631,"Gene2043"
26.6793044546911,-0.0652477617906606,0.499193376446282,-0.130706385279296,0.896007580961205,0.997961010251689,"Gene2044"
28.4646740931653,0.622554426444023,0.419658255147274,1.48347951888983,0.137947054064916,0.973542272845075,"Gene2045"
24.251007702026,-0.566785260990395,0.386196030785157,-1.46761026994009,0.14221011674264,0.973542272845075,"Gene2046"
12.4231476939942,0.00108675874587588,0.493743152580051,0.00220106089612996,0.998243808911619,0.999358900024853,"Gene2047"
23.0428358382401,-0.0400854245336,0.410096885234599,-0.0977462301638034,0.92213380493307,0.997961010251689,"Gene2048"
31.0442485279374,0.492303767350378,0.415179794914542,1.18576041845127,0.235716926875991,0.991003585202852,"Gene2049"
55.1642267684859,-0.170546463548942,0.401042524584748,-0.425257804582023,0.670648749689572,0.992301441166631,"Gene2050"
104.082080039706,-0.481584326981622,0.347900927314261,-1.38425709497061,0.166279746464835,0.973542272845075,"Gene2051"
134.920971326304,0.108327862633094,0.363508859354943,0.298006114143476,0.765698497118236,0.993191638049143,"Gene2052"
22.1463557742059,-0.127869349385405,0.519126705467028,-0.246316261596229,0.805437422737007,0.994717707610268,"Gene2053"
68.3348694226622,-0.0402108360095499,0.445107610269314,-0.0903395832419494,0.92801736585383,0.997961010251689,"Gene2054"
879.703768861352,0.269419437120424,0.414265273895061,0.65035486703303,0.515463023565324,0.992301441166631,"Gene2055"
32.615301724157,0.59034233181334,0.465665372092051,1.26773938367194,0.204891035390548,0.973542272845075,"Gene2056"
101.626245438169,-0.349227507010297,0.372126922388978,-0.938463427392807,0.348006303382355,0.992301441166631,"Gene2057"
23.2703094440812,0.108617451968627,0.409791103710913,0.265055661250399,0.790966583209509,0.993191638049143,"Gene2058"
162.086844864408,-0.374074543216813,0.32539852057404,-1.14958894882774,0.250313211980139,0.992301441166631,"Gene2059"
112.823706219682,0.307052366778742,0.378057215055772,0.812184914215815,0.416685534512715,0.992301441166631,"Gene2060"
11.6828887985425,0.244879331200234,0.580183564075238,0.422072161920944,0.672972346507037,0.992301441166631,"Gene2061"
151.444064811272,0.10071167985478,0.39282009013363,0.256381184120496,0.79765651533248,0.993191638049143,"Gene2062"
212.510712374846,0.00703092203384745,0.282603358503917,0.0248791170461267,0.980151384261427,0.999029830702133,"Gene2063"
129.116878804987,0.359145570962989,0.39346102318206,0.912785637719461,0.361355293401105,0.992301441166631,"Gene2064"
1.21671160337184,0.00177535174696917,1.18834374951787,0.00149397154458839,0.998807983613714,0.999558778890798,"Gene2065"
60.53419602398,0.0925816479050919,0.366634322720548,0.252517678154368,0.80064095156385,0.993191638049143,"Gene2066"
279.961154966044,-0.245060584507847,0.401407900397444,-0.610502643981862,0.541528892489251,0.992301441166631,"Gene2067"
43.2117763191059,0.498876698624742,0.437266625097386,1.14089818429119,0.253912295117073,0.992301441166631,"Gene2068"
26.4577793185305,0.338179331949709,0.429988081580098,0.786485361889532,0.43158319150904,0.992301441166631,"Gene2069"
38.3574246606732,0.25214231448305,0.389120896081658,0.647979373562446,0.516998291213192,0.992301441166631,"Gene2070"
3.17343255052695,-0.212043434304476,0.856815396490217,-0.247478552758356,0.804537887788852,0.994353871645274,"Gene2071"
18.1929248472411,0.576580549624103,0.443776631760002,1.29925847455601,0.193855240027244,0.973542272845075,"Gene2072"
43.9452510057126,0.299945110379105,0.45903846413391,0.653420429473215,0.513485271803175,0.992301441166631,"Gene2073"
140.519277250893,-0.636171747228525,0.405918034669742,-1.5672418884914,0.11705816274566,0.973542272845075,"Gene2074"
78.3330710249985,-0.210724063899025,0.445137329495414,-0.473391131087323,0.635934156130964,0.992301441166631,"Gene2075"
118.066865965971,-0.188298682740021,0.337471114342709,-0.557969777966833,0.576865021598046,0.992301441166631,"Gene2076"
13.6228220930906,-0.203385921801066,0.479243094171309,-0.424389885372797,0.671281496023415,0.992301441166631,"Gene2077"
371.331338882519,0.0233821645019025,0.291589925007253,0.0801885198925199,0.936087320557345,0.997961010251689,"Gene2078"
222.034454988313,0.408988621694769,0.314610621449555,1.29998351552904,0.193606619072916,0.973542272845075,"Gene2079"
129.746324893406,-0.177014179310675,0.383768279415885,-0.461252763204138,0.644617270678276,0.992301441166631,"Gene2080"
54.4877737223869,0.792612634938274,0.392207401069467,2.02090177996893,0.0432899336222833,0.905235575326699,"Gene2081"
165.153355132925,-0.959587214614318,0.341841652930867,-2.80711026987803,0.00499881268698359,0.643108662138178,"Gene2082"
25.1025171525014,0.398207859547604,0.449079721116933,0.886719753359598,0.375229800654397,0.992301441166631,"Gene2083"
15.8381270566453,0.497022902146565,0.457359644548103,1.08672225035869,0.277159577551323,0.992301441166631,"Gene2084"
4.51382863821993,1.43763422138396,0.718085508109586,2.00203764753399,0.0452806826619788,0.907767107168944,"Gene2085"
66.3023428916403,-0.0480711148691287,0.323210216569774,-0.148730183653558,0.8817665430125,0.997961010251689,"Gene2086"
4.03454837833565,0.446677533785549,0.81888366843281,0.545471293426093,0.585429418758644,0.992301441166631,"Gene2087"
55.2776502142897,-0.36636065182513,0.421403091233729,-0.8693829244407,0.384637719642762,0.992301441166631,"Gene2088"
75.2614918306893,0.255500254900938,0.372729429789136,0.685484521695756,0.493038224596658,0.992301441166631,"Gene2089"
148.585662792377,-0.0378528324973054,0.368574024608577,-0.102700760145821,0.918200470327308,0.997961010251689,"Gene2090"
227.014974631876,-0.0926753983537202,0.366556987183821,-0.252826713427905,0.800402123845424,0.993191638049143,"Gene2091"
112.633715202651,0.330284440295566,0.396420784297715,0.833166305547492,0.404750942713904,0.992301441166631,"Gene2092"
18.2999807727818,0.236808848465612,0.408192606542941,0.580139974780998,0.561820228251427,0.992301441166631,"Gene2093"
173.21731120453,0.259259259984698,0.312595546008386,0.829376052522972,0.406891648013116,0.992301441166631,"Gene2094"
66.9873212992338,0.488736312945967,0.342181740007284,1.42829454586198,0.153207097053179,0.973542272845075,"Gene2095"
6.32729620367361,-1.58178758700886,0.652373158645158,-2.42466687362475,0.015322439559396,0.868928767596772,"Gene2096"
47.3840028457064,0.0823773307823425,0.414908328910177,0.198543449341496,0.842619893644383,0.997961010251689,"Gene2097"
6.22039779831637,0.636381142100483,0.644607497178153,0.987238195159562,0.323525881355814,0.992301441166631,"Gene2098"
12.427781881881,0.287466749019853,0.466256991435863,0.616541423077827,0.537537241559772,0.992301441166631,"Gene2099"
25.3491604386896,-0.165587099250261,0.471261694399781,-0.351369740460573,0.725310980567118,0.993191638049143,"Gene2100"
24.3027737520725,0.733360088244034,0.468490160067116,1.56536924519177,0.117496355344156,0.973542272845075,"Gene2101"
170.508208011617,0.0947687826211176,0.412902408369616,0.229518599795339,0.81846586589248,0.997961010251689,"Gene2102"
49.6732097050042,-0.421596063062551,0.382661058116626,-1.10174801987313,0.270571234170931,0.992301441166631,"Gene2103"
22.7957659192475,0.146864291845366,0.443416274231038,0.331210874251411,0.740485206894506,0.993191638049143,"Gene2104"
27.7639198711652,-0.380420140217551,0.38681757820966,-0.983461356586432,0.325380425354514,0.992301441166631,"Gene2105"
24.9479588747912,-0.148754248387247,0.476218140690184,-0.312365774583172,0.754762557886439,0.993191638049143,"Gene2106"
61.7204494172793,-0.0797669368025732,0.377207977841804,-0.211466727875057,0.832523092447657,0.997961010251689,"Gene2107"
92.6784662988239,-0.00490067618032484,0.424311641355859,-0.0115497094651117,0.990784870013073,0.999029830702133,"Gene2108"
33.6410968054891,0.534363463496343,0.373413921884255,1.43102180229364,0.152423966719573,0.973542272845075,"Gene2109"
39.5746693084166,-0.202362959472642,0.404530899382936,-0.500241044086677,0.616905361150819,0.992301441166631,"Gene2110"
99.5321528505596,-0.25852636927199,0.350417435042538,-0.737766855809005,0.46065613745889,0.992301441166631,"Gene2111"
16.2789403662423,-0.388067974762629,0.515557768342531,-0.75271482381156,0.451621300084983,0.992301441166631,"Gene2112"
44.5743304987565,0.593736650018508,0.354018704496028,1.67713355954945,0.0935163676370451,0.973542272845075,"Gene2113"
49.8235429688294,-0.0594796388705022,0.388625482543002,-0.153051309145485,0.878357813048821,0.997961010251689,"Gene2114"
28.3879709398158,-0.0604680707514654,0.438345226174857,-0.137946228544861,0.890282914531507,0.997961010251689,"Gene2115"
22.4332212675201,0.28649685650853,0.493112220415178,0.5809972753612,0.561242289870667,0.992301441166631,"Gene2116"
33.2108028616119,-0.391137897026374,0.46645879910195,-0.838526141600099,0.401735272136109,0.992301441166631,"Gene2117"
22.1733369031056,-0.442142813664526,0.415037019594159,-1.06530934059056,0.286735967283287,0.992301441166631,"Gene2118"
60.1484747731144,0.315883427101548,0.421291666587866,0.749797473232635,0.453376690798541,0.992301441166631,"Gene2119"
10.9402886920497,-0.385457820473467,0.51925306066708,-0.742331340287668,0.457886607822294,0.992301441166631,"Gene2120"
80.449873359112,-0.728445505813467,0.383587946350248,-1.89903127234435,0.0575603643872665,0.937046219552397,"Gene2121"
36.0020129324654,-0.0803981884735015,0.465317758319285,-0.17278125976515,0.862823368029269,0.997961010251689,"Gene2122"
110.254106684514,-0.0306287619234917,0.328152324951617,-0.0933370255048709,0.925635818357178,0.997961010251689,"Gene2123"
89.5023470297946,0.112797288226438,0.398863074705216,0.282797018274511,0.777332440146709,0.993191638049143,"Gene2124"
34.4997732518188,0.0760134647015868,0.381855002178404,0.199063687179546,0.842212926158486,0.997961010251689,"Gene2125"
36.073845733033,0.354509838647393,0.400444210337303,0.885291457576028,0.375999456079961,0.992301441166631,"Gene2126"
112.62109329811,0.0112385383555582,0.368112512289522,0.0305301721086814,0.975644230728476,0.999029830702133,"Gene2127"
148.481997273858,-0.287621205917651,0.321184255534215,-0.895502195271869,0.370518692805771,0.992301441166631,"Gene2128"
90.6454608701956,0.322120974408438,0.303243623410654,1.06225143594271,0.28812155482457,0.992301441166631,"Gene2129"
98.6454340607404,-0.823638251685951,0.411624705359985,-2.00094464924218,0.0453983551586444,0.907767107168944,"Gene2130"
4.75181589763309,-0.065342501664673,0.697522417195838,-0.0936779952210874,0.925364950665276,0.997961010251689,"Gene2131"
57.8988809093659,-0.669005382744542,0.339278373404361,-1.97184800207469,0.048626960698338,0.918998076200182,"Gene2132"
9.74644433833817,0.975086641029124,0.537922390665756,1.81269019090712,0.0698796182432933,0.937046219552397,"Gene2133"
43.2877442761436,0.0448949411520312,0.358981366902046,0.125062037451881,0.900474437007322,0.997961010251689,"Gene2134"
26.6849383730534,0.27902682609441,0.429019848962017,0.650382090174838,0.515445443133037,0.992301441166631,"Gene2135"
58.3517874632024,-0.124110430213363,0.397833154479447,-0.311966031025639,0.755066339206683,0.993191638049143,"Gene2136"
11.7034466226253,-0.418220374785039,0.559189855496032,-0.747904080652634,0.454518016034032,0.992301441166631,"Gene2137"
43.5395325873516,0.485867337151588,0.349514155910954,1.39012205638782,0.164491816661226,0.973542272845075,"Gene2138"
342.686077242617,-0.525731371875404,0.43637863688521,-1.20475964549497,0.228296102754924,0.982460184680701,"Gene2139"
521.811371657505,-0.174033081777391,0.396370848429965,-0.439066299821846,0.660613496961783,0.992301441166631,"Gene2140"
2.43062407081711,1.58692775124052,0.975554340677146,1.62669334251438,0.103802243409091,0.973542272845075,"Gene2141"
5.72994049126012,0.82198882663382,0.661527075698996,1.24256263549799,0.214029045890211,0.973542272845075,"Gene2142"
8.8977948796171,-0.431590591511426,0.53270808181799,-0.810182173393208,0.417835481534199,0.992301441166631,"Gene2143"
10.7270319960604,0.332841207073273,0.488919325666966,0.680769177244575,0.496017556180901,0.992301441166631,"Gene2144"
636.252930644661,-0.0769013757230782,0.383226083898677,-0.200668427735233,0.840957848537768,0.997961010251689,"Gene2145"
237.187239166475,0.16412400466568,0.289413621609651,0.567091499539175,0.570652017858822,0.992301441166631,"Gene2146"
51.6093454672217,-0.631513589065904,0.376132609829799,-1.67896527065724,0.0931588124133817,0.973542272845075,"Gene2147"
210.097492255934,0.25343586551095,0.354320876029944,0.715272180263893,0.474440875290778,0.992301441166631,"Gene2148"
640.200753064983,0.624504999523012,0.384954962572943,1.62228068278163,0.104743262898335,0.973542272845075,"Gene2149"
128.41862862606,-0.464615999214947,0.314226544213532,-1.47860200791699,0.139246715767946,0.973542272845075,"Gene2150"
431.709044367777,-0.395438190466841,0.305148615343507,-1.29588721882842,0.195014343246528,0.973542272845075,"Gene2151"
12.565996389078,0.600742465290854,0.479224943073466,1.25357094611571,0.209997997033732,0.973542272845075,"Gene2152"
14.8618258887484,-0.421971114368099,0.483354842390613,-0.873004834876758,0.382660442418577,0.992301441166631,"Gene2153"
159.117627202659,-0.152810201181654,0.352507759349333,-0.433494574598059,0.664655506711429,0.992301441166631,"Gene2154"
199.915081614339,-0.115614107179145,0.441175155900272,-0.262059423865834,0.793275628873058,0.993191638049143,"Gene2155"
158.093860829649,-0.129794744364327,0.300121754939026,-0.432473628546845,0.665397214962756,0.992301441166631,"Gene2156"
102.273617653272,0.069552833860451,0.378929744598763,0.183550736915885,0.854365912615314,0.997961010251689,"Gene2157"
32.8604027758225,-0.148672021465147,0.469686438229207,-0.316534626858004,0.751596746786313,0.993191638049143,"Gene2158"
154.063177754391,0.0507730174801449,0.39683791611184,0.127943967596674,0.898193315842997,0.997961010251689,"Gene2159"
579.837936913102,0.0555844354330277,0.345133695788502,0.161051894124791,0.872052528464334,0.997961010251689,"Gene2160"
252.464999021107,-0.0224888224065567,0.291093436204317,-0.0772563706684609,0.938419598289113,0.997961010251689,"Gene2161"
8.66171247253953,-0.360546529373545,0.534370599935738,-0.674712511161548,0.499858434204299,0.992301441166631,"Gene2162"
92.3586388471984,-0.208031109127766,0.379131456223652,-0.548704428801199,0.583208306364005,0.992301441166631,"Gene2163"
51.1464327873421,-0.812726854443753,0.352431553542493,-2.30605587460761,0.0211075104529223,0.902188581367456,"Gene2164"
54.337475314358,-0.375078469516827,0.369863837068198,-1.01409878967883,0.310535615508508,0.992301441166631,"Gene2165"
46.5283193857691,0.429795688098801,0.366925993764635,1.17134162038815,0.241461488142407,0.992301441166631,"Gene2166"
12.9188052498462,0.610551505673275,0.496691174428739,1.22923767746727,0.218982706257234,0.973542272845075,"Gene2167"
69.3997514113069,-0.146324515597862,0.423513000797884,-0.345501827150977,0.729717136883805,0.993191638049143,"Gene2168"
242.636038637951,0.290116099569506,0.311742622068478,0.930626994937441,0.352046545556758,0.992301441166631,"Gene2169"
394.708492603539,0.023452335388721,0.297392491423372,0.0788598773172587,0.937144077072928,0.997961010251689,"Gene2170"
89.9156709651502,-0.407484335653085,0.33931108902551,-1.20091664797448,0.229783535709801,0.982460184680701,"Gene2171"
21.3227390676105,-0.143827384198547,0.427995310471831,-0.336048972218852,0.736833937160856,0.993191638049143,"Gene2172"
23.7576653690344,0.744471011821919,0.406795515042966,1.83008657738837,0.067236993729317,0.937046219552397,"Gene2173"
27.2382716615216,-0.546289706387101,0.436818962621974,-1.25060895504178,0.211077181826968,0.973542272845075,"Gene2174"
118.697552766228,0.12208345365786,0.31637578823214,0.385881152094616,0.699584690045393,0.992301441166631,"Gene2175"
38.7391245477607,-0.432502828274028,0.378683970195832,-1.14212077170936,0.253403822456827,0.992301441166631,"Gene2176"
1657.87379293412,-0.436040818468575,0.348401844754846,-1.25154566496454,0.210735464077048,0.973542272845075,"Gene2177"
40.5929413204688,0.431856095876283,0.483353162030471,0.89345871673238,0.371611570705277,0.992301441166631,"Gene2178"
54.9766407917057,-0.360250193459411,0.391160360222391,-0.920978274113957,0.357061770043318,0.992301441166631,"Gene2179"
48.863996787087,0.0262762102334286,0.38081464190668,0.0689999998473475,0.944989619622405,0.997961010251689,"Gene2180"
19.4071357912567,-0.11592128283389,0.489222008632144,-0.236950261411999,0.812695377090095,0.995329528434693,"Gene2181"
182.154543730416,-0.46442034905097,0.301857839775642,-1.53853996104972,0.123916645603821,0.973542272845075,"Gene2182"
31.0616454639944,-0.605124934739685,0.405853604222738,-1.49099312767858,0.135963299212736,0.973542272845075,"Gene2183"
56.9568072543051,-0.198513222684556,0.373548872416076,-0.531425035231917,0.59512427670979,0.992301441166631,"Gene2184"
30.2475600146933,-0.43848321482305,0.421819255369743,-1.03950497574773,0.298569945166,0.992301441166631,"Gene2185"
131.67120787014,0.397730565372539,0.315782067897008,1.25950966127139,0.207846302822909,0.973542272845075,"Gene2187"
63.1896933755921,0.0308662460814319,0.393333977149032,0.0784733785399293,0.937451505753294,0.997961010251689,"Gene2188"
14.7223247204971,0.46019864669202,0.51050694625611,0.901454231067696,0.367346858313537,0.992301441166631,"Gene2189"
255.683000746265,0.132496209664781,0.324906457482558,0.40779801882483,0.683421968243073,0.992301441166631,"Gene2190"
10.9834478177265,-0.123082648146288,0.501879009099839,-0.245243666131897,0.806267767809905,0.995006281733403,"Gene2191"
5.24330794740818,-0.0592862654944359,0.64891161739754,-0.0913626199700407,0.927204462431785,0.997961010251689,"Gene2192"
28.4255143181445,0.72587930584165,0.367516006554591,1.97509575881242,0.0482572820572935,0.918998076200182,"Gene2193"
11.8523372770661,-0.0775439779498631,0.592247402408566,-0.130931731628548,0.895829312543176,0.997961010251689,"Gene2194"
164.446082912142,0.498738701741632,0.343210916472724,1.45315512358205,0.146180688877806,0.973542272845075,"Gene2195"
70.8757097969735,-0.585065790292738,0.428087131838877,-1.36669791446323,0.171720011838762,0.973542272845075,"Gene2196"
33.4586280327958,-0.475938960446768,0.405647179173877,-1.17328305207507,0.240682316341301,0.992301441166631,"Gene2197"
60.0091328363598,0.54008230481318,0.351681114717156,1.53571597169085,0.124608056120578,0.973542272845075,"Gene2198"
14.5230978682314,0.127553736985659,0.476342087155395,0.267777591829814,0.788870520150321,0.993191638049143,"Gene2199"
60.729026210942,0.377271728744245,0.384057363800046,0.982331714750472,0.325936455075467,0.992301441166631,"Gene2200"
69.0451306018141,0.181219780434059,0.38556640772775,0.470009255998305,0.638348404625486,0.992301441166631,"Gene2201"
48.0785769798702,-0.252535602652936,0.385198658838362,-0.655598343500219,0.512082591629495,0.992301441166631,"Gene2202"
53.7337617406184,0.167551039068938,0.408027127752667,0.410637008357205,0.681338722623784,0.992301441166631,"Gene2203"
11.8327336880296,-0.817297926956966,0.524756429705091,-1.55748053895458,0.119356437535769,0.973542272845075,"Gene2204"
140.736429523407,-0.626883878530322,0.309234070766794,-2.02721477932838,0.0426404523464937,0.902188581367456,"Gene2205"
8.03378438399276,0.177821590687628,0.553859130274369,0.321059238654312,0.748165499204656,0.993191638049143,"Gene2206"
798.340373582288,-0.124017753609433,0.398019844961322,-0.311586859749378,0.755354521829233,0.993191638049143,"Gene2207"
370.563359223211,-0.845190998520782,0.322438094934352,-2.6212504409346,0.00876078777693868,0.675932684016347,"Gene2208"
85.1791399294783,0.287400779442528,0.369201810242365,0.778438164357487,0.436310747163082,0.992301441166631,"Gene2209"
9.3888293556177,-0.644689074434896,0.612134418329624,-1.05318220170352,0.292257494089683,0.992301441166631,"Gene2210"
96.5860634205854,-0.35782840367106,0.322568928466163,-1.10930834340604,0.267297187018412,0.992301441166631,"Gene2211"
8.28058920362257,0.694518256905441,0.557863907869026,1.24496001105076,0.213146449892625,0.973542272845075,"Gene2212"
31.6571072456851,-0.489790466231934,0.391675363290487,-1.25050108364533,0.211116559715869,0.973542272845075,"Gene2213"
143.758605220899,-0.574517774233885,0.328680610740415,-1.74795152333347,0.0804724219595574,0.937046219552397,"Gene2214"
148.799606109341,0.0447635922210919,0.418489620357629,0.106964641519276,0.91481703075651,0.997961010251689,"Gene2215"
62.8421496141589,0.571832293334379,0.372481844096187,1.53519507701619,0.124735917242566,0.973542272845075,"Gene2216"
38.4053131991724,-0.260736122108611,0.349449917540652,-0.746133019414091,0.455587064714425,0.992301441166631,"Gene2217"
57.8713674852932,0.130893375289898,0.345979386675484,0.378327092106997,0.705187621877633,0.992301441166631,"Gene2218"
7.68190029727942,0.234392928431119,0.553574773728329,0.42341692496658,0.671991098524351,0.992301441166631,"Gene2219"
29.022630568561,-0.433857767843851,0.432500661022021,-1.00313781444547,0.315794371804048,0.992301441166631,"Gene2220"
439.859435155317,0.137097657479619,0.335757409799458,0.408323549915115,0.683036152005477,0.992301441166631,"Gene2221"
5.72594147117916,0.435419679917872,0.622217523133096,0.69978691330545,0.484060388687403,0.992301441166631,"Gene2222"
339.123151917593,0.376110702026245,0.345561838724216,1.08840346322618,0.276417032947023,0.992301441166631,"Gene2223"
105.205521281152,0.00683232861000598,0.399489733335711,0.0171026387911312,0.986354733770116,0.999029830702133,"Gene2224"
32.4133530929404,-0.563456473343411,0.400597193445066,-1.40654124033617,0.159563467466704,0.973542272845075,"Gene2225"
849.236146085497,-0.00527716287077434,0.427119400321065,-0.0123552404007112,0.990142195242115,0.999029830702133,"Gene2226"
39.3256316938513,-0.187184581860622,0.452479860446605,-0.413685996269243,0.679104084107627,0.992301441166631,"Gene2227"
562.23952331369,0.0284538047806635,0.372458059602686,0.0763946545042311,0.9391051222673,0.997961010251689,"Gene2228"
65.4547931963847,-0.109351530567508,0.420887153813403,-0.259811993729769,0.795008798923597,0.993191638049143,"Gene2229"
94.7852418988423,0.835052571091521,0.390950781749974,2.13595319429637,0.0326832291052726,0.902188581367456,"Gene2230"
24.2961088053869,-0.14886424517987,0.492864164059807,-0.302039093192838,0.76262226173762,0.993191638049143,"Gene2231"
17.3927881172108,-0.301448514765846,0.476039656595629,-0.633242442282307,0.52657533362793,0.992301441166631,"Gene2232"
5.36657149773506,-0.259540339732825,0.71738826055034,-0.361785038876606,0.717512673156268,0.992301441166631,"Gene2233"
22.507945408808,0.749870614745031,0.444016478900214,1.6888351004503,0.0912510352253424,0.970461399702398,"Gene2234"
117.442553345716,-0.108912319697847,0.345597270609792,-0.315142302789823,0.75265361069812,0.993191638049143,"Gene2235"
14.1325321317426,0.201115478716085,0.541132706358561,0.371656483433517,0.710148628879687,0.992301441166631,"Gene2236"
10.9706596361552,-0.995719789071182,0.575288526851668,-1.73081808969904,0.0834842144293127,0.954626836533261,"Gene2237"
32.0152070614375,-0.629829221314317,0.43971161023338,-1.43236886781322,0.152038283338392,0.973542272845075,"Gene2238"
59.6625994123758,0.331894713045815,0.340267450434254,0.975393657613288,0.329365028516191,0.992301441166631,"Gene2239"
32.2029788305055,-0.126471516784947,0.380131933089908,-0.332704268638842,0.739357527045021,0.993191638049143,"Gene2240"
261.851310846424,0.239276476575231,0.275218688276942,0.869404901510382,0.384625703086564,0.992301441166631,"Gene2241"
77.2401939302685,0.325020380124386,0.359265230882211,0.904680865794518,0.365634480767426,0.992301441166631,"Gene2242"
59.0672752786277,0.0345574429638933,0.406111175157908,0.085093553385859,0.932187015372251,0.997961010251689,"Gene2243"
15.4764651792242,0.920136015746453,0.467628704910939,1.96766367437109,0.0491067480761875,0.918998076200182,"Gene2244"
15.9960694071898,0.386173203517793,0.512366598096405,0.753704876454752,0.451026453098337,0.992301441166631,"Gene2245"
93.8844268085757,0.184897074617011,0.368815093850511,0.501327298421129,0.61614079627342,0.992301441166631,"Gene2246"
31.5618616161073,-0.365701784885815,0.351967466370101,-1.03902155689944,0.298794710756325,0.992301441166631,"Gene2247"
217.541282868551,0.695399121485735,0.324521640018261,2.14284360650527,0.0321256584924586,0.902188581367456,"Gene2248"
8.54337037124521,-0.157409769300142,0.544858502967581,-0.288900271249889,0.772657696146448,0.993191638049143,"Gene2249"
83.3061921166223,0.223071102835798,0.345356621443649,0.645915233659988,0.518334253391181,0.992301441166631,"Gene2250"
30.7197718523627,-0.59849123910769,0.375385498420931,-1.59433766521418,0.110860425821413,0.973542272845075,"Gene2251"
319.996514258267,1.06590008421029,0.408889380337456,2.60681772495681,0.00913879943337074,0.675932684016347,"Gene2252"
102.664072199355,-0.278496511914142,0.390826502724146,-0.712583486465121,0.476103533284852,0.992301441166631,"Gene2253"
16.0726353970652,-0.127383348414588,0.427292544963943,-0.298117413738957,0.765613551279411,0.993191638049143,"Gene2254"
9.74494716803488,0.663640325555486,0.523836613233826,1.26688419402111,0.205196701187696,0.973542272845075,"Gene2255"
69.3330128356006,-0.864875804552017,0.400197103097468,-2.16112460049811,0.0306857157409233,0.902188581367456,"Gene2256"
38.7453184712161,-0.360586567748544,0.34302038143716,-1.0512103281962,0.293162000655136,0.992301441166631,"Gene2257"
44.9844575907989,0.679584429232286,0.438625741788849,1.54934917057247,0.121297805589621,0.973542272845075,"Gene2258"
45.5509194946865,-0.0126089624637189,0.335534211407723,-0.0375787685280091,0.970023536223229,0.999029830702133,"Gene2259"
94.2273084111612,0.271864974913139,0.340780235241299,0.797772132297045,0.425002735972469,0.992301441166631,"Gene2260"
14.2723938889332,-0.0685462640731918,0.50704124209567,-0.13518873492397,0.892462653557272,0.997961010251689,"Gene2261"
2745.45785221873,0.141786979845102,0.314708947724345,0.450533678404638,0.65232567588928,0.992301441166631,"Gene2262"
53.0621252097174,-0.657151296016032,0.364338120481495,-1.80368525573873,0.0712806622434577,0.937046219552397,"Gene2263"
27.8106439398057,0.359060051176953,0.45667267081245,0.786252548325614,0.431719546069865,0.992301441166631,"Gene2264"
42.4089680024182,-0.29341092797442,0.40772407132827,-0.719631114784457,0.471752149274876,0.992301441166631,"Gene2265"
136.68442864093,-0.394744460114832,0.334813622508889,-1.17899760815243,0.238399128258237,0.992301441166631,"Gene2266"
130.022264283597,-0.0268871680090722,0.368432601198078,-0.0729771684743422,0.941824285974762,0.997961010251689,"Gene2267"
5.61265963137729,0.256030118682246,0.632128306280841,0.405028719863239,0.685456400260277,0.992301441166631,"Gene2268"
5.24681380075418,0.345287710498389,0.648876838232888,0.532131353985025,0.594635022977143,0.992301441166631,"Gene2269"
43.5155934484556,0.191057930874961,0.345373511012555,0.553192195645877,0.580131810454567,0.992301441166631,"Gene2270"
141.88742639142,-0.241813955040378,0.305340561205044,-0.791948354604595,0.428390790472792,0.992301441166631,"Gene2271"
57.9953562528062,-0.488109502367341,0.379011992282535,-1.28784711910508,0.197799186374871,0.973542272845075,"Gene2272"
221.720167174091,0.214968818689416,0.35085797915056,0.612694684070926,0.540078238159067,0.992301441166631,"Gene2273"
80.9708675358391,-0.148789357638638,0.330321527990704,-0.450437967345638,0.652394673629909,0.992301441166631,"Gene2274"
89.850550195675,-0.286728003326207,0.440317972853207,-0.651183964779462,0.514927740194624,0.992301441166631,"Gene2275"
365.336861453438,-0.0235638302178246,0.286444088867887,-0.0822632797589084,0.934437353923622,0.997961010251689,"Gene2276"
14.7443319347585,0.508735704873953,0.461217489044095,1.10302778398179,0.27001509967247,0.992301441166631,"Gene2277"
24.3788874235293,-0.313882840323821,0.552193020999215,-0.568429567899712,0.569743317941294,0.992301441166631,"Gene2278"
83.049640200996,-0.124473830817146,0.320567832283004,-0.388291707033343,0.69780017360718,0.992301441166631,"Gene2279"
77.0451057689783,0.172064803262697,0.347955707455495,0.494502028781075,0.620951673915448,0.992301441166631,"Gene2280"
4.15143113793158,0.520522236319594,0.705961050916243,0.737324298053024,0.460925159384071,0.992301441166631,"Gene2281"
88.6768302281499,0.945703241126754,0.346259624979097,2.73119697736588,0.00631047424899845,0.643108662138178,"Gene2282"
11.7155782323561,0.552227166685246,0.501701310045373,1.10070903868141,0.27102331112094,0.992301441166631,"Gene2283"
14.6271402528279,0.245463644529615,0.444676608962292,0.552004849327322,0.580945030844065,0.992301441166631,"Gene2284"
441.768961920905,0.25122374727049,0.344771878073349,0.728666585785291,0.466205637039294,0.992301441166631,"Gene2285"
201.840217399743,-0.288046172695711,0.362900973480025,-0.793732157655859,0.427351375121321,0.992301441166631,"Gene2286"
21.3631407129759,0.156089384592542,0.424806647622243,0.36743630417795,0.713293595708434,0.992301441166631,"Gene2287"
362.814534329304,0.16199224321555,0.370216923651014,0.437560340618715,0.661705025810641,0.992301441166631,"Gene2288"
28.4313878630061,0.0428008920996296,0.502784746127462,0.0851276663210047,0.932159895591423,0.997961010251689,"Gene2289"
192.759954163095,-0.284408447712382,0.296990474911531,-0.957634913365834,0.338246887483033,0.992301441166631,"Gene2290"
298.718828052879,0.518992070100706,0.387626114056596,1.33889862235889,0.18060367822038,0.973542272845075,"Gene2291"
284.907099529564,0.302338661309041,0.40462274387408,0.747211237841662,0.454936061652244,0.992301441166631,"Gene2292"
235.454456479755,0.537407171178092,0.372630085050297,1.44220016777645,0.149245913284585,0.973542272845075,"Gene2293"
34.4363763403633,0.805423744680575,0.454034189120662,1.77392752347672,0.0760751394074321,0.937046219552397,"Gene2294"
30.8745273806706,0.179406017821067,0.44564179448869,0.402578977196046,0.687257977722963,0.992301441166631,"Gene2295"
200.126383278026,-0.0683132854407981,0.351531181939576,-0.194330656711245,0.84591698258151,0.997961010251689,"Gene2296"
44.7353275123708,-0.449567078499019,0.389126696882899,-1.15532314307982,0.247958122147735,0.992301441166631,"Gene2297"
22.4178769687736,0.447192590156873,0.409424755118483,1.09224609544545,0.274724946575572,0.992301441166631,"Gene2298"
19.4070919039341,0.464821577391113,0.4288015567419,1.08400160886285,0.278364085496978,0.992301441166631,"Gene2299"
268.426925615831,-0.379763161889312,0.326790376889497,-1.1621001986167,0.245194766775423,0.992301441166631,"Gene2300"
136.840812999456,0.557096614056655,0.374419028852798,1.48789610336732,0.13677829547971,0.973542272845075,"Gene2301"
293.926043011511,0.0168131632379127,0.30887447028245,0.0544336449125689,0.956589673816953,0.999029830702133,"Gene2302"
29.7458687941485,0.481118823046044,0.463514047373268,1.03798110493639,0.299278851966791,0.992301441166631,"Gene2303"
86.9361423870776,0.651558892956768,0.310829096551343,2.09619659222972,0.0360647551318486,0.902188581367456,"Gene2304"
12.6681071801675,0.859702993496551,0.491213119990439,1.750162930325,0.0800902033522851,0.937046219552397,"Gene2305"
57.1161556013478,-0.0775824726833285,0.369865405560302,-0.209758662251205,0.833856037998938,0.997961010251689,"Gene2306"
23.854594134191,-0.0264826835889382,0.399154154010866,-0.0663470073474852,0.947101559190831,0.998838723318217,"Gene2307"
93.3962698639856,0.191755413720779,0.345058183697253,0.55571907226238,0.578402916382793,0.992301441166631,"Gene2308"
54.1711364377486,-0.0917499623186216,0.464613186441276,-0.197476018753114,0.84345504618768,0.997961010251689,"Gene2309"
284.613329317364,0.43761877572828,0.308522291547139,1.41843486748969,0.156063841889737,0.973542272845075,"Gene2310"
79.826960858453,-0.783048035194078,0.410836068213132,-1.90598658632828,0.0566519459896481,0.937046219552397,"Gene2311"
38.8857460280175,0.0320951941129732,0.374356664801291,0.0857342666251432,0.931677661576795,0.997961010251689,"Gene2312"
7.28645343955768,-0.488130688050102,0.667368023007607,-0.731426546106087,0.464518655588705,0.992301441166631,"Gene2313"
35.0629029154029,0.223568081142268,0.425235947786138,0.525750662205788,0.599061458560165,0.992301441166631,"Gene2314"
27.802178488491,-0.479936241383103,0.495208984850324,-0.969158993607847,0.33246586721016,0.992301441166631,"Gene2315"
205.238875466015,0.339151922283151,0.418003591106456,0.811361264589653,0.41715823694906,0.992301441166631,"Gene2316"
82.3650977671412,0.182559641732285,0.348754037576733,0.523462446487427,0.600652477768454,0.992301441166631,"Gene2317"
23.8959537316334,-0.438771540024035,0.459948225514073,-0.953958545081092,0.340104626731457,0.992301441166631,"Gene2318"
90.6380973979799,-0.0258598408635499,0.36984489975191,-0.0699207718719294,0.94425672002699,0.997961010251689,"Gene2319"
60.0313548363932,-0.331663877666878,0.325467341332968,-1.01903888822925,0.308184504797112,0.992301441166631,"Gene2320"
65.4601747083137,-0.507413884490056,0.400315205495474,-1.26753587554094,0.204963744161876,0.973542272845075,"Gene2321"
45.2152398083625,0.151731029373375,0.346406746977948,0.438014070733542,0.661376083501827,0.992301441166631,"Gene2322"
175.150441390147,0.190580298244561,0.319682512354798,0.5961549064437,0.5510717469804,0.992301441166631,"Gene2323"
203.214032119175,-0.205933671635549,0.401214827614863,-0.513275326487261,0.607758740792231,0.992301441166631,"Gene2324"
16.5694428750698,0.131308800927286,0.416266363135458,0.315444178429945,0.752424428141823,0.993191638049143,"Gene2325"
146.373351910043,0.492927799075931,0.373424209357788,1.32002100218319,0.186828005999479,0.973542272845075,"Gene2326"
28.1270096432666,0.0144777919164096,0.412418528596679,0.0351046107595425,0.971996324825485,0.999029830702133,"Gene2327"
65.0271557956985,0.146128383303376,0.450006442475579,0.324725091710896,0.745389142482855,0.993191638049143,"Gene2328"
177.201385568862,0.485551258624211,0.359637391725448,1.3501133914209,0.176979613471887,0.973542272845075,"Gene2329"
98.3712974252326,0.876297208243059,0.326305147132448,2.68551451285373,0.00724182296342928,0.651842891735775,"Gene2330"
43.9982067621735,0.430843822713806,0.486675768705582,0.885278968911329,0.376006190051551,0.992301441166631,"Gene2331"
62.0211774684634,0.0234447167525647,0.353544201769938,0.0663133962746218,0.947128318016799,0.998838723318217,"Gene2332"
917.945474574063,0.0493665093419612,0.342210716135206,0.144257637222724,0.88529702893514,0.997961010251689,"Gene2333"
357.254702833096,0.253631085004292,0.349907077025604,0.72485268706278,0.468542409132047,0.992301441166631,"Gene2334"
59.2759786399228,-0.181803326552638,0.431442087356696,-0.421385237741843,0.673473797059859,0.992301441166631,"Gene2335"
40.4782048873432,0.808060332826934,0.358037037817555,2.25691827234561,0.0240131820574614,0.902188581367456,"Gene2336"
426.839214950558,0.353447223285603,0.390491105623188,0.905135144426745,0.365393795500387,0.992301441166631,"Gene2337"
71.6523153459871,0.281277886501061,0.316631295040172,0.888345185416288,0.374355100958867,0.992301441166631,"Gene2338"
77.211164782945,-0.134891559113455,0.374577757237895,-0.360116308315085,0.718760157560106,0.992301441166631,"Gene2339"
261.56221641852,0.0874550881019826,0.311465376135103,0.280785906886958,0.778874613633431,0.993191638049143,"Gene2340"
24.4025777436834,0.240887019371793,0.481132799784339,0.500666384581903,0.6166059338374,0.992301441166631,"Gene2341"
31.1359848990779,0.288985883253288,0.441934803354432,0.653910669763479,0.513169359398288,0.992301441166631,"Gene2342"
37.4432294026225,0.0529986457851486,0.402872190159049,0.131552008502313,0.89533864717398,0.997961010251689,"Gene2343"
80.765349976214,0.268114713413553,0.42762716106576,0.62698242259762,0.530670757221861,0.992301441166631,"Gene2344"
1.58583390446064,0.684249881874184,1.11030061673559,0.61627443195155,0.537713410725425,0.992301441166631,"Gene2345"
34.1283050332931,-0.0782993707398336,0.357964841942013,-0.218734807348811,0.826856633132567,0.997961010251689,"Gene2346"
116.644903681576,-0.175177532875578,0.339090156466151,-0.516610492917876,0.605428089416264,0.992301441166631,"Gene2347"
71.6697276567192,0.131408209453528,0.373692906061496,0.351647589028364,0.725102570895245,0.993191638049143,"Gene2348"
120.542254570886,-0.0556904506195559,0.367332638505984,-0.151607684103597,0.879496372433062,0.997961010251689,"Gene2349"
8.51942397762825,0.419487935598173,0.561314682748982,0.7473311290269,0.454863706542349,0.992301441166631,"Gene2350"
61.0551257658174,0.00856571534289645,0.355066467030608,0.0241242588029527,0.980753493224979,0.999029830702133,"Gene2351"
45.8034066891157,-0.477065458159811,0.382522616856341,-1.24715621282852,0.212340224753939,0.973542272845075,"Gene2352"
54.6183777487442,-0.689048147245801,0.389660392459016,-1.76832996265658,0.0770057576468707,0.937046219552397,"Gene2353"
173.525297208865,0.748972083243787,0.355576718816098,2.10635861014047,0.0351732137282589,0.902188581367456,"Gene2354"
370.111433573548,-0.0357408879795211,0.404421599675562,-0.088375319241587,0.929578376921251,0.997961010251689,"Gene2355"
35.7966984948178,0.198894421094777,0.461941495092385,0.430561928745975,0.666786928338223,0.992301441166631,"Gene2356"
32.1934299349443,-0.212772163087908,0.361724154094889,-0.58821663048825,0.556386896100607,0.992301441166631,"Gene2357"
54.3239981328968,-0.384778712264666,0.402487846043235,-0.9560008234965,0.339071818440389,0.992301441166631,"Gene2358"
129.531008676311,-0.146970744086795,0.329996816270723,-0.445370187954247,0.656052252773328,0.992301441166631,"Gene2359"
38.1790349884845,-0.152111382489655,0.36777057706741,-0.413604001991095,0.679164141882929,0.992301441166631,"Gene2360"
33.511235558591,-0.25998122447414,0.369488416321727,-0.703624830954821,0.48166644350005,0.992301441166631,"Gene2361"
46.5237152202135,0.107238610741632,0.425885103498242,0.251801741504384,0.801194311159235,0.993191638049143,"Gene2362"
311.271857479948,-0.428792562336885,0.326426336592211,-1.31359671162978,0.188981955925977,0.973542272845075,"Gene2363"
14.8860550415245,0.00741607556124175,0.458993329276156,0.016157262182736,0.987108930846225,0.999029830702133,"Gene2364"
46.3347921871052,0.0669618484057732,0.387945668387872,0.172606253561321,0.862960936051659,0.997961010251689,"Gene2365"
10.2542393252365,0.35036415545748,0.521256354412016,0.672153255287786,0.501486136060889,0.992301441166631,"Gene2366"
939.561089639962,-0.209968587961163,0.391418903210158,-0.53642935034343,0.591661851260789,0.992301441166631,"Gene2367"
28.520637962232,-0.289192595462641,0.396731728384136,-0.728937402210064,0.466039954479918,0.992301441166631,"Gene2368"
131.041047376368,-0.434576860423872,0.33526893894698,-1.29620376342885,0.194905293317489,0.973542272845075,"Gene2369"
39.8383946255864,-0.234513649179405,0.413384044920042,-0.567302129971575,0.570508930173651,0.992301441166631,"Gene2370"
45.4471989271557,-0.00373189446931982,0.367539305080628,-0.0101537289147922,0.991898635670577,0.999029830702133,"Gene2371"
35.5871008964792,-0.0943599406543891,0.434111085444846,-0.21736358231372,0.827925009811028,0.997961010251689,"Gene2372"
19.6314318328915,-0.595479201464625,0.449957713084801,-1.32341147656335,0.18569857728423,0.973542272845075,"Gene2373"
323.59766158356,0.443088683977446,0.355676408692453,1.24576348936479,0.212851237251761,0.973542272845075,"Gene2374"
135.184565932278,-0.608563669079254,0.393685952427656,-1.54580996686968,0.122150469237259,0.973542272845075,"Gene2375"
53.2844400999739,0.766787180676228,0.344756303198582,2.22414260032993,0.0261388514908126,0.902188581367456,"Gene2376"
14.982124394405,-0.0654055878124702,0.521699227691549,-0.125370298326646,0.900230401064871,0.997961010251689,"Gene2377"
31.8928501488192,0.33441230544663,0.415124558099281,0.805571000130162,0.420490252480666,0.992301441166631,"Gene2378"
138.552243654162,0.404203329464757,0.345944650682655,1.16840462388171,0.242643590700277,0.992301441166631,"Gene2379"
15.956475075616,0.382514190345372,0.488895538719026,0.782404747131896,0.433976744841165,0.992301441166631,"Gene2380"
23.9023826121449,0.1530912094505,0.383249747051092,0.399455474213506,0.689557625616348,0.992301441166631,"Gene2381"
139.711592788272,-0.645926747360202,0.426480671959065,-1.51455104493504,0.129886137733364,0.973542272845075,"Gene2382"
65.1550131098085,0.245902307199077,0.322502485638373,0.762481897503297,0.445772443320481,0.992301441166631,"Gene2383"
23.8914933785813,0.29565756884283,0.547654325496926,0.539861651918039,0.589292445813367,0.992301441166631,"Gene2384"
380.505994504878,-0.00582632768127233,0.396029336012539,-0.0147118588232258,0.988262058410077,0.999029830702133,"Gene2385"
16.3052817894551,-0.476336575025887,0.442404104839648,-1.07670017030818,0.281614236271307,0.992301441166631,"Gene2386"
275.409970145315,-0.0918979344360832,0.327424143918197,-0.280669389057158,0.778963989343648,0.993191638049143,"Gene2387"
134.966492383786,0.201741555796837,0.340416622790969,0.592631329641958,0.553427907354494,0.992301441166631,"Gene2388"
4.62052777765919,-1.10717975749963,0.786478838270257,-1.40776802073239,0.159199772655861,0.973542272845075,"Gene2389"
86.5969033454989,-0.161948779927117,0.375296794177593,-0.431521884651331,0.666088943483158,0.992301441166631,"Gene2390"
124.906553613406,0.0149795771223554,0.41589919580837,0.0360173264899926,0.971268543376353,0.999029830702133,"Gene2391"
24.1466991655306,-0.168308360448417,0.391335141071337,-0.430087520348027,0.667131977707178,0.992301441166631,"Gene2392"
72.7949131544712,0.0391339683063792,0.360040613961285,0.108693205124318,0.913445831449487,0.997961010251689,"Gene2393"
7.55349889918438,-0.0908848772969993,0.575148051720774,-0.158019968988998,0.874441063431317,0.997961010251689,"Gene2394"
18.7579030724093,-0.334867742920114,0.41678261506664,-0.803458999523222,0.421709485566047,0.992301441166631,"Gene2395"
82.8451182566257,-0.340299209807481,0.378066708410834,-0.900103611973387,0.368065114028764,0.992301441166631,"Gene2396"
76.5103346651361,-0.255697197849459,0.373788494788843,-0.684069203344274,0.493931467628046,0.992301441166631,"Gene2397"
52.8449194754023,-0.0657562400042132,0.379258660787137,-0.173380984544265,0.862351970879628,0.997961010251689,"Gene2398"
16.3148500245797,0.0449689200781621,0.436471724070312,0.103028254977906,0.917940546045566,0.997961010251689,"Gene2399"
77.5137971997651,-0.123987001504577,0.369890927953072,-0.335198817096447,0.737475114289882,0.993191638049143,"Gene2400"
269.673249052741,0.472203790874331,0.375556038021788,1.25734575687194,0.208628461845082,0.973542272845075,"Gene2401"
34.8507600312619,-0.0341796555977823,0.42108699000778,-0.0811700584649999,0.935306710806543,0.997961010251689,"Gene2402"
49.3147602769342,0.110070168788708,0.404404195498164,0.272178602531852,0.785484693683431,0.993191638049143,"Gene2403"
28.6391521444314,0.186903499621419,0.397649552701471,0.470020645947345,0.638340267126169,0.992301441166631,"Gene2404"
53.5963287927614,0.400551505874709,0.368439915985455,1.087155567288,0.276968063735437,0.992301441166631,"Gene2405"
62.4950894119915,-0.230078841134275,0.421896271757706,-0.545344570540335,0.585516555309762,0.992301441166631,"Gene2406"
60.6607673257105,-0.0578124631306201,0.424330495178343,-0.136243950853266,0.891628431321812,0.997961010251689,"Gene2407"
32.7489829851338,-1.06155139399371,0.376682992811716,-2.81815588771305,0.00483003533317655,0.643108662138178,"Gene2408"
27.4027776341138,0.428635476049929,0.407722950257125,1.05129101950139,0.293124950390855,0.992301441166631,"Gene2409"
52.4818004804466,0.384182979999893,0.409757737000499,0.937585664183384,0.348457381476999,0.992301441166631,"Gene2410"
36.5881707946729,-0.912069781032913,0.488040517775213,-1.8688402864391,0.0616450380818539,0.937046219552397,"Gene2411"
22.1639247521988,-0.60880356261121,0.429441771406619,-1.41766265684192,0.156289277572824,0.973542272845075,"Gene2412"
93.5368270984144,0.838022760833926,0.37729279637525,2.22114699481418,0.0263410069170094,0.902188581367456,"Gene2413"
104.077545645882,0.13059023425675,0.352110659338308,0.370878389487434,0.710728111772142,0.992301441166631,"Gene2414"
57.1866583614644,0.0598332333594519,0.339922199658429,0.17602037589653,0.860277934720161,0.997961010251689,"Gene2415"
15.465720098369,-0.714588585773868,0.424843390643369,-1.68200471399995,0.0925679258189312,0.973542272845075,"Gene2416"
75.3440792618583,-0.155072361925427,0.388570001750529,-0.399084749792361,0.689830758742475,0.992301441166631,"Gene2417"
76.057809341839,0.0449154802817344,0.392780082056281,0.114352744280191,0.9089581727854,0.997961010251689,"Gene2418"
31.9744875996081,0.941215356755738,0.405696957158299,2.31999609597389,0.0203410885313698,0.902188581367456,"Gene2419"
105.06133059389,-0.38872193075895,0.40705436111558,-0.954963188930373,0.339596312791292,0.992301441166631,"Gene2420"
241.331034757742,-0.447839805954762,0.391165631979281,-1.14488536144833,0.252256648646792,0.992301441166631,"Gene2421"
80.3090434613625,-0.351962699355596,0.357002815563311,-0.985882138773157,0.324190952630118,0.992301441166631,"Gene2422"
133.501887860085,-0.0707468897526774,0.333052642535523,-0.212419541890083,0.831779741410539,0.997961010251689,"Gene2423"
224.139623466505,-0.28735716768471,0.348157061303823,-0.825366478590376,0.40916356012045,0.992301441166631,"Gene2424"
455.325717241395,0.304207471383446,0.400252556922482,0.760038795810525,0.447231395222627,0.992301441166631,"Gene2425"
33.1162367002115,-0.230756162745983,0.35855790430683,-0.643567356832042,0.519856023627792,0.992301441166631,"Gene2426"
38.7048756850051,0.00276151670114389,0.438833701389123,0.00629285465633642,0.994979061564565,0.999029830702133,"Gene2427"
37.3958195423907,0.564283519677854,0.364732601437568,1.54711566077112,0.121835358213652,0.973542272845075,"Gene2428"
203.124525826139,0.731840954646544,0.397755454628127,1.83992688505243,0.0657789723109057,0.937046219552397,"Gene2429"
82.5287001119283,0.0601513526998014,0.369270448793155,0.162892408250883,0.87060314833216,0.997961010251689,"Gene2430"
183.266995633873,0.0112912812539945,0.329782362457401,0.0342385844102048,0.972686898656339,0.999029830702133,"Gene2431"
105.009909124564,-0.455573370283003,0.386741284430798,-1.17797966915663,0.238804711525928,0.992301441166631,"Gene2432"
49.1231872193564,-0.420282423822764,0.333114205469467,-1.26167667701366,0.207065152614518,0.973542272845075,"Gene2433"
10.9722094998935,-0.380431401884431,0.51602376077102,-0.737236210433425,0.460978716547401,0.992301441166631,"Gene2434"
5.35942578008237,0.398734115579511,0.628813115191814,0.634105914692762,0.526011703016438,0.992301441166631,"Gene2435"
482.370307996734,-0.216848252573258,0.425206670012255,-0.509983186686625,0.610063240979795,0.992301441166631,"Gene2436"
55.4636559334593,0.0519275824491066,0.450495370939561,0.115267738136366,0.908232909118025,0.997961010251689,"Gene2437"
81.6303154398764,-0.0810974128322045,0.393699933833854,-0.205987875188286,0.836800382412293,0.997961010251689,"Gene2438"
121.954417453315,0.168499474441669,0.321828229768972,0.523569590407368,0.600577936932182,0.992301441166631,"Gene2439"
329.977769611481,-0.114504320715386,0.383635671696328,-0.298471516501791,0.765343312480065,0.993191638049143,"Gene2440"
93.3254769574818,0.21734664730806,0.373630969989372,0.581714752699014,0.560758832768296,0.992301441166631,"Gene2441"
62.8612451978435,-0.164683899338345,0.311271824105659,-0.529067800503665,0.596758417336856,0.992301441166631,"Gene2442"
167.748870865964,-0.0347807901830944,0.33329680875328,-0.104353804985995,0.91688858074046,0.997961010251689,"Gene2443"
69.0732951135664,-0.173030125130556,0.440112605074453,-0.393149669279035,0.694208940795813,0.992301441166631,"Gene2444"
25.9200162885044,0.124644213312988,0.420473640794571,0.296437638938429,0.766895884585004,0.993191638049143,"Gene2445"
164.142791609257,0.24492122362973,0.347153046845734,0.705513680076001,0.480490621629255,0.992301441166631,"Gene2446"
63.3255129066562,-0.597793527461554,0.383081536085086,-1.56048640080836,0.118644981184185,0.973542272845075,"Gene2447"
50.0697928229348,0.0381750075445885,0.386410889765036,0.0987938191074312,0.921301976123622,0.997961010251689,"Gene2448"
12.6837144842393,-0.439475370718216,0.534358684036773,-0.822435161712413,0.410829274386566,0.992301441166631,"Gene2449"
191.722100480096,-0.643600726692277,0.312816098201944,-2.05744119433645,0.0396438060430454,0.902188581367456,"Gene2450"
28.0303018946099,-0.501679910954824,0.400347725233303,-1.25311043209367,0.210165520010358,0.973542272845075,"Gene2451"
48.061755364005,-0.272325698457439,0.354465788337873,-0.768270753954571,0.44232634600787,0.992301441166631,"Gene2452"
51.9736688848402,-0.179489742876671,0.360433987095128,-0.49798229163472,0.618496523693038,0.992301441166631,"Gene2453"
50.58366177981,-0.127242357287067,0.350327379097135,-0.363209857062833,0.716448124842193,0.992301441166631,"Gene2454"
88.1913716487499,0.196711058737128,0.404321662677356,0.486521195610787,0.626597681224885,0.992301441166631,"Gene2455"
133.618131113021,-0.393528034881335,0.429049212510848,-0.91720954940894,0.359032843735812,0.992301441166631,"Gene2456"
119.707448662006,-1.04347473133327,0.329828874026862,-3.16368521225429,0.0015578519302514,0.43499030710858,"Gene2457"
8.87053920951275,-0.277988518261174,0.611839462299007,-0.454348788188038,0.649577805874895,0.992301441166631,"Gene2458"
4.50309930876181,0.718573525241444,0.687852227715421,1.04466264160844,0.296178916840721,0.992301441166631,"Gene2459"
35.6004331373201,-0.290173944809623,0.387245734447813,-0.749327672319984,0.453659732893759,0.992301441166631,"Gene2460"
42.0444097990856,0.146751101099454,0.413661403533754,0.354761405936871,0.722768343723396,0.993191638049143,"Gene2461"
32.3489856892588,-0.152571259949564,0.419312703706628,-0.363860332875367,0.71596230694148,0.992301441166631,"Gene2462"
9.02948113503246,0.240160999409837,0.532836154742243,0.45072204142381,0.652189894390638,0.992301441166631,"Gene2463"
20.4387290095275,0.140282570375169,0.526521975378375,0.26643250792022,0.789906132010124,0.993191638049143,"Gene2464"
4.14160876391364,0.342430146007563,0.782980567976131,0.43734181921358,0.661863471343949,0.992301441166631,"Gene2465"
1535.94168037813,-0.0739256903541442,0.340029686820909,-0.217409518107989,0.827889214216216,0.997961010251689,"Gene2466"
89.4480589996597,0.828592261785985,0.380562912878236,2.17728063809281,0.0294596349066202,0.902188581367456,"Gene2467"
50.3290411511741,-0.377143102441733,0.428069585215924,-0.881032232765374,0.37830037421644,0.992301441166631,"Gene2468"
7.45183446323585,0.629549572030314,0.60439972249361,1.04161128571162,0.297591934169205,0.992301441166631,"Gene2469"
37.3475774697883,-0.310215962585104,0.434411240745402,-0.714106665501583,0.475161224608995,0.992301441166631,"Gene2470"
152.555555181369,-0.325554579714212,0.388221617608139,-0.838579215964264,0.401705477827847,0.992301441166631,"Gene2471"
146.244217571373,-0.269400137017407,0.382105322019964,-0.705041572290195,0.480784365352327,0.992301441166631,"Gene2472"
104.712022333152,-0.294793311971205,0.361194356001502,-0.816162564760506,0.4144071644201,0.992301441166631,"Gene2473"
297.629610601203,-0.68731323894529,0.334118876056223,-2.05709191608089,0.0396773851723593,0.902188581367456,"Gene2474"
7.07206958838821,0.102940138492396,0.584904134799545,0.175994889363665,0.860297957477502,0.997961010251689,"Gene2475"
18.5356902284933,-0.0713057494952939,0.495837133180844,-0.143808812861313,0.885651443561318,0.997961010251689,"Gene2476"
47.714598289801,-0.250498030588256,0.389135841787817,-0.643729011024496,0.519751174064361,0.992301441166631,"Gene2477"
74.8388667486329,0.304652216611396,0.328215994290836,0.92820649179406,0.353300467635019,0.992301441166631,"Gene2478"
27.5395295944886,-0.376759654753495,0.46618244153256,-0.808180706066298,0.41898656295169,0.992301441166631,"Gene2479"
240.579021571699,0.0103455936392467,0.371888057634691,0.0278191069243996,0.977806426737695,0.999029830702133,"Gene2480"
5.12236307654691,-0.131363061766782,0.646122038389742,-0.203309984742454,0.838892751808601,0.997961010251689,"Gene2481"
20.5979351931883,-0.567067717909077,0.430710947491079,-1.31658533690004,0.187977656486171,0.973542272845075,"Gene2482"
418.415571079562,0.525192021656897,0.426923065856411,1.23017954207594,0.21862987900365,0.973542272845075,"Gene2483"
140.128786913017,-0.280825419259874,0.4240865858815,-0.662188875123589,0.507850183005943,0.992301441166631,"Gene2484"
6.82413707170048,-0.304444017213801,0.600634132187973,-0.50687099000648,0.612245341819963,0.992301441166631,"Gene2485"
157.006896896792,-0.0211121199023535,0.429024020499835,-0.0492096453661424,0.960752224690128,0.999029830702133,"Gene2486"
91.8704880935324,0.203514266350972,0.330401756374983,0.615960001495866,0.537920919029293,0.992301441166631,"Gene2487"
10.2369354889135,-0.551895984522485,0.561406015442423,-0.98306033305959,0.325577745556235,0.992301441166631,"Gene2488"
65.1723287687344,-0.257226538123971,0.405027749483865,-0.635083740439415,0.525373800926847,0.992301441166631,"Gene2489"
159.528192201792,-0.324456106355304,0.314008525353015,-1.03327164761066,0.301476791625265,0.992301441166631,"Gene2490"
18.2555549859101,-0.504739319854199,0.462638319154809,-1.09100197488246,0.275272013600529,0.992301441166631,"Gene2491"
85.555440837803,0.0947868244363017,0.323922052729479,0.292622325765089,0.769810846893583,0.993191638049143,"Gene2492"
11.4622454954227,0.00540374711541676,0.485426193124074,0.0111319644303487,0.991118160890516,0.999029830702133,"Gene2493"
122.031777599087,0.269607823920393,0.365823683095584,0.736988435628288,0.46112938197205,0.992301441166631,"Gene2494"
17.6753512886919,-0.211074195899426,0.478070381220467,-0.441512806881225,0.658841792035504,0.992301441166631,"Gene2495"
26.6902829566777,-0.789452806712607,0.427835213537261,-1.84522634353905,0.0650046198992086,0.937046219552397,"Gene2496"
13.0313179282746,-0.132756690105033,0.48123377151964,-0.275867360027152,0.782649944377448,0.993191638049143,"Gene2497"
119.207566213403,0.198949673602833,0.335571459479537,0.592868278820251,0.553269308488164,0.992301441166631,"Gene2498"
37.2897316054347,0.385069352773503,0.378955021047554,1.01613471622317,0.309565239202933,0.992301441166631,"Gene2499"
94.6504007769477,-0.254154168600607,0.326968324678577,-0.777305168170193,0.436978746617987,0.992301441166631,"Gene2500"
130.719002581517,0.011400879494624,0.386171956864935,0.0295228052994316,0.976447630868267,0.999029830702133,"Gene2501"
58.8606770032482,-0.39412605879199,0.386551368387386,-1.01959555966961,0.307920311759629,0.992301441166631,"Gene2502"
49.3712760245224,-0.44780587778603,0.326853641529342,-1.37005014137445,0.170671250080609,0.973542272845075,"Gene2503"
68.7876496071258,-0.219023037545362,0.345318108517949,-0.634264558222488,0.52590818217867,0.992301441166631,"Gene2504"
100.99744090518,-0.0838804954484333,0.342423559169444,-0.244961227702578,0.806486452652186,0.995006281733403,"Gene2505"
51.6526297070933,-0.629687204518506,0.424054440561307,-1.48492067123507,0.137564839513962,0.973542272845075,"Gene2506"
85.6402024847022,-0.206198397184099,0.401759482689486,-0.513238407725317,0.607784562414595,0.992301441166631,"Gene2507"
131.798189828862,0.00957650267842324,0.437429534208074,0.021892675115686,0.982533567787121,0.999029830702133,"Gene2508"
124.56869298468,-0.512309076825456,0.362808420357706,-1.4120650130456,0.157930819300597,0.973542272845075,"Gene2509"
278.9379181023,-0.591600959149145,0.353950859325581,-1.67142116924475,0.0946385174327564,0.973542272845075,"Gene2510"
7.6721181315513,0.141114097691105,0.560484805455263,0.251771495529629,0.801217690985062,0.993191638049143,"Gene2511"
66.3801750010834,0.316956714200499,0.321343713732212,0.986347952848489,0.323962396053479,0.992301441166631,"Gene2512"
54.2585326711066,0.350927969628958,0.345132734556463,1.01679132256157,0.309252710982201,0.992301441166631,"Gene2513"
24.1313793374417,-0.739659220169547,0.463714271410903,-1.59507538536403,0.110695379068726,0.973542272845075,"Gene2514"
18.7320877124051,0.07712392142862,0.463991472206189,0.166218402812256,0.867985077550271,0.997961010251689,"Gene2515"
102.563261997542,-0.126967385878989,0.375671676416408,-0.337974337299398,0.735382526889488,0.993191638049143,"Gene2516"
40.1799577631729,-0.580317203707793,0.376775798442371,-1.54021889438463,0.12350700579929,0.973542272845075,"Gene2517"
36.0747168570321,0.259797955640243,0.407045224872625,0.638253294143276,0.523308810091037,0.992301441166631,"Gene2518"
118.54795101311,0.30161373938553,0.374035726750157,0.806376818616038,0.420025609103697,0.992301441166631,"Gene2519"
200.415209488964,0.0153078602885063,0.35589242595812,0.0430126048546695,0.965691485932417,0.999029830702133,"Gene2520"
653.833255931213,0.174182948324654,0.347453091203297,0.501313566448424,0.61615045898632,0.992301441166631,"Gene2521"
130.634568385051,0.266469888877548,0.332770969317808,0.800760623511781,0.42327023885009,0.992301441166631,"Gene2522"
563.891149017266,0.403042341324167,0.407085500839413,0.990068033602499,0.322140866629552,0.992301441166631,"Gene2523"
209.135671471161,-0.128373280773912,0.400478020612229,-0.320550128013673,0.748551336658527,0.993191638049143,"Gene2524"
89.230024000587,0.467994837613198,0.331307832712736,1.41256798482932,0.1577827879938,0.973542272845075,"Gene2525"
92.9866332363978,0.0235911560789929,0.359821372626344,0.0655635208848227,0.947725332712891,0.998838723318217,"Gene2526"
617.252401054525,-0.806389047179339,0.402637822608036,-2.00276526918424,0.0452024893503044,0.907767107168944,"Gene2527"
14.628552086109,-0.188189478156334,0.493791885293544,-0.381110916888521,0.703120947131814,0.992301441166631,"Gene2528"
63.1195572009602,0.181197245269041,0.369240207102689,0.490729995768443,0.62361742818983,0.992301441166631,"Gene2529"
55.6537670782909,-0.462225726136806,0.375728884932521,-1.23021078408656,0.218618182590095,0.973542272845075,"Gene2530"
2.07143485595569,-0.510493936247092,1.04324338455316,-0.489333499551253,0.624605608029711,0.992301441166631,"Gene2531"
28.5065564973739,0.127533103539162,0.379084770118347,0.336423706759169,0.736551374852456,0.993191638049143,"Gene2532"
87.8779340757487,0.28310255217773,0.384306887278594,0.73665750354482,0.461330656093939,0.992301441166631,"Gene2533"
1.95315156222594,-2.11162702683694,1.20705957724396,-1.749397516615,0.0802223298483842,0.937046219552397,"Gene2534"
81.7779879940118,0.0264651894889179,0.37860766239756,0.0699013573083154,0.944272172798222,0.997961010251689,"Gene2535"
43.7961891940245,1.03676203777893,0.393565897220688,2.63427813512404,0.00843163878143851,0.675932684016347,"Gene2536"
94.4337153217305,-0.781242641127973,0.428826070532532,-1.82181703681821,0.0684827518175818,0.937046219552397,"Gene2537"
127.100324364024,0.364174308366122,0.389791080728199,0.93428076313542,0.350159084679692,0.992301441166631,"Gene2538"
289.199004814442,0.0306607637481171,0.327176808731588,0.0937131328683838,0.925337037670411,0.997961010251689,"Gene2539"
5.24212049542335,-0.331889730799317,0.620037675508668,-0.535273490481108,0.592460754671559,0.992301441166631,"Gene2540"
70.2067733444442,0.0151475207977172,0.334851185237194,0.0452365751281046,0.963918741341449,0.999029830702133,"Gene2541"
22.3057735658002,0.627774740026061,0.401157480337953,1.56490847309439,0.117604371671085,0.973542272845075,"Gene2542"
61.7236830253904,-0.286933440731541,0.367584339975407,-0.780592124111537,0.435042425456392,0.992301441166631,"Gene2543"
39.4116121608836,0.141772152851852,0.415654265329293,0.341081915133328,0.733041915416844,0.993191638049143,"Gene2544"
11.2405042989484,0.38864717432328,0.569550297096368,0.682375509774374,0.495001537425701,0.992301441166631,"Gene2545"
6.09481751467277,0.118738278579184,0.609367852351029,0.194854845264768,0.845506584786304,0.997961010251689,"Gene2546"
808.258539928719,0.132328310283277,0.313833793115128,0.421650928568846,0.673279827114545,0.992301441166631,"Gene2547"
11.0769055071929,-0.474414965194645,0.506932430150108,-0.935854439326689,0.349348137753697,0.992301441166631,"Gene2548"
78.399790646087,0.261240611555103,0.316659249316423,0.824989676186776,0.409377451890024,0.992301441166631,"Gene2549"
12.9290556048779,-0.048459805709293,0.452579652106487,-0.10707464527789,0.914729761645082,0.997961010251689,"Gene2550"
308.604453948061,-0.278835003714827,0.342022949861502,-0.815252321014533,0.414927894452758,0.992301441166631,"Gene2551"
6.08157802495767,0.230893954212886,0.666945686957555,0.346196037740597,0.729195392258106,0.993191638049143,"Gene2552"
18.609059908341,0.130815927639634,0.49548534697689,0.264015734143871,0.791767794693816,0.993191638049143,"Gene2553"
12.0588015327272,-0.0241865959286556,0.470019698161788,-0.051458685717317,0.958960022230871,0.999029830702133,"Gene2554"
46.8344480908648,-0.189420175758883,0.387186548946711,-0.48922199460228,0.624684539598987,0.992301441166631,"Gene2555"
21.4077340121361,-0.427454024224369,0.42035693291527,-1.016883488182,0.309208859142447,0.992301441166631,"Gene2556"
793.873096478356,-0.478671273661372,0.347379870529393,-1.37794764253869,0.168219453930896,0.973542272845075,"Gene2557"
57.3412193895784,0.0440858309609772,0.400148680480981,0.110173625733279,0.91227167853523,0.997961010251689,"Gene2558"
233.283175568513,-0.407854879038265,0.353456033414659,-1.15390555113198,0.248538893088811,0.992301441166631,"Gene2559"
144.766262881976,-0.704429078581263,0.409418617892403,-1.72055946602406,0.0853307941489524,0.954626836533261,"Gene2560"
125.843381540576,0.370803260054119,0.389918628380853,0.95097600643983,0.341616555987246,0.992301441166631,"Gene2561"
100.044167579779,0.525466848138041,0.355888582036956,1.47649257284538,0.139811707626332,0.973542272845075,"Gene2562"
55.2753394166277,0.152310138951658,0.462313575663193,0.329452014756797,0.741814057929598,0.993191638049143,"Gene2563"
23.8649442371877,0.478599308102721,0.442385154897195,1.08186114024089,0.279314234260583,0.992301441166631,"Gene2564"
36.9136899848057,-0.765307770380942,0.374617287561918,-2.04290564207998,0.0410617797023056,0.902188581367456,"Gene2565"
102.863673279742,0.230944634992829,0.330521118468305,0.698728831800727,0.484721512070305,0.992301441166631,"Gene2566"
2.68226997983495,1.41839739514063,0.882869733985095,1.60657607860026,0.108147393530411,0.973542272845075,"Gene2567"
5.6116206610814,0.257241557231197,0.632461674905903,0.406730664382897,0.684205816041962,0.992301441166631,"Gene2568"
31.0838394409185,-0.0928459327414498,0.465467452333909,-0.199468152447415,0.841896553424672,0.997961010251689,"Gene2569"
6.21027594189341,-0.165000752405821,0.599225242768502,-0.27535681181169,0.783042121157258,0.993191638049143,"Gene2570"
62.7658820555584,0.111752199807827,0.338936091552455,0.329714664779308,0.741615571945417,0.993191638049143,"Gene2571"
104.434571218193,0.187570196560454,0.322886113373327,0.580917508656007,0.56129605145094,0.992301441166631,"Gene2572"
135.581895953048,0.0676516063591308,0.333057393653532,0.203122968137757,0.839038919946113,0.997961010251689,"Gene2573"
172.628461041491,0.0865499033593035,0.375347577759148,0.23058601810091,0.817636430861542,0.997961010251689,"Gene2574"
94.6265560864973,0.117990606702129,0.316181134189746,0.37317408897433,0.709018879542442,0.992301441166631,"Gene2575"
89.37776984502,-0.662590555533161,0.342362393047581,-1.93534853415128,0.0529475402976102,0.929372846090705,"Gene2576"
70.4328201087037,-0.39558657142621,0.321131078887577,-1.23185389840358,0.218003665287021,0.973542272845075,"Gene2577"
52.6897116324114,0.138911093244356,0.412253568170712,0.336955466172784,0.736150471711211,0.993191638049143,"Gene2578"
20.6282470421877,0.473666119544196,0.484689133275986,0.977257559588173,0.328441658351884,0.992301441166631,"Gene2579"
1030.06430607758,0.512268960113731,0.361098357324296,1.41864107028787,0.156003685732235,0.973542272845075,"Gene2580"
23.1147362927907,-0.240583244686528,0.494643285899655,-0.486377257196479,0.626699712333319,0.992301441166631,"Gene2581"
286.082858803663,-0.144588568596089,0.38293682014411,-0.37757813036019,0.705744013525555,0.992301441166631,"Gene2582"
155.028206931435,0.152397601805929,0.312700566222917,0.487359532624858,0.62600356595932,0.992301441166631,"Gene2583"
492.494136467966,-0.333994234182469,0.355851271305001,-0.938578167664326,0.347947366382805,0.992301441166631,"Gene2584"
134.284417176292,-0.195442178988714,0.348370473637595,-0.561018208426096,0.574785124393102,0.992301441166631,"Gene2585"
37.741434410139,0.3788743859996,0.410849273337381,0.92217367922293,0.356437989939685,0.992301441166631,"Gene2586"
35.2688300362923,0.564464180914154,0.444927097321514,1.26866667441084,0.204559973162349,0.973542272845075,"Gene2587"
8.92082660155369,0.446927640965516,0.577458607354189,0.773956150750369,0.438956722413988,0.992301441166631,"Gene2588"
180.514890239756,0.00576725340667963,0.317647924564732,0.0181561186479729,0.98551430910612,0.999029830702133,"Gene2589"
42.8981303589283,0.0049468985335247,0.438095450880863,0.0112918281246202,0.990990616134022,0.999029830702133,"Gene2590"
57.2708533079569,0.271994939388328,0.4192669000836,0.64873935751688,0.516506860470075,0.992301441166631,"Gene2591"
53.3687131054781,0.757575798318746,0.360648732248627,2.10059187951472,0.0356768074940045,0.902188581367456,"Gene2592"
31.3107048079893,-0.669437986725472,0.47838396950289,-1.39937378633551,0.16170092344969,0.973542272845075,"Gene2593"
37.2966686734038,0.635472826567612,0.480771638407859,1.3217768599497,0.186242465985457,0.973542272845075,"Gene2594"
118.024687324234,0.470393140038264,0.389432679455913,1.20789334037262,0.227088291537567,0.982460184680701,"Gene2595"
242.336282634616,-0.438684906429002,0.348331218545489,-1.25939015245547,0.20788944459664,0.973542272845075,"Gene2596"
68.9477220485474,0.329568272280116,0.395220771172007,0.833883986671041,0.404346361736028,0.992301441166631,"Gene2597"
68.3701256943223,-0.124927552491129,0.330675130180418,-0.377795428470741,0.705582570033651,0.992301441166631,"Gene2598"
76.9415964302809,-0.0267617048866425,0.359647639364309,-0.0744109009972784,0.94068343511021,0.997961010251689,"Gene2599"
64.7238708216696,0.800369353404724,0.375341683793642,2.13237534748407,0.0329760023571735,0.902188581367456,"Gene2600"
43.2591061543596,0.405036048727644,0.389380357665574,1.04020667903212,0.298243889141464,0.992301441166631,"Gene2601"
81.6912083199634,0.398970120459238,0.389020085096392,1.02557717645962,0.305090930156375,0.992301441166631,"Gene2602"
121.79959742351,-0.891134248485189,0.318069104444334,-2.80170012124252,0.00508341017845557,0.643108662138178,"Gene2603"
64.6359278229811,-0.200444446167306,0.416220642203157,-0.481582184646836,0.630102784380938,0.992301441166631,"Gene2604"
103.880312312231,-0.228748884133597,0.366981424433502,-0.623325511602419,0.533070636336762,0.992301441166631,"Gene2605"
24.2564031205369,0.0184785057167852,0.465277849534008,0.0397149912365096,0.968320349828033,0.999029830702133,"Gene2606"
82.9889767348568,0.43317877993244,0.410727866571611,1.05466128594641,0.291580263678262,0.992301441166631,"Gene2607"
99.6946066034736,0.140455187070405,0.357270718371618,0.393133777407164,0.694220677678096,0.992301441166631,"Gene2608"
54.643054794511,-0.405178673599005,0.407737271809014,-0.993724885148081,0.320356824071911,0.992301441166631,"Gene2609"
41.875421358283,0.791376166690133,0.488260048162415,1.62080876710783,0.105058657688995,0.973542272845075,"Gene2610"
29.8182158142164,-0.22277361255637,0.429436819774487,-0.518757596689907,0.603929791153107,0.992301441166631,"Gene2611"
95.2848753336403,-0.508944915755321,0.353270357417529,-1.44066691435931,0.149678806291147,0.973542272845075,"Gene2612"
67.2396824785585,-0.510806562194067,0.464767495425694,-1.09905827585082,0.271742647738674,0.992301441166631,"Gene2613"
1171.76377965598,0.0728395314182922,0.337466948792273,0.215841971129233,0.82911093110671,0.997961010251689,"Gene2614"
51.3048569192444,0.0650498416030596,0.335876444133446,0.193671937223483,0.846432766625633,0.997961010251689,"Gene2615"
58.4350298224953,-0.358727739589408,0.338638707572036,-1.05932290540974,0.28945274678806,0.992301441166631,"Gene2616"
20.1300379811175,0.164967061621177,0.420758762067298,0.392070413009704,0.695006187942937,0.992301441166631,"Gene2617"
144.8025564961,0.322973453526139,0.337491718841543,0.956981862058013,0.338576409993922,0.992301441166631,"Gene2618"
43.5840105174559,-0.386897939367058,0.423523746167821,-0.913521243774015,0.360968465937206,0.992301441166631,"Gene2619"
62.6979632549228,-0.455101299007742,0.4568454845044,-0.996182110678954,0.319161669777392,0.992301441166631,"Gene2620"
158.663599996623,0.45668499221173,0.388444155360056,1.17567734231558,0.239723836063098,0.992301441166631,"Gene2621"
249.100154009242,-0.624135064188986,0.325076796338543,-1.91996190198391,0.0548627118630686,0.936417398209812,"Gene2622"
42.3444014765497,-0.478253224521182,0.461054482997608,-1.03730305670548,0.299594641679935,0.992301441166631,"Gene2623"
32.348831595283,-0.592015273230431,0.429559793406905,-1.37819060889071,0.168144445962239,0.973542272845075,"Gene2624"
68.1506847679854,-0.48933630854099,0.32679606028131,-1.49737517679914,0.134295663598565,0.973542272845075,"Gene2625"
246.309620626231,0.963672758986097,0.362810899929968,2.65612956824647,0.0079043238124683,0.671699346957412,"Gene2626"
60.6314114672285,0.09551027556557,0.372805957046065,0.256192997350009,0.797801815545879,0.993191638049143,"Gene2627"
68.8528258242642,0.56501500651454,0.391743569466975,1.44230831225469,0.149215416291358,0.973542272845075,"Gene2628"
151.139611886756,0.492064940558414,0.34493927046106,1.42652629809502,0.153716481433508,0.973542272845075,"Gene2629"
125.015925238445,-0.0236321501143475,0.332811838361555,-0.071007540569138,0.94339175413567,0.997961010251689,"Gene2630"
195.910448372154,0.542413446961933,0.419424369482713,1.29323302704348,0.195930476076163,0.973542272845075,"Gene2631"
6.57535229862628,-0.649071886310864,0.594206601000169,-1.09233368531811,0.274686459386772,0.992301441166631,"Gene2632"
13.6508207234443,-0.465714740535766,0.901825629351425,-0.51641329030613,0.605565785376146,0.992301441166631,"Gene2633"
14.0068389543617,-0.222309872653543,0.477844510461155,-0.465234752700199,0.641763354049407,0.992301441166631,"Gene2634"
79.1297675577174,-0.609970180492526,0.441436032294104,-1.3817861159239,0.167037383348277,0.973542272845075,"Gene2635"
12.1944086414389,0.351367425752558,0.500270540231657,0.702354821033141,0.482457912931394,0.992301441166631,"Gene2636"
43.0305845771721,0.0789075188279365,0.41630857290061,0.18954094141793,0.849668869993143,0.997961010251689,"Gene2637"
84.572292281969,0.0598986995100822,0.425978867464584,0.14061425128105,0.888174689210008,0.997961010251689,"Gene2638"
739.356500194575,0.17156757579782,0.41831861465633,0.410136125399945,0.681706093730488,0.992301441166631,"Gene2639"
35.1790521949533,0.0319920690713539,0.395714759496462,0.0808462871389054,0.935564196707216,0.997961010251689,"Gene2640"
48.3338147703846,0.611667265296059,0.433022158310813,1.41255419279726,0.157786845770736,0.973542272845075,"Gene2641"
54.0697480657399,-0.192907669259,0.379387693474705,-0.508471077414802,0.611123017425552,0.992301441166631,"Gene2642"
26.6555179367276,-0.16998751218161,0.396193547491279,-0.429051692683993,0.667885606288558,0.992301441166631,"Gene2643"
353.465194499588,0.159412243328213,0.313320465446112,0.508783373282812,0.61090407498855,0.992301441166631,"Gene2645"
24.7300003663055,-0.616443031769099,0.417983358653769,-1.47480280974468,0.140265565617364,0.973542272845075,"Gene2646"
23.3726286714483,0.0332154850711247,0.391174788127385,0.0849121315566691,0.932331247034446,0.997961010251689,"Gene2647"
79.2961988022872,0.221362494052481,0.435661046889626,0.508107152642828,0.611378199397697,0.992301441166631,"Gene2648"
25.6201835361345,-0.130677791103141,0.449321599171792,-0.290833539593939,0.771178632662376,0.993191638049143,"Gene2649"
159.247252258683,0.298065792328372,0.448738019895588,0.664231197520829,0.506542348965983,0.992301441166631,"Gene2650"
26.5375603980522,0.241613226945492,0.473429116151645,0.510347206588157,0.609808236039157,0.992301441166631,"Gene2651"
173.007947278594,0.013603537128199,0.407301815667002,0.0333991566080346,0.97335628221814,0.999029830702133,"Gene2652"
47.7101568694539,-0.411838971174988,0.353760891694274,-1.16417326178301,0.24435380368868,0.992301441166631,"Gene2653"
14.7475038136554,0.36326607601321,0.487148561580041,0.745698755293407,0.455849411256736,0.992301441166631,"Gene2654"
99.0207271023692,-0.16041085247654,0.42844529697701,-0.374402178313904,0.708105122546782,0.992301441166631,"Gene2655"
976.710674721581,-0.0931011691487429,0.360260838699867,-0.258427114878022,0.796077292479996,0.993191638049143,"Gene2656"
18.3795870218459,-0.679303394642325,0.457601957390261,-1.48448533418966,0.137680211053803,0.973542272845075,"Gene2657"
28.427776474966,0.0189781783456035,0.395219048072782,0.0480193918743221,0.961700787952575,0.999029830702133,"Gene2658"
11.5811955869699,0.155791438553466,0.4817388996748,0.323393935301123,0.746396921929338,0.993191638049143,"Gene2659"
353.565852342608,0.170214071816023,0.42499762767063,0.400505933995325,0.688783913732145,0.992301441166631,"Gene2660"
53.0430880605494,-0.0404797765888181,0.34736322804358,-0.11653443231976,0.907228998940972,0.997961010251689,"Gene2661"
3.53498501064473,-0.705643915005527,0.783263106542493,-0.900902786191991,0.367640009705904,0.992301441166631,"Gene2662"
3.0471487173792,-0.823310665061522,0.862829824483623,-0.954198199574578,0.339983325841531,0.992301441166631,"Gene2663"
156.894107294547,-0.297034508908338,0.298481538432966,-0.995152030064489,0.319662328428669,0.992301441166631,"Gene2664"
79.7553556411091,-0.0628642882053249,0.366027448932639,-0.171747469728408,0.863636064807661,0.997961010251689,"Gene2665"
3.65276724215196,0.390708942488152,0.761134948579314,0.513324139454408,0.607724600907632,0.992301441166631,"Gene2666"
16.3136558184883,-0.25477073828989,0.472820330363519,-0.538832029693,0.590002760683529,0.992301441166631,"Gene2667"
83.2751970613987,-0.431275633557909,0.308458184962928,-1.39816563340584,0.162063334230753,0.973542272845075,"Gene2668"
56.7985352572153,-0.0543719517150086,0.370446926268333,-0.146773931323226,0.883310461601166,0.997961010251689,"Gene2669"
6.35111416903672,0.92396066262036,0.642365926217258,1.43837122255433,0.150328753294154,0.973542272845075,"Gene2670"
129.776360144316,0.303041578986929,0.405589947482312,0.747162450322181,0.454965507093119,0.992301441166631,"Gene2671"
26.6887607278955,0.228056463191692,0.394460801925287,0.578147339554634,0.563164648457617,0.992301441166631,"Gene2672"
217.676374129441,-0.113967114700697,0.313067567461801,-0.364033603431639,0.715832916536349,0.992301441166631,"Gene2673"
105.086622820867,0.145557315304853,0.289470609572684,0.502839702862149,0.61507697714466,0.992301441166631,"Gene2674"
219.11378582505,-0.124780494927119,0.371691611425394,-0.335709741870687,0.737089758815871,0.993191638049143,"Gene2675"
5.47782958903858,0.454286287657156,0.647653831499533,0.701433799295734,0.483032335010783,0.992301441166631,"Gene2676"
137.685809620154,0.0350142487266928,0.429676354942624,0.0814898197769537,0.935052420594737,0.997961010251689,"Gene2677"
212.588302316469,-0.227608085345623,0.379904495550603,-0.599119220781386,0.54909338516606,0.992301441166631,"Gene2678"
125.748814184848,-0.158837707083485,0.289130814506556,-0.549362776688348,0.58275651378353,0.992301441166631,"Gene2679"
12.6747812731756,0.172628917259165,0.547262342925098,0.315440884049264,0.75242692910229,0.993191638049143,"Gene2680"
68.4833931631841,0.406921324725213,0.480457010263006,0.846946378204496,0.397025010208164,0.992301441166631,"Gene2681"
6.71131888396728,0.0606815089340978,0.58290171789269,0.104102470573382,0.917088030279251,0.997961010251689,"Gene2682"
32.7611454793415,-0.846053582897774,0.40490112089834,-2.08953134291321,0.036659919579186,0.902188581367456,"Gene2683"
18.7889823171148,0.853311165641719,0.483531432338316,1.76474807752452,0.0776061145039839,0.937046219552397,"Gene2684"
82.9200922127058,0.27835707726549,0.328692316102089,0.846862137108904,0.397071968890216,0.992301441166631,"Gene2685"
640.456996827708,-0.129015088082266,0.351274136023659,-0.367277504523067,0.713412032151871,0.992301441166631,"Gene2686"
82.1857842298522,0.633658658251658,0.382799479660529,1.65532789860006,0.09785800274396,0.973542272845075,"Gene2687"
33.3625939191549,0.30091673664832,0.387967270593504,0.77562402670716,0.437971009673457,0.992301441166631,"Gene2688"
170.843492589967,-0.326664150594783,0.301707476492875,-1.08271811620981,0.278933560357888,0.992301441166631,"Gene2689"
113.851460289718,-0.00569736985686887,0.327518348394115,-0.0173955745832384,0.98612103959342,0.999029830702133,"Gene2690"
63.2881210327687,0.665997116271679,0.393596319336192,1.69208166731563,0.0906304033845077,0.970449949377276,"Gene2691"
28.6155254584954,-0.230749135702547,0.452239455807588,-0.510236629598111,0.609885692946466,0.992301441166631,"Gene2692"
102.118035848186,0.82299825773439,0.379622122085592,2.16794072277177,0.0301631969393283,0.902188581367456,"Gene2693"
122.332586168669,-0.345632438336617,0.38556302129669,-0.896435651879213,0.370020133294849,0.992301441166631,"Gene2694"
92.3713391958379,-0.0585180057447326,0.35925033167542,-0.162889218422777,0.870605659904454,0.997961010251689,"Gene2695"
530.530088600886,-0.149721346000734,0.315766662314163,-0.474151846504218,0.635391628918502,0.992301441166631,"Gene2696"
861.268475313525,-0.0106337860261721,0.341595182866245,-0.0311297891760256,0.975166032849821,0.999029830702133,"Gene2697"
16.9396526122802,-0.350144870716194,0.448057146128005,-0.781473688662386,0.434523945867158,0.992301441166631,"Gene2698"
115.963498602094,0.491826772674336,0.379655283458269,1.29545615220813,0.195162918077543,0.973542272845075,"Gene2699"
11.2280542235947,0.257633481497184,0.480736559764115,0.53591405992421,0.592017946867622,0.992301441166631,"Gene2700"
27.4091187235441,-0.554033628932492,0.391943483200056,-1.41355489421341,0.157492632896683,0.973542272845075,"Gene2701"
38.8405356563131,-0.388913489710317,0.376572892168032,-1.03277080692462,0.301711168472597,0.992301441166631,"Gene2702"
48.804325737972,0.0487300503037246,0.369064593557203,0.132036643867794,0.89495530785398,0.997961010251689,"Gene2703"
456.697342287779,-0.271079921050439,0.343825585450593,-0.788422771665412,0.430449455311545,0.992301441166631,"Gene2704"
23.0745903507357,-0.0377707450134564,0.462662670489817,-0.0816377620728916,0.934934771711147,0.997961010251689,"Gene2705"
112.049024088158,-0.104398407935395,0.32264402810079,-0.323571486972577,0.746262477656168,0.993191638049143,"Gene2706"
140.877786391009,-0.147621482913343,0.385282340271967,-0.383151438524637,0.701607481926204,0.992301441166631,"Gene2707"
75.6735939962423,-0.16698636884637,0.377007337071235,-0.44292604526903,0.657819227860412,0.992301441166631,"Gene2708"
121.318073924934,0.31707714099375,0.316709957577239,1.0011593680834,0.316749766833753,0.992301441166631,"Gene2709"
25.4241505820974,0.152899235618373,0.422134205390957,0.36220527421313,0.717198638523994,0.992301441166631,"Gene2710"
28.4214218408536,0.0418862374145052,0.418616738253968,0.100058677990782,0.9202977408268,0.997961010251689,"Gene2711"
22.2717320861926,0.0214412905831126,0.472513344258198,0.0453771112364529,0.963806724778236,0.999029830702133,"Gene2712"
2.80239748433116,1.19545576492246,0.883540390029746,1.35302899382133,0.176046367941355,0.973542272845075,"Gene2713"
113.534498919894,0.324625830206916,0.409101435183979,0.793509389818999,0.427481100769159,0.992301441166631,"Gene2714"
29.6992148345446,-0.648990375524402,0.509903200112358,-1.2727717248713,0.203099057402185,0.973542272845075,"Gene2715"
42.5119088063554,0.791994589580176,0.391138450487476,2.02484462622663,0.0428833210609838,0.902188581367456,"Gene2716"
89.0705344131578,0.253773947024599,0.388978160540666,0.65241181322844,0.514135545605182,0.992301441166631,"Gene2717"
69.6400128353183,0.276735274324065,0.482395249446495,0.573669153337629,0.566191705991979,0.992301441166631,"Gene2718"
70.3005321084762,-0.864125000113451,0.368164394589807,-2.3471172465665,0.0189193002912236,0.902188581367456,"Gene2719"
21.813293552922,0.0521912464609054,0.384288376880878,0.135812711496824,0.891969341853907,0.997961010251689,"Gene2720"
363.342810004008,0.217154315314731,0.341880284925684,0.635176478111147,0.525313322404916,0.992301441166631,"Gene2721"
55.0398669214768,0.49244361873525,0.373644314422236,1.3179475766859,0.187521197537136,0.973542272845075,"Gene2722"
69.8314773066931,0.475171500434301,0.358269271498159,1.32629711291537,0.184741302782979,0.973542272845075,"Gene2723"
155.48005403446,0.333922302321296,0.330097718195518,1.01158621800443,0.311735938266309,0.992301441166631,"Gene2724"
96.7727220615978,0.164025630227263,0.474142621049259,0.345941543631494,0.72938664666783,0.993191638049143,"Gene2725"
19.8555312841126,-0.445753634735129,0.491530431190681,-0.906868845648758,0.364476157796855,0.992301441166631,"Gene2726"
33.5330512004847,-0.365486203705619,0.445980550948026,-0.819511530107538,0.41249462629535,0.992301441166631,"Gene2727"
21.191883881539,-0.265192374951406,0.461895484618397,-0.574139353560685,0.565873504690633,0.992301441166631,"Gene2728"
5.84300183613685,-1.2748240745645,0.626483806825737,-2.03488751133692,0.0418621928895978,0.902188581367456,"Gene2729"
41.934846811191,0.566406667838463,0.335802481757719,1.68672567538415,0.0916561127144821,0.970461399702398,"Gene2730"
108.66713177356,0.223073064498306,0.29623078977709,0.753038077730426,0.451427032733397,0.992301441166631,"Gene2731"
26.2957530413534,-0.371386934266553,0.43031798479152,-0.86305231803519,0.388108702427066,0.992301441166631,"Gene2732"
99.6873709561523,-0.320764471111652,0.327082208405739,-0.980684558402363,0.326748320982036,0.992301441166631,"Gene2733"
110.844429904571,0.709375622874945,0.398717017944122,1.77914558684415,0.0752158965207621,0.937046219552397,"Gene2734"
50.0776424830095,0.00996067151352983,0.351228139592586,0.0283595486542846,0.977375386711715,0.999029830702133,"Gene2735"
31.7709352567853,-0.163291134730594,0.418498750455891,-0.390183087889063,0.696401166439798,0.992301441166631,"Gene2736"
21.5659180542748,0.282981906583882,0.430355418952853,0.657553952201735,0.51082479191142,0.992301441166631,"Gene2737"
38.1494608294767,0.574438681256642,0.400033458220992,1.43597659008638,0.151009002713063,0.973542272845075,"Gene2738"
348.616764197457,-0.50618793118592,0.276118722403016,-1.8332256747411,0.0667690172192585,0.937046219552397,"Gene2739"
66.9394705387911,0.347585438360805,0.381920879071733,0.910098026600742,0.362770815204549,0.992301441166631,"Gene2740"
31.4045410491036,0.154191651736763,0.449742241280464,0.34284449532195,0.73171544994075,0.993191638049143,"Gene2741"
33.5977044377701,-0.081782270422851,0.381223182343887,-0.214525963295376,0.830136922434562,0.997961010251689,"Gene2742"
39.9443435036915,-0.292798916618449,0.461419901709862,-0.634560658379576,0.525714993613793,0.992301441166631,"Gene2743"
70.4501832824291,0.084117821481642,0.306135306776175,0.274773342439535,0.783490379711697,0.993191638049143,"Gene2744"
276.851001704942,-0.0352840600546126,0.30461490483846,-0.115831692718136,0.907785932410241,0.997961010251689,"Gene2745"
28.7748198948215,-0.388326626385632,0.391258856291077,-0.992505652311003,0.320950923561295,0.992301441166631,"Gene2746"
174.47057554129,0.0156281825807677,0.392674539435366,0.0397993274614641,0.968253112416042,0.999029830702133,"Gene2747"
28.6558933093482,0.041795207895407,0.421354407308883,0.0991925257465459,0.920985409182721,0.997961010251689,"Gene2748"
73.0651459687573,-0.16894562653861,0.371757099443466,-0.454451648109822,0.649503785754918,0.992301441166631,"Gene2749"
38.3722718354996,0.961202410539612,0.410649044512623,2.34069072699393,0.0192481042891037,0.902188581367456,"Gene2750"
159.773599508915,-0.263002018027602,0.49342348727196,-0.533014793198613,0.594023340039652,0.992301441166631,"Gene2751"
280.783853581225,-0.112455963147077,0.3173038831868,-0.354410926262988,0.723030947326145,0.993191638049143,"Gene2752"
413.069795279851,-0.152429312542094,0.379904577072323,-0.401230524035186,0.68825040950553,0.992301441166631,"Gene2753"
129.403935837743,-0.232047301476988,0.396264528827884,-0.585586860785556,0.558153180102597,0.992301441166631,"Gene2754"
28.0835743929984,-0.0869254820968908,0.445872224299543,-0.1949560375362,0.845427364138766,0.997961010251689,"Gene2755"
59.9165663906386,-0.530318187069598,0.338766467710863,-1.56543884243651,0.117480046807093,0.973542272845075,"Gene2756"
70.5864339148853,0.461287694158781,0.311207335669718,1.48225199501191,0.13827325632152,0.973542272845075,"Gene2757"
3.65311651792871,0.590136839529872,0.756606955307257,0.779978078962039,0.435403778225236,0.992301441166631,"Gene2758"
245.975283030779,-0.46461417351236,0.351379728353519,-1.32225662444851,0.186082711227396,0.973542272845075,"Gene2759"
14.4805198860153,0.465037907192728,0.502651903696992,0.925168896750188,0.354878059660536,0.992301441166631,"Gene2760"
35.6803598420918,0.189864245253212,0.438108681411691,0.433372478813758,0.664744190950875,0.992301441166631,"Gene2761"
255.288164088779,-0.118766627381526,0.351465198304471,-0.337918598923812,0.735424531257725,0.993191638049143,"Gene2762"
77.5165241853916,0.24914091911197,0.396597933232518,0.628195202837589,0.529876072489339,0.992301441166631,"Gene2763"
81.182363892997,0.310522852460901,0.404291200023606,0.768067305058262,0.44244719982197,0.992301441166631,"Gene2764"
18.6483002657173,0.519104619265875,0.41171033617401,1.26084913021585,0.207363208876444,0.973542272845075,"Gene2765"
6.11112957897327,1.22963954355365,0.623042665860766,1.97360407389571,0.0484267801537768,0.918998076200182,"Gene2766"
22.0877243030815,0.309183572828971,0.401625990621504,0.769829592827195,0.441400983064212,0.992301441166631,"Gene2767"
90.1575151022106,0.778832063096322,0.355389818219689,2.19148670887041,0.0284165905142008,0.902188581367456,"Gene2768"
116.020613764579,-0.174015516247942,0.429839479351069,-0.404838374805996,0.685596318964948,0.992301441166631,"Gene2769"
56.1521033206007,-0.026698701004917,0.385154387717124,-0.069319477737654,0.9447353220366,0.997961010251689,"Gene2770"
34.4917361549408,0.217825590074523,0.421909777249732,0.516284764705963,0.605655535427121,0.992301441166631,"Gene2771"
86.0883783937604,-0.875179368724376,0.437137600646562,-2.00206838174047,0.0452773775288191,0.907767107168944,"Gene2772"
31.0681382299785,-0.419038123871711,0.417311745463702,-1.00413690347031,0.315312629870958,0.992301441166631,"Gene2773"
107.846296472799,0.443407788650769,0.399072308783967,1.11109635745436,0.266526875608465,0.992301441166631,"Gene2774"
15.006116884572,-0.0632364605958776,0.512258412851064,-0.123446407144246,0.901753610484352,0.997961010251689,"Gene2775"
500.075377068651,0.0653931385664354,0.344616102457698,0.189756480036978,0.849499960094444,0.997961010251689,"Gene2776"
1.21985755793706,1.22790046972859,1.26920663233984,0.967455131765971,0.333316560780078,0.992301441166631,"Gene2777"
362.623559012515,-0.0132810269337195,0.344499670431334,-0.0385516390105419,0.969247860081487,0.999029830702133,"Gene2778"
25.8008112276832,-0.216936094038766,0.422357900429942,-0.513630960419907,0.607510029314429,0.992301441166631,"Gene2779"
263.437555725632,0.27230904923752,0.372645138261469,0.730746281859319,0.464934140494945,0.992301441166631,"Gene2780"
8.5261512489817,0.167555948999595,0.534098236396797,0.313717472894092,0.753735628820364,0.993191638049143,"Gene2781"
35.2443746213248,-0.0239384510351217,0.346669271802745,-0.069052705221427,0.944947666882102,0.997961010251689,"Gene2782"
70.7819589693499,0.316437441072738,0.351800429533578,0.899479973609685,0.368397058156267,0.992301441166631,"Gene2783"
11.2236454029463,0.513335850567235,0.503767268281048,1.0189940531842,0.308205789772711,0.992301441166631,"Gene2784"
26.5391107405188,0.161111966793233,0.423683117794128,0.380265250199368,0.703748527795795,0.992301441166631,"Gene2785"
95.7615436148341,0.507565264141571,0.441880675176133,1.14864779714401,0.25070123957676,0.992301441166631,"Gene2786"
108.248868830577,-0.26885025355707,0.305778840170247,-0.879231059308692,0.379276007138839,0.992301441166631,"Gene2787"
10.965780418615,-0.0596174204155401,0.536134409103673,-0.111198646091771,0.91145882523797,0.997961010251689,"Gene2788"
17.4321774241994,-0.053469832492472,0.429670223426303,-0.124443886444095,0.900963827026939,0.997961010251689,"Gene2789"
61.4586286448878,-0.961931482186851,0.350044252492404,-2.74802821454046,0.00599548495819921,0.643108662138178,"Gene2790"
297.994846741274,-0.665594486976972,0.361811001369563,-1.83961926104374,0.0658241545677841,0.937046219552397,"Gene2791"
155.267019533402,-0.0108844428550601,0.327348388880382,-0.0332503327488117,0.973474960560843,0.999029830702133,"Gene2792"
7.4124271034048,0.52616751983,0.614281828757942,0.856557194429621,0.391689651109644,0.992301441166631,"Gene2793"
24.5198931027376,0.662174226892629,0.406206293215552,1.63014270815654,0.10307133916738,0.973542272845075,"Gene2794"
5.47780938847547,-1.14259976463415,0.631429990330215,-1.80954307228361,0.0703666748988773,0.937046219552397,"Gene2795"
132.466023405624,-0.251548892732465,0.325599635429868,-0.7725711744129,0.439776209469857,0.992301441166631,"Gene2796"
17.4216432180038,-0.0966498018514365,0.446536866089385,-0.216443051383108,0.828642411336407,0.997961010251689,"Gene2797"
54.1985583135194,0.520430085886179,0.368072170278317,1.41393489622608,0.157381018740639,0.973542272845075,"Gene2798"
91.8779664725746,0.265730017780658,0.463626543123646,0.573155315893529,0.566539536321972,0.992301441166631,"Gene2799"
52.4620803677917,-0.24927570116908,0.366931648064888,-0.679351869711164,0.496914938231745,0.992301441166631,"Gene2800"
24.7113863894672,0.50307121001184,0.495473588569694,1.01533405940785,0.309946614104479,0.992301441166631,"Gene2801"
63.8199370143435,0.199713124929809,0.355829023231262,0.5612614820349,0.574619295506222,0.992301441166631,"Gene2802"
11.3353571606083,0.86723303147726,0.490309651780131,1.76874558420105,0.0769363414078392,0.937046219552397,"Gene2803"
956.22680047374,-0.122650449894186,0.359764209437837,-0.340918987149495,0.733164570507911,0.993191638049143,"Gene2804"
2.56239534016844,-0.692658477899377,0.875470083584279,-0.791184634275053,0.428836256747558,0.992301441166631,"Gene2805"
845.139156935078,-0.0987114117970706,0.36372675381021,-0.271388922489264,0.786091921035048,0.993191638049143,"Gene2806"
89.0436553809408,-0.390994844973014,0.388242159272063,-1.0070901256734,0.313891465908683,0.992301441166631,"Gene2807"
14.1155412780894,-0.549662200785638,0.503538539489132,-1.09159906874914,0.275009365643943,0.992301441166631,"Gene2808"
86.5473451613138,0.511676889616157,0.379909355771044,1.34683940219815,0.178031961519846,0.973542272845075,"Gene2809"
37.9075153248652,-0.341803824479316,0.399934618509246,-0.854649256804495,0.392745350047733,0.992301441166631,"Gene2810"
616.181912227089,0.694765919360577,0.370453903163089,1.87544499714641,0.0607315296723314,0.937046219552397,"Gene2811"
640.56906421511,-0.0005741889857521,0.279017854994605,-0.00205789334077994,0.998358039834542,0.999358900024853,"Gene2812"
123.272661116723,-0.615914721836436,0.381406526764265,-1.61485102801377,0.106342959602947,0.973542272845075,"Gene2813"
37.9962735206269,-0.464159793075343,0.364583221360789,-1.27312439487174,0.202973903644142,0.973542272845075,"Gene2814"
65.0958342609022,0.154750445965428,0.369081901200816,0.419284840199274,0.675007974482394,0.992301441166631,"Gene2815"
19.5114794165175,-0.393907106238395,0.446388758009688,-0.882430614952553,0.377543986010631,0.992301441166631,"Gene2816"
14.9947586141799,0.0271695704271822,0.466324533254256,0.058263223334142,0.953538961256687,0.999029830702133,"Gene2817"
34.7653471139541,-0.165947297111498,0.423460164153792,-0.391884080626836,0.695143865946152,0.992301441166631,"Gene2818"
325.071310425351,-0.733193039387831,0.298225976042435,-2.45851501307017,0.0139512943230709,0.857253377328387,"Gene2819"
31.3877219244815,0.316104414221027,0.425191727552094,0.743439709048192,0.457215510745488,0.992301441166631,"Gene2820"
68.0570719250674,-0.00457878268088573,0.400641611381537,-0.0114286248627462,0.990881475171595,0.999029830702133,"Gene2821"
247.694801011821,-0.171177653396585,0.295988295476371,-0.57832575143246,0.563044211710747,0.992301441166631,"Gene2822"
82.293920515647,0.121262657664595,0.395582068141558,0.306542352221087,0.759191738414741,0.993191638049143,"Gene2823"
105.355028932491,-0.444670855440358,0.37212811767728,-1.19494022170608,0.232110386596471,0.987272506992871,"Gene2824"
29.6260531687224,0.135737777998742,0.374645630098436,0.362309785818342,0.717120546220293,0.992301441166631,"Gene2825"
69.8853096399271,0.00915769338156725,0.365776048101422,0.0250363396649417,0.980025977824573,0.999029830702133,"Gene2826"
18.749782753518,0.0025124600311487,0.446504508714185,0.00562695332771425,0.995510364507729,0.999029830702133,"Gene2827"
20.4642376073022,0.850379713505643,0.418859941516782,2.03022449563029,0.0423337249968653,0.902188581367456,"Gene2828"
12.3092477717231,0.147923444657207,0.576764095359149,0.256471312703845,0.797586928957167,0.993191638049143,"Gene2829"
34.9835548898731,0.23791998962909,0.460980191980672,0.516117598473876,0.605772277329513,0.992301441166631,"Gene2830"
60.7444327243642,-0.188585018444334,0.337958141879617,-0.558012946205361,0.576835543826488,0.992301441166631,"Gene2831"
36.5279838846329,-0.246155121240441,0.374401970373947,-0.657462141544247,0.510883806142338,0.992301441166631,"Gene2832"
17.0497464026423,0.209546219584644,0.427503340086412,0.490162765844794,0.624018726289394,0.992301441166631,"Gene2833"
18.311261809496,-0.377603143801859,0.485574038790906,-0.777642776665125,0.436779635573478,0.992301441166631,"Gene2834"
11.9183683468089,0.296860341933782,0.525271399844283,0.565156111720126,0.571967585434946,0.992301441166631,"Gene2835"
100.43185170264,-0.487854770195767,0.313488977346004,-1.55621028313641,0.119658096920863,0.973542272845075,"Gene2836"
90.7920507655322,-0.0992832854490461,0.360090660771291,-0.275717468585238,0.782765077521164,0.993191638049143,"Gene2837"
10.3871649979968,0.884094649021262,0.556988778555387,1.58727551264903,0.112450258739023,0.973542272845075,"Gene2838"
5.09773334873116,-1.31832757585966,0.74955473262439,-1.75881429131111,0.078609056580242,0.937046219552397,"Gene2839"
54.2120897361255,-0.353702902916671,0.340258396072788,-1.03951263803938,0.298566383492647,0.992301441166631,"Gene2840"
26.8064370902936,-0.472313555480625,0.480971239755392,-0.98199958010136,0.326100055075442,0.992301441166631,"Gene2841"
16.0076430194815,-0.011854156354824,0.54488046553258,-0.0217555172275032,0.982642977889773,0.999029830702133,"Gene2842"
175.146839547309,0.308734669120795,0.417884529794573,0.738803777379761,0.460026157758607,0.992301441166631,"Gene2843"
45.1283213201108,-0.131358253439716,0.419488191110803,-0.31313933556003,0.754174805325965,0.993191638049143,"Gene2844"
57.777251563312,0.446414961598394,0.447401204309699,0.997795619006376,0.318378475001517,0.992301441166631,"Gene2845"
109.492162607028,-0.0789259719096463,0.363115672569975,-0.217357657275001,0.827929626939872,0.997961010251689,"Gene2846"
91.1110329140639,-0.16914069755143,0.360415001531291,-0.469294276966287,0.638859305432685,0.992301441166631,"Gene2847"
35.3236502150547,-0.213855809561226,0.388370603047987,-0.550648807821332,0.581874443687152,0.992301441166631,"Gene2848"
12.2893647324072,-0.139769876600088,0.500041437592864,-0.279516588211013,0.779848409583265,0.993191638049143,"Gene2849"
226.737652884016,-0.23349986328085,0.344180584695669,-0.678422530682012,0.497503827593264,0.992301441166631,"Gene2850"
8.1666605451671,-0.384751763003307,0.591463965800859,-0.650507529198912,0.515364439889437,0.992301441166631,"Gene2851"
361.584804838087,-0.221885395943486,0.349273236923269,-0.635277406016171,0.525247506701509,0.992301441166631,"Gene2852"
30.0432396163427,0.271222960460197,0.461848174853816,0.587255672377713,0.557032007199873,0.992301441166631,"Gene2853"
651.434221304934,0.266244457336713,0.344591163740062,0.772638666781228,0.439736254063334,0.992301441166631,"Gene2854"
32.7748843445114,-0.0954209049810813,0.47246400236344,-0.201964392003942,0.839944561581483,0.997961010251689,"Gene2855"
24.995607592877,-0.849572810113004,0.398157837497945,-2.13375885164483,0.0328625258180847,0.902188581367456,"Gene2856"
71.1213135074828,-0.213716778223649,0.475598684208358,-0.449363686906292,0.653169322293739,0.992301441166631,"Gene2857"
187.536744695037,0.801283237040049,0.350582455570098,2.28557711405451,0.0222790103174018,0.902188581367456,"Gene2858"
7.1930974522124,-0.0434889980758872,0.6024432828762,-0.0721877051533563,0.942452529512687,0.997961010251689,"Gene2859"
40.4166856931164,-0.050318948986338,0.418682170645036,-0.120184121785781,0.904337295579123,0.997961010251689,"Gene2860"
74.8998687665158,0.167986901797082,0.45265773461471,0.371112407788786,0.710553809815934,0.992301441166631,"Gene2861"
59.2652837384842,0.318699569388435,0.413045908333389,0.771583891665614,0.440360917858655,0.992301441166631,"Gene2862"
69.8916533960998,0.438328935013733,0.392505933543552,1.11674473569479,0.264103484261219,0.992301441166631,"Gene2863"
38.5190432597348,0.26055168865131,0.360261874888941,0.723228592344473,0.469539455238615,0.992301441166631,"Gene2864"
14.108917168729,-0.047348747049403,0.478370060209475,-0.0989793279049891,0.921154683436537,0.997961010251689,"Gene2865"
1834.36648287002,-0.0129728110241549,0.294785282293309,-0.0440076618589358,0.964898296505769,0.999029830702133,"Gene2866"
10.7058137553181,0.19696219231154,0.551194926603599,0.357336729358521,0.720839736563395,0.993191638049143,"Gene2867"
182.278543746616,-0.323752566765755,0.430257236263863,-0.752462804756194,0.45177278989858,0.992301441166631,"Gene2868"
13.4965857577768,0.829172612943048,0.51846919863891,1.59927072836689,0.109760460644897,0.973542272845075,"Gene2869"
4.99607413952777,0.950844474948187,0.652473443828852,1.45729222229863,0.145035732859454,0.973542272845075,"Gene2870"
61.5855637347999,-0.0459522749273846,0.405993821260988,-0.113184665679542,0.909884152555928,0.997961010251689,"Gene2871"
559.743075568718,0.168362637938597,0.343472668627779,0.490177686076825,0.624008169244828,0.992301441166631,"Gene2872"
126.593092343993,-0.0366740320064931,0.367655660377292,-0.0997510332599202,0.920541983867832,0.997961010251689,"Gene2873"
7.05516169197702,0.92822264608506,0.640375320581568,1.44949784329927,0.147198602192789,0.973542272845075,"Gene2874"
22.2792496443124,0.113070364363799,0.410601135522222,0.275377622178251,0.783026134629536,0.993191638049143,"Gene2875"
19.3922364990329,0.427256594314497,0.450848068447456,0.947673116989946,0.343295890710554,0.992301441166631,"Gene2876"
12.177106724071,0.119430951528682,0.458444444174662,0.260513466890614,0.794467728770057,0.993191638049143,"Gene2877"
162.744809300465,0.408173955377391,0.365035077266092,1.11817735006286,0.263491255894623,0.992301441166631,"Gene2878"
1349.50864408532,0.145782944824304,0.43604991745409,0.334326275476597,0.738133365076087,0.993191638049143,"Gene2879"
9.86249881335086,0.25556623318251,0.536674052325131,0.476203818826853,0.633929179133604,0.992301441166631,"Gene2880"
125.932406593929,-0.194877899666207,0.401379561422482,-0.485520236694572,0.62730736130914,0.992301441166631,"Gene2881"
12.9171238749744,0.333703529541552,0.490377850030721,0.680502860234503,0.496186111385041,0.992301441166631,"Gene2882"
166.791133673089,0.569098498475606,0.309480924761206,1.83888069649113,0.065932735625297,0.937046219552397,"Gene2883"
86.066941507739,0.130995512778956,0.368424904923624,0.355555531204146,0.722173451012392,0.993191638049143,"Gene2884"
49.8572817964602,-0.0862099672594107,0.340902672782629,-0.252887331612038,0.800355279269503,0.993191638049143,"Gene2885"
153.131411198852,-0.209866630727148,0.410600187423578,-0.511121614541904,0.609265901730693,0.992301441166631,"Gene2886"
738.428579105996,0.152958130194028,0.372895758964111,0.410190050482041,0.681666538913464,0.992301441166631,"Gene2887"
248.905736513624,0.0620522289500059,0.285176483229833,0.217592377348998,0.827746724191259,0.997961010251689,"Gene2888"
47.7306600208074,0.770189346123813,0.35658273307078,2.1599176704132,0.0307790435735234,0.902188581367456,"Gene2889"
136.79400880565,0.140797931154476,0.389420755973699,0.361557336106617,0.717682851464551,0.992301441166631,"Gene2890"
14.1314416408933,0.00412149876599568,0.453004077639849,0.00909814937531841,0.99274082722963,0.999029830702133,"Gene2891"
77.6420400316357,0.320064393471487,0.333178891045774,0.960638269930235,0.336734079319637,0.992301441166631,"Gene2892"
145.585100436523,0.685481379696163,0.402018118465812,1.70510071116224,0.0881756430235012,0.956993256075717,"Gene2893"
93.402783025767,-0.311019547334958,0.41032498638725,-0.75798344642222,0.448460892642172,0.992301441166631,"Gene2894"
26.2559596658352,0.704994218165673,0.401320706491616,1.75668538094832,0.078971450704209,0.937046219552397,"Gene2895"
64.2863035947878,0.0669350884005755,0.388073061365081,0.172480635901718,0.863059683530491,0.997961010251689,"Gene2896"
26.4769394773096,0.66888197568909,0.376511973236517,1.77652245674778,0.0756468438769593,0.937046219552397,"Gene2897"
76.0550681203571,-0.0593796143842706,0.341223329574708,-0.174019796531145,0.861849904220052,0.997961010251689,"Gene2898"
36.0577723243056,0.33558751733447,0.363398549339474,0.923469611930057,0.355762529430389,0.992301441166631,"Gene2899"
35.4672981906531,-0.284533198526471,0.384524554908901,-0.739961063328922,0.459323620607447,0.992301441166631,"Gene2900"
24.6710290554154,0.891469113475193,0.470964485853662,1.89285846439001,0.0583766941595652,0.937046219552397,"Gene2901"
223.519276161197,0.133144099287786,0.303727250468659,0.43836731502472,0.661120036004918,0.992301441166631,"Gene2902"
79.5168947258927,-0.285675457654663,0.361460795877144,-0.790335939369092,0.429331603231514,0.992301441166631,"Gene2903"
21.3275554754944,-0.511287415575267,0.401883086102898,-1.2722292459065,0.203291679306487,0.973542272845075,"Gene2904"
62.6100246555228,-0.873337752482636,0.357599986566881,-2.44221975752032,0.0145972579039098,0.857374236297289,"Gene2905"
27.3385007104184,0.0319496645508776,0.427011809086993,0.0748215011177094,0.940356734348696,0.997961010251689,"Gene2906"
49.9248951368119,0.118567684120264,0.415826402929098,0.285137459490472,0.775538832195243,0.993191638049143,"Gene2907"
506.805630945289,0.122008670909643,0.378021270025692,0.322756100209257,0.746879962028797,0.993191638049143,"Gene2908"
19.4777742974475,0.076500620907794,0.432809650559679,0.176753500780005,0.85970201486532,0.997961010251689,"Gene2909"
69.934623685513,0.509705908551502,0.342071333782527,1.4900573600112,0.136209154516727,0.973542272845075,"Gene2910"
11.1072997139174,0.101809850481506,0.501395479193847,0.203052988521553,0.839093615930013,0.997961010251689,"Gene2911"
121.513165295158,-0.238939891640411,0.471138042829262,-0.507154740053546,0.612046248958405,0.992301441166631,"Gene2912"
10.0060347632893,-0.348577548645147,0.550519795726944,-0.633178954418634,0.526616787426407,0.992301441166631,"Gene2913"
3.53014158419475,-0.294826945729246,0.744560469053691,-0.395974481567575,0.692123853616892,0.992301441166631,"Gene2914"
118.501434054823,-0.421577746173304,0.342836595873016,-1.22967545252798,0.218818662673455,0.973542272845075,"Gene2915"
20.4901808362042,-0.409406680129793,0.414429747324549,-0.987879568908401,0.323211632648877,0.992301441166631,"Gene2916"
5.61038192744832,0.131640005769299,0.606130779116127,0.21718086311548,0.828067397789588,0.997961010251689,"Gene2917"
7.80501272291118,-0.541300564422334,0.541706235830035,-0.999251122876444,0.31767305624451,0.992301441166631,"Gene2918"
212.608683262954,0.301115262706997,0.418554893332921,0.719416419455137,0.471884383048818,0.992301441166631,"Gene2919"
58.2716070815169,0.0888105625695907,0.357171069797113,0.248649932986002,0.803631580269606,0.994332258858985,"Gene2920"
76.9153247072074,0.1826026114658,0.381661934510183,0.478440721892134,0.632336555786327,0.992301441166631,"Gene2921"
151.599386604741,0.579671705152279,0.357243994104419,1.62262127486696,0.104670389723703,0.973542272845075,"Gene2922"
66.9504019135356,-0.593452666127182,0.364599512364772,-1.62768365288829,0.103591981084862,0.973542272845075,"Gene2923"
48.7405796030912,-0.505589769328024,0.326802378163366,-1.54708105910809,0.121843700636847,0.973542272845075,"Gene2925"
10.3984910113228,0.664353171702938,0.592923966520023,1.12046941803035,0.26251377766972,0.992301441166631,"Gene2926"
16.5648172656079,0.388262330866578,0.45109101773195,0.860718381888273,0.389393166524356,0.992301441166631,"Gene2927"
6.94226369697154,-0.350722608918567,0.573307692641747,-0.611752839565907,0.540701296306471,0.992301441166631,"Gene2928"
63.1198583678404,0.0577846032011606,0.384006423227565,0.150478220430488,0.880387332654986,0.997961010251689,"Gene2929"
863.291375479436,-0.41247210509433,0.421809153893407,-0.977864281244507,0.328141453194248,0.992301441166631,"Gene2930"
86.7747153090536,0.446804477276738,0.344368883964951,1.29745891130574,0.194473333914987,0.973542272845075,"Gene2931"
617.846331166818,-0.268873485412405,0.301779074496043,-0.890961329447413,0.372949916448159,0.992301441166631,"Gene2932"
34.9975408752016,0.525656511561498,0.41609010396846,1.2633237525912,0.206472853401006,0.973542272845075,"Gene2933"
27.796126895861,0.36083660901605,0.420853310618318,0.857392825271848,0.391227823124533,0.992301441166631,"Gene2934"
152.810918186876,-0.572485522192445,0.379361776490304,-1.50907539364889,0.131279516929749,0.973542272845075,"Gene2935"
13.9882637898126,0.379382561344958,0.484949907903443,0.782312884613427,0.434030716500611,0.992301441166631,"Gene2936"
12.6515741419457,-0.275732894214242,0.494319736330631,-0.557802721495658,0.576979104114915,0.992301441166631,"Gene2937"
1.70779026214964,0.00294937868270298,1.05861999253779,0.00278605987369702,0.997777048717111,0.999358900024853,"Gene2938"
4.02005441413076,0.811022223936479,0.730330096482769,1.1104872000241,0.266789140807952,0.992301441166631,"Gene2939"
31.9208134374376,-0.259086858398177,0.388524853633617,-0.666847579955589,0.504869497285833,0.992301441166631,"Gene2940"
68.8799155228725,0.0981563014521508,0.4567074219319,0.214921625396285,0.82982842422067,0.997961010251689,"Gene2941"
40.0049350191542,0.501673375338872,0.459236124485235,1.09240834636257,0.274653656061444,0.992301441166631,"Gene2942"
6.34405180020148,0.566366863572016,0.605239073109838,0.935773793753782,0.349389667025671,0.992301441166631,"Gene2943"
14.5025858980647,0.369127690093372,0.458678575511378,0.804763313136729,0.420956276027175,0.992301441166631,"Gene2944"
15.6951309158992,-0.654211530972619,0.496065087623513,-1.31880180100304,0.187235382012074,0.973542272845075,"Gene2945"
151.171563706736,0.122127840772832,0.365976885007183,0.333703700359205,0.738603157017336,0.993191638049143,"Gene2946"
62.5634561845855,0.295389182080738,0.38977927758944,0.757837060778473,0.44854853279036,0.992301441166631,"Gene2947"
22.2810789692015,0.498194348912385,0.43702043963837,1.13997951520216,0.25429483551118,0.992301441166631,"Gene2948"
9.0127420151807,-0.386849792734031,0.577907946854651,-0.669396908001555,0.503242323487223,0.992301441166631,"Gene2949"
42.2537221076414,0.794934061859475,0.390819097621807,2.03402051408636,0.0419495271636231,0.902188581367456,"Gene2950"
7.43076191256629,0.335827610889772,0.547372448890873,0.613526697535199,0.539528135511102,0.992301441166631,"Gene2951"
19.7211356291423,-0.688719933371811,0.466668251914164,-1.47582341534236,0.139991303094124,0.973542272845075,"Gene2952"
39.3039345553252,0.440417824584276,0.393411955767272,1.11948256306885,0.262934325671844,0.992301441166631,"Gene2953"
209.220107797189,0.359410010654798,0.42180065744936,0.852084993959376,0.394166920048309,0.992301441166631,"Gene2954"
145.920858579167,0.518993173911824,0.390562415250078,1.32883542718649,0.183902271310007,0.973542272845075,"Gene2955"
57.7013837687937,-0.889346478525945,0.396238896718799,-2.2444704088632,0.0248021507715731,0.902188581367456,"Gene2956"
43.6906610985738,-0.462600060183316,0.447130173685859,-1.03459817164637,0.30085660822151,0.992301441166631,"Gene2957"
31.5744479407732,-0.00630493428272895,0.416065604652168,-0.0151537022340501,0.98790955768105,0.999029830702133,"Gene2958"
100.581985656062,-0.187674682450017,0.363795410826124,-0.515879741373967,0.605938404138244,0.992301441166631,"Gene2959"
7.07411707186911,0.20446730167373,0.558198119163579,0.366298800827402,0.714142124313414,0.992301441166631,"Gene2960"
38.0038047881731,-0.348981909330539,0.367113446477988,-0.950610533824355,0.341802119289982,0.992301441166631,"Gene2961"
216.606154228727,-0.253939912414805,0.381083923390883,-0.666362175961792,0.505179632733914,0.992301441166631,"Gene2962"
18.8784499364687,-0.241188754392472,0.47951403898017,-0.502985803930646,0.61497425305425,0.992301441166631,"Gene2963"
7.43402589758817,0.0526732636557644,0.568401570044219,0.0926691030281051,0.926166443569926,0.997961010251689,"Gene2964"
50.5296308748639,-0.119700345543763,0.454041658013219,-0.263632958410787,0.792062759563433,0.993191638049143,"Gene2965"
78.5092833372385,-0.165258133326901,0.371449186848929,-0.444901050205052,0.656391263657627,0.992301441166631,"Gene2966"
481.483176628642,-0.371129567833656,0.386998971667515,-0.958993679581419,0.337561929246239,0.992301441166631,"Gene2967"
18.1506205954236,-0.523683787810085,0.423833548982653,-1.23558833194566,0.216611624029226,0.973542272845075,"Gene2968"
29.3580424494013,-0.226657957847312,0.486643596063227,-0.465757609225506,0.641389011087591,0.992301441166631,"Gene2969"
270.546827754133,-0.195297794408243,0.440739684536049,-0.443113704666341,0.657683492929752,0.992301441166631,"Gene2970"
40.7301639810167,-0.168171478933027,0.41485164946834,-0.405377390082815,0.685200127991009,0.992301441166631,"Gene2971"
73.5439067403416,-0.420754673494083,0.357131148862589,-1.17815170934858,0.23873613039844,0.992301441166631,"Gene2972"
104.429680455794,-0.400515251469614,0.466434244332083,-0.858674628495894,0.390520051961511,0.992301441166631,"Gene2973"
223.540317796268,0.00401430820445521,0.324593533522449,0.0123671847707267,0.99013266574177,0.999029830702133,"Gene2974"
171.955303089083,-0.336515964375452,0.338246906756956,-0.994882606915463,0.3197933631195,0.992301441166631,"Gene2975"
53.1014905042702,0.470791803794536,0.400873415747208,1.17441512782035,0.24022878880199,0.992301441166631,"Gene2976"
8.17791298923328,0.575427438667626,0.592773797526311,0.970736967573343,0.33167927803249,0.992301441166631,"Gene2977"
54.0227183360704,0.116163451100053,0.339564271346602,0.342095623427595,0.732278930982551,0.993191638049143,"Gene2978"
145.301812723244,-1.12931968065767,0.415759436239916,-2.71628153739844,0.00660197499615988,0.643108662138178,"Gene2979"
226.872381049006,0.242717563482697,0.43395014792844,0.559321306010297,0.575942457100427,0.992301441166631,"Gene2980"
134.102329676859,0.268572210978725,0.366890714242061,0.732022372202997,0.464154912746974,0.992301441166631,"Gene2981"
6.07976944644465,-0.830322672179241,0.64495358499462,-1.28741461633424,0.197949812497847,0.973542272845075,"Gene2982"
64.0811864200944,0.60375507387462,0.36344406927657,1.66120491407766,0.0966722989827246,0.973542272845075,"Gene2983"
10.7001508899274,0.134135071809478,0.521079672100251,0.257417586966762,0.796856427787111,0.993191638049143,"Gene2984"
24.0327290070351,0.168923756502789,0.433302798025372,0.389851524782672,0.696646340902931,0.992301441166631,"Gene2985"
17.9260034862734,0.0653380062838676,0.441341050001195,0.148044253494414,0.882307843772907,0.997961010251689,"Gene2986"
361.922258585249,0.215364731098474,0.353829543261351,0.608668030129407,0.542744501801174,0.992301441166631,"Gene2987"
33.5209372719607,0.0554848093629569,0.387181166388745,0.143304515249195,0.886049689986769,0.997961010251689,"Gene2988"
506.327828903931,-0.534079911435003,0.354897752284012,-1.50488389401688,0.132353929785411,0.973542272845075,"Gene2989"
4.88626734651914,0.441944336280852,0.70955775021394,0.622844773589747,0.533386532494087,0.992301441166631,"Gene2990"
24.800149099559,-0.454407425105931,0.446559411034663,-1.01757440080164,0.30888025801189,0.992301441166631,"Gene2991"
157.354502590691,0.0472415760655103,0.366887810537581,0.12876300250011,0.897545181488929,0.997961010251689,"Gene2992"
32.1929315049688,0.0704431069779457,0.374852095711008,0.187922404019995,0.850937479749205,0.997961010251689,"Gene2993"
531.196477055072,-0.106906361665085,0.418772585402117,-0.255285005255133,0.79850298042806,0.993191638049143,"Gene2994"
23.6371311686039,0.302617129955025,0.400694917473107,0.755230767246592,0.450110530920142,0.992301441166631,"Gene2995"
5.48710212533691,0.0671888755901051,0.63706744440547,0.105465875206993,0.916006146579999,0.997961010251689,"Gene2996"
59.9158252000564,-0.185662357082244,0.419659935174632,-0.442411442028614,0.658191500700663,0.992301441166631,"Gene2997"
28.0295542621012,0.408506370690363,0.421331253451273,0.969561045719117,0.332265337797343,0.992301441166631,"Gene2998"
43.8578798071841,0.422696493891395,0.325524150785962,1.29851039583642,0.194112006367101,0.973542272845075,"Gene2999"
22.089641354857,-0.170442444485468,0.473023720531548,-0.36032536443191,0.718603833394204,0.992301441166631,"Gene3000"
16.5864593794196,0.434310263123119,0.452277660264854,0.960273525048277,0.336917570946645,0.992301441166631,"Gene3001"
26.0556228389517,0.0594747128036644,0.403833935083053,0.147275173374008,0.882914827559282,0.997961010251689,"Gene3002"
40.0464031753024,0.361378515152285,0.370127334427118,0.976362677216545,0.328884770069908,0.992301441166631,"Gene3003"
13.0332255229164,0.634302252773605,0.500644350617853,1.26697175747774,0.205165388632273,0.973542272845075,"Gene3004"
217.661795267245,-0.185900109102237,0.353463311155535,-0.5259389114375,0.59893065206934,0.992301441166631,"Gene3005"
18.9132814245335,0.589899766334154,0.450727074119199,1.30877375734955,0.190610998796499,0.973542272845075,"Gene3006"
250.619924161686,-0.176859409189911,0.372164921082478,-0.47521783803669,0.634631714042035,0.992301441166631,"Gene3007"
9.49367878937771,0.679809554514931,0.547767240597232,1.2410555143344,0.21458524169843,0.973542272845075,"Gene3008"
133.227932516194,-0.158904305744488,0.403644566051673,-0.393673838592307,0.693821858631,0.992301441166631,"Gene3009"
18.9882346889407,0.112834554884862,0.434674459605691,0.259584045925354,0.795184644075551,0.993191638049143,"Gene3010"
76.4080210683249,-0.0923375228165443,0.385014211963684,-0.239828868512661,0.810462926143942,0.995137961808069,"Gene3011"
130.121454632157,-0.412729932682139,0.374053381051279,-1.10339848158078,0.269854155801995,0.992301441166631,"Gene3012"
19.8523090280782,0.412340372439546,0.423405839789496,0.973865576923902,0.330123287483313,0.992301441166631,"Gene3013"
75.538377498821,0.280345735304296,0.404517306418601,0.693037679367395,0.488285905747478,0.992301441166631,"Gene3014"
49.3473616880286,-0.230643219859506,0.337060654947263,-0.684278086077986,0.493799582029369,0.992301441166631,"Gene3015"
15.2363336468253,-0.576710111209966,0.474915978520407,-1.21434135150958,0.224617401127439,0.979159093187334,"Gene3016"
96.9474104832126,-0.789096482572331,0.389172298447539,-2.02762757195243,0.042598272788175,0.902188581367456,"Gene3017"
3.29586546764271,-0.315831271770612,0.774255221225045,-0.407916231124532,0.68333517601428,0.992301441166631,"Gene3018"
284.855767162818,0.535699937728691,0.391330804218971,1.36891839833017,0.171024783970995,0.973542272845075,"Gene3019"
176.573578571837,0.385747969361013,0.430765384122656,0.895494353954808,0.370522882622027,0.992301441166631,"Gene3020"
43.1792233495468,0.382608069001588,0.432636212403631,0.884364410634752,0.376499528338579,0.992301441166631,"Gene3021"
31.7920831077188,-0.38611935726891,0.371246852621858,-1.04006095820616,0.298311580742272,0.992301441166631,"Gene3022"
69.2557317621337,-0.657195491974422,0.360329751059718,-1.82387241142768,0.0681713634155476,0.937046219552397,"Gene3023"
34.2286272820089,0.0552662342288391,0.367551236598133,0.150363347271948,0.880477957100177,0.997961010251689,"Gene3024"
37.921447245493,-0.358299479882825,0.345534726244339,-1.03694202830849,0.299762875312093,0.992301441166631,"Gene3025"
60.0302868389905,-0.0974441103540725,0.369128217060316,-0.263984452692627,0.791791898889799,0.993191638049143,"Gene3026"
44.9890292448188,0.0297187673537999,0.4345418153123,0.0683910415674068,0.945474352927947,0.998208978481157,"Gene3027"
478.682934464963,-0.0632838936522985,0.320241682125086,-0.197612919193885,0.843347926081786,0.997961010251689,"Gene3028"
33.3823280790126,0.471482578659298,0.375251051906434,1.25644572150822,0.208954413565297,0.973542272845075,"Gene3029"
15.717665813714,-0.197434059109155,0.422685199029578,-0.467094801432448,0.640432053365257,0.992301441166631,"Gene3030"
13.7614800339089,-0.538226318849303,0.462547464601014,-1.16361316413996,0.244580814144546,0.992301441166631,"Gene3031"
27.6468346270512,-0.191582451220366,0.462845373341617,-0.41392322847951,0.678930331764772,0.992301441166631,"Gene3032"
18.0455835884758,-0.348001214246553,0.451518665436148,-0.770734946052337,0.440864053769984,0.992301441166631,"Gene3033"
166.962469203661,-0.460018931463849,0.411420658786063,-1.11812307340419,0.263514433185904,0.992301441166631,"Gene3034"
71.3733489945494,0.100934012321847,0.3792292113687,0.266155689741198,0.790119306976755,0.993191638049143,"Gene3035"
54.3110970827582,-0.0357338675925869,0.327307770462189,-0.10917512756305,0.913063587698346,0.997961010251689,"Gene3036"
48.8490159975595,-0.0175379167428335,0.398222647804097,-0.0440404804687583,0.964872136406663,0.999029830702133,"Gene3037"
20.7230028692901,-0.76015398185302,0.428344126047254,-1.77463384141087,0.0759583656705388,0.937046219552397,"Gene3038"
1039.38767869485,-0.463327582914457,0.338778963888374,-1.36763976604852,0.171424862615504,0.973542272845075,"Gene3039"
171.813702427994,0.039928550131328,0.333356877576402,0.119777190204143,0.904659651419229,0.997961010251689,"Gene3040"
144.014881029012,-0.0784842061291578,0.429488011520708,-0.182738991599009,0.855002819993581,0.997961010251689,"Gene3041"
72.680320377059,0.289050490119995,0.328091068768177,0.881006883866845,0.378314094100816,0.992301441166631,"Gene3042"
66.9330109336543,-0.424522357567974,0.383070424510662,-1.1082096930617,0.267771265615408,0.992301441166631,"Gene3043"
107.423046675867,-0.493039770048205,0.331314579538279,-1.48813182545515,0.136716131894084,0.973542272845075,"Gene3044"
64.967835080231,0.119029586833913,0.335701334909899,0.354569894295654,0.722911833441352,0.993191638049143,"Gene3045"
140.066853780521,0.113324237441226,0.313710738164614,0.361237993013047,0.717921542639401,0.992301441166631,"Gene3046"
29.8993237793009,0.300636323887798,0.43038602000815,0.698527159135199,0.48484757913487,0.992301441166631,"Gene3047"
245.012760561582,0.382634657087944,0.392618925665175,0.974570078199069,0.329773561969728,0.992301441166631,"Gene3048"
5.84911343632594,-0.482852379688106,0.665234263664342,-0.725838108561016,0.467938021889979,0.992301441166631,"Gene3049"
482.88237439582,-0.0431919453295729,0.392941077733974,-0.109919648967865,0.912473099345216,0.997961010251689,"Gene3050"
46.1217950332847,0.219661455571888,0.393922341448569,0.557626294472478,0.577099597304664,0.992301441166631,"Gene3051"
75.7731542327763,-0.756206002540701,0.331437616489225,-2.28159377487342,0.022513334588386,0.902188581367456,"Gene3052"
50.8748918732964,0.028510259938405,0.401543452639087,0.0710016805180744,0.94339641800829,0.997961010251689,"Gene3053"
19.8594453087248,0.524349034593456,0.455869450709016,1.15021753218588,0.2500542869474,0.992301441166631,"Gene3054"
33.5892840465634,0.0827565341200615,0.448263582515292,0.184615787112794,0.853530402472065,0.997961010251689,"Gene3055"
349.215192007272,0.113269022998356,0.324399355748779,0.349165375920394,0.726965158330288,0.993191638049143,"Gene3056"
574.571562448016,0.365477562975755,0.339138801152072,1.07766366376896,0.281183879780653,0.992301441166631,"Gene3057"
16.4413842620874,-0.272123833325561,0.481230626124843,-0.565474885746291,0.571750801686057,0.992301441166631,"Gene3058"
86.0206641097449,0.0468029408096893,0.38505152597127,0.121549812565037,0.903255562427469,0.997961010251689,"Gene3059"
23.7706076749326,0.166571101062831,0.510857916723833,0.326061504793863,0.744377821477147,0.993191638049143,"Gene3060"
69.5391295305046,-0.155567117538608,0.350272151409671,-0.444132132436244,0.656947056232999,0.992301441166631,"Gene3061"
97.9300778686061,-0.276115302605513,0.376397591269437,-0.733573511122343,0.463208709952981,0.992301441166631,"Gene3062"
25.8117541822119,-0.324876476990186,0.406043702739437,-0.800102242193035,0.423651562190139,0.992301441166631,"Gene3063"
71.1309760135734,0.570156290320713,0.437595788748487,1.30292910713639,0.192598965618517,0.973542272845075,"Gene3064"
400.851753466866,-0.168837076154346,0.346755609171909,-0.486905104599599,0.626325581315268,0.992301441166631,"Gene3065"
14.1283039299441,0.874248416806125,0.490647446410348,1.78182608144047,0.0747775976628956,0.937046219552397,"Gene3066"
37.0251725514145,0.363964176062531,0.471457784428726,0.771997383612094,0.440115977122483,0.992301441166631,"Gene3067"
84.3615202227009,-0.185885555807548,0.3750200347255,-0.495668333942769,0.620128432094973,0.992301441166631,"Gene3068"
84.0301614990357,-0.436358253014858,0.366911620281746,-1.18927346231167,0.234332074598887,0.990483345616371,"Gene3069"
42.4237927246708,-0.211283059916262,0.409766429980362,-0.515618275334042,0.606121043687463,0.992301441166631,"Gene3070"
81.6303641865313,0.632391632307688,0.31445162371105,2.01109355023969,0.0443155763204124,0.907767107168944,"Gene3071"
43.2902781196199,0.308269845118276,0.349731929660981,0.88144609906537,0.378076415801556,0.992301441166631,"Gene3072"
56.6264847239773,0.186549091152904,0.417719272614971,0.446589619830288,0.655171391706348,0.992301441166631,"Gene3073"
45.3013802088705,-0.118941939022004,0.42033274919375,-0.282970906383453,0.777199139241432,0.993191638049143,"Gene3074"
150.963200203549,-0.222006198412287,0.428561005367248,-0.518027061799621,0.604439388205372,0.992301441166631,"Gene3075"
99.7926626193535,-0.028650268744321,0.324747473792332,-0.0882232228314182,0.929699260130054,0.997961010251689,"Gene3076"
74.5870010283694,0.0603268334554088,0.300229325329831,0.200935845920894,0.840748738299868,0.997961010251689,"Gene3077"
268.597505557255,0.119529542242074,0.345179906528945,0.346281866299917,0.729130895191007,0.993191638049143,"Gene3078"
58.4578372366703,0.330413511968106,0.346164786753561,0.954497755438457,0.339831744931818,0.992301441166631,"Gene3079"
98.1833500782078,-0.242838130996338,0.429788093632409,-0.565018283647553,0.572061328147947,0.992301441166631,"Gene3080"
77.6186992374995,-0.759810444649189,0.358417411089649,-2.11990383597504,0.0340141558470898,0.902188581367456,"Gene3081"
24.7173300634468,0.188810801511639,0.474363388864071,0.398029877397942,0.690608162403466,0.992301441166631,"Gene3082"
120.741911884492,0.340761341731028,0.456406030177898,0.746618841995156,0.455293671532952,0.992301441166631,"Gene3083"
7.06248441582389,-0.398126268071517,0.608835696011244,-0.653914135915192,0.513167126159519,0.992301441166631,"Gene3084"
12.788847832393,-0.075655099704144,0.497357653543423,-0.152114075585526,0.879096962686635,0.997961010251689,"Gene3085"
130.130802410507,0.0709384535896526,0.325817433288228,0.217724548602955,0.82764373546756,0.997961010251689,"Gene3086"
255.224961382909,0.882297660137227,0.38586586827503,2.28653978669178,0.0222226992776005,0.902188581367456,"Gene3087"
8.17439075061169,-0.471817063527245,0.571364560152603,-0.825772363972364,0.408933233815686,0.992301441166631,"Gene3088"
203.12309537658,-0.406322093798019,0.352477684267025,-1.15275976872965,0.24900900160644,0.992301441166631,"Gene3089"
11.6875299096865,-0.0582087461951005,0.482560361532828,-0.120624798129302,0.903988226194072,0.997961010251689,"Gene3090"
22.0376772138156,0.306913730760523,0.41692369745546,0.736138848987617,0.461646202441688,0.992301441166631,"Gene3091"
9.8561602228149,-0.0303784037121075,0.575001660197474,-0.0528318539144296,0.957865881179948,0.999029830702133,"Gene3092"
41.9474050171567,0.569665412492184,0.430805281269194,1.32232690094675,0.186059318660198,0.973542272845075,"Gene3093"
50.7303059036745,0.230164516952867,0.378563349086334,0.607994718739602,0.543190976626596,0.992301441166631,"Gene3094"
95.4768965057165,-0.159566187860145,0.373900922421919,-0.426760615690823,0.669553695255483,0.992301441166631,"Gene3095"
32.0559585583955,0.21455895549954,0.379159109735836,0.565881050963077,0.571474643766206,0.992301441166631,"Gene3096"
61.9968625798519,-0.0798851563266927,0.360509421945325,-0.221589649157098,0.824633340969405,0.997961010251689,"Gene3097"
77.1889145311338,-0.365072087156198,0.405003255059804,-0.901405316118486,0.367372855904763,0.992301441166631,"Gene3098"
17.8085747673624,-0.555284006640622,0.434187925309817,-1.27890246197979,0.200931405574061,0.973542272845075,"Gene3099"
29.3892207072654,0.624095613714618,0.363164484237633,1.71849297164821,0.0857067353305629,0.954626836533261,"Gene3100"
248.478949238579,-0.298202886457869,0.373446783697727,-0.798515074906195,0.424571648581552,0.992301441166631,"Gene3101"
183.800803203035,0.133364453562256,0.319564871270655,0.417331395131047,0.676436027786429,0.992301441166631,"Gene3103"
172.386340433237,0.553646330316518,0.309070806531048,1.79132521939079,0.0732411213853829,0.937046219552397,"Gene3104"
247.048580552553,-0.262238142257288,0.392521326832024,-0.668086354374092,0.504078471684176,0.992301441166631,"Gene3105"
37.9513769579016,-0.314666481135251,0.453419405012983,-0.693985474940669,0.487691317994605,0.992301441166631,"Gene3106"
174.267100826015,-0.575701594614713,0.350589073903402,-1.64209793592523,0.100569709384949,0.973542272845075,"Gene3107"
78.5223043424809,0.585873902043513,0.404072046938041,1.44992435503303,0.147079614817381,0.973542272845075,"Gene3108"
21.7853161963239,0.74439121048867,0.52454770157187,1.41911061331126,0.15586677018934,0.973542272845075,"Gene3109"
104.019897840701,0.205304413330323,0.416516123354403,0.492908681846235,0.622077112567656,0.992301441166631,"Gene3110"
96.253999916151,-0.500516417996482,0.400917835335729,-1.24842642028472,0.211874938592427,0.973542272845075,"Gene3111"
42.1588411858259,-0.161604964731738,0.339053114997676,-0.476636130397581,0.633621250760198,0.992301441166631,"Gene3112"
25.2219106749812,0.820604006496064,0.393161402046421,2.08719371287412,0.0368706275773454,0.902188581367456,"Gene3113"
30.2877302267664,-0.57402205080223,0.400771725146217,-1.43229178803171,0.152060332279368,0.973542272845075,"Gene3114"
95.4689744154227,-0.205059934487873,0.43174455401341,-0.474956620950228,0.634817892658753,0.992301441166631,"Gene3115"
59.6153551032154,0.823512900808602,0.442500099769685,1.86104568391562,0.0627377255856049,0.937046219552397,"Gene3116"
11.8397884043935,0.641462681978054,0.471020410838304,1.36185750599725,0.1732428590741,0.973542272845075,"Gene3117"
77.2832608252456,-0.423225102560758,0.342007671185174,-1.2374725429232,0.215911701681578,0.973542272845075,"Gene3118"
29.8819938702252,0.0637711903941378,0.36577144250921,0.174347100354976,0.861592685295042,0.997961010251689,"Gene3119"
144.395141956826,-0.207380948050943,0.294400471846722,-0.704417852152477,0.481172591655839,0.992301441166631,"Gene3120"
13.1672819061139,0.273615361645026,0.464787126313943,0.588689630487337,0.556069495251135,0.992301441166631,"Gene3121"
3.29515492398758,1.25093420404283,0.825794634248232,1.5148248149876,0.129816774467393,0.973542272845075,"Gene3122"
27.6398853581035,-0.547761295291585,0.425094692379502,-1.28856300751592,0.197550050900349,0.973542272845075,"Gene3123"
24.3810557296628,-0.0499399894042793,0.453048811247052,-0.110230924713864,0.912226237334017,0.997961010251689,"Gene3124"
118.838027671163,-0.00832567210719106,0.345147076779572,-0.0241220994390987,0.980755215646823,0.999029830702133,"Gene3125"
5.60372263264427,-0.501348309874017,0.609642460302983,-0.822364488236031,0.410869484086422,0.992301441166631,"Gene3126"
17.9316696894704,-0.448273795427335,0.457605737933515,-0.979607024710133,0.327280136069773,0.992301441166631,"Gene3127"
47.5262678607744,-0.00850490838435295,0.377068243252313,-0.0225553557918213,0.982004955675256,0.999029830702133,"Gene3128"
26.5050313053154,0.207197734067905,0.440824564318356,0.470023113136386,0.638338504459481,0.992301441166631,"Gene3129"
45.0822506619072,0.238000361969748,0.432028974015221,0.550889815925548,0.581709209168722,0.992301441166631,"Gene3130"
13.7731823452725,-0.0208343557850442,0.440725161949308,-0.0472728983589109,0.962295727903063,0.999029830702133,"Gene3131"
21.8086216530347,0.0533586270220826,0.426889061003403,0.124994130551538,0.900528197039285,0.997961010251689,"Gene3132"
17.1948709222623,0.438661014423797,0.451845416355617,0.970820989978919,0.33163742826543,0.992301441166631,"Gene3133"
9.61590446765523,-0.626349493313936,0.507478401686301,-1.23423872076652,0.217113962829458,0.973542272845075,"Gene3134"
88.094965799882,0.571786494213965,0.358740753093156,1.59387103161231,0.110964923901182,0.973542272845075,"Gene3135"
22.2756446204633,-0.139238730450459,0.402791154195649,-0.345684678027528,0.729579700350248,0.993191638049143,"Gene3136"
32.5128369271574,0.338161990297367,0.38658847240196,0.874733765847419,0.381718783241517,0.992301441166631,"Gene3137"
204.664246223707,0.552092664955132,0.309524004451085,1.78368287116931,0.074475211005137,0.937046219552397,"Gene3138"
118.446992985298,0.201572507527739,0.391456311757806,0.514929767315776,0.606602098846083,0.992301441166631,"Gene3139"
19.6074784981963,0.128630864962275,0.43869005116094,0.293215824297518,0.769357189359586,0.993191638049143,"Gene3140"
125.816387634427,0.246893946069151,0.375480329676891,0.657541624834537,0.510832715513151,0.992301441166631,"Gene3141"
25.6057187591475,-0.634426783310384,0.437711561289189,-1.44941746898759,0.147221033093804,0.973542272845075,"Gene3142"
33.6538892346887,0.254349678100598,0.398096839464042,0.638914085434662,0.522878824320927,0.992301441166631,"Gene3143"
63.8008692205493,-0.161734336234191,0.361623576126197,-0.447244999805405,0.654698173657144,0.992301441166631,"Gene3144"
55.0129662467545,0.689897547258714,0.367056982995787,1.8795379987816,0.0601710700936407,0.937046219552397,"Gene3145"
47.6794384575235,-0.119911431668522,0.46708446172114,-0.256723229941467,0.797392437512365,0.993191638049143,"Gene3146"
51.7838886260787,0.761009350037748,0.402031759831965,1.89290853627042,0.0583700338613807,0.937046219552397,"Gene3147"
80.3270496620061,0.46807815866423,0.386501973738907,1.21106279001936,0.225871340956769,0.981643238064567,"Gene3148"
190.276395730381,0.0908730989410442,0.380637561616843,0.238739178958168,0.811307834613102,0.995197632507595,"Gene3149"
38.9716306770813,-0.121411391926587,0.378236897982298,-0.320992987659995,0.748215704988588,0.993191638049143,"Gene3150"
331.298553105482,0.220291249371167,0.333027077644981,0.661481495525735,0.508303577758603,0.992301441166631,"Gene3151"
16.9500354564724,0.272061279789431,0.560302995962805,0.485560994229435,0.62727845746707,0.992301441166631,"Gene3152"
457.617955206206,-0.0105092323769735,0.339866126295506,-0.0309216822856771,0.975331998226275,0.999029830702133,"Gene3153"
98.0875750089004,0.469797722077659,0.367692832533703,1.2776907258169,0.201358496550755,0.973542272845075,"Gene3154"
37.5594696721497,0.135953121873055,0.352528334179007,0.385651616315244,0.699754700462563,0.992301441166631,"Gene3155"
4.26569554489498,0.0871380894708829,0.696618453986223,0.125087253965578,0.90045447390074,0.997961010251689,"Gene3156"
34.7792863429404,0.178245566222496,0.39649222143389,0.449556275222455,0.653030422003041,0.992301441166631,"Gene3157"
38.281331451216,0.320780489077854,0.427880530986521,0.749696389172611,0.453437582741407,0.992301441166631,"Gene3158"
329.097600958191,-0.0298280420810055,0.354573207924758,-0.084123789994125,0.932958010003735,0.997961010251689,"Gene3159"
75.368966073533,-0.376002259421223,0.399148781081338,-0.942010291006255,0.346187371165852,0.992301441166631,"Gene3160"
4.88103364780619,-0.138832568989389,0.646439251025886,-0.214765066893857,0.829950489938721,0.997961010251689,"Gene3161"
88.2754211538451,-0.377704158268203,0.373047361597385,-1.0124831245311,0.311307111422373,0.992301441166631,"Gene3162"
17.6530490469608,0.302834570226768,0.470476680011563,0.643676048341705,0.519785524673136,0.992301441166631,"Gene3163"
8.99365620104111,0.00211133368777765,0.5784183630044,0.00365018440426241,0.997087580687195,0.999323278262022,"Gene3164"
139.798481989261,-0.0466727054696296,0.330995588538784,-0.141007031772451,0.887864387298247,0.997961010251689,"Gene3165"
127.026440365868,0.669430886344326,0.315048390868872,2.12485099351913,0.0335990482598896,0.902188581367456,"Gene3166"
33.1316115052025,0.129061630709489,0.449213271063774,0.287305916861851,0.773878092560762,0.993191638049143,"Gene3167"
331.140411247424,-0.0899252365481768,0.331763000711345,-0.27105263804392,0.786350547720372,0.993191638049143,"Gene3168"
39.2254721124518,-0.302583862864302,0.389959970985753,-0.775935699501209,0.437786952699965,0.992301441166631,"Gene3169"
6.46032882566659,-0.490339513032985,0.602358973521714,-0.814032054949222,0.415626587755037,0.992301441166631,"Gene3170"
161.099674482146,-0.370209601189908,0.315843622554714,-1.17212941706865,0.241145100989544,0.992301441166631,"Gene3171"
22.408097059217,-0.767574324033216,0.420938728848293,-1.82348230616207,0.0682303745250084,0.937046219552397,"Gene3172"
56.483352602566,0.102817366662699,0.362581213080587,0.283570584888101,0.77673948196437,0.993191638049143,"Gene3173"
15.976360243566,-0.193838164077517,0.475841254787679,-0.407358887291116,0.683744418064731,0.992301441166631,"Gene3174"
12.1661706869871,0.588010133337688,0.534053960848838,1.10103131227244,0.270883029508028,0.992301441166631,"Gene3175"
90.8873288494881,0.695188032011605,0.326814848464927,2.12716171029852,0.0334066493301063,0.902188581367456,"Gene3176"
19.5203526141706,0.116548847167247,0.443364224523242,0.262873819583829,0.792647835777958,0.993191638049143,"Gene3177"
26.9457689230595,-0.241748680767214,0.405353835916032,-0.596389276102203,0.55091520283514,0.992301441166631,"Gene3178"
127.184609919291,-0.4162421682621,0.388800780474211,-1.07057955941966,0.28435851838564,0.992301441166631,"Gene3179"
2.55371632735898,0.701031197241172,0.874363237105718,0.8017619765919,0.422690657379035,0.992301441166631,"Gene3180"
14.0024748117879,-0.121347602773212,0.466837099169926,-0.259935645622377,0.794913414838113,0.993191638049143,"Gene3181"
407.613780145116,-0.4947119150311,0.314236140565042,-1.57433169253395,0.115410786527302,0.973542272845075,"Gene3182"
56.6528988296515,0.246192664256097,0.44428016443718,0.554138320732766,0.579484186118538,0.992301441166631,"Gene3183"
7.05970664553793,-0.40024735187427,0.61718394293825,-0.648505776039471,0.51665787619725,0.992301441166631,"Gene3184"
44.3249234343361,-0.329170254692602,0.515370019931883,-0.638706641756362,0.523013791169063,0.992301441166631,"Gene3185"
62.0808783936487,-0.417417345639596,0.335443496416086,-1.24437453728967,0.213361749743343,0.973542272845075,"Gene3186"
19.1407278812906,0.583106660305114,0.477617017853935,1.22086659082034,0.222136535812375,0.974639411704289,"Gene3187"
23.3003456046423,0.416224225319781,0.433808268751839,0.95946586384199,0.33732410853846,0.992301441166631,"Gene3188"
30.8788246614665,-0.0940741353476815,0.435725054386839,-0.215902515589939,0.829063736188709,0.997961010251689,"Gene3189"
131.082040112773,0.372021077644032,0.385490280027532,0.965059553816667,0.334514983775391,0.992301441166631,"Gene3190"
15.1044319599256,-0.564259645897523,0.469225597745475,-1.20253381019421,0.229156774822076,0.982460184680701,"Gene3191"
106.0159440955,-0.748319388832934,0.333868564636404,-2.24135922963542,0.0250028151866402,0.902188581367456,"Gene3192"
5.36324450267516,0.673547419308759,0.722290864983025,0.932515489206123,0.351070185679175,0.992301441166631,"Gene3193"
500.671188045629,0.351782620655012,0.350285722293988,1.00427336390196,0.315246868712522,0.992301441166631,"Gene3194"
139.018758121251,-0.432137321567351,0.357805190951532,-1.20774469598427,0.227145479993316,0.982460184680701,"Gene3195"
25.8531465995668,0.141705143229237,0.457501492998653,0.309737007196291,0.756760958096554,0.993191638049143,"Gene3196"
29.4612426127613,-2.37739163527827,0.41699450661852,-5.70125408739062,1.18929209520202e-08,1.58334420941228e-05,"Gene3197"
10.480522991007,-0.40246409677018,0.562856976676208,-0.715037946490096,0.474585595880194,0.992301441166631,"Gene3198"
16.3203074111618,-0.431979416778874,0.481327133414639,-0.897475722414231,0.369465122425393,0.992301441166631,"Gene3199"
70.9422147676185,-0.405285062052795,0.371716068943555,-1.09030815698833,0.275577423235328,0.992301441166631,"Gene3200"
4.02549107534784,-0.0829017775246214,0.72127659918662,-0.114937567111021,0.90849460815022,0.997961010251689,"Gene3201"
115.749914668734,-0.0318618151800965,0.35244307401091,-0.0904027275029108,0.927967189336272,0.997961010251689,"Gene3202"
139.384323900627,0.811548648412928,0.379767923689151,2.13695943704081,0.0326012909612376,0.902188581367456,"Gene3203"
54.5864455603422,-0.25417985495427,0.438307632523709,-0.579911998088515,0.561973964270736,0.992301441166631,"Gene3204"
22.9031607846724,0.279049281857166,0.408003813226889,0.683937926094794,0.494014363867917,0.992301441166631,"Gene3205"
126.44469096938,0.36554357843028,0.319152683144362,1.14535643200259,0.252061538238302,0.992301441166631,"Gene3206"
40.8804375137932,0.0496547390224926,0.408206647432052,0.12164118182509,0.903183197264208,0.997961010251689,"Gene3207"
470.678249174468,0.332884065443477,0.309109324938762,1.07691369553288,0.281518824015628,0.992301441166631,"Gene3208"
104.96626462198,0.365244008529481,0.314423314065675,1.16163144458553,0.245385203642635,0.992301441166631,"Gene3209"
511.964412179564,-0.201029569016968,0.318018080567242,-0.632132514787825,0.527300290282096,0.992301441166631,"Gene3210"
26.9970754128726,-0.050887168638139,0.475912314443545,-0.106925513574151,0.914848072316246,0.997961010251689,"Gene3211"
208.678632697927,0.0959425404661947,0.371400033143456,0.258326687949261,0.796154791068351,0.993191638049143,"Gene3212"
154.931235317345,-0.238250735683035,0.438595805979593,-0.543212526054388,0.586983483161172,0.992301441166631,"Gene3213"
92.3880295471513,0.598567409664297,0.444983454723739,1.34514531565204,0.178578311627456,0.973542272845075,"Gene3214"
554.358505786782,0.556260226862151,0.359037962682667,1.54930755150758,0.121307805316847,0.973542272845075,"Gene3215"
209.877179855373,0.425690442569021,0.319057800427391,1.33421104890334,0.182134699498395,0.973542272845075,"Gene3216"
224.000834541379,-0.442695045031844,0.410979697826037,-1.07717010687772,0.281404277385513,0.992301441166631,"Gene3217"
263.019795636903,0.405744910635505,0.41927472010761,0.967730443016854,0.333179010018364,0.992301441166631,"Gene3218"
22.6793169904362,0.0687879819743242,0.415385756076544,0.16560024258908,0.868471556370091,0.997961010251689,"Gene3219"
106.843669982581,-0.557340987013907,0.405149441047993,-1.37564298638113,0.168932191258796,0.973542272845075,"Gene3220"
190.317649830192,0.0349493364333922,0.380012024053568,0.0919690278759854,0.926722647446562,0.997961010251689,"Gene3221"
7.31079539940921,-0.187149199542457,0.580602109428251,-0.32233640991548,0.747197852737679,0.993191638049143,"Gene3222"
298.00560721085,-0.220951545854618,0.411747407346946,-0.536619155123034,0.591530709933286,0.992301441166631,"Gene3223"
12.5171421753567,0.253151663691408,0.539280051764326,0.469425232517296,0.638765716015066,0.992301441166631,"Gene3224"
12.2769214479093,-0.197684640508883,0.558289197814942,-0.35409003305561,0.723271411309968,0.993191638049143,"Gene3225"
40.8527858482392,-0.615130048872159,0.377882307287051,-1.62783500844057,0.103559875174088,0.973542272845075,"Gene3226"
7.92389221553874,0.0512729692319754,0.588045379151102,0.0871921981701355,0.930518740697875,0.997961010251689,"Gene3227"
21.0840272068166,0.389494741480248,0.424403998929564,0.917745220268035,0.358752267303665,0.992301441166631,"Gene3228"
161.808470197613,-0.363584138984366,0.33767716516241,-1.07672113040127,0.281604869429032,0.992301441166631,"Gene3229"
57.872736613049,-0.197351236258165,0.504515375603355,-0.391169914340372,0.695671645013936,0.992301441166631,"Gene3230"
227.897990551699,-0.750601479470887,0.378764408760044,-1.98171069432875,0.047511629593589,0.918998076200182,"Gene3231"
79.4848462408963,-0.604180779525718,0.357455023439579,-1.69022881175942,0.0909841883064081,0.970461399702398,"Gene3232"
7.80045029579867,0.458763492881242,0.57084264965045,0.803660156020511,0.421593271039742,0.992301441166631,"Gene3233"
12.3073900380634,-0.19509647865705,0.46345908708955,-0.420957284238884,0.673786273969492,0.992301441166631,"Gene3234"
42.7787721803535,0.375765725603236,0.426945671604168,0.880125389704426,0.378791386194376,0.992301441166631,"Gene3235"
34.8920104370358,0.601341070333796,0.403625501339994,1.48984905150296,0.136263930320826,0.973542272845075,"Gene3236"
152.338023655303,0.0821045421657873,0.338766003721724,0.242363582129779,0.808498450504811,0.995006281733403,"Gene3237"
54.1915786396039,0.035084667937799,0.378005684826656,0.0928151859776607,0.926050386424613,0.997961010251689,"Gene3238"
13.5157057333852,-0.17715841050375,0.491638764995446,-0.360342639997868,0.718590915913575,0.992301441166631,"Gene3239"
31.4772970433322,0.595619935490493,0.525463994536323,1.13351236561142,0.256999151317456,0.992301441166631,"Gene3240"
159.104701936631,-0.49548067274952,0.442952472222156,-1.11858653878563,0.26331656885345,0.992301441166631,"Gene3241"
11.2082276927658,0.255874276433513,0.503007567763671,0.508688721267372,0.610970429359463,0.992301441166631,"Gene3242"
6.4750889812848,-0.0463865690022123,0.600757485739549,-0.0772134681686225,0.938453727584797,0.997961010251689,"Gene3243"
119.601237039364,-0.129679796512903,0.343300769324912,-0.377743972924714,0.705620798174844,0.992301441166631,"Gene3244"
65.5168667590795,0.579190135570773,0.350409910751117,1.65289313401341,0.0983526147494596,0.973542272845075,"Gene3245"
21.5493444766765,-0.110253076995495,0.46139316162228,-0.238956894393147,0.811139007816174,0.995197632507595,"Gene3246"
49.1180159781195,-0.0307613718111467,0.330330682926574,-0.0931229625374653,0.925805875232451,0.997961010251689,"Gene3247"
78.3223623240268,0.579334321540807,0.379853850547705,1.52515058279776,0.127221543113026,0.973542272845075,"Gene3248"
25.585895954937,-0.0537331584154288,0.434864173518862,-0.123563084032946,0.901661223101961,0.997961010251689,"Gene3249"
82.8003244376676,-0.964032499906903,0.35603116862175,-2.70771939332957,0.00677472763016684,0.643108662138178,"Gene3250"
26.9343372181936,-0.00881991915873486,0.423063218314164,-0.0208477569708867,0.983367101450882,0.999029830702133,"Gene3251"
34.3162474479486,0.602395690631681,0.401166174575752,1.50161137406148,0.1331975041673,0.973542272845075,"Gene3252"
100.366282975725,0.115350216790187,0.298272291818551,0.386727899151819,0.698957659632436,0.992301441166631,"Gene3253"
49.7654635771316,-0.232778332738636,0.398882923450567,-0.583575578330025,0.559505894842169,0.992301441166631,"Gene3254"
7.07681357005166,1.1579423488171,0.655317952896513,1.76699317285446,0.0772293716679003,0.937046219552397,"Gene3255"
40.4597107804838,0.282860252933752,0.364149831813044,0.776768868807206,0.437295146827082,0.992301441166631,"Gene3256"
6.71062312402993,0.165075013714173,0.587948125814434,0.280764588688004,0.778890965669117,0.993191638049143,"Gene3257"
27.1837760932701,-0.110219021337756,0.419831276882892,-0.262531705965538,0.792911544500715,0.993191638049143,"Gene3258"
27.5131582183142,-0.0232273555156933,0.41653725841255,-0.0557629720909342,0.955530633014131,0.999029830702133,"Gene3259"
2852.32733647842,-0.188964304998127,0.324562443772046,-0.582212479059484,0.560423568773896,0.992301441166631,"Gene3260"
73.0647123315048,0.207250968210105,0.388256967987464,0.533798451279301,0.593480985391211,0.992301441166631,"Gene3261"
83.2857272614684,0.408627219960708,0.317672789814451,1.28631482790636,0.198333209639719,0.973542272845075,"Gene3262"
76.7544640914857,-0.252015466836062,0.402120810999363,-0.626715802670707,0.530845543313035,0.992301441166631,"Gene3263"
32.4442646729031,0.831005429013413,0.410473620244847,2.02450386097338,0.0429183351176306,0.902188581367456,"Gene3264"
2.077530328433,-0.162804650423053,0.960611717762207,-0.169480183733668,0.865418957974836,0.997961010251689,"Gene3265"
500.091724104869,0.328303518655404,0.36616512612778,0.896599635599477,0.369932592592004,0.992301441166631,"Gene3266"
35.118700123652,-0.112973703935481,0.372398504703005,-0.303367770033286,0.761609604821361,0.993191638049143,"Gene3267"
16.0477597172163,-0.485886842259142,0.543249731444445,-0.894407883032394,0.371103696246899,0.992301441166631,"Gene3268"
23.2530576085422,-0.467883805174575,0.413615752636487,-1.13120402739057,0.257969227228405,0.992301441166631,"Gene3269"
185.56823630818,0.232680741881959,0.366215012681027,0.63536647549898,0.525189427452868,0.992301441166631,"Gene3270"
134.002697312152,-1.11711408407012,0.32578077771254,-3.42903621236927,0.000605728702915397,0.26880893771601,"Gene3271"
301.911447127764,0.110436472416928,0.365872839423558,0.301843866275845,0.762771089082702,0.993191638049143,"Gene3272"
81.3079512670351,-0.182319342065788,0.362639591171304,-0.502756308203711,0.615135615557425,0.992301441166631,"Gene3273"
50.2589371505789,-0.0738339763149923,0.433780152906727,-0.170210591287399,0.864844522618658,0.997961010251689,"Gene3274"
45.7859142188527,-0.0127772582495331,0.413188762547382,-0.0309235376363071,0.975330518578247,0.999029830702133,"Gene3275"
10.848862301837,-0.156567314207252,0.496255221434149,-0.315497565455898,0.752383899234989,0.993191638049143,"Gene3276"
73.8212142469946,-0.00678711688404117,0.417529209288208,-0.0162554301185578,0.987030614451304,0.999029830702133,"Gene3277"
35.6569243267738,0.384132682467965,0.38961995305617,0.985916351190019,0.324174162375581,0.992301441166631,"Gene3278"
29.0657138381285,0.323473447113503,0.519197403833246,0.623025933344989,0.533267480099502,0.992301441166631,"Gene3279"
235.373485871277,-0.0174552046273471,0.357461477352976,-0.0488310090267739,0.961053970013911,0.999029830702133,"Gene3280"
186.388347570714,0.355070678631204,0.270067551625367,1.31474764922427,0.188594726783857,0.973542272845075,"Gene3281"
998.505087247303,-0.671409395142174,0.314860124588497,-2.1324052895541,0.0329735429288653,0.902188581367456,"Gene3282"
85.916776768685,0.235485980628217,0.473918355957952,0.496891453280427,0.61926559885221,0.992301441166631,"Gene3283"
44.5160335408982,0.573790324112893,0.445660663636523,1.28750498065243,0.197918334722242,0.973542272845075,"Gene3284"
13.7603301817022,-0.435892631587594,0.488472444476532,-0.892358691910892,0.372200704717948,0.992301441166631,"Gene3285"
48.8092517993184,0.354910278557172,0.452636665855759,0.78409529171963,0.432984197905154,0.992301441166631,"Gene3286"
450.233339077154,0.372863170375234,0.471864305475929,0.790191514908421,0.429415930634322,0.992301441166631,"Gene3287"
37.8395168708991,-0.0246054220375697,0.426892369204049,-0.0576384677089616,0.95403660779095,0.999029830702133,"Gene3288"
389.054637868824,-0.528725634260626,0.309671219769696,-1.70737737479719,0.0877519328974411,0.956993256075717,"Gene3289"
34.464639290332,0.117305003306609,0.450252509309065,0.260531592564845,0.794453749129125,0.993191638049143,"Gene3290"
65.7824044985832,-0.0412020814881886,0.381525515404947,-0.107992990834328,0.914001252197178,0.997961010251689,"Gene3291"
909.0492049931,-0.222788230720173,0.406965352966695,-0.547437832474169,0.584077969679169,0.992301441166631,"Gene3292"
63.9542068192118,-0.187255379718689,0.387999057896083,-0.48261812988433,0.629366903768599,0.992301441166631,"Gene3293"
11.7110337601932,-0.418424463836664,0.501122193641497,-0.83497492057996,0.403731829257429,0.992301441166631,"Gene3294"
22.3113098975975,0.209749510918562,0.408000223265375,0.514091657205136,0.607187910002001,0.992301441166631,"Gene3295"
12.8939222029774,0.0570392647068389,0.480483344824667,0.11871226197789,0.905503321594906,0.997961010251689,"Gene3296"
53.8856722443645,0.358275810435673,0.325201591586052,1.10170374224896,0.270590489505457,0.992301441166631,"Gene3297"
24.4815081309364,0.335126800565898,0.397133505872935,0.843864331792553,0.398745221664722,0.992301441166631,"Gene3298"
86.4563015953247,0.671597829975661,0.346851058857553,1.93627152872979,0.0528344539271983,0.929372846090705,"Gene3299"
374.801932953924,0.194788945255332,0.27162696832193,0.717119314251852,0.473300479204614,0.992301441166631,"Gene3300"
16.2211397040847,0.465157388962637,0.459373354429516,1.01259114068622,0.311255493253251,0.992301441166631,"Gene3301"
17.2836703325153,-0.448874456217764,0.485396862981672,-0.924757637411251,0.355091990789103,0.992301441166631,"Gene3302"
35.7485328774856,0.175593728177137,0.429261248111932,0.409060284266214,0.682495421254169,0.992301441166631,"Gene3303"
167.45810553276,0.235736562624937,0.471294718200083,0.500189273338848,0.616941810599056,0.992301441166631,"Gene3304"
71.4734874491832,-0.329977351158357,0.401730508229242,-0.821389823274414,0.411424258399403,0.992301441166631,"Gene3305"
67.3555961160635,0.22854132364763,0.399291717577609,0.572366802482471,0.567073501394229,0.992301441166631,"Gene3306"
323.754151091819,-0.47447653823461,0.349221524239177,-1.3586692265556,0.174251427783106,0.973542272845075,"Gene3307"
38.2776675931637,-0.28888760369015,0.412399370420444,-0.700504473116986,0.48361231264938,0.992301441166631,"Gene3308"
499.449273440517,-0.470115090149089,0.348898520014741,-1.34742643829279,0.177842930445777,0.973542272845075,"Gene3309"
8.78308029467331,0.169771311346019,0.566785017947271,0.299533872579908,0.764532731107112,0.993191638049143,"Gene3310"
73.6113383420677,-0.0716680572267366,0.457253138330069,-0.156736064160161,0.875452863248306,0.997961010251689,"Gene3311"
141.505082799779,-0.53075825697638,0.411432333157964,-1.2900256353275,0.197041757545751,0.973542272845075,"Gene3312"
166.79112058263,0.303836372521504,0.331596171069292,0.916284321202286,0.359517789271435,0.992301441166631,"Gene3313"
6.20064193342714,-0.0552718900259011,0.607626579864793,-0.0909635816757719,0.927521528659786,0.997961010251689,"Gene3314"
20.3371189913336,-0.757373321619051,0.464165067252201,-1.63168961874405,0.102744888089871,0.973542272845075,"Gene3315"
7.05915364048778,1.15690727356114,0.626724869685453,1.84595718076702,0.0648984229916612,0.937046219552397,"Gene3316"
39.174812357459,0.730027851879791,0.393202785015755,1.85661922982193,0.063365346103317,0.937046219552397,"Gene3317"
24.9651776645674,0.129481662654228,0.420917241718116,0.307617863610681,0.758373125741075,0.993191638049143,"Gene3318"
176.766503034518,0.0301369660132087,0.4488448905309,0.067143386610823,0.946467554283777,0.998729567188747,"Gene3319"
82.8743941630646,0.148230470203416,0.37427271995821,0.396049357324164,0.692068616999712,0.992301441166631,"Gene3320"
42.3301678702027,-0.0670504593153664,0.400325189373652,-0.167489983381444,0.866984528309174,0.997961010251689,"Gene3321"
302.302715346128,0.147374455982349,0.373095745920966,0.395004385854263,0.692839651190336,0.992301441166631,"Gene3322"
41.5644367472448,0.420859543326763,0.374689014328336,1.12322359939267,0.261342542155383,0.992301441166631,"Gene3323"
296.62110590429,0.489409720030812,0.316103507617015,1.54825779606271,0.121560241211178,0.973542272845075,"Gene3324"
92.9976878414011,-0.152378587551736,0.356139255683544,-0.427862374394178,0.668751321882098,0.992301441166631,"Gene3325"
117.278788008388,-0.153401363332923,0.41777396859909,-0.367187462271332,0.713479190808034,0.992301441166631,"Gene3326"
164.860691902123,-0.35503991294487,0.349961895916599,-1.01451019978895,0.310339364912158,0.992301441166631,"Gene3327"
29.7617388709487,-0.518670463518751,0.453684399077306,-1.14324068575779,0.252938674166678,0.992301441166631,"Gene3328"
9.87554098598005,-0.101335131698171,0.531268758108392,-0.190741748223591,0.848727928773445,0.997961010251689,"Gene3329"
170.929781493269,0.511014950124491,0.322964692533732,1.58226258763911,0.113589637694285,0.973542272845075,"Gene3330"
10.1228937845231,0.603819806237031,0.521773708280665,1.15724459982225,0.247172440720927,0.992301441166631,"Gene3331"
19.2678326814858,0.189918567886599,0.453852256501422,0.41845901428498,0.67561154674466,0.992301441166631,"Gene3332"
31.221912011648,-0.495656189774283,0.412344818502213,-1.20204296873352,0.229346880696566,0.982460184680701,"Gene3333"
112.049319256983,-0.251087605717236,0.392417500752101,-0.639848134285564,0.522271335809505,0.992301441166631,"Gene3334"
120.947960090316,-0.148952269657692,0.316466161779044,-0.470673606367086,0.637873835268362,0.992301441166631,"Gene3335"
4.74560609404888,0.374505271668973,0.705416271332362,0.530899678514109,0.595488300567546,0.992301441166631,"Gene3336"
67.3742503829087,0.292391886729729,0.424451281734702,0.688870311652127,0.490904883708354,0.992301441166631,"Gene3337"
7.07696782365252,0.00295301288215155,0.62728814147298,0.00470758601496494,0.996243903673384,0.999029830702133,"Gene3338"
936.764574888855,0.247229027195737,0.319936377631282,0.772744346942196,0.439673695711648,0.992301441166631,"Gene3339"
22.418867256346,-0.337496272542061,0.477114483065381,-0.707369582188542,0.479336834626267,0.992301441166631,"Gene3340"
399.044051468279,0.0966033908288286,0.466035309605146,0.207287707256939,0.835785173851758,0.997961010251689,"Gene3341"
38.2977376374137,-0.380674983292647,0.403423866971888,-0.943610466455556,0.34536874175765,0.992301441166631,"Gene3342"
105.814105691243,-0.139880324304609,0.324394188904187,-0.431204778288813,0.666319479874071,0.992301441166631,"Gene3343"
17.321726593031,0.129028921885665,0.43891113878984,0.29397504524816,0.768776972268581,0.993191638049143,"Gene3344"
67.994147142068,-0.182782313726658,0.381039570970679,-0.479693784194196,0.631445148391294,0.992301441166631,"Gene3345"
99.8831669844929,-0.477931239647107,0.374417993164639,-1.27646440174405,0.201791402955791,0.973542272845075,"Gene3346"
326.275445934493,0.0997765597764141,0.401058238011131,0.248783219791747,0.803528471760558,0.994332258858985,"Gene3347"
24.5262117525329,0.542801448784656,0.390261029413462,1.3908676702884,0.164265558061165,0.973542272845075,"Gene3348"
11.9569596643751,0.789197808799138,0.505691208791002,1.56063185414265,0.118610638412608,0.973542272845075,"Gene3349"
14.3858404591605,-0.690760868500742,0.535088449799434,-1.29092838531585,0.196728511534548,0.973542272845075,"Gene3350"
59.8736119229099,0.895705946180894,0.325562606708402,2.75125560406621,0.00593673002769242,0.643108662138178,"Gene3351"
63.0557171896316,-0.123571302744275,0.444257754340863,-0.278152269795752,0.780895472718214,0.993191638049143,"Gene3352"
37.2738558181975,-0.60795073558919,0.349549516654949,-1.73924067012605,0.0819924384236765,0.943740054939953,"Gene3353"
64.4370874769312,-0.669790787778367,0.387510720514843,-1.72844453667886,0.0839085566064123,0.954626836533261,"Gene3354"
48.4461034183123,0.426030522320182,0.37393335554774,1.13932206367664,0.254568849107755,0.992301441166631,"Gene3355"
28.5483229604062,-0.239860960361618,0.395019973138515,-0.607212233993822,0.543710074303211,0.992301441166631,"Gene3356"
994.97988537051,0.240772509561357,0.359422697026219,0.66988676996042,0.502929974166129,0.992301441166631,"Gene3357"
65.3264400357662,-0.0715514243984729,0.367905740285615,-0.194483033461032,0.8457976794346,0.997961010251689,"Gene3358"
281.253502724664,-0.17595873162646,0.371249470287221,-0.473963589740149,0.635525871716197,0.992301441166631,"Gene3359"
1184.60570224748,-0.151195233881999,0.457370912390757,-0.330574660053644,0.740965789397592,0.993191638049143,"Gene3360"
9.01324741360323,-0.470345865812247,0.560176182986041,-0.839639170849873,0.401110729617718,0.992301441166631,"Gene3361"
42.0669784953981,-0.202799705348135,0.382446270797576,-0.530269794303928,0.59592488621204,0.992301441166631,"Gene3362"
53.215131267192,-0.0424069668130811,0.325334637531559,-0.130348760694033,0.896290503659699,0.997961010251689,"Gene3363"
229.956064074635,0.745521770158563,0.31668820260761,2.35411917469593,0.0185666574572759,0.902188581367456,"Gene3364"
31.8079045788512,0.369973230626112,0.360608643731362,1.02596883645897,0.304906273602876,0.992301441166631,"Gene3365"
61.7193360205882,0.146024648170111,0.399109305764387,0.365876330271077,0.714457359297923,0.992301441166631,"Gene3366"
64.0989797186426,0.14857947289885,0.351009533814512,0.423291844196361,0.672082344042012,0.992301441166631,"Gene3367"
79.9001057842661,-0.226483489829341,0.358220597390896,-0.63224586045285,0.527226234457545,0.992301441166631,"Gene3368"
23.4019340174158,-0.0557018487685617,0.421722385620502,-0.132081792828248,0.894919596949705,0.997961010251689,"Gene3369"
1274.77752781669,-0.164391665352733,0.310580447932795,-0.529304618004495,0.596594152591129,0.992301441166631,"Gene3370"
15.2427450783837,-0.0159447249287618,0.472097818372787,-0.0337741974400976,0.973057211663392,0.999029830702133,"Gene3371"
43.4096848200141,-0.287146895905304,0.385445834970369,-0.744973404440545,0.456287797858902,0.992301441166631,"Gene3372"
86.0568482835755,-0.403706834949346,0.332586967193544,-1.2138384085099,0.224809436267598,0.979159093187334,"Gene3373"
94.721899692276,-0.309541917107961,0.409995968283865,-0.754987709766078,0.450256356554966,0.992301441166631,"Gene3374"
11.2225092995344,-0.56678697490802,0.51226174974479,-1.10644016499455,0.268536048963744,0.992301441166631,"Gene3375"
45.275255817027,-0.874829947853375,0.347910315855771,-2.51452718698931,0.011919211233992,0.820781546009722,"Gene3376"
10.7512089629927,0.674602568487303,0.522188166321199,1.29187640011044,0.196399951783922,0.973542272845075,"Gene3377"
172.83425461412,0.0351826417811707,0.446802748074641,0.0787431185971426,0.937236948254913,0.997961010251689,"Gene3378"
15.0852474893052,-0.230676518165763,0.473014101177299,-0.487673660450344,0.625781011369532,0.992301441166631,"Gene3379"
15.3815069137394,-0.128482298657485,0.475832868856069,-0.270015602256237,0.787148250418391,0.993191638049143,"Gene3380"
55.0359595469673,-0.343714316553177,0.343027802622485,-1.00200133611749,0.316342947538091,0.992301441166631,"Gene3381"
12.9063737878422,-0.215000571336724,0.463612039849403,-0.463751052294854,0.642826115846106,0.992301441166631,"Gene3382"
80.5343831547446,0.0779052737804057,0.350406323292215,0.222328390219825,0.824058252899948,0.997961010251689,"Gene3383"
31.0768099723509,-0.530794170554314,0.403358108474109,-1.31593777192751,0.188194929687192,0.973542272845075,"Gene3384"
26.589754955141,0.40628529031088,0.384707910408703,1.05608769489365,0.290928151670236,0.992301441166631,"Gene3385"
5.35642697299358,-0.126847497685938,0.635420931087885,-0.199627509073027,0.841771911677851,0.997961010251689,"Gene3386"
3.29370682872856,-0.995105308330648,0.838186069961545,-1.18721289221175,0.235143656873051,0.990483345616371,"Gene3387"
223.963568189188,-0.422594698584768,0.321749936853213,-1.3134258944006,0.189039476737759,0.973542272845075,"Gene3388"
496.167644366288,0.0805466821143642,0.335938803809881,0.239765937131657,0.810511715012932,0.995137961808069,"Gene3389"
208.480822399577,-0.487638286319858,0.349203664309711,-1.39642946554927,0.162585207160271,0.973542272845075,"Gene3390"
48.6838150814903,0.145109390387568,0.41454100108185,0.350048342646127,0.726302417733096,0.993191638049143,"Gene3391"
67.5799318211069,0.665590406589864,0.429006361359531,1.55146978352627,0.12078914316065,0.973542272845075,"Gene3392"
58.694655388826,0.498641773819783,0.375347585595349,1.32848003545533,0.184019574695494,0.973542272845075,"Gene3393"
40.0860898293576,0.0289025683973345,0.370349874188197,0.0780412534517222,0.937795237531333,0.997961010251689,"Gene3394"
88.9740185184058,-0.179279451875506,0.36201627237368,-0.495224843623743,0.620441415745031,0.992301441166631,"Gene3395"
166.209341960896,-0.0549944247926727,0.345195624552399,-0.159313794501253,0.873421653121007,0.997961010251689,"Gene3396"
129.317032228635,-0.445029826855008,0.437149472121907,-1.01802668248654,0.308665275892555,0.992301441166631,"Gene3397"
184.802242170907,0.671614310606101,0.370217643669503,1.8141067074741,0.0696612991145133,0.937046219552397,"Gene3398"
26.7097300320461,0.497407119137527,0.437866533093246,1.13597884639336,0.255965417539169,0.992301441166631,"Gene3399"
76.7837023811596,0.149000428984449,0.400139394802318,0.372371305899685,0.709616414875005,0.992301441166631,"Gene3400"
43.1390187235003,0.331495377724408,0.503167667604793,0.658816929359572,0.510013334739596,0.992301441166631,"Gene3401"
12.9066994481785,-0.436106063601367,0.53712247606311,-0.81193039397243,0.41683157300084,0.992301441166631,"Gene3402"
18.9132881796035,0.0643361128923673,0.464242655625914,0.138582941728236,0.889779723754955,0.997961010251689,"Gene3403"
42.0221610946094,0.0944289072520546,0.403284858195022,0.234149399198098,0.81486899665591,0.995606184538255,"Gene3404"
65.0842257913253,0.506437922096025,0.39324691673824,1.28783698114315,0.197802716124917,0.973542272845075,"Gene3405"
223.031698615701,0.382247977054307,0.398425485705389,0.95939640100472,0.337359087489875,0.992301441166631,"Gene3406"
201.749678515485,-0.313669279778278,0.382686398798542,-0.819650974696396,0.412415105446075,0.992301441166631,"Gene3407"
12.1842943248522,-0.227454419551146,0.477691546583567,-0.476153327765357,0.633965147216212,0.992301441166631,"Gene3408"
122.790781968497,0.591883694912325,0.391329366977783,1.51249495912717,0.130407994051263,0.973542272845075,"Gene3409"
22.9114122255678,-0.179775955339766,0.411065966946521,-0.43734088879986,0.661864146000849,0.992301441166631,"Gene3410"
162.41884303066,-0.303186453434358,0.338580569598851,-0.895463238760489,0.370539508556156,0.992301441166631,"Gene3411"
13.3953467934687,0.213546552125797,0.482328272275233,0.44274110476348,0.65795300724244,0.992301441166631,"Gene3412"
10.2267613058425,0.559498758579082,0.563528854305337,0.992848466062625,0.320783806910409,0.992301441166631,"Gene3413"
56.6310236520494,-0.552035428018994,0.401535667999459,-1.37481043905603,0.16919022090462,0.973542272845075,"Gene3414"
16.6889407624753,-0.486275570988411,0.431474628920239,-1.12700849226132,0.259738890473267,0.992301441166631,"Gene3415"
173.199210294615,-0.0416001176814447,0.315102241438532,-0.132021014803095,0.894967669827931,0.997961010251689,"Gene3416"
11.5800129685239,0.0372138835963422,0.494851849183853,0.0752020703928218,0.940053937086029,0.997961010251689,"Gene3417"
94.3940646096599,-0.203528767181276,0.332613697214962,-0.611907353441728,0.540599056150447,0.992301441166631,"Gene3418"
186.972122875592,0.174721584954944,0.296000339855939,0.590274947116545,0.555006332654232,0.992301441166631,"Gene3419"
31.7145936501803,0.115195631356196,0.396320800523266,0.290662592536405,0.771309383738169,0.993191638049143,"Gene3420"
67.026052778719,-0.739335340579104,0.464430210275784,-1.59191913923963,0.111402874511995,0.973542272845075,"Gene3421"
35.6356632942148,-0.606571242594645,0.43558628469344,-1.39253981107679,0.163758994858392,0.973542272845075,"Gene3422"
12.6575459209334,-0.0513610368572258,0.491511424793511,-0.104496120062322,0.916775647166242,0.997961010251689,"Gene3423"
2.7924459114028,0.126497150213232,0.873288624330622,0.144851480586035,0.884828135179402,0.997961010251689,"Gene3424"
20.6399198600756,0.0932249126036974,0.474826476136546,0.196334697597799,0.844348205095818,0.997961010251689,"Gene3425"
74.003697132169,0.266575668926545,0.331502815892075,0.804143000140705,0.421314393254717,0.992301441166631,"Gene3426"
57.414858016218,0.292591234060924,0.332656610848511,0.879559354959483,0.37909806556529,0.992301441166631,"Gene3427"
12.7968556784175,-0.409278784755674,0.456978798626411,-0.895618759526452,0.37045641301264,0.992301441166631,"Gene3428"
48.532271446383,-0.0110543904934834,0.372758468753081,-0.0296556387584207,0.976341691488543,0.999029830702133,"Gene3429"
2.30993892511459,-0.150874168727448,0.943121101763396,-0.159973272197337,0.872902128733838,0.997961010251689,"Gene3430"
161.733353837836,0.125139926148745,0.380339594503685,0.329021558515472,0.742139393079735,0.993191638049143,"Gene3431"
17.1977682083232,0.915062577441651,0.43470213573121,2.10503354418176,0.0352883882353585,0.902188581367456,"Gene3432"
42.5949825357522,0.482710341572992,0.364083617866113,1.32582274479184,0.184898417283027,0.973542272845075,"Gene3433"
95.2594843661124,0.187917179450972,0.341241812360614,0.550686265997166,0.581848761021433,0.992301441166631,"Gene3434"
19.3912901527569,-0.374471677502164,0.458772440680273,-0.816247107055719,0.414358819293415,0.992301441166631,"Gene3435"
380.44339654734,-0.103105246879404,0.350969110049141,-0.293772995762983,0.768931371293049,0.993191638049143,"Gene3436"
82.2182435965717,-0.00162624688721804,0.373773508651627,-0.00435088857175743,0.996528504135528,0.999029830702133,"Gene3437"
78.4599110362959,0.0487325920263731,0.379230435042502,0.128503905602701,0.897750207627217,0.997961010251689,"Gene3438"
194.384908034798,-0.0129761994775613,0.393041031812151,-0.0330148723092177,0.973662727719036,0.999029830702133,"Gene3439"
167.459097021324,0.000258667715268346,0.385182049663535,0.000671546650458654,0.999464183336014,0.999714487413984,"Gene3440"
109.588364082836,-0.376774385316781,0.411789678813943,-0.914968015716142,0.360208421335234,0.992301441166631,"Gene3441"
1069.29662585802,0.52692299654546,0.43584594892067,1.20896614469019,0.22667585233605,0.982460184680701,"Gene3442"
40.55948216373,-0.00263566433034269,0.440107963804487,-0.00598867675003845,0.995221755842879,0.999029830702133,"Gene3443"
288.944654124486,0.276876444982187,0.32761315626321,0.845132253357186,0.398037002060821,0.992301441166631,"Gene3444"
11.828311473617,0.153031155594816,0.494683656747228,0.309351549232627,0.757054122030786,0.993191638049143,"Gene3445"
28.1114451275767,0.2643977663642,0.405658660032054,0.651773997240212,0.514546978478961,0.992301441166631,"Gene3446"
29.0200742138132,-0.164303981665005,0.389220679278478,-0.422135797022875,0.672925900616172,0.992301441166631,"Gene3447"
14.9949767867854,-0.589219879573339,0.440639909287573,-1.33719136000638,0.181160181435041,0.973542272845075,"Gene3448"
59.7677793392364,0.517913219906783,0.331707567518194,1.56135485175018,0.118440048165073,0.973542272845075,"Gene3449"
133.670876413822,0.222621744179245,0.364452415942599,0.610838985944073,0.541306180900733,0.992301441166631,"Gene3450"
19.2945450640524,-0.0658746007946591,0.494871288991608,-0.133114614365466,0.894102737412954,0.997961010251689,"Gene3451"
67.3584114864244,0.18706294706347,0.389948035242702,0.479712500531109,0.631431837962216,0.992301441166631,"Gene3452"
104.08546500038,-0.342555942486275,0.359397696599514,-0.953138948099586,0.340519674563791,0.992301441166631,"Gene3453"
73.5332121046144,0.731274933463954,0.353001039867971,2.07159427557909,0.0383032942296431,0.902188581367456,"Gene3454"
19.7357802577372,-0.245130845879135,0.428571302154647,-0.571972142434027,0.567340847594271,0.992301441166631,"Gene3455"
16.8004672668214,0.00457417523772204,0.427835753255834,0.0106914282009218,0.991469637018712,0.999029830702133,"Gene3456"
15.8438791498372,0.181828960191678,0.438607378775126,0.414559738368883,0.678464226925842,0.992301441166631,"Gene3457"
92.0469442261203,-0.224246072389422,0.445206414530144,-0.503690120067304,0.614479152246903,0.992301441166631,"Gene3458"
369.252280529128,-0.0763999599414307,0.35055103420442,-0.217942474809185,0.82747393238496,0.997961010251689,"Gene3459"
23.7393793816948,-0.246604495781913,0.424825855927171,-0.580483726075724,0.561588458103778,0.992301441166631,"Gene3460"
307.363713995424,0.64892275020784,0.336711741433364,1.92723528869356,0.0539503140161013,0.932803264849821,"Gene3461"
16.8178009865735,-0.163752499039715,0.466985611179435,-0.350658553753157,0.725844522761203,0.993191638049143,"Gene3462"
26.201037991428,-0.665034225702533,0.408576163816001,-1.62768728232033,0.103591211108275,0.973542272845075,"Gene3463"
53.083381209411,-0.210664032980358,0.40523209812239,-0.51986018372299,0.60316102848762,0.992301441166631,"Gene3464"
29.1454152790713,-0.175362832816855,0.405472797612523,-0.432489759730898,0.665385493252077,0.992301441166631,"Gene3465"
68.2938690012306,0.118938403470907,0.36063041554991,0.329806911293223,0.741545864854247,0.993191638049143,"Gene3466"
122.803595777374,0.23022511122493,0.396910107793351,0.580043457459125,0.561885312199215,0.992301441166631,"Gene3467"
163.604037564653,0.552995986795517,0.35542604841513,1.55586792037715,0.119739503059686,0.973542272845075,"Gene3468"
133.705634852623,-0.536259166049665,0.413635449792919,-1.29645359535344,0.194819257558094,0.973542272845075,"Gene3469"
7.67966641600706,0.325510827130989,0.547264198592635,0.594796494943548,0.551979510790881,0.992301441166631,"Gene3470"
22.0632185864885,0.118550686676931,0.438739767719593,0.270207296897461,0.787000779315493,0.993191638049143,"Gene3471"
37.7945578086843,-0.255464728243545,0.375279277906961,-0.680732305999799,0.496040890608144,0.992301441166631,"Gene3472"
96.8472884701675,0.0633886645149782,0.384880656316202,0.164696935205028,0.869182529391654,0.997961010251689,"Gene3473"
5.60660658798314,0.639820058092613,0.654745281269089,0.977204534949001,0.32846790334108,0.992301441166631,"Gene3474"
24.3460499116726,-0.111102210134863,0.428269888101372,-0.259421017497651,0.795310415032786,0.993191638049143,"Gene3475"
112.391704912589,0.680874655676267,0.378965149414813,1.7966682602019,0.0723883006691444,0.937046219552397,"Gene3476"
157.403405055605,-0.463742412955163,0.409467810584183,-1.13254913076939,0.257403641136624,0.992301441166631,"Gene3477"
69.8358324843421,0.373602790337424,0.413284404493407,0.90398472885851,0.366003499027324,0.992301441166631,"Gene3478"
427.785454092836,-0.533494992513754,0.275672659075452,-1.93524811021515,0.0529598565464824,0.929372846090705,"Gene3479"
3.90425262830478,0.183985772527332,0.738987311480096,0.248970137469387,0.803383881039375,0.994332258858985,"Gene3480"
69.3013859705713,-0.0854791420853456,0.383042663715193,-0.223158280219414,0.82341232073866,0.997961010251689,"Gene3481"
58.3937134883972,0.250887205828912,0.388817671507773,0.645256695396615,0.518760850762628,0.992301441166631,"Gene3482"
14.967901640705,-0.115514721601654,0.453590143765353,-0.25466761831009,0.798979828598621,0.993191638049143,"Gene3483"
25.6396499351064,0.0610755966636494,0.42066642712589,0.145187713412109,0.884562666422919,0.997961010251689,"Gene3484"
75.9298164388411,-0.603695170312935,0.437993786504182,-1.37831902852158,0.168104810717412,0.973542272845075,"Gene3485"
231.003024448474,-0.0622043840370413,0.282047543096276,-0.22054573975072,0.825446154018002,0.997961010251689,"Gene3486"
69.9775264026262,0.66046823130854,0.358777906173183,1.84088323150459,0.0656386722257433,0.937046219552397,"Gene3487"
107.351701734408,-0.196603404477512,0.315446840380448,-0.623253681160339,0.533117830586489,0.992301441166631,"Gene3488"
20.0876599270428,0.371423028239982,0.471590619200106,0.787596303060429,0.430932877830702,0.992301441166631,"Gene3489"
30.7420331763057,0.490332347940257,0.5115245388683,0.958570529236137,0.337775145009697,0.992301441166631,"Gene3490"
44.2583169020972,-0.0818999594970826,0.447392712466751,-0.183060557793885,0.854750503078798,0.997961010251689,"Gene3491"
68.2793170689091,-0.651037161325045,0.333817846775993,-1.95027667817269,0.0511431508292887,0.922909944245504,"Gene3492"
89.439549290386,-0.110179006006699,0.374311816757657,-0.294350862233218,0.768489810703089,0.993191638049143,"Gene3493"
51.5896450693348,-0.260578237192286,0.3467886460904,-0.751403600233091,0.452409796686765,0.992301441166631,"Gene3494"
147.177220034961,0.548244973727708,0.398543670786858,1.37562082630817,0.168939055456954,0.973542272845075,"Gene3495"
79.056776863882,0.0279772417944823,0.328813591619336,0.0850854177185937,0.932193483238732,0.997961010251689,"Gene3496"
9.13480600575285,-0.0344868522744449,0.536551156208303,-0.0642750497793284,0.948751219757395,0.998838723318217,"Gene3497"
74.4081956318659,0.00889956110505613,0.383667526443763,0.0231960238791818,0.981493910240303,0.999029830702133,"Gene3498"
7.68229838364643,1.2159506295347,0.57460901966109,2.11613564689931,0.0343332724974365,0.902188581367456,"Gene3499"
27.6682601406331,-0.135406130282666,0.463988612032748,-0.291830719054608,0.770416056675003,0.993191638049143,"Gene3500"
99.209730764173,0.0657953034644614,0.44154194167893,0.149012578995961,0.881543707182368,0.997961010251689,"Gene3501"
15.7100367013477,-0.0621641569632078,0.451209252913897,-0.137772345229521,0.890420341209977,0.997961010251689,"Gene3502"
34.994648496749,-0.429618341346494,0.445569643644605,-0.964200204108082,0.334945562077575,0.992301441166631,"Gene3503"
39.9765961737818,-0.0642383492406341,0.372301039973053,-0.172544103678259,0.86300979152849,0.997961010251689,"Gene3504"
41.578484274799,-0.429934993506746,0.367638437281105,-1.16945060665136,0.242222130667697,0.992301441166631,"Gene3505"
20.4662198907449,-0.27397300474342,0.429942659208857,-0.637231497910818,0.523974063683111,0.992301441166631,"Gene3506"
104.024499344264,-0.444887886235524,0.397078717973605,-1.12040224292529,0.262542389581898,0.992301441166631,"Gene3507"
116.399258058703,0.507699851961762,0.39576398412994,1.28283490241768,0.199549923376026,0.973542272845075,"Gene3508"
29.4601838292942,-0.405509567515915,0.437895185171225,-0.926042535401146,0.354423875607383,0.992301441166631,"Gene3509"
69.5617354440014,-0.344311861959255,0.403004948068618,-0.854361375981494,0.392904789711014,0.992301441166631,"Gene3510"
19.5921767492608,-0.0137352343772327,0.449914270926554,-0.0305285590273596,0.975645517181504,0.999029830702133,"Gene3511"
50.5737529795538,0.0239286239537013,0.419142596890067,0.05708945865022,0.954473933507612,0.999029830702133,"Gene3512"
150.188209927748,-0.180065650690427,0.322364228981014,-0.558578261799117,0.576449579172348,0.992301441166631,"Gene3513"
79.664367918706,-0.0674975318792342,0.339556323073962,-0.198781549017221,0.842433629715138,0.997961010251689,"Gene3514"
54.7942063650642,0.311638097543174,0.383883492683095,0.811803850603285,0.416904192220725,0.992301441166631,"Gene3515"
281.404873915802,0.683487114777142,0.353150394084168,1.93539955278726,0.0529412841582402,0.929372846090705,"Gene3516"
21.2547795694477,-0.0241718695919449,0.462140700501168,-0.0523041350085196,0.958286358568641,0.999029830702133,"Gene3517"
141.011478193411,-0.0162266493622495,0.360238743202895,-0.0450441538241494,0.964072114988081,0.999029830702133,"Gene3518"
68.7276212039771,0.395243142636451,0.331604546521014,1.19191110852699,0.233296101986378,0.989512291462746,"Gene3519"
20.2738081301756,1.02220584655459,0.503059886153639,2.03197645984121,0.0421560391091853,0.902188581367456,"Gene3520"
49.5850521337792,0.165424945291882,0.361322347758465,0.457832033689942,0.64707311959241,0.992301441166631,"Gene3521"
39.9480563739392,0.410917567053546,0.402432743657351,1.02108382960861,0.307214723606705,0.992301441166631,"Gene3522"
121.296372869786,0.236364739803998,0.323728035393851,0.730133673830365,0.465308479815431,0.992301441166631,"Gene3523"
80.3862919655035,-0.685724589318975,0.348682546587128,-1.96661575416029,0.0492275258380713,0.918998076200182,"Gene3524"
5.72173681009064,-0.306651175102406,0.65217091367537,-0.47020063095768,0.638211683405923,0.992301441166631,"Gene3525"
240.430904150771,-0.0230826910599651,0.321151700745144,-0.071874727757655,0.94270160234799,0.997961010251689,"Gene3526"
4.15430354801257,0.176056140776614,0.744543029580107,0.236462009288977,0.813074183642402,0.995329528434693,"Gene3527"
128.99136080882,-0.108117273258881,0.318206789965619,-0.339770478406709,0.734029381489489,0.993191638049143,"Gene3528"
25.114543379905,-0.13403097282265,0.462354875509339,-0.289887659722412,0.771902182588143,0.993191638049143,"Gene3529"
190.921675694304,-0.159670125648551,0.43023008649045,-0.371127289007239,0.710542726470306,0.992301441166631,"Gene3530"
73.5018276971532,0.0475702692392647,0.327437499964672,0.145280455795067,0.884489445021232,0.997961010251689,"Gene3531"
298.863542577761,-0.285040259631176,0.320932543497191,-0.888162529499507,0.374453331319228,0.992301441166631,"Gene3532"
44.7348107252345,-1.08901938168063,0.359028925293215,-3.03323577840209,0.00241946482499015,0.561626081962544,"Gene3533"
2.92922432605972,-0.73219453293089,0.841593870812649,-0.870009345747584,0.384295296881196,0.992301441166631,"Gene3534"
106.636821270584,2.56048186776073,0.311871025325749,8.21006653338929,2.21065964897691e-16,4.4146873190069e-13,"Gene3535"
40.6078421534367,-0.247789262695692,0.382076026634117,-0.648533918441787,0.516639680283141,0.992301441166631,"Gene3536"
193.566998134353,0.0957451822325544,0.277145179147276,0.345469412555342,0.729741501630853,0.993191638049143,"Gene3537"
14.1476677381775,-0.445435054693157,0.526607331435404,-0.845858057993627,0.397631932626669,0.992301441166631,"Gene3538"
39.9792738285239,0.267026627351334,0.428901114282447,0.622583197989752,0.53355845531055,0.992301441166631,"Gene3539"
31.1147746135606,-0.00511838762069637,0.442937305525613,-0.011555557765952,0.990780204055503,0.999029830702133,"Gene3540"
294.06785362881,0.332024997956442,0.42397745693869,0.783119461949258,0.433556963487483,0.992301441166631,"Gene3541"
5.36566244053864,-0.661433051568658,0.652424411586649,-1.01380794437182,0.310674403769149,0.992301441166631,"Gene3542"
201.468776016408,-0.371512619283163,0.276175588486453,-1.34520440897471,0.178559232806355,0.973542272845075,"Gene3543"
210.372094910245,0.47592999853144,0.364265430036938,1.30654725726561,0.191366519326407,0.973542272845075,"Gene3544"
45.636967924557,0.442287144221953,0.3450691954403,1.28173464935809,0.199935745730943,0.973542272845075,"Gene3545"
182.210093960932,0.0726125280908267,0.298921324070063,0.24291518283857,0.808071103589525,0.995006281733403,"Gene3546"
88.9792960691106,-0.0910484696846256,0.338312090529472,-0.269125674882417,0.787832973371963,0.993191638049143,"Gene3547"
24.1452458577003,0.390073831523819,0.506452987794654,0.770207385333815,0.441176883703348,0.992301441166631,"Gene3548"
20.6100825451215,-0.0776171707902791,0.506768584945517,-0.153160975435412,0.878271331599844,0.997961010251689,"Gene3549"
4.99772814723226,-0.639010779538109,0.674234097861605,-0.947758028798588,0.343252651859708,0.992301441166631,"Gene3550"
375.045817680071,0.104706426939214,0.334919483501417,0.312631638639115,0.754560538021441,0.993191638049143,"Gene3551"
216.317824084148,0.096616863078596,0.389753239655656,0.247892392540358,0.804217666113031,0.994353871645274,"Gene3552"
271.618273462715,0.526768656105779,0.386928232953675,1.3614117845178,0.17338359404354,0.973542272845075,"Gene3553"
57.5060293479736,-0.489877513995957,0.399857766241933,-1.22512942189438,0.220526461279173,0.974639411704289,"Gene3554"
25.0336131690662,-0.20480894426209,0.536263317256008,-0.38191861660438,0.70252173108265,0.992301441166631,"Gene3555"
7.79067549739221,-0.176671658480314,0.564638216472902,-0.312893554361092,0.754361534761927,0.993191638049143,"Gene3556"
25.5105554527524,-0.0351604367926317,0.418838337824095,-0.0839475129599969,0.933098162973286,0.997961010251689,"Gene3557"
18.5460563791592,-0.0691755779843232,0.450592841483832,-0.153521253814249,0.877987230857867,0.997961010251689,"Gene3558"
8.64258179617697,0.0428859202463687,0.528370963950933,0.0811663077124565,0.935309693632051,0.997961010251689,"Gene3559"
73.9667765269772,-0.0681960971404765,0.364734073544852,-0.186974845749064,0.85168035531291,0.997961010251689,"Gene3560"
29.2266745217912,0.267878568399933,0.366369358388863,0.731170776884699,0.464674847482366,0.992301441166631,"Gene3561"
105.847192287067,-0.213179858840908,0.367454379988329,-0.580153266502577,0.561811265609868,0.992301441166631,"Gene3562"
21.3418297397325,0.286344679135279,0.38867786815666,0.736714648799776,0.461295896632076,0.992301441166631,"Gene3563"
647.183068731195,-0.0659410233047371,0.338024546062134,-0.195077618098824,0.845332184125496,0.997961010251689,"Gene3564"
1116.37076091584,-0.409160786098146,0.275465469213808,-1.48534328918216,0.137452910067603,0.973542272845075,"Gene3565"
280.098086465909,-0.106086113269249,0.370648066182183,-0.28621790574001,0.77471123036092,0.993191638049143,"Gene3566"
43.9886981153129,-0.323890011803015,0.372737059075793,-0.868950387187432,0.384874267788919,0.992301441166631,"Gene3567"
97.2559674045032,0.435187490471059,0.354145360425315,1.22883860443185,0.219132324308393,0.973542272845075,"Gene3568"
10.1266839319738,0.0406801336763818,0.493163142198178,0.0824881873674867,0.934258511437284,0.997961010251689,"Gene3569"
12.0708301456853,0.151536738035084,0.46838006218677,0.323533707492992,0.746291084088315,0.993191638049143,"Gene3570"
36.1304478379875,0.341511341823064,0.379880709492699,0.89899627248545,0.36865464611487,0.992301441166631,"Gene3571"
466.907783075336,-0.0184596870411744,0.31804580528587,-0.0580409699935586,0.95371599417902,0.999029830702133,"Gene3572"
35.9452654681562,-0.198645147791474,0.406125513695109,-0.489122552247735,0.624754935991241,0.992301441166631,"Gene3573"
141.316532354594,0.110819459141496,0.402682384349967,0.275203146321851,0.783160169852277,0.993191638049143,"Gene3574"
45.5410160354918,0.124820159684824,0.408722007044461,0.305391335757573,0.76006811987651,0.993191638049143,"Gene3575"
41.7717098302193,-0.342752943775922,0.355137752046102,-0.965126748145402,0.334481331014418,0.992301441166631,"Gene3576"
86.3089262048262,0.499046378346867,0.400846894866678,1.24498002788035,0.213139091754918,0.973542272845075,"Gene3577"
44.4729240200747,-0.0836314618773482,0.431220364018604,-0.193941355408113,0.846221801487323,0.997961010251689,"Gene3578"
335.585571655757,0.182605014191787,0.386716654100491,0.472193302914582,0.636788819525369,0.992301441166631,"Gene3579"
9.1467195942383,-0.263669466886755,0.512186747763438,-0.514791661514318,0.606698612832788,0.992301441166631,"Gene3580"
52.5629542379701,0.651349922681965,0.342005554596864,1.90450100569196,0.0568449658146374,0.937046219552397,"Gene3581"
37.8326169999163,0.173339359730422,0.411346194406136,0.421395316372559,0.673466438669731,0.992301441166631,"Gene3582"
51.4449308260894,-0.254434703893223,0.366360332342603,-0.694493048049993,0.487373059055926,0.992301441166631,"Gene3583"
25.70761661185,0.404410375192349,0.415095358143319,0.974258967870026,0.329927972435816,0.992301441166631,"Gene3584"
119.485953414049,-0.265957992556235,0.418576640354664,-0.635386610038454,0.525176298844501,0.992301441166631,"Gene3585"
8.90359930979083,-0.0347777560292487,0.553450457760477,-0.0628380653436912,0.94989545398859,0.998838723318217,"Gene3586"
125.232706264212,-0.327039253690878,0.33614278286674,-0.972917671775595,0.330594221249789,0.992301441166631,"Gene3587"
4.2657740850875,0.250935107780431,0.687447680216093,0.365024299306024,0.715093267696127,0.992301441166631,"Gene3588"
347.395586231885,-0.0963348434506344,0.35819887337612,-0.26894234072445,0.787974053707673,0.993191638049143,"Gene3589"
121.273074868082,-0.00337914512646462,0.33448247179114,-0.010102607495004,0.991939422570138,0.999029830702133,"Gene3590"
39.8358546971812,0.153507139018095,0.39276488262725,0.390837230638512,0.695917553372639,0.992301441166631,"Gene3591"
2.55999906000222,-0.695651549939727,0.899543191467411,-0.773338686278,0.439321966189626,0.992301441166631,"Gene3592"
40.9138610022171,-0.377700990296322,0.393807215324504,-0.959101244463207,0.337507743556473,0.992301441166631,"Gene3593"
23.310245860229,0.385798122736906,0.400501278081563,0.963288118791813,0.335402954070023,0.992301441166631,"Gene3594"
213.13103358481,0.6424858567542,0.393428006955992,1.63304555190466,0.102459416651383,0.973542272845075,"Gene3595"
5.01000804468122,-0.0601396622757705,0.681531461639171,-0.0882419457659766,0.929684379425576,0.997961010251689,"Gene3596"
6.5839752461434,0.22270566580902,0.62743715258014,0.354944977187296,0.72263081247805,0.993191638049143,"Gene3597"
43.9067698877628,-0.15257030739286,0.401662537450701,-0.379846993850119,0.704058996105319,0.992301441166631,"Gene3598"
42.8801115078809,-0.326302389620776,0.339799801574619,-0.96027834068385,0.336915147933787,0.992301441166631,"Gene3599"
21.080135801796,-0.622526978597093,0.424565181478073,-1.46626950526145,0.142574879733515,0.973542272845075,"Gene3600"
37.7945296242544,-0.219725928655477,0.349913990287795,-0.627942679498921,0.530041490724129,0.992301441166631,"Gene3601"
30.7626513904136,0.539443598805683,0.40034373616033,1.34745107786486,0.177834999543454,0.973542272845075,"Gene3602"
30.2050595521103,-0.277510710792506,0.367871670034126,-0.754368257731732,0.45062812622003,0.992301441166631,"Gene3603"
21.6685393792084,0.326606604308144,0.430510995110634,0.758648694266708,0.44806273553145,0.992301441166631,"Gene3604"
52.2797034391824,-0.460973318362286,0.384025518015988,-1.20037158140906,0.229995060760254,0.982460184680701,"Gene3605"
152.362844901446,0.541654287728123,0.48795698933033,1.11004514654352,0.266979572590393,0.992301441166631,"Gene3606"
472.515582067497,-0.038166840033689,0.325741398683688,-0.11716914149666,0.906726019968197,0.997961010251689,"Gene3607"
158.300530043637,-0.254445039613798,0.415915173457152,-0.611771476137336,0.540688964176682,0.992301441166631,"Gene3608"
50.459323171622,0.757961862257287,0.438033344455412,1.73037480331464,0.0835633326074486,0.954626836533261,"Gene3609"
13.0164908033643,-0.404128082455596,0.47795563051706,-0.845534724673927,0.397812353299167,0.992301441166631,"Gene3610"
175.679070600339,-0.237487086717144,0.366295278191496,-0.648348752650281,0.516759408241766,0.992301441166631,"Gene3611"
266.339138516858,0.18076341744212,0.283719496299341,0.637120183138222,0.524046562779514,0.992301441166631,"Gene3612"
40.6463108895464,0.0851497758769914,0.4037952094276,0.210873665385222,0.83298585402975,0.997961010251689,"Gene3613"
39.0852661030433,0.669524332206822,0.382914113319266,1.74849740168388,0.0803779351317322,0.937046219552397,"Gene3614"
211.016499886966,-0.0648439259286251,0.364190756072502,-0.178049345974383,0.85868422234213,0.997961010251689,"Gene3615"
59.6947204203425,0.313163493030251,0.432293594729206,0.724423162518568,0.468805984003165,0.992301441166631,"Gene3616"
902.351654529056,-0.105762893698413,0.357906942950096,-0.29550388943743,0.767608981594689,0.993191638049143,"Gene3617"
52.3244037653241,0.199830521723739,0.463672672038581,0.430973257158257,0.666487815695455,0.992301441166631,"Gene3618"
7.07111386778321,0.61091724190005,0.604827751850512,1.01006813928578,0.312462645484442,0.992301441166631,"Gene3619"
211.794626873791,-0.0790209695226029,0.309489926831987,-0.25532646678191,0.798470959680002,0.993191638049143,"Gene3620"
69.041841798932,0.201499937385167,0.339815440291167,0.592968751544997,0.553202065095766,0.992301441166631,"Gene3621"
43.3284420752621,0.242852340219355,0.410862044668465,0.591080006952988,0.554466815114922,0.992301441166631,"Gene3622"
9.13778289119536,0.045520784561104,0.530616390692355,0.0857885006185125,0.931634547953385,0.997961010251689,"Gene3623"
119.419313958087,0.588963240180935,0.353493276803133,1.66612289067365,0.0956889401393457,0.973542272845075,"Gene3624"
83.4113862138247,0.28456531351347,0.348924919337841,0.815548840860931,0.414758219639126,0.992301441166631,"Gene3625"
77.028053040536,-0.65210176449016,0.35539007513643,-1.8348901956247,0.0665219606665297,0.937046219552397,"Gene3626"
410.473544317798,-0.0472322403118621,0.307109993293338,-0.153795842998661,0.877770711647413,0.997961010251689,"Gene3627"
19.395755753915,0.102164561276499,0.524548456002691,0.194766680003296,0.84557560821926,0.997961010251689,"Gene3628"
64.2743925162898,-0.0511574954874198,0.387315077723017,-0.13208237538329,0.894919136174877,0.997961010251689,"Gene3629"
42.9572249545429,0.188673120498096,0.409910347845283,0.460278989027399,0.64531598044599,0.992301441166631,"Gene3630"
70.4992347919938,-0.0208756022711542,0.359678653149889,-0.0580395919756038,0.953717091827902,0.999029830702133,"Gene3631"
85.1335037699936,-0.118675136074314,0.386231393264986,-0.30726434501116,0.758642172375195,0.993191638049143,"Gene3632"
44.7630978381044,0.569704737235993,0.412267634679599,1.38188082040141,0.167008297897934,0.973542272845075,"Gene3633"
9.14399999463761,-0.0294012849582381,0.613139369668313,-0.0479520422479855,0.961754463346746,0.999029830702133,"Gene3634"
42.7762695843147,-0.200370881480539,0.329908674307722,-0.607352570831902,0.543616957169041,0.992301441166631,"Gene3635"
264.801802841821,0.132697042452858,0.394498568784691,0.336368881797595,0.736592712473532,0.993191638049143,"Gene3636"
4.87654739235104,-1.04641983731354,0.68249205141704,-1.53323373531001,0.125218274966352,0.973542272845075,"Gene3637"
31.4527802703903,-0.283979243791205,0.42995213718387,-0.66049036446529,0.508939199856324,0.992301441166631,"Gene3638"
93.14670259753,-0.318851844922813,0.34381868159529,-0.927383711214779,0.353727344808761,0.992301441166631,"Gene3639"
13.5340954318748,0.134316095184606,0.513400429657331,0.26162053521119,0.793614010488807,0.993191638049143,"Gene3640"
14.4765667803625,0.124311196628664,0.480538756055724,0.258691302339511,0.795873430918162,0.993191638049143,"Gene3641"
16.8258680769893,-0.901734464047959,0.435789706504176,-2.06919633619047,0.0385276663966296,0.902188581367456,"Gene3642"
20.8256376130621,0.187776054038801,0.458524760525444,0.409522168058318,0.682156501856796,0.992301441166631,"Gene3643"
75.689304819612,-0.130538447564369,0.323611838502085,-0.403379703809964,0.686668915374171,0.992301441166631,"Gene3644"
677.85188771792,0.227995105948093,0.327227338283843,0.696748343655583,0.485960298664385,0.992301441166631,"Gene3645"
115.227971525952,0.0659677842938641,0.393627329337358,0.167589441528148,0.866906278155848,0.997961010251689,"Gene3646"
23.0309531258829,-0.378875451095933,0.411008965207651,-0.921817972764942,0.356623531022735,0.992301441166631,"Gene3647"
25.8153525671043,-0.13279145242931,0.455878231103214,-0.291287109954687,0.770831744998885,0.993191638049143,"Gene3648"
19.2812268548818,-0.248961547999558,0.438457908303358,-0.567811740385598,0.570162806987022,0.992301441166631,"Gene3649"
19.7352921382354,-0.0680547117925665,0.427170593289608,-0.159315067239255,0.873420650428799,0.997961010251689,"Gene3650"
19.7498739109451,0.00762782946321255,0.492752966699303,0.0154800274756485,0.987649218350555,0.999029830702133,"Gene3651"
269.803884897189,0.499543263749187,0.33514363259786,1.49053484882582,0.13608366049092,0.973542272845075,"Gene3652"
132.642967437683,0.580420121046342,0.407356787762606,1.42484460424553,0.154202125544818,0.973542272845075,"Gene3653"
8.0343163227258,0.176431280381841,0.614009616012064,0.287342862034875,0.7738498065886,0.993191638049143,"Gene3654"
119.096529791483,-0.500519134303933,0.364723613638507,-1.37232445497762,0.169962455958391,0.973542272845075,"Gene3655"
211.96623593702,-0.044217742271712,0.317350466401467,-0.139334102051623,0.889186143161856,0.997961010251689,"Gene3656"
39.8619400804413,0.176948621522654,0.434840535424326,0.406927613935495,0.684061153853512,0.992301441166631,"Gene3657"
278.789266829497,0.525397631489643,0.290615067936938,1.80788159134147,0.0706249314245363,0.937046219552397,"Gene3658"
71.1574004058364,-0.0334828893675623,0.418746282569956,-0.0799598486273573,0.936269189831768,0.997961010251689,"Gene3659"
146.393007511848,-0.437532191265724,0.328589574217699,-1.33154617673854,0.183009361516004,0.973542272845075,"Gene3660"
40.0818095355005,-0.0563150889612686,0.378746345187454,-0.148688138319583,0.881799721438869,0.997961010251689,"Gene3661"
292.675238040093,0.240990461933617,0.370180886947496,0.651007305970924,0.515041770713308,0.992301441166631,"Gene3662"
45.6620451502161,0.414282485925875,0.375224637045593,1.1040919092835,0.269553270568504,0.992301441166631,"Gene3663"
32.2970451201167,-0.13423290126573,0.405938668064907,-0.330672862246933,0.740891602974123,0.993191638049143,"Gene3664"
108.348085888945,-0.122238929561856,0.350011958872313,-0.349242151484458,0.726907523710443,0.993191638049143,"Gene3665"
41.2149424920562,0.159543437085615,0.354069401051767,0.450599336208352,0.652278345147296,0.992301441166631,"Gene3666"
38.3635238030674,0.23002995940564,0.399193416038686,0.576236857031099,0.564455095918398,0.992301441166631,"Gene3667"
128.667493260652,-0.491378632991043,0.32590353487096,-1.50774256924093,0.131620425902181,0.973542272845075,"Gene3668"
46.5327106634884,-0.328409522736417,0.330765378107564,-0.992877563593188,0.32076962491155,0.992301441166631,"Gene3669"
34.4705420397411,0.179316596967395,0.402659160717277,0.44533097582573,0.656080585744251,0.992301441166631,"Gene3670"
27.1280325396244,-0.141016858614481,0.477325913808746,-0.295430971868382,0.767664676448856,0.993191638049143,"Gene3671"
13.4046091360056,-0.25819809545277,0.475686483962509,-0.542790481036916,0.587274067922327,0.992301441166631,"Gene3672"
340.806530890664,0.058171324074752,0.359677858483523,0.161731734947529,0.871517112656323,0.997961010251689,"Gene3673"
22.4489297021615,0.0712759461345603,0.482460872269397,0.147734148469477,0.882552580748726,0.997961010251689,"Gene3674"
38.2671910964139,0.20657049743112,0.36305040590928,0.568985722282153,0.569365829341953,0.992301441166631,"Gene3675"
69.5620345299885,-0.132351065020682,0.327425022102269,-0.404217931088182,0.686052469108109,0.992301441166631,"Gene3676"
24.3925122488109,0.181684083833529,0.419683587703343,0.432907288149552,0.665082125053152,0.992301441166631,"Gene3677"
2.79740459094404,-0.633500113656461,0.876718891357485,-0.722580658294666,0.469937554751552,0.992301441166631,"Gene3678"
92.8088752588182,0.131554026794678,0.362811211566469,0.362596365825307,0.716906425433108,0.992301441166631,"Gene3679"
86.5911996382061,0.30902484513015,0.402635171080802,0.76750583984163,0.442780822402815,0.992301441166631,"Gene3680"
38.8765239622032,-0.111154391936637,0.418457520217157,-0.265628854940768,0.79052506067222,0.993191638049143,"Gene3681"
30.7675725610109,0.282055564871524,0.429026700523612,0.657431261334748,0.510903656183369,0.992301441166631,"Gene3682"
19.9820897910051,0.64744380119455,0.428209212395314,1.51198008462471,0.130538929008035,0.973542272845075,"Gene3683"
549.491041486636,0.65668815652196,0.450038300146975,1.45918282134542,0.144514795661098,0.973542272845075,"Gene3684"
45.494544572377,-0.0457273918345371,0.451504088193554,-0.101277913157974,0.919329848777078,0.997961010251689,"Gene3685"
65.5937664643819,1.02165116305033,0.451189654515871,2.26434970931807,0.0235526144739664,0.902188581367456,"Gene3686"
64.5781797826109,-0.824114449648946,0.333445617873412,-2.4715108115825,0.0134543482908704,0.857253377328387,"Gene3687"
33.6015666498209,-0.789603088724656,0.414884271374402,-1.90318877625539,0.0570159171591285,0.937046219552397,"Gene3688"
1012.62850027691,0.433628814915662,0.292414574762496,1.4829247662086,0.138094400536036,0.973542272845075,"Gene3689"
45.4399986487098,0.788432682571138,0.435097445621509,1.81208299544235,0.069973373417781,0.937046219552397,"Gene3690"
12.7818200601478,-0.134734648429072,0.463180800198092,-0.29088996860718,0.77113547362603,0.993191638049143,"Gene3691"
73.5291762686196,0.396019940074916,0.335649349904015,1.17986207984066,0.238055073840363,0.992301441166631,"Gene3692"
200.828844097925,-0.870066489109212,0.300857608804998,-2.89195441180665,0.00382853495704576,0.643108662138178,"Gene3693"
13.7729795235128,-0.174894234441522,0.459592461911383,-0.380541999566662,0.70354312611693,0.992301441166631,"Gene3694"
344.814431531776,0.0443234205613869,0.305861694829803,0.144913277179252,0.884779343420075,0.997961010251689,"Gene3695"
72.6905038213657,-0.301906241726078,0.374230342964465,-0.806739077688167,0.419816825065368,0.992301441166631,"Gene3696"
35.6845858566785,0.0141912519008988,0.404816797436613,0.0350559857959473,0.972035098068156,0.999029830702133,"Gene3697"
163.776830198407,-0.231642021968172,0.328824307957018,-0.704455286190251,0.481149286523724,0.992301441166631,"Gene3698"
10.1161790300409,0.387118395315921,0.55722062494704,0.694730916237558,0.487223949333098,0.992301441166631,"Gene3699"
274.313561655615,0.471546004683146,0.33043617517141,1.42704110540723,0.153568046682786,0.973542272845075,"Gene3700"
29.580976779207,0.0634046576834297,0.433643448069765,0.146213802988738,0.883752609453732,0.997961010251689,"Gene3701"
20.1027628533952,-0.544355390400023,0.419184094498537,-1.29860697851913,0.194078841842361,0.973542272845075,"Gene3702"
34.3734274791046,0.417821122231422,0.347621139634685,1.20194394009096,0.22938524869133,0.982460184680701,"Gene3703"
51.1992731244024,0.226285132658298,0.425812582868073,0.531419553490289,0.595128074527769,0.992301441166631,"Gene3704"
19.3928808602331,-0.231267002822,0.440270821928172,-0.525283510292968,0.599386118740614,0.992301441166631,"Gene3705"
2.92382585269834,0.0072560564554514,0.842381104410649,0.00861374550955522,0.993127310435726,0.999029830702133,"Gene3706"
76.5941489860704,-0.112118153216005,0.37853044697228,-0.296193223326671,0.767082523783044,0.993191638049143,"Gene3707"
150.31086968714,0.322546993425848,0.42158864013029,0.765075153178145,0.44422679442946,0.992301441166631,"Gene3708"
44.0515473342078,0.160349382332069,0.378553274172763,0.423584719171888,0.67186870145417,0.992301441166631,"Gene3709"
75.7983214976328,0.540901795297992,0.428404674917034,1.26259545464284,0.206734602240085,0.973542272845075,"Gene3710"
103.075991519939,0.325908083971566,0.335751363962883,0.970682829474953,0.33170624487223,0.992301441166631,"Gene3711"
20.2284626985566,-0.0286188399561653,0.437642545550006,-0.065393185025461,0.947860950029389,0.998838723318217,"Gene3712"
412.275567829764,0.0712014315203042,0.457335448108595,0.155687541420138,0.876279317924283,0.997961010251689,"Gene3713"
17.9054236867467,-0.133354953898681,0.453723416635152,-0.293912434336433,0.76882481631832,0.993191638049143,"Gene3714"
54.0647941695711,-0.19629190681344,0.427885195670882,-0.458749002768542,0.646414420201051,0.992301441166631,"Gene3715"
460.192788271901,0.629946913563992,0.335873411280846,1.87554862161224,0.0607172870653174,0.937046219552397,"Gene3716"
62.8935970838879,0.0479097626147534,0.376980626974016,0.127088129168122,0.898870646827775,0.997961010251689,"Gene3717"
62.566538976186,-0.208271879967611,0.434156221957171,-0.479716446372054,0.631429031828152,0.992301441166631,"Gene3718"
14.0174162540933,0.0806685333242019,0.52974324314486,0.152278550728287,0.878967241654462,0.997961010251689,"Gene3719"
13.168372914904,-0.314343258242383,0.517190918848654,-0.607789593332689,0.543327032242512,0.992301441166631,"Gene3720"
26.4343541205664,0.283395526928987,0.378951757849669,0.747840644775185,0.454556282796685,0.992301441166631,"Gene3721"
38.126200801863,0.10531377937362,0.366204988828654,0.287581498303661,0.773667109067084,0.993191638049143,"Gene3722"
419.75504284805,0.162549744691471,0.327160783422224,0.496849723219085,0.61929502813586,0.992301441166631,"Gene3723"
29.5943970247893,-0.104357481645193,0.386111373361033,-0.270278186153334,0.78694624599171,0.993191638049143,"Gene3724"
13.1493721815023,-0.102599427178762,0.602969786647127,-0.17015682949767,0.864886801613477,0.997961010251689,"Gene3725"
130.209217998153,-0.283970179358364,0.321296783808411,-0.883825153779612,0.376790605633532,0.992301441166631,"Gene3726"
81.4218159956548,0.315588395137644,0.320257496850647,0.985420788712464,0.324417422372593,0.992301441166631,"Gene3727"
55.918757000085,-0.079541306133072,0.360910097832413,-0.220390913445727,0.825566721471998,0.997961010251689,"Gene3728"
345.935725595066,1.02200075676553,0.306510424887585,3.33430994113938,0.000855113161369153,0.310483815137127,"Gene3729"
181.908473617676,-0.138024942774109,0.424612633832052,-0.32506084788024,0.745135020059583,0.993191638049143,"Gene3730"
225.728357945916,-0.59553553515088,0.325951436314609,-1.82706829546248,0.067689501468542,0.937046219552397,"Gene3731"
41.2545318533238,-0.0600387055446549,0.460148077460497,-0.130476923593817,0.896189110360987,0.997961010251689,"Gene3732"
39.9387327126891,-0.514012380074215,0.378061103543286,-1.35960133231575,0.173956116319284,0.973542272845075,"Gene3733"
37.5743183869655,0.159742251870988,0.509640397282687,0.313441110089989,0.753945555257205,0.993191638049143,"Gene3734"
17.5334724886849,-0.605984643580255,0.451099615457954,-1.34334994492306,0.179158686788499,0.973542272845075,"Gene3735"
11.698770062058,-0.668579458219221,0.507298038072742,-1.31792242043592,0.187529619464381,0.973542272845075,"Gene3736"
61.3991470035125,-0.575615910737717,0.318637420750583,-1.80649187211532,0.0708415425935032,0.937046219552397,"Gene3737"
50.2650154126966,0.318339873678417,0.386692476591595,0.823237825789489,0.41037276238847,0.992301441166631,"Gene3738"
45.3223038952928,0.254672565418356,0.462325761666439,0.550850907594671,0.581735883132723,0.992301441166631,"Gene3739"
188.965469795414,-0.193064131647122,0.316844575094693,-0.609333871629087,0.542303160187217,0.992301441166631,"Gene3740"
22.1758750749643,-0.154704158116303,0.422468504643926,-0.366190985637364,0.714222568172947,0.992301441166631,"Gene3741"
655.66073328588,0.610355823580666,0.365331359265937,1.67069102637961,0.0947827222551678,0.973542272845075,"Gene3742"
29.6668747981302,0.209655460927501,0.421972513228628,0.496846250300451,0.619297477369148,0.992301441166631,"Gene3743"
131.495857692964,-0.100332438897931,0.4198416704931,-0.23897684758183,0.811123535613641,0.995197632507595,"Gene3744"
16.8300360330172,0.216614757174359,0.461010948491185,0.469869008281267,0.638448607564453,0.992301441166631,"Gene3745"
73.0081143435655,0.0406303475689626,0.368184357139627,0.110353269445269,0.91212921228323,0.997961010251689,"Gene3746"
20.5997081222098,0.332004941694934,0.430151797468819,0.771832045451351,0.440213909314336,0.992301441166631,"Gene3747"
20.1036704708215,-0.578628523170313,0.453861747818516,-1.27490039852772,0.202344498021534,0.973542272845075,"Gene3748"
9.14516487615102,-0.660712850179597,0.536428809313178,-1.23168785626101,0.218065707842473,0.973542272845075,"Gene3749"
64.0126052200617,-0.0635035085470049,0.351994351590251,-0.180410589715735,0.856830241338227,0.997961010251689,"Gene3750"
112.099132088101,-0.278593898319679,0.319927035108169,-0.870804488984446,0.383860913804209,0.992301441166631,"Gene3751"
44.9789015028669,-0.317118926549727,0.324883658072405,-0.976099962772066,0.329014929818584,0.992301441166631,"Gene3752"
33.6896580727961,0.218068261787349,0.402348432221682,0.541988595763187,0.587826362174724,0.992301441166631,"Gene3753"
38.7095298455733,-0.267197211168608,0.450480481761296,-0.593138264556804,0.553088624183502,0.992301441166631,"Gene3754"
127.033474556198,-0.303879206194946,0.319144145078273,-0.952169140124492,0.341011208934773,0.992301441166631,"Gene3755"
190.449294604506,-0.572454950274807,0.335029615604493,-1.70866969250443,0.08751215114553,0.956993256075717,"Gene3756"
3.78518517543119,1.78579472691516,0.844517291099833,2.11457449804192,0.0344662290942401,0.902188581367456,"Gene3757"
28.6568109726062,0.641830546019053,0.358866330572703,1.7884947439755,0.073696222889273,0.937046219552397,"Gene3758"
156.445620125107,0.180286137725395,0.374370062544333,0.481571994566327,0.630110024699088,0.992301441166631,"Gene3759"
284.69089862205,0.0561923394295592,0.33277179168811,0.16886148655961,0.865905593376643,0.997961010251689,"Gene3760"
151.247155653816,0.418190538248934,0.399776122829519,1.04606181902281,0.29553249173846,0.992301441166631,"Gene3761"
55.1114996945566,0.613761148068194,0.419215515324127,1.46407068830372,0.143174635142453,0.973542272845075,"Gene3762"
129.637868972621,-0.00557541623619417,0.378040278665855,-0.014748206873274,0.988233060008248,0.999029830702133,"Gene3763"
67.8476492809262,0.340827044962737,0.353986937794019,0.962823789732774,0.335635959962075,0.992301441166631,"Gene3764"
109.444241100355,-0.284878328156365,0.320831238862528,-0.887938248053306,0.374573969234054,0.992301441166631,"Gene3765"
107.337695488386,-0.0496303724526906,0.367279015715276,-0.135129888529121,0.89250917927361,0.997961010251689,"Gene3766"
328.924611296011,0.470992339395045,0.317540631611219,1.48325062214937,0.138007836063584,0.973542272845075,"Gene3767"
87.8466603637338,-0.0943114319945352,0.357844490554462,-0.263554237899274,0.792123424847328,0.993191638049143,"Gene3768"
31.3369891629785,0.399297471993021,0.399715434551242,0.998954349714591,0.317816805944218,0.992301441166631,"Gene3769"
163.14935703977,-0.0725913553384235,0.355521009258511,-0.204183025610281,0.838210475537394,0.997961010251689,"Gene3770"
15.5997989273474,0.0495958407163344,0.483442313574218,0.102588952856979,0.918289210919344,0.997961010251689,"Gene3771"
47.6673835442387,-0.270917432275909,0.404086401401222,-0.670444319176463,0.502574590309711,0.992301441166631,"Gene3772"
2.55724294845745,-0.695278063650052,0.875547963304705,-0.794106197250194,0.427133610126906,0.992301441166631,"Gene3773"
69.3097984246808,-0.335328586176739,0.372029664652233,-0.901349053684198,0.367402759996046,0.992301441166631,"Gene3774"
101.571150807977,-0.392292121949613,0.448845332298979,-0.874002899707788,0.382116674590255,0.992301441166631,"Gene3775"
5.72883773995227,0.565822483207187,0.627588306395758,0.901582259326512,0.367278818564057,0.992301441166631,"Gene3776"
1141.44378049575,0.0817502365622033,0.349407760040405,0.233968005040157,0.815009817607957,0.995606184538255,"Gene3777"
18.1734707948349,0.861193183708386,0.436016251199061,1.97514010392978,0.0482522508205088,0.918998076200182,"Gene3778"
10.1095159898457,0.600805425546948,0.557837572669914,1.07702574186852,0.281468765669047,0.992301441166631,"Gene3779"
42.0642806073236,-0.323460028826898,0.397192108324651,-0.814366705802,0.415434906073389,0.992301441166631,"Gene3780"
74.4165440191439,0.510840080752447,0.411741599333334,1.24068124663519,0.214723524765689,0.973542272845075,"Gene3781"
27.0456595486509,0.00251586330361702,0.386283835218816,0.00651299141780519,0.994803421442112,0.999029830702133,"Gene3782"
94.9681343208009,0.136572184607019,0.357509292123618,0.382010167612078,0.702453822900736,0.992301441166631,"Gene3783"
21.6733961080679,-0.189435531043764,0.428436727081338,-0.442155210021945,0.658376894959265,0.992301441166631,"Gene3784"
128.927162455241,0.0329124966356318,0.354058583767916,0.0929577706756173,0.925937110019791,0.997961010251689,"Gene3785"
74.2919588614049,-0.253795449064626,0.369307146621846,-0.687220519251152,0.491943775752575,0.992301441166631,"Gene3786"
563.777631888466,-0.0188618500398361,0.304282078471034,-0.0619880412760873,0.950572355366185,0.998838723318217,"Gene3787"
76.1488802087755,0.502356410522432,0.388993606013934,1.2914258814435,0.196556040857771,0.973542272845075,"Gene3788"
44.6533446606552,-0.214817404921627,0.398646186680077,-0.538867326715514,0.589978403476755,0.992301441166631,"Gene3789"
70.8581743600463,0.0229422098447204,0.36621914398958,0.0626461238339117,0.950048300014744,0.998838723318217,"Gene3790"
88.0229889264808,0.208607471537316,0.383503001549973,0.543952643640869,0.58647406119044,0.992301441166631,"Gene3791"
22.0673891458141,-0.238705591543382,0.509736110474863,-0.468292488285768,0.639575439474479,0.992301441166631,"Gene3792"
17.9136504238916,-0.289070838443959,0.466128995014587,-0.620152021298124,0.535157705708838,0.992301441166631,"Gene3793"
184.577065182458,-0.596275369183201,0.365973217137612,-1.62928690204942,0.103252297602561,0.973542272845075,"Gene3794"
49.9182042858852,0.485038912179515,0.376497829029841,1.28829139182386,0.197644548505829,0.973542272845075,"Gene3795"
7.20757168745673,0.756200440452836,0.571173749606238,1.3239411667188,0.185522584784818,0.973542272845075,"Gene3796"
16.4544266279129,0.239710577419085,0.476215308756377,0.503365962856345,0.61470699757585,0.992301441166631,"Gene3797"
56.1587106357602,0.476369161504987,0.386166329868371,1.23358543886352,0.217357421667881,0.973542272845075,"Gene3798"
181.31382440115,0.0982431268255036,0.325819208076092,0.301526504240228,0.763013042413216,0.993191638049143,"Gene3799"
54.6301764539619,-0.276196787789254,0.48256814340427,-0.572347743141161,0.567086410972821,0.992301441166631,"Gene3800"
49.8962629685631,0.240803863824675,0.432655725275698,0.556571541197633,0.57782020232784,0.992301441166631,"Gene3801"
33.725245301481,-0.278483784888429,0.377352857148695,-0.737993047124838,0.460518674236693,0.992301441166631,"Gene3802"
22.1674081765767,-0.317189733927693,0.443158644898934,-0.715747594182736,0.474147216864634,0.992301441166631,"Gene3803"
26.4290434904059,0.0167011305382091,0.362046854085928,0.0461297490911086,0.963206834894649,0.999029830702133,"Gene3804"
103.169636133338,-0.499385988890012,0.334895379742801,-1.49117013580044,0.135916832228201,0.973542272845075,"Gene3805"
34.5090999597504,-0.00521711222008095,0.367137886263646,-0.0142102256816244,0.988662261896939,0.999029830702133,"Gene3806"
52.5113878457527,-0.310784819173188,0.328648822560677,-0.945644097403722,0.344330144390249,0.992301441166631,"Gene3807"
32.9008266536248,-0.759499926600197,0.384430492090257,-1.97564954452645,0.0481944831331341,0.918998076200182,"Gene3808"
72.2526167661335,0.702887478243186,0.385757982406126,1.82209444859442,0.0684406559217531,0.937046219552397,"Gene3809"
195.181721771741,0.352555889611322,0.464832450510792,0.758457997551392,0.448176848777934,0.992301441166631,"Gene3810"
130.86356437227,0.938184746333236,0.404464226441287,2.31957410569517,0.0203639279858567,0.902188581367456,"Gene3811"
41.4796734288556,0.0918921382091674,0.391343286430301,0.234812098215293,0.814354577230542,0.995606184538255,"Gene3812"
17.1869289232991,-0.386111650230775,0.471052395793755,-0.819678773908262,0.412399253519167,0.992301441166631,"Gene3813"
121.150528963174,-0.194605894215128,0.375196444752001,-0.518677340729493,0.60398576562755,0.992301441166631,"Gene3814"
54.1559723645563,-0.622186821103075,0.349913223022256,-1.77811748789928,0.0753845608228085,0.937046219552397,"Gene3815"
10.7302989132348,-0.323305058836845,0.502956218264195,-0.642809547027049,0.520347687540217,0.992301441166631,"Gene3816"
136.295202175278,-0.28586424649317,0.369552123345684,-0.773542427263416,0.439201429641968,0.992301441166631,"Gene3817"
159.829463177682,-0.183730952824731,0.32374395109802,-0.567519338049664,0.570361391998808,0.992301441166631,"Gene3818"
20.6195010692673,0.829415461630444,0.406607304005418,2.03984398081396,0.0413658677436014,0.902188581367456,"Gene3819"
1489.66214151252,-0.114628894925009,0.365818590830022,-0.313349014507225,0.754015515519216,0.993191638049143,"Gene3820"
2.07452503368085,-0.164830496240781,0.929588315599173,-0.177315585270173,0.859260509489222,0.997961010251689,"Gene3821"
113.129438485512,0.67676051574831,0.320323324348041,2.1127419213875,0.0346228630955831,0.902188581367456,"Gene3822"
39.2850716937113,0.294605121903546,0.368346990429206,0.799803254969631,0.423824796884065,0.992301441166631,"Gene3823"
72.1879685871279,-0.228979868103772,0.418612715915609,-0.546996924359876,0.58438084514228,0.992301441166631,"Gene3824"
12.7773485956637,-0.410602485056088,0.565072093594083,-0.726637343643168,0.467448145477271,0.992301441166631,"Gene3825"
44.629658461311,-0.423884316192104,0.373550681378855,-1.1347437906617,0.256482683606337,0.992301441166631,"Gene3826"
24.7173355957249,-0.0693196001124033,0.415898625631057,-0.166674270700516,0.867626351324146,0.997961010251689,"Gene3827"
78.1823580848061,-0.210533486152751,0.381781182877585,-0.551450662303219,0.581324779308784,0.992301441166631,"Gene3828"
100.653555961891,-0.160545994648036,0.398891618533852,-0.402480240718348,0.687330627336004,0.992301441166631,"Gene3829"
94.7481187262022,-0.205071986970328,0.340084563812148,-0.603002925718215,0.546506742885916,0.992301441166631,"Gene3830"
79.7213144811595,-0.449394698561593,0.402817348973788,-1.11562895616702,0.264580992154523,0.992301441166631,"Gene3831"
53.5834888613608,0.223630114035097,0.428434275971572,0.521970641886587,0.60169077159627,0.992301441166631,"Gene3832"
58.9247676607016,0.595442564851491,0.388111304323709,1.53420567300677,0.124979062451688,0.973542272845075,"Gene3833"
512.131185960978,0.622307234842832,0.411519103658161,1.51221955265476,0.13047801850391,0.973542272845075,"Gene3834"
156.201109588997,0.102016828347078,0.387610696947689,0.263194047920835,0.79240101820007,0.993191638049143,"Gene3835"
52.0512250268872,0.0797684050037815,0.330525032572017,0.241338468021786,0.809292798667518,0.995006281733403,"Gene3836"
323.036195217526,0.143584652135012,0.313730409372117,0.457668902489797,0.647190332931669,0.992301441166631,"Gene3837"
99.1625846997648,0.3495025594229,0.40825268982988,0.856093708944182,0.391945948147188,0.992301441166631,"Gene3838"
42.4443721587238,-0.110110475871301,0.400767925981578,-0.274748722971316,0.783509295545824,0.993191638049143,"Gene3839"
16.951304888508,0.23233653290032,0.455666210908907,0.509883171799997,0.610133312172551,0.992301441166631,"Gene3840"
74.0669905080498,-0.131641977105771,0.402547030373135,-0.327022601517512,0.743650790701087,0.993191638049143,"Gene3841"
98.55072637614,-0.201580528342909,0.369633929157664,-0.54535179928498,0.585511584554883,0.992301441166631,"Gene3842"
21.5897173046151,0.285221720962116,0.403130672880567,0.707516793311873,0.479245380409441,0.992301441166631,"Gene3843"
14.0208743737947,-0.955996466501712,0.488297299061013,-1.95781641295186,0.0502515588041979,0.920663880109938,"Gene3844"
12.6796543437059,-0.163751163084256,0.489338268665605,-0.33463796635157,0.737898201483536,0.993191638049143,"Gene3845"
18.7610020283748,0.040526472271745,0.444092130799342,0.0912569024783202,0.927288461883734,0.997961010251689,"Gene3846"
195.057274253598,0.370080489962234,0.3453236107593,1.07169182306561,0.28385847475354,0.992301441166631,"Gene3847"
108.993052876525,-0.161447061301933,0.334998065096067,-0.481934309846341,0.629852612068106,0.992301441166631,"Gene3848"
24.8781584132011,0.0901478165367565,0.402509264568084,0.223964575407948,0.822784867793782,0.997961010251689,"Gene3849"
9.25159751088566,-1.02617630260088,0.526521107547705,-1.94897467146254,0.0512984495799954,0.922909944245504,"Gene3850"
2.92037491381793,1.28509581126215,0.871185570775751,1.47511145084489,0.140182582390804,0.973542272845075,"Gene3851"
15.1216907091341,0.00387116983353417,0.442633085760405,0.00874577603453173,0.993021969286552,0.999029830702133,"Gene3852"
99.513013123095,0.241999796564721,0.366583052253632,0.660149985322523,0.509157584384582,0.992301441166631,"Gene3853"
13.8841024258359,0.106151569093156,0.484684046585496,0.219011889995087,0.826640785728229,0.997961010251689,"Gene3854"
83.1545492483673,0.116369022522743,0.312167273215822,0.372777778157064,0.709313843129107,0.992301441166631,"Gene3855"
415.414858780877,-0.128858700078374,0.320551842139276,-0.401990202952527,0.687691236424175,0.992301441166631,"Gene3856"
3.41961170947465,1.32809768996154,0.826143257660403,1.60758764009361,0.107925520981614,0.973542272845075,"Gene3857"
38.6910945495945,-0.437081186655375,0.45606040326179,-0.958384423487167,0.337868946820982,0.992301441166631,"Gene3858"
14.5084217903275,0.0781525132851279,0.442747603710693,0.176517077969767,0.859887733052722,0.997961010251689,"Gene3859"
167.103876093254,0.138128133875124,0.320923031067045,0.430408915857046,0.666898210831897,0.992301441166631,"Gene3860"
51.2703945285371,-0.504063417832453,0.354500217479288,-1.42189875486297,0.155055644728859,0.973542272845075,"Gene3861"
74.9112710030258,-0.14025684240489,0.406258133998649,-0.345240699612322,0.729913423698896,0.993191638049143,"Gene3862"
66.0852585727197,-0.974244888813548,0.426247405873225,-2.2856324176746,0.0222757720046317,0.902188581367456,"Gene3863"
69.3723308346283,0.235676121693124,0.334940163254444,0.703636492569831,0.481659179263008,0.992301441166631,"Gene3864"
84.8082638431989,-0.720112360571009,0.410741848038332,-1.75319939765136,0.0795677863902782,0.937046219552397,"Gene3865"
15.5926977733073,0.0955346889166347,0.531061427949019,0.179893857638265,0.857235897431415,0.997961010251689,"Gene3866"
242.786926042888,0.41541167057896,0.34499315158844,1.20411570104013,0.22854486213219,0.982460184680701,"Gene3867"
328.49821709877,-0.159266833472439,0.304590956765579,-0.522887597070109,0.601052476233303,0.992301441166631,"Gene3868"
38.8478629394019,-0.705238018797255,0.394306813070534,-1.78855144121261,0.0736870841110533,0.937046219552397,"Gene3869"
39.2480158640509,0.328740224519492,0.457252518932136,0.718946776470975,0.472173713757734,0.992301441166631,"Gene3870"
6.32795631012286,0.449694599645996,0.618764088213132,0.726762603409362,0.467371395588915,0.992301441166631,"Gene3871"
62.7361084604543,0.0201105886063686,0.323811784166209,0.0621057959893333,0.950478581378911,0.998838723318217,"Gene3872"
2.44082381302901,0.00942780715269164,0.903501220399168,0.010434747557426,0.991674427115215,0.999029830702133,"Gene3873"
37.0594280069296,-0.609655065533364,0.446803810022799,-1.36448045396537,0.172416401815434,0.973542272845075,"Gene3874"
5.72886606793978,-0.555256629133502,0.633336120489646,-0.876717135135481,0.380640297316776,0.992301441166631,"Gene3875"
21.3659259211093,0.189107670604006,0.489274506132383,0.38650628273863,0.699121750488855,0.992301441166631,"Gene3876"
43.7337366835961,-0.0357698196439677,0.330918533204297,-0.10809252445793,0.913922298028489,0.997961010251689,"Gene3877"
119.406825376904,-0.107480952667089,0.338047521218054,-0.317946282462929,0.750525684418413,0.993191638049143,"Gene3878"
289.147540891497,-0.520844132872887,0.391263838076003,-1.33118392804732,0.183128498406048,0.973542272845075,"Gene3879"
35.8011696147575,-0.411820638100406,0.424557888198894,-0.969998790618346,0.332047094950114,0.992301441166631,"Gene3880"
40.4192787125293,-0.36202092452175,0.412405385749174,-0.877827829197973,0.380037159626978,0.992301441166631,"Gene3881"
35.783978298865,0.333678037766752,0.401496320446198,0.831086166358694,0.40592495403529,0.992301441166631,"Gene3882"
38.1819589177286,-0.0784366223658204,0.433771150499603,-0.180824894130187,0.856505022514246,0.997961010251689,"Gene3883"
40.194563234892,-0.258879587784875,0.362529521207906,-0.714092432865379,0.475170024833349,0.992301441166631,"Gene3884"
116.045573221158,0.138888005459661,0.446607779687741,0.310984294892419,0.755812560944209,0.993191638049143,"Gene3885"
433.635192242778,0.344254633694698,0.368016543929199,0.935432494472116,0.34956545732021,0.992301441166631,"Gene3886"
315.850015417115,0.0707545826212572,0.349181887290394,0.202629589897413,0.839424560353045,0.997961010251689,"Gene3887"
43.3965324504124,0.247490207442029,0.415292089795773,0.59594250293507,0.551213638018421,0.992301441166631,"Gene3888"
121.642026048302,-0.0276877195059549,0.33505892452219,-0.0826353738986027,0.934141473149862,0.997961010251689,"Gene3889"
27.9948312884482,0.823234241656561,0.477893640176877,1.72263067018817,0.0849553350098251,0.954626836533261,"Gene3890"
6.69224560374563,0.264401082324424,0.589774188391361,0.448309009666211,0.653930199237998,0.992301441166631,"Gene3891"
109.224513739662,0.245706089309406,0.320647947129937,0.766279938819749,0.443509752362678,0.992301441166631,"Gene3892"
82.2495737309197,-0.420991353457257,0.306809920885046,-1.37215691149372,0.170014595797616,0.973542272845075,"Gene3893"
374.026968861512,-0.16610955459101,0.340893613529447,-0.487276815987228,0.626062175055413,0.992301441166631,"Gene3894"
48.7512926658839,0.367312523429435,0.414500581705646,0.886156834612788,0.375533020321233,0.992301441166631,"Gene3895"
8.52684747375973,0.00295478746849951,0.551607113822514,0.00535668847347433,0.995726001409759,0.999029830702133,"Gene3896"
86.4869005217884,-0.673623584712009,0.379300799950372,-1.77596141321122,0.075739277377935,0.937046219552397,"Gene3897"
9.86921766105089,0.252598920115316,0.515255417280735,0.490240202516276,0.623963935595517,0.992301441166631,"Gene3898"
11.5639491049801,0.277183375466704,0.50726001383561,0.546432535398959,0.584768650594058,0.992301441166631,"Gene3899"
28.3876669912917,-0.40608283348636,0.362069003658821,-1.12156199338459,0.262048719054154,0.992301441166631,"Gene3900"
18.1874707235333,0.259405820606331,0.43101512282337,0.601848535863638,0.547274963884527,0.992301441166631,"Gene3901"
12.0482357041234,-0.379111139843945,0.491513235637557,-0.771314203476511,0.440520715498867,0.992301441166631,"Gene3902"
201.164023012666,0.00897451066620728,0.29521846235243,0.0303995576519654,0.975748397636545,0.999029830702133,"Gene3903"
65.3803455276225,-0.549664285649797,0.42607538465513,-1.29006346164471,0.197028624833164,0.973542272845075,"Gene3904"
16.0767746510807,-0.0394390820440715,0.432329814647038,-0.0912245251377592,0.927314187957631,0.997961010251689,"Gene3905"
20.2514751476005,-0.450682144720484,0.520721328305247,-0.865495842444721,0.386766696884294,0.992301441166631,"Gene3906"
9.86288841224984,-0.393557850145713,0.559190204258629,-0.703799614421876,0.481557573873765,0.992301441166631,"Gene3907"
94.7726966503172,0.100525134873153,0.341001117200717,0.29479415111119,0.768151134732501,0.993191638049143,"Gene3908"
129.497713758354,-0.273865413164075,0.398840390265237,-0.686654160031156,0.492300690063374,0.992301441166631,"Gene3909"
39.7222090276046,-0.516462999776512,0.487538622803766,-1.05932735504401,0.289450721026543,0.992301441166631,"Gene3910"
130.630076757425,0.0292499395327932,0.313027501422506,0.093442075855544,0.925552365022605,0.997961010251689,"Gene3911"
38.1862660470423,-0.876178002059313,0.445427269479966,-1.96705065471687,0.0491773712677988,0.918998076200182,"Gene3912"
62.662851447542,-0.187566073205852,0.397120986709291,-0.472314683643647,0.636702191025723,0.992301441166631,"Gene3913"
209.026292670884,0.361988078450296,0.374104250811719,0.967612844988707,0.33323775975733,0.992301441166631,"Gene3914"
20.7302772761428,-0.472532802999713,0.453641115264114,-1.0416445668171,0.297576498143454,0.992301441166631,"Gene3915"
56.2863901487424,-0.299479036607718,0.367490303791461,-0.814930444471436,0.415112125328457,0.992301441166631,"Gene3916"
94.5332296811725,-0.158428031911845,0.313341717261062,-0.505607849783531,0.613131969872763,0.992301441166631,"Gene3917"
28.0295368337211,-0.147867238567877,0.448504986528645,-0.32968917405433,0.74163483466556,0.993191638049143,"Gene3918"
55.942207132629,0.528747650981185,0.408314995709294,1.29495036072012,0.195337353992058,0.973542272845075,"Gene3919"
101.330258197149,0.21767140909833,0.314281181548183,0.692600836060425,0.488560085506691,0.992301441166631,"Gene3920"
193.225798281232,0.152589193565803,0.383694990257045,0.3976835701284,0.690863449836838,0.992301441166631,"Gene3921"
162.676854524373,-0.333279132176429,0.295548702242357,-1.1276623096221,0.259462560931149,0.992301441166631,"Gene3922"
33.5765711189747,0.295201558228303,0.475356885664375,0.621010375847864,0.534592796311985,0.992301441166631,"Gene3923"
104.883892181411,-0.59771533599152,0.3662028841056,-1.63219723801836,0.102637942446974,0.973542272845075,"Gene3924"
308.720212136774,0.547165504705788,0.373573660926091,1.46467902300543,0.143008510721271,0.973542272845075,"Gene3925"
25.33827526158,0.535276613106042,0.408746819419881,1.30955542079995,0.190346277653212,0.973542272845075,"Gene3926"
330.87736163738,0.631426111491364,0.372301323329748,1.6960082382842,0.0898843199067743,0.965048316418432,"Gene3927"
11.2241667677158,-0.435386914620112,0.561923550204329,-0.774815211894562,0.438448859202068,0.992301441166631,"Gene3928"
24.3713453888891,-0.13784519605657,0.394648671017145,-0.349285848857151,0.726874721235923,0.993191638049143,"Gene3929"
51.1452790584209,0.572943372103483,0.370469290729895,1.5465340486783,0.12197564359973,0.973542272845075,"Gene3930"
6.58807410542972,-0.313419166335083,0.622779677601738,-0.50325849992734,0.614782539892712,0.992301441166631,"Gene3931"
82.5035669758911,-0.177688091586567,0.36687309888849,-0.484331209142631,0.628150830345436,0.992301441166631,"Gene3932"
4.5146697219819,0.558147742541347,0.670179772255479,0.832832869101539,0.404938994384757,0.992301441166631,"Gene3933"
16.2124621306205,0.0692634816920455,0.434656639679108,0.159352176796794,0.873391414757083,0.997961010251689,"Gene3934"
15.841045715251,-0.675759157013844,0.505945794451036,-1.33563548590627,0.18166844548557,0.973542272845075,"Gene3935"
190.957656452505,0.572365621368837,0.307048185361022,1.86409055209318,0.0623089890938572,0.937046219552397,"Gene3936"
15.2268955431805,-0.204871690420661,0.428874009951849,-0.477696679366658,0.632866108111114,0.992301441166631,"Gene3937"
267.308728465544,0.0303714663520788,0.420797473452054,0.0721759712645694,0.942461867443348,0.997961010251689,"Gene3938"
14.37112435899,-0.239476655261907,0.475670957847671,-0.503450234476153,0.614647760718325,0.992301441166631,"Gene3939"
38.8708693706039,-0.149236471136223,0.432911655772285,-0.344727311326361,0.730299383841739,0.993191638049143,"Gene3940"
17.7191446848536,0.0710879934264048,0.527447238310095,0.134777449312591,0.892787835976307,0.997961010251689,"Gene3941"
184.929249965933,-0.0563270758165418,0.336147103200948,-0.167566744678652,0.866924135119716,0.997961010251689,"Gene3942"
10.6244941565454,-0.635092363118029,0.593599440468989,-1.06990054204946,0.284664079093818,0.992301441166631,"Gene3943"
117.070005089206,-0.444157988486674,0.423435326690746,-1.04893937867178,0.294206020092277,0.992301441166631,"Gene3944"
161.425153892298,0.474117586782396,0.387994472476759,1.22196995167449,0.22171899032157,0.974639411704289,"Gene3945"
34.9603584093129,0.357288035029311,0.359831992026721,0.992930153366627,0.320743993943989,0.992301441166631,"Gene3946"
12.35292051964,0.558806129998682,0.532919520526151,1.04857508211929,0.294373729207945,0.992301441166631,"Gene3947"
142.575247527743,0.643044009516945,0.346787347579019,1.85428913138309,0.0636978062142875,0.937046219552397,"Gene3948"
15.2692519387836,0.59278542205486,0.463224195172195,1.27969442924825,0.200652624589835,0.973542272845075,"Gene3949"
19.1660008411242,-0.011943782531474,0.452518894698517,-0.0263939974029843,0.97894308186212,0.999029830702133,"Gene3950"
19.513632413821,0.938478117550365,0.416846412517241,2.25137626082256,0.024361716384635,0.902188581367456,"Gene3951"
23.6309545825106,-0.297017152509005,0.410368280662211,-0.723781945402088,0.469199615230474,0.992301441166631,"Gene3952"
291.713608499533,-0.222445941169767,0.355724570566438,-0.625331955044756,0.531753211322722,0.992301441166631,"Gene3953"
118.696578235818,-0.303272323909398,0.311792217079595,-0.972674452075811,0.330715126563432,0.992301441166631,"Gene3954"
73.1682247751352,0.452800273992636,0.390219489728341,1.16037329224089,0.245896855767848,0.992301441166631,"Gene3955"
29.9441401185128,-0.207531289319698,0.379490213140022,-0.546868620411889,0.584468995411309,0.992301441166631,"Gene3956"
204.381252258527,0.566476219629705,0.416312697055042,1.36069887763911,0.173608869446134,0.973542272845075,"Gene3957"
14.9861367166093,-0.888699646366269,0.480982801162561,-1.84767447862634,0.0646494481356167,0.937046219552397,"Gene3958"
40.4102127227137,0.280510652373274,0.456819030425754,0.614052028681553,0.539180946695977,0.992301441166631,"Gene3959"
188.214832406919,0.22875029033663,0.400139383826086,0.571676519690081,0.567541144589229,0.992301441166631,"Gene3960"
20.9659647924004,0.759109834304776,0.441608966004545,1.71896381808734,0.0856209603787427,0.954626836533261,"Gene3961"
63.2244325731567,0.310332835232635,0.384176415174708,0.80778731586505,0.419213028213103,0.992301441166631,"Gene3962"
20.363396297604,0.128412997808984,0.532078039965253,0.241342412510335,0.809289741755251,0.995006281733403,"Gene3963"
45.5702900922645,-0.323849092553985,0.435362119490417,-0.743861438687051,0.456960306292955,0.992301441166631,"Gene3964"
47.5919788773358,0.257768290735006,0.415634904414097,0.620179604738372,0.535139547523695,0.992301441166631,"Gene3965"
26.1913701909018,0.477046782756463,0.418810553547713,1.13905148453265,0.25468168111316,0.992301441166631,"Gene3966"
174.837728063605,0.264094405416483,0.396576083443167,0.665936289257673,0.505451823890554,0.992301441166631,"Gene3967"
115.017849015478,0.032866499727048,0.38360038515509,0.0856790060671081,0.931721591479854,0.997961010251689,"Gene3968"
147.75568974882,0.143830245801285,0.371358900501986,0.387307926663026,0.698528257977925,0.992301441166631,"Gene3969"
158.08058057215,0.302909349793204,0.381681261144043,0.793618604395905,0.427417498364357,0.992301441166631,"Gene3970"
277.123210540372,-0.454001664612724,0.398000798578009,-1.14070541123233,0.253992533975222,0.992301441166631,"Gene3971"
72.3066589951744,-0.124225357183401,0.378546989876085,-0.328163637555447,0.742787939801019,0.993191638049143,"Gene3972"
126.640983680703,-0.292119355723591,0.420114817323574,-0.695332189387167,0.486847145945534,0.992301441166631,"Gene3973"
34.8793481386855,0.391482102451558,0.355673311723317,1.1006788801632,0.27103644128866,0.992301441166631,"Gene3974"
39.7922145182098,0.0613149666260747,0.479641298364063,0.127835044303326,0.898279516231766,0.997961010251689,"Gene3975"
101.060423969008,-0.0875554758070153,0.341637734689184,-0.256281630852844,0.797733380176412,0.993191638049143,"Gene3976"
37.9214990195862,0.123523587802482,0.413258696928767,0.29890136304566,0.765015307065535,0.993191638049143,"Gene3977"
38.4081567443133,-0.318325025250892,0.418391864044575,-0.760829864552476,0.446758694096458,0.992301441166631,"Gene3978"
78.059727037646,-0.14147379832572,0.473683687558982,-0.298667237317739,0.765193957476727,0.993191638049143,"Gene3979"
374.148290679752,-0.0965922957862264,0.344573211956584,-0.280324449012586,0.779228594833729,0.993191638049143,"Gene3980"
11.7102798763368,0.12706943200867,0.527547055392172,0.240868431943398,0.809657089542704,0.995006281733403,"Gene3981"
32.2422568282128,-0.0117295386462457,0.422090246801288,-0.0277891724225691,0.977830301784213,0.999029830702133,"Gene3982"
100.75973382587,-0.0489178939351672,0.31278490365749,-0.156394676863094,0.875721932795599,0.997961010251689,"Gene3983"
63.4510823689273,-0.433865834625297,0.390241005678019,-1.11178945398494,0.266228687277803,0.992301441166631,"Gene3984"
7.80569593054143,-0.265751020291695,0.5910627069913,-0.449615611251221,0.6529876295577,0.992301441166631,"Gene3985"
15.1117866136274,-0.181516408522101,0.503291653685889,-0.360658491339473,0.718354758171646,0.992301441166631,"Gene3986"
15.8470614125959,-0.624308142804845,0.489721930850824,-1.27482169671306,0.202372359346221,0.973542272845075,"Gene3987"
44.0712875330701,0.14562249540309,0.368347889509227,0.395339567703543,0.692592301913009,0.992301441166631,"Gene3988"
277.316715452978,-0.141438803253689,0.400280949306456,-0.353348825365663,0.723826945846643,0.993191638049143,"Gene3989"
70.9995337366402,-0.212123362924406,0.474630183956926,-0.44692345766121,0.654930326302945,0.992301441166631,"Gene3990"
38.25924320578,-0.532458263645945,0.375729662159969,-1.41713129749987,0.15644454362066,0.973542272845075,"Gene3991"
814.440316722949,0.540329485918077,0.416875543120179,1.29614100619548,0.19492690969112,0.973542272845075,"Gene3992"
23.2666927127596,0.29096621443189,0.395052720748646,0.736525023496848,0.461411244706408,0.992301441166631,"Gene3993"
60.4588653656059,-0.20569096447266,0.3447821317563,-0.596582437218778,0.550786199842956,0.992301441166631,"Gene3994"
31.6898066441824,-0.24108563367754,0.38320260391462,-0.629133599862636,0.529261595005133,0.992301441166631,"Gene3995"
17.1629705025692,-0.596257210028375,0.4584843588116,-1.30049629517108,0.193430925229476,0.973542272845075,"Gene3996"
110.153780027092,-0.187929437466455,0.295119673477012,-0.636790611931514,0.524261242016127,0.992301441166631,"Gene3997"
23.4045641490614,0.6440968021639,0.485393518611408,1.32695797835641,0.184522583610581,0.973542272845075,"Gene3998"
154.276765875607,-0.454851808605531,0.423753891391668,-1.07338674132698,0.283097630859085,0.992301441166631,"Gene3999"
37.9346840384227,-0.0958776891015323,0.373222737591654,-0.256891339794074,0.797262656137136,0.993191638049143,"Gene4000"
