"baseMean","log2FoldChange","lfcSE","stat","pvalue","padj","gene"
318.389493150867,-0.0863390008250619,0.265681418595877,-0.324971920435243,0.745202323518752,0.974859188582401,"Gene0001"
28.8077666735646,-0.271407508680689,0.280975250500124,-0.965948097555193,0.334070153102152,0.853855391006023,"Gene0002"
85.9284341496049,-0.297877441559189,0.299918998734689,-0.993192971488593,0.32061592288536,0.843171394833295,"Gene0003"
111.971836068465,-0.116397724442155,0.254755118573889,-0.456900434793012,0.647742611472405,0.957930867063869,"Gene0004"
51.9648764394919,-2.27694120834888,0.236826640241453,-9.61437955640236,6.95272402306449e-22,1.6957863470889e-20,"Gene0005"
145.390292445502,2.54722815225802,0.211807926567268,12.0261228818981,2.59042269279151e-33,1.19099893921449e-31,"Gene0006"
323.050715255027,-0.0352425265142034,0.254382744944761,-0.138541340615915,0.889812599521895,0.987599985764196,"Gene0007"
48.3027215863412,0.29880189617903,0.244015643083209,1.22451942999875,0.220756341154002,0.755473786565384,"Gene0008"
630.623605844998,0.552380419597628,0.234203024866357,2.35855373735173,0.0183463033329293,0.184148326116718,"Gene0009"
46.7628090855683,-0.29059471750812,0.297389449790962,-0.977152073526422,0.328493870899859,0.847944905610575,"Gene0010"
297.852731640921,0.099883224342588,0.229233487639448,0.435727019516845,0.663034799559577,0.95916112132122,"Gene0011"
784.371697689459,0.17003539892612,0.269260348850725,0.631490673067448,0.527719745774605,0.929644202129746,"Gene0012"
6.91135838828873,-0.064376886945514,0.399265956914882,-0.161238106656907,0.871905868981327,0.986071618700012,"Gene0013"
35.7612989679584,0.171582005361594,0.334655321602413,0.512712615893919,0.608152363431728,0.95592604582585,"Gene0014"
39.9619001679154,0.051845618214046,0.305746632596497,0.169570528949924,0.86534790133575,0.986071618700012,"Gene0015"
130.353087285803,-0.367852130081926,0.33724322848179,-1.09076209398757,0.275377579919383,0.804758106465186,"Gene0016"
46.9572401919821,0.0863821405356476,0.309501705068804,0.279100693537195,0.780167550905963,0.978438021351502,"Gene0017"
2.36244859811037,-0.38714093975338,0.607705980735064,-0.63705303555694,0.524090298355909,0.929644202129746,"Gene0018"
2.55060445054487,0.537951818975084,0.54820399091459,0.98129861856277,0.326445503788161,0.847724218312202,"Gene0019"
305.817811988206,0.17109454716591,0.220236739313516,0.776866510552307,0.437237531368845,0.905307779082269,"Gene0020"
32.2457907146961,0.108238938642156,0.269503341888623,0.401623734546817,0.687960959701538,0.965476632893769,"Gene0021"
2.62469593812255,-2.64047656523268,0.698890008989011,-3.77810031803474,0.000158029224038812,0.00210705632051749,"Gene0022"
41.6265586125576,-0.111757942132502,0.286712940782905,-0.389790366027195,0.696691568230423,0.965980775014465,"Gene0023"
796.646505327186,2.51925570448362,0.161125336869423,15.6353789753454,4.17980723208454e-55,6.50502013161658e-53,"Gene0024"
1142.09077514483,1.81853365478722,0.162774877500846,11.1720781653039,5.58584694482407e-29,2.23433877792963e-27,"Gene0025"
36.8188872853747,0.324750729736923,0.322798197277837,1.0060487712619,0.314392109815865,0.838373967298594,"Gene0026"
23.3895791864303,-2.82118085898576,0.30413784660744,-9.27599406142684,1.75970403468287e-20,3.93229951884441e-19,"Gene0027"
22.227788530414,2.20215430549404,0.297346100058592,7.40603056525747,1.3013585206893e-13,2.13337462408082e-12,"Gene0028"
85.3555345061574,-0.44831903853215,0.282357951769219,-1.58776841850226,0.11233871532753,0.588759853014729,"Gene0029"
25.320813938548,-0.0654709650510857,0.254553782670964,-0.257198947759159,0.797025196259652,0.981522064235859,"Gene0030"
98.2005185897699,-0.18526007740706,0.244862278395796,-0.756588881802386,0.449296204377315,0.908713016765444,"Gene0031"
114.214648627037,0.186422853198547,0.280197083355027,0.665327600724301,0.505840980708397,0.928583583948193,"Gene0032"
213.21893808269,0.103562545933209,0.25210935166397,0.41078423013536,0.681230757614664,0.965476632893769,"Gene0033"
16.3476033464181,-2.89830903469484,0.34725677708761,-8.34629941279339,7.04351089876609e-17,1.3289643205219e-15,"Gene0034"
113.339532837975,0.196075852630216,0.222717635185197,0.880378657339696,0.378654214468996,0.877021921178914,"Gene0035"
6.68857223814807,0.036882691224552,0.365511380689562,0.100907093932261,0.919624211711308,0.989138348463355,"Gene0036"
17.1000753491622,0.289801301599639,0.331428310819869,0.874401166522994,0.381899822346105,0.880968448318582,"Gene0037"
16.7553876646039,-0.0554849194529017,0.292360859755141,-0.189782310461707,0.84947971817881,0.985732611815519,"Gene0038"
2.18261496816499,0.14293297373032,0.604764664826873,0.236344783422883,0.813165138918764,0.983621523514424,"Gene0039"
55.3390549992295,-0.0447600320255732,0.251426882292087,-0.178024050640594,0.858704087752716,0.986071618700012,"Gene0040"
68.9968393878046,-0.484925195571747,0.251020923400001,-1.93181185458002,0.0533827323713292,0.410071202609626,"Gene0041"
37.5437409798037,-0.267560329690253,0.266697291035777,-1.00323602332489,0.315746995921923,0.838637439367657,"Gene0042"
139.161918775548,0.114952264943831,0.245485864202822,0.468264294227782,0.63959559901331,0.957930867063869,"Gene0043"
23.8994291469184,0.248807798717477,0.23466180027975,1.06028249344743,0.289016101208105,0.812413365220214,"Gene0044"
9.77326463898277,0.0761286818365437,0.34396710787577,0.22132547006221,0.824839019451317,0.985732611815519,"Gene0045"
91.5100687606331,-0.0731385442436735,0.27624061343132,-0.26476390757747,0.791191342477077,0.981522064235859,"Gene0046"
13.5033647715298,-1.79771650457718,0.308010688812354,-5.83653934708864,5.32961807233216e-09,7.86659494071167e-08,"Gene0047"
294.338357399832,0.500090613433198,0.265439478606981,1.88400992971227,0.0595636323390823,0.433630787590432,"Gene0048"
29.8046168982648,-0.0776623623729751,0.250517445801474,-0.310007800552619,0.756555024411759,0.976901810185842,"Gene0049"
110.683478510013,-0.366945832505177,0.275812326373461,-1.33041853977301,0.18338040943294,0.712849016260214,"Gene0050"
199.13791959123,2.1942582895201,0.156629466140894,14.0092304697399,1.36880095545002e-44,9.95491603963654e-43,"Gene0051"
17.1529263612043,-0.467743647470288,0.275895485718597,-1.69536535276032,0.0900061342975776,0.52405318368313,"Gene0052"
388.31544833698,-0.321180107371962,0.260294356439054,-1.23391114492781,0.217236016122379,0.754604995551524,"Gene0053"
123.767385955104,-0.130808365313088,0.240967834079992,-0.542845752888596,0.587236008576989,0.949835840803864,"Gene0054"
63.0176568863505,-0.314715009851172,0.19390484138321,-1.62303843269807,0.104581189376313,0.568376029219095,"Gene0055"
74.0913059629657,-0.481292253065137,0.281300659210923,-1.71095316454363,0.0870897591034143,0.52405318368313,"Gene0056"
104.23514298156,-0.0953939123895995,0.273423171271494,-0.348887447782831,0.72717380901919,0.968606179663051,"Gene0057"
54.8928750006768,-0.381290779097458,0.261035272951221,-1.46068680598851,0.144101411547584,0.643309872980287,"Gene0058"
1.69756392695183,0.401289997472422,0.670801856729479,0.598224339194478,0.549690253223863,0.937727038488801,"Gene0059"
78.5915051323702,-0.231832932622407,0.259603570069866,-0.893026750595205,0.371842847341671,0.87082634037862,"Gene0060"
41.0174947688575,-0.107625546948796,0.240071708392741,-0.44830583190889,0.653932492314985,0.957930867063869,"Gene0061"
72.1427296256908,-0.436860126557209,0.2567790255033,-1.70130767379049,0.0888852277599631,0.52405318368313,"Gene0062"
117.395266371301,-0.160611020968581,0.281758468053186,-0.570030856848156,0.568656769661824,0.947334508931418,"Gene0063"
283.640657607094,0.126598869383386,0.27159068030171,0.466138489151202,0.641116374692819,0.957930867063869,"Gene0064"
24.7453080458015,-0.0430102173443446,0.261257287531264,-0.164627818618065,0.869236933873798,0.986071618700012,"Gene0065"
286.004805858862,0.366879283969357,0.278664417000811,1.31656308300134,0.187985120117269,0.721969385272223,"Gene0066"
280.230311720839,2.47197451759927,0.169612321474533,14.5742626249617,4.09520472922001e-48,3.72291339020001e-46,"Gene0067"
180.683302225507,-0.281838735132993,0.310923804802283,-0.906455957311518,0.364694566365645,0.869227759199078,"Gene0068"
153.198448894381,-0.204690950759988,0.246651695647775,-0.829878546840773,0.406607455393059,0.893124797630876,"Gene0069"
121.594346868617,-0.264501092036404,0.26575431733895,-0.995284271145263,0.319598025467022,0.842233220306125,"Gene0070"
13.9556673521186,0.135858290348586,0.305642551812383,0.444500576058475,0.656680712464062,0.957930867063869,"Gene0071"
49.333938284244,0.0949372569324239,0.300258286453113,0.31618530184095,0.751861863351803,0.975150527992785,"Gene0072"
123.795405750955,-0.252671652947042,0.251636764880644,-1.00411262665409,0.315324329968809,0.838373967298594,"Gene0073"
14.6259392644009,-0.414192643755814,0.309043730773638,-1.34023959236757,0.180167463531293,0.706882892409687,"Gene0074"
28.6163436243126,-0.0768758801793659,0.307690402538344,-0.249848157580365,0.802704776107399,0.981522064235859,"Gene0075"
106.698486714836,0.246360580750697,0.196342821504754,1.25474707383041,0.209570591199752,0.748436247703819,"Gene0076"
125.927077123023,0.253242051645591,0.230061209476916,1.10075945537008,0.271001362090862,0.801531082783688,"Gene0077"
82.4608826985911,-0.0147000456083305,0.244194448901509,-0.0601981153726368,0.951997846709372,0.993471607857056,"Gene0078"
23.4713916513212,0.0606640585322995,0.301816068799968,0.200996781826435,0.840701090450246,0.985732611815519,"Gene0079"
14.08846941431,0.0359562809401071,0.29802720475215,0.120647646814691,0.903970127755249,0.989068835901661,"Gene0080"
377.257484194823,0.101782924065882,0.202999396230281,0.501395205877461,0.616093013129645,0.95592604582585,"Gene0081"
79.154596716662,-0.239245749407973,0.234983955301114,-1.01813653234919,0.308613076121126,0.831886323389716,"Gene0082"
38.1269508792311,-2.04746485162201,0.243109067648963,-8.4220011677164,3.70107375692584e-17,7.1518333467166e-16,"Gene0083"
45.3353832246325,-0.0227918864195768,0.231384947671351,-0.0985020272448724,0.921533662281045,0.989138348463355,"Gene0084"
11.7253836157239,-0.418696744110941,0.321085210376214,-1.30400507584998,0.192231851732708,0.725403214085689,"Gene0085"
109.721681539107,0.0864810390880946,0.224312483243638,0.385538235935639,0.699838683536715,0.965980775014465,"Gene0086"
42.9499450525481,-0.534317734288437,0.308463412491547,-1.73219160733716,0.0832394528401336,0.513637134016414,"Gene0087"
46.552842533672,-0.151477844421819,0.308391906728433,-0.491186185878767,0.623294768444311,0.95592604582585,"Gene0088"
169.171131909471,-0.394745861183609,0.25205716832701,-1.56609654787314,0.117326016158058,0.593123873237345,"Gene0089"
139.731582803371,-0.438538821582528,0.307548406947424,-1.42591803981445,0.153892001508016,0.667985658288688,"Gene0090"
927.259110137138,2.368959501453,0.160770258670885,14.735060582956,3.83852985801307e-49,4.14976200866278e-47,"Gene0091"
17.724301386792,-2.28413665097605,0.297131845981728,-7.68728321068794,1.50292205119694e-14,2.54732551050328e-13,"Gene0092"
126.409007997248,0.0402539044449017,0.28243824063833,0.142522855098959,0.886667027882685,0.987169616735799,"Gene0093"
233.756750300477,0.077294922641563,0.282892066413423,0.273231142963913,0.784675541824865,0.98053800915322,"Gene0094"
13.7762183273481,-0.15358386259014,0.297030681327879,-0.517063967612847,0.605111505688791,0.95592604582585,"Gene0095"
20.0573263907593,-0.15285027783311,0.294573070109961,-0.518887479347831,0.603839209503882,0.955819880496845,"Gene0096"
12.742411525382,0.515824891034438,0.355649655370771,1.45037365633514,0.146954349215082,0.650960572381318,"Gene0097"
8.81468254516398,-0.351695140503221,0.391642309706214,-0.898000884447448,0.369185077940806,0.869258456282932,"Gene0098"
50.2799867153891,0.332105583692089,0.301606980808601,1.10112034808253,0.27084428212166,0.801531082783688,"Gene0099"
122.252697156378,-0.319963883980945,0.318728373254098,-1.0038763750909,0.315438205196096,0.838373967298594,"Gene0100"
250.409829871638,0.192593769273001,0.24362695476495,0.790527343162066,0.429219860090591,0.905307779082269,"Gene0101"
149.760304650289,-0.102976976088797,0.230242607087356,-0.447254213247017,0.654691522066607,0.957930867063869,"Gene0102"
14.5979250779049,-0.330550165292561,0.302520456783471,-1.09265392762894,0.274545775530319,0.804758106465186,"Gene0103"
482.638414167716,-0.00102447753970148,0.214497979723436,-0.00477616405069357,0.996189186932643,0.998296972793113,"Gene0104"
21.7580254267836,-0.392180350875479,0.324946035786253,-1.20690917163074,0.227467125167419,0.761212126574736,"Gene0105"
238.227819248169,2.63234029149814,0.180096298059915,14.6162931712367,2.2111569681317e-48,2.05689020291321e-46,"Gene0106"
19.1216867690972,-3.10431909013154,0.34949877373434,-8.88220309605775,6.55490187452405e-19,1.36560455719251e-17,"Gene0107"
45.3419386253301,-0.0172243089227632,0.284524144874728,-0.0605372487116931,0.951727750054848,0.993471607857056,"Gene0108"
65.5699372065134,-0.157629697640996,0.268202351307784,-0.587726755087627,0.556715714085208,0.939708843355308,"Gene0109"
60.1374757162724,0.13656178458018,0.295032585864047,0.462870174764724,0.643457427006466,0.957930867063869,"Gene0110"
49.7296595003927,-0.0923393864104862,0.264483138658215,-0.349131467809046,0.726990613289771,0.968606179663051,"Gene0111"
53.7931155902267,0.0648049649555621,0.261028957069744,0.2482673404631,0.803927566610759,0.981522064235859,"Gene0112"
28.3075462144676,0.0685409397472276,0.255365089517997,0.268403719069819,0.788388577106046,0.981522064235859,"Gene0113"
26.3834265000216,-0.292855454913897,0.30898348079962,-0.947802951005715,0.343229777949196,0.856163524879517,"Gene0114"
8.01381555939752,-0.190155780426208,0.383885881274371,-0.495344553425499,0.620356926379407,0.95592604582585,"Gene0115"
36.7169560355716,0.491384605898322,0.247856471657611,1.98253691990387,0.0474191794818117,0.380113663180855,"Gene0116"
32.1917355168186,-0.177075555879227,0.244276893942479,-0.724896870192416,0.468515301103001,0.918979533251709,"Gene0117"
1245.00597489211,0.0142794162036083,0.274382800081498,0.0520419508779958,0.958495266717553,0.994763555173913,"Gene0118"
11.5447652697056,-0.290079843441535,0.356924454027641,-0.812720563604395,0.416378288510128,0.899791007045118,"Gene0119"
58.3187304826893,0.227856514514476,0.236654431995315,0.962823778930907,0.335635965383794,0.855068234149037,"Gene0120"
8.50686257306333,-0.389752234587328,0.366904570596052,-1.06227140739664,0.288112490802726,0.812156422276888,"Gene0121"
9.4089928532591,-0.0349608197758607,0.34966425797785,-0.0999839674150379,0.920357053807032,0.989138348463355,"Gene0122"
66.7508298098303,-0.425501010701962,0.291798338876393,-1.45820230622425,0.144784788318041,0.644921106093724,"Gene0123"
15.4866446449266,-0.0715838725322353,0.286070472695567,-0.250231601527132,0.802408247968113,0.981522064235859,"Gene0124"
60.9288218647662,0.0841075937009497,0.290956740015832,0.289072505061657,0.772525893591831,0.977265145689917,"Gene0125"
35.8108254901294,0.1466637550326,0.330010823159593,0.444421045432421,0.6567382005728,0.957930867063869,"Gene0126"
23.0885674977428,-0.228951603845121,0.262899507164995,-0.870871179311233,0.383824494852251,0.882862552851641,"Gene0127"
5.03437206725953,-0.469523059552491,0.426419230665307,-1.10108321995688,0.270860439403958,0.801531082783688,"Gene0128"
7.80011833314427,-2.5357728713348,0.422448832566372,-6.00255622895205,1.94234962511701e-09,2.87755500017334e-08,"Gene0129"
72.2020044190564,-0.0835923435712443,0.231063358237143,-0.361772390953707,0.717522125471712,0.968606179663051,"Gene0130"
110.159563942448,0.14326799866221,0.237584800957852,0.60301836685094,0.546496470774099,0.935334983406104,"Gene0131"
30.9820151705769,0.0392518595760334,0.276327529569227,0.142048313598084,0.887041843838484,0.987169616735799,"Gene0132"
51.2029753951337,-0.224746776462854,0.27646599864234,-0.812927367439513,0.416259702569533,0.899791007045118,"Gene0133"
222.330410562667,-0.216747122420956,0.258191306011044,-0.83948265249367,0.401198519888204,0.889438539039225,"Gene0134"
319.569177533999,-0.289705955218701,0.25178553384392,-1.15060603679593,0.249894348338302,0.784597639994668,"Gene0135"
17.1062083308281,0.107239472790946,0.297791465777897,0.360116004368402,0.718760384848376,0.968606179663051,"Gene0136"
41.8855476302235,-0.185011622788995,0.268408149711527,-0.68929212092791,0.490639455224364,0.923784628815589,"Gene0137"
208.709632355569,-0.263335491806857,0.315356579513057,-0.835040423806835,0.403694948529079,0.89153326180167,"Gene0138"
31.2500164182405,0.269606421103053,0.247877608236427,1.08765944217882,0.276745478721579,0.80625048425806,"Gene0139"
41.1961762265717,-0.672784843467618,0.259741730066224,-2.59020698482328,0.00959182397892228,0.10899799976048,"Gene0140"
48.6964925508975,0.0722615637053227,0.290801246002998,0.248491245132347,0.803754343072965,0.981522064235859,"Gene0141"
17.5119948760386,-0.439046346901242,0.307668382100043,-1.42701158924572,0.153576554152016,0.667985658288688,"Gene0142"
28.5609852881487,-0.312545387179064,0.30682720847084,-1.01863647861193,0.308375579421136,0.831886323389716,"Gene0143"
27.2155083585245,-3.17225580482133,0.302912838074873,-10.4725036580894,1.15545879028986e-25,3.72728642028989e-24,"Gene0144"
30.1031605216055,0.0924646602659015,0.254758550423071,0.362950174242818,0.716642105035853,0.968606179663051,"Gene0145"
190.719677246993,-0.398239896649693,0.333423070952227,-1.19439814261309,0.232322263051183,0.763590018245465,"Gene0146"
29.1701153140888,0.829642104833658,0.266356098953783,3.1147854623656,0.00184078741917398,0.0231545587317482,"Gene0147"
33.1593000712679,0.047969561352123,0.288414876991903,0.166321383461331,0.867904038843187,0.986071618700012,"Gene0148"
111.253953310767,-0.220377094054407,0.284268033919104,-0.775244022397261,0.438195479720208,0.905307779082269,"Gene0149"
14.690660485041,0.316989689933315,0.311366908779553,1.01805837741654,0.308650214117484,0.831886323389716,"Gene0150"
53.0518495089703,0.255591213464868,0.255334177427098,1.00100666522735,0.316823586041106,0.839823952395245,"Gene0151"
6.90976163572665,1.10039894696502,0.43590668102,2.52439110221971,0.0115898906857802,0.126798775771726,"Gene0152"
199.289980517935,0.0466587268304638,0.237835170210139,0.196180938207072,0.844468547261211,0.985732611815519,"Gene0153"
37.4103127740184,-0.311410783270472,0.279203738002437,-1.11535320228325,0.264699095165334,0.796686516675196,"Gene0154"
30.7450429143403,-0.513687358779061,0.262272206452645,-1.95860387086731,0.0501591959239299,0.390629372465751,"Gene0155"
7.36998692495569,-1.68058703871443,0.386138943302121,-4.35228579729011,1.34725477752224e-05,0.00018455544897565,"Gene0156"
48.9844663531849,-0.0498539245296438,0.258766011259205,-0.192660250421008,0.847225055728933,0.985732611815519,"Gene0157"
19.8862471482498,-0.615515029755958,0.336733611783535,-1.82789899260676,0.0675647122875848,0.454216553193848,"Gene0158"
24.204418978667,-0.159009180433662,0.312591903341391,-0.508679779399158,0.610976698086778,0.95592604582585,"Gene0159"
231.250725383712,0.259599135051079,0.270592319003781,0.959373628958966,0.337370555168961,0.855068234149037,"Gene0160"
50.9281098094553,0.122282141918189,0.296658965646918,0.412197695261058,0.68019452629799,0.965476632893769,"Gene0161"
13.1785208368849,0.0233859385289487,0.337062810119116,0.0693815450025004,0.94468591847028,0.993471607857056,"Gene0162"
58.7234715041358,0.402633304508333,0.217359854086017,1.85238118695551,0.0639711048595988,0.449281379462633,"Gene0163"
32.3867669884499,-0.500126733249322,0.294758840829161,-1.69673191766686,0.089747355454423,0.52405318368313,"Gene0164"
103.596149726276,0.389080916089202,0.290169607062928,1.34087411851105,0.179961326569904,0.706882892409687,"Gene0165"
271.609329389936,-0.0300373198682404,0.205387857507426,-0.146246814357827,0.883726550302127,0.986852652487021,"Gene0166"
15.0474893716612,0.504687354093654,0.311481581816396,1.62027992522249,0.105172159202427,0.57081226161426,"Gene0167"
83.9585414474232,0.240826306113194,0.300659129295828,0.800994490595487,0.423134835357946,0.904386549185102,"Gene0168"
68.8793057002256,-0.0801492972276202,0.249107184379963,-0.321746229146761,0.747644952703251,0.974859188582401,"Gene0169"
141.184386009156,-0.166513045388982,0.184086520506779,-0.904536871741513,0.365710792145087,0.869227759199078,"Gene0170"
41.4700234340048,0.0887254456076243,0.259972532280783,0.341287769247085,0.732886954516417,0.971292520455398,"Gene0171"
133.071402518242,0.20952705965379,0.200642915029653,1.04427838691849,0.296356609408216,0.819908938384538,"Gene0172"
7.58253471608673,0.427803767990405,0.373343783606347,1.14587087498283,0.251848583839466,0.785826266459443,"Gene0173"
448.923152108898,-0.415907381303404,0.2263805044838,-1.83720494064526,0.0661796465932316,0.449874585910079,"Gene0174"
158.560857064291,-0.231643198800575,0.300655618105054,-0.770460237066433,0.441026933263904,0.905307779082269,"Gene0175"
42.4654934373138,0.172193361060602,0.265478639156896,0.648614749598883,0.516587419470358,0.928583583948193,"Gene0176"
10.7983901190203,0.0820172975136209,0.325217715386398,0.252191973663472,0.800892681709908,0.981522064235859,"Gene0177"
115.174215112929,-0.0777617626501945,0.283129257269185,-0.274651102468942,0.783584301399734,0.979786560049683,"Gene0178"
78.9623819566691,-0.114597462326246,0.278877422931584,-0.410924129754166,0.681128168357116,0.965476632893769,"Gene0179"
53.6874692262601,-0.030764829135344,0.260682758481424,-0.118016355644542,0.906054698517548,0.989138348463355,"Gene0180"
64.7369789859083,-0.179188293150469,0.327289023720916,-0.547492522398997,0.58404040631982,0.948117542726981,"Gene0181"
26.9478506273477,0.266232588900387,0.291708219240682,0.912667423610457,0.361417481972967,0.868792023973477,"Gene0182"
83.5824657645861,0.218798974895856,0.291191698655855,0.751391526289503,0.452417060894265,0.909528208749712,"Gene0183"
66.9191597574801,-0.150874448639199,0.292201711815115,-0.516336635066197,0.605619313385752,0.95592604582585,"Gene0184"
42.0105597307295,-0.299515888754557,0.264181018343795,-1.13375249528632,0.256898382748223,0.790550457534556,"Gene0185"
10.2553601867887,-0.133521299439872,0.333664399633688,-0.40016645343782,0.689033921199454,0.965476632893769,"Gene0186"
108.820048391006,-0.383808471582827,0.220038975450527,-1.74427494400474,0.0811111585562126,0.506153875545788,"Gene0187"
101.975651822548,0.101627045194298,0.241001194547199,0.421686894063898,0.67325357185533,0.964862029162694,"Gene0188"
21.4755258917552,-0.32777578470186,0.277965537802542,-1.17919576395367,0.238320232477791,0.77038798084069,"Gene0189"
8.00583055407091,0.560187699951155,0.342331879703943,1.63638776626828,0.101758457931828,0.56122017275695,"Gene0190"
66.8551437501968,0.485095983272377,0.275563844671182,1.76037601685816,0.0783440729858581,0.496634377089433,"Gene0191"
38.4707191995459,-0.152714634776308,0.285973094761452,-0.534017491763331,0.593329432246105,0.951688035781253,"Gene0192"
67.4816502643888,-0.193640679519488,0.301574849523218,-0.642098238051444,0.520809399869477,0.929644202129746,"Gene0193"
11.1254640526012,-0.125665590695171,0.395342538792516,-0.317865087523818,0.750587276268243,0.974859188582401,"Gene0194"
17.8742158308933,-0.0913366592851094,0.313716905930012,-0.291143567842933,0.770941520119327,0.977265145689917,"Gene0195"
176.6151771545,0.190989214391656,0.230244623576913,0.829505642410173,0.406818345320864,0.893124797630876,"Gene0196"
99.4039874334939,0.147254900294017,0.238392694465683,0.617698879674415,0.536773850629235,0.931958650783472,"Gene0197"
116.121364795221,-0.335577987552123,0.229580771628307,-1.46169901412923,0.143823707536834,0.642787519717696,"Gene0198"
459.108775247004,0.0331227508823615,0.234063204927941,0.141511994132348,0.887465485445484,0.987169616735799,"Gene0199"
73.0909149612247,-0.231649067237949,0.259899122369655,-0.891303768654034,0.372766227435447,0.871967783474731,"Gene0200"
4.66858151584823,0.477336518996391,0.452164274070179,1.055670574545,0.291118745203178,0.814318168400499,"Gene0201"
63.005492240417,-0.0556871432653088,0.240182414022066,-0.231853541367907,0.81665176989785,0.983621523514424,"Gene0202"
202.085878141615,0.365000830561697,0.313045698153007,1.16596660716064,0.243627946852699,0.775886627405203,"Gene0203"
576.371455959588,-0.160273374839598,0.256426868291101,-0.625025668751889,0.531954211267577,0.93042546577227,"Gene0204"
11.6344364736279,0.225388763226889,0.361593135148005,0.623321466362003,0.53307329409645,0.930767123754484,"Gene0205"
12.909261853072,0.0803539048092125,0.302655883593505,0.265495928429183,0.790627445996604,0.981522064235859,"Gene0206"
21.8536465229254,0.210665523520367,0.309988692911365,0.679590992632117,0.496763474581087,0.926332390021018,"Gene0207"
29.7443880884783,1.26822983832991,0.250013696386613,5.07264144588607,3.92331312042375e-07,5.60473302917678e-06,"Gene0208"
29.3513716282442,0.113334807848686,0.268345653975333,0.422346351318601,0.67277223046339,0.964862029162694,"Gene0209"
39.1281778371955,0.106941632146744,0.322466430367044,0.331636480811411,0.740163769381157,0.972939558831623,"Gene0210"
13.1569347728713,0.237468853024254,0.316937372502173,0.749261127362398,0.453699832454158,0.909528208749712,"Gene0211"
607.557200561755,-0.351554335133199,0.234966484151487,-1.49618928164472,0.134604336878849,0.621011934850513,"Gene0212"
65.6496982955289,-0.335884133468565,0.297170977924342,-1.13027232946711,0.258361490367991,0.791912614154761,"Gene0213"
50.5338948563591,-0.280136701642214,0.226505278453141,-1.2367778073665,0.216169583287479,0.753204122952887,"Gene0214"
90.1393830675176,-0.150668462786745,0.271012583887032,-0.55594637203101,0.578247516240853,0.947334508931418,"Gene0215"
57.1336014627435,0.0185594946449435,0.315644789418973,0.0587986726443581,0.953112465709666,0.993471607857056,"Gene0216"
53.4570631403031,0.509306505591242,0.311940139968922,1.63270589556696,0.102530866902986,0.56232961492991,"Gene0217"
315.050357994588,0.002835182801431,0.282218846764937,0.0100460434656671,0.991984551845648,0.997858140929364,"Gene0218"
38.4046188469258,0.0832715337111315,0.268857322933666,0.309723881806548,0.756770940168473,0.976901810185842,"Gene0219"
9.75535606887544,-0.246481137534054,0.363024341457697,-0.678965869187524,0.497159488035639,0.926332390021018,"Gene0220"
82.1419583890051,0.13972732080687,0.259199969803236,0.539071516531965,0.589837508514894,0.950502211447957,"Gene0221"
40.4324582110315,-0.244636887633932,0.348034193952817,-0.702910495246043,0.482111530142713,0.923566775997116,"Gene0222"
26.1993711780145,0.0428110133586831,0.274415179526305,0.156008182319154,0.876026571637275,0.986362048840613,"Gene0223"
13.0998136886446,-0.25176556813732,0.35459670368633,-0.710005382227204,0.477700798556551,0.920425430744799,"Gene0224"
75.7350963760361,0.0942628511485362,0.225534573200325,0.417952998562263,0.675981482089989,0.964862029162694,"Gene0225"
87.9082894858736,1.66486760646063,0.203113234120771,8.19674608435757,2.46981379840064e-16,4.53176843743237e-15,"Gene0226"
101.355106543565,-0.324846321390489,0.261790446249102,-1.24086392778974,0.214656020374536,0.753204122952887,"Gene0227"
99.6749623258769,1.89070078241342,0.195535604353918,9.66934277090154,4.06983261266434e-22,1.04354682376009e-20,"Gene0228"
26.5905167055633,0.0957062682614415,0.332971775351113,0.28743057323859,0.773782654318688,0.977458747235388,"Gene0229"
238.56696325258,-0.040545715449015,0.21515641870438,-0.188447621935574,0.850525771448548,0.985732611815519,"Gene0230"
39.7818086192159,-0.19173708328701,0.246136338569071,-0.778987305985316,0.435987192438773,0.905307779082269,"Gene0231"
159.17546619357,0.118127595891602,0.235739424824978,0.501093934454552,0.616305015441721,0.95592604582585,"Gene0232"
11.4616794346569,0.0902475979400379,0.346490380454088,0.260462059067167,0.794507378021863,0.981522064235859,"Gene0233"
30.8851163745821,0.278419076305094,0.318333543206425,0.874614322765703,0.381783791951431,0.880968448318582,"Gene0234"
22.98264323813,-2.22494645350597,0.275761764572849,-8.06836457894147,7.12460324873336e-16,1.27795573968311e-14,"Gene0235"
31.6299316214479,0.220987985822994,0.289376810767183,0.763668606468915,0.445064753506057,0.906775358701084,"Gene0236"
266.260721795355,-0.0194693044855573,0.268081842581982,-0.0726244802633488,0.942104945722595,0.992000827951994,"Gene0237"
54.2964017793274,0.238435476305829,0.275533334645575,0.865359817941933,0.386841328261114,0.883305334767189,"Gene0238"
77.333156197982,0.342603842596683,0.280835665353709,1.21994420532441,0.222486026613575,0.757511449246019,"Gene0239"
14.2743029572738,-0.0290171200951395,0.303624774089035,-0.0955690133725076,0.923862876267805,0.989138348463355,"Gene0240"
19.0511639554113,0.3357432241236,0.30070225633392,1.11653044515492,0.26419514568854,0.795768511110059,"Gene0241"
176.966220484515,0.311154762739978,0.234322218377251,1.32789269790468,0.184213557369199,0.714006036314723,"Gene0242"
234.99384209704,0.28985088483461,0.256902976483849,1.12825039554508,0.259214186117806,0.792040571133092,"Gene0243"
257.687219729815,-0.300616460970227,0.227120011489616,-1.32360182177946,0.185635319823699,0.71673868657799,"Gene0244"
10.7480796582948,-0.097399709595055,0.333077963948681,-0.292423156549803,0.769963105230058,0.977265145689917,"Gene0245"
566.253974864468,-0.0941353349089274,0.188446800949295,-0.499532676780521,0.617404172490878,0.95592604582585,"Gene0246"
171.457956699752,-0.0499819005031983,0.316216952573851,-0.15806205232316,0.874407902514905,0.986359732109312,"Gene0247"
56.4978458769436,-0.730712362527029,0.248029958285736,-2.94606493335467,0.00321844828643487,0.0398569447236516,"Gene0248"
117.061844143158,-0.00543528437738385,0.266972220281821,-0.0203589885556118,0.983756999454924,0.996874123254448,"Gene0249"
14.5073201397334,0.0183335440926227,0.329497006481394,0.055641003505317,0.95562779900943,0.994375089009968,"Gene0250"
12.3465409721901,-0.518310706858259,0.329600584372428,-1.57254183224566,0.115824945572117,0.592303611844575,"Gene0251"
57.172635419283,-0.30480545469568,0.263034616830683,-1.15880357638206,0.246536259398338,0.780391600595135,"Gene0252"
11.4636953425705,0.491121022191878,0.339853720656309,1.44509532290377,0.148431112544377,0.65388155305893,"Gene0253"
72.9666919689972,-0.53932738949989,0.241229450775329,-2.2357443826467,0.0253685199821562,0.238762541008529,"Gene0254"
295.069580215702,-0.113588432878715,0.303009321604658,-0.374867783859522,0.707758799582628,0.966553498917894,"Gene0255"
13.0827337058478,0.36160105395382,0.343480510095744,1.05275566829986,0.292452987670352,0.816337718549483,"Gene0256"
21.4217709259262,-0.219351178154814,0.306426973914962,-0.715835082507087,0.474093187084655,0.920425430744799,"Gene0257"
198.397011444694,2.54004497281172,0.173432152710881,14.6457558942147,1.43397562418564e-48,1.36569107065299e-46,"Gene0258"
16.4407909027877,-0.258854849015675,0.329235943669261,-0.786229006866006,0.431733335253255,0.905307779082269,"Gene0259"
32.2002644224562,0.527922049274097,0.255798991744642,2.06381598955288,0.0390351664486062,0.32941068733001,"Gene0260"
138.882564858,-0.250000699616997,0.255861296184125,-0.977094634262659,0.328522303936473,0.847944905610575,"Gene0261"
157.429686529287,-0.031984919301294,0.213001076776003,-0.150163181263774,0.88063587356421,0.986362048840613,"Gene0262"
234.136493968828,2.16939411184876,0.166819854811001,13.0044119406925,1.15483832948697e-38,6.50613143372943e-37,"Gene0263"
5.95712272986278,-0.490360228856712,0.397628518153492,-1.23321192135274,0.217496708783778,0.754604995551524,"Gene0264"
45.5717500493131,0.298805780235619,0.248162998239064,1.20407064048996,0.228562276500147,0.761212126574736,"Gene0265"
170.010809057829,0.0233144398618101,0.239654746077733,0.0972834473065182,0.922501300780824,0.989138348463355,"Gene0266"
136.345604492674,0.216246621366091,0.20613400704293,1.04905844730926,0.294151219039774,0.818062835677374,"Gene0267"
40.7193592335366,-0.289382172385105,0.335920234186807,-0.861460974762772,0.388984205903161,0.883305334767189,"Gene0268"
1.93770750266376,-0.0148603972057861,0.610592293256845,-0.0243376756796619,0.9805832611767,0.996791406921093,"Gene0269"
60.813700253878,0.377505949738308,0.331719418782163,1.13802788852169,0.255108837229564,0.789044479997369,"Gene0270"
90.4799530826918,0.0693297040942562,0.285178231108076,0.243110085313566,0.807920118606615,0.983462361202086,"Gene0271"
62.6138438528689,-0.138963324136752,0.245488187708196,-0.566069290070824,0.571346678649126,0.947334508931418,"Gene0272"
62.7643287668536,0.00195856790232641,0.269864620301129,0.0072575941971976,0.994209328476553,0.997858140929364,"Gene0273"
92.9497435135437,0.251708928273782,0.206009570960054,1.22183123386335,0.221771454459671,0.757511449246019,"Gene0274"
31.9126157518041,-0.0748334918628724,0.259788650991796,-0.288055277153872,0.773304425920485,0.977458747235388,"Gene0275"
244.557677769812,-0.316994414579551,0.242191656007356,-1.30885770304954,0.190582556438842,0.724324114522394,"Gene0276"
86.4872051259323,0.0356776579437425,0.258233643140464,0.138160378755668,0.890113667905503,0.987599985764196,"Gene0277"
9.88681465889294,0.215810920748597,0.361305403856743,0.59730886514547,0.550301186767705,0.937727038488801,"Gene0278"
259.190368296759,0.397498779833246,0.249189841048722,1.5951644664179,0.110675462509019,0.587137732143335,"Gene0279"
192.927180155949,-0.228699547064162,0.308655197393136,-0.74095479031531,0.458720852736634,0.912103307738859,"Gene0280"
157.261289155812,0.092192040362999,0.212569506477268,0.433703036201281,0.664504101531956,0.960201973790058,"Gene0281"
30.0377272644557,2.64155961422781,0.274634721133734,9.61844738102687,6.6832294839161e-22,1.65018011948546e-20,"Gene0282"
32.683447756603,-0.0397603215592251,0.292305024921945,-0.136023393952404,0.891802787145069,0.987599985764196,"Gene0283"
66.0090708309822,-2.75268262775464,0.247559430901623,-11.1192799956327,1.01084454962368e-28,3.96409627303405e-27,"Gene0284"
50.1462651702216,0.111449064499299,0.268977962723768,0.414342734143442,0.678623121441344,0.965476632893769,"Gene0285"
79.6863513891862,0.178929719619187,0.245074806942951,0.730102460759416,0.46532755731102,0.918979533251709,"Gene0286"
982.91892989229,0.0267997196350014,0.286381014775456,0.0935806434515721,0.925442286415139,0.989138348463355,"Gene0287"
17.1669554680152,0.0563415282481541,0.264594605942127,0.212935286596422,0.831377438753561,0.985732611815519,"Gene0288"
4.9376992613517,-0.940809487310534,0.49535140927506,-1.89927689655188,0.0575280788847191,0.427718058622447,"Gene0289"
71.1284087807944,0.103623965224531,0.223060885396632,0.464554621668759,0.642250435115832,0.957930867063869,"Gene0290"
22.5193576056625,0.271747061752857,0.300886048439461,0.903156072414348,0.366443067962927,0.869258456282932,"Gene0291"
90.706257810667,-0.0928994744598588,0.255938533858179,-0.362975723348233,0.716623019325631,0.968606179663051,"Gene0292"
24.0168341811594,-0.183226256555043,0.257959662778962,-0.710290339897229,0.477524108996195,0.920425430744799,"Gene0293"
717.738738329514,0.449233534411173,0.272724056814262,1.64720904953802,0.0995150843821935,0.554495150856643,"Gene0294"
42.4555275203002,-0.0806700067179951,0.26845544738932,-0.300496814285186,0.763798226047195,0.977265145689917,"Gene0295"
34.6462698285519,0.335930788313927,0.36063195646042,0.931505880984776,0.351591943908375,0.863541852770467,"Gene0296"
50.3380928895716,-0.0620525369238217,0.242965037232874,-0.255396980695401,0.798416502544536,0.981522064235859,"Gene0297"
145.302230938335,-0.289815561338853,0.281860227771801,-1.02822439203268,0.303844287063172,0.82929678999083,"Gene0298"
59.3864045309009,0.016097669019321,0.257463242557828,0.0625241446483583,0.950145434903397,0.993471607857056,"Gene0299"
6.41970573141234,0.0939997992109218,0.401977697103231,0.233843319886432,0.815106617367183,0.983621523514424,"Gene0300"
58.0526575100329,0.134318688872577,0.244239658474282,0.549946268806795,0.582356227686297,0.947518170875313,"Gene0301"
123.533813987566,0.0320291436117442,0.262431118679178,0.12204781114735,0.902861153447106,0.989068835901661,"Gene0302"
62.5391806487553,-0.0951349111978545,0.273484233081716,-0.347862507925379,0.727943443160283,0.968606179663051,"Gene0303"
116.2440579968,0.108350101810035,0.233841074504839,0.463349315510407,0.643114002363221,0.957930867063869,"Gene0304"
42.684143139965,0.188894081888593,0.246391641013491,0.766641599981269,0.443294634657304,0.905307779082269,"Gene0305"
47.1291119070632,0.124247053380697,0.308162038159071,0.403187407907009,0.686810362387059,0.965476632893769,"Gene0306"
100.344827553129,0.122815778066123,0.297560897601937,0.4127416574419,0.679795900652708,0.965476632893769,"Gene0307"
180.723905114047,0.122329014345245,0.252694287866668,0.484098850741695,0.628315716878557,0.957889060530138,"Gene0308"
9.47645845046673,0.511902206527123,0.362900780241982,1.41058447486883,0.158367172019717,0.676060499550552,"Gene0309"
64.2275706335507,0.117042051811808,0.241731926742283,0.484181189423893,0.628257285451511,0.957889060530138,"Gene0310"
112.882135545927,1.71327649602223,0.177466980894335,9.65405782748019,4.72482355754312e-22,1.19726482244037e-20,"Gene0311"
23.7601116060309,0.154925135750049,0.312827133510012,0.495242001586448,0.620429305607196,0.95592604582585,"Gene0312"
12.8886208331288,-0.428406229135765,0.322394217518714,-1.32882727374258,0.183904961878942,0.713501306998806,"Gene0313"
24.6513821181711,-0.720224355437566,0.322367134725003,-2.23417426237311,0.0254716092173104,0.239170039599158,"Gene0314"
112.263831728827,-0.509389800478258,0.2266281733238,-2.24768965397103,0.0245959861852107,0.233137309812424,"Gene0315"
29.3450361891969,0.0328883442208757,0.30224130923457,0.10881485493881,0.913349341247293,0.989138348463355,"Gene0316"
19.6845786678295,0.797857728409638,0.34198689816848,2.33300671073245,0.0196477931091711,0.194052277621443,"Gene0317"
57.7277815720994,-0.515557728276583,0.28125528820838,-1.83305967884455,0.0667936965401432,0.450941164223628,"Gene0318"
12.7629472874058,-0.0436641800645065,0.338450738771514,-0.129011921271012,0.897348215852752,0.989068835901661,"Gene0319"
197.820189535376,0.274642684407859,0.218657394598508,1.25604114561115,0.209101052629194,0.748436247703819,"Gene0320"
27.9178439012449,0.47938763333251,0.257082495785753,1.86472296321575,0.062220246311218,0.442937311257698,"Gene0321"
52.0064664337702,-0.116869578619236,0.308554244638207,-0.378765097710034,0.704862307584724,0.965980775014465,"Gene0322"
65.45502314812,-0.199411070072051,0.235098625298771,-0.848201769868424,0.396325611757729,0.887611096071756,"Gene0323"
60.1225327974356,-0.29886785656048,0.268940786472884,-1.11127754358156,0.266448902402209,0.796793171611545,"Gene0324"
447.570308531093,0.0904731155814524,0.227828469009335,0.397110668279764,0.691285853248359,0.965949908811616,"Gene0325"
18.4230710751087,-0.584774993239093,0.297684977387029,-1.96440881354523,0.0494827015713174,0.388147252401667,"Gene0326"
225.687775168478,-0.377345888255548,0.2414345875941,-1.56293218803406,0.11806854573131,0.594055576006593,"Gene0327"
113.991565498173,1.78492880761005,0.194138267219903,9.19411115165787,3.78107556269263e-20,8.35596809434835e-19,"Gene0328"
19.3650288714325,0.0262191142904449,0.299767698774245,0.0874647748828684,0.930302083666836,0.989419924133832,"Gene0329"
51.4943291810065,0.63420438014187,0.290088852936639,2.18624181426369,0.0287979185692618,0.265132379411719,"Gene0330"
135.15934701418,-0.053745698338605,0.274678082018651,-0.195667954077805,0.844870068467683,0.985732611815519,"Gene0331"
30.171470169842,-0.172382469035933,0.282997326321191,-0.609131087126549,0.542437553462353,0.933552658102756,"Gene0332"
18.7943704528895,-0.107980442485004,0.27570961329139,-0.391645547632328,0.695320128814876,0.965980775014465,"Gene0333"
60.5787930082639,-0.141472504490507,0.239572669854427,-0.590520214916295,0.554841937226944,0.939708843355308,"Gene0334"
183.638698511729,-0.039513625760999,0.226912445461079,-0.174136000697135,0.861758580935813,0.986071618700012,"Gene0335"
52.6705216401518,-0.541763557366185,0.275830595256312,-1.96411698587228,0.0495165268277381,0.388147252401667,"Gene0336"
8.62663237163919,-0.590159976880291,0.341844005439219,-1.72640142137939,0.0842752202582301,0.518206850105671,"Gene0337"
10.6403240422686,-0.464880574836849,0.326219837308798,-1.42505305217474,0.154141866159223,0.667985658288688,"Gene0338"
24.593421962601,-0.00816429744088496,0.238378200423432,-0.034249345898168,0.972678317264199,0.996066844846464,"Gene0339"
29.4340920759697,0.118413125641471,0.260522095521248,0.454522390527192,0.649452880061228,0.957930867063869,"Gene0340"
47.7891400921004,-0.144418952966079,0.299016593584249,-0.482979727763464,0.629110130363536,0.957889060530138,"Gene0341"
111.207801553756,0.123942644605887,0.258030536884759,0.480340994140714,0.630984943861277,0.957930867063869,"Gene0342"
28.388772653841,0.544893975892783,0.275537395813904,1.97756814200567,0.0479774461969053,0.383053462649943,"Gene0343"
13.4718723055611,0.376859970829749,0.295162031863606,1.27679013608327,0.201676348885182,0.736383351444558,"Gene0344"
113.536152240013,0.387142857798905,0.221667055145282,1.74650607211418,0.080723052876004,0.504519080475025,"Gene0345"
73.986956280283,-0.339673217808117,0.25188321448407,-1.34853455202987,0.177486514835571,0.703789143075765,"Gene0346"
196.934849792524,0.259113876331245,0.239058832872485,1.08389166473283,0.278412835771056,0.806267723338763,"Gene0347"
6.8689877329528,-0.244718053810161,0.372646720957419,-0.656702555120897,0.511372191192922,0.928583583948193,"Gene0348"
59.3105868962355,-0.369805547572551,0.247753206968187,-1.49263677390072,0.135532291829379,0.623854047546047,"Gene0349"
292.28246445313,-0.0315308803047969,0.313170472266671,-0.100682800893016,0.91980226488644,0.989138348463355,"Gene0350"
146.457641574195,0.0794253409783552,0.283746918277382,0.279916136043146,0.779541847126834,0.978402067306978,"Gene0351"
13.4183078406835,-2.57090723971662,0.352614623372018,-7.29098304299266,3.07701498544416e-13,4.96292739587768e-12,"Gene0352"
139.363389704558,0.0968617641455836,0.297249358274637,0.325860296916404,0.744530055959805,0.974859188582401,"Gene0353"
13.7002112546506,0.186493151871303,0.358397364282378,0.520353022809527,0.60281754606983,0.955336840047274,"Gene0354"
30.4291866848709,0.234347302895406,0.301007664112063,0.778542644708742,0.436249176591665,0.905307779082269,"Gene0355"
235.480581961358,0.0152335466229708,0.264802515688268,0.0575279527967331,0.954124639862538,0.993471607857056,"Gene0356"
36.5831712925063,0.208619461264766,0.294288823244836,0.708893592915024,0.478390511387177,0.920664696604519,"Gene0357"
136.111657514827,-0.0804807500881192,0.268615651556958,-0.299613033051627,0.764472341706676,0.977265145689917,"Gene0358"
34.6563741285816,-0.695909307384314,0.320448242431373,-2.17167459588532,0.0298802160109987,0.272878685031951,"Gene0359"
7.94837888702156,0.272731017224391,0.367086843877374,0.74296047862586,0.457505608219499,0.911988911934083,"Gene0360"
16.9860665832778,0.337573638473194,0.316663441147764,1.06603287468121,0.286408781269221,0.80951875852996,"Gene0361"
14.2689299543112,0.0459008630490405,0.282386734071961,0.16254610259894,0.870875826338924,0.986071618700012,"Gene0362"
24.5203512785167,0.673148190551812,0.325838606244597,2.06589451848594,0.0388384405654747,0.32941068733001,"Gene0363"
32.4894541460135,0.0860324498709168,0.306580598606792,0.280619355112091,0.779002369082714,0.978402067306978,"Gene0364"
43.9122828596227,0.106173261914519,0.28643885250307,0.370666412697562,0.710886009786517,0.967191850049682,"Gene0365"
41.2305318440106,-0.0351389001267637,0.270937660090618,-0.129693672393166,0.896808788983329,0.989068835901661,"Gene0366"
317.438313130984,-1.90596696166836,0.176494022289679,-10.7990454120883,3.47800583772787e-27,1.23115250893022e-25,"Gene0367"
9.5359952685805,-0.215999870714782,0.345780891936735,-0.624672663387952,0.532185918270743,0.93042546577227,"Gene0368"
29.9456955309802,0.300449896634131,0.334101749415268,0.899276634019328,0.368505330030793,0.869258456282932,"Gene0369"
87.2687941993968,0.285669030832465,0.31401026781009,0.909744234877169,0.362957409889223,0.869227759199078,"Gene0370"
330.260866370524,-0.49890877285285,0.186806646152834,-2.67072282023987,0.00756881182628388,0.0875007147547269,"Gene0371"
56.4136114878938,0.0327964337358209,0.259549928787065,0.126358862393398,0.899447864136906,0.989068835901661,"Gene0372"
238.496868794328,-0.0572050414975415,0.300345445465488,-0.19046415506279,0.848945429130708,0.985732611815519,"Gene0373"
5.95704877142406,-0.193121979531268,0.389332451323971,-0.496033605404671,0.619870701364521,0.95592604582585,"Gene0374"
285.827335937796,-0.0103347085091432,0.227752264568132,-0.0453769736548615,0.963806834439505,0.994763555173913,"Gene0375"
22.5313151639147,-0.351732253131632,0.256575987204267,-1.37086972543385,0.170415570397205,0.694157109560916,"Gene0376"
166.470346707318,3.12790112426219,0.189440918492436,16.5112223333476,3.0464972840936e-61,6.76999396465245e-59,"Gene0377"
15.9183255778735,-0.757110975749007,0.335420349090778,-2.25720048828672,0.0239955499299572,0.228066913879021,"Gene0378"
61.6390770702685,-0.332459668192234,0.309941144492779,-1.07265419289945,0.283426300015333,0.808968326717783,"Gene0379"
452.450577042991,0.249079475389151,0.228156101439133,1.09170639670839,0.274962172671642,0.804758106465186,"Gene0380"
3958.48483585023,2.84929197735296,0.148031392578972,19.2478901110986,1.47030041324002e-82,1.9604005509867e-79,"Gene0381"
12.2030880957291,0.0560352742915422,0.318359900368669,0.176012350257215,0.860284239821857,0.986071618700012,"Gene0382"
83.5589228000238,-0.749121270744115,0.238195455418342,-3.14498557257708,0.00166095020833211,0.0210914312169157,"Gene0383"
350.190148621762,0.238356503844531,0.244956823764198,0.973055170220444,0.330525882977419,0.850536543384945,"Gene0384"
41.95092985397,-0.128459940001168,0.270788315881658,-0.474392477322797,0.635220056491977,0.957930867063869,"Gene0385"
44.2704907071123,0.0259316300900476,0.225150886751915,0.115174452404536,0.908306847928442,0.989138348463355,"Gene0386"
37.6358815718283,-0.154579310122187,0.24380116935967,-0.63403842782289,0.526055743881161,0.929644202129746,"Gene0387"
120.130750592233,0.166454361022071,0.253978580941758,0.655387396861794,0.512218363818165,0.928583583948193,"Gene0388"
314.128350214252,-0.276605754675303,0.210743671866021,-1.31252223246425,0.189343989668764,0.723921600403219,"Gene0389"
130.082551982489,0.00310922065733799,0.25444739477623,0.0122195028173598,0.990250489988656,0.997858140929364,"Gene0390"
78.9726759952146,-0.411419430972759,0.264264293221187,-1.55684835797473,0.119506492825587,0.597289659431559,"Gene0391"
33.093907273593,-0.191117040492119,0.277290493853043,-0.689230409007121,0.49067828336351,0.923784628815589,"Gene0392"
102.520423761048,-0.264747569816776,0.23527344243175,-1.12527604935086,0.260472075616064,0.793363984935961,"Gene0393"
29.5329564559882,-0.240707173461749,0.280069036198183,-0.859456570884258,0.390088670459502,0.883305334767189,"Gene0394"
39.8589924548873,-0.0973170547488252,0.254822594954163,-0.381901199798748,0.702534650309295,0.965980775014465,"Gene0395"
155.033390997402,-0.0856942506046718,0.251187486428403,-0.341156527433533,0.732985748222198,0.971292520455398,"Gene0396"
92.2280021281665,0.157478908991757,0.267481025576645,0.588747963158353,0.556030357947569,0.939708843355308,"Gene0397"
70.9358325986147,-0.236753323270861,0.304441353528034,-0.777664796609373,0.436766650707278,0.905307779082269,"Gene0398"
38.4802425563722,0.128841037133754,0.313818356095868,0.410559276189678,0.6813957300987,0.965476632893769,"Gene0399"
155.670726215873,0.28965697439732,0.261302967535561,1.10851008363654,0.267641586718491,0.798318359449877,"Gene0400"
245.014982257831,0.0240308718918922,0.256324155435067,0.0937518816792891,0.925306256109935,0.989138348463355,"Gene0401"
16.5880157658114,-0.0492912501900372,0.297804918400088,-0.165515232101763,0.868538461697337,0.986071618700012,"Gene0402"
61.1636392390405,0.0233334953525856,0.247032837569192,0.0944550351369788,0.924747699455214,0.989138348463355,"Gene0403"
67.5666483927026,0.45865875244108,0.299382808210769,1.53201433035587,0.125518898509317,0.604799947431513,"Gene0404"
29.5794271282038,0.0755885040251259,0.289560284503237,0.261045827312968,0.794057167009437,0.981522064235859,"Gene0405"
16.8203344819134,-0.00573672809435396,0.286626709245123,-0.0200146319561863,0.984031700290658,0.996874123254448,"Gene0406"
52.0454080536903,0.013589828021447,0.24543309422121,0.0553708050846575,0.955843054310831,0.994375089009968,"Gene0407"
117.135689794074,0.069289362052395,0.30667520186081,0.225937283588528,0.821250199376776,0.98471246927671,"Gene0408"
309.987285799414,-0.775445782176886,0.221635988037717,-3.49873587336784,0.000467469408524037,0.00607103127953295,"Gene0409"
6.31388318822818,0.0414116118242132,0.383093392108456,0.108097953860006,0.913917991227623,0.989138348463355,"Gene0410"
19.3177496092294,-0.199856711635872,0.307414089568453,-0.650122159060535,0.515613316744552,0.928583583948193,"Gene0411"
38.10434886413,-0.383570083686722,0.238197588060672,-1.6103021311409,0.107331914228771,0.57705330230522,"Gene0412"
6.31267509959707,-0.0739159970747026,0.44077305281033,-0.167696270458053,0.866822230383769,0.986071618700012,"Gene0413"
22.7207135084777,-0.075903409780085,0.258368212326773,-0.293779985922129,0.768926029509167,0.977265145689917,"Gene0414"
21.7848887709142,0.429070911286,0.281885102305775,1.52214823620074,0.127971941946433,0.608450133680564,"Gene0415"
22.0172314027735,0.27893710863228,0.272219716367726,1.02467636199973,0.305515920102349,0.829642688668971,"Gene0416"
3.46443446217792,0.443593670655497,0.482413524181095,0.91952992281571,0.357818461803056,0.866913293284206,"Gene0417"
242.933837093617,2.53592833392223,0.168618230186492,15.0394671508382,4.04795208362346e-51,5.22316397886898e-49,"Gene0418"
25.8895345956856,0.330711245777213,0.301581683015528,1.09658929703693,0.272820968300985,0.804188557998481,"Gene0419"
310.20243352591,0.393547032999788,0.308821114570709,1.27435273830566,0.202538433840182,0.737156692739373,"Gene0420"
137.672671021786,-0.101191326164641,0.233892554783067,-0.432640219174546,0.665276165968834,0.960447739639587,"Gene0421"
9.35099789026768,-0.127059040219643,0.350950122972689,-0.362043013814618,0.717319887264422,0.968606179663051,"Gene0422"
60.7982137146886,-0.140236613416842,0.272984776257847,-0.513715875805404,0.607450650722698,0.95592604582585,"Gene0423"
30.2314797537236,-0.177364190713763,0.248895856745506,-0.712604030589052,0.476090816933479,0.920425430744799,"Gene0424"
134.880037046044,0.0402356904387163,0.241680504891323,0.166482979075243,0.867776876977561,0.986071618700012,"Gene0425"
58.1949584630554,0.309184065223183,0.296745202525503,1.04191765390583,0.297449858518084,0.821117621858065,"Gene0426"
19.6436414248927,-1.64212220926507,0.285883914181802,-5.74401751132032,9.24562203511792e-09,1.35965029928205e-07,"Gene0427"
96.2705247420166,0.273151009802334,0.219837314682082,1.24251431199181,0.214046863295961,0.753204122952887,"Gene0428"
60.756580057045,0.44272107522813,0.272302591900685,1.62584231070999,0.103983204976848,0.567002106781804,"Gene0429"
39.2930103268533,-0.131804799395135,0.291696492696472,-0.451855962259669,0.651372751157622,0.957930867063869,"Gene0430"
593.818384327019,-0.0575197578259806,0.259383812992919,-0.22175538697764,0.82450431077539,0.985732611815519,"Gene0431"
31.9011000516097,-0.119426448638995,0.288302785480308,-0.414239662790745,0.678698597201069,0.965476632893769,"Gene0432"
35.7377295888084,-0.0466911708178182,0.267806673149412,-0.174346554806604,0.861593114014052,0.986071618700012,"Gene0433"
7.47368026880803,-0.038829839122092,0.389960008765345,-0.0995739005264448,0.920682615185921,0.989138348463355,"Gene0434"
49.2762103078889,-0.728390456234979,0.299146429056456,-2.43489604249133,0.0148960686396712,0.157214444745871,"Gene0435"
91.0859903028457,-2.70826165493018,0.199122175008475,-13.601004784198,3.94969640298815e-42,2.58996485441846e-40,"Gene0436"
4.49052539881438,0.21731778114321,0.434819982424965,0.499787935069684,0.617224406785567,0.95592604582585,"Gene0437"
42.6852140811587,0.540566145390797,0.308904097371818,1.74994812302582,0.0801272657464601,0.502483854094447,"Gene0438"
12.2121465537387,0.0258046661607169,0.334843184151387,0.077064928844573,0.938571892726269,0.991968214616613,"Gene0439"
321.368432471932,0.437564627666322,0.274887934744809,1.59179277210742,0.111431274745708,0.5880278350697,"Gene0440"
295.917095515882,-0.23966688232615,0.25644142544526,-0.934587233361442,0.350001060855589,0.863541852770467,"Gene0441"
74.2437315659209,0.366891142289802,0.256202582228829,1.43203530229103,0.152133718450333,0.664339381879182,"Gene0442"
308.685177487033,-0.202932023331917,0.252201792612359,-0.804641478674297,0.421026599028414,0.904386549185102,"Gene0443"
19.7902430841938,0.340155931506242,0.318774330095339,1.06707441406749,0.285938234483549,0.80951875852996,"Gene0444"
169.841068467205,-0.224508936189077,0.258783031814947,-0.867556634662281,0.385637095037434,0.883305334767189,"Gene0445"
25.587116703194,-0.270999873820039,0.289896253681953,-0.934816750399799,0.349882745684152,0.863541852770467,"Gene0446"
87.8397095267874,0.189981310330903,0.274496772085519,0.692107629854804,0.48886974051573,0.923784628815589,"Gene0447"
136.887836291643,2.72775694401412,0.190914177797772,14.2878699501486,2.60454556563738e-46,2.08363645250991e-44,"Gene0448"
36.5609304389218,-0.124348077545327,0.257627742032795,-0.482665712023739,0.629333112768301,0.957889060530138,"Gene0449"
101.177025659614,-0.0514347424681656,0.23996329998355,-0.21434420376654,0.83027864933746,0.985732611815519,"Gene0450"
10.1957381342157,0.186697552987638,0.394225958240685,0.473580060077257,0.635799397457956,0.957930867063869,"Gene0451"
33.4512503397298,0.134029656173306,0.318415841629918,0.420926469886768,0.673808775721532,0.964862029162694,"Gene0452"
47.9779084253158,0.0857411002986194,0.284974360203904,0.300873033760897,0.763511314028034,0.977265145689917,"Gene0453"
32.7025098377252,-0.13212327495399,0.242540905029074,-0.544746359127144,0.58592797571798,0.948495903856286,"Gene0454"
57.971444157067,-0.301904799606705,0.282129588804132,-1.07009265099203,0.284577606726527,0.809033707822395,"Gene0455"
34.6608244748163,0.192403427052356,0.295481685540791,0.651151785262829,0.514948510596101,0.928583583948193,"Gene0456"
423.610362418038,0.581843709137606,0.274340685940635,2.1208801280883,0.0339318913569967,0.300151985331647,"Gene0457"
578.285559304282,2.88853361677232,0.171646940003925,16.8283432067374,1.51276164973643e-63,3.55943917585043e-61,"Gene0458"
2102.44534616362,-0.348055501935102,0.225833684253168,-1.541202779763,0.123267441185678,0.599228855971553,"Gene0459"
20.5162004222323,0.224022011816257,0.27332393170022,0.819620918017392,0.412432245053423,0.896378471923103,"Gene0460"
131.196851538072,-0.150177313310214,0.256753071761803,-0.584909509669031,0.558608563952759,0.940814423499384,"Gene0461"
676.86519113901,0.403855870945579,0.290047454161315,1.39237860960837,0.163807778364273,0.685720286011994,"Gene0462"
73.6570557260596,-0.046904618936565,0.261210419493446,-0.179566416330272,0.857492971952647,0.986071618700012,"Gene0463"
15.1510719092993,-0.642472058849923,0.339986252151651,-1.88970011223674,0.0587980790922258,0.431545534621841,"Gene0464"
16.5983706665309,-0.783735707461582,0.303141949084075,-2.58537529968911,0.00972730523042714,0.109974659306756,"Gene0465"
47.5596659789443,0.317520124459159,0.242645885530599,1.3085741131148,0.190678654514238,0.724324114522394,"Gene0466"
250.863976671172,0.166682619643987,0.254972685996167,0.653727355119491,0.513287476088805,0.928583583948193,"Gene0467"
136.897007633171,-0.519147406714455,0.268884160332749,-1.93074744928076,0.0535142919405562,0.410071202609626,"Gene0468"
4.85723860223,-0.158889285738023,0.406837755426391,-0.390547051296892,0.696132070079134,0.965980775014465,"Gene0469"
14.6270677268977,-2.71647588474906,0.337576806427944,-8.0469861466294,8.48577831165709e-16,1.50858281096126e-14,"Gene0470"
55.3337088592638,-0.19313246382533,0.243923400617907,-0.79177505452977,0.428491850108566,0.905307779082269,"Gene0471"
5.48375293175029,-2.11905838774437,0.464079382605821,-4.56615498806646,4.96751548537192e-06,6.87545395899227e-05,"Gene0472"
128.682851212754,-0.157714041505164,0.258406933041066,-0.61033208222823,0.541641848831304,0.933552658102756,"Gene0473"
2.43520161802223,-0.450820020314019,0.566275639317425,-0.796114098881999,0.42596572010076,0.905307779082269,"Gene0474"
74.3924065244076,-0.0238794315268355,0.234326676529737,-0.101906585628568,0.91883082260417,0.989138348463355,"Gene0475"
31.7495400900223,-0.241572273675374,0.306006533232192,-0.789435019977411,0.429857794559149,0.905307779082269,"Gene0476"
29.3175603970153,-0.221814825345258,0.244901175241235,-0.905731975874609,0.365077733492951,0.869227759199078,"Gene0477"
33.4634298108504,0.000606117913661592,0.268583219884528,0.00225672294018286,0.99819939713637,0.998485403958566,"Gene0478"
88.1484485639729,-0.249107600085163,0.236302768831399,-1.05418824043869,0.291796742874699,0.815074700767316,"Gene0479"
79.2794086871471,-0.164434860796999,0.243314842766236,-0.675811055863037,0.499160614360458,0.926881973487425,"Gene0480"
55.7589486378977,-0.0310549434841292,0.25092328316742,-0.123762701858994,0.901503164310935,0.989068835901661,"Gene0481"
5.34423091866544,0.449291285621356,0.451288432768743,0.995574566059374,0.319456897628604,0.842233220306125,"Gene0482"
7.29533457055411,-0.755574968804886,0.39132133939609,-1.93082996692931,0.0535040831586332,0.410071202609626,"Gene0483"
8.93361818465536,0.00266641327567177,0.349964827121711,0.00761908931706569,0.993920905082364,0.997858140929364,"Gene0484"
130.687126866674,-0.101035347846525,0.225401061920577,-0.448246991321299,0.653974952408495,0.957930867063869,"Gene0485"
38.4792347145476,0.00495596065190335,0.219553657817729,0.0225728903866304,0.981990968653905,0.996874123254448,"Gene0486"
93.7625372538971,-0.244651537523416,0.292216933188509,-0.837225737926664,0.402465692781258,0.890032646270133,"Gene0487"
6.92959101154119,-0.16834841161741,0.415973509205738,-0.404709453587213,0.685691092404515,0.965476632893769,"Gene0488"
28.4556228342924,-0.267862498841136,0.248465749132347,-1.07806609070475,0.281004262951314,0.808077247289859,"Gene0489"
106.873586839049,0.400482459381943,0.316001533012085,1.26734340673793,0.205032526094596,0.742199189482699,"Gene0490"
101.554547860745,1.94681486343671,0.198901885388124,9.7878150307013,1.27010803299687e-22,3.34238956051808e-21,"Gene0491"
39.2933802296951,-0.46781103540902,0.243405382169973,-1.92194203447129,0.0546130518888434,0.415538500313462,"Gene0492"
58.467101647332,0.0953319934370716,0.266125419950345,0.358222049794638,0.720177147338912,0.968606179663051,"Gene0493"
789.211452621062,2.57711400118765,0.173130863394696,14.88535290968,4.10315677964186e-50,5.07626379858751e-48,"Gene0494"
23.1223383333785,-0.635185544224761,0.319555830316687,-1.98771383265102,0.046843348194248,0.377768937050387,"Gene0495"
126.491002641278,0.050173211569907,0.258665081104499,0.193969790416501,0.846199536389309,0.985732611815519,"Gene0496"
160.503443552662,-0.375711224316542,0.234725321771795,-1.60064206741962,0.109456219239121,0.582213932122986,"Gene0497"
55.7741478578571,2.5290165340873,0.226624845817854,11.1594848524241,6.43634407826135e-29,2.54904715970747e-27,"Gene0498"
59.7459651383231,-0.273776242232871,0.266302483806091,-1.02806492196379,0.30391928976808,0.82929678999083,"Gene0499"
48.0116308735236,0.161554474661555,0.268415096942312,0.601882965980398,0.547252043672906,0.935873524878847,"Gene0500"
168.728300776377,0.152948333985194,0.289015516324268,0.529204576731411,0.596663542140054,0.953225770450637,"Gene0501"
156.371660912083,-0.00611460246019639,0.261355494493347,-0.0233957295294285,0.981334611416962,0.996791406921093,"Gene0502"
53.8277713479226,-0.527535475723913,0.287851159427093,-1.83266753823004,0.0668520275961529,0.450941164223628,"Gene0503"
56.8947801455283,0.103810811489528,0.26956888983803,0.385099376830546,0.70016378969364,0.965980775014465,"Gene0504"
21.0934466951302,-0.0689043673996723,0.484293570759808,-0.142278096509868,0.886860346959449,0.987169616735799,"Gene0505"
83.0249699366909,1.79689915130608,0.184931201933472,9.71658180187733,2.56239097235205e-22,6.65556096714819e-21,"Gene0506"
13.3679325324673,-0.199428613153373,0.328467675684367,-0.607148367759051,0.543752453834911,0.934282566726651,"Gene0507"
11.2170356231011,-2.43459428616057,0.357469691012246,-6.8106313552529,9.71713418290744e-12,1.4949437204473e-10,"Gene0508"
11.4186229618038,-0.295663480603491,0.354269168078676,-0.834572994898135,0.403958172374597,0.89153326180167,"Gene0509"
155.840422322305,0.276266947764192,0.291218716974497,0.948657938728524,0.342794612950925,0.856163524879517,"Gene0510"
219.102685003781,-0.151463324288072,0.239700835721242,-0.631884840252352,0.527462130038695,0.929644202129746,"Gene0511"
30.9835328893443,-0.137676737562458,0.25470539487494,-0.540533260514789,0.588829329743411,0.950107833389933,"Gene0512"
15.7998399598069,-0.371649933708468,0.317100677986843,-1.17202503655287,0.241187004481444,0.774062888833789,"Gene0513"
44.5677148641791,0.156915177489987,0.202680306494723,0.774200415441312,0.438812282660686,0.905307779082269,"Gene0514"
750.92836769102,-0.168729077882477,0.2338230748478,-0.721610037813014,0.470534265997663,0.919307908267321,"Gene0515"
626.065754941658,-0.172757468790638,0.269837831793077,-0.640227012063732,0.522025023996874,0.929644202129746,"Gene0516"
6.68128916659917,-0.710618902811582,0.376292524619002,-1.88847467414105,0.0589622547447616,0.431957910218034,"Gene0517"
33.7930486964517,-0.333793116381123,0.345384160042085,-0.966440141147325,0.333823986039228,0.853855391006023,"Gene0518"
322.285960321419,0.192187471343517,0.269325647515697,0.713587707358304,0.475482161008202,0.920425430744799,"Gene0519"
58.1071582547328,0.100582055668096,0.220031524146269,0.457125659872416,0.647580727730012,0.957930867063869,"Gene0520"
224.146249820978,-1.93859108667125,0.183324679891796,-10.5746323289121,3.90706939946837e-26,1.2915931899069e-24,"Gene0521"
34.160226177319,-0.252520551533286,0.267034045533582,-0.945649274903151,0.344327502731526,0.857069079605542,"Gene0522"
120.664803063264,-0.364006643497914,0.244242663127576,-1.4903483234122,0.13613267263394,0.624461801073121,"Gene0523"
177.903123130855,2.17749622138686,0.183391739667691,11.8734694666866,1.62582427393058e-32,7.14648032496958e-31,"Gene0524"
2386.42931618337,0.0373414808983625,0.220157919546878,0.169612253673261,0.865315085149852,0.986071618700012,"Gene0525"
156.961487920443,-0.363127985721519,0.214056823088972,-1.69640930142453,0.0898083934318685,0.52405318368313,"Gene0526"
11.9753512489685,-0.0634086873784837,0.340654209574216,-0.186137982729579,0.852336556462168,0.986071618700012,"Gene0527"
26.4705013181858,-0.0970124728008307,0.311010049841322,-0.311927131777017,0.755095902344679,0.97669532837442,"Gene0528"
80.121599140477,0.600115909443002,0.23352513254567,2.56981294861545,0.0101753439916641,0.114329707771507,"Gene0529"
4.30892001077432,0.268727164768726,0.477004869380035,0.563363567164403,0.573187340561703,0.947334508931418,"Gene0530"
6.92159251928819,-0.685383567069744,0.416289337572264,-1.64641153450337,0.099679059928771,0.55454275342849,"Gene0531"
8.65181708919494,-2.62480626432318,0.417255547116763,-6.29064438438409,3.16150837038263e-10,4.75414792538741e-09,"Gene0532"
34.8548380868655,-0.0530685420757016,0.257104819028993,-0.206408196766305,0.836472068596799,0.985732611815519,"Gene0533"
256.954260756886,0.0229748797123948,0.262467023918328,0.0875343476273953,0.930246784742906,0.989419924133832,"Gene0534"
42.1010669722921,0.59924071776151,0.236202826647321,2.53697521857454,0.0111814868949789,0.123211976804175,"Gene0535"
67.0435160388412,-0.0963452244271297,0.24775349801913,-0.388875334545995,0.697368369073497,0.965980775014465,"Gene0536"
54.0399554433208,0.0737204891313926,0.311147446028599,0.236931043697581,0.812710286174079,0.983621523514424,"Gene0537"
22.0372963147191,0.394709584010697,0.328781833366718,1.20052126958744,0.22993695718739,0.761212126574736,"Gene0538"
270.837278134548,-0.0516215206496601,0.218622139959085,-0.236122108489657,0.813337918819489,0.983621523514424,"Gene0539"
13.3114751560847,-0.0794156089864202,0.316051598033907,-0.25127418902625,0.801602129286097,0.981522064235859,"Gene0540"
39.3698125002975,0.051955554003741,0.25257887312186,0.205700315951106,0.837025011744114,0.985732611815519,"Gene0541"
40.6130349545482,-0.269018390772769,0.299304031202325,-0.898813122202542,0.36875220936174,0.869258456282932,"Gene0542"
86.1478407143356,0.411393884176522,0.288674898274246,1.42511138528467,0.154125006076855,0.667985658288688,"Gene0543"
420.81002868146,-0.355157863188543,0.203990206755757,-1.74105349877793,0.0816742013299378,0.508817419221041,"Gene0544"
90.5371769361927,0.233789783523987,0.311602773199782,0.750281459703486,0.453085206541972,0.909528208749712,"Gene0545"
290.340223588012,-0.198069849772727,0.230728535964082,-0.858454065705859,0.390641784300789,0.883305334767189,"Gene0546"
131.485138694638,-0.50949819972592,0.231453123346319,-2.20130189802437,0.0277146586021047,0.257212608836239,"Gene0547"
28.4361389555328,-0.364434089131437,0.303723721594035,-1.19988681561906,0.230183301085491,0.761212126574736,"Gene0548"
65.231468514472,-0.205219073334857,0.297715781906483,-0.689312041238443,0.490626922040839,0.923784628815589,"Gene0549"
275.084546706519,-0.132281409885419,0.255877407533974,-0.516971823187848,0.605175828355119,0.95592604582585,"Gene0550"
6.32735715968129,-1.75044074793999,0.438233297363963,-3.99431252364697,6.48822361035808e-05,0.000876786974372713,"Gene0551"
62.3937097893147,-0.283005218940972,0.274507912621005,-1.03095468629241,0.302562069888379,0.828942539113957,"Gene0552"
48.7702498745135,0.224631544208742,0.264192917919327,0.850255737276557,0.395182919503956,0.886991414391594,"Gene0553"
139.562350539791,0.0697400524388143,0.243396151995681,0.286528985224268,0.774472996637152,0.977622955372068,"Gene0554"
146.502030650941,0.0535165881260773,0.29532988747183,0.181209523303604,0.856203119835188,0.986071618700012,"Gene0555"
75.75621829973,-0.0116752347481277,0.257803785132657,-0.045287289874817,0.963878318255486,0.994763555173913,"Gene0556"
258.256932784287,-0.0220208710880891,0.267041371904424,-0.0824623949878844,0.934279020905517,0.990993539422673,"Gene0557"
7.95499617102558,-0.346700410721306,0.390788475843739,-0.88718176750928,0.374981046932738,0.873003148205292,"Gene0558"
176.251835574842,0.262921447458845,0.257297483100295,1.02185782888656,0.30684819438071,0.831566922440948,"Gene0559"
7.5885682353509,0.426078735700358,0.348911560087974,1.22116543112795,0.222023389934351,0.757511449246019,"Gene0560"
108.294056292941,-0.0999002092472117,0.215296816825481,-0.464011547965386,0.642639472051987,0.957930867063869,"Gene0561"
66.16686526191,-0.142909325988801,0.336501022840113,-0.424692099841562,0.671061143632042,0.964514759083065,"Gene0562"
438.389483905861,2.03801643822228,0.175464274046565,11.6149937033987,3.45813862354147e-31,1.44089109314228e-29,"Gene0563"
60.7272023501169,-0.213507014545414,0.263360379702444,-0.810702865733424,0.417536327246034,0.901041359007349,"Gene0564"
7.10495521479475,-0.140026966647765,0.389465039797528,-0.359536678107388,0.719193644387805,0.968606179663051,"Gene0565"
4.67932234981408,-0.128615551015391,0.42834598282347,-0.300260901637535,0.763978154001252,0.977265145689917,"Gene0566"
104.678240843834,0.0271197923598252,0.242962974984598,0.111621091080007,0.911123848264496,0.989138348463355,"Gene0567"
47.9601246970644,-0.338443151865867,0.252903782412043,-1.33822890523029,0.180821829248922,0.708410692454151,"Gene0568"
28.1395859742246,0.0660791501203818,0.279270117533175,0.236613751245806,0.812956451155833,0.983621523514424,"Gene0569"
34.6815436298977,-0.00306438412896547,0.439196021757042,-0.00697725839297481,0.99443299842047,0.997858140929364,"Gene0570"
20.8544739192189,-0.310743732998604,0.29460255230338,-1.05478968382664,0.29152152375583,0.814874979051935,"Gene0571"
37.4489999692209,-0.156832321338686,0.333697425420612,-0.469983612073139,0.638366725975207,0.957930867063869,"Gene0572"
16.7574390148738,-0.502836658016122,0.291988890831924,-1.72210886716772,0.0850497991242517,0.520105176623218,"Gene0573"
5.8281449377101,-0.500311853588524,0.403315590353062,-1.24049718274107,0.214791555582866,0.753204122952887,"Gene0574"
49.9980900789922,0.109719315547807,0.269348768053655,0.407350352261314,0.683750685822024,0.965476632893769,"Gene0575"
181.347656152837,0.0839323813499984,0.286080230924969,0.293387561519452,0.7692259318345,0.977265145689917,"Gene0576"
461.745593973207,-0.292572367117325,0.244105010948668,-1.19855125456171,0.23070248193655,0.761212126574736,"Gene0577"
49.2192357776045,0.200823843861045,0.297416942843404,0.675226642911134,0.499531781927583,0.926881973487425,"Gene0578"
44.609269466021,0.443865164603255,0.243487937623845,1.8229451895435,0.0683116927147708,0.457699783683556,"Gene0579"
137.427710507776,0.670982334500982,0.240029375431177,2.7954175746017,0.00518327173215959,0.0626377248599346,"Gene0580"
64.868113642055,-0.348967067038386,0.297179824471539,-1.17426230955933,0.240289975041123,0.77263657569493,"Gene0581"
23.5338083159855,-0.0540486188255329,0.277835457873526,-0.194534632977395,0.845757280472106,0.985732611815519,"Gene0582"
5.88691642906675,-0.224634753553113,0.393678973352955,-0.570603889864638,0.568268181131788,0.947334508931418,"Gene0583"
12.9293176503042,-0.136833743116628,0.311317496656956,-0.439531168617248,0.660276702729728,0.958311614992349,"Gene0584"
53.8142643728985,-2.11485398563194,0.240075163014557,-8.80913276940564,1.26117739648129e-18,2.56076628727165e-17,"Gene0585"
8.37085236275828,0.236029276330681,0.370841752118208,0.636468992454347,0.524470785020773,0.929644202129746,"Gene0586"
178.879858770849,0.132319990838912,0.261563412687093,0.505881114944795,0.612940110529805,0.95592604582585,"Gene0587"
10.9790401503962,0.0965844339527845,0.398923176753607,0.242112866789987,0.808692708501875,0.983462361202086,"Gene0588"
43.157366721147,0.0154509573567928,0.308874122751675,0.0500234762923629,0.960103680362602,0.994763555173913,"Gene0589"
55.1967288109899,0.370335969431712,0.259129343336977,1.42915489485928,0.152959718533007,0.667217965247577,"Gene0590"
54.6347135630222,0.642141090930217,0.265320323500162,2.42024840939041,0.01550990781946,0.162407411722094,"Gene0591"
66.616342203241,-0.523960305400244,0.284291360268708,-1.84303984793982,0.0653231927074987,0.449281379462633,"Gene0592"
111.57521702766,-0.337244657433764,0.245025246231893,-1.37636697695467,0.168708046478337,0.690786767200747,"Gene0593"
47.0496134128128,-0.0192425863183511,0.299431946080128,-0.0642636384335618,0.948760305909213,0.993471607857056,"Gene0594"
23.5737435433696,-2.70092407518437,0.305884213066115,-8.82989039581648,1.04778347112082e-18,2.13833361453228e-17,"Gene0595"
68.6812625750427,-0.118479901435068,0.241076150833401,-0.491462556646449,0.6230993286936,0.95592604582585,"Gene0596"
37.0369879143586,-0.0417398031599756,0.340554251786674,-0.122564328417552,0.902452103211462,0.989068835901661,"Gene0597"
312.231678891587,0.166096497944043,0.252672413477163,0.657359051026971,0.510950075108916,0.928583583948193,"Gene0598"
3.64181601783788,-0.401552570954706,0.501377336403961,-0.800898927412174,0.423190161109267,0.904386549185102,"Gene0599"
816.670257502426,2.94923995427415,0.158106219328651,18.6535353687994,1.18196778057246e-77,9.45574224457971e-75,"Gene0600"
34.6397189949865,-0.00784061571306953,0.299871652560282,-0.0261465718620847,0.979140430770909,0.996791406921093,"Gene0601"
84.0916649324975,0.154383904220639,0.239004352343463,0.645945995154016,0.518314330703198,0.929644202129746,"Gene0602"
160.845944921926,-0.0548618891133209,0.228642516704228,-0.239946139082654,0.810372011647201,0.983621523514424,"Gene0603"
135.338673944721,0.139616312050638,0.258120035752639,0.540896841438664,0.588578688111745,0.950086663618636,"Gene0604"
23.6419651994402,-0.290247136120962,0.255328685007303,-1.13675882563943,0.255639120248384,0.789044479997369,"Gene0605"
344.532602825767,-0.0918046782924243,0.201872205580879,-0.454766311331767,0.649277369099022,0.957930867063869,"Gene0606"
6.30432290917715,0.431469667085051,0.384197585657478,1.12304106843013,0.261420052805233,0.793363984935961,"Gene0607"
142.932863086868,-0.31700160434471,0.227402526440743,-1.39401091670507,0.163314308092446,0.68475600877336,"Gene0608"
27.0382849462545,-0.640496319601943,0.259097903024726,-2.4720243279654,0.0134350373237858,0.144075467279204,"Gene0609"
5.82464483313819,-0.378799360469767,0.389423299531622,-0.97271878936203,0.330693084220378,0.850536543384945,"Gene0610"
4.60732497815407,0.44483918166861,0.447363219464768,0.994357967561172,0.320048623716327,0.842233220306125,"Gene0611"
70.7522119632143,-0.272349037494372,0.255564318460535,-1.06567708330703,0.286569640519606,0.80951875852996,"Gene0612"
790.471535560346,-0.253371794427327,0.233786661211918,-1.08377352717166,0.278465225565902,0.806267723338763,"Gene0613"
77.6211574130216,-0.240879348907725,0.239607064703677,-1.00530987767669,0.314747660250225,0.838373967298594,"Gene0614"
188.81377237343,-0.385595172499419,0.271056250166514,-1.42256514012328,0.154862255520423,0.667985658288688,"Gene0615"
159.225982135408,-0.0075132064629588,0.226723913740968,-0.0331381297146389,0.973564436321111,0.996066844846464,"Gene0616"
23.8404093763543,-0.343088913870071,0.32679192250884,-1.04986962724206,0.29377805759186,0.817753813756048,"Gene0617"
190.456183069934,0.0677829370801024,0.288880402340602,0.234640136647911,0.814488054537422,0.983621523514424,"Gene0618"
73.8424817627642,0.0832110228258943,0.269753404229838,0.308470705174108,0.757724188008032,0.976941233108903,"Gene0619"
68.707768569545,-0.104905401962748,0.296706450301263,-0.353566300483967,0.723663933333336,0.968606179663051,"Gene0620"
165.817401123425,-0.398449396179721,0.260031999548862,-1.53230908838529,0.125446179437868,0.604799947431513,"Gene0621"
141.734412448857,0.351772731882256,0.259640470488704,1.35484553398065,0.175466775792759,0.700131410667706,"Gene0622"
24.4796658252032,0.172843298812858,0.316326344649548,0.54640816908357,0.584785395979233,0.948172510708119,"Gene0623"
79.1619546804336,-0.534481802212304,0.289191709978339,-1.848191990885,0.0645745736439487,0.449281379462633,"Gene0624"
21.9236856340778,-0.105274859520922,0.279037253596827,-0.377278869268944,0.70596637379796,0.965980775014465,"Gene0625"
114.631841921607,-0.0379072825119488,0.281790806468255,-0.134522779458453,0.892989199396212,0.988366573764485,"Gene0626"
31.3826328713217,0.0685247867178031,0.261558961077049,0.261986002833286,0.793332233523071,0.981522064235859,"Gene0627"
76.2977033675954,0.0720104527382281,0.247542522317539,0.290901345207494,0.771126772459091,0.977265145689917,"Gene0628"
94.727135049322,-0.529156003099226,0.281170936026848,-1.8819726198468,0.0598397332837379,0.433630787590432,"Gene0629"
39.3817352113447,-0.0175752672842748,0.28122837867585,-0.0624946435598962,0.950168927423919,0.993471607857056,"Gene0630"
97.010914770367,0.153900703437405,0.275722374340638,0.55817270471953,0.576726457644051,0.947334508931418,"Gene0631"
98.5459756288026,-0.254886825742074,0.284730479656761,-0.895186304077236,0.370687504830695,0.869980213896254,"Gene0632"
23.5511627313652,-2.40157056368926,0.299470311618408,-8.01939447924107,1.06267713956231e-15,1.86434585888125e-14,"Gene0633"
231.317258488891,-0.146404755658951,0.281819053007949,-0.519499139949286,0.603412712498525,0.95556187735727,"Gene0634"
320.026577455202,-0.0896806677189981,0.226735629184858,-0.395529666164118,0.692452032278734,0.965949908811616,"Gene0635"
24.7969936794669,-0.373184583049943,0.283780417952902,-1.31504698506674,0.188494112188038,0.72289208892824,"Gene0636"
21.2814431097451,0.308060905434141,0.275759507111112,1.11713611857456,0.263936129311707,0.795768511110059,"Gene0637"
100.478122413255,-0.384199941874018,0.248496543827463,-1.54609772818723,0.122080967386572,0.59741489720928,"Gene0638"
15.0489495284256,0.0759541730239535,0.304587232369874,0.249367553698768,0.803076480909817,0.981522064235859,"Gene0639"
30.6079682611827,0.108198285761051,0.245125643910048,0.441399292359454,0.658923954429129,0.957930867063869,"Gene0640"
151.377738390864,-0.0400042426769444,0.218769138366797,-0.182860539542244,0.85490744565553,0.986071618700012,"Gene0641"
28.9649187492877,0.273261288752862,0.26552740724076,1.02912649052868,0.303420239435213,0.82929678999083,"Gene0642"
4.49211272518996,-0.73426768180133,0.482524194665905,-1.52172199843726,0.128078753139759,0.608450133680564,"Gene0643"
101.843270008409,0.0164018969892046,0.276715518462823,0.0592734989360859,0.952734268777771,0.993471607857056,"Gene0644"
8.02928081141803,-0.0573574101295756,0.369840356041133,-0.155086942765101,0.876752775803001,0.986362048840613,"Gene0645"
10.5655240160285,0.116532319024767,0.312995636940917,0.372312918364304,0.709659881428396,0.96716849257703,"Gene0646"
1.15091644146798,-0.169712973171168,0.789532459264472,-0.214953763052722,0.829803367602741,0.985732611815519,"Gene0647"
156.626713112771,-0.159477429784712,0.243645763192615,-0.65454628758981,0.512759916002014,0.928583583948193,"Gene0648"
61.1917353104601,-0.182805015796774,0.263319518918814,-0.694232681828409,0.487536300104869,0.923784628815589,"Gene0649"
97.4810719981424,0.166493702359416,0.2435260645779,0.683679189116765,0.494177767529519,0.924617989461178,"Gene0650"
154.773297207005,0.0145060518974593,0.276519710942852,0.052459377481619,0.958162662813958,0.994763555173913,"Gene0651"
51.2628550142303,0.37169159776045,0.358894622880869,1.03565663585835,0.300362359656064,0.826875043788201,"Gene0652"
14.1352581293094,0.371056543378126,0.316697349463506,1.17164398125436,0.241340022410288,0.774062888833789,"Gene0653"
286.412795247809,2.28795454229334,0.195187830099692,11.7218094034079,9.85444421603786e-32,4.19338051746292e-30,"Gene0654"
256.130858332422,0.415193499926868,0.308431060176192,1.34614684944405,0.178255162184654,0.703789143075765,"Gene0655"
4.81783022706894,-2.80426508118119,0.560919502554304,-4.99940734528071,5.75067979883205e-07,8.15699262245681e-06,"Gene0656"
26.0711456430647,-0.103606003502781,0.307541902576639,-0.336884185975155,0.736204206988485,0.971584843669412,"Gene0657"
39.0832533861034,0.325941007122738,0.264902404957997,1.23041920730927,0.218540164408962,0.754604995551524,"Gene0658"
9.59500695199095,-0.0149264163264048,0.32846428933133,-0.0454430414849396,0.963754174260384,0.994763555173913,"Gene0659"
123.420022650391,0.557057832605012,0.282501320685016,1.97187691460785,0.0486236592441169,0.384820952274171,"Gene0660"
30.3323132057804,-0.147856100327087,0.244844121231408,-0.603878498627885,0.545924424876464,0.935334983406104,"Gene0661"
259.963871273101,0.128046861003458,0.272005255002263,0.470751423542875,0.637818257365785,0.957930867063869,"Gene0662"
58.2567218299668,-0.397962767330281,0.282070441504724,-1.41086306387625,0.158284995018046,0.676060499550552,"Gene0663"
152.378175635907,-0.109533812401755,0.216862572171468,-0.505083986162212,0.613499848393222,0.95592604582585,"Gene0664"
260.751317502827,-0.0528776778065221,0.298938604369151,-0.176884741661619,0.859598924022208,0.986071618700012,"Gene0665"
255.131562102101,2.59965115449959,0.181081028416878,14.3562866702677,9.73027486098666e-47,8.10856238415555e-45,"Gene0666"
180.837269585937,0.108031325913509,0.228810115394948,0.472144012195599,0.636823999352804,0.957930867063869,"Gene0667"
67.5672939639473,-0.161039635992051,0.302041587316366,-0.533170406839951,0.593915624801227,0.951688035781253,"Gene0668"
9.52380890374047,-0.0337492201068457,0.356099943054752,-0.0947745731643001,0.924493883618777,0.989138348463355,"Gene0669"
57.2897200331338,-0.0278063849650507,0.242574873803752,-0.114630112051698,0.908738311061465,0.989138348463355,"Gene0670"
123.610654628217,0.191285081482524,0.227523374618367,0.840727163982046,0.400500799206615,0.889438539039225,"Gene0671"
82.1691960098753,-0.316937721633798,0.260344753134611,-1.21737702726018,0.223460799470747,0.758136724243417,"Gene0672"
44.3396548315616,-0.134599109932696,0.303490674136339,-0.44350328166008,0.657401746085801,0.957930867063869,"Gene0673"
13.3243811105229,-0.160543682248695,0.318201197177587,-0.504535129574312,0.613885382427936,0.95592604582585,"Gene0674"
107.871076417374,-0.0822583828494088,0.245012728630743,-0.335731058990734,0.737073682211642,0.971584843669412,"Gene0675"
43.4151992304712,2.25757574945083,0.271113564736242,8.32704830408304,8.28829315531458e-17,1.54921367389058e-15,"Gene0676"
11.9647290737259,-0.2637582576298,0.364761556873622,-0.723097740591078,0.469619837312788,0.918979533251709,"Gene0677"
91.3464748231186,0.114481300420746,0.298721664354266,0.383237354639863,0.701543783421376,0.965980775014465,"Gene0678"
11.2890761784314,0.200731021848422,0.358685476234338,0.559629634173644,0.575732087302413,0.947334508931418,"Gene0679"
90.0187543699976,0.0425200992158069,0.28045016037709,0.151613745410717,0.879491591473765,0.986362048840613,"Gene0680"
132.138412536361,1.98215776875446,0.195301796652734,10.1492039639499,3.34077216879016e-24,9.82580049644163e-23,"Gene0681"
9.27921251290974,0.541927853582216,0.352151840765083,1.53890393531616,0.123827750309706,0.600376971198573,"Gene0682"
206.545227153957,-0.21968939365022,0.225041493261944,-0.976217276493562,0.328956803558147,0.847944905610575,"Gene0683"
26.8207050337157,-0.144611588952888,0.293518158026106,-0.492683621093132,0.622236152449799,0.95592604582585,"Gene0684"
239.873602212002,0.316327927660941,0.248657387078225,1.27214369690705,0.203322067943111,0.738011135909658,"Gene0685"
37.2027816838883,-0.175002779412347,0.225595374832774,-0.775737443828671,0.437904026549338,0.905307779082269,"Gene0686"
28.1909669609285,0.140749927855317,0.279166713177704,0.504178762049336,0.614135763301021,0.95592604582585,"Gene0687"
55.5138019300517,0.130084408068488,0.260378256471598,0.499597815237223,0.617358296539838,0.95592604582585,"Gene0688"
30.6532295938896,0.133903538137067,0.276786809431459,0.48377861073696,0.628542996489557,0.957889060530138,"Gene0689"
35.2201845969487,-0.0283094331060318,0.311560387835878,-0.0908633902489059,0.92760114016663,0.989419924133832,"Gene0690"
20.8527059379487,-0.344204556758778,0.264807393243969,-1.29982985951476,0.19365928909119,0.727358832267381,"Gene0691"
12.5706255587026,-0.253835797902418,0.305365854457923,-0.831251412680111,0.405831616243136,0.893124797630876,"Gene0692"
106.004100181824,-0.106970314153871,0.250254187012445,-0.427446651066627,0.669054034654889,0.963014083706209,"Gene0693"
22.8389069078192,-0.311115815839163,0.325105680094908,-0.956968256439993,0.338583277429872,0.855068234149037,"Gene0694"
10.7484020850231,-0.358596082473624,0.321055728860063,-1.11692784223739,0.26402517896953,0.795768511110059,"Gene0695"
34.5329604876063,0.0231848785037226,0.312087636395124,0.0742896411133986,0.940779919449533,0.992000827951994,"Gene0696"
16.668575615367,-0.205972917708876,0.315998890815146,-0.651815318647325,0.514520318295214,0.928583583948193,"Gene0697"
3.6394913421192,0.468982650525515,0.47845084463882,0.980210727560838,0.326982110272188,0.847724218312202,"Gene0698"
35.9591692211768,-0.269681431760099,0.251878204812223,-1.0706818875462,0.284312489545883,0.809033707822395,"Gene0699"
56.6510636069063,-0.112126891531859,0.223691202287245,-0.501257494194499,0.61618991577689,0.95592604582585,"Gene0700"
84.2705903333101,-0.423071526094511,0.282459867408018,-1.49781110490779,0.134182334791469,0.621011934850513,"Gene0701"
89.4715398872877,0.295023784349089,0.247747387541786,1.19082500637602,0.233722289874748,0.767560886288172,"Gene0702"
13.4850493133058,-0.514700489977047,0.312284074432334,-1.64818039764808,0.0993156580961571,0.554495150856643,"Gene0703"
35.6544416811684,-0.082529211007642,0.287184055304763,-0.287373931397622,0.773826019488142,0.977458747235388,"Gene0704"
14.0754560397379,0.23220228045319,0.386472492644184,0.600824857843049,0.547956645719344,0.936678026870673,"Gene0705"
24.2575987528888,0.24739508686783,0.267249679581128,0.925707702458552,0.354597903920907,0.864306323931558,"Gene0706"
13.1910932488246,-0.162639113889447,0.323254700605819,-0.503129926911015,0.614872927159379,0.95592604582585,"Gene0707"
15.7357062698548,0.132236866099947,0.299858924068561,0.440996933843836,0.659215216740705,0.957930867063869,"Gene0708"
120.259293595704,0.541097861217664,0.262046121967239,2.06489551211642,0.0389328878320484,0.32941068733001,"Gene0709"
35.9788712492195,-0.0955578478547113,0.288504531851469,-0.331217839946818,0.740479945718288,0.973035408302613,"Gene0710"
35.9067706720281,0.5496443321917,0.263024896758056,2.08970458297448,0.0366443450738187,0.317955271790184,"Gene0711"
416.597266021489,-0.135294654130696,0.229554410782147,-0.589379457661976,0.555606753612685,0.939708843355308,"Gene0712"
40.2553880510903,-0.348735181172089,0.28084980563846,-1.24171416241255,0.214342042740201,0.753204122952887,"Gene0713"
28.9032680794578,0.0463403891748179,0.264702408364249,0.175065989996775,0.861027781582978,0.986071618700012,"Gene0714"
138.183875947867,0.0836247301092857,0.234262521425894,0.356970161510616,0.721114143720638,0.968606179663051,"Gene0715"
27.2492649070907,-0.205822174426085,0.345164789857727,-0.596301188516136,0.550974037219075,0.937727038488801,"Gene0716"
273.197013092382,-0.0346888733744493,0.253994374244656,-0.136573392531268,0.891368009081012,0.987599985764196,"Gene0717"
36.4161064013846,0.0535478659541132,0.269062832675127,0.199016212762348,0.842250062319194,0.985732611815519,"Gene0718"
25.0756174072331,-0.0339093362378962,0.314216280883638,-0.107917184120875,0.914061385773114,0.989138348463355,"Gene0719"
11.9197762974771,-0.39973225711811,0.294220869773654,-1.35861285919529,0.174269298191432,0.698684220021239,"Gene0720"
81.6283167496304,0.0971454237642362,0.23271633905006,0.417441354400729,0.676355611801364,0.964862029162694,"Gene0721"
297.869418885222,0.207622238158003,0.318718858732292,0.651427527645596,0.51477054565491,0.928583583948193,"Gene0722"
32.3744014310375,0.418286573843031,0.245927153905425,1.7008555875204,0.0889701080856277,0.52405318368313,"Gene0723"
80.9500796840201,-0.414819581456487,0.249477626833551,-1.66275263526236,0.0963619612936504,0.545187899822633,"Gene0724"
73.3752698204919,-0.142248987544069,0.260573824854692,-0.545906664352775,0.585130097097858,0.948277940185275,"Gene0725"
281.978019670323,-0.198920752689168,0.276057596379276,-0.720576992983272,0.471169813326511,0.919355733320022,"Gene0726"
115.786574083678,0.121530160473121,0.23316772925543,0.521213466637091,0.602218074011214,0.954765079684842,"Gene0727"
13.3512172251279,0.542699928798507,0.344593268661405,1.57489997093286,0.115279535386133,0.592303611844575,"Gene0728"
24.4668289981062,0.117422325756331,0.320306472806728,0.366593671140651,0.713922129743055,0.968606179663051,"Gene0729"
23.0786521284599,-0.0732994250775682,0.2773053464052,-0.26432748602857,0.791527582432676,0.981522064235859,"Gene0730"
69.522448328716,-0.484971822945554,0.244775847465487,-1.98128952658997,0.0475588142379747,0.380470513903797,"Gene0731"
48.0236931561151,0.234886030091477,0.24608232086588,0.954501848263591,0.339829674185288,0.855455441624387,"Gene0732"
81.2308305807844,-0.0135717345466308,0.230284258724564,-0.0589347036649325,0.953004116551835,0.993471607857056,"Gene0733"
21.8545487540748,0.291793224085787,0.272095334305053,1.07239333901496,0.283543398514583,0.808968326717783,"Gene0734"
30.8841506955999,-0.150200811107726,0.273835766143071,-0.548506914283983,0.583343882943273,0.947518170875313,"Gene0735"
134.964355626848,-0.368006543966708,0.235150449645957,-1.56498337349888,0.117586807869304,0.593123873237345,"Gene0736"
41.2771896433388,-0.531717834761292,0.292439616807405,-1.81821410028543,0.069031415722351,0.460209438149007,"Gene0737"
22.0622999396808,-0.069540082186562,0.311767880465469,-0.223050822563052,0.823495952026133,0.985337663208056,"Gene0738"
528.182771491253,2.34124769212891,0.164619063607854,14.2222148566347,6.67077372399418e-46,5.23197939136799e-44,"Gene0739"
53.9509284107018,0.460780448649852,0.241193662768023,1.91041689637188,0.0560795570570476,0.421650804940207,"Gene0740"
18.4284253727281,-0.503257269765795,0.301183777156976,-1.67093086658349,0.0947353338810597,0.542935620652654,"Gene0741"
841.208668133197,1.64056360715169,0.163994184709186,10.003791354315,1.46671704457585e-23,4.13159730866435e-22,"Gene0742"
13.4120292750621,0.0750841788581936,0.50821608507016,0.147740658086074,0.882547443200139,0.986362048840613,"Gene0743"
6.37739788994578,-0.209757958465942,0.395508266830304,-0.530350377115987,0.595869024476442,0.95300923546812,"Gene0744"
2.67163999570485,-0.276218195620583,0.544135091565038,-0.507627976769749,0.611714266754254,0.95592604582585,"Gene0745"
129.156930771876,-0.654750588671517,0.238252313352938,-2.7481394806085,0.00599345066064614,0.0709284101851614,"Gene0746"
29.8590288502363,-0.173643448129778,0.265695181936578,-0.653543834947025,0.51340573938875,0.928583583948193,"Gene0747"
39.5777088507126,-0.133852037324807,0.292636001414822,-0.457401128629649,0.647382753284898,0.957930867063869,"Gene0748"
74.0847201869346,0.111823637624786,0.266291408731205,0.419929573235541,0.674536902993789,0.964862029162694,"Gene0749"
36.2039499919512,-0.434537344907501,0.272832369906519,-1.59268984489042,0.111229786810272,0.5880278350697,"Gene0750"
9.83629327037405,-0.0510600406802406,0.339969980804364,-0.150189850761039,0.880614832990772,0.986362048840613,"Gene0751"
4.13332084179286,-0.272396212818108,0.440859675156371,-0.617875093070126,0.536657678379352,0.931958650783472,"Gene0752"
147.211372409057,2.71891814599922,0.219838372240472,12.367805121051,3.90342518459085e-35,1.90410984614188e-33,"Gene0753"
65.3248280749983,-0.49209621053346,0.326251774477684,-1.50833267135876,0.131469405410107,0.614180277816209,"Gene0754"
3.40248381102391,-0.0117554219541997,0.510880637857805,-0.0230101144633154,0.981642204911161,0.996844077086734,"Gene0755"
67.4757233294936,-0.289161179931874,0.318225374449859,-0.908667891213167,0.363525457868955,0.869227759199078,"Gene0756"
88.9009411188484,-0.245945875502369,0.254690375295214,-0.965666155296566,0.33421126021079,0.853855391006023,"Gene0757"
271.103889511961,0.0523671281713411,0.25495259459366,0.205399471438222,0.837260033203646,0.985732611815519,"Gene0758"
69.9569620233923,0.296032217999176,0.27515011426084,1.07589349469992,0.281974891634904,0.808693434308323,"Gene0759"
64.9734502250398,-0.13986651312141,0.298467589061539,-0.468615415031119,0.639344556819472,0.957930867063869,"Gene0760"
88.3609203801654,0.0390726495800356,0.258598207803494,0.151094046288698,0.879901528956967,0.986362048840613,"Gene0761"
50.5345497005393,0.217388610032572,0.284955475451556,0.762886235781524,0.445531245602984,0.906933833288517,"Gene0762"
41.4723679282231,-0.452663161791559,0.25283441374887,-1.79035422860264,0.0733969835812163,0.476603789488417,"Gene0763"
71.1126466455028,0.1417242487227,0.30428237658472,0.465765550780231,0.641383325975819,0.957930867063869,"Gene0764"
128.570146592528,-0.164962010451036,0.263556508452718,-0.625907557432339,0.531375577228442,0.93042546577227,"Gene0765"
29.1398277057567,-0.0852848368841838,0.312954231094511,-0.272515366179625,0.785225777719512,0.980919147682089,"Gene0766"
29.2401282447879,-0.418658873156844,0.250732922382247,-1.66974033237881,0.0949707502296082,0.542935620652654,"Gene0767"
20.1050855638715,-0.252238286194637,0.336697397199293,-0.749154250352983,0.453764240032045,0.909528208749712,"Gene0768"
16.2353370552382,0.574215629165083,0.337513337636672,1.70131240793576,0.0888843392576985,0.52405318368313,"Gene0769"
84.0825459256658,0.0589642913860577,0.245620946167961,0.240062145781885,0.810282079488484,0.983621523514424,"Gene0770"
347.083488333922,-0.0537486693268977,0.259909421933037,-0.206797694855193,0.836167856479787,0.985732611815519,"Gene0771"
15.3871198056054,-0.508792325136207,0.314843025556139,-1.61601904389489,0.106090195836948,0.573460518037556,"Gene0772"
24.7420034041048,-1.89104187453535,0.267689635273505,-7.06430741183994,1.61419042275355e-12,2.56220702024372e-11,"Gene0773"
15.9619735394014,0.502217080218327,0.331698863135773,1.51407537388139,0.130006723705837,0.61107743222485,"Gene0774"
160.584236669917,-0.287664932087893,0.261801055663701,-1.09879210134819,0.271858758256974,0.801943239696089,"Gene0775"
40.7840307217671,0.0284006165394765,0.227799706720533,0.124673630832715,0.900781934038217,0.989068835901661,"Gene0776"
59.7511625106125,-0.262681068040887,0.257804933702395,-1.0189140458581,0.308243774842283,0.831886323389716,"Gene0777"
79.658612175979,0.0371162271562716,0.274560357741582,0.135184217640063,0.892466225043656,0.98806114037493,"Gene0778"
15.6737391865489,-0.1303918410571,0.29426976093469,-0.443103092356265,0.657691168562832,0.957930867063869,"Gene0779"
49.3545466178812,0.042081214096661,0.29411087006937,0.143079424731005,0.886227454426136,0.987165084295334,"Gene0780"
36.9777475869182,0.149973842313882,0.281784195219854,0.532229432516148,0.594567100354338,0.951688035781253,"Gene0781"
113.278079954985,0.0815635322488347,0.253486323748821,0.321766993353282,0.747629221036792,0.974859188582401,"Gene0782"
13.2202335278099,0.357143583051543,0.318244829397178,1.12222902011651,0.26176507673322,0.793363984935961,"Gene0783"
15.0519078765722,0.0290757863197348,0.30193501970182,0.0962981582873327,0.923283773764494,0.989138348463355,"Gene0784"
112.037206180044,-0.209195190648228,0.227177157848896,-0.920846059652582,0.35713080371281,0.866296673651451,"Gene0785"
48.6047599388203,1.68241158091147,0.22892476613303,7.34918990780494,1.99411700081368e-13,3.24246666798972e-12,"Gene0786"
26.0043341495625,0.046099266135679,0.288123591089162,0.159998235345516,0.872882464300471,0.986071618700012,"Gene0787"
70.7920183371035,-0.148146670287161,0.239930201324369,-0.617457366640048,0.536933093531059,0.931958650783472,"Gene0788"
36.8436716527442,-0.319999231761491,0.224941450189822,-1.4225889958985,0.154855335821741,0.667985658288688,"Gene0789"
333.863813876981,-1.9116143303926,0.177355422721999,-10.7784374509316,4.35215750776894e-27,1.52707280974349e-25,"Gene0790"
76.1064209009,0.205201937428997,0.274351945183468,0.747951458087064,0.45448943747588,0.909528208749712,"Gene0791"
59.314158665275,0.140681612487539,0.443686220781494,0.317074558321301,0.751187029132527,0.974934495953962,"Gene0792"
156.135187426459,-0.307962736986939,0.290575806119057,-1.05983612710261,0.289219158018396,0.812413365220214,"Gene0793"
40.1946273126267,-0.130022160317752,0.292132599298821,-0.445079257261366,0.656262478362381,0.957930867063869,"Gene0794"
56.4468065066155,0.525522941378091,0.227070531332914,2.31435994046981,0.0206479863673319,0.202431238895411,"Gene0795"
13.8550672275355,-0.956858398232436,0.338941845698342,-2.82307543425617,0.00475653786585265,0.0580065593396664,"Gene0796"
4.30939950013272,0.187942829119291,0.448556275883172,0.418994982846346,0.675219799051368,0.964862029162694,"Gene0797"
14.6799192886346,0.176695449644227,0.275077701529208,0.642347411883785,0.520647636539314,0.929644202129746,"Gene0798"
51.3409818473844,0.176042661385329,0.272939700134327,0.644987377426918,0.518935365666967,0.929644202129746,"Gene0799"
13.7906196045497,0.0238626509838735,0.287258127524614,0.0830704119305685,0.933795552367662,0.990993539422673,"Gene0800"
116.535399804305,-0.00412912533872638,0.242506822979087,-0.0170268419172786,0.986415202120511,0.996882468034877,"Gene0801"
121.246920380203,0.0447820180796334,0.218096718758755,0.205331003302111,0.8373135229339,0.985732611815519,"Gene0802"
82.494297145886,-0.196013156432396,0.255581246563996,-0.766930903842019,0.443122598336,0.905307779082269,"Gene0803"
38.8626322126766,0.0327042690070807,0.264910420590425,0.123454067734257,0.901747544616206,0.989068835901661,"Gene0804"
9.65135889057804,-0.178636274161411,0.354179451398496,-0.504366567444996,0.614003807175714,0.95592604582585,"Gene0805"
41.4614224638555,-0.0379323990785015,0.245292053722585,-0.154641777027973,0.877103732838547,0.986362048840613,"Gene0806"
32.042330781409,0.258935870344281,0.244993046468297,1.05691110044541,0.290552161870825,0.813871601879063,"Gene0807"
76.5902612536876,-2.01229679937538,0.201855536857617,-9.96899481035684,2.08326495447314e-23,5.70757521773462e-22,"Gene0808"
236.636158764167,-0.222637348382658,0.250686840914273,-0.888109433948285,0.374481888517414,0.873003148205292,"Gene0809"
97.522603394943,0.00480154595662641,0.25815893180584,0.0185991858698797,0.985160852306208,0.996874123254448,"Gene0810"
15.5893739426783,0.131246350023832,0.331085806345373,0.396411889330351,0.69180119657279,0.965949908811616,"Gene0811"
1330.64303209887,2.57574053331543,0.1519214846513,16.9544191805881,1.78516726427228e-64,4.4629181606807e-62,"Gene0812"
163.859293802577,-0.119069506769151,0.232915559022866,-0.511213193608342,0.609201781155208,0.95592604582585,"Gene0813"
70.3326682588328,-0.19039887931606,0.251592614627887,-0.75677451660362,0.449184962560768,0.908713016765444,"Gene0814"
4.0006474229049,0.606096159433376,0.454625531824189,1.33317668499921,0.182473828627979,0.711259666022247,"Gene0815"
17.0157100123806,0.0682221862665308,0.291973323961928,0.233658970418224,0.815249742898573,0.983621523514424,"Gene0816"
47.9214314283998,0.232889693951713,0.286105017045254,0.814000734264915,0.415644530323603,0.899663485548925,"Gene0817"
157.950062793846,0.0999787485040855,0.251511984796131,0.397510872434671,0.690990770587974,0.965949908811616,"Gene0818"
14.9318242919476,0.433954424592244,0.300677055920149,1.443257528461,0.14894793917713,0.655436476026974,"Gene0819"
2676.77718552429,0.00912846507932517,0.224826415913087,0.040602279951187,0.967612966519034,0.995750322977152,"Gene0820"
2.61492473248874,-0.625866884735285,0.558518289687555,-1.12058440393314,0.262464806688398,0.793544389080567,"Gene0821"
43.886538387143,0.370072147909028,0.271920104387023,1.3609591271056,0.173526606438847,0.698684220021239,"Gene0822"
35.9120266021661,-0.111771495842775,0.280915140202935,-0.397883488095481,0.69071607195756,0.965949908811616,"Gene0823"
24.0821976572669,0.194525958828341,0.241625192832544,0.805073165376242,0.42077745999983,0.904386549185102,"Gene0824"
43.8056601929861,0.145059493701357,0.261779967369106,0.554127556662213,0.5794915522361,0.947334508931418,"Gene0825"
124.007837212673,-0.045904149778932,0.22413640349354,-0.204804525563181,0.837724851074567,0.985732611815519,"Gene0826"
19.7868124355744,0.357260337497305,0.290900039074741,1.22812062395603,0.219401690013073,0.754867088164484,"Gene0827"
4.92521940742717,-1.015487163618,0.448167280829301,-2.26586635628312,0.0234595670706623,0.22503181842362,"Gene0828"
54.1045047661792,-0.0884293300775879,0.212935590709001,-0.415286753065324,0.677931997487354,0.965476632893769,"Gene0829"
33.4020855598644,-2.65057946864886,0.275174092726151,-9.63237288216183,5.83658339431686e-22,1.45914584857921e-20,"Gene0830"
140.97178119698,2.12548481971696,0.227155001251595,9.3569800709023,8.20482549429732e-21,1.89706947845025e-19,"Gene0831"
128.310342684216,-0.324901116657695,0.259128148455949,-1.25382409666284,0.209905948657173,0.748436247703819,"Gene0832"
54.3811889766705,0.085206444257372,0.235015193134688,0.362557173946367,0.716935706679193,0.968606179663051,"Gene0833"
137.889515352658,0.132055729370734,0.236005690815906,0.559544682648108,0.57579004541537,0.947334508931418,"Gene0834"
5.35517874741283,-0.755167883140286,0.426970533670261,-1.76866510353495,0.0769497791366573,0.491691879467459,"Gene0835"
13.1934657845046,0.317021882552153,0.352961915139402,0.898175890809482,0.369091784519064,0.869258456282932,"Gene0836"
75.1672290316469,-0.622527655034908,0.270245028793069,-2.30356746177776,0.0212469361351616,0.206280933351083,"Gene0837"
39.1315142859813,-0.213398773973011,0.260963103114447,-0.817735424763951,0.413508278003409,0.897649463363885,"Gene0838"
176.42492390588,0.0157379662574991,0.207517724926413,0.0758391422375118,0.939547074778067,0.992000827951994,"Gene0839"
60.3114135732306,2.57480965174513,0.231962385545438,11.1001171405041,1.25279581920603e-28,4.86522648235352e-27,"Gene0840"
73.8070539931684,-1.7585918514242,0.201781984061896,-8.71530657010864,2.89972901011049e-18,5.77060499524477e-17,"Gene0841"
22.3396645141213,-0.380371821397079,0.303228338162845,-1.25440723548999,0.209694023985975,0.748436247703819,"Gene0842"
14.8234561348236,-0.348512786088719,0.310753005730997,-1.12151058770581,0.262070587296655,0.793363984935961,"Gene0843"
36.065014754266,0.287121824710853,0.33983063124332,0.844896834815557,0.398168441842803,0.888622896746508,"Gene0844"
66.0215650017937,-0.0174983444812336,0.265643234291055,-0.0658715985292564,0.947480052547821,0.993471607857056,"Gene0845"
12.9234546050102,-0.356065775808067,0.340998620812349,-1.04418538397552,0.296399627882999,0.819908938384538,"Gene0846"
20.7790894869896,-0.441705156916433,0.258367498329676,-1.70960031649499,0.0873398070896652,0.52405318368313,"Gene0847"
11.779324167369,-0.0454485659263734,0.366915365236936,-0.123866619477832,0.901420883158536,0.989068835901661,"Gene0848"
175.599084731373,-0.508615246137975,0.327374533457016,-1.55361884984482,0.120275360289011,0.59741489720928,"Gene0849"
136.358529814936,0.0947628751846212,0.2444353015223,0.387680807945721,0.698252260206232,0.965980775014465,"Gene0850"
17.8745834187762,0.587816675235322,0.310747706319155,1.89162031861178,0.0585415867103057,0.431305578971177,"Gene0851"
105.688308540777,0.416662100812858,0.244437505262073,1.7045751647896,0.0882736864887347,0.52405318368313,"Gene0852"
39.100133688424,-0.408779361071485,0.262810953751523,-1.5554121897749,0.119847932812042,0.597289659431559,"Gene0853"
14.5774298577755,-0.624603636384626,0.359705526608776,-1.73643046931542,0.0824877486573774,0.510760053606052,"Gene0854"
85.8866098959157,-0.0408871667120554,0.254475294211296,-0.160672441066542,0.872351396229482,0.986071618700012,"Gene0855"
20.7872634283451,-2.39509631580029,0.28460120997943,-8.41562239307909,3.90814311703277e-17,7.44408212768146e-16,"Gene0856"
131.217878499488,0.0433483283578326,0.226399570490399,0.191468244678807,0.848158757344375,0.985732611815519,"Gene0857"
38.1805603170373,-0.202041934667954,0.259822174124697,-0.77761621135149,0.43679530107906,0.905307779082269,"Gene0858"
196.027373150838,-0.396377430945388,0.212255213174521,-1.86745675179002,0.061837830921869,0.442937311257698,"Gene0859"
28.5601514706468,0.469328516842859,0.33759207232197,1.39022375026404,0.164460943557222,0.686214883758222,"Gene0860"
61.3750389496964,-0.0351867948063158,0.212093774043916,-0.165902063674108,0.868234023425145,0.986071618700012,"Gene0861"
88.9704266580793,-0.193143618153682,0.254229351796263,-0.759721947088413,0.447420807120737,0.908007726272424,"Gene0862"
69.2162310937873,-0.171036720594119,0.248961472753503,-0.68700075840033,0.492082250508964,0.924322028810631,"Gene0863"
70.9064127369952,-0.506049483349783,0.249207351798066,-2.03063625410151,0.042291907206393,0.348081540793358,"Gene0864"
54.1472776815249,0.407101007414357,0.292552104923011,1.39155043003875,0.16405857842837,0.685720286011994,"Gene0865"
43.4446961269805,0.0694950713687452,0.272288373568892,0.2552259960933,0.798548553803727,0.981522064235859,"Gene0866"
320.279229636816,-0.114348783838939,0.21648595150687,-0.528204176959312,0.597357630609144,0.953483847740055,"Gene0867"
153.766565432109,-0.68743900512036,0.244084337418543,-2.81639949695574,0.00485652352434923,0.0588669518102937,"Gene0868"
19.8659782357893,-0.110202094185917,0.278300415294697,-0.395982499951437,0.692117938294187,0.965949908811616,"Gene0869"
246.68638948868,-0.0985887800088966,0.267104669064493,-0.369101672217839,0.71205194257033,0.967434625240245,"Gene0870"
56.5165974180432,0.0615610875170569,0.238650325908643,0.257955178911521,0.796441498835131,0.981522064235859,"Gene0871"
57.2347476375361,1.6378575459392,0.221335044860817,7.39990156989889,1.3628547964627e-13,2.22506905544931e-12,"Gene0872"
65.0829284743369,-0.373869906942892,0.31610521952315,-1.18273879661614,0.236912683272243,0.770301766731144,"Gene0873"
42.0417391744611,-0.0144597743251614,0.270247829717624,-0.0535056075760908,0.957329062851765,0.994763555173913,"Gene0874"
54.9935083589963,-0.343550334399881,0.279289695000517,-1.23008596647021,0.218664914617335,0.754604995551524,"Gene0875"
16.9130733317827,0.0175648043146714,0.305125935151355,0.057565753320702,0.95409452930704,0.993471607857056,"Gene0876"
53.3690121302776,2.06129500531046,0.218481099830353,9.43466051256159,3.9226242741941e-21,9.22970417457436e-20,"Gene0877"
293.924324527962,0.169673628574741,0.258358882443943,0.656736191803106,0.511350558933691,0.928583583948193,"Gene0878"
174.932844080266,0.624398824917374,0.262638534026782,2.37740751649833,0.0174348144316371,0.178317959730045,"Gene0879"
17.8273529822144,0.707058288442969,0.328291680905668,2.1537502457948,0.0312597634387822,0.282255200350178,"Gene0880"
22.2970682680799,0.323521199044007,0.301358976061172,1.07354094201042,0.283028479256655,0.808693434308323,"Gene0881"
383.664462444807,0.233013317567975,0.259329876584276,0.89852091335204,0.368907900822056,0.869258456282932,"Gene0882"
543.777004035549,-0.24611300813077,0.28468937547975,-0.864496638541666,0.387315126118162,0.883305334767189,"Gene0883"
24.10916017444,0.421683466670498,0.293998781482794,1.43430345031949,0.151485686129012,0.662232507667813,"Gene0884"
11.980683959641,-0.181381228624505,0.377089247099017,-0.48100344950138,0.630514047082649,0.957930867063869,"Gene0885"
1152.8401392138,-0.104661196466829,0.226272363827075,-0.462545203031578,0.643690394200339,0.957930867063869,"Gene0886"
75.4581919147299,0.0516066060618709,0.273016117679662,0.189024027227662,0.850073985241976,0.985732611815519,"Gene0887"
68.288559107364,-0.0406658367785215,0.276605250265171,-0.1470175882039,0.883118137789279,0.986448631990258,"Gene0888"
52.0593969531504,0.474526176947383,0.341872038794533,1.38802277782236,0.1651301092316,0.687248238594472,"Gene0889"
227.87836772175,0.34726935804322,0.279985860119725,1.24031034243916,0.214860628461031,0.753204122952887,"Gene0890"
34.863788707123,-0.051711500802053,0.306119483483779,-0.168925872386666,0.865854948420568,0.986071618700012,"Gene0891"
322.951924166469,-0.077019148071742,0.24017935684048,-0.320673471212997,0.748457853304182,0.974859188582401,"Gene0892"
39.2008478631912,0.0547737078418356,0.222474882479395,0.246201760987147,0.805526052439055,0.982348844437872,"Gene0893"
121.980294698228,0.0498145891078483,0.254415702634825,0.195799978507418,0.844766726895942,0.985732611815519,"Gene0894"
15.3369819497755,0.112479447109444,0.313227430963867,0.359098329170344,0.719521531493538,0.968606179663051,"Gene0895"
49.9644335851044,-0.361264246977815,0.298521518877804,-1.21017824221139,0.226210505106776,0.761212126574736,"Gene0896"
235.758475568621,-0.239819623026299,0.211991977829947,-1.13126744455715,0.257942542375614,0.791842033386382,"Gene0897"
41.3054350447328,-0.377918717190377,0.250730737279939,-1.50726919758718,0.131741669591577,0.614180277816209,"Gene0898"
251.924651462077,-0.0252812074551713,0.235060560824778,-0.107551889463996,0.914351162170964,0.989138348463355,"Gene0899"
5339.2915635888,2.7187522034343,0.166393086058089,16.3393339701937,5.1815817300689e-60,1.03631634601378e-57,"Gene0900"
166.843902638003,-0.381629897279032,0.229209307276028,-1.66498429673036,0.0959158887832317,0.544631233077575,"Gene0901"
37.6341653467334,0.360385599348192,0.265292243139951,1.35844755610919,0.174321712895299,0.698684220021239,"Gene0902"
53.0279848349672,-0.233077706469257,0.293262422434902,-0.794775220548399,0.426744267593237,0.905307779082269,"Gene0903"
40.8228920544882,-0.0337327922904293,0.225953444735108,-0.14929089631705,0.88132409845976,0.986362048840613,"Gene0904"
807.316219964805,0.00150932731096555,0.259734936313327,0.00581102924538728,0.99536349557704,0.997858140929364,"Gene0905"
1.63561770030067,0.0918519190052464,0.648923991153464,0.141544957895576,0.887439446264446,0.987169616735799,"Gene0906"
62.6223978827415,-0.435753484179404,0.293757006309163,-1.48338073584804,0.137973282709667,0.629808529670203,"Gene0907"
66.1541155101017,-0.269236696743787,0.311708021598656,-0.863746448881723,0.38772719135339,0.883305334767189,"Gene0908"
65.1579608425635,-0.466374199711026,0.303379032632251,-1.53726576179163,0.124228242191058,0.601589550562022,"Gene0909"
8.07658129452768,-0.47568042963442,0.390398682325243,-1.21844783594359,0.223053836278015,0.758136724243417,"Gene0910"
53.6216855334893,0.144546269256502,0.307789773686635,0.469626614052703,0.638621806800751,0.957930867063869,"Gene0911"
69.4415835513621,0.0326958319837182,0.238971120353209,0.1368191768754,0.891173725235811,0.987599985764196,"Gene0912"
191.927897622815,0.485697510167089,0.29878918691578,1.62555250134936,0.104044886594461,0.567002106781804,"Gene0913"
102.129251117011,0.0527503419502227,0.254069027091092,0.207622088194599,0.835524056285697,0.985732611815519,"Gene0914"
215.40291634935,0.200160725441732,0.234115784907622,0.854964672803725,0.392570705356753,0.884253394701024,"Gene0915"
16.7799135816972,0.650539119127567,0.31633307622846,2.05650046743054,0.0397343012735339,0.333261323099537,"Gene0916"
48.0118133201468,-0.0582603337533853,0.268799439723395,-0.216742764841093,0.828408818571569,0.985732611815519,"Gene0917"
72.4527750930105,0.325176625848957,0.201517648604758,1.6136384485447,0.106605871995986,0.574694727741165,"Gene0918"
71.7623446456969,-0.320440147464518,0.296098392411391,-1.08220833235497,0.27915996688029,0.806267723338763,"Gene0919"
22.9960840817268,0.220305531217597,0.255978549709856,0.860640594562734,0.38943602067752,0.883305334767189,"Gene0920"
344.040617937161,-0.154288069269599,0.27149286467008,-0.568295116916205,0.569834594177248,0.947334508931418,"Gene0921"
20.633591605392,0.224035914532853,0.270041666143679,0.829634617991329,0.406745397934996,0.893124797630876,"Gene0922"
6.26160183099108,-0.670584660959406,0.422863629976451,-1.58581777533516,0.112780652243682,0.588772986091681,"Gene0923"
72.3120606634364,0.0892374804835774,0.30240906748267,0.295088640120526,0.767926167420133,0.977265145689917,"Gene0924"
102.631611906468,0.274408808822587,0.237266717104265,1.15654151653306,0.247459728159271,0.780649884315786,"Gene0925"
155.301161881188,0.342124209811873,0.240223334346486,1.42419224486498,0.154390829214979,0.667985658288688,"Gene0926"
20.5329339125462,0.243057437757227,0.351236199325989,0.692005659506755,0.488933774856438,0.923784628815589,"Gene0927"
38.7395803533602,-0.0512709349885777,0.233434400638575,-0.219637443531556,0.826153527661813,0.985732611815519,"Gene0928"
8.13721054405597,0.203725616678566,0.355139580072939,0.573649427182193,0.566205057263148,0.946945345353593,"Gene0929"
145.803781724497,0.135667897802247,0.239815526466138,0.565717740637628,0.57158567331779,0.947334508931418,"Gene0930"
72.7043993826577,-0.198135893257669,0.264184081997379,-0.749991792691108,0.453259647824799,0.909528208749712,"Gene0931"
161.565323603815,-0.139473900207193,0.257149413851652,-0.542384670912201,0.58755353748314,0.949965299083493,"Gene0932"
126.411233365742,0.217267091124216,0.250172723947424,0.86846834337494,0.385137995103896,0.883305334767189,"Gene0933"
119.930184848571,3.10908071130158,0.21079715357949,14.7491588880927,3.11522991441791e-49,3.46136657157546e-47,"Gene0934"
74.9371640939054,-0.438335802236726,0.276951480226871,-1.5827169505563,0.113485993069171,0.588772986091681,"Gene0935"
4.98511219867422,-0.299205054779005,0.440389406445711,-0.679410200154053,0.496877988681124,0.926332390021018,"Gene0936"
89.9803857201816,0.00583201759745096,0.246340595536205,0.0236746102880709,0.981112158383426,0.996791406921093,"Gene0937"
195.48039745545,-0.280959395578173,0.227017274891803,-1.23761240510035,0.215859812493352,0.753204122952887,"Gene0938"
15.0882277809663,0.0271092755835548,0.372470673072294,0.0727823088995063,0.941979349068075,0.992000827951994,"Gene0939"
3.45013255706634,0.136948965619907,0.50011571601487,0.27383455715244,0.784211765506253,0.980264706882817,"Gene0940"
8.62964516483099,-0.0977971369687893,0.371253935027168,-0.263423839431177,0.792223918072264,0.981522064235859,"Gene0941"
12.9261923699848,-0.113196958249408,0.363548298076729,-0.311367042146122,0.755521606020787,0.976757085999725,"Gene0942"
242.388555507506,0.0265166366533825,0.282537981102317,0.0938515825374286,0.925227055535749,0.989138348463355,"Gene0943"
34.4738485177509,-2.47447690721322,0.261510355545358,-9.46225208578416,3.01380959424591e-21,7.13327714614416e-20,"Gene0944"
12.9900255712236,0.149603640485232,0.32257266156329,0.463782763735168,0.642803393558316,0.957930867063869,"Gene0945"
119.06389872506,0.0522986575574717,0.249218941943908,0.209850251146811,0.833784551419686,0.985732611815519,"Gene0946"
2.79849806877317,-0.52160015861591,0.51896349886342,-1.00508062659178,0.314858027975049,0.838373967298594,"Gene0947"
37.4463387865402,0.121350088204594,0.288291302935206,0.420928716784311,0.673807134945988,0.964862029162694,"Gene0948"
225.990943422129,-0.0215515042622482,0.221173397223818,-0.0974416658276448,0.922375657594485,0.989138348463355,"Gene0949"
36.6729569399786,-0.299824806923985,0.274905579428176,-1.09064649596288,0.27542846193771,0.804758106465186,"Gene0950"
253.093245029769,-0.593021828642006,0.237675732670015,-2.49508783240125,0.0125925955617548,0.135769224385496,"Gene0951"
412.302400009664,0.393476953516091,0.285926101415079,1.37614912233872,0.168775469968809,0.690786767200747,"Gene0952"
14.5043571225762,0.363244496595445,0.288994017502886,1.25692739155688,0.208779928799543,0.748436247703819,"Gene0953"
11.5394164024838,0.0437501359241263,0.327274009224646,0.133680447242896,0.893655267210553,0.988556711516098,"Gene0954"
18.1266489291196,0.305528271999057,0.305141343742303,1.00126802960231,0.316697244844147,0.839823952395245,"Gene0955"
94.3930399294847,0.0419261573279901,0.289266230134959,0.144939688633648,0.884758490278764,0.986902945096223,"Gene0956"
139.771731673633,-0.00904932256957517,0.249497898531688,-0.0362701354313245,0.971066962738157,0.996066844846464,"Gene0957"
224.888873698246,-0.0438553744065173,0.253195327501475,-0.17320767661584,0.862488189776688,0.986071618700012,"Gene0958"
256.220810798476,-0.307619627339981,0.227542823442784,-1.3519197076208,0.176401002298944,0.701395635383473,"Gene0959"
223.782707458255,0.129460603694594,0.247795640006826,0.522449078163877,0.601357692462172,0.954765079684842,"Gene0960"
157.895223811403,-0.0673428490216509,0.314682016281721,-0.214002852204182,0.830544832968679,0.985732611815519,"Gene0961"
58.0930563469395,0.499652522196021,0.233636730117202,2.13858720735123,0.0324691144675894,0.290551359888943,"Gene0962"
14.4479329142042,0.204055418473616,0.323132390949775,0.631491686345158,0.527719083444749,0.929644202129746,"Gene0963"
24.3203938708672,0.0375664753718243,0.324832870655845,0.115648626618288,0.907931022962041,0.989138348463355,"Gene0964"
84.9740407801293,0.445429951297142,0.216603863892021,2.056426618129,0.0397414127796197,0.333261323099537,"Gene0965"
436.962095136156,-0.20455910234622,0.268790581761583,-0.761035230496519,0.446636024693458,0.907775648088812,"Gene0966"
402.962671164788,0.436016496636473,0.226890840479097,1.92170162407523,0.0546433127912203,0.415538500313462,"Gene0967"
4.55168211937536,0.0997816346130744,0.426477389489645,0.233966998185954,0.815010599271464,0.983621523514424,"Gene0968"
23.6711231193408,0.250349667575758,0.320233011614145,0.781773454004205,0.434347724509822,0.905307779082269,"Gene0969"
252.510003036913,-0.027363139280733,0.264833335191718,-0.103322111096492,0.917707327415615,0.989138348463355,"Gene0970"
8.59484928291785,-3.19787962454759,0.46379676225314,-6.89500204574992,5.38640280271788e-12,8.38350630773211e-11,"Gene0971"
6.73849633084929,-0.0412444543074081,0.384170379625957,-0.107359797878132,0.914503546762795,0.989138348463355,"Gene0972"
108.349753441823,-0.044695693577949,0.229405726638555,-0.194832510211789,0.84552407049576,0.985732611815519,"Gene0973"
395.884793049989,0.000948779948947163,0.247005958137253,0.0038411217126186,0.996935235825704,0.998296972793113,"Gene0974"
543.134354851128,-0.186681268275759,0.227826764712613,-0.819400075804279,0.412558191702608,0.896378471923103,"Gene0975"
99.3464354622661,0.0544425683771868,0.303214498238191,0.179551336408786,0.857504811579442,0.986071618700012,"Gene0976"
464.221193086836,2.69025339498119,0.155910147214749,17.2551526827542,1.02350810006304e-66,3.14925569250167e-64,"Gene0977"
104.896977543992,-0.164271679893726,0.269955826997124,-0.608513184253201,0.542847164378094,0.933552658102756,"Gene0978"
49.216823503072,0.562030412855204,0.242592163156177,2.31677068848006,0.0205162265503528,0.202130310840914,"Gene0979"
0.847157318696809,1.30466687071423,0.957834271285394,1.36210084544521,0.173166061551205,0.698684220021239,"Gene0980"
127.888143546464,0.235787807726005,0.28931478154114,0.814987075565223,0.41507970816718,0.899035438371624,"Gene0981"
38.2487817452674,0.179697521115047,0.264768752889389,0.678696104257127,0.497330435082843,0.926332390021018,"Gene0982"
152.134534207241,0.489150130919611,0.265106202350001,1.84511009770274,0.0650215246212671,0.449281379462633,"Gene0983"
24.5315909099213,0.0142320040049868,0.295213688016575,0.0482091602886239,0.961549549823147,0.994763555173913,"Gene0984"
8.03074376428751,-0.457491064267025,0.422747439320093,-1.08218529957937,0.279170199206047,0.806267723338763,"Gene0985"
228.254799873473,-0.282131474470231,0.24621394372992,-1.14587935271331,0.251845075522096,0.785826266459443,"Gene0986"
57.698262532977,-0.0169870987145286,0.289350568505689,-0.0587076735402874,0.953184947280955,0.993471607857056,"Gene0987"
3929.84509625567,-0.393139753343432,0.246954525746656,-1.59195200879511,0.111395488218328,0.5880278350697,"Gene0988"
159.145893503299,-0.122100939223947,0.228900255652159,-0.533424215172102,0.593739958703906,0.951688035781253,"Gene0989"
118.321058282163,-2.20553999895483,0.18869339165807,-11.6884856410418,1.45966042126635e-31,6.14593861585832e-30,"Gene0990"
122.144725825948,0.000628617311449834,0.284298092127329,0.0022111204009357,0.998235782607576,0.998485403958566,"Gene0991"
26.2673111961427,0.312348512721013,0.271023599810456,1.15247717519603,0.249125043765559,0.782796681117232,"Gene0992"
36.2242878204555,-0.304749267171873,0.227429938392952,-1.33996987962653,0.18025513756447,0.706882892409687,"Gene0993"
197.185835701361,-0.168444132494358,0.25766645390408,-0.653729385188278,0.513286167959724,0.928583583948193,"Gene0994"
216.638753732621,0.388941940778689,0.232777756371947,1.67087245293838,0.0947468736816495,0.542935620652654,"Gene0995"
120.295532203779,-0.377789875675834,0.27766083421017,-1.36061636762884,0.173634956356948,0.698684220021239,"Gene0996"
16.3184722615347,-0.0254314112786075,0.345538754651829,-0.0735993023538926,0.941329226276126,0.992000827951994,"Gene0997"
373.976231336015,-0.213227915162336,0.252318900665254,-0.845073098369355,0.398070027240561,0.888622896746508,"Gene0998"
7.94738039443647,0.271371961843057,0.352571177918961,0.76969411806382,0.441481360007884,0.905307779082269,"Gene0999"
26.8592374850741,-0.775499091639406,0.308964483854151,-2.50999429437814,0.0120733112336731,0.131589223255292,"Gene1000"
872.734874154025,-0.256675533345362,0.251501151998207,-1.02057398666385,0.307456319276967,0.831886323389716,"Gene1001"
103.922143719019,0.269113129459577,0.253003915677444,1.06367179630006,0.287477405318926,0.811509965614469,"Gene1002"
165.693711574238,0.122770723340132,0.28383776342116,0.43253836931474,0.665350171635324,0.960447739639587,"Gene1003"
84.5725002444532,-0.0917346897870677,0.326341857998708,-0.281099980093362,0.778633716436202,0.978402067306978,"Gene1004"
42.8608419861643,2.33777793082437,0.243136832807645,9.6150710849881,6.90616316515808e-22,1.69476396690996e-20,"Gene1005"
25.4592179326302,-0.055002845943873,0.265856403045407,-0.206889303074182,0.836096310699746,0.985732611815519,"Gene1006"
71.1497432610841,0.165203607085864,0.294958368100708,0.560091270336354,0.575417184561396,0.947334508931418,"Gene1007"
4.23942986353843,2.5699391984535,0.559445157834729,4.59372855848849,4.35395655343214e-06,6.06823213021901e-05,"Gene1008"
19.3764577994318,-0.423221877557677,0.331211491085767,-1.27779949955928,0.201320130908426,0.736324136630535,"Gene1009"
132.559417505856,0.148769244997189,0.216234687728264,0.687998981847643,0.491453422529893,0.923784628815589,"Gene1010"
42.3695453199764,0.328024392324537,0.265145541454183,1.23714843751661,0.216031980052857,0.753204122952887,"Gene1011"
40.3301726497111,-0.296779971766648,0.289489551240885,-1.02518370868486,0.305276513726296,0.829555743821457,"Gene1012"
153.341586197546,0.0870823108241928,0.226611913448609,0.384279491307244,0.700771306820957,0.965980775014465,"Gene1013"
25.5725426114613,-0.324756839420066,0.27481879465704,-1.18171262567884,0.237319746883467,0.770301766731144,"Gene1014"
99.1757434657073,0.313749020227261,0.265335031497386,1.18246361385701,0.237021794881763,0.770301766731144,"Gene1015"
9.84548759642727,-0.3019033232673,0.323340694773075,-0.933700360479463,0.350458479016859,0.863541852770467,"Gene1016"
11.9512136107189,0.564875831226476,0.316313879050302,1.78580792256873,0.0741303635149898,0.479209246500605,"Gene1017"
7.81561405821991,0.547900992984585,0.420570877890487,1.30275542551297,0.192658272985785,0.725565796983164,"Gene1018"
52.764250281315,-0.162714523571027,0.259231243571324,-0.627680989873654,0.530212941115373,0.93042546577227,"Gene1019"
40.8551992063446,-0.143986875608992,0.296782258436126,-0.485159983510203,0.627562865345181,0.957889060530138,"Gene1020"
272.529185646933,0.12364801953955,0.258561665978134,0.478214816074116,0.632497318282439,0.957930867063869,"Gene1021"
50.7862507107913,-0.0480473308950711,0.270182787660746,-0.177832686201319,0.858854376595763,0.986071618700012,"Gene1022"
256.208852065993,-0.0995979173022816,0.253341831569356,-0.393136485535415,0.694218677594964,0.965949908811616,"Gene1023"
583.711833066342,-0.0204406998477259,0.228608447404869,-0.0894135806430855,0.928753230909111,0.989419924133832,"Gene1024"
35.3660902337476,0.288588652361959,0.259425753014036,1.11241327820814,0.265960498115222,0.796793171611545,"Gene1025"
90.9820074072164,0.450682871171702,0.243034200783533,1.8544010255294,0.0636818082078662,0.449281379462633,"Gene1026"
21.7471147495419,-0.212854969261834,0.299553863866037,-0.710573272248042,0.477348710624561,0.920425430744799,"Gene1027"
134.266967213279,-0.556547509719217,0.240404502088678,-2.31504611970172,0.0206104082258152,0.202431238895411,"Gene1028"
13.977347997488,-0.188687026929814,0.321371471626298,-0.587130606133034,0.55711599355191,0.939883582542235,"Gene1029"
16.818976003162,-0.0703779158422717,0.321506259458304,-0.218900608532006,0.826727472424164,0.985732611815519,"Gene1030"
77.2279104260411,-0.237418445689801,0.275332506917554,-0.862297185130027,0.388524001344886,0.883305334767189,"Gene1031"
63.3791066577226,0.377307538862421,0.330280416733833,1.14238543899648,0.253293841075944,0.786811952863478,"Gene1032"
64.76698413677,0.666428584395992,0.276672709900531,2.40872540206653,0.0160083376464491,0.166320391131939,"Gene1033"
55.6717900249214,0.158226697438773,0.272083460604972,0.581537360216454,0.560878346216825,0.94304892176011,"Gene1034"
28.705694293075,-0.142931176574811,0.33630496593974,-0.425004656637814,0.670833280130452,0.964514759083065,"Gene1035"
53.6085028182497,0.511062740142953,0.257615028660096,1.98382347024196,0.0472755227329705,0.379723074160405,"Gene1036"
325.416873089638,0.213286689308855,0.216188856089462,0.986575779931015,0.323850648530041,0.846144987114354,"Gene1037"
52.892687163326,-0.301961384884603,0.250014590136906,-1.2077750531249,0.227133799754121,0.761212126574736,"Gene1038"
11.1194093041443,-0.346420294169171,0.321111950797367,-1.07881470405869,0.280670338611546,0.808077247289859,"Gene1039"
20.0609955003702,0.687618943469873,0.281230640026442,2.44503565971766,0.0144837820485403,0.153267534905188,"Gene1040"
9.97836753617907,-1.69514229786132,0.339648900102416,-4.99086644281837,6.01090501655544e-07,8.49597882198648e-06,"Gene1041"
15.2920680277534,-0.292165056037338,0.326330756487851,-0.895303461989846,0.370624890157159,0.869980213896254,"Gene1042"
11.8948385885485,-0.279799243264562,0.350051187037434,-0.799309511367662,0.424110965097519,0.904386549185102,"Gene1043"
2.12364192420788,-0.264653711211351,0.612570281577517,-0.432038117372922,0.665713709671914,0.960625843682415,"Gene1044"
131.600810333816,0.290258641333607,0.209192374344229,1.38752018205015,0.165283201381971,0.687248238594472,"Gene1045"
300.233814836009,2.159480945036,0.199044123632609,10.8492574692731,2.01051978984246e-27,7.24511635979263e-26,"Gene1046"
36.2348340766408,0.0589400782724671,0.308948747667341,0.190776233007847,0.848700909989069,0.985732611815519,"Gene1047"
26.0430636956496,0.222154988895674,0.285177895927106,0.779004937158452,0.435976806428809,0.905307779082269,"Gene1048"
20.5203516676641,0.118093447436299,0.337815825574779,0.349579381710044,0.726654386782278,0.968606179663051,"Gene1049"
86.2075478205208,0.00440845059818503,0.234110213679125,0.0188306632543051,0.984976192416659,0.996874123254448,"Gene1050"
157.748477016596,1.71541705198222,0.183342696853262,9.35634242009185,8.25447447052348e-21,1.89758033805138e-19,"Gene1051"
83.8248969971064,0.308043435693503,0.259738797302465,1.18597390491028,0.235632604978131,0.769412587683694,"Gene1052"
53.2442651408421,0.272919777076628,0.294311511365254,0.927316012243644,0.353762483075135,0.863666372222443,"Gene1053"
98.1285893555266,0.162302261235475,0.217018458976464,0.747873070341345,0.454536722322669,0.909528208749712,"Gene1054"
90.4354912710264,-0.0369984840489302,0.233845172645888,-0.158217865394882,0.874285126515301,0.986359732109312,"Gene1055"
99.1873269034141,0.0506260819942459,0.262162152865218,0.193109804145809,0.846872974578374,0.985732611815519,"Gene1056"
111.408365575831,-0.158296794432799,0.256153923492996,-0.617975287179731,0.536591629023575,0.931958650783472,"Gene1057"
409.340694106737,0.101510199367177,0.264738440294401,0.383435814059693,0.701396652939831,0.965980775014465,"Gene1058"
12.6305733544127,-0.20894500755336,0.320142847048732,-0.652661802315872,0.513974333040816,0.928583583948193,"Gene1059"
348.783391438778,-0.026007460277871,0.200030061919424,-0.13001775847246,0.896552376721493,0.989068835901661,"Gene1060"
36.6902972156698,0.0225297717952427,0.251939740631878,0.0894252400940672,0.92874396513113,0.989419924133832,"Gene1061"
58.1737845905958,0.328377134116616,0.244717304720293,1.34186315304487,0.179640370897839,0.706882892409687,"Gene1062"
56.0639116157686,-0.424499283454078,0.272768959391837,-1.5562594966837,0.11964639861459,0.597289659431559,"Gene1063"
28.5199590587949,0.0961578335493548,0.255097273269499,0.376945752171048,0.706213919660849,0.965980775014465,"Gene1064"
3.20838387824567,0.25467331619422,0.529108841007429,0.481325006229945,0.630285527224133,0.957930867063869,"Gene1065"
36.5273574992718,-0.224055738602744,0.253773757431458,-0.882895618800378,0.377292670984374,0.874881555905795,"Gene1066"
51.1088631434499,-0.510963488354933,0.223455544177565,-2.28664493528478,0.0222165561692638,0.214652716611245,"Gene1067"
6.79345000781054,0.294593958551259,0.40423693926725,0.728765557856397,0.466145083205098,0.918979533251709,"Gene1068"
108.736365246237,-0.210295070340518,0.270764853081779,-0.776670487129296,0.437353203317238,0.905307779082269,"Gene1069"
25.0173325968015,-0.198636896962191,0.296371036250275,-0.670230463392682,0.502710887049291,0.928583583948193,"Gene1070"
294.981327049929,-0.175325109578811,0.255871241763785,-0.685208342955037,0.493212459959801,0.924322028810631,"Gene1071"
69.672779890042,0.158172154351278,0.275515821647659,0.574094632407554,0.56590376539849,0.946945345353593,"Gene1072"
17.7741180549623,0.0675951933708627,0.342023862463985,0.197632974740119,0.843332233517804,0.985732611815519,"Gene1073"
61.7635850965559,0.626768809010206,0.280885305688501,2.23140476314303,0.0256543296357199,0.240321589093395,"Gene1074"
81.9041771834227,-0.195168803094349,0.266773567333203,-0.731589733740678,0.464419016231552,0.918212542159901,"Gene1075"
162.235073344781,0.117922335464211,0.208231898965512,0.56630293461302,0.571187865841377,0.947334508931418,"Gene1076"
37.4292488758566,0.0690690856420376,0.228729662513661,0.301968205098508,0.76267630084756,0.977265145689917,"Gene1077"
4.859762605407,0.569455715807681,0.414575865189331,1.37358626881866,0.169570162171932,0.692123110905845,"Gene1078"
10.6817258557352,0.245393917105501,0.343504535304442,0.714383339620284,0.474990171167545,0.920425430744799,"Gene1079"
21.218791526586,0.213534075501463,0.334066287321325,0.639196721146762,0.522694964877146,0.929644202129746,"Gene1080"
87.2084585072787,-0.0243560790433777,0.236337763620246,-0.103056230499471,0.917918342994975,0.989138348463355,"Gene1081"
38.0873710412878,-0.296618376318803,0.324034704595906,-0.915390765593169,0.359986524474085,0.867702438201711,"Gene1082"
23.9102373591362,0.205509282270145,0.326102334975704,0.63019874508245,0.528564560231516,0.929644202129746,"Gene1083"
19.1617570152845,0.350082973124962,0.308938023805461,1.13318188811038,0.257137878511952,0.790550457534556,"Gene1084"
67.8078828803855,0.140111587580047,0.342508314853035,0.40907499615058,0.682484625033794,0.965476632893769,"Gene1085"
19.7875861890745,0.499208902487544,0.318072454199098,1.56948171995763,0.11653573563042,0.592303611844575,"Gene1086"
32.1765443091745,0.389886901130873,0.255190020648746,1.52782973307381,0.126554817953646,0.605514519622364,"Gene1087"
15.1344997276949,-0.352383434623392,0.301549591529521,-1.16857540027175,0.242574744210942,0.775064430239707,"Gene1088"
11.8946975129263,0.0160933336838918,0.304353963737953,0.0528770300417314,0.957829886158293,0.994763555173913,"Gene1089"
150.877817109265,0.0950958492426612,0.301603490454974,0.315300890912129,0.752533208627043,0.975150527992785,"Gene1090"
11.2368734805893,-0.5052423296665,0.308560008837338,-1.63741999998725,0.101542742098975,0.561009624856214,"Gene1091"
57.7156977371106,0.086035819827465,0.256963098867318,0.334817801492538,0.737762531164816,0.971584843669412,"Gene1092"
23.4279067753152,0.0901166737625936,0.296703568291785,0.303726289108768,0.761336427773843,0.977265145689917,"Gene1093"
14.076996395062,0.25930067974792,0.292423324605762,0.886730496267705,0.375224015391815,0.873003148205292,"Gene1094"
78.1200945755105,0.0517747490470373,0.23066181409083,0.224461726580584,0.822398044873039,0.984926103935111,"Gene1095"
72.6799162350955,-0.198615195078334,0.281908401878156,-0.704538047660523,0.481097764287358,0.922526873034244,"Gene1096"
239.021025086484,0.044914095842644,0.300115243308967,0.149656163237284,0.881035895242007,0.986362048840613,"Gene1097"
74.2158649429067,-0.00954804713467816,0.221131949012914,-0.0431780535435907,0.965559599505178,0.995598266927253,"Gene1098"
45.9494202545532,-0.377852200235267,0.243670583270102,-1.55066809938411,0.120981243137068,0.59741489720928,"Gene1099"
1310.0783248674,-0.301350714209979,0.194886917394928,-1.54628498535542,0.122035756509703,0.59741489720928,"Gene1100"
26.981612276693,0.0996543119915158,0.30703031533083,0.324574828658652,0.745502880452174,0.974859188582401,"Gene1101"
11.236886603453,0.124956833375437,0.346352537394844,0.360779321310372,0.718264422362412,0.968606179663051,"Gene1102"
26.3506397848298,-0.118577834392552,0.312153521844901,-0.379870243627972,0.704041736687767,0.965980775014465,"Gene1103"
27.8006813703025,-3.07024769671066,0.293774928607161,-10.4510201441193,1.4495751370693e-25,4.56559098289545e-24,"Gene1104"
112.743048016654,-0.140436063506053,0.256781288954523,-0.546909255257008,0.584441076875202,0.948172510708119,"Gene1105"
85.3091201395183,-0.495253700945171,0.298124774732626,-1.66122960223397,0.0966673424280133,0.546143177559397,"Gene1106"
50.8901442981121,0.104127532278239,0.319790840167952,0.325611365927655,0.744718411704455,0.974859188582401,"Gene1107"
14.8573376131849,-0.00186179532683018,0.290099624768079,-0.00641777916230882,0.994879388242974,0.997858140929364,"Gene1108"
174.512093651334,-0.211545427856223,0.297101647532298,-0.712030477155889,0.476445903570641,0.920425430744799,"Gene1109"
167.536919241492,0.147721591382609,0.213353358486657,0.692379967348145,0.488698742835774,0.923784628815589,"Gene1110"
24.798789935524,-0.415878143267104,0.300691304940002,-1.38307339266124,0.166642363146592,0.688149199318361,"Gene1111"
127.306448116234,0.558874115639477,0.193267728314274,2.89170944634217,0.0038315210921741,0.0470125287383325,"Gene1112"
189.571805271832,1.5237215920317,0.186193478173406,8.18353900995728,2.75626995196269e-16,5.01139991265944e-15,"Gene1113"
189.951028139985,0.491964285386494,0.250552246547392,1.96351975352749,0.049585811494313,0.388147252401667,"Gene1114"
138.058711467047,1.83148684212299,0.166043711107775,11.0301488078294,2.7341227637069e-28,1.03174443913468e-26,"Gene1115"
14.0284174140183,-0.381166748421643,0.296171582729164,-1.28697947625246,0.198101441769728,0.734389033437362,"Gene1116"
152.596066685452,0.0988964599575422,0.267406451210889,0.369835729503579,0.711504891512813,0.967434625240245,"Gene1117"
21.356988787113,0.249243829713324,0.277932642576116,0.896777821428676,0.369837484857244,0.869694261863007,"Gene1118"
111.278489924041,0.154267977034548,0.310542919742452,0.496768617885377,0.619352227781152,0.95592604582585,"Gene1119"
446.326378188705,0.331472587676991,0.260768325097633,1.27113823181127,0.203679476233037,0.738638173102583,"Gene1120"
9.23435236675775,0.0231020547510316,0.347991351422726,0.0663868646636799,0.947069827612595,0.993471607857056,"Gene1121"
321.250424924935,-0.0811882029859123,0.323839899742297,-0.250704755808409,0.802042383486609,0.981522064235859,"Gene1122"
299.179565681269,-0.320670154977658,0.244100308247191,-1.31368189282632,0.188953276923013,0.723266131762729,"Gene1123"
27.8534900130802,0.206304789080493,0.3017780676588,0.683630824072173,0.494208315367,0.924617989461178,"Gene1124"
34.1886744044736,-0.204265928972763,0.293618756663456,-0.695684197065419,0.486626624310124,0.923784628815589,"Gene1125"
23.712471904952,-0.144584669212809,0.325946512111459,-0.443584035540676,0.657343349981732,0.957930867063869,"Gene1126"
22.4541228703167,-0.188052204788985,0.283974701151266,-0.662214641045838,0.507833672352447,0.928583583948193,"Gene1127"
104.49030011178,0.230091523200473,0.295841634789446,0.777752338220522,0.436715030790834,0.905307779082269,"Gene1128"
19.3938391395165,-0.149527819120013,0.278756329988656,-0.536410488422263,0.591674884208872,0.951688035781253,"Gene1129"
51.3950975972253,0.241708711418287,0.308919481606283,0.782432723768273,0.433960308597839,0.905307779082269,"Gene1130"
42.7768832024695,0.0273290929134662,0.234864981762477,0.116360867032551,0.907366548247027,0.989138348463355,"Gene1131"
53.0702583320148,-0.414757501307635,0.267447144989252,-1.55080175308771,0.120949200372734,0.59741489720928,"Gene1132"
62.078153497595,-0.708375445102364,0.251106610282622,-2.82101472480188,0.00478720054529906,0.0582030461434536,"Gene1133"
330.734313451974,0.330254811120437,0.215489680566178,1.53257831304369,0.125379788338895,0.604799947431513,"Gene1134"
26.7051974123663,0.124639802028119,0.329098905525623,0.378730527313817,0.704887981651556,0.965980775014465,"Gene1135"
20.8535272098413,0.0944540961161171,0.381387103976047,0.247659386307014,0.804397958049311,0.981522064235859,"Gene1136"
135.526634107548,0.338978137414762,0.244471393457518,1.38657587957695,0.165571127551978,0.68773054019513,"Gene1137"
89.7671073054828,-0.356145231212522,0.287308568076693,-1.23959140375324,0.215126561794758,0.753204122952887,"Gene1138"
73.1769664656239,0.155316969216943,0.25645641235777,0.605627162093602,0.544762361339513,0.934412283601223,"Gene1139"
109.280577410289,-0.489576129803718,0.279590631273878,-1.75104626207644,0.0799379415644412,0.502483854094447,"Gene1140"
8.44880135802033,-0.0359204581344716,0.367210995987341,-0.0978196691465903,0.922075488566171,0.989138348463355,"Gene1141"
119.644970913128,-2.95842775172101,0.220046472605934,-13.4445588547064,3.31376092334336e-41,2.10397518942435e-39,"Gene1142"
84.7514600537775,-0.122195881598471,0.269703851280675,-0.453074292481292,0.650495246044828,0.957930867063869,"Gene1143"
171.338038526292,0.409905135229997,0.239776396826901,1.70953079892144,0.0873526717112003,0.52405318368313,"Gene1144"
28.8222603832993,0.00269455048288706,0.312384683508883,0.00862574455514378,0.993117736938168,0.997858140929364,"Gene1145"
6.74114756100639,-0.302632701184014,0.407410338128383,-0.742820377544393,0.457590436562926,0.911988911934083,"Gene1146"
34.607607794205,0.0755102632764971,0.291506061695173,0.259034967703203,0.795608260691272,0.981522064235859,"Gene1147"
17.6072106499677,-0.0369191692303429,0.278018748486187,-0.132793811321603,0.894356448862561,0.989058832029374,"Gene1148"
823.522637804963,0.428178894354115,0.261409138920369,1.63796451846524,0.10142909561896,0.561009624856214,"Gene1149"
29.7168668994821,0.00842316615576352,0.291976205181962,0.0288488103012166,0.976985172070614,0.996791406921093,"Gene1150"
41.2853759322978,-0.616730557999986,0.285531254160062,-2.15994063351909,0.0307772656421959,0.279158872038058,"Gene1151"
203.391350092564,0.0422969095369266,0.21465673961206,0.197044405003859,0.843792788742676,0.985732611815519,"Gene1152"
112.033229947915,0.174247261852432,0.246026064506169,0.708247161544395,0.478791783461277,0.920664696604519,"Gene1153"
126.027172759161,-0.230312691974401,0.321051203448299,-0.717370592293979,0.473145460071587,0.920425430744799,"Gene1154"
1182.28517444701,-0.168833783791972,0.237648875348285,-0.710433758815555,0.477435194839498,0.920425430744799,"Gene1155"
61.9229210498674,-0.33273339045522,0.257247142266073,-1.29343862685584,0.195859397818628,0.731501018930451,"Gene1156"
491.078838521863,-0.26265183712327,0.259737114032906,-1.01122181980506,0.311910274676891,0.835101137019788,"Gene1157"
80.624680856058,-0.2832017564568,0.311583269801381,-0.908911947157263,0.363396606885914,0.869227759199078,"Gene1158"
8.20045209943631,-0.296879619066431,0.396149119811473,-0.749413804598923,0.453607833109301,0.909528208749712,"Gene1159"
3.88049565153892,1.11726464643182,0.711730899460337,1.56978521977755,0.116465087259156,0.592303611844575,"Gene1160"
106.709226450339,0.00111439895465966,0.288714241259195,0.00385986832446966,0.996920278304424,0.998296972793113,"Gene1161"
15.1595977225295,0.405510272261888,0.325455614022305,1.24597719255842,0.212772768513887,0.75184723856497,"Gene1162"
59.8251235945761,-0.0374643220684037,0.299693911364717,-0.125008619286933,0.900516726666245,0.989068835901661,"Gene1163"
472.971480646089,-0.472505548942677,0.28275107484763,-1.67110080553116,0.0947017683080619,0.542935620652654,"Gene1164"
76.8654443505618,0.0247625417196747,0.253545049501993,0.0976652542351454,0.922198106716986,0.989138348463355,"Gene1165"
33.1016239098359,-0.191079167914889,0.285068150663066,-0.670292936865941,0.502671068800771,0.928583583948193,"Gene1166"
5.96303462809536,-0.310001152195336,0.381638206721311,-0.81229066360673,0.416624866560255,0.899837724752172,"Gene1167"
21.7756605591418,0.351435928927317,0.302343226473098,1.16237407739177,0.245083548285121,0.77780729877525,"Gene1168"
27.8613288557575,0.0167732143945673,0.26758967220998,0.062682592553143,0.950019259261662,0.993471607857056,"Gene1169"
136.605184519838,-0.606117600624385,0.255883238629664,-2.36872725181352,0.0178494110665288,0.180297081480088,"Gene1170"
91.4128796319811,-0.568522876727088,0.236933644841265,-2.39950251517876,0.0164173670332439,0.169251206528287,"Gene1171"
57.9227205038513,-0.024518981746234,0.260225115402189,-0.0942221956875255,0.924932653597692,0.989138348463355,"Gene1172"
63.797350523141,0.116906225689416,0.262644642886123,0.445111784519071,0.656238972917946,0.957930867063869,"Gene1173"
44.9217476271817,-0.160440191887891,0.280301791190593,-0.572383755403112,0.567062018688595,0.947136567636937,"Gene1174"
55.217910296672,-0.489227275379926,0.316503733437785,-1.54572355297696,0.122171346479298,0.59741489720928,"Gene1175"
60.7095008484962,0.0784679545009058,0.27139623217356,0.289126911867829,0.772484259948013,0.977265145689917,"Gene1176"
87.8667326891502,0.0673102146282939,0.313805474887424,0.214496622955482,0.830159800176204,0.985732611815519,"Gene1177"
444.109699920516,-0.0788754572228879,0.276652880931358,-0.285106220319673,0.775562764619363,0.977622955372068,"Gene1178"
13.9104513038389,0.125227242711105,0.316340528540053,0.39586215300658,0.69220672262512,0.965949908811616,"Gene1179"
279.576364695309,0.388946295837289,0.233656577304781,1.66460666472037,0.0959912548299225,0.544631233077575,"Gene1180"
109.707962842042,-0.00393854252755586,0.223222693665594,-0.0176440059157073,0.985922850488051,0.996882468034877,"Gene1181"
24.5610407353327,2.27171220559276,0.260109601107427,8.73367302060691,2.46533132940088e-18,4.95543985809222e-17,"Gene1182"
35.9115103663999,0.0200118556093907,0.29347444574249,0.0681894314810297,0.945634839846361,0.993471607857056,"Gene1183"
21.322250595852,0.704099758651149,0.320751011006795,2.19515990437902,0.0281521293273515,0.260065859836965,"Gene1184"
21.2229681674256,-0.456457353201512,0.321214778362818,-1.42103472177714,0.15530666555212,0.667985658288688,"Gene1185"
7.58097366681034,0.146201608247649,0.382710818249685,0.382015875371115,0.702449589235276,0.965980775014465,"Gene1186"
34.2416760931869,-0.388288805036074,0.299321210472165,-1.29723117323883,0.194551657808405,0.728657894413502,"Gene1187"
28.5269931213091,0.0352252268434532,0.291386341280972,0.120888394042763,0.903779434961307,0.989068835901661,"Gene1188"
33.4113536500088,0.43211796633713,0.312732190036478,1.38175084018926,0.167048218134532,0.688149199318361,"Gene1189"
4.35587634240326,0.986698055237629,0.463027335779155,2.13097149777836,0.0330914903630851,0.294801695884945,"Gene1190"
97.3603431221616,-0.184976293356983,0.252842452309329,-0.73158716689981,0.464420583405126,0.918212542159901,"Gene1191"
142.560308981376,0.480430202856792,0.247158655312875,1.94381298218596,0.0519180076678689,0.401686713097632,"Gene1192"
129.087448591499,-0.0131255756242238,0.436487857900199,-0.0300708837294276,0.976010521643547,0.996791406921093,"Gene1193"
123.478351662018,-0.13474086772671,0.205990528380803,-0.654111957408169,0.513039678318959,0.928583583948193,"Gene1194"
68.2206925464677,0.136112262908439,0.215386975120819,0.631942868560592,0.527424209910724,0.929644202129746,"Gene1195"
251.133931399913,0.249823940196207,0.227231672436821,1.09942393820856,0.271583194049414,0.801812252286504,"Gene1196"
15.8478757508215,-0.25097813831371,0.325156222628396,-0.771869399530265,0.44019178285844,0.905307779082269,"Gene1197"
13.279351421385,0.291604624701908,0.328968988290617,0.886419799681237,0.375391353728276,0.873003148205292,"Gene1198"
73.5588899486132,-0.603872508781057,0.261257981104445,-2.31140310519219,0.0208105995998904,0.203526646453696,"Gene1199"
90.579337351476,0.231962914316056,0.250283647079942,0.92680012067255,0.354030322308863,0.863666372222443,"Gene1200"
18.6508928511704,0.0871134321812981,0.326881410856372,0.266498581100333,0.78985525202527,0.981522064235859,"Gene1201"
34.4318945603221,-2.65833999838315,0.266043723581784,-9.99211694451402,1.6501929500841e-23,4.55225641402512e-22,"Gene1202"
74.2021053085389,-0.248057960929104,0.263328078928481,-0.942011053050197,0.346186981019936,0.859557991359244,"Gene1203"
66.67198513181,-0.429098574064227,0.283373575872689,-1.51425048275146,0.129962322267785,0.61107743222485,"Gene1204"
139.813903040158,-0.329659059856986,0.273460765177316,-1.20550770653783,0.228007364769482,0.761212126574736,"Gene1205"
170.249002028382,-0.267100071039247,0.284038467000352,-0.940365837979671,0.347029939063274,0.861116474102416,"Gene1206"
1.82080573540934,0.982076911902462,0.664801477070232,1.47724839034723,0.139609066733208,0.633303990255888,"Gene1207"
466.671603695885,-0.24697386696316,0.239662084275941,-1.03050871692662,0.302771262411373,0.828942539113957,"Gene1208"
87.8398660248671,0.0190998773742406,0.247062602531571,0.0773078449693735,0.938378650203622,0.991968214616613,"Gene1209"
17.3496317617417,-1.42372124373964,0.283781434019478,-5.01696401901302,5.24943941346691e-07,7.47251162059347e-06,"Gene1210"
13.4746259591141,-0.25126523597681,0.322513304914473,-0.779084869207,0.435929722579162,0.905307779082269,"Gene1211"
158.217829538497,-0.108773778560391,0.262843882847322,-0.413834164151251,0.678995561782496,0.965476632893769,"Gene1212"
216.172065926086,2.18829060695172,0.161027560803846,13.5895407967917,4.61969690741349e-42,2.98044961768613e-40,"Gene1213"
195.060192938615,0.233948643683202,0.226841738730768,1.03132979403261,0.302386191148448,0.828942539113957,"Gene1214"
46.073836126361,-0.0244465450061323,0.26557854815781,-0.0920501492899412,0.926658195319315,0.989226789772421,"Gene1215"
36.6480382926744,0.184500972692235,0.273370240626805,0.674912427443442,0.499731404442934,0.926881973487425,"Gene1216"
1046.24459504333,0.129137555026894,0.247372456346536,0.522036919284133,0.601644625443172,0.954765079684842,"Gene1217"
4.61565252153456,0.0592377060362843,0.432699167851785,0.136902750080109,0.89110766505637,0.987599985764196,"Gene1218"
77.2115357547833,0.0210417067363623,0.223223369281396,0.0942630102040842,0.924900232621413,0.989138348463355,"Gene1219"
79.3678684178845,0.253747275494255,0.212171950056549,1.19595109262382,0.231715645128533,0.762222516870176,"Gene1220"
92.3426721872548,0.063594043779248,0.252613979378523,0.251743961025835,0.80123897502668,0.981522064235859,"Gene1221"
218.76982690543,1.77244518385372,0.165015565868316,10.741078725071,6.52771586837826e-27,2.23169773277889e-25,"Gene1222"
34.2650130228158,0.107378277105488,0.306048168210579,0.350854173489465,0.725697752827117,0.968606179663051,"Gene1223"
239.122482942777,-0.018525075326776,0.249987148220508,-0.0741041107858693,0.940927544322963,0.992000827951994,"Gene1224"
2.48744885338791,0.196016925319458,0.548867219431311,0.357129954896111,0.720994520387637,0.968606179663051,"Gene1225"
56.2303182498312,2.00118352358576,0.21659269894245,9.23938587661021,2.47916027181374e-20,5.50924504847498e-19,"Gene1226"
46.5675814325086,0.0928574200542713,0.321002206818785,0.289273463178064,0.772372117953108,0.977265145689917,"Gene1227"
69.3383966008458,-0.020912561199295,0.248822007759815,-0.0840462682042244,0.933019645168109,0.990992719243876,"Gene1228"
50.5400934968465,-2.30382562514376,0.225242445036458,-10.2282037684809,1.48243397074983e-24,4.4584480323303e-23,"Gene1229"
142.626953586792,-0.0780529537631752,0.25844471060087,-0.302010258138796,0.762644243013535,0.977265145689917,"Gene1230"
9.46720422261536,-0.350900978269631,0.357705368313492,-0.98097766864405,0.326603754049632,0.847724218312202,"Gene1231"
133.006458540881,1.79569272965707,0.182698110865273,9.82874273386042,8.46691748637608e-23,2.24289204937115e-21,"Gene1232"
90.6973632494258,0.386227845907165,0.253083767252099,1.52608699522969,0.126988200372294,0.606148927791377,"Gene1233"
264.716827799562,-0.207736262583886,0.291531454183637,-0.712568951318136,0.476112530326881,0.920425430744799,"Gene1234"
47.7628254826694,0.0177070574719202,0.242563499321496,0.0729996785231528,0.941806373331058,0.992000827951994,"Gene1235"
309.593662512026,-0.149775231385375,0.269777993771665,-0.555179572994163,0.578771839435207,0.947334508931418,"Gene1236"
36.4468394527904,-0.226899646630498,0.284036530546472,-0.798839664017706,0.424383388205109,0.904386549185102,"Gene1237"
43.6582056616168,0.755393499107573,0.292201270348167,2.58518211850174,0.00973275734864793,0.109974659306756,"Gene1238"
78.9692018823108,0.075253175167547,0.232807796371031,0.323241645428465,0.746512243813523,0.974859188582401,"Gene1239"
24.8409366391439,0.0880741223503962,0.334506357884819,0.26329580970393,0.792322589155698,0.981522064235859,"Gene1240"
118.74614366443,0.0597743711894475,0.285490814905651,0.209374060630292,0.834156240622706,0.985732611815519,"Gene1241"
8.32665857923557,-0.124332624964749,0.386473369699262,-0.321710717252004,0.747671857961623,0.974859188582401,"Gene1242"
51.8620387997039,-0.0300806062133417,0.278777948147268,-0.107901670176047,0.914073692250135,0.989138348463355,"Gene1243"
27.3257965076214,-0.335099701442288,0.283070740600852,-1.1838019737787,0.236491460732826,0.770301766731144,"Gene1244"
35.7787663252696,-0.307291685578275,0.26521801295048,-1.15863806594332,0.246603745788063,0.780391600595135,"Gene1245"
198.145691697866,-0.567927777953648,0.239065595832005,-2.37561484318613,0.0175197395434769,0.178317959730045,"Gene1246"
105.558923530327,-1.52263502768126,0.180888591103234,-8.41752936652749,3.84506912944686e-17,7.3589839798026e-16,"Gene1247"
372.425083716063,-0.189989903191284,0.224364989677443,-0.846789436553458,0.397112497199128,0.887611096071756,"Gene1248"
36.6690784815236,-0.812328785862248,0.233845766844267,-3.47378016213238,0.00051318130407784,0.00664312367738304,"Gene1249"
47.9840850156939,0.0452389271158233,0.275025376163139,0.164490010874446,0.869345409811928,0.986071618700012,"Gene1250"
7.09214969112534,-0.137516928482953,0.404675331120984,-0.339820389105557,0.733991792410176,0.971292520455398,"Gene1251"
32.6557469127013,0.0496616441929145,0.317610961107862,0.156359982097876,0.875749278802822,0.986362048840613,"Gene1252"
470.447843255668,-0.0824108933031788,0.238236153730464,-0.345921020016203,0.729402071066887,0.969433694004581,"Gene1253"
24.2715179407067,0.0265054392256674,0.267946205852732,0.0989207484439442,0.921201194826741,0.989138348463355,"Gene1254"
11.9412652070841,0.685726861841715,0.34072240567307,2.0125675635775,0.0441601422045216,0.357572001656045,"Gene1255"
64.6010967721527,0.516811923672059,0.271085439087058,1.90645401469197,0.0565913264753992,0.423905067231455,"Gene1256"
232.964862190975,0.148882284141127,0.270525100352603,0.550345546298934,0.58208239014184,0.947518170875313,"Gene1257"
7.64999671442185,-0.195523973796748,0.374544195510189,-0.522031781938079,0.601648202303205,0.954765079684842,"Gene1258"
40.6974811428723,0.242944015246517,0.282961502653274,0.858576212553576,0.390574366538688,0.883305334767189,"Gene1259"
88.6287092750732,0.0582737410005872,0.317596446057158,0.183483605449728,0.854418581362621,0.986071618700012,"Gene1260"
544.197475236847,-0.545522789046808,0.289944785250134,-1.88147128970155,0.0599078372036794,0.433630787590432,"Gene1261"
23.5869108388714,0.18250989982838,0.320403980436981,0.569624321081984,0.568932529080165,0.947334508931418,"Gene1262"
333.227052280294,-0.103253720226109,0.276788256446946,-0.373042272643891,0.709116982087232,0.96716849257703,"Gene1263"
28.3463295322859,0.246919365187408,0.321981258221276,0.766874962075328,0.443155861475507,0.905307779082269,"Gene1264"
13.4409907359491,-0.446077176091742,0.368854758363865,-1.20935724964052,0.226525625170651,0.761212126574736,"Gene1265"
16.0439469335839,-0.233873012039645,0.306868538906372,-0.762127694396857,0.445983795288751,0.907366378749313,"Gene1266"
40.3485197678731,0.00977117606430412,0.249045689295513,0.0392344717627688,0.968703450293306,0.995840092822725,"Gene1267"
49.8168464570676,0.115671081216924,0.234280175723572,0.493729701455426,0.621497086116834,0.95592604582585,"Gene1268"
41.2230654153421,0.260116729208362,0.287417417882231,0.905013798832975,0.3654580769678,0.869227759199078,"Gene1269"
181.611361809965,0.254729647754902,0.164974994443607,1.54405004597213,0.122576209141513,0.598123870493707,"Gene1270"
33.4412592173209,-2.48220703342815,0.270621367670267,-9.17225071618345,4.63244106926088e-20,1.01811891632107e-18,"Gene1271"
43.3762528600404,0.0759087355918208,0.257361720873595,0.29494959597781,0.768032384185553,0.977265145689917,"Gene1272"
29.892120788366,0.0959249217133503,0.307154604998121,0.312301753424589,0.754811207608166,0.97669532837442,"Gene1273"
14.083327747769,0.333480575937338,0.305262166113141,1.09243991872133,0.27463978512955,0.804758106465186,"Gene1274"
5.5954682523798,-0.266277121714863,0.421274729952424,-0.632074754982182,0.527338030423032,0.929644202129746,"Gene1275"
71.0261669858513,0.458339562621412,0.27310571113255,1.67824964450839,0.0932983738736929,0.540077417503287,"Gene1276"
55.5458046438238,0.0302841064133968,0.312095286564244,0.0970348086534232,0.922698751562544,0.989138348463355,"Gene1277"
288.229040758054,-0.476387161917351,0.277807446687223,-1.71481062728209,0.0863799524765397,0.52405318368313,"Gene1278"
87.9719937713715,0.0750662221539217,0.278060046992335,0.269964070587929,0.787187895144521,0.981522064235859,"Gene1279"
107.599881073365,0.0941292644586719,0.239768641590793,0.392583716678513,0.694626968139908,0.965949908811616,"Gene1280"
46.1659424412291,0.151188970678033,0.299856897726852,0.504203744600051,0.614118209300969,0.95592604582585,"Gene1281"
20.7997146460763,-0.207756330210649,0.297493478999713,-0.69835591324289,0.484954640143634,0.923784628815589,"Gene1282"
78.2716683956008,-0.0498308962519698,0.271295558475299,-0.18367752325922,0.85426644273319,0.986071618700012,"Gene1283"
76.6178376196473,-0.307826988678261,0.223446121654108,-1.37763406408447,0.168316298219327,0.690528402951086,"Gene1284"
16.2791595728863,-0.0882673094770072,0.380324787081401,-0.232084030479231,0.816472748111769,0.983621523514424,"Gene1285"
58.1395382254844,-0.27307704279374,0.269140527922684,-1.01462624340317,0.31028402466645,0.832165566699599,"Gene1286"
585.683293854726,-0.0400417401170518,0.311362235157665,-0.128601787871852,0.897672751540632,0.989068835901661,"Gene1287"
15.175891669382,0.216172965513749,0.281674239319115,0.767457350861404,0.442809641296651,0.905307779082269,"Gene1288"
294.369867093738,-0.0403176495998534,0.242712348798056,-0.166112889597549,0.868068110651549,0.986071618700012,"Gene1289"
42.3245348428786,-0.21951574965973,0.291504987851685,-0.75304285966941,0.451424159265051,0.909528208749712,"Gene1290"
292.946955629165,0.269365106187647,0.224500684006246,1.19984091531834,0.23020113039435,0.761212126574736,"Gene1291"
16.0080368024877,0.160334783325325,0.306251674060391,0.523539287800619,0.600599018261074,0.954765079684842,"Gene1292"
45.7572711319453,0.0574246879856153,0.313102566380993,0.183405357066729,0.854479972830932,0.986071618700012,"Gene1293"
67.177349291274,-0.235864656016545,0.250988345554351,-0.939743458986502,0.347349167355158,0.861374252585636,"Gene1294"
40.0559485937953,-0.131755527174855,0.256690939022163,-0.51328468264896,0.607752197008192,0.95592604582585,"Gene1295"
98.538494450611,-0.00454432433578578,0.235490999667294,-0.0192972314959217,0.984603992464709,0.996874123254448,"Gene1296"
42.2543531841184,-0.231699358576136,0.248107459209245,-0.933866959560972,0.35037252410295,0.863541852770467,"Gene1297"
244.845337640538,0.144062887005932,0.221981991343017,0.64898456912804,0.51634835021707,0.928583583948193,"Gene1298"
40.9805071551787,-2.61753913414164,0.260337373631844,-10.0544116951999,8.78445347752065e-24,2.50984385072018e-22,"Gene1299"
117.777197725372,0.311870704197385,0.229774678396471,1.35728926430814,0.174689317162354,0.699456725374791,"Gene1300"
8.33459057223101,-2.03925893111404,0.418075720557396,-4.87772628459555,1.07315701993937e-06,1.51148876047798e-05,"Gene1301"
21.377504793611,0.0833858699926549,0.311500937676901,0.267690590643247,0.788937493155641,0.981522064235859,"Gene1302"
190.42564846196,0.263196699367796,0.255389166733435,1.0305711191051,0.302741985401198,0.828942539113957,"Gene1303"
100.327054538559,0.0106246864400523,0.269245223331411,0.0394610025336437,0.968522844753952,0.995840092822725,"Gene1304"
45.1044250838524,-0.360370755604594,0.247271757047445,-1.45738745058316,0.145009459224781,0.645203378085787,"Gene1305"
55.837849244834,0.376355679637027,0.258540037777553,1.45569592575384,0.145476696682572,0.64642903693617,"Gene1306"
136.757104606557,0.205844931815996,0.232217357997315,0.886432149565565,0.375384701313985,0.873003148205292,"Gene1307"
42.8086928583908,-0.0297627520046443,0.280177700037362,-0.106228125938201,0.915401355924129,0.989138348463355,"Gene1308"
57.3507015588802,-0.0964866356180287,0.252820711740172,-0.381640550546308,0.702728001811528,0.965980775014465,"Gene1309"
8.37301459862738,0.110698904591404,0.331498989417912,0.333934365187003,0.738429087147915,0.971584843669412,"Gene1310"
409.220960348834,0.291893131672817,0.250828027473032,1.16371816424782,0.244538245789591,0.776928501317206,"Gene1311"
143.774823047296,0.389944415208067,0.265483680656689,1.46880747714329,0.141885015431328,0.638402769094837,"Gene1312"
145.511060307261,-0.0432575432606058,0.218914705876586,-0.197599988029093,0.843358044170313,0.985732611815519,"Gene1313"
5.10645906955994,-0.0144299594713115,0.423676444140296,-0.0340589137557366,0.97283017153511,0.996066844846464,"Gene1314"
53.4993109958462,0.0407073981377713,0.243488302990804,0.167184204077798,0.867225112815125,0.986071618700012,"Gene1315"
31.7075043723875,-0.225397920862654,0.249351102377636,-0.903937936160772,0.366028311904553,0.869227759199078,"Gene1316"
11.4100872607128,-0.449957662770363,0.349137780011201,-1.28876818417052,0.197478689973438,0.734135157058308,"Gene1317"
102.077354980036,0.151154940408075,0.257975635313336,0.585927195118571,0.557924441137463,0.940454178065677,"Gene1318"
221.228161813478,-0.0591376269790002,0.250867426045394,-0.235732585578086,0.813640182717857,0.983621523514424,"Gene1319"
28.4605097017283,0.123696860255643,0.342269189176148,0.361402265139275,0.71779875493453,0.968606179663051,"Gene1320"
40.3878769560417,-0.0147185373202407,0.303203807117758,-0.0485433789903711,0.961283193736458,0.994763555173913,"Gene1321"
405.640768678684,-0.21487849449767,0.240563829615432,-0.893228607314647,0.371734761228068,0.87082634037862,"Gene1322"
6.73675452432938,-0.197874972230561,0.371609479511462,-0.532480959556516,0.594392925776309,0.951688035781253,"Gene1323"
126.024761266254,0.383189651275356,0.281077573697068,1.36328788609916,0.172791798321059,0.698684220021239,"Gene1324"
36.1225280821142,0.524668148151242,0.289515083515888,1.81223078873695,0.0699505436112063,0.463989985292261,"Gene1325"
41.8601894999687,0.0198436172442737,0.265725517765741,0.074677123262838,0.940471609830146,0.992000827951994,"Gene1326"
26.1375951734105,-0.421281972822722,0.260315834926362,-1.61834939062349,0.105587322178443,0.57204956359319,"Gene1327"
194.979104542173,-0.181892406076104,0.277616383624638,-0.655193341622226,0.51234328072501,0.928583583948193,"Gene1328"
13.1306308078294,0.362380829896847,0.378852066498461,0.956523302739644,0.33880791709629,0.855068234149037,"Gene1329"
150.589269585856,-0.242395988473028,0.265404959931303,-0.913306173840042,0.361081536219757,0.868506401009638,"Gene1330"
289.881402039076,0.273169737371426,0.230200483151542,1.18666013916051,0.235361703918924,0.769155895159881,"Gene1331"
8.96329054090865,0.218976326399026,0.361554358945833,0.605652569194532,0.544745486267182,0.934412283601223,"Gene1332"
14.5496234043261,-0.220547658813865,0.306618794131817,-0.719289433768534,0.47196260487429,0.920005077727661,"Gene1333"
105.280024428092,0.250637033061092,0.233424470078588,1.07373932551591,0.282939530615906,0.808693434308323,"Gene1334"
16.4313007309986,0.426456460565453,0.306408311524467,1.39179142512066,0.163985567349821,0.685720286011994,"Gene1335"
23.6349185573092,0.1561194870349,0.316516529051279,0.493242762085285,0.621841066258541,0.95592604582585,"Gene1336"
26.2283568638668,0.226956012994208,0.265408899386347,0.855118323157038,0.392485646771828,0.884253394701024,"Gene1337"
31.8577567370056,-0.176629046579332,0.305002815815315,-0.579106281714737,0.562517461709887,0.943877523871634,"Gene1338"
117.563627246436,-0.292685990271252,0.300997842290101,-0.972385675739036,0.330858715376744,0.850536543384945,"Gene1339"
25.43290615518,0.117147380678971,0.272149083139103,0.430452968379446,0.666866171769371,0.961248535883778,"Gene1340"
57.0688480321598,-0.219033404956532,0.291400391062283,-0.751657896401782,0.452256816407474,0.909528208749712,"Gene1341"
123.518165673999,0.206854468654344,0.280120618855566,0.73844784971363,0.460242346563783,0.913179259055125,"Gene1342"
9.59970056480313,-0.68569596081079,0.363970078133864,-1.88393497709061,0.0595737713327352,0.433630787590432,"Gene1343"
21.1761292713883,-0.0255806183833221,0.279958583479418,-0.0913728668912299,0.927196320626753,0.989419924133832,"Gene1344"
627.924179901189,3.08079101525725,0.174010657701888,17.7046110620144,3.86340297670755e-70,1.54536119068302e-67,"Gene1345"
30.6769670204886,0.0648531569153444,0.290531919731979,0.223222140187463,0.823362621262193,0.985337663208056,"Gene1346"
2.91717056050535,0.225955042200185,0.552671345709824,0.40884160894931,0.682655902368164,0.965476632893769,"Gene1347"
17.6260884045461,-0.193734695719552,0.298018038531735,-0.650077078132712,0.51564243464617,0.928583583948193,"Gene1348"
129.416797063739,-0.136449830155034,0.206136367845166,-0.661939625605146,0.508009915193797,0.928583583948193,"Gene1349"
26.9989890280901,0.0674544267211601,0.256397799814744,0.263085045074093,0.792485030350404,0.981522064235859,"Gene1350"
37.2442513434157,0.333360803877169,0.276693493660143,1.2048017445854,0.228279846357462,0.761212126574736,"Gene1351"
115.296391147929,2.0134169931107,0.187842922518213,10.7186204628789,8.32355175165682e-27,2.82154296666333e-25,"Gene1352"
135.43867671274,-0.0310122958544384,0.22483286815456,-0.137934885183777,0.89029187952602,0.987599985764196,"Gene1353"
30.0208340648804,-0.424464854621504,0.288175494550163,-1.4729387565868,0.140767550390764,0.635550100677548,"Gene1354"
81.9203366186959,-0.340679373564831,0.277669176903826,-1.22692542745869,0.219850620551064,0.755473786565384,"Gene1355"
124.016656188156,-0.232882338015328,0.222059314694381,-1.04873933496482,0.294298105134935,0.818062835677374,"Gene1356"
14.6407676482121,0.115736992248959,0.305800786572342,0.378471859233036,0.705080094876531,0.965980775014465,"Gene1357"
49.3046475323033,-0.217995029201273,0.297528816731778,-0.732685430594093,0.463750312078161,0.918212542159901,"Gene1358"
24.0149220170406,0.071750651153294,0.304535875293078,0.235606563871146,0.813737979604432,0.983621523514424,"Gene1359"
81.2538972053059,0.0974903473422015,0.258051368251938,0.377794343826229,0.705583375846672,0.965980775014465,"Gene1360"
6.61958641561389,-0.0971808323806923,0.401501492024921,-0.24204351493334,0.808746445440785,0.983462361202086,"Gene1361"
312.364432774346,0.199592454634494,0.230841086423905,0.864631412572598,0.387241125555178,0.883305334767189,"Gene1362"
276.186328486725,-0.478259268229316,0.250325716759703,-1.91054788305436,0.0560627073574918,0.421650804940207,"Gene1363"
18.2675378997706,-0.0428730108567256,0.261303958477282,-0.164073330945934,0.869673416099022,0.986071618700012,"Gene1364"
22.0364877537477,-0.230116817621202,0.278840615994489,-0.825262907989521,0.409222345312644,0.895283377126294,"Gene1365"
16.8286290837449,0.0573506013473017,0.285637905741661,0.200780779422081,0.840869992681341,0.985732611815519,"Gene1366"
43.1485436779024,-0.211056375046281,0.289813435240686,-0.728249105742808,0.466461110866828,0.918979533251709,"Gene1367"
28.0415077721488,0.591024743429384,0.286279496812304,2.0645025229204,0.0389700949383381,0.32941068733001,"Gene1368"
53.918227164006,0.209318463010842,0.240800915618669,0.869259414869992,0.384705256105982,0.883305334767189,"Gene1369"
5.78177215258583,-0.228549901260523,0.437395734105992,-0.522524303369498,0.601305329535635,0.954765079684842,"Gene1370"
57.6374278991847,-0.376951928649032,0.215297175354023,-1.75084474763402,0.0799726563128809,0.502483854094447,"Gene1371"
48.3412703024843,0.559221345992907,0.23017094806468,2.42959135675003,0.0151158548966675,0.159114262070184,"Gene1372"
6.37293946054139,0.12201733905768,0.359037398198025,0.339845764452599,0.733972681803561,0.971292520455398,"Gene1373"
72.1859454470719,0.314583552022905,0.2990653288356,1.05188907469724,0.292850445003781,0.816441596667529,"Gene1374"
62.9746670223236,-0.0813528040688728,0.286720731216279,-0.283735339693685,0.776613210068379,0.977815729396078,"Gene1375"
37.752523217625,-0.0170752731204498,0.28129714334787,-0.0607019073042396,0.951596612675133,0.993471607857056,"Gene1376"
55.5642888877319,-0.119156100739527,0.286160477843247,-0.416396078304,0.677120197669666,0.965246183420765,"Gene1377"
65.1042162013903,0.345309953029479,0.28600524191961,1.20735532926539,0.227295331036511,0.761212126574736,"Gene1378"
76.8041469208964,-0.325647405398241,0.268499069062375,-1.21284370383642,0.225189582609958,0.760775616925535,"Gene1379"
29.5206057845739,-0.0476776248867278,0.26810799683184,-0.177829924694979,0.858856545393481,0.986071618700012,"Gene1380"
212.926750445611,-0.286237552428744,0.285481911860423,-1.00264689473108,0.316031261048736,0.838835463964793,"Gene1381"
57.585459206005,-0.276300690640641,0.312078129435418,-0.885357430014394,0.375963884535113,0.873826576490676,"Gene1382"
47.3662144319444,-0.414741093172646,0.24160053446353,-1.71663980004669,0.0860450057424849,0.52405318368313,"Gene1383"
183.151514810618,-0.0675831518640238,0.217584911028389,-0.310605875860601,0.756100259710058,0.976901810185842,"Gene1384"
197.315451357475,-0.423678919490035,0.218914569634165,-1.9353619094337,0.0529459000993284,0.408848649415663,"Gene1385"
22.1704534746819,0.184399248163764,0.293199483476002,0.628920781092907,0.529400920376682,0.929644202129746,"Gene1386"
14.1805251868022,-0.426121729839806,0.339229907283111,-1.25614434544587,0.209063640633017,0.748436247703819,"Gene1387"
23.3021539395356,0.160764525315148,0.349157521160098,0.460435521425969,0.645203642999854,0.957930867063869,"Gene1388"
15.1106431987788,0.392245670295502,0.299275083933096,1.31065261143888,0.189975155729481,0.724072682472612,"Gene1389"
8.06728465398366,0.442408055921083,0.3777304719534,1.17122681057,0.241507621316142,0.774062888833789,"Gene1390"
74.5592120441541,0.14296761246902,0.281892850542712,0.507170054840955,0.612035504171933,0.95592604582585,"Gene1391"
114.1818157772,2.16528226222569,0.201253616013146,10.7589732056504,5.37658813572098e-27,1.8539959088693e-25,"Gene1392"
101.368406655882,-0.091732842750109,0.304825384307286,-0.300935707695642,0.763463520866054,0.977265145689917,"Gene1393"
49.8092357120224,-0.154716958642605,0.279432227890527,-0.553683302067859,0.579795604874216,0.947334508931418,"Gene1394"
82.3913881246308,0.286505024122709,0.257993688997501,1.11051175412854,0.266778565909412,0.796948665898168,"Gene1395"
30.2954802555649,0.163083186219809,0.250208519339489,0.651789102346807,0.5145372327228,0.928583583948193,"Gene1396"
18.9945933957476,0.0847954172145938,0.324224528066677,0.261533011460366,0.793681495643108,0.981522064235859,"Gene1397"
133.732673222317,-0.1555563465228,0.251363302523398,-0.618850663407082,0.536014742782228,0.931958650783472,"Gene1398"
128.422123099418,0.00693796996953284,0.296652343547364,0.0233875447824504,0.981341140113816,0.996791406921093,"Gene1399"
7.11114876189084,0.155381244119806,0.407875076917045,0.380953024377629,0.703238105952475,0.965980775014465,"Gene1400"
527.08694545241,2.58782099263582,0.157775244565071,16.4019456903363,1.85209943979116e-60,3.89915671534981e-58,"Gene1401"
5.69879564538356,-0.261638688229393,0.389333250527798,-0.672017321599694,0.501572669118404,0.927550012239304,"Gene1402"
42.3806719363911,0.0309168393675608,0.266769611398502,0.115893407819143,0.907737020289592,0.989138348463355,"Gene1403"
37.4995106645462,-0.0153256254752531,0.309175690387636,-0.049569309462973,0.960465604054799,0.994763555173913,"Gene1404"
48.4784668866099,0.153373798800567,0.275042046833014,0.557637643286171,0.577091846124128,0.947334508931418,"Gene1405"
187.435797138854,0.155432123231356,0.22578596469725,0.68840471744898,0.49119795393903,0.923784628815589,"Gene1406"
11.150819846165,0.20537321292992,0.344828846956951,0.595580139951455,0.551455747322606,0.937727038488801,"Gene1407"
37.0828224219254,-0.483718405824764,0.317368907365224,-1.52415184537314,0.127470784024824,0.607476094528517,"Gene1408"
1051.83723359089,-0.103046187233589,0.282604723832937,-0.364630094769772,0.71538754693305,0.968606179663051,"Gene1409"
8.7013525573743,-0.155465288026977,0.346910035511892,-0.448142953828292,0.654050029886781,0.957930867063869,"Gene1410"
25.5108520266942,-0.937452754443674,0.275171088758941,-3.40679959755843,0.000657293686883724,0.00845393809496751,"Gene1411"
52.3880329921711,-0.187639971939179,0.257335368202574,-0.729165109521475,0.465900670918979,0.918979533251709,"Gene1412"
58.5017417252253,0.187381038464358,0.238866219466134,0.78446018396052,0.432770136066331,0.905307779082269,"Gene1413"
27.7034422542031,0.257169272423832,0.278053879641062,0.924890070787035,0.355023091989097,0.864328891026409,"Gene1414"
36.0537686644891,-0.30376313120422,0.274139551142824,-1.10806021946816,0.267835809595434,0.798318359449877,"Gene1415"
177.296864668719,-0.047187343663683,0.24372635017977,-0.193607886996536,0.84648292211719,0.985732611815519,"Gene1416"
38.7464156534684,-0.344392923401644,0.246807398903061,-1.39539140614221,0.162897841421181,0.6844447118537,"Gene1417"
63.4489748508918,-0.156054045736806,0.256552095194097,-0.608274298515246,0.543005564227288,0.933552658102756,"Gene1418"
76.2159298208519,0.0460562375757672,0.255292224728585,0.180405954880655,0.85683387970791,0.986071618700012,"Gene1419"
52.7566819427158,-3.03469446915377,0.239146784755483,-12.6896728812666,6.74669762052704e-37,3.60321752080407e-35,"Gene1420"
55.1216629975819,-2.18067535237858,0.21046329458674,-10.3613095892112,3.7183571706687e-25,1.14410989866729e-23,"Gene1421"
53.765706620446,0.102369031971878,0.219966065909918,0.465385565489002,0.641655369178523,0.957930867063869,"Gene1422"
21.9870980248988,-0.191784429760503,0.279985665518961,-0.684979459234191,0.493356882877674,0.924322028810631,"Gene1423"
53.9779206759405,0.378441141668146,0.227261064015468,1.6652264799851,0.0958675799046615,0.544631233077575,"Gene1424"
17.6203554622702,-0.155206341861462,0.29090221277743,-0.533534414811106,0.593663694614454,0.951688035781253,"Gene1425"
55.8777810966221,-0.326320864469191,0.257079683120792,-1.26933743074464,0.204320741714066,0.740292542442267,"Gene1426"
35.7096075666305,-0.164857483773658,0.243635742458501,-0.676655576518039,0.498624508267303,0.926881973487425,"Gene1427"
44.8561135648107,0.0583477188816276,0.255119181189084,0.228707691086476,0.819096116598526,0.984572081828103,"Gene1428"
13.5217704094583,0.467808849719645,0.311604352853166,1.5012911258659,0.133280279245738,0.618469973298088,"Gene1429"
38.0925755573386,-0.00799470212250255,0.337711860455385,-0.0236731458342096,0.981113326521163,0.996791406921093,"Gene1430"
12.4905325045877,-0.323738676394101,0.375679151131861,-0.861742461402845,0.388829253983528,0.883305334767189,"Gene1431"
32.8270888610691,0.812104176964518,0.337126620093135,2.40889959013075,0.0160006994968317,0.166320391131939,"Gene1432"
92.1836700227345,0.389350274246648,0.215198523389683,1.80926090065037,0.0704104802681006,0.463989985292261,"Gene1433"
40.1004535812769,-2.84684841104745,0.251446273229949,-11.3218954271157,1.02237178220314e-29,4.13079507960866e-28,"Gene1434"
151.885903161321,-0.00330296977145679,0.304878675372955,-0.0108337185846675,0.991356112293611,0.997858140929364,"Gene1435"
120.78048225471,-0.367907334589033,0.300455344702336,-1.22449921785722,0.220763961186197,0.755473786565384,"Gene1436"
64.4568252084894,-0.616373436684991,0.269781870125012,-2.28471037138031,0.0223298160883545,0.215227143020284,"Gene1437"
199.131969394885,0.154850337437908,0.279798273316812,0.553435643480804,0.579965137558052,0.947334508931418,"Gene1438"
227.776667512683,-0.654722871704728,0.234604967196778,-2.79074599113484,0.00525867233531084,0.063167235258989,"Gene1439"
10.5996084918099,0.23048606055042,0.355691725850178,0.647993877280978,0.516988910363156,0.928583583948193,"Gene1440"
181.603586937303,-0.498613536593341,0.282780772733822,-1.76325119905758,0.077858132041717,0.494337346296616,"Gene1441"
127.014165123883,-0.052128233633527,0.256263148960844,-0.203416815273319,0.838809257867642,0.985732611815519,"Gene1442"
132.642633296381,0.166798365619767,0.288494848063268,0.57816757123922,0.563150990456053,0.944488034307845,"Gene1443"
19.2970668266822,0.278957307384349,0.288351728951409,0.967420269678207,0.333333981158999,0.853855391006023,"Gene1444"
959.283020679585,0.0333254300555066,0.219118192026636,0.152088832731221,0.879116871934467,0.986362048840613,"Gene1445"
2.06252229198586,-0.182834162401569,0.596864635339386,-0.306324334826115,0.759357712688934,0.976941233108903,"Gene1446"
129.428845815807,1.99959342174184,0.183597940897112,10.8911538548377,1.27020633375732e-27,4.61893212275391e-26,"Gene1447"
59.1620753588856,0.154345649241414,0.241611567147822,0.638817301106212,0.522941791841381,0.929644202129746,"Gene1448"
46.8267935919379,-0.0725243048648085,0.257068256639358,-0.282120810297294,0.777850876774511,0.978121190536952,"Gene1449"
121.011949274785,0.0794202772254977,0.297783834183142,0.266704461789732,0.789696718310303,0.981522064235859,"Gene1450"
61.8438912072813,-0.0175170803761575,0.281470754205111,-0.0622341046608083,0.95037640352587,0.993471607857056,"Gene1451"
19.2942411605085,0.25764106078245,0.269834993647628,0.954809668307506,0.339673957197651,0.855455441624387,"Gene1452"
336.978023796252,-0.581164054441516,0.26074029179049,-2.2289000693015,0.0258205545162127,0.241313593609464,"Gene1453"
38.0340726055339,0.251555741425718,0.281220350824067,0.894514713066029,0.371046561226753,0.869980213896254,"Gene1454"
111.80987614105,0.0602512247194678,0.253516269433105,0.237662162093965,0.812143133122775,0.983621523514424,"Gene1455"
23.4096337212156,-0.239747413587569,0.31002408366992,-0.773318674954383,0.439333806245132,0.905307779082269,"Gene1456"
14.6274756334532,-0.123724450715084,0.322336942182363,-0.383835777175941,0.701100169085338,0.965980775014465,"Gene1457"
24.0340836828782,0.0145550109654833,0.3033470303254,0.047981386037866,0.961731077308691,0.994763555173913,"Gene1458"
13.4662553875361,-0.0907509724121191,0.327159918207014,-0.277390252783641,0.781480465243154,0.978867509872988,"Gene1459"
113.450790238574,0.225343518921228,0.294824484643574,0.764331087337116,0.44466996411482,0.906775358701084,"Gene1460"
7.46384315037392,0.147576899124987,0.357315781528627,0.413015340362635,0.679595374529208,0.965476632893769,"Gene1461"
14.6553767986578,-0.291279666472967,0.304527268042796,-0.956497814941265,0.338820787781556,0.855068234149037,"Gene1462"
54.7835518679545,-0.00547066109619223,0.341370196755629,-0.016025596692931,0.987213971107522,0.99743770761053,"Gene1463"
7.04398362592108,-0.213602804840351,0.357043488600012,-0.598254306997449,0.549670260126652,0.937727038488801,"Gene1464"
29.883878717401,0.463459540975637,0.298621660234291,1.55199572801256,0.12066324578971,0.59741489720928,"Gene1465"
39.5222742217222,-0.212002659154533,0.257010348360866,-0.824879856031562,0.409439803783379,0.895283377126294,"Gene1466"
253.850863433663,-0.127719696013394,0.231282024550859,-0.552224913550551,0.580794267303588,0.947334508931418,"Gene1467"
39.2855072844825,0.0143555158244169,0.24816589386619,0.0578464494083836,0.95387093882073,0.993471607857056,"Gene1468"
25.3549217755255,-0.595858538569686,0.292561335952693,-2.03669612264156,0.0416805033308253,0.344466969676242,"Gene1469"
22.4921392013619,0.414781151129286,0.285029699450025,1.45522081358406,0.145608140569872,0.64642903693617,"Gene1470"
212.177023326645,1.76361645437734,0.176337290453943,10.0013811590123,1.50286179178337e-23,4.17461608828714e-22,"Gene1471"
38.057383670016,-0.550787026149607,0.306173752708297,-1.7989361311267,0.0720287843715865,0.470008380891266,"Gene1472"
32.195422497057,-0.183367528222798,0.318104171499681,-0.576438615558933,0.564318749665331,0.945653539447559,"Gene1473"
33.4012914288395,0.726142003222632,0.311058199978018,2.33442488664162,0.019573484927731,0.193796880472584,"Gene1474"
194.666345681907,-0.482859933591554,0.256790047173331,-1.88036856921339,0.0600578640812748,0.433630787590432,"Gene1475"
204.65537591157,-2.84839603766692,0.207231403560648,-13.7450019095842,5.45716167144837e-43,3.63810778096558e-41,"Gene1476"
14.7724438407225,-4.04238270901192,0.456064352969706,-8.86362348359298,7.74550215796652e-19,1.58882095548031e-17,"Gene1477"
43.404686082962,-0.290775095122383,0.260919357833828,-1.11442515241652,0.265096837813797,0.796793171611545,"Gene1478"
36.987913579145,-0.428341008581736,0.276949601114103,-1.54663883558099,0.12195035957845,0.59741489720928,"Gene1479"
462.960524258808,-0.466043127893549,0.296364209206218,-1.57253512204392,0.115826500453144,0.592303611844575,"Gene1480"
96.9437994291669,-0.46472947212484,0.21493014717729,-2.16223493180553,0.0306000722817226,0.278182475288387,"Gene1481"
5.03546091224468,0.441210309985114,0.41627596553471,1.05989859255596,0.289190736035404,0.812413365220214,"Gene1482"
32.8114928412467,0.0252554380562345,0.266122097244653,0.0949016948149801,0.924392910329606,0.989138348463355,"Gene1483"
3.21722292543281,0.0374600797797788,0.499691493996905,0.0749664147375118,0.940241433829136,0.992000827951994,"Gene1484"
27.1885852028346,-3.03369585468133,0.299666401153744,-10.1235768941774,4.34249558669686e-24,1.26788192312317e-22,"Gene1485"
121.088425888466,-0.164352202323146,0.274915819226508,-0.597827374159699,0.549955123288526,0.937727038488801,"Gene1486"
17.1557731977797,0.0340720988525748,0.284543307583193,0.119743103930192,0.904686653992849,0.989138348463355,"Gene1487"
12.3204784213081,0.0543599546386748,0.338244421049067,0.160712050978039,0.872320197510816,0.986071618700012,"Gene1488"
239.613334981404,0.367720764040654,0.233875828319425,1.57229058976725,0.11588317441436,0.592303611844575,"Gene1489"
18.5152689115198,0.145144880614078,0.293693051809474,0.494206041715406,0.621160673328755,0.95592604582585,"Gene1490"
169.948649698986,0.426186022861341,0.228482595756965,1.86528878249734,0.0621409366490637,0.442937311257698,"Gene1491"
71.4146461019396,0.108174955199355,0.242189067625429,0.44665498843515,0.655124185989677,0.957930867063869,"Gene1492"
156.559833275699,-0.0484682282255195,0.248568205444221,-0.194989653398756,0.845401047549852,0.985732611815519,"Gene1493"
438.143857639591,1.88989283797291,0.154121616593512,12.2623476170601,1.44259056530437e-34,6.86947888240174e-33,"Gene1494"
191.814118802516,0.337654068546986,0.269874844686538,1.25115058033354,0.210879544636913,0.7497939364868,"Gene1495"
274.074101628548,0.108986963617417,0.205053862645053,0.531504075132066,0.595069518125308,0.952111229000493,"Gene1496"
78.0971335143952,-0.103447194598107,0.291426719641913,-0.354968119344776,0.722613475051917,0.968606179663051,"Gene1497"
56.1070774670302,-0.24431965657402,0.30995850749619,-0.788233426943517,0.430560180054663,0.905307779082269,"Gene1498"
19.4955530187608,-0.150791682288918,0.278323659500274,-0.541785353640657,0.587966382261543,0.950086663618636,"Gene1499"
10.6864141723601,-0.0497787632620901,0.327968036201422,-0.151779313126473,0.879360998815801,0.986362048840613,"Gene1500"
27.5963433092464,0.241901404863382,0.327019079242465,0.739716488174767,0.45947204127345,0.912103307738859,"Gene1501"
47.2598311376128,-0.319393126472237,0.288924737317946,-1.10545441500484,0.268962736386683,0.799889178845153,"Gene1502"
14.9840963906648,0.231243885584891,0.319902936698799,0.72285640129217,0.469768111703166,0.918979533251709,"Gene1503"
155.051205029431,0.447606741688572,0.257634657880763,1.73737006259356,0.0823218719885399,0.510523237138232,"Gene1504"
20.4751483353527,0.131614389401792,0.292252559516412,0.450344693711401,0.652461917102265,0.957930867063869,"Gene1505"
80.2083528470065,0.109905220313084,0.267087806558831,0.411494713027548,0.68070981720101,0.965476632893769,"Gene1506"
145.506439039651,-0.0437727655104833,0.195718923625182,-0.22365116617089,0.823028747102164,0.985337663208056,"Gene1507"
14.6681472102589,-0.315908124095357,0.347632388101444,-0.908741920799309,0.36348637042964,0.869227759199078,"Gene1508"
169.528978319004,-0.0871069137293558,0.243137759430266,-0.358261563047506,0.720147579827158,0.968606179663051,"Gene1509"
4.01354875849854,-0.729974919484987,0.479063251957735,-1.52375477873095,0.127569979850989,0.607476094528517,"Gene1510"
65.2312856030807,-0.296739278554814,0.198037171180034,-1.49840192518732,0.134028856524176,0.621011934850513,"Gene1511"
179.918726391097,-2.82742382837284,0.185050239192476,-15.2792227705902,1.05187761547004e-52,1.45086567651039e-50,"Gene1512"
99.7332147567211,0.455509245079072,0.246528696780074,1.84769258519801,0.0646468272392636,0.449281379462633,"Gene1513"
173.569916919833,-0.0852682284341844,0.19229945138691,-0.443413789374902,0.657466463695115,0.957930867063869,"Gene1514"
29.8649515785162,-0.150554788026043,0.28015655911798,-0.537395192531047,0.590994663384338,0.951668020084294,"Gene1515"
74.6300079545503,-0.0589996595568229,0.221254855315029,-0.266659276122179,0.789731511754528,0.981522064235859,"Gene1516"
201.803428483006,0.199786883138176,0.247552398441273,0.807048868829972,0.419638328735825,0.902933466887198,"Gene1517"
9.71190114386898,-0.0508349103791305,0.352993173503324,-0.144011029659903,0.885491760019157,0.987165084295334,"Gene1518"
194.340738536589,-0.199307492295246,0.202560429895653,-0.983940902958773,0.325144570807191,0.846642226700742,"Gene1519"
6.27643909718494,-2.06905742675255,0.440199337288926,-4.70027383388475,2.5981286038817e-06,3.63374629913524e-05,"Gene1520"
29.9507031816066,0.371140327933906,0.308659265812441,1.20242730104669,0.229198016930269,0.761212126574736,"Gene1521"
1298.73956766312,0.293513419229167,0.258167767604051,1.13690962258048,0.255576069067496,0.789044479997369,"Gene1522"
97.4756123759855,-0.278369201006967,0.30025809606076,-0.927099734058913,0.353874754221859,0.863666372222443,"Gene1523"
39.9289112395765,0.233874344051099,0.331041253067085,0.706480965391057,0.479889085847222,0.921092295292174,"Gene1524"
165.142624243774,-0.0512041272676001,0.2720127781671,-0.188241624575978,0.850687243996793,0.985732611815519,"Gene1525"
36.7242109539655,0.152024294951483,0.308059173004318,0.493490563740987,0.621666005699773,0.95592604582585,"Gene1526"
110.715137304636,-0.31241242121678,0.290701956099105,-1.07468290000179,0.282516722181077,0.808693434308323,"Gene1527"
38.0536414713332,0.269907455526893,0.281912388254275,0.95741608660151,0.338357282113097,0.855068234149037,"Gene1528"
2.49657622815183,-0.961150127306183,0.572590667153034,-1.67859901050273,0.0932302195491669,0.540077417503287,"Gene1529"
99.2031646702101,-0.384835944183821,0.272310998894076,-1.4132221825293,0.157590406180998,0.675628751043935,"Gene1530"
27.5640330413247,-0.105801070396952,0.253552994784843,-0.417273992313643,0.676478009379581,0.964862029162694,"Gene1531"
25.4618088237925,-0.172602766151777,0.255900291828165,-0.674492259929422,0.499998404932432,0.926881973487425,"Gene1532"
59.5274740693335,0.301458280621228,0.256594595369654,1.17484267424629,0.240057663678739,0.77263657569493,"Gene1533"
257.740016174944,-0.2426255208271,0.244952952452546,-0.990498454490369,0.321930544199494,0.844156976654914,"Gene1534"
89.1103283818925,-0.284658246603131,0.246673089979675,-1.15398986823648,0.248504322761087,0.782074973284301,"Gene1535"
121.970557836566,-0.314568130744374,0.270694488194702,-1.16207807865713,0.245203750938898,0.77780729877525,"Gene1536"
108.476002321786,-0.24705645875256,0.295425881431066,-0.836272223529633,0.403001775637513,0.890611658867432,"Gene1537"
191.151984043899,2.38146772113201,0.172723702220474,13.7877297123482,3.02118878006226e-43,2.08357846900846e-41,"Gene1538"
128.643353325239,0.162014281560331,0.290389822811291,0.557919971133477,0.576899033468557,0.947334508931418,"Gene1539"
45.6008918292356,0.363374148409757,0.338339478063376,1.07399275570701,0.28282592841094,0.808693434308323,"Gene1540"
10.3268250686803,0.462585118842223,0.343074327405865,1.3483524760947,0.177545041503911,0.703789143075765,"Gene1541"
74.6247089501255,-0.0784655971311669,0.314743188228668,-0.249300382234674,0.803128435675499,0.981522064235859,"Gene1542"
2.79063642095011,-0.141879206535648,0.533185805966619,-0.266097118392778,0.790164414211892,0.981522064235859,"Gene1543"
15.1364170623024,-0.0984910099232234,0.311561370230214,-0.316120736824491,0.751910867502597,0.975150527992785,"Gene1544"
47.7789388243117,-0.0647375984360936,0.271523042006488,-0.238423958267773,0.811552287123599,0.983621523514424,"Gene1545"
49.2551463895967,0.126965708193473,0.252692349059689,0.502451730991988,0.615349797931649,0.95592604582585,"Gene1546"
93.2608391564083,2.31900218913477,0.197804204691604,11.7237254524004,9.63401433233033e-32,4.14366207842165e-30,"Gene1547"
154.770337972271,-0.282359244019932,0.233574600203838,-1.20886108238447,0.22671621988212,0.761212126574736,"Gene1548"
14.7752380631653,0.0700781330259793,0.347952327749349,0.201401535317392,0.840384614798918,0.985732611815519,"Gene1549"
3.08725721143012,1.11256464957371,0.525251677423915,2.11815534798529,0.0341619133703304,0.300324513145762,"Gene1550"
130.609650663123,0.0951793117845271,0.21763079262381,0.437343036971111,0.661862588330171,0.958842020929075,"Gene1551"
52.5970606422572,-0.0540860687560903,0.272829705369896,-0.198241128775775,0.842856409872598,0.985732611815519,"Gene1552"
47.5378332096792,0.198670748541949,0.256498797462531,0.774548459904458,0.438606522545728,0.905307779082269,"Gene1553"
33.5186599137732,0.444483176683304,0.285982735558928,1.55423080283011,0.120129372505356,0.59741489720928,"Gene1554"
5.65121716424014,-0.676499098784588,0.400811043200801,-1.68782549847478,0.091444731352158,0.531655414838128,"Gene1555"
15.3982143322525,0.279913404509704,0.32934566375196,0.849907666373634,0.395376422965053,0.886991414391594,"Gene1556"
89.5916715927879,-0.0205429890693811,0.308075932542975,-0.066681577167718,0.946835200954698,0.993471607857056,"Gene1557"
53.1591902517215,0.158514796411253,0.266618079162418,0.594538813381405,0.55215179033318,0.938235837439558,"Gene1558"
9.41376567679053,-0.033023581349975,0.335868502271157,-0.0983229481974884,0.92167585644153,0.989138348463355,"Gene1559"
110.367132233453,-0.145333445175628,0.262979827582569,-0.552641039092617,0.580509234422963,0.947334508931418,"Gene1560"
139.764516506516,0.196249292831234,0.328884441975969,0.596711999060063,0.550699680067873,0.937727038488801,"Gene1561"
42.1039203806748,-0.169607921197311,0.29791679992108,-0.569313047274412,0.569143714029894,0.947334508931418,"Gene1562"
47.3013268528278,-0.128709285901784,0.26376300755016,-0.487973226788851,0.625568805119555,0.957625419241569,"Gene1563"
271.907543824428,0.34059820541031,0.231077030514229,1.47395959110413,0.140492471428965,0.635550100677548,"Gene1564"
85.259439278522,-0.0137954328677846,0.25972302699763,-0.0531159405743046,0.957639530640047,0.994763555173913,"Gene1565"
232.429042198249,-0.717956896915058,0.263207350507663,-2.72772358192237,0.00637730231146076,0.074588331128196,"Gene1566"
48.0401920741,0.00994206224275663,0.245786264546361,0.0404500319051853,0.967734343170654,0.995750322977152,"Gene1567"
305.790778198138,-0.156024986241736,0.281011819642522,-0.555225707019075,0.578740287516346,0.947334508931418,"Gene1568"
44.8523465078469,0.248380552312582,0.278618155587789,0.891472961582792,0.372675490754817,0.871967783474731,"Gene1569"
166.866513790814,0.21880434504766,0.226718224593492,0.965093765355555,0.334497849426609,0.853855391006023,"Gene1570"
36.5196299282741,0.0116957258402244,0.318700531548566,0.0366981686017118,0.970725668905177,0.996066844846464,"Gene1571"
7.44387969867059,-2.85053446432402,0.463683649139645,-6.14758460776678,7.86717377025128e-10,1.17420504033601e-08,"Gene1572"
143.793511763935,0.0431300027602054,0.259922247051436,0.165934248605009,0.868208694612471,0.986071618700012,"Gene1573"
818.85670155139,-0.0171276021994242,0.208243680535341,-0.0822478845715438,0.934449596020901,0.990993539422673,"Gene1574"
38.613877801594,-0.0141176478674667,0.247825172507461,-0.0569661577338021,0.954572153560968,0.993569766912275,"Gene1575"
327.260097026042,-0.253538365984009,0.241092788188537,-1.05162152667022,0.292973227336122,0.816441596667529,"Gene1576"
47.1558105318315,-0.120309064769018,0.240761147733998,-0.499702987385408,0.617284228665071,0.95592604582585,"Gene1577"
155.951830969798,0.18928579934595,0.27988705335646,0.676293515816462,0.498854308785469,0.926881973487425,"Gene1578"
17.0713534523573,0.201154590348131,0.372659188872472,0.539781645950418,0.589347626122331,0.950177551184734,"Gene1579"
75.7730395618819,-0.1667043757053,0.207506267585048,-0.803370315727815,0.42176072699038,0.904386549185102,"Gene1580"
23.0428140250968,-0.754268424276449,0.286138321496952,-2.63602729033442,0.00838829849050783,0.0955931451909724,"Gene1581"
10.160259682871,0.138997510296295,0.38527082011855,0.360778712110937,0.718264877806787,0.968606179663051,"Gene1582"
64.9875352670493,-2.82632055702454,0.236000440181341,-11.9759122264891,4.75182005287226e-33,2.11192002349878e-31,"Gene1583"
361.465294336787,0.638022846604394,0.248056940073737,2.5720822260193,0.0101088879409163,0.11390296271455,"Gene1584"
18.0972039816596,-0.207999336143906,0.284436582242465,-0.73126787878009,0.46461554633291,0.918212542159901,"Gene1585"
18.2545380253526,-0.585536416222726,0.31592176849645,-1.85342219059306,0.0638218691520318,0.449281379462633,"Gene1586"
12.9190827414214,-0.231008601283043,0.501230448684579,-0.460883016762645,0.644882537003124,0.957930867063869,"Gene1587"
21.4290091069344,-1.53685807410757,0.255739800103547,-6.00945990215567,1.86142393657596e-09,2.7679166343137e-08,"Gene1588"
124.97792054898,-0.195038934001207,0.262766403894609,-0.742252171930752,0.457934563960546,0.912103307738859,"Gene1589"
131.930519012121,-0.338724645095439,0.21780572574566,-1.55516868960085,0.119905899130885,0.597289659431559,"Gene1590"
95.1385972327506,0.10935891584685,0.298926614943564,0.365838672034929,0.714485461121709,0.968606179663051,"Gene1591"
153.505109341873,-0.0556758832517837,0.27375622651635,-0.203377596046965,0.838839909641348,0.985732611815519,"Gene1592"
30.3775921586199,-0.0284053873806383,0.291966035341488,-0.0972900404234176,0.922496065070603,0.989138348463355,"Gene1593"
44.2303642638892,-0.260240722440849,0.266631372220776,-0.976031891046058,0.329048660850567,0.847944905610575,"Gene1594"
109.579980576731,-0.165106085555532,0.2575594392957,-0.64104070892147,0.521496234384018,0.929644202129746,"Gene1595"
36.4908445256594,-0.125019410374242,0.261297766506351,-0.478455717573857,0.632325884948623,0.957930867063869,"Gene1596"
17.1881708448274,0.176319882803735,0.298416651711158,0.590851354281657,0.554620022515257,0.939708843355308,"Gene1597"
9.5839068921777,-0.271577838439767,0.331110062295511,-0.820204123538197,0.412099751650556,0.896378471923103,"Gene1598"
1282.73640353322,0.328003546919575,0.27705455413495,1.1838951644152,0.236454564583915,0.770301766731144,"Gene1599"
7.76917942809465,-0.148740976717174,0.350730530611334,-0.424089047674047,0.671500872646813,0.964800104377604,"Gene1600"
56.3134219296986,-0.0380445629467675,0.215604184497347,-0.17645558705395,0.859936037536492,0.986071618700012,"Gene1601"
585.43726353905,-0.641695386573392,0.232764287134304,-2.75684639801782,0.00583617598192448,0.069478285499101,"Gene1602"
124.073887090771,-0.396467012901046,0.246755165394517,-1.60672224335068,0.108115311941913,0.578156748352474,"Gene1603"
43.2789053338784,-0.0258853830969634,0.254859205118328,-0.101567385352808,0.919100068252144,0.989138348463355,"Gene1604"
99.0039391830705,0.426226792077431,0.278418977482948,1.53088268598191,0.125798389065755,0.604799947431513,"Gene1605"
450.626306605545,-0.206053565913064,0.246141683142573,-0.837133976181154,0.402517264275668,0.890032646270133,"Gene1606"
68.1752052403827,-0.441577178148102,0.278822877642116,-1.58371931988626,0.11325760626864,0.588772986091681,"Gene1607"
24.976962471215,0.112784332206783,0.298965133039416,0.377249116176746,0.705988482640717,0.965980775014465,"Gene1608"
369.722242880435,0.300646940369049,0.224758072890548,1.33764690408009,0.181011566867737,0.708460144296428,"Gene1609"
1908.19480749076,2.76078152784841,0.20029526985635,13.7835582928565,3.20097541840262e-43,2.17015282603568e-41,"Gene1610"
13.0912648972808,0.388800490236081,0.302599184225569,1.28486959153946,0.198837858672055,0.736324136630535,"Gene1611"
112.458628331536,-0.486691428438032,0.314283267141269,-1.54857569372049,0.12148375266967,0.59741489720928,"Gene1612"
57.0654362761012,-0.0858554856257323,0.290721469988938,-0.295318696720263,0.767750435191745,0.977265145689917,"Gene1613"
137.008506137853,-0.202996442677288,0.278656204900056,-0.728483482899995,0.466317675931847,0.918979533251709,"Gene1614"
454.524927111826,2.94513766092123,0.158298323802444,18.6049832378311,2.92783230483655e-77,1.95188820322436e-74,"Gene1615"
50.0063028659611,0.290565704057234,0.28301910663969,1.02666462171811,0.304578413595259,0.829555743821457,"Gene1616"
84.2259196723444,0.459762657997804,0.297370336506172,1.54609455468758,0.122081733700763,0.59741489720928,"Gene1617"
13.0201622102726,0.15085161169319,0.333311843339562,0.452584013162442,0.650848312672383,0.957930867063869,"Gene1618"
7.28391799697103,0.370352131983819,0.366224438674955,1.01127093900068,0.311886771186549,0.835101137019788,"Gene1619"
151.206676458052,0.0942873813702077,0.211480561263626,0.4458441986669,0.6557097924946,0.957930867063869,"Gene1620"
57.0611112208671,-0.597861773261187,0.301140116956133,-1.9853275588263,0.0471080398190121,0.379139153472935,"Gene1621"
50.6580290880688,-0.128569275590004,0.273801533260809,-0.469571057761521,0.638661506510486,0.957930867063869,"Gene1622"
8.49956231911107,-0.176745678919819,0.389188071322327,-0.454139507203543,0.649728419464167,0.957930867063869,"Gene1623"
27.986840574032,-0.08448947670942,0.278995793130743,-0.302834231876129,0.762016194338333,0.977265145689917,"Gene1624"
74.4524193473352,-0.00797114014393228,0.304310229433105,-0.0261941248533827,0.979102501964036,0.996791406921093,"Gene1625"
31.8337910445118,-0.213434112477558,0.233008933489307,-0.915991113651242,0.359671555770469,0.867702438201711,"Gene1626"
54.5902532482445,0.426699212581877,0.276379587075303,1.54388830628659,0.12261539345121,0.598123870493707,"Gene1627"
47.198566813593,-1.94617063704846,0.209075944937947,-9.30843879541508,1.29725058527413e-20,2.93163974073249e-19,"Gene1628"
48.1305019773993,-0.229651834569037,0.286272408464325,-0.802214351711288,0.422428975940011,0.904386549185102,"Gene1629"
102.44544257697,-0.452435382581394,0.211466143894906,-2.13951687134488,0.0323938310278903,0.290551359888943,"Gene1630"
40.4437622460608,-0.0838486645192861,0.259391681300748,-0.323251170194888,0.746505030994048,0.974859188582401,"Gene1631"
37.004176267914,-0.0121502933694864,0.264248696630199,-0.0459805233646621,0.963325773591851,0.994763555173913,"Gene1632"
37.4345594212043,-0.541397587793172,0.287884509548992,-1.88060687475454,0.0600254158721212,0.433630787590432,"Gene1633"
106.965101390357,-0.369493250673141,0.226298710041158,-1.63276781651093,0.10251783823315,0.56232961492991,"Gene1634"
118.534340354613,-0.0143470942249002,0.279126194940647,-0.0514000279620868,0.959006762493741,0.994763555173913,"Gene1635"
927.33550886565,-0.0619777080692677,0.242115672866617,-0.25598387471352,0.797963288693373,0.981522064235859,"Gene1636"
14.7436897116107,-0.0270009019957769,0.299756216508392,-0.0900762036240238,0.928226659091172,0.989419924133832,"Gene1637"
24.7707068463047,-0.228212183948509,0.257440147262307,-0.886466956981587,0.375365952271001,0.873003148205292,"Gene1638"
129.525938697159,0.21824414959422,0.270697192055714,0.806229824317133,0.42011034505168,0.903463107638021,"Gene1639"
306.568062425894,0.404679115353173,0.224668182813767,1.80123019772952,0.0716666045729141,0.469139118385046,"Gene1640"
220.007325564298,0.23471813203716,0.290591314570379,0.807725903247232,0.41924838847319,0.902582963064787,"Gene1641"
29.8726613948677,-0.192309917885414,0.233630446623171,-0.823137226611548,0.410429961243524,0.896135286557913,"Gene1642"
23.4524298172867,0.691481674750836,0.30896051975919,2.238090728517,0.0252151391483256,0.237878671210619,"Gene1643"
367.385818010032,0.191059339231865,0.211293163556559,0.904238149573273,0.365869135245481,0.869227759199078,"Gene1644"
377.332017188515,-0.160833787010129,0.223323287570704,-0.720183679721305,0.471411910969534,0.919379641091242,"Gene1645"
71.834271292884,-0.33546219768095,0.276989814753479,-1.21109939720892,0.225857312405952,0.761212126574736,"Gene1646"
418.711299441402,-0.40817550694718,0.230446775299546,-1.77123548991569,0.0765215498719733,0.491310111537549,"Gene1647"
46.2021021411917,0.368325008085421,0.294106762371747,1.25235137443002,0.210441856434294,0.7495702811551,"Gene1648"
20.6382293371665,-0.492689364479176,0.312276180148302,-1.5777359779577,0.114626277268191,0.59161949557776,"Gene1649"
55.8206400229737,-0.186484918168723,0.238545514088274,-0.781758227068205,0.434356674887208,0.905307779082269,"Gene1650"
56.9022339942122,0.0511537716706152,0.249927326961081,0.20467458397849,0.837826379062634,0.985732611815519,"Gene1651"
6.09932550505932,-2.1102681433077,0.459693986032132,-4.59059332388177,4.41987777284624e-06,6.13871912895311e-05,"Gene1652"
44.6594006279035,0.191917866308517,0.288575210474102,0.665053197026917,0.506016468571151,0.928583583948193,"Gene1653"
34.4190967764063,-0.192817269584128,0.291237578841471,-0.662061779084778,0.507931629532118,0.928583583948193,"Gene1654"
105.824454028353,-0.254993718669952,0.268644445125556,-0.949186641662278,0.34252569438577,0.856163524879517,"Gene1655"
29.7710517198088,0.163461111187092,0.320129396142386,0.510609500898156,0.609624521751865,0.95592604582585,"Gene1656"
83.149175406251,0.487319346061615,0.278612499615149,1.74909362191127,0.080274837552116,0.502502895474904,"Gene1657"
90.5720199095851,-0.325184146039682,0.284243964058849,-1.1440318429149,0.252610431447434,0.786335973377225,"Gene1658"
41.1514238799229,0.0663359663975307,0.325636315503729,0.203711819718004,0.838578705079698,0.985732611815519,"Gene1659"
52.5201094690904,-0.232085121815372,0.22870597797297,-1.01477505691959,0.310213066258839,0.832165566699599,"Gene1660"
871.798825799961,-0.136786855695507,0.206376937282813,-0.662801074075722,0.507457965653056,0.928583583948193,"Gene1661"
317.926846284759,-0.30139322761353,0.287580805541028,-1.04802970784686,0.294624919802109,0.818402555005858,"Gene1662"
350.517110196595,0.227586202182474,0.229654449405327,0.990994090346571,0.321688465941209,0.844156976654914,"Gene1663"
52.2972092047771,0.153389421902168,0.309903907976144,0.494958011029586,0.620629760174446,0.95592604582585,"Gene1664"
17.8221341349943,0.26037126051059,0.320259416765017,0.813001107479164,0.416217423204105,0.899791007045118,"Gene1665"
89.7881133208838,-0.449479078719788,0.244499129926864,-1.83836678214045,0.0660083764891884,0.449874585910079,"Gene1666"
73.3153907203316,-0.353775773763368,0.281860090832903,-1.25514673864595,0.209425496153785,0.748436247703819,"Gene1667"
4188.4093231104,0.476862131457692,0.284612454450075,1.67547879230752,0.0938403286877654,0.541784618722992,"Gene1668"
6.37947464201101,-0.489127275859377,0.39947098882247,-1.22443754251389,0.220787214123733,0.755473786565384,"Gene1669"
38.190553762763,0.488540701016923,0.263732988255633,1.85240649737524,0.0639674730053426,0.449281379462633,"Gene1670"
298.662328294359,-0.101741257078789,0.336168002988979,-0.302650032644911,0.7621565809596,0.977265145689917,"Gene1671"
4.86120286516806,-0.229257048685729,0.438075465053303,-0.523327752805865,0.600746191113899,0.954765079684842,"Gene1672"
39.9813499625737,-0.577848502656692,0.279880667126687,-2.06462457228291,0.0389585364174762,0.32941068733001,"Gene1673"
83.5255058988153,0.186794922215065,0.272581085259804,0.685282040157065,0.493165962717982,0.924322028810631,"Gene1674"
45.1965503281189,-0.127645260502861,0.23962822057112,-0.532680417183903,0.594254824214298,0.951688035781253,"Gene1675"
19.4294288271044,0.0746425347738704,0.296814628985039,0.251478624989312,0.801444086090722,0.981522064235859,"Gene1676"
49.9006631544231,0.00527928755464904,0.263572736210974,0.0200297179083928,0.984019665854777,0.996874123254448,"Gene1677"
222.34770627559,0.171274828818531,0.247077949976197,0.693201594213612,0.488183047860862,0.923784628815589,"Gene1678"
11.3989169908835,0.512762837732281,0.367085327709641,1.39684917654314,0.162458930612886,0.6844447118537,"Gene1679"
318.9597742066,0.298647917190651,0.290045835616371,1.02965766274837,0.30317073643903,0.82929678999083,"Gene1680"
157.238910679565,0.105151619025555,0.256370068767117,0.410155598628299,0.681691809738759,0.965476632893769,"Gene1681"
12.5003170913046,0.0958226303757046,0.335995307156319,0.285190383123785,0.775498287724699,0.977622955372068,"Gene1682"
8.38494153955394,-0.479393568873704,0.375153146995503,-1.27786098214298,0.20129844771361,0.736324136630535,"Gene1683"
60.436335985036,0.00837209003524242,0.249620735746542,0.0335392410818916,0.973244573564163,0.996066844846464,"Gene1684"
67.4379150353946,0.089564324561299,0.281884814429505,0.317733769172931,0.750686893478456,0.974859188582401,"Gene1685"
228.001904234734,0.214209660727888,0.277951973839787,0.770671486043698,0.440901677194391,0.905307779082269,"Gene1686"
56.3610696478981,0.238669609692105,0.207524299582771,1.15008030467734,0.250110797510323,0.784661325522582,"Gene1687"
79.5456046105897,0.521425989189795,0.317180388951745,1.64394145209628,0.100188296673833,0.555829662545539,"Gene1688"
227.558452236997,-0.0571894887583392,0.309757457821844,-0.184626672624721,0.853521863856591,0.986071618700012,"Gene1689"
208.336044410168,0.201017654055397,0.189986245375265,1.05806424911626,0.290026151979513,0.813343064320974,"Gene1690"
131.477889473817,0.40198388339308,0.257038175306422,1.56390731810115,0.117839335664203,0.593649046167269,"Gene1691"
254.103023625412,2.34967014541142,0.185165545308404,12.6895645812395,6.75603285150763e-37,3.60321752080407e-35,"Gene1692"
76.5953685647795,-0.167438924691664,0.296326402198343,-0.565048957667938,0.572040464815164,0.947334508931418,"Gene1693"
221.178078559813,0.204044196819917,0.262550553602379,0.777161556204269,0.437063460355494,0.905307779082269,"Gene1694"
233.599431028542,-0.419133163445597,0.266798473573455,-1.57097286889162,0.116188950938322,0.592303611844575,"Gene1695"
44.2136558062423,0.670682730430492,0.262342605398016,2.55651471255673,0.0105726599999042,0.117965201424094,"Gene1696"
80.4602420429812,-0.0105593551388731,0.26171959123272,-0.0403460630865945,0.967817230621919,0.995750322977152,"Gene1697"
430.022435040336,0.0834114319950972,0.218729848779847,0.381344532812488,0.702947613235198,0.965980775014465,"Gene1698"
661.94530127892,1.80670545688991,0.163764676305033,11.0323269807262,2.66869172303305e-28,1.01664446591735e-26,"Gene1699"
17.2780792127883,-0.508807189677006,0.296461811340345,-1.7162655364501,0.0861134530441487,0.52405318368313,"Gene1700"
307.40053358751,0.107851049415725,0.237839593192873,0.453461292831359,0.650216609453131,0.957930867063869,"Gene1701"
43.8582733889076,0.103085364716561,0.294270963291737,0.350307633357502,0.726107837185608,0.968606179663051,"Gene1702"
5.95992889214597,-0.54789874912291,0.419837444904192,-1.30502592318306,0.191884020773027,0.72479639693645,"Gene1703"
260.485290921516,0.310659268590271,0.246449599612669,1.26053874333136,0.207475080677521,0.746313239847196,"Gene1704"
220.59199058301,2.70043057983166,0.184213113744313,14.6592743857522,1.17522149593851e-48,1.17522149593851e-46,"Gene1705"
179.017485285481,0.454535197898898,0.224934147640059,2.02074786184198,0.0433058725275059,0.354966168258245,"Gene1706"
525.057145938354,-0.139657440482847,0.252713206121759,-0.552632142285271,0.580515327770046,0.947334508931418,"Gene1707"
213.474741373556,0.291561720327406,0.285177349538513,1.02238736982171,0.306597595941325,0.83145110763749,"Gene1708"
34.7716530936131,-0.0407689548035858,0.318821400774583,-0.127873959227758,0.898248719360608,0.989068835901661,"Gene1709"
45.364499713235,-0.381519312278155,0.301769247552665,-1.26427498949035,0.206131343257429,0.744828701923864,"Gene1710"
15.7774092977597,-0.127168790902683,0.337728963962755,-0.376540967675806,0.706514764809735,0.965980775014465,"Gene1711"
19.7915830589471,0.142158968020643,0.270035483334626,0.526445511031156,0.598578701600031,0.954670975438645,"Gene1712"
60.3678758284537,-2.15881080505311,0.2471377047144,-8.73525473398685,2.43107651110446e-18,4.91126567899892e-17,"Gene1713"
33.285675508643,0.16427651748333,0.27705152253996,0.592945730733663,0.553217471883124,0.938850185631097,"Gene1714"
121.015517202665,-0.138777967763747,0.24660936097276,-0.56274411975414,0.573609136495538,0.947334508931418,"Gene1715"
130.821654031467,0.176566644698403,0.260290634081064,0.678344210585057,0.497553473248787,0.926332390021018,"Gene1716"
91.7919595035775,-0.111833758068839,0.318040835970873,-0.351633329498231,0.725113266240303,0.968606179663051,"Gene1717"
33.2200656080409,0.1960440849693,0.309210093837329,0.634015799860778,0.526070510953496,0.929644202129746,"Gene1718"
7.27721777051073,0.372432927067675,0.366450061314972,1.01632655137574,0.3094739088925,0.832165566699599,"Gene1719"
65.8787504357417,0.143668818000723,0.259025370775447,0.554651529194302,0.579133035974168,0.947334508931418,"Gene1720"
15.0298527344662,-0.973397953782343,0.328529865992011,-2.96289030174814,0.00304765160273253,0.037859026120901,"Gene1721"
109.51743891214,-0.234941632325326,0.265967222700143,-0.883348068006878,0.377048240229821,0.874821903085432,"Gene1722"
149.087047223632,-0.423291664107738,0.270146597082118,-1.56689615445746,0.117138966690534,0.593123873237345,"Gene1723"
80.1949718848112,-0.170683494614275,0.258140664736307,-0.661203436462168,0.508481857744126,0.928583583948193,"Gene1724"
16.3115876402143,0.335103011860723,0.381883686582356,0.877500201330165,0.380215009538234,0.879109848643315,"Gene1725"
54.90221378169,1.8704789346944,0.232934218857109,8.03007365715481,9.74141631102273e-16,1.71654912969563e-14,"Gene1726"
27.1670659107484,-0.145587830323924,0.332188020670425,-0.438269357305833,0.661191036234513,0.958842020929075,"Gene1727"
52.8728316651325,-0.141917519174665,0.297168077017904,-0.477566502427899,0.632958777413804,0.957930867063869,"Gene1728"
1003.41725408641,-0.21962301404316,0.227212761140375,-0.966596299172979,0.333745885388264,0.853855391006023,"Gene1729"
19.7375552706388,-0.257703597218008,0.283569440554946,-0.90878479963737,0.363463731711242,0.869227759199078,"Gene1730"
4.25471561237032,-0.181828808905731,0.429525148884991,-0.423325175202762,0.672058028841578,0.964862029162694,"Gene1731"
40.9838099617854,0.24522414423092,0.250102791296856,0.980493432157878,0.326842610066916,0.847724218312202,"Gene1732"
17.9008674332707,0.287804375099921,0.292737185378735,0.983149355376794,0.325533936166435,0.846642226700742,"Gene1733"
3.94363458093761,0.386739912953531,0.448278258206843,0.862722886674292,0.388289845858875,0.883305334767189,"Gene1734"
18.4595427104291,0.232252571739275,0.307169409180174,0.756105799594923,0.449585765044703,0.908713016765444,"Gene1735"
34.4299611422999,0.0215073017081888,0.306501179569941,0.0701703717367948,0.944058056107784,0.993222573495828,"Gene1736"
12.7869677535609,-1.01597364045541,0.296600091719235,-3.42539894228064,0.000613897266791828,0.00792125505537843,"Gene1737"
138.121809520393,-0.3232093947254,0.266735809119936,-1.21172105009744,0.225619178494208,0.761212126574736,"Gene1738"
169.893804009218,0.212480584535253,0.252779872135479,0.840575567746837,0.400585750827364,0.889438539039225,"Gene1739"
40.3234988306725,0.213733825979926,0.235314796418938,0.90828893564096,0.363725586658487,0.869227759199078,"Gene1740"
9.0638647085132,-0.343672935310491,0.366904639564268,-0.936681901102785,0.348922208818012,0.863134715690816,"Gene1741"
105.273914500746,0.285595284013971,0.222641679636591,1.2827574984169,0.199577048600041,0.736324136630535,"Gene1742"
13.0322446655013,-1.76858649035026,0.330962928531609,-5.34376009481481,9.10380418353057e-08,1.30989988252238e-06,"Gene1743"
19.9022720349719,0.51823967059129,0.262993197108408,1.97054401516579,0.0487760557007511,0.384820952274171,"Gene1744"
72.6086632012565,-0.167036547178847,0.219843763979805,-0.759796612626191,0.447376168018369,0.908007726272424,"Gene1745"
17.095995292147,0.0890664206570928,0.311025382708769,0.286363832692366,0.774599472610529,0.977622955372068,"Gene1746"
42.4915640582401,0.123866897483558,0.283037209010138,0.43763467678598,0.661651129584256,0.958842020929075,"Gene1747"
21.8326734545117,0.0653926728574168,0.275332062820955,0.237504750400032,0.812265234336884,0.983621523514424,"Gene1748"
82.0262456282726,-0.569275292547677,0.279438829434098,-2.03720897951275,0.0416291043863419,0.344466969676242,"Gene1749"
19.8023078119567,0.0748462590792073,0.285287856989891,0.26235346947087,0.793048942508511,0.981522064235859,"Gene1750"
15.3878542381915,-0.301702576735111,0.304980020033236,-0.989253580291037,0.32253908936879,0.844343165886884,"Gene1751"
14.6957021567872,0.318466508065447,0.326345717001325,0.97585625143704,0.32913570447749,0.847944905610575,"Gene1752"
42.6040682462124,-0.314006429912157,0.294478297064627,-1.06631433637789,0.286281570928965,0.80951875852996,"Gene1753"
227.589284097037,-0.38388504920851,0.188836241776159,-2.03289922314572,0.042062705550518,0.34690891175685,"Gene1754"
17.5386242340742,0.38027419411221,0.300676302272885,1.26472951555419,0.205968305643033,0.744828701923864,"Gene1755"
60.8357453952528,-0.210602029066254,0.296073797913356,-0.711315998073848,0.476888440075929,0.920425430744799,"Gene1756"
21.2071436411666,-0.0568770792394469,0.298346406425798,-0.190641073646023,0.848806808192913,0.985732611815519,"Gene1757"
12.8050161975209,-0.220291199837081,0.338102711707551,-0.651551118074518,0.514690790403795,0.928583583948193,"Gene1758"
181.854133677644,0.104868470324939,0.218752578431214,0.479393070824601,0.631659022003974,0.957930867063869,"Gene1759"
23.9202375765106,0.128829271832974,0.306979341677129,0.419667561762096,0.674728325205501,0.964862029162694,"Gene1760"
416.755165712358,-0.188681280710796,0.238375839189167,-0.791528543130013,0.428635626693321,0.905307779082269,"Gene1761"
21.8326220292436,-0.337503651791219,0.312950003863483,-1.07845869188245,0.280829106770495,0.808077247289859,"Gene1762"
121.820528875646,-0.270021360147199,0.290768622918306,-0.928646830724457,0.353072143710944,0.863666372222443,"Gene1763"
203.48224871561,-0.427107036276179,0.238016946760094,-1.79443960646498,0.0727430300249149,0.473125398536032,"Gene1764"
640.607584586358,-0.228331365085102,0.243241341992453,-0.938702949156506,0.347883278856765,0.86163041202914,"Gene1765"
18.7229282112455,0.250205655539244,0.374762975255676,0.667637072121504,0.504365287520308,0.928583583948193,"Gene1766"
57.396907295862,-0.55475993231888,0.297768532957982,-1.86305761326755,0.0624541608873355,0.442937311257698,"Gene1767"
182.170240807353,-0.362859713382367,0.228335846312593,-1.5891491381761,0.112026726222289,0.588759853014729,"Gene1768"
30.740370029681,0.386728772071258,0.296695816908424,1.30345205436659,0.192420474941349,0.725430631258619,"Gene1769"
89.6283343400041,-0.0610870549674906,0.288691060420294,-0.211600092079596,0.832419037487712,0.985732611815519,"Gene1770"
32.6096574677736,-0.0243024900239533,0.313374249163454,-0.0775510115742704,0.938185212055776,0.991968214616613,"Gene1771"
13.7734173256853,0.276680322942641,0.326763841205425,0.846728701443751,0.39714635705538,0.887611096071756,"Gene1772"
4.25605998315679,-0.348190210887361,0.458691574075554,-0.759094412381791,0.44779608142159,0.908120219683206,"Gene1773"
93.9046126745623,0.232096582091114,0.214086073097996,1.08412742002546,0.278308306757428,0.806267723338763,"Gene1774"
34.4852837595115,-0.0282310041223286,0.269535295267392,-0.104739544757291,0.91658248234254,0.989138348463355,"Gene1775"
393.972030147101,0.108023015732433,0.267140623302466,0.404367611324039,0.685942413740412,0.965476632893769,"Gene1776"
13.88745366608,0.123005775841142,0.310299884871707,0.396409350560985,0.691803069153277,0.965949908811616,"Gene1777"
30.0094014099428,-0.0194965298930657,0.310274841972116,-0.0628363220464322,0.949896842195175,0.993471607857056,"Gene1778"
158.524051444887,-0.70511181723132,0.286773319432304,-2.45877761092684,0.0139410945893112,0.148309516907566,"Gene1779"
35.8102439234982,0.101106962446196,0.292392222009535,0.345792243553247,0.729498854738447,0.969433694004581,"Gene1780"
94.6031764670405,-0.600466482902139,0.212300344834709,-2.82838204228847,0.00467839384751789,0.0572280592968549,"Gene1781"
277.61074536361,-0.444793980740759,0.2501592168553,-1.77804354495578,0.0753967033902383,0.48643034445315,"Gene1782"
680.717661346114,-0.355710842337652,0.271941661667101,-1.30804099731176,0.190859404176651,0.724324114522394,"Gene1783"
30.3841340905189,-2.60430182817822,0.289407853217374,-8.99872549837868,2.2835308391329e-19,4.83286950081036e-18,"Gene1784"
18.6104096444212,0.219858700553794,0.28783451717947,0.763837161394746,0.444964288338193,0.906775358701084,"Gene1785"
14.5496357072842,0.224299102739655,0.360194565933428,0.62271650922438,0.533470831853975,0.93095646608514,"Gene1786"
30.253718828274,-0.536406123754612,0.272101461207275,-1.97134598753956,0.0486843145726256,0.384820952274171,"Gene1787"
35.9545874390257,0.492117495521707,0.286987123074103,1.71477204360363,0.086387029004133,0.52405318368313,"Gene1788"
11.2458864452345,-0.406468578184711,0.339226981100557,-1.19822007337388,0.230831352713136,0.761212126574736,"Gene1789"
115.526638555766,-0.161992929037548,0.209921864573271,-0.771682022579438,0.440302780853697,0.905307779082269,"Gene1790"
244.526746835656,-0.290811647552262,0.306448612658796,-0.94897361430073,0.342634032033485,0.856163524879517,"Gene1791"
29.2107071213046,0.254601249506556,0.274002752929984,0.929192304763503,0.352789434717461,0.863666372222443,"Gene1792"
15.4112037053856,-0.150473261025955,0.335260080746754,-0.448825463177103,0.65355756861868,0.957930867063869,"Gene1793"
10.9154827035993,-0.11016116481617,0.343823668064774,-0.320400179069162,0.74866498981809,0.974859188582401,"Gene1794"
161.001310493543,-0.0485708625519812,0.271696833716431,-0.178768599867728,0.858119401740688,0.986071618700012,"Gene1795"
53.7591763034726,-0.0738810951473471,0.317472557165564,-0.232716477313715,0.815981573419378,0.983621523514424,"Gene1796"
5.28656611703063,-0.116385871036919,0.415620311150689,-0.280029315012763,0.779455014134013,0.978402067306978,"Gene1797"
43.4821463459018,-0.0980677937577156,0.29381938043374,-0.333768976072806,0.738553895720326,0.971584843669412,"Gene1798"
53.8255512954693,0.141056605961182,0.28682195637622,0.491791520228528,0.622866731744534,0.95592604582585,"Gene1799"
19.4000021948838,0.346664231972908,0.325172789550678,1.06609237646215,0.286381885469495,0.80951875852996,"Gene1800"
13.7187889975872,0.0869980578366777,0.314605184871304,0.276530909280043,0.782140322653697,0.978867509872988,"Gene1801"
26.4768012835682,-0.148563505933165,0.28980756593558,-0.51262811394713,0.608211483342574,0.95592604582585,"Gene1802"
13.1275396821939,-3.38247312764267,0.420166612347165,-8.05031391891721,8.25819440583083e-16,1.47467757246979e-14,"Gene1803"
21.3049437067649,-0.136202481238556,0.28428602090819,-0.479103688614159,0.631864865773718,0.957930867063869,"Gene1804"
2.00943518380965,-3.28195792788339,0.835459655994553,-3.92832604702673,8.55391897981344e-05,0.00114817704427026,"Gene1805"
39.7864001372263,-0.270932908930586,0.264808369191722,-1.02312819552327,0.306247237312222,0.831064416044022,"Gene1806"
157.743397070306,-0.33363312711752,0.264829276271499,-1.25980454961288,0.207739878152041,0.746594350950731,"Gene1807"
239.669893161146,-0.311515357658294,0.176288391979952,-1.76707810514104,0.0772151487374336,0.492600629903882,"Gene1808"
657.987494611602,-0.348463848252354,0.242949722760998,-1.43430436673169,0.151485424726592,0.662232507667813,"Gene1809"
63.5109735797667,0.276805056615627,0.250247157883953,1.10612667474925,0.268671694534945,0.79961813849686,"Gene1810"
17.1895122759558,-0.458186748730352,0.274585945955304,-1.66864603043061,0.0951875507666731,0.543152928768463,"Gene1811"
91.8327887076698,0.0454100847182982,0.276623852330278,0.164158239919529,0.869606574780148,0.986071618700012,"Gene1812"
196.638786571082,-0.0416445150617732,0.208664323053798,-0.199576594850076,0.841811734113829,0.985732611815519,"Gene1813"
542.02021039089,0.340860361387926,0.239809282818421,1.42138101320297,0.155206023171962,0.667985658288688,"Gene1814"
136.770596767745,-0.091463971468404,0.274292583365994,-0.33345404511489,0.738791572993227,0.971584843669412,"Gene1815"
271.160281325065,-0.371829517542486,0.284014836889592,-1.30919046911282,0.190469839878494,0.724324114522394,"Gene1816"
85.5478501672027,-0.213101100583052,0.243489890765983,-0.875194858861154,0.381467890089549,0.880968448318582,"Gene1817"
11.5365897963457,0.0797365160510575,0.329696550682444,0.241848196124618,0.808897792088715,0.983462361202086,"Gene1818"
18.6298408902688,0.202706283972818,0.278895509036397,0.726818028275829,0.467337437573802,0.918979533251709,"Gene1819"
476.588913699606,0.151230014423716,0.245452816487544,0.616126620944236,0.537810953557271,0.932081375315894,"Gene1820"
107.681138405831,-0.188610655122534,0.298819383188488,-0.631186146996236,0.527918818707446,0.929644202129746,"Gene1821"
13.6487597153761,-2.25968600862985,0.335657120858421,-6.73212593509366,1.67201822523804e-11,2.55269958051609e-10,"Gene1822"
24.2299789649133,-0.225430625878803,0.262531979026581,-0.85867872826258,0.390517789449072,0.883305334767189,"Gene1823"
16.0705370664058,0.435069282934086,0.30011168069264,1.44969126803053,0.147144631837903,0.651082441760632,"Gene1824"
62.1205604336167,0.0986702181184767,0.25151902831229,0.392297230076629,0.694838610030732,0.965949908811616,"Gene1825"
39.2060603049867,-0.176992644636863,0.314374742816532,-0.562998932583321,0.57343561079116,0.947334508931418,"Gene1826"
16.6303368194097,0.346234799039787,0.30021971233643,1.15327137030826,0.248799017392851,0.78238684714733,"Gene1827"
229.176343369496,0.312414276082748,0.276831295580347,1.12853669751393,0.259093327702463,0.792040571133092,"Gene1828"
58.6906463479663,0.301292284927106,0.263762439049523,1.14228654395532,0.253334932604656,0.786811952863478,"Gene1829"
127.142659909798,-0.247192398892816,0.242525323245952,-1.01924366323648,0.308087302336297,0.831886323389716,"Gene1830"
30.162312669961,-0.00838294153148629,0.275237743532797,-0.0304570929258741,0.975702512376907,0.996791406921093,"Gene1831"
60.2480316156132,-0.0732707870848287,0.238752998283597,-0.306889495049591,0.758927485245326,0.976941233108903,"Gene1832"
115.113423817729,-2.15268099573864,0.203855540735998,-10.5598355971421,4.57462316545132e-26,1.49987644768896e-24,"Gene1833"
136.629329184048,-0.293740403266989,0.257749574396362,-1.13963487216193,0.254438450731899,0.788345315977998,"Gene1834"
158.708411415238,0.136837566767702,0.245637643901048,0.557070832444661,0.577479034912798,0.947334508931418,"Gene1835"
6.49047317168967,0.964067589001555,0.38818555378119,2.48352258246317,0.0130090085744223,0.139881812628197,"Gene1836"
76.6707853501157,0.0496836959417763,0.212516328006151,0.2337876642605,0.815149826720016,0.983621523514424,"Gene1837"
37.3949450208093,0.17061585653024,0.278849462969427,0.611856500325933,0.540632704038634,0.933552658102756,"Gene1838"
21.1205649107783,0.134939987272002,0.263599683627831,0.511912553971497,0.608712211624724,0.95592604582585,"Gene1839"
29.9189155061936,0.0127426189807028,0.299344217542186,0.0425684487421476,0.966045546937834,0.995598266927253,"Gene1840"
409.605568599276,-0.074656921603416,0.310839669074073,-0.240178230229763,0.810192089563478,0.983621523514424,"Gene1841"
93.6624484179191,-0.110759927972402,0.249296424886146,-0.444290077657495,0.656832874061843,0.957930867063869,"Gene1842"
45.745813723441,0.0911237285127429,0.237433259989067,0.383786705017397,0.701136542747694,0.965980775014465,"Gene1843"
175.838089215132,0.17917537751249,0.29430207964585,0.608814513740784,0.542647392298709,0.933552658102756,"Gene1844"
30.2653755388748,-0.0109719000050598,0.257424216399898,-0.0426218642461182,0.966002966177585,0.995598266927253,"Gene1845"
63.8462703853306,-0.152969063350246,0.315680114190245,-0.484569842933023,0.627981509974143,0.957889060530138,"Gene1846"
299.161746547415,0.311994894137279,0.18938787184549,1.64738581777727,0.0994787685525716,0.554495150856643,"Gene1847"
36.4242961069768,-0.140537509447536,0.238193713835949,-0.590013511205962,0.555181591273875,0.939708843355308,"Gene1848"
20.8775270008197,0.221000168522817,0.316094737144394,0.699158013573199,0.484453286520419,0.923784628815589,"Gene1849"
28.2866246120169,-0.139916347341872,0.302497379465129,-0.462537386569332,0.64369599813224,0.957930867063869,"Gene1850"
15.0873840546987,0.510584409758813,0.336887407308922,1.51559363360416,0.129622137862557,0.610976906461556,"Gene1851"
274.425605671709,2.38111614709031,0.198246161505776,12.0109066879509,3.1141188114143e-33,1.3996039601862e-31,"Gene1852"
280.446136611307,2.69330943855846,0.166044147823363,16.2204418154116,3.61584350182414e-59,6.8873209558555e-57,"Gene1853"
123.926339466155,-0.262111615661316,0.25099367521818,-1.04429569961662,0.296348601887728,0.819908938384538,"Gene1854"
474.444907553208,-0.0619016008745446,0.249511824085951,-0.248090851410797,0.804064113909039,0.981522064235859,"Gene1855"
247.186892361845,0.226869991053383,0.211645537789806,1.07193373138203,0.283749798193746,0.808980180167488,"Gene1856"
11.4167859143028,0.418768635524133,0.334535917528108,1.25178975883493,0.210646482843872,0.749631611544027,"Gene1857"
680.64701259697,-0.321700993578427,0.205548657619227,-1.56508438101488,0.117563125329501,0.593123873237345,"Gene1858"
53.9467583946683,-0.108459180028391,0.240392900699718,-0.451174638322082,0.651863687009367,0.957930867063869,"Gene1859"
32.0300333135033,0.227414750887433,0.232019173112362,0.980154992524264,0.327009617213932,0.847724218312202,"Gene1860"
488.593890752307,-0.59330002354162,0.242014543348937,-2.45150566297249,0.0142259947983972,0.150938936853021,"Gene1861"
91.092111453226,0.0496719039353798,0.282750290796418,0.175674103801873,0.860549981050354,0.986071618700012,"Gene1862"
485.569928666057,0.251907758504477,0.23189067776157,1.0863211964195,0.277336912418622,0.806267723338763,"Gene1863"
58.1284498317115,0.0400140358844996,0.235174100516572,0.170146439580748,0.864894972428543,0.986071618700012,"Gene1864"
22.4633547184455,-0.17020095690684,0.298522788188134,-0.57014393420303,0.568580078922002,0.947334508931418,"Gene1865"
4.91252836544252,0.523437229124636,0.453479003146002,1.15427004446358,0.248389473619136,0.782074973284301,"Gene1866"
251.064399857333,0.242065566681204,0.262701543716338,0.921447065962366,0.356817065605959,0.866296673651451,"Gene1867"
18.5804315824796,0.0741267293816834,0.339351352744206,0.218436522448632,0.82708901171628,0.985732611815519,"Gene1868"
153.384150453505,-0.156986893656979,0.246732869854003,-0.636262585321004,0.524605286948496,0.929644202129746,"Gene1869"
39.0107022594264,-1.57964368678102,0.227903065938433,-6.93120858324809,4.17260278059073e-12,6.57102800093029e-11,"Gene1870"
83.6494916204012,0.11754905414438,0.246004621696428,0.47783270628727,0.632769280527563,0.957930867063869,"Gene1871"
261.218925443694,-0.07287721556118,0.228636614084381,-0.318746915724897,0.749918435166005,0.974859188582401,"Gene1872"
28.3202163891228,-0.201269478884719,0.299127548838052,-0.672855040154415,0.501039517624135,0.927421596712884,"Gene1873"
32.0370184995447,-0.562658286289176,0.26285359422749,-2.14057672653399,0.0323081872798516,0.290551359888943,"Gene1874"
40.9722875912206,0.202577622036775,0.236837012118855,0.855346131182878,0.392359556152694,0.884253394701024,"Gene1875"
165.843922040283,-0.0396464842091142,0.252531368040685,-0.156996275420037,0.875247783486374,0.986362048840613,"Gene1876"
32.843283651668,0.125059495697145,0.274087068060974,0.456276527681066,0.648191140594746,0.957930867063869,"Gene1877"
38.0105853546298,-0.415830090327263,0.278584728686257,-1.4926521359883,0.135528268468704,0.623854047546047,"Gene1878"
83.1880025042765,-3.19074416466269,0.217308393861393,-14.6830230897471,8.2814405193621e-49,8.4937851480637e-47,"Gene1879"
124.486278222523,0.228293491098752,0.226684353873268,1.00709858090331,0.313887403100914,0.838373967298594,"Gene1880"
146.132756381115,-0.205038442746226,0.213243245710513,-0.961523738128496,0.336288895693788,0.855068234149037,"Gene1881"
54.030159861159,-0.325751732206576,0.252594110185209,-1.28962520926449,0.197180818586604,0.734135157058308,"Gene1882"
123.219015907072,-0.555827816098406,0.254380953408801,-2.18502135733868,0.0288872806789767,0.265132379411719,"Gene1883"
69.7501985073845,-0.11657582604336,0.245147962674906,-0.47553251012717,0.634407466849812,0.957930867063869,"Gene1884"
24.343501886032,-0.0514624907982421,0.298158940679627,-0.172600864092614,0.86296517264489,0.986071618700012,"Gene1885"
447.237353600912,-0.0437318067600093,0.272291241847112,-0.16060673293548,0.872403151630129,0.986071618700012,"Gene1886"
5.83584984688819,-0.192177258586207,0.62343955306996,-0.3082532342388,0.757889648145441,0.976941233108903,"Gene1887"
131.992363230941,0.122569686109161,0.240854135605077,0.508895916614592,0.610825182338071,0.95592604582585,"Gene1888"
63.6620878405506,0.452268571633073,0.23468215518447,1.92715364863414,0.0539604844965821,0.411912095393756,"Gene1889"
56.0371484853986,-0.084140059139407,0.26690011508304,-0.315249242636066,0.752572419978432,0.975150527992785,"Gene1890"
23.353415795649,-0.483480992574435,0.269168188594625,-1.7962040577632,0.0724620696240676,0.472065600156792,"Gene1891"
37.7682661643108,0.179283382187387,0.294759360493806,0.608236433567491,0.543030673750247,0.933552658102756,"Gene1892"
421.041429862518,0.337211291235026,0.285434641653821,1.18139581545256,0.237445519594875,0.770301766731144,"Gene1893"
54.9722237111763,0.256874386510392,0.280182576976075,0.916810707085215,0.359241840970099,0.867702438201711,"Gene1894"
33.5038233266627,0.0208847187535803,0.258070170110055,0.0809265121368888,0.935500395474985,0.991258697192037,"Gene1895"
77.652396529237,2.88148543206432,0.220976263975808,13.0397961311346,7.26510495127734e-39,4.21165504421875e-37,"Gene1896"
29.1918128117558,-0.140765059973516,0.266974706195763,-0.527259911544945,0.598013109009462,0.954149356217729,"Gene1897"
49.825025887846,-0.0519340522651978,0.298889294717048,-0.173756816263234,0.862056583676898,0.986071618700012,"Gene1898"
11.3437051631098,0.279077936672881,0.317830868771478,0.878070584369637,0.379905415098974,0.878902059222612,"Gene1899"
196.299213828371,-0.143854011788493,0.279637938760107,-0.514429524213811,0.606951721784517,0.95592604582585,"Gene1900"
61.4848777863751,-0.356265172867874,0.278384151035296,-1.27976097612936,0.200629212235891,0.736324136630535,"Gene1901"
283.908261770491,-0.357662535715849,0.234190406939443,-1.52722966064248,0.12670391323098,0.605514519622364,"Gene1902"
146.20841717365,-0.0932927177285907,0.233371804566272,-0.399760022004277,0.689333278721624,0.965476632893769,"Gene1903"
310.70469548272,-0.329206017857656,0.2639955602059,-1.24701346341164,0.212392560996984,0.751709919902508,"Gene1904"
11.3007920767028,-0.294914849406271,0.329358439762672,-0.895422171718993,0.370561452818701,0.869980213896254,"Gene1905"
94.7376991818837,-0.292515289779898,0.298970939927751,-0.978407098196859,0.327873018920937,0.847944905610575,"Gene1906"
35.7561349487225,0.44443460990616,0.281629500922689,1.57808258172557,0.114546639213289,0.59161949557776,"Gene1907"
54.5905518554928,0.152174399579878,0.237542802681581,0.640618860525375,0.521770342670656,0.929644202129746,"Gene1908"
25.8582895884367,-0.0822212604460202,0.279061704985732,-0.294634695399084,0.768272954978817,0.977265145689917,"Gene1909"
212.988370929803,2.37561075254935,0.18007526980608,13.1923209395027,9.71475598043512e-40,5.88773089723341e-38,"Gene1910"
50.5217029134624,-0.247770891082094,0.256359921012569,-0.966496206206687,0.333795944384524,0.853855391006023,"Gene1911"
3.64921575054468,0.371297479268595,0.48259592369344,0.769375498298768,0.441670429601577,0.905307779082269,"Gene1912"
135.561590833368,0.161090155435641,0.265675366919683,0.60634208320992,0.544287619024456,0.934399345964732,"Gene1913"
62.2016829194964,0.118178334721653,0.22140314023504,0.533769912189122,0.593500732766855,0.951688035781253,"Gene1914"
16.3278868794335,0.276512124372157,0.328836249772594,0.840880908243475,0.400414654930879,0.889438539039225,"Gene1915"
14.2015758307035,0.0617332718753644,0.381012406644402,0.162024308917006,0.871286711045852,0.986071618700012,"Gene1916"
23.1502678575535,0.0851599361011199,0.284403218337748,0.299433798952256,0.76460907664252,0.977265145689917,"Gene1917"
8.20343540612668,-0.252676378366079,0.339382446503759,-0.744518112144849,0.456563087873933,0.911758537940954,"Gene1918"
60.6804589703476,0.102654888900856,0.2727402021096,0.376383415817828,0.706631873375449,0.965980775014465,"Gene1919"
286.966983184042,0.13597597520988,0.207966741088484,0.653835197388731,0.513217987443794,0.928583583948193,"Gene1920"
65.1149116039063,0.242936891136374,0.218646306581682,1.11109533444425,0.266527315904062,0.796793171611545,"Gene1921"
100.968600247759,0.214657515514601,0.27321553426267,0.785670976190647,0.432060271073227,0.905307779082269,"Gene1922"
38.301677670803,2.67370487994825,0.246949965598604,10.8269093031344,2.56673042674378e-27,9.1668943812278e-26,"Gene1923"
8.56043931591364,0.0866928909900106,0.344691327001576,0.251508767987117,0.801420784147469,0.981522064235859,"Gene1924"
15.3539182887739,-0.119987992960454,0.297839734394138,-0.402860931918746,0.687050533299735,0.965476632893769,"Gene1925"
141.421326762684,-0.0392465186352021,0.343599605012499,-0.114221664002711,0.90906207890599,0.989138348463355,"Gene1926"
18.6989069582225,0.0210661788311814,0.276119830765564,0.0762936105413862,0.939185509079188,0.992000827951994,"Gene1927"
104.613208367578,0.170318204686976,0.294130511562714,0.579056568399098,0.562551004227494,0.943877523871634,"Gene1928"
45.4339713972496,0.445529131288351,0.261358062285855,1.70466955330065,0.0882560713389445,0.52405318368313,"Gene1929"
83.7851354216866,0.205576461719202,0.231108841452449,0.889522271961628,0.373722458970307,0.873003148205292,"Gene1930"
7.00903919134417,-2.64382974345706,0.46067863415321,-5.7389892811434,9.5243247294787e-09,1.39550545486867e-07,"Gene1931"
19.8323656942154,0.454453427669091,0.306450600878272,1.4829581876056,0.138085520130192,0.629808529670203,"Gene1932"
48.9467945252352,-0.207864310960629,0.257345882913588,-0.807723475531279,0.419249786343594,0.902582963064787,"Gene1933"
37.1297915842408,0.134838784324794,0.353498276508718,0.381441136450545,0.70287594161892,0.965980775014465,"Gene1934"
4.37216260636197,0.147603610450563,0.46471603884433,0.317621080644491,0.750772381545642,0.974859188582401,"Gene1935"
90.4000029507448,0.437075574482873,0.298473511474753,1.46436972689231,0.143092955004128,0.641482349426048,"Gene1936"
5.52121540987754,-0.303272789434127,0.444465761734774,-0.682331048966376,0.495029644287266,0.925721634945799,"Gene1937"
34.8919010474597,-0.163857121391942,0.251465029610421,-0.651609973942681,0.514652811851543,0.928583583948193,"Gene1938"
64.4272025753704,-0.0442758402026807,0.263288774201919,-0.168164557478342,0.866453822860495,0.986071618700012,"Gene1939"
17.1827202841436,-0.330923118631761,0.303658343955515,-1.08978766834163,0.275806687308939,0.805274999442157,"Gene1940"
11.3955267574472,0.481939865367414,0.329207876086344,1.46393783495329,0.143210934509365,0.641482349426048,"Gene1941"
32.1456534713312,-0.164744452726953,0.28391059754007,-0.580268768247377,0.561733385400333,0.943297036776378,"Gene1942"
111.706531574536,1.88510437342782,0.207330243989494,9.0922787585363,9.69846624244098e-20,2.09696567404129e-18,"Gene1943"
16.4813068483617,0.325983141877178,0.299680337406678,1.08776953702774,0.27669686093227,0.80625048425806,"Gene1944"
10.9309384888778,0.176841707587961,0.330220765518707,0.535525702964742,0.592286389078827,0.951688035781253,"Gene1945"
13.5974056527007,0.0624254103779753,0.303684512849288,0.205560072169224,0.837134569182772,0.985732611815519,"Gene1946"
27.3165451838549,-0.486897727496789,0.28650525870282,-1.69943731469804,0.0892368162160997,0.52405318368313,"Gene1947"
28.8212240601539,-0.24863688718655,0.299621727085415,-0.829835972194597,0.40663152947991,0.893124797630876,"Gene1948"
249.897836753502,0.083075199480713,0.23790259928355,0.349198368285576,0.726940391114516,0.968606179663051,"Gene1949"
10.127778390901,0.0751111380878502,0.385993226156879,0.194591855498839,0.845712479547773,0.985732611815519,"Gene1950"
76.2867242966297,-0.571966116842941,0.212591333371166,-2.69044888976888,0.00713559643918025,0.082972051618375,"Gene1951"
29.3471498688911,0.817545495301054,0.304599704037282,2.68399963777046,0.00727471850800873,0.0843445624116954,"Gene1952"
65.9657424334777,0.270153838381998,0.224741972452703,1.2020622380132,0.229339415471959,0.761212126574736,"Gene1953"
22.6201137906738,0.252181718660006,0.307330140789392,0.820556415365786,0.411898982319939,0.896378471923103,"Gene1954"
144.726356027837,-0.158489960791733,0.250269482156877,-0.633277215527167,0.526552629473845,0.929644202129746,"Gene1955"
5.82628151395911,-0.195735084026321,0.444502310132041,-0.440346606901047,0.659686089568979,0.957948070800622,"Gene1956"
61.6068386386093,0.486466754547656,0.25867512281255,1.88060896331409,0.0600251315535111,0.433630787590432,"Gene1957"
62.4285434960187,-0.110317297022667,0.234811235469358,-0.469812685079387,0.638488850722317,0.957930867063869,"Gene1958"
230.698359740339,0.183553612041991,0.21216066783648,0.865163245920127,0.386949195238271,0.883305334767189,"Gene1959"
47.6910749147851,-0.130807995241323,0.329707966148868,-0.396738958931496,0.691559967834263,0.965949908811616,"Gene1960"
94.7645301625309,-0.0444540913720046,0.310359359656278,-0.143234254063539,0.886105177894085,0.987165084295334,"Gene1961"
84.6674273466065,0.0881996008987997,0.295040719048228,0.298940435012912,0.76498549428868,0.977265145689917,"Gene1962"
25.6772898319365,-0.207920855265923,0.266839882523742,-0.779197072414478,0.43586363439983,0.905307779082269,"Gene1963"
51.4515497575089,-0.696095667498066,0.275788342906374,-2.52402135696642,0.011602087983113,0.126798775771726,"Gene1964"
48.5819278983051,0.0376308867277015,0.318021159414068,0.118328248337418,0.905807575689533,0.989138348463355,"Gene1965"
190.902190591471,0.188322106177776,0.272721362711764,0.690529353128861,0.489861357388624,0.923784628815589,"Gene1966"
75.0291477782868,0.0677417156953934,0.23961537433272,0.282710222096727,0.777398979691415,0.977860351813101,"Gene1967"
69.7057104554355,0.476469742573879,0.262753325311025,1.81337283556688,0.0697743363429219,0.46361685277689,"Gene1968"
831.375983779191,-0.105255674621543,0.297707768249641,-0.353553671912523,0.723673398970849,0.968606179663051,"Gene1969"
90.115060016939,0.136934996621042,0.305176020875812,0.448708244599489,0.653642136384809,0.957930867063869,"Gene1970"
82.8459219092713,-0.0633197448702083,0.247692561685994,-0.255638459383695,0.798230018587444,0.981522064235859,"Gene1971"
84.9127918758598,0.140641018186755,0.243731699792702,0.577032114847484,0.56391776113985,0.945377638122129,"Gene1972"
336.543636885095,0.176340569496334,0.215104766793571,0.819789222363272,0.412336276135346,0.896378471923103,"Gene1973"
171.942758467356,-0.328203365753819,0.276097393193126,-1.18872316017937,0.234548623765541,0.768757852360615,"Gene1974"
79.2244593999686,0.293162446554177,0.263115767572857,1.11419566093849,0.265195256501597,0.796793171611545,"Gene1975"
25.6731504209826,-0.524961137265139,0.285122006113207,-1.84118070864269,0.0655950814015444,0.449281379462633,"Gene1976"
49.5991083278147,-1.72231567256875,0.217601478887388,-7.91499984915118,2.47253392551473e-15,4.26298952674954e-14,"Gene1977"
60.6953262763686,-0.134321931029524,0.328343319405455,-0.409089885771839,0.682473698448515,0.965476632893769,"Gene1978"
5.53283940939026,-0.172664165160966,0.408652074688321,-0.422521200443328,0.672644629623073,0.964862029162694,"Gene1979"
7.72111730299629,-0.176631788918257,0.370837474407572,-0.476305123155187,0.633857016048776,0.957930867063869,"Gene1980"
13.7282139324941,1.73442632126555,0.312787217025942,5.54506778683892,2.93840310535814e-08,4.25855522515672e-07,"Gene1981"
265.80747239529,-0.165954111971924,0.282410316302866,-0.58763473708924,0.55677748968802,0.939708843355308,"Gene1982"
120.967991835099,-0.297852838216883,0.259674012022941,-1.14702598036868,0.251370883549152,0.785826266459443,"Gene1983"
3.16107663484699,-0.0151935016189135,0.508119899241423,-0.0299014103592401,0.976145681049688,0.996791406921093,"Gene1984"
88.3192364793173,-0.0675663856509908,0.244507400945205,-0.276336770951701,0.78228941587395,0.978867509872988,"Gene1985"
61.3629082614484,-0.261479398450849,0.257770652851886,-1.01438777284354,0.31039775637895,0.832165566699599,"Gene1986"
42.8216708563078,-0.298286510427141,0.263332239829876,-1.13273828764699,0.257324173927498,0.790550457534556,"Gene1987"
21.3186383216533,-0.220016173729479,0.276673682892891,-0.795219015516753,0.426486112353524,0.905307779082269,"Gene1988"
11.0076042152859,-0.0635010676685253,0.320419254222758,-0.198181185530065,0.842903307309588,0.985732611815519,"Gene1989"
138.885730098669,-0.264733636084442,0.240559384106298,-1.1004918268641,0.271117888751582,0.801531082783688,"Gene1990"
25.8605942359463,-0.0692386316410823,0.27262330225678,-0.253971803099456,0.799517341893299,0.981522064235859,"Gene1991"
25.2773446176764,-2.84937827165565,0.312714494258786,-9.11175632715525,8.10589403857252e-20,1.76215087795055e-18,"Gene1992"
120.095271316588,0.16666440474037,0.291318000346536,0.572104725908165,0.567251027645048,0.947136567636937,"Gene1993"
94.9675616702804,-0.459933810154377,0.215474919907542,-2.13451203672209,0.0328008894141811,0.292865084055188,"Gene1994"
33.0565691933431,0.210366410371784,0.330673607061582,0.636175388296434,0.524662112811462,0.929644202129746,"Gene1995"
22.7767850105909,-0.0394156250491982,0.322763499676165,-0.12211921449837,0.902804604801246,0.989068835901661,"Gene1996"
84.0944323975055,0.0497711703630719,0.29195119007553,0.170477710161742,0.864634462480646,0.986071618700012,"Gene1997"
13.9917489802501,-0.499426368326404,0.310550166633972,-1.60819868087545,0.107791671999235,0.577963100774049,"Gene1998"
85.7963186239498,-0.0646869320583233,0.221763973729453,-0.291692699091152,0.770521591873953,0.977265145689917,"Gene1999"
57.9758845830454,0.60062137448547,0.313995581947732,1.91283383912532,0.0557693275975611,0.421650804940207,"Gene2000"
66.8502364252731,-0.696065576953398,0.240299036588481,-2.8966640350932,0.00377153413287752,0.0464188816354156,"Gene2001"
34.6001620279657,-0.0777786538297467,0.277085160731731,-0.280703064806313,0.778938157855025,0.978402067306978,"Gene2002"
6.05849832917628,-0.24423192286362,0.405088491535035,-0.602910050438935,0.546568529571273,0.935334983406104,"Gene2003"
5.10203577941207,0.614216729170713,0.456441005267728,1.34566509599733,0.178410547769706,0.703789143075765,"Gene2004"
12.4076489008928,-0.38454123965234,0.304945014124229,-1.26101828802383,0.207302258270779,0.746313239847196,"Gene2005"
83.2845044252717,0.155734941883148,0.242910818663839,0.641119826361737,0.521444833774709,0.929644202129746,"Gene2006"
117.307130294808,1.88579662603805,0.208389722024715,9.04937444954408,1.43789694225998e-19,3.07571538451332e-18,"Gene2007"
22.5685448061402,-0.123156949314748,0.306754879575547,-0.401483260788415,0.688064359885304,0.965476632893769,"Gene2008"
19.8652701091567,-0.113611258056638,0.283638445863369,-0.400549571870682,0.688751779467959,0.965476632893769,"Gene2009"
99.9073077008799,0.166575603761338,0.231004931420973,0.721091115833274,0.470853456738721,0.919307908267321,"Gene2010"
7.95939798930453,-0.128051097602571,0.369282001644099,-0.34675694193724,0.72877392766353,0.969114265510014,"Gene2011"
125.439550560087,-0.310207845153525,0.246057663636437,-1.26071198339863,0.207412634888832,0.746313239847196,"Gene2012"
101.721428305962,0.0403089307755757,0.272171098429716,0.148101436956889,0.882262715425147,0.986362048840613,"Gene2013"
18.8613085916957,0.816598106514683,0.298116747779768,2.73918896739723,0.00615909615045653,0.0726737008903425,"Gene2014"
55.1468050713709,-0.169322882828642,0.246088904874569,-0.688055737071715,0.491417682707873,0.923784628815589,"Gene2015"
145.886156169908,0.249704063447711,0.21811519810306,1.14482652111993,0.252281026829015,0.785922201959548,"Gene2016"
275.421584769976,0.524188780187399,0.293557994812502,1.78563959916064,0.0741576308959687,0.479209246500605,"Gene2017"
300.136233860441,-0.431401919037606,0.258396408045026,-1.66953527837908,0.0950113449008466,0.542935620652654,"Gene2018"
85.1476794769627,0.74914136347055,0.238712154940471,3.13826232961353,0.0016995269955712,0.0215129999439392,"Gene2019"
26.0163955270567,-1.86053346495792,0.270437047355249,-6.87972851039858,5.99667339530706e-12,9.29716805473963e-11,"Gene2020"
77.3312768415198,-0.115668517651882,0.234072856823699,-0.494156047059323,0.621195978071713,0.95592604582585,"Gene2021"
38.9321022428875,0.0439803010379279,0.229765080335132,0.191414208694284,0.848201088949803,0.985732611815519,"Gene2022"
14.5796640131975,-0.4019789742918,0.321704551995461,-1.24952840051039,0.211471872546029,0.749900257255422,"Gene2023"
157.601889429779,0.340275619611781,0.263285544654002,1.29242044054852,0.196211581717893,0.732028249751593,"Gene2024"
107.288523424849,-0.141195262801083,0.249279965104196,-0.566412397972156,0.5711134686629,0.947334508931418,"Gene2025"
264.187808331334,-0.144789066656018,0.259813067047031,-0.557281696034976,0.577334979593964,0.947334508931418,"Gene2026"
359.92748486767,0.0840947615197163,0.234983925595618,0.357874528253623,0.720437213484806,0.968606179663051,"Gene2027"
752.521729949539,2.15661330828999,0.174997628895621,12.3236715942953,6.75474186445762e-35,3.25529728407596e-33,"Gene2028"
158.761663948099,-0.0889923903211535,0.279591503543518,-0.318294330096844,0.750261684781541,0.974859188582401,"Gene2029"
54.3734469609867,0.236337650253483,0.292442624770354,0.808150489139783,0.419003955556045,0.902582963064787,"Gene2030"
43.6538956329419,0.600558213939517,0.291747444451384,2.05848663068441,0.0395434433357292,0.332997417564036,"Gene2031"
39.2037686449367,-0.102509770202374,0.25718091010446,-0.398590121485832,0.690195241619362,0.965949908811616,"Gene2032"
22.4563834736161,-0.0010022696486019,0.283127479645143,-0.00353999424520042,0.997175499145658,0.998296972793113,"Gene2033"
30.2624168244756,0.360943998549798,0.245054435131146,1.47291355227516,0.140774347300077,0.635550100677548,"Gene2034"
113.168096349081,0.0845478433474211,0.261000510619201,0.32393746336679,0.745985380276128,0.974859188582401,"Gene2035"
75.1336669092952,-0.0143515494129994,0.250042941639719,-0.057396338880376,0.954229479346703,0.993471607857056,"Gene2036"
11.4809012408151,-0.0284361349908151,0.345961863126433,-0.0821944208932156,0.934492109917524,0.990993539422673,"Gene2037"
239.624123779428,0.274711079223369,0.249884206188278,1.09935351022699,0.271613900462053,0.801812252286504,"Gene2038"
215.293976185774,0.314860193021862,0.261291867690018,1.20501336610825,0.228198142031537,0.761212126574736,"Gene2039"
298.474428051192,0.444186546808845,0.241043626843321,1.84276411961544,0.0653634576365427,0.449281379462633,"Gene2040"
10.5678758212104,-0.381446779583482,0.315376771916756,-1.20949547826612,0.226472547219769,0.761212126574736,"Gene2041"
25.5375827777086,-0.12705801286332,0.317317242192917,-0.400413201581,0.68885220232893,0.965476632893769,"Gene2042"
36.6915338928856,0.381620312324982,0.233943114211287,1.63125259579267,0.102837031427997,0.56232961492991,"Gene2043"
32.0621417333153,-0.421221997254865,0.239666424661564,-1.75753444751253,0.0788267556185157,0.498115359358709,"Gene2044"
29.5163064728319,-0.111039781199119,0.229175842948121,-0.484517826009502,0.628018416426688,0.957889060530138,"Gene2045"
29.0198999899507,-0.059992436944761,0.294085619717336,-0.203996499395052,0.838356234471938,0.985732611815519,"Gene2046"
14.9363062064312,0.148124633660533,0.379973329419602,0.389829027965697,0.696662977331086,0.965980775014465,"Gene2047"
28.7440772973137,0.135393526033841,0.334568371369974,0.404681188121396,0.685711871766177,0.965476632893769,"Gene2048"
35.291379371427,0.275329473348382,0.289214300066013,0.951991216497723,0.341101436475442,0.85599331533095,"Gene2049"
66.6451975656938,0.138754442482907,0.295270267752452,0.469923516306205,0.638409662372001,0.957930867063869,"Gene2050"
103.808418635628,-0.0981110415563523,0.243853724299895,-0.402335629025267,0.68743703682392,0.965476632893769,"Gene2051"
176.6279475904,-0.0829174206426062,0.305357171250471,-0.271542404925518,0.785973889954785,0.981240811429195,"Gene2052"
19.1814610548242,0.220687836097515,0.280125630946615,0.787817363772658,0.430803542952126,0.905307779082269,"Gene2053"
54.9460942056427,0.345116565825389,0.301188319177555,1.14584976856934,0.251857318400252,0.785826266459443,"Gene2054"
765.12472769923,-0.0730148183020661,0.245433777881247,-0.297492948739086,0.766090190547078,0.977265145689917,"Gene2055"
26.8714382936129,0.234863155787011,0.313367150060432,0.749482374721531,0.453566517956149,0.909528208749712,"Gene2056"
139.713478281053,0.299905320873316,0.347394107242892,0.863299965717689,0.38797256304599,0.883305334767189,"Gene2057"
21.4605144829015,-0.167078697163359,0.329266510642065,-0.507426937642573,0.611855288786873,0.95592604582585,"Gene2058"
187.77911795654,0.122542856623593,0.276622978012857,0.442995941638288,0.657768670166784,0.957930867063869,"Gene2059"
94.9470142616038,0.101240617340385,0.345346188170374,0.29315689823233,0.769402227651154,0.977265145689917,"Gene2060"
21.4921924948919,0.376707437699069,0.269476236179158,1.39792451846707,0.16213573503275,0.6844447118537,"Gene2061"
115.344532031336,-2.21836972445306,0.178024640252363,-12.4610263012376,1.21793064280709e-35,6.16673743193465e-34,"Gene2062"
190.353461593771,0.399260105228447,0.241803081678422,1.65117872963848,0.098702085019967,0.554495150856643,"Gene2063"
143.392261877635,0.00677847351074738,0.247839901370403,0.0273502106531941,0.978180409518359,0.996791406921093,"Gene2064"
2.49468451864098,-0.515219339143751,0.552825545446633,-0.931974550357474,0.351349677910091,0.863541852770467,"Gene2065"
64.6333409199287,-0.100704573618034,0.230597148660281,-0.436712137175613,0.662320125956758,0.958842020929075,"Gene2066"
294.07999423488,0.215144729028931,0.265435408074702,0.810535152749411,0.417632669899906,0.901041359007349,"Gene2067"
38.6137582877474,0.120345495849001,0.255204543830471,0.471564863394221,0.63723741139357,0.957930867063869,"Gene2068"
28.6032920531921,0.0128455713173563,0.277684044335718,0.0462596666224945,0.963103286245088,0.994763555173913,"Gene2069"
45.8011864848284,-0.336026545226512,0.271493073924688,-1.23769840743608,0.215827909888901,0.753204122952887,"Gene2070"
3.28796488153897,-0.445240345235852,0.486922074002219,-0.914397537117661,0.360507995498167,0.867702438201711,"Gene2071"
13.4977018127607,-0.462980977382877,0.320148530588235,-1.44614431474105,0.148136728498331,0.653304205064304,"Gene2072"
54.0921023044012,-0.220329017327191,0.242869842246355,-0.907189691767906,0.364306493929638,0.869227759199078,"Gene2073"
146.653542528469,-0.214986309049153,0.284677554367059,-0.755192342182176,0.45013358277799,0.909244128259492,"Gene2074"
67.8993244281873,-0.389750131752148,0.241436561536484,-1.61429623281498,0.106463186852528,0.574694727741165,"Gene2075"
131.68553649585,-0.01131779202219,0.206824025546713,-0.0547218438103253,0.956360066590558,0.994654255424398,"Gene2076"
17.6746710641525,-0.321599429605442,0.287119904478004,-1.12008754736152,0.262676456631252,0.793584461121608,"Gene2077"
331.447557416237,-0.3182167195132,0.257910757612595,-1.23382491858362,0.217268151876175,0.754604995551524,"Gene2078"
211.836543585361,0.0861922194394408,0.255210251141394,0.337730240278193,0.735566483944701,0.971584843669412,"Gene2079"
123.806526919321,-0.22772778719694,0.261227186016017,-0.871761437505881,0.383338535923419,0.882778924816499,"Gene2080"
25.6392299206233,-2.66180962796801,0.295015064617728,-9.02262273086668,1.83639096843907e-19,3.9072148264661e-18,"Gene2081"
161.237607528652,-0.793881014976515,0.220726582411251,-3.59667153047013,0.000322315069055424,0.00424098775072927,"Gene2082"
25.3388572298115,0.596742053775737,0.297054221565678,2.00886575733716,0.0445513722713194,0.360011089061167,"Gene2083"
19.6732675309631,-0.176365424225659,0.303874661504861,-0.580388714716305,0.561652513738701,0.943297036776378,"Gene2084"
3.76077052580683,0.454073662703169,0.487664371007556,0.931119207591514,0.351791903941179,0.863541852770467,"Gene2085"
62.695170409987,0.14669779553141,0.260077034093004,0.564055169434727,0.572716586618316,0.947334508931418,"Gene2086"
2.5468911169584,0.686626974972793,0.558065632363163,1.23036957510755,0.218558741205792,0.754604995551524,"Gene2087"
140.668226868239,2.12929837271392,0.171229235560111,12.4353669263822,1.67967727335594e-35,8.39838636677972e-34,"Gene2088"
96.3970271598525,0.153458657751074,0.257482791120681,0.595995783186727,0.551178043744249,0.937727038488801,"Gene2089"
137.931118311529,0.353815973486142,0.238974543394987,1.48055926149983,0.13872405796879,0.631825739519783,"Gene2090"
175.067801544061,0.130258123586064,0.238732479714046,0.54562380343926,0.585324558579361,0.948277940185275,"Gene2091"
105.291984969837,-0.128486309510495,0.203978621787574,-0.629900861102506,0.528759449462239,0.929644202129746,"Gene2092"
20.1873509087513,0.415591080796395,0.314410590649327,1.32181005715522,0.186231408524771,0.717493352909189,"Gene2093"
166.576923273843,0.56663570527976,0.221323975249819,2.56020932499595,0.0104609133078607,0.117209112693117,"Gene2094"
56.9670234024984,0.189946428870096,0.290944159323988,0.6528621482261,0.513845153274458,0.928583583948193,"Gene2095"
6.80835617128495,-0.428403751893595,0.394528505692117,-1.08586260742313,0.277539782385265,0.806267723338763,"Gene2096"
47.3061724047983,0.205047238681668,0.283554163371537,0.723132526934537,0.469598467361724,0.918979533251709,"Gene2097"
5.88964487336663,0.0739050212234764,0.387425841479719,0.190759142294707,0.848714300518748,0.985732611815519,"Gene2098"
15.691465474362,0.0177150639933565,0.305866216549209,0.0579176876518705,0.95381419406273,0.993471607857056,"Gene2099"
22.7106748461533,0.0464481560485249,0.302338533914918,0.153629626521891,0.877901775661308,0.986362048840613,"Gene2100"
23.9398281588502,-0.578878016159466,0.275458595441896,-2.10150645410363,0.035596532032204,0.310886742639337,"Gene2101"
161.718506407273,0.202496948625237,0.265167629068906,0.7636563683745,0.445072048380934,0.906775358701084,"Gene2102"
47.6690630525136,-0.206879587306086,0.221943743124598,-0.932126242414253,0.351271287452924,0.863541852770467,"Gene2103"
13.7067121875085,-0.142011450870308,0.347471251922384,-0.408699856706506,0.682759938957248,0.965476632893769,"Gene2104"
27.4204112160711,0.150541292642164,0.273032520340132,0.551367626298238,0.58138168850414,0.94739638610055,"Gene2105"
29.9495369949885,0.494802673264812,0.251493346554737,1.96745830473539,0.0491303982859671,0.386853529810765,"Gene2106"
60.256102776385,0.0994132327315486,0.213096859682088,0.466516648250284,0.640845733766778,0.957930867063869,"Gene2107"
71.7121571236156,-2.20028103612722,0.213651147800987,-10.2984751487352,7.15870246207459e-25,2.18586334719835e-23,"Gene2108"
27.7848557501824,0.228247367334629,0.295664873607639,0.771979993935714,0.440126276691983,0.905307779082269,"Gene2109"
34.6021194385869,0.477052245938576,0.275491534880377,1.73164030664579,0.0833376249941632,0.513637134016414,"Gene2110"
90.0419435254165,0.193246760301222,0.252113384502063,0.766507342253543,0.443374484805541,0.905307779082269,"Gene2111"
21.7928130486584,-0.279092197383317,0.320196996681285,-0.87162653077948,0.383412152267712,0.882778924816499,"Gene2112"
42.9050926732267,-0.220815037962387,0.319222411008169,-0.691727868557251,0.489108242218404,0.923784628815589,"Gene2113"
40.9197328941579,-0.26351023271793,0.246247764725021,-1.07010202919886,0.284573385848944,0.809033707822395,"Gene2114"
20.2989011421429,-0.399784201449122,0.277833017006578,-1.4389369764489,0.150168379866128,0.659504092396171,"Gene2115"
24.0501690621209,0.17482674025481,0.235997710467017,0.740798459056423,0.458815649642549,0.912103307738859,"Gene2116"
41.9125661977123,0.626216354960186,0.294027468865299,2.1297886125295,0.0331890692476269,0.295013948867795,"Gene2117"
18.385184155282,0.282692689347155,0.289385426219838,0.976872584911727,0.328632235697525,0.847944905610575,"Gene2118"
202.6012108856,2.73650485184378,0.209581786835437,13.0569783432206,5.79839300624826e-39,3.41081941544015e-37,"Gene2119"
8.80779177365184,-0.155916942717861,0.349965721245412,-0.445520613170354,0.655943566674324,0.957930867063869,"Gene2120"
100.12264787447,0.148532758860372,0.215532679408983,0.689142636131408,0.490733511477553,0.923784628815589,"Gene2121"
32.7992689237436,-0.0139881504865943,0.302935043703307,-0.0461754121134108,0.963170439856627,0.994763555173913,"Gene2122"
123.819706964002,-0.484993960023201,0.262378501470409,-1.84845159685424,0.0645370404052427,0.449281379462633,"Gene2123"
84.599987358009,-0.28256205802921,0.313655680369836,-0.900867019835371,0.367659028345611,0.869258456282932,"Gene2124"
26.6904107006836,-0.0101763764906956,0.276269470251519,-0.0368349658086755,0.970616594273263,0.996066844846464,"Gene2125"
37.3830622873296,-0.0213794226619381,0.273659367767742,-0.0781242127259575,0.937729247083221,0.991968214616613,"Gene2126"
112.653527502088,0.349119868437909,0.232189424476065,1.50359935309585,0.132684557818625,0.617855915337018,"Gene2127"
129.945566531222,-0.499185508024386,0.258498371289363,-1.93109730453813,0.0534710202957117,0.410071202609626,"Gene2128"
96.202619272562,0.00279363207445797,0.26901943455182,0.0103844990943204,0.99171451741597,0.997858140929364,"Gene2129"
84.045739851391,0.0370297566002913,0.23646647611478,0.156596221201001,0.875563080846716,0.986362048840613,"Gene2130"
3.28767383303595,-1.98230399013974,0.561777410068187,-3.52862887437773,0.000417718497483155,0.00544258628642547,"Gene2131"
73.0458013210624,-0.351887548659865,0.259803674422787,-1.35443638140093,0.175597197191016,0.700131410667706,"Gene2132"
9.53263722001276,0.00480615991604459,0.326898058231396,0.0147023201729835,0.988269668328784,0.997748276959903,"Gene2133"
65.186986597334,-0.249239650626289,0.235366102866268,-1.05894454465222,0.289625036020722,0.812982557251149,"Gene2134"
21.333189033532,0.00723387995629693,0.302512473866603,0.023912666687215,0.980922270617273,0.996791406921093,"Gene2135"
47.6173127704123,-0.50778965004358,0.268643856866265,-1.8901963959532,0.058731698532105,0.431545534621841,"Gene2136"
13.5989235375851,-0.169906263436983,0.306404541350503,-0.554516139637183,0.579225663213855,0.947334508931418,"Gene2137"
42.6833856611904,-0.268077382649713,0.250889339765261,-1.06850846233855,0.285291215222374,0.80951875852996,"Gene2138"
343.589566015302,0.120401262073868,0.196349184935559,0.613199703952849,0.539744300506016,0.933409944671017,"Gene2139"
460.820711166956,-0.0611470817667131,0.183446781930943,-0.333323272957339,0.738890273610588,0.971584843669412,"Gene2140"
2.25318564478383,-0.568839903484304,0.587965868871795,-0.967470959795352,0.333308651801408,0.853855391006023,"Gene2141"
8.42147362669523,0.381523870919442,0.367175508603486,1.03907766716394,0.298768616496428,0.823054039935062,"Gene2142"
9.84195004662113,-0.159820566597651,0.332617329393726,-0.480493806167473,0.630876306346236,0.957930867063869,"Gene2143"
11.8164860270488,0.177924386032177,0.316864629777032,0.561515452694665,0.574446199067666,0.947334508931418,"Gene2144"
576.991483996977,-0.316265914666283,0.1900784919045,-1.66387007544853,0.0961383962919283,0.544693463410359,"Gene2145"
205.645891010665,-0.0454385962959009,0.299024328837961,-0.151956185212354,0.879221493384838,0.986362048840613,"Gene2146"
49.4938137076843,-0.168864642478624,0.256167695681421,-0.659195696121767,0.509770110309846,0.928583583948193,"Gene2147"
164.176095621183,0.205706327685071,0.247376225351856,0.831552536596773,0.405661562267947,0.893124797630876,"Gene2148"
874.198629768903,0.560692113239047,0.237850400420214,2.35733096201841,0.018406833464693,0.184148326116718,"Gene2149"
108.359553346683,0.357502393633936,0.265466043513438,1.34669726079614,0.178077754853614,0.703789143075765,"Gene2150"
379.488439425016,0.173355162596048,0.283416262315987,0.611662722454405,0.540760930284086,0.933552658102756,"Gene2151"
13.280475326631,0.104151318769335,0.31244735739694,0.33334037335774,0.738877366795494,0.971584843669412,"Gene2152"
12.5642878114923,-0.0286880083366564,0.299534685221332,-0.0957752465810705,0.923699077331711,0.989138348463355,"Gene2153"
174.6061897062,-0.138233397821027,0.285890215849617,-0.48351916280248,0.628727156788269,0.957889060530138,"Gene2154"
159.425018127953,-0.450637861059623,0.261240529634392,-1.72499214302732,0.0845288884710259,0.518582137859055,"Gene2155"
138.85509946877,-0.151674197142844,0.243754687980316,-0.622241149081377,0.533783312147905,0.93095646608514,"Gene2156"
95.6798413345103,-0.610109204214361,0.277827038744966,-2.19600369701387,0.0280916787692161,0.260065859836965,"Gene2157"
27.9437411182938,-0.0254517143451449,0.274332360538627,-0.0927769304910757,0.926080778748816,0.989138348463355,"Gene2158"
177.597166887977,-0.239429570006797,0.250515799269062,-0.95574638687615,0.339200380692802,0.855455441624387,"Gene2159"
468.486775765125,0.532988097861866,0.212978227265258,2.50254734817586,0.0123303131285327,0.133661930932604,"Gene2160"
923.865715090141,2.54516600120163,0.158493497115122,16.0584885028624,4.98552643469378e-58,8.67048075598919e-56,"Gene2161"
11.2528412888751,-0.341475388436489,0.345170309682481,-0.989295367700105,0.322518649819175,0.844343165886884,"Gene2162"
93.945772308524,-0.186469693184487,0.24623605331911,-0.757280222254175,0.448881997282573,0.908713016765444,"Gene2163"
46.1943876959957,-0.11840578294761,0.340069534864846,-0.348181094771304,0.727704184753917,0.968606179663051,"Gene2164"
60.3218309988561,-0.502475946644168,0.284862235137385,-1.76392615329242,0.077744412976537,0.494337346296616,"Gene2165"
43.0700153293978,-0.143297614399342,0.261313091904964,-0.548375182256298,0.583434313716474,0.947518170875313,"Gene2166"
12.9275004163473,-0.216656792655925,0.299706644796174,-0.722896193386937,0.469743662396817,0.918979533251709,"Gene2167"
72.9454913352855,-0.465637485310601,0.251753760967309,-1.84957509084071,0.0643748157166642,0.449281379462633,"Gene2168"
268.276191633399,0.268007318381551,0.238911202173202,1.1217863203721,0.261953303944895,0.793363984935961,"Gene2169"
384.315840611438,-0.204885351616129,0.217494349234798,-0.94202609096268,0.346179282072186,0.859557991359244,"Gene2170"
92.2499073172135,-0.0117110017455946,0.220152071787667,-0.053195055810738,0.957576494931242,0.994763555173913,"Gene2171"
23.4754137495672,-0.28543984038816,0.296186239829471,-0.963717425065059,0.335187615735776,0.855068234149037,"Gene2172"
23.0157826188975,-0.0956389191481437,0.291776905288778,-0.327780977228091,0.74307727140433,0.974859188582401,"Gene2173"
44.3253045785071,1.57994672502708,0.215004892824097,7.34842218832521,2.00560163654356e-13,3.24793787294503e-12,"Gene2174"
121.693421296142,-0.393102566623292,0.280065673416388,-1.40360852448649,0.160435455297014,0.680532153964003,"Gene2175"
37.4422737986965,0.424318418969381,0.31872389194761,1.33130408384674,0.183088975018944,0.71240846310873,"Gene2176"
1601.76948552977,-0.0436835892861605,0.296664601241929,-0.147249078937249,0.8829354233706,0.986448631990258,"Gene2177"
35.561674138279,0.0028499553809002,0.230314340715367,0.0123741985498954,0.990127069983846,0.997858140929364,"Gene2178"
60.3803240529236,0.147272565839233,0.250274515814177,0.58844411449618,0.556234234719473,0.939708843355308,"Gene2179"
40.2274373325667,-0.0791787057430721,0.232714486009116,-0.340239695005366,0.733676027130793,0.971292520455398,"Gene2180"
25.9141319908589,-0.101650251675546,0.232651113555882,-0.436921406142893,0.66216834710341,0.958842020929075,"Gene2181"
154.247467423051,0.0632917470571083,0.247226248020911,0.256007392272341,0.797945129279605,0.981522064235859,"Gene2182"
17.2389776358198,-2.49505098486505,0.311988369874986,-7.99725639088668,1.27222147503081e-15,2.22222091708438e-14,"Gene2183"
59.3455733452628,0.287842560135107,0.275894918523878,1.04330504409125,0.296807035695203,0.819908938384538,"Gene2184"
36.21501304956,0.00830589203089498,0.304995333449993,0.0272328495552435,0.978274015259836,0.996791406921093,"Gene2185"
1.70698978125374,-1.09410762395093,0.682788645343903,-1.60241039655816,0.10906488731699,0.580904859211667,"Gene2186"
125.862874179328,0.114200155244158,0.251337784653096,0.454369228255037,0.649563096505914,0.957930867063869,"Gene2187"
71.9932566137078,0.322408213541039,0.340814913704889,0.945992092999227,0.344152619196525,0.857069079605542,"Gene2188"
18.6129732380844,-0.044395058593435,0.297289575726392,-0.149332712002972,0.881291104214167,0.986362048840613,"Gene2189"
279.800167493019,-0.0055808237465119,0.234846627567905,-0.0237636954990901,0.98104109866083,0.996791406921093,"Gene2190"
11.5902533157577,-0.00218147656482251,0.334195471524321,-0.00652754675242137,0.994791808212209,0.997858140929364,"Gene2191"
6.73551630230476,-0.512092620453116,0.389039139434951,-1.31630103129698,0.188073024863414,0.721969385272223,"Gene2192"
28.4219415443169,0.196115513645486,0.273062867285535,0.718206454048596,0.47262999905124,0.920425430744799,"Gene2193"
11.1367864204259,0.114343454615342,0.373108847337534,0.306461386352227,0.759253375556714,0.976941233108903,"Gene2194"
127.665541138564,0.0885857528237926,0.288096451109825,0.30748644241377,0.758473140912852,0.976941233108903,"Gene2195"
53.9077756508436,0.113541957920833,0.306155403940085,0.370863804654753,0.710738975375858,0.967191850049682,"Gene2196"
31.9579498543357,-0.108415134748529,0.245791402159801,-0.441085952542975,0.65915077276065,0.957930867063869,"Gene2197"
56.9635387953675,-0.0345043979887979,0.300393683989973,-0.11486392633325,0.908552978407938,0.989138348463355,"Gene2198"
36.7385851351532,1.9303558880085,0.243424097853545,7.93001146981713,2.19125646867312e-15,3.81088081508369e-14,"Gene2199"
67.9906309237106,0.36853667070963,0.232183773081994,1.58726282124584,0.112453131925813,0.588759853014729,"Gene2200"
59.7553913740207,-0.00908550575751794,0.223768697009671,-0.0406022195192264,0.967613014697034,0.995750322977152,"Gene2201"
48.9972326881603,-0.72387468611893,0.231406654945383,-3.12814982045257,0.00175910488536074,0.022196907070798,"Gene2202"
51.8227738936239,-0.50865180627724,0.282502443085878,-1.80052179627564,0.071778285112912,0.469139118385046,"Gene2203"
12.1523989027599,0.0693196930045291,0.343159259244258,0.202004437115269,0.839913255374086,0.985732611815519,"Gene2204"
150.080471653391,0.115589164037884,0.286239984580776,0.40381906883895,0.686345773011644,0.965476632893769,"Gene2205"
8.9301615842984,0.0415712769566667,0.335019721159773,0.124086059210947,0.901247135986295,0.989068835901661,"Gene2206"
806.630339582667,-0.306893207042978,0.235657554878354,-1.30228461040171,0.192819110548276,0.725565796983164,"Gene2207"
369.620836771279,0.0137418140974303,0.23303154724485,0.0589697586438437,0.952976195285866,0.993471607857056,"Gene2208"
99.9160826801905,0.00159634507726988,0.259099986733596,0.00616111601314447,0.995084171756091,0.997858140929364,"Gene2209"
10.2620822943058,0.381063913555082,0.331604603570778,1.14915145764479,0.25049353310172,0.785246185271849,"Gene2210"
87.9768693883054,0.135413345019709,0.298977433667091,0.452921624748744,0.650605178809484,0.957930867063869,"Gene2211"
7.40183083373262,0.268447475362434,0.348557719204048,0.770166490575648,0.441201138552933,0.905307779082269,"Gene2212"
38.6955784037653,0.231744777445525,0.299478305082218,0.773828265729974,0.439032354881403,0.905307779082269,"Gene2213"
428.829032525928,2.34088982175213,0.164967126455358,14.1900381733666,1.05601234104676e-45,8.12317185420588e-44,"Gene2214"
151.547354522336,0.341521651247941,0.256254556010456,1.33274372391648,0.182615919251212,0.711259666022247,"Gene2215"
59.0686594297235,-0.0110285974053133,0.273793362476995,-0.0402807332710265,0.967869313933792,0.995750322977152,"Gene2216"
39.4851812445951,0.279999080023442,0.296596171604539,0.944041450395974,0.345148466980336,0.858044666203446,"Gene2217"
76.493703757046,-0.389388886040606,0.242589223494028,-1.6051367840344,0.10846370574047,0.578473097282505,"Gene2218"
6.69114817664966,-0.436035392899915,0.417567453662045,-1.04422743936556,0.296380174661384,0.819908938384538,"Gene2219"
28.1362477296523,-0.283662103904566,0.251825206260207,-1.12642458678844,0.259985844620138,0.792639770183348,"Gene2220"
1682.16065814155,2.6080893648238,0.167551893809585,15.565860256929,1.24189121041233e-54,1.83983883024049e-52,"Gene2221"
7.47339202891509,-0.179921129009142,0.400792786756723,-0.448913091637931,0.653494351655274,0.957930867063869,"Gene2222"
326.873269009579,0.303754070101353,0.248643640082314,1.22164423751516,0.221842191984179,0.757511449246019,"Gene2223"
103.665665546467,-0.00173691426415316,0.261391347369023,-0.00664488048910452,0.994698191465787,0.997858140929364,"Gene2224"
32.63085467303,0.439593236436909,0.242803830034328,1.81048724138642,0.070220261139438,0.463989985292261,"Gene2225"
762.43644343327,0.492021005616963,0.236900317775367,2.07691154759659,0.0378097237623978,0.326649881316612,"Gene2226"
47.9368905183765,-0.175638553384376,0.286422873812366,-0.613214130025927,0.539734762976554,0.933409944671017,"Gene2227"
512.44339937184,-0.155569531618952,0.279372461948851,-0.556853494198129,0.577627531221403,0.947334508931418,"Gene2228"
49.1550872384637,-0.660067780099286,0.30354744073604,-2.17451274996342,0.0296666489282213,0.271548273942529,"Gene2229"
332.556818717486,2.55846321376034,0.182176306671877,14.0438856210235,8.397899051032e-45,6.22066596372741e-43,"Gene2230"
26.431050620675,0.0308782106045271,0.274918701191295,0.112317606880593,0.910571581864528,0.989138348463355,"Gene2231"
9.9212545482149,-1.31871392182063,0.340206611550223,-3.87621485605948,0.000106094008890314,0.00141931784468647,"Gene2232"
5.34009636611606,0.51673915276858,0.423606242538497,1.21985726572861,0.222518988216018,0.757511449246019,"Gene2233"
21.4032390144325,-0.154479413844911,0.314396291480556,-0.491352531918988,0.623177131157108,0.95592604582585,"Gene2234"
142.452972282034,-0.142404886484349,0.235918951211375,-0.603617834655255,0.546097752717806,0.935334983406104,"Gene2235"
12.3401143947808,-0.43071428081633,0.310849362449263,-1.3856045173219,0.165867698103337,0.687819465675621,"Gene2236"
10.8742177681856,-0.287876046482729,0.349105025367894,-0.824611579794243,0.40959214503528,0.895283377126294,"Gene2237"
27.7930110498796,0.0599818203857884,0.332258293848434,0.180527684323662,0.85673832247055,0.986071618700012,"Gene2238"
59.1281012682963,-0.0315399059826662,0.219971320459826,-0.143381900498371,0.885988576584442,0.987165084295334,"Gene2239"
30.2454235860389,-0.39637658736785,0.284258730392598,-1.39442185934062,0.163190250908823,0.68475600877336,"Gene2240"
259.039692487218,0.0413691948437914,0.329469680931539,0.125562979655137,0.900077868916377,0.989068835901661,"Gene2241"
83.3431757660244,-0.37855300426281,0.208991096244771,-1.81133555957545,0.0700889244132997,0.463989985292261,"Gene2242"
58.7605708940583,0.282465654558409,0.271562517268201,1.04014963994254,0.298270384250744,0.822247785667109,"Gene2243"
12.8172830720452,-0.608330239403644,0.356206414459929,-1.70780259621652,0.087672977200069,0.52405318368313,"Gene2244"
14.5055551845998,0.536218408372971,0.287137244487951,1.86746379533315,0.0618368481556002,0.442937311257698,"Gene2245"
83.5162625363976,0.0678349646864733,0.249347723321031,0.272049665354823,0.785583831491384,0.981060045571507,"Gene2246"
37.7188319757414,0.349175503865484,0.248942831240138,1.40263329586968,0.160726217704265,0.681043295357053,"Gene2247"
178.034515228012,-0.335001661499117,0.262441880889932,-1.27647942608526,0.201786095089068,0.736383351444558,"Gene2248"
7.47374945536483,-0.561194832898345,0.349100288501389,-1.60754617335732,0.107934609069554,0.577963100774049,"Gene2249"
77.034650852483,-0.031344835172209,0.250239070130564,-0.125259557413855,0.900318068462837,0.989068835901661,"Gene2250"
34.1943667451912,-0.546891870219339,0.300198627231992,-1.82176672579086,0.0684903885521764,0.458129689312217,"Gene2251"
277.032053722205,0.334284830242047,0.325803848191465,1.02603094499239,0.304876998010237,0.829555743821457,"Gene2252"
83.9559770325623,-0.267097570637649,0.252931247170493,-1.05600859374092,0.2909642886696,0.814318168400499,"Gene2253"
15.2703748931015,0.471591621907544,0.356539710023528,1.32269031653283,0.185938385114449,0.717216528888908,"Gene2254"
11.4723060713064,0.125785245642022,0.329691165404021,0.381524465442919,0.70281412077303,0.965980775014465,"Gene2255"
80.6327446023679,0.0484909237117761,0.227154178029986,0.213471414579814,0.830959283112973,0.985732611815519,"Gene2256"
39.4877371316091,-0.451497301833118,0.297458947100627,-1.51784744158454,0.129052862175458,0.610976906461556,"Gene2257"
41.678476362318,0.102220191221842,0.238080080395873,0.429352136692299,0.667666980200384,0.962056167435712,"Gene2258"
46.6215145055695,0.0826156559517198,0.197340588982371,0.418645025728084,0.675475578149201,0.964862029162694,"Gene2259"
266.444892561899,1.50870982658427,0.176796366160941,8.53360201538789,1.41860250263521e-17,2.78157353457884e-16,"Gene2260"
15.3628208698993,0.0677657762462462,0.311374121344882,0.217634580399789,0.827713838970288,0.985732611815519,"Gene2261"
3753.43116957662,0.0135298840943925,0.275356956065497,0.0491357991739794,0.960811074235866,0.994763555173913,"Gene2262"
72.9429327935825,-0.518673228074655,0.242492008363846,-2.13892916131246,0.0324414059048124,0.290551359888943,"Gene2263"
20.656110875778,0.122391085139222,0.301602585172749,0.405802506862201,0.68488771658003,0.965476632893769,"Gene2264"
43.0728271083748,-0.372938956887913,0.245976456160297,-1.51615712621243,0.129479626206011,0.610976906461556,"Gene2265"
103.148592230819,0.264429692404384,0.268511876662226,0.984797006714985,0.324723791238771,0.846642226700742,"Gene2266"
275.755189626992,1.66571665199755,0.17553600570597,9.48931613943462,2.32554868430516e-21,5.53702067691704e-20,"Gene2267"
7.33487164743795,-0.130489703413927,0.440315915478921,-0.296354728109241,0.766959194945041,0.977265145689917,"Gene2268"
4.74048091946789,-0.535471831396105,0.441050095987652,-1.21408392440548,0.224715678034131,0.759816324713883,"Gene2269"
52.8271078341994,0.29957075127385,0.273540417572341,1.09516083192578,0.27344618192135,0.804758106465186,"Gene2270"
252.919334686999,1.37963163311753,0.164495459848942,8.38704991848688,4.98493364373352e-17,9.45011117295454e-16,"Gene2271"
35.8300718941418,-2.54020796115042,0.248962054575392,-10.2031932757093,1.91858587405001e-24,5.72712201208958e-23,"Gene2272"
175.124638173702,0.0390147806296607,0.254244847915069,0.153453574180955,0.878040599041224,0.986362048840613,"Gene2273"
79.002559536479,0.440343320532775,0.23972642859488,1.83685763440343,0.0662309149438936,0.449874585910079,"Gene2274"
95.8776667887706,0.431234672400388,0.257446590413822,1.67504518784738,0.093925365991713,0.541784618722992,"Gene2275"
384.493546254858,0.210620705144875,0.257612004340117,0.817588860753551,0.41359199024491,0.897649463363885,"Gene2276"
12.5673926490341,0.534350264213843,0.295733339038687,1.80686515071586,0.0707833073868071,0.464914991046352,"Gene2277"
19.0776530117994,-0.36586350455723,0.295674275553418,-1.23738699916467,0.21594344303862,0.753204122952887,"Gene2278"
69.9496221729812,0.100573293937138,0.270121218267667,0.372326522818648,0.709649753518948,0.96716849257703,"Gene2279"
65.2756829437044,-0.394960035705241,0.305703067229008,-1.29197276064413,0.196366577995865,0.732028249751593,"Gene2280"
3.27443968093179,0.308999851106399,0.495759663898727,0.623285582930203,0.533096870130381,0.930767123754484,"Gene2281"
106.179935342751,-0.214807504709823,0.234351250351351,-0.916604901351169,0.359349715062199,0.867702438201711,"Gene2282"
8.57125985048202,-0.836850550676498,0.347583868022815,-2.40762195160786,0.0160567984836757,0.166391694131355,"Gene2283"
13.3641357603707,-0.410655736123065,0.321423298919223,-1.27761658070178,0.201384651368451,0.736324136630535,"Gene2284"
403.718737328562,0.404288348543913,0.292855784317149,1.3805032039459,0.167431763848402,0.68901960431441,"Gene2285"
124.594132162969,-3.00887753018122,0.205387446008344,-14.6497635987887,1.3518523153953e-48,1.31888030770273e-46,"Gene2286"
23.3430803078836,0.321694935321769,0.27308916390734,1.17798498746336,0.23880259125806,0.770952675570817,"Gene2287"
365.662341012721,-0.175723381046635,0.208834320051554,-0.841448766674247,0.400096575336709,0.889438539039225,"Gene2288"
27.123602993504,0.0554698808709952,0.262632600611371,0.211207141618631,0.832725638248254,0.985732611815519,"Gene2289"
178.309404990361,0.46179361282556,0.29334611906956,1.57422779033275,0.115434796766667,0.592303611844575,"Gene2290"
254.111609963108,0.253621154602797,0.281756420061105,0.900143303026758,0.368043993968032,0.869258456282932,"Gene2291"
230.177389941614,0.0627567330673334,0.221225074745869,0.283678209350476,0.776656995417238,0.977815729396078,"Gene2292"
225.186376928971,-0.147383064987337,0.187153789595101,-0.787497091596136,0.430990930304492,0.905307779082269,"Gene2293"
33.0527330945188,-0.379295065702403,0.239398064297839,-1.58436981023587,0.113109587875441,0.588772986091681,"Gene2294"
28.6661893989778,-0.28456109433966,0.258347597064631,-1.1014659999662,0.270693894294341,0.801531082783688,"Gene2295"
257.638095887135,0.15964760232225,0.241879452974888,0.66002961540857,0.509234824503123,0.928583583948193,"Gene2296"
41.1668805198816,-0.584591460267732,0.298521238884427,-1.9582910162518,0.0501958743618491,0.390629372465751,"Gene2297"
15.4629855301678,-2.19025060839427,0.320284395521183,-6.83845556955775,8.0051482712403e-12,1.23631633532669e-10,"Gene2298"
17.6088740967512,0.163742887086135,0.325796030300056,0.502593254237409,0.615250272998108,0.95592604582585,"Gene2299"
244.726698997878,-0.182835267359814,0.247100958240699,-0.739921320668112,0.459347736651658,0.912103307738859,"Gene2300"
142.528417442853,0.021249619374107,0.22680041856243,0.0936930342051273,0.925353003835826,0.989138348463355,"Gene2301"
295.506930250654,-0.551684737837446,0.207516674280795,-2.65850799580062,0.00784874881700729,0.090475490685963,"Gene2302"
23.5650482304134,0.166241136329819,0.323433745633023,0.513988223475113,0.607260224254149,0.95592604582585,"Gene2303"
71.747454727764,0.210210910894886,0.224576696895427,0.936031715671595,0.34925685848346,0.863428574742793,"Gene2304"
13.2432640141312,-0.36172563367867,0.300542731010824,-1.20357472117881,0.228753994849173,0.761212126574736,"Gene2305"
62.7087929533196,0.2322692114188,0.326081088544138,0.712305066374189,0.476275887424897,0.920425430744799,"Gene2306"
17.5692438417519,-0.406216224095034,0.296450853014226,-1.37026498647161,0.170604198642074,0.694218509225124,"Gene2307"
86.8221405048097,0.0700046457565721,0.241813621780411,0.289498355142882,0.772200038436862,0.977265145689917,"Gene2308"
48.1149203304797,-0.0369118389079277,0.291734557288798,-0.126525425204898,0.89931602436674,0.989068835901661,"Gene2309"
300.380583613543,0.0122694343768027,0.243235601870286,0.0504425926240264,0.959769695562331,0.994763555173913,"Gene2310"
76.2324209318833,0.0882362700534272,0.237900231040083,0.370896109128035,0.710714913266235,0.967191850049682,"Gene2311"
31.431237856547,-0.335424748894778,0.282328488199176,-1.18806554391402,0.234807587923182,0.768757852360615,"Gene2312"
6.98381418428364,-0.24285247142658,0.383747324398321,-0.632844728773939,0.526835044367269,0.929644202129746,"Gene2313"
117.104534344731,2.92645618783006,0.197542866863432,14.814284283184,1.18444122386246e-49,1.3934602633676e-47,"Gene2314"
26.2583208484474,-0.21544697556509,0.277992173776438,-0.775010938755251,0.438333195873761,0.905307779082269,"Gene2315"
210.753184580289,0.0852172979308361,0.192866578600068,0.441845852969396,0.658600755333658,0.957930867063869,"Gene2316"
100.081401014498,-0.361939466706869,0.231219194952783,-1.5653521619638,0.117500358683077,0.593123873237345,"Gene2317"
25.6025194891496,0.425810176909966,0.258516857077569,1.64712731588795,0.0995318795787674,0.554495150856643,"Gene2318"
65.8657423128202,0.344088255811459,0.244668040107997,1.40634737442446,0.159620998965177,0.679238293468839,"Gene2319"
63.9816371325523,0.116905714291989,0.203881428463067,0.573400506231822,0.566373547630241,0.946945345353593,"Gene2320"
71.715814034886,0.286319823687123,0.212631386978103,1.34655484195571,0.17812364636136,0.703789143075765,"Gene2321"
42.5220990649275,-0.887983626697491,0.274587232012305,-3.23388534925651,0.00122118468169315,0.0155564927604223,"Gene2322"
209.887539451564,0.145852628162182,0.22532710208667,0.647292876939772,0.517442410711323,0.928980988709736,"Gene2323"
241.762386431085,0.380978226839384,0.223350660880844,1.70574031586427,0.088056439841564,0.52405318368313,"Gene2324"
15.143160233404,-0.615985173419773,0.278362148038909,-2.21289129200739,0.0269051412005491,0.250280383260922,"Gene2325"
188.303818190291,0.0363235231834869,0.220558058402626,0.164689168224263,0.869188643067842,0.986071618700012,"Gene2326"
22.7275834507726,0.00190587864539012,0.326527576623564,0.00583680761391649,0.995342927763601,0.997858140929364,"Gene2327"
68.8528099812755,0.177311769323882,0.239362897149213,0.74076547132261,0.458835654307164,0.912103307738859,"Gene2328"
151.579643432648,-0.254517410858038,0.283345858671667,-0.898257034887408,0.369048532731882,0.869258456282932,"Gene2329"
94.9250046274092,-0.0645063309004887,0.277717210935746,-0.232273436288445,0.816325643053183,0.983621523514424,"Gene2330"
40.7381008074073,0.166520975778023,0.324323974599849,0.513440228966967,0.607643411112226,0.95592604582585,"Gene2331"
56.5981937882202,0.833486638322043,0.251951008976866,3.3081297896234,0.000939212710427852,0.0120027183441259,"Gene2332"
689.713515858874,-0.268521096912479,0.242658978352338,-1.10657804106712,0.26847640561087,0.79961813849686,"Gene2333"
839.387737252865,2.07261746041563,0.163792768596117,12.6539008906206,1.06454975466553e-36,5.60289344560807e-35,"Gene2334"
52.6416395796995,-0.274800136868439,0.241894770085944,-1.13603174128487,0.255943280296055,0.789044479997369,"Gene2335"
22.6660573457752,-2.14860760306851,0.278774385706301,-7.70733508254288,1.28472161982877e-14,2.18676020396386e-13,"Gene2336"
465.359338412502,0.139674233437241,0.236028152421026,0.591769380069928,0.554005029979116,0.939708843355308,"Gene2337"
62.578976605777,0.062501263596835,0.262864748759788,0.23776966630832,0.812059746802613,0.983621523514424,"Gene2338"
89.7755952915334,-0.348752573476766,0.221614348128941,-1.57369130844295,0.115558832182801,0.592303611844575,"Gene2339"
263.709145833426,-0.31835759004306,0.225940179138686,-1.40903486602817,0.158824858729335,0.67729150844066,"Gene2340"
27.648423065019,0.265048158999866,0.260599787496356,1.01706974340327,0.30912025258919,0.832086817198359,"Gene2341"
35.9474191334263,0.230547438415708,0.288556362660012,0.798968479816012,0.424308689089499,0.904386549185102,"Gene2342"
33.0899633029717,-0.234774293141222,0.299736557707435,-0.783268797563157,0.433469282214656,0.905307779082269,"Gene2343"
55.1920571092278,-0.108305275660488,0.195207409198867,-0.554821541379877,0.579016731393075,0.947334508931418,"Gene2344"
3.70106294040128,0.221730727023631,0.464048288830075,0.477818219269038,0.632779592473418,0.957930867063869,"Gene2345"
31.9652872267441,0.0798961897545493,0.322761570051015,0.247539351546472,0.804490840738938,0.981522064235859,"Gene2346"
142.419329407802,0.0978287478841887,0.261924026510614,0.373500473352811,0.708775993094263,0.96716849257703,"Gene2347"
83.8865373082731,0.0102780241491319,0.279937449188968,0.0367154311754617,0.970711904640138,0.996066844846464,"Gene2348"
89.9696598365521,-0.407740975857367,0.283500625101551,-1.43823660251653,0.150366933066327,0.659504092396171,"Gene2349"
8.0102057369576,0.203983232207749,0.342084618393828,0.59629466289803,0.550978395853125,0.937727038488801,"Gene2350"
63.8892523551084,0.182874164586587,0.307177325947015,0.59533744563598,0.551617930391037,0.937727038488801,"Gene2351"
42.5110804919691,0.0322540596919942,0.291745167036527,0.110555592127276,0.91196876388034,0.989138348463355,"Gene2352"
51.5529042299983,-0.00494373791410432,0.288075311649735,-0.0171612689952248,0.986307960500051,0.996882468034877,"Gene2353"
130.919344398508,0.0731804969961908,0.274805464539943,0.266299278723236,0.790008728547435,0.981522064235859,"Gene2354"
323.689157830624,0.329855475211745,0.256126670885021,1.28786070607938,0.197794455849072,0.734389033437362,"Gene2355"
42.272257116872,0.361761474462024,0.294028998765172,1.23035984879487,0.218562381792478,0.754604995551524,"Gene2356"
28.4965607603039,0.217981267339135,0.293388649146999,0.742977848573541,0.457495091686117,0.911988911934083,"Gene2357"
37.0032001125204,-0.0265506869979354,0.305103213463925,-0.0870219841230048,0.930654037590628,0.989531140447239,"Gene2358"
137.900114490476,0.039890671996878,0.241696685853582,0.165044348274777,0.868909075792172,0.986071618700012,"Gene2359"
40.4267077656583,-0.56506916973372,0.234828419327417,-2.40630657631713,0.0161147349965271,0.166560568439556,"Gene2360"
33.7412962295971,0.128918124049527,0.250902515284993,0.513817583307576,0.607379533354256,0.95592604582585,"Gene2361"
50.9342791803899,0.0114546413975246,0.34100819299282,0.0335905166881599,0.973203684588851,0.996066844846464,"Gene2362"
271.08869823207,0.0164087604809322,0.268580934865143,0.0610942861196427,0.95128411966828,0.993471607857056,"Gene2363"
18.5148750755335,0.256941865562649,0.322808595045643,0.79595732426616,0.426056840474974,0.905307779082269,"Gene2364"
38.2514263587586,-0.569951232358699,0.271666710401585,-2.09797965866404,0.0359069423080056,0.31291452991726,"Gene2365"
17.1038746456341,0.105951316511909,0.31443993893325,0.336952477701635,0.736152724573628,0.971584843669412,"Gene2366"
825.256682988918,-0.196687241286525,0.271929709812704,-0.723301773175122,0.4694945036593,0.918979533251709,"Gene2367"
27.6719033046515,-0.0542213305918444,0.263222616498642,-0.205990394416295,0.83679841455478,0.985732611815519,"Gene2368"
160.456620072032,-0.241834418043071,0.21180682721828,-1.14176875797231,0.253550151810256,0.786811952863478,"Gene2369"
53.3760313823492,0.197867667991191,0.285232379544331,0.693706893681886,0.487866041922214,0.923784628815589,"Gene2370"
38.6194302228018,0.323339069086158,0.28784173661436,1.12332239545704,0.261300595642505,0.793363984935961,"Gene2371"
34.7137869003078,0.102801534424069,0.30259119478507,0.339737362473778,0.734054322334167,0.971292520455398,"Gene2372"
24.4807576951611,-0.254256231370919,0.297359260364746,-0.855047295513999,0.392524965245709,0.884253394701024,"Gene2373"
270.36652452941,0.06094692877751,0.249546705552221,0.244230548516523,0.807052268996565,0.983310714586129,"Gene2374"
65.1647502781635,-3.13971265964122,0.245622501693746,-12.7826751946203,2.04898515796777e-37,1.122731593407e-35,"Gene2375"
53.6631351669481,0.335684229978505,0.307664089300947,1.09107380956037,0.275240406109673,0.804758106465186,"Gene2376"
13.2265817561182,0.0380120726233587,0.308703457142234,0.123134586749525,0.902000523406894,0.989068835901661,"Gene2377"
31.081826772626,0.210860565764789,0.262741429548264,0.80254022415622,0.422240530217485,0.904386549185102,"Gene2378"
139.83903701873,-0.36010424856255,0.242068061964272,-1.48761569634783,0.136852271576986,0.626389234188611,"Gene2379"
14.6133993195368,-0.024834508510973,0.322665032376901,-0.0769668418298395,0.93864992308097,0.991968214616613,"Gene2380"
29.4097629349288,-0.107676588917362,0.337966498531628,-0.318601368434999,0.750028815622363,0.974859188582401,"Gene2381"
122.085744488621,0.0438410813346478,0.256190730471472,0.171126727551642,0.8641241203003,0.986071618700012,"Gene2382"
71.4540691877146,0.0527164330893621,0.315908631668447,0.166872404881577,0.867470446385172,0.986071618700012,"Gene2383"
23.3963349147633,-0.110237610029085,0.265987804478039,-0.414446106825873,0.678547428265185,0.965476632893769,"Gene2384"
374.711811512081,-0.298777110527378,0.221704548450557,-1.34763635935962,0.177775370195175,0.703789143075765,"Gene2385"
15.8178694225525,-0.308935790553691,0.362688826045129,-0.851792965122258,0.394329011580402,0.886492224952938,"Gene2386"
250.788797413342,0.145760952310012,0.265643652887734,0.548708582815691,0.583205455151207,0.947518170875313,"Gene2387"
155.374540914713,-0.206251588712979,0.249466540804967,-0.826770548256516,0.408367126147091,0.894372501504765,"Gene2388"
4.24493752845952,0.481750936272519,0.50465293655625,0.954618315628926,0.339770751434332,0.855455441624387,"Gene2389"
81.9665977704741,0.212464592917331,0.257850038582513,0.823985111987259,0.409948017402708,0.89557185669625,"Gene2390"
140.006676750529,-0.131688978930244,0.267132524038969,-0.492972465273576,0.622032043018216,0.95592604582585,"Gene2391"
24.0792087940842,-0.353676502049933,0.311392820916017,-1.13578887595909,0.256044933759146,0.789044479997369,"Gene2392"
47.8456757149379,-0.262494490159838,0.299406077355811,-0.87671730807218,0.380640203361608,0.879584525387887,"Gene2393"
7.75944610460751,-0.0137362329023383,0.406065648499861,-0.0338276161824682,0.973014614014489,0.996066844846464,"Gene2394"
18.6736373433604,0.41982481226041,0.269157533220835,1.55977359146013,0.118813394280212,0.596303108056274,"Gene2395"
64.6989043365991,-0.131982643069375,0.249683790162742,-0.528599165301641,0.597083539454836,0.953426809508721,"Gene2396"
82.8762831385786,-0.174612402973054,0.243284462441946,-0.717729365946339,0.472924172883103,0.920425430744799,"Gene2397"
54.4235263456171,-0.17117102026572,0.205618443293388,-0.8324691964596,0.405144158229412,0.893124797630876,"Gene2398"
22.5025466199498,0.497920870636545,0.295477107048502,1.68514195773147,0.0919611862140924,0.533882068006342,"Gene2399"
106.234268681615,-0.405254954950107,0.217133926302598,-1.86638247578752,0.0619878731195359,0.442937311257698,"Gene2400"
241.385555282563,-0.0844297682269087,0.249826118299291,-0.337954129062527,0.735397755699403,0.971584843669412,"Gene2401"
25.1324733686565,-0.0560492302560298,0.28242518065656,-0.198456915653664,0.842687590604636,0.985732611815519,"Gene2402"
55.8528483619156,0.147121385946467,0.225196122813057,0.653303370007827,0.513560720266475,0.928583583948193,"Gene2403"
34.3740875242351,-0.25157651790737,0.335689709266673,-0.749431725080132,0.453597035382102,0.909528208749712,"Gene2404"
47.3986309951513,0.118157212003114,0.292303517061156,0.404227814947546,0.68604520159875,0.965476632893769,"Gene2405"
73.3846831530547,0.264198997639067,0.265049047742636,0.996792857356747,0.318865065970444,0.842233220306125,"Gene2406"
44.6571743125095,0.0613217114279772,0.261281789536452,0.234695695925728,0.814444928598324,0.983621523514424,"Gene2407"
37.2157561058496,0.384440162462566,0.28819517871133,1.33395764697243,0.182217737222645,0.711093608673737,"Gene2408"
29.5141075891721,0.404296563614341,0.274989548324647,1.47022519974845,0.141500771851512,0.638109455925646,"Gene2409"
131.953527564313,1.93302876275717,0.180397467313296,10.7153874804688,8.6195559789365e-27,2.89732974081899e-25,"Gene2410"
40.2775547638025,-0.115302198222614,0.252949286054365,-0.455831285476856,0.648511304949063,0.957930867063869,"Gene2411"
29.4567100171412,0.109789149655049,0.256660815626388,0.427759685042321,0.668826091074808,0.963014083706209,"Gene2412"
52.5268808706546,-1.44208987443522,0.194414903950995,-7.41758911034266,1.19271440621117e-13,1.9796089729646e-12,"Gene2413"
183.274695319674,1.73676724679835,0.175705699162605,9.88452426458334,4.8588414573522e-23,1.29569105529392e-21,"Gene2414"
57.9395696957374,-0.223603461065666,0.291710080686342,-0.76652634197477,0.443363184170533,0.905307779082269,"Gene2415"
14.5027693184097,0.0454546239261712,0.478240519009683,0.0950455306888184,0.924278662328083,0.989138348463355,"Gene2416"
78.0379264498416,-0.266996374726815,0.310801105807923,-0.85905863826566,0.390308165474395,0.883305334767189,"Gene2417"
92.9870876450488,-0.186096836855451,0.274415516836038,-0.678157121000716,0.497672076538792,0.926332390021018,"Gene2418"
37.156280515138,-0.404309943720222,0.261421295244002,-1.54658381346804,0.121963635347678,0.59741489720928,"Gene2419"
97.8185958194373,-0.330949186590909,0.24167837974532,-1.36937853911327,0.170880979090634,0.694638126384693,"Gene2420"
246.221407390826,-0.0365826284094034,0.28135912720299,-0.130021118465478,0.896549718399707,0.989068835901661,"Gene2421"
73.2655578817746,-0.466563644347974,0.244914675153617,-1.90500485140522,0.0567794404763138,0.424519181131318,"Gene2422"
131.595399448504,0.00397711393726428,0.254481391735724,0.0156283094419512,0.987530920769965,0.997505980575722,"Gene2423"
234.459016675715,0.32291533628273,0.231404702738034,1.39545710377499,0.162878041714649,0.6844447118537,"Gene2424"
388.520173664084,0.0131001488027708,0.297654351180395,0.0440112793608428,0.964895412950684,0.995250554874352,"Gene2425"
34.6762585315845,0.331665316544847,0.289662508382038,1.1450060223445,0.25220666267364,0.785922201959548,"Gene2426"
31.7269798561357,0.100661608345811,0.211632374263161,0.475643713284813,0.634328227311256,0.957930867063869,"Gene2427"
29.3275906188114,0.0502633971100574,0.248523696789542,0.202247905368244,0.839722923794563,0.985732611815519,"Gene2428"
210.494780202388,-0.300790863382216,0.272428894337117,-1.10410778604858,0.269546384177572,0.800434696889598,"Gene2429"
108.155311014293,0.110317202701537,0.214138786667148,0.515166843048438,0.60643643662468,0.95592604582585,"Gene2430"
167.468748763653,-0.137358462744898,0.22651278069983,-0.606404911548558,0.54424590779175,0.934399345964732,"Gene2431"
71.9577913568247,-0.317093564683388,0.298667214133735,-1.06169525705423,0.288374053231381,0.812321276708114,"Gene2432"
39.6676467169998,-0.135597091661376,0.255849811811316,-0.529987068199904,0.596120896895823,0.953031010225137,"Gene2433"
9.73461514022062,-0.750100924921153,0.367402813723673,-2.04163086645632,0.0411881611266388,0.342521090450219,"Gene2434"
6.79643947413586,-0.323500039175658,0.383194722594846,-0.844218409337794,0.398547369190809,0.888622896746508,"Gene2435"
634.725254672827,0.170275638476098,0.219106375589188,0.777136849706989,0.437078035162086,0.905307779082269,"Gene2436"
45.7993709765248,0.0476835411830197,0.26648978871585,0.17893196363281,0.85799112443945,0.986071618700012,"Gene2437"
107.154390036246,0.111884380542132,0.297450329723085,0.376144752121444,0.706809285736738,0.965980775014465,"Gene2438"
127.977475074713,-0.0458068189677019,0.282033449169922,-0.162416263398969,0.87097806453442,0.986071618700012,"Gene2439"
330.284611986954,0.331543032788992,0.278560504242432,1.19020115105927,0.233967340895328,0.767735326974006,"Gene2440"
113.040658526487,-0.51529306274121,0.282200047751737,-1.82598503028793,0.0678525167594016,0.455386018519474,"Gene2441"
57.4279387010069,0.212006025425067,0.285808243904928,0.741777152850739,0.458222365382498,0.912103307738859,"Gene2442"
116.593477189059,-0.149940907268065,0.240177604397994,-0.624291792916717,0.532435972788182,0.93042546577227,"Gene2443"
77.386288034571,-0.0438249593822702,0.302053030588974,-0.145090281983981,0.884639590952967,0.986902945096223,"Gene2444"
25.4866779607264,0.0836396608704319,0.289340884321569,0.289069624801022,0.772528097667879,0.977265145689917,"Gene2445"
185.482669424521,0.267059919446022,0.255262711052264,1.04621594883611,0.295461341010486,0.819908938384538,"Gene2446"
57.6460167685218,-0.185460503265058,0.266899963230073,-0.694868972706406,0.487137418745824,0.923784628815589,"Gene2447"
50.2296369295487,-0.12521959989997,0.25528480699384,-0.490509409371126,0.623773473160971,0.955974671511066,"Gene2448"
12.852827187151,-1.55584286063391,0.325013454254132,-4.78701063069646,1.69283870487271e-06,2.37591397175117e-05,"Gene2449"
213.720814292721,0.201796297265728,0.277866532355906,0.726234626224278,0.467694948156103,0.918979533251709,"Gene2450"
35.1367689687817,-0.499431107412571,0.240284768892125,-2.07849673416791,0.0376636313860845,0.326092046632766,"Gene2451"
51.0678668320519,0.174171884296417,0.309392718462085,0.562947587009102,0.573470574755673,0.947334508931418,"Gene2452"
51.7922703314312,-0.0203818147735335,0.237451366558782,-0.0858357442575,0.931596991515669,0.990158805585733,"Gene2453"
47.3027600239574,-0.301107710648189,0.234957359553384,-1.28154194114432,0.200003378153222,0.736324136630535,"Gene2454"
64.0613930038076,-2.66940600627426,0.213452570217654,-12.505850848047,6.93532409967246e-36,3.55657646137049e-34,"Gene2455"
177.839179383115,-0.0188794268383388,0.231499674595078,-0.0815527143671424,0.935002404445292,0.990993539422673,"Gene2456"
99.141586101415,-0.0700803033894762,0.2289883254114,-0.306043128022226,0.759571808742172,0.976941233108903,"Gene2457"
9.38940803171507,0.806204915850499,0.356228104163067,2.26317044171633,0.0236251845669709,0.226078321215032,"Gene2458"
2.67725427783395,-0.547970613339262,0.550978867254842,-0.994540164615444,0.319959961574042,0.842233220306125,"Gene2459"
32.2665002444191,-0.301935269240468,0.263101620630264,-1.14759942761727,0.251133966190627,0.785826266459443,"Gene2460"
39.5304693008915,-0.395040061549059,0.305413374895763,-1.29346025426649,0.195851922068685,0.731501018930451,"Gene2461"
138.97655177731,2.50409349505183,0.20741731063165,12.0727314775516,1.47166969070044e-33,6.84497530558343e-32,"Gene2462"
9.95727828667325,-0.294888465201415,0.390627459441892,-0.754909717874763,0.450303154520513,0.909244128259492,"Gene2463"
25.7904787625374,-0.198454634800879,0.2656467206202,-0.747062242430664,0.455025990385102,0.909597182179115,"Gene2464"
5.57634238134902,0.11104853334381,0.411510298874649,0.269856024618321,0.787271019663405,0.981522064235859,"Gene2465"
1092.47437312507,-0.338794202734074,0.192757497044977,-1.75761881082644,0.078812390492251,0.498115359358709,"Gene2466"
113.442400125436,-0.113600939136113,0.25806217632037,-0.440207630408743,0.659786733763928,0.957948070800622,"Gene2467"
51.3855240308786,-0.0859982964939364,0.256494673934194,-0.335282971669034,0.737411637731643,0.971584843669412,"Gene2468"
5.04843162354999,-0.616621987671071,0.433693261589531,-1.4217928713282,0.155086389675727,0.667985658288688,"Gene2469"
39.8245063314708,-0.456002143535793,0.232992439121433,-1.95715425468433,0.0503293352696807,0.390907458405287,"Gene2470"
130.116014002271,0.040319369279162,0.251115191941343,0.160561250665312,0.872438976330909,0.986071618700012,"Gene2471"
125.491076452016,0.077256722355719,0.239038050568155,0.323198428752628,0.746544970782803,0.974859188582401,"Gene2472"
92.0528226332214,-0.0623865103730513,0.203752907012459,-0.306187093415244,0.759462198769654,0.976941233108903,"Gene2473"
594.544924142772,1.5428386115679,0.173115138957805,8.9122108029151,5.00249073747876e-19,1.05315594473237e-17,"Gene2474"
4.98190153074141,-0.0142711019314105,0.43072275496745,-0.0331329184883418,0.973568591996101,0.996066844846464,"Gene2475"
17.8557829916168,0.080175597589663,0.304245058098886,0.263523089218443,0.792147429657381,0.981522064235859,"Gene2476"
51.5412372352741,0.144561601082107,0.293209271009525,0.493032162947571,0.621989861757462,0.95592604582585,"Gene2477"
39.59195394789,-1.66585510091165,0.224638273587103,-7.415722504944,1.20963535620138e-13,1.99116931061956e-12,"Gene2478"
25.3666960578578,0.535743660316998,0.28322859358031,1.89155922975371,0.0585497323453373,0.431305578971177,"Gene2479"
232.060999155894,-0.939900465785367,0.251539849907679,-3.736586732203,0.000186535126450921,0.00247066392650227,"Gene2480"
4.36663264766155,0.467347053732472,0.447854191088865,1.04352502004327,0.296705199110849,0.819908938384538,"Gene2481"
15.1732084983947,-0.458553334041313,0.357553023033606,-1.28247645664071,0.199675558674524,0.736324136630535,"Gene2482"
356.568535652662,0.0357313912505328,0.233250791025135,0.153188724863456,0.878249448982154,0.986362048840613,"Gene2483"
139.651154867305,-0.143307423467334,0.250545748315271,-0.5719810630632,0.567334804014525,0.947136567636937,"Gene2484"
7.5830517665988,-0.0823337751953005,0.360581279917574,-0.22833624422799,0.819384849864027,0.984572081828103,"Gene2485"
153.407323856255,0.288675783449915,0.264570912541034,1.09110930100883,0.27522479067175,0.804758106465186,"Gene2486"
239.761396546196,2.38640678650526,0.181871158439635,13.1214141207405,2.48258734991521e-39,1.48214170144192e-37,"Gene2487"
10.4177591749112,-0.214440103869248,0.382154473760812,-0.561134615954972,0.574705771691656,0.947334508931418,"Gene2488"
89.8827095397339,0.0398348141629944,0.211545906759258,0.188303403139475,0.850638817756928,0.985732611815519,"Gene2489"
160.539511417197,0.126934402779732,0.265850089113949,0.47746609076864,0.633030261586826,0.957930867063869,"Gene2490"
13.881905433567,0.277913317805158,0.353531482491904,0.786106277851852,0.431805226725658,0.905307779082269,"Gene2491"
66.1181876622947,-1.69716506883534,0.222415850073598,-7.63059407984524,2.33674363496164e-14,3.910868008304e-13,"Gene2492"
10.9459003413971,-0.109710923968909,0.500036417915443,-0.219405867329169,0.826333899908748,0.985732611815519,"Gene2493"
121.416868859741,0.042927472844942,0.218360915708327,0.196589543992763,0.844148753624886,0.985732611815519,"Gene2494"
14.241145607396,0.468084590578788,0.309474289278594,1.51251527766629,0.13040282904401,0.611502129163,"Gene2495"
31.2765101219595,-0.403693825474313,0.25086715809686,-1.60919360085566,0.107574015225848,0.577578605239452,"Gene2496"
30.6223455967444,1.80080727245395,0.255253953248816,7.05496330040601,1.72646282736446e-12,2.72958549780942e-11,"Gene2497"
112.86510890837,0.20522712316954,0.237629369948673,0.863643762611783,0.387783615796125,0.883305334767189,"Gene2498"
38.9776365721343,-0.151639502412247,0.274712537150746,-0.551993381827478,0.580952887602192,0.947334508931418,"Gene2499"
74.2924173432062,0.235866041379229,0.267295966876296,0.88241526475552,0.377552283905356,0.874976324230257,"Gene2500"
106.118824622523,0.138699697492189,0.285170645785534,0.486374385098877,0.626701748299651,0.957889060530138,"Gene2501"
59.8070411678517,-0.0271774845553144,0.262787236225523,-0.10342010877572,0.917629553223846,0.989138348463355,"Gene2502"
50.1820241639002,0.450118206215307,0.336985135287944,1.33572125022872,0.181640400961464,0.709532816255718,"Gene2503"
84.2818708593656,0.263264322096982,0.276816881075057,0.95104142881228,0.341583345551932,0.856098610405845,"Gene2504"
67.3699112845108,-2.24565742805869,0.236528941948904,-9.49421838002309,2.2186956565404e-21,5.31424109350994e-20,"Gene2505"
53.0463558331607,0.475428282482997,0.335789746096211,1.41585110328764,0.156819103667724,0.67304336338079,"Gene2506"
85.6658446298916,-0.00103388324134981,0.279150307190987,-0.00370367939678626,0.997044898147116,0.998296972793113,"Gene2507"
356.390984717755,1.70324074856367,0.161604166493531,10.5395843778066,5.67491382125746e-26,1.84550042967722e-24,"Gene2508"
135.86144539716,0.168600794103384,0.254007114135261,0.663764062976611,0.50684132981918,0.928583583948193,"Gene2509"
253.809939939797,-0.218811483297221,0.260432759766929,-0.840184174575594,0.400805130104152,0.889438539039225,"Gene2510"
5.21911825343359,-0.218042196971991,0.474892706709604,-0.45913991495625,0.646133694908365,0.957930867063869,"Gene2511"
80.2437708050069,0.241841562531339,0.263925567849131,0.916324873343019,0.35949652581027,0.867702438201711,"Gene2512"
36.0890661189609,-2.06775325634467,0.269940102580837,-7.66004471575488,1.85868357144679e-14,3.13701868598614e-13,"Gene2513"
18.6578769184324,0.277244428709636,0.319719790571846,0.867148161875624,0.385860834855125,0.883305334767189,"Gene2514"
25.5329381208103,-0.147407498058504,0.301865323728688,-0.488322064415031,0.625321735257002,0.957613683395103,"Gene2515"
102.676307201401,-0.176847405537561,0.297637573474033,-0.594170297363311,0.55239821692668,0.938255994779924,"Gene2516"
35.03649870472,0.131861967952427,0.281499985463634,0.468426198087536,0.639479836856665,0.957930867063869,"Gene2517"
35.5453331791737,0.19867565299051,0.277447769887111,0.716083077803611,0.473940052109319,0.920425430744799,"Gene2518"
97.7613979476131,-0.132436424678682,0.252056046750228,-0.525424509295418,0.599288119175164,0.954765079684842,"Gene2519"
220.55924383239,-0.315477478009155,0.223359192832101,-1.41242217975913,0.157825689548417,0.675913017337975,"Gene2520"
563.500465204198,0.152876777136867,0.249600851712827,0.612484997898789,0.540216920705716,0.933420165366248,"Gene2521"
170.040585020557,-0.575058386287018,0.242741200346902,-2.36901846684947,0.017835362908286,0.180297081480088,"Gene2522"
1815.12453118032,2.37978600116706,0.159889031601161,14.8839853324234,4.18791763383469e-50,5.07626379858751e-48,"Gene2523"
220.524749083684,0.240005170004657,0.263542405002338,0.910689002790757,0.362459260107847,0.869227759199078,"Gene2524"
67.0131380809104,0.0702607714514551,0.27463905702785,0.255829495672679,0.798082497354588,0.981522064235859,"Gene2525"
75.7310882491253,-0.356206352333068,0.262581298523146,-1.3565564430388,0.174922189568033,0.699688758272133,"Gene2526"
549.172646942913,0.335725487295413,0.262646516258648,1.27824077805319,0.201164542035803,0.736324136630535,"Gene2527"
14.651145173888,0.0196665523453731,0.309893864007321,0.0634622192613292,0.949398443235536,0.993471607857056,"Gene2528"
30.9735716569777,-2.54553042628957,0.254316981429047,-10.0092821642732,1.38755656870026e-23,3.93633069134824e-22,"Gene2529"
68.3461103930484,-0.161736984662385,0.31612353618358,-0.511625887192596,0.608912864267832,0.95592604582585,"Gene2530"
3.52952310151024,-0.00956128816369205,0.755537152772127,-0.0126549543309828,0.989903076822485,0.997858140929364,"Gene2531"
30.3503135617365,-0.149595093761151,0.286252095817583,-0.522599121357987,0.601253252107201,0.954765079684842,"Gene2532"
86.635477415969,-0.15447675699921,0.274197039678596,-0.563378646174599,0.5731770747526,0.947334508931418,"Gene2533"
1.64369480728679,-0.123814264941594,0.670142262506113,-0.184758180268424,0.853418710376468,0.986071618700012,"Gene2534"
84.1407103506189,0.317043351722048,0.262010096717266,1.21004249719494,0.226262586270427,0.761212126574736,"Gene2535"
36.9876866136184,0.113044960935299,0.250556556815627,0.451175424710531,0.651863120281027,0.957930867063869,"Gene2536"
55.3016992693105,-2.54332496004014,0.221758426028999,-11.4688988625287,1.89049519355681e-30,7.71630691247676e-29,"Gene2537"
115.30919328961,0.52303605439503,0.307004608173927,1.70367493017797,0.0884418342344771,0.52405318368313,"Gene2538"
186.043310307719,-2.05418113568627,0.213368223924233,-9.62739951575783,6.12601472994018e-22,1.52199123725222e-20,"Gene2539"
7.63400600849012,0.119729719077239,0.388001881590851,0.308580253751177,0.757640843498196,0.976941233108903,"Gene2540"
60.7499272720832,-0.397936557981079,0.276613388416499,-1.43860194280222,0.150263335601355,0.659504092396171,"Gene2541"
28.2774367169806,0.36140821222564,0.277896519106253,1.3005136350321,0.193424986115135,0.727161601936599,"Gene2542"
61.83024091951,-0.0882559620030238,0.250052895450125,-0.352949170391138,0.72412654731281,0.968606179663051,"Gene2543"
53.2167318427858,-0.101554921436937,0.216899273856661,-0.468212362499886,0.639632732345649,0.957930867063869,"Gene2544"
12.943369855075,-0.219072061777108,0.324565465113676,-0.674970338265593,0.499694610251534,0.926881973487425,"Gene2545"
6.49923313243294,-0.258794009516982,0.381523162572906,-0.678317950007894,0.497570119931622,0.926332390021018,"Gene2546"
605.540087602445,-0.289414606578869,0.210551183625677,-1.37455701552074,0.169268822588004,0.691598866549558,"Gene2547"
11.0396073122873,-0.141685371717798,0.313294404779514,-0.452243543313554,0.651093542563651,0.957930867063869,"Gene2548"
193.135217424991,2.17464118049631,0.175552632096017,12.3874028804473,3.05786761761132e-35,1.51005808277102e-33,"Gene2549"
16.7125557533321,-0.0715569341202816,0.33030564317621,-0.21663854553677,0.828490044019909,0.985732611815519,"Gene2550"
316.372955005348,-0.540240921328632,0.193468425050847,-2.79239840395996,0.00523188943675842,0.0630348124910653,"Gene2551"
5.89393273122668,0.372193805137075,0.441631182549697,0.842770664399795,0.399356717619501,0.889435896702674,"Gene2552"
18.0368339844437,0.0710622607815277,0.308208964963893,0.230565197186437,0.817652607757954,0.984530533122161,"Gene2553"
11.9696522060787,-0.0319987473354316,0.319211813511447,-0.100242992210826,0.920151415037427,0.989138348463355,"Gene2554"
47.9877134008464,0.00707397025086164,0.278386551528571,0.0254106033930868,0.979727453555145,0.996791406921093,"Gene2555"
24.6177766266077,-0.386934499049586,0.295009825368212,-1.31159868511715,0.189655576925444,0.723921600403219,"Gene2556"
604.967040365669,-1.96900599455383,0.16381449877784,-12.019729689642,2.79885548584021e-33,1.27220703901828e-31,"Gene2557"
52.7069099686646,0.0747672821510682,0.268057576905489,0.278922472605314,0.780304322027823,0.978438021351502,"Gene2558"
231.703847325556,-0.185524117726399,0.276034905683653,-0.672103831458972,0.501517597509114,0.927550012239304,"Gene2559"
121.383189383598,0.0300866984475345,0.257882199865377,0.116668379838704,0.907122848347795,0.989138348463355,"Gene2560"
114.995509970092,-0.247659725182636,0.273236154864406,-0.906394416601043,0.364727127007447,0.869227759199078,"Gene2561"
83.9682581629366,-0.313193270989355,0.254269918614906,-1.23173544356102,0.218047925290112,0.754604995551524,"Gene2562"
56.4023544369878,0.616793439968145,0.225485759494971,2.73539864047113,0.00623047712736454,0.0730847756875606,"Gene2563"
20.7802259066119,0.0187565172003228,0.287590336649969,0.0652195668978672,0.94799918216349,0.993471607857056,"Gene2564"
34.6521537671242,-0.0872864620132607,0.247974017751487,-0.351998418240482,0.724839448722411,0.968606179663051,"Gene2565"
79.067688853897,-0.308939220172872,0.236733435477559,-1.30500881529325,0.191889846088925,0.72479639693645,"Gene2566"
3.63282786098968,1.20694554553042,0.516989362273705,2.33456553191406,0.0195661289326939,0.193796880472584,"Gene2567"
5.04104888403367,-0.1929243121664,0.462543728400388,-0.417094212548485,0.676609497950339,0.964862029162694,"Gene2568"
28.0183812449308,0.269715819352066,0.291482782476434,0.925323331486559,0.354797745973905,0.864306323931558,"Gene2569"
5.16268325046384,-0.253381593302453,0.444714671310055,-0.5697621635824,0.568839021249457,0.947334508931418,"Gene2570"
64.0427527830984,-0.212754573798902,0.256091088809151,-0.830776950452404,0.406099646097166,0.893124797630876,"Gene2571"
102.856203172534,0.0258805981807795,0.268969817615952,0.0962211983864041,0.923344895051601,0.989138348463355,"Gene2572"
90.2710955885704,-2.7965497075854,0.209050068546286,-13.3774158843015,8.19471710277015e-41,5.12169818923134e-39,"Gene2573"
186.007770185325,0.385375952185402,0.252104633141237,1.52863494567156,0.126354967774609,0.605514519622364,"Gene2574"
104.395610626248,-0.111871554073537,0.293873218064887,-0.380679650939936,0.703440970168218,0.965980775014465,"Gene2575"
93.4598919478743,-0.410843671086842,0.25936649868293,-1.5840275177138,0.113187457165335,0.588772986091681,"Gene2576"
72.207529326795,0.108366437004777,0.236301322207596,0.458594289665355,0.646525538041256,0.957930867063869,"Gene2577"
56.7357703468172,-0.171419073013842,0.244136463042979,-0.702144492785843,0.482589057559934,0.923566775997116,"Gene2578"
19.3886353668185,-0.352476890190067,0.271499227680921,-1.29826111551343,0.194197623372297,0.7280135834013,"Gene2579"
907.198339021722,-0.269096020818173,0.253710728894798,-1.06064107730247,0.28885304718323,0.812413365220214,"Gene2580"
19.8550954947042,-0.275422920043348,0.311742839866374,-0.883493972664794,0.376969437654506,0.874821903085432,"Gene2581"
1396.02293312429,2.51736613246175,0.164174368833272,15.3334905463731,4.56767412004491e-53,6.5252487429213e-51,"Gene2582"
153.576462964962,-0.418740767814481,0.243247331057335,-1.72146089329868,0.085167222672052,0.520105176623218,"Gene2583"
602.084057998609,-0.0583469068463865,0.282171669926334,-0.206778047071909,0.836183201523819,0.985732611815519,"Gene2584"
148.088075267087,0.157465509003134,0.227795585561284,0.691257947844518,0.489403453528601,0.923784628815589,"Gene2585"
28.1440416084427,0.0327771593217789,0.289081786311684,0.11338368888602,0.909726370698998,0.989138348463355,"Gene2586"
40.0760206314441,0.334573803384712,0.296261790643117,1.12931810294682,0.258763666900765,0.792040571133092,"Gene2587"
11.7917496506125,-0.224733077392053,0.342798549989552,-0.655583512237443,0.512092136904017,0.928583583948193,"Gene2588"
203.94467043227,0.219969845226127,0.231126725852681,0.951728297169469,0.341234794496228,0.85599331533095,"Gene2589"
54.3888191473426,-0.12461773431023,0.269761112698191,-0.461955887799338,0.644112954472295,0.957930867063869,"Gene2590"
47.7564444126661,0.614799165900349,0.253190293286923,2.42820985717506,0.0151735605296697,0.159302472752438,"Gene2591"
64.4203539224009,0.0729152931271973,0.31780309733224,0.229435438922012,0.818530494409969,0.984572081828103,"Gene2592"
20.9543725046019,-0.106793532678761,0.271672417869741,-0.393096706379541,0.694248056631342,0.965949908811616,"Gene2593"
36.6692085044829,-0.0121202027021182,0.286262818540505,-0.0423394234847277,0.966228118052899,0.995598266927253,"Gene2594"
138.963761042963,0.435294048611199,0.228694589106518,1.90338586632871,0.0569902138900025,0.425300103656735,"Gene2595"
237.316584923659,0.17018963371908,0.269942999395851,0.630465076330836,0.528390345205934,0.929644202129746,"Gene2596"
54.0281447767272,-0.0199279542197552,0.346226937578032,-0.0575574920864263,0.954101109907401,0.993471607857056,"Gene2597"
65.4252797029531,-0.129178458049593,0.256978664334477,-0.502681646292072,0.615188115681866,0.95592604582585,"Gene2598"
257.679379263876,2.70224191660031,0.183789893748584,14.702886331154,6.17696825418206e-49,6.50207184650743e-47,"Gene2599"
66.8193137183637,0.739774688221752,0.246602797685183,2.99986332339246,0.00270100777166992,0.033762597145874,"Gene2600"
33.4527744846361,0.443412483101559,0.227965669201871,1.94508447106965,0.0517648125710669,0.401277616829976,"Gene2601"
110.349847148445,-0.173362043116355,0.240024006190653,-0.72226960072757,0.470128738999077,0.919117769304158,"Gene2602"
111.373002213218,0.283052311060208,0.256642869705383,1.10290346809612,0.270069087999265,0.801391952520076,"Gene2603"
71.4785688146895,0.15451519172475,0.227246435409591,0.679945502538907,0.496538968565858,0.926332390021018,"Gene2604"
112.944597573179,-0.1255533251211,0.252639493037329,-0.496966343668799,0.619212785447358,0.95592604582585,"Gene2605"
28.5269463944998,0.26683932851072,0.271409636037864,0.983160850167802,0.325528279664626,0.846642226700742,"Gene2606"
64.7824919138712,-0.117189165797845,0.236182954405262,-0.496179608274195,0.619767696724105,0.95592604582585,"Gene2607"
100.141293200162,0.0753992730611991,0.331765152437407,0.227267006517281,0.820216126858167,0.98471246927671,"Gene2608"
42.1541817886824,-0.00273312872046619,0.300672636047538,-0.00909004808816081,0.992747290854291,0.997858140929364,"Gene2609"
47.250468849549,0.232398748882868,0.294212978270536,0.789899719070762,0.429586335467751,0.905307779082269,"Gene2610"
32.7598504613266,-0.517546480359093,0.286968188379701,-1.80349774405762,0.0713100794171829,0.467607078145462,"Gene2611"
105.785781013741,0.71127599005654,0.278374112309539,2.55510824679572,0.0106154779850387,0.117965201424094,"Gene2612"
62.9411319417709,-0.224148645411016,0.282275247629828,-0.794078288100418,0.427149856537314,0.905307779082269,"Gene2613"
4757.29012509955,2.69982802961971,0.15816112903422,17.070111007083,2.47728417671607e-65,6.60609113790951e-63,"Gene2614"
30.2578377584836,-1.3368934263963,0.235582227925193,-5.6748483880576,1.38811540375072e-08,2.01907695091014e-07,"Gene2615"
43.6469669725324,0.139662555611431,0.215347583253995,0.648544801390708,0.516632643829902,0.928583583948193,"Gene2616"
17.3439047626984,0.365647791438005,0.371874440164568,0.983256045444242,0.3254814372286,0.846642226700742,"Gene2617"
175.759415661887,-0.201730631413077,0.238277155432718,-0.846621788172386,0.397205965492111,0.887611096071756,"Gene2618"
35.8134793786755,-0.138378115342535,0.310195759271662,-0.446099313760593,0.655525508497046,0.957930867063869,"Gene2619"
50.5937932609686,-0.0537557374710318,0.237879616557774,-0.225978746093934,0.821217950936785,0.98471246927671,"Gene2620"
178.812894391294,-0.0657393746023179,0.237960567630027,-0.276261631315854,0.78234712332022,0.978867509872988,"Gene2621"
313.210805169799,-0.328331407708182,0.346479050129686,-0.947622684792308,0.343321573476686,0.856163524879517,"Gene2622"
34.4447292647696,-0.619482323473794,0.274115543446253,-2.25993139858287,0.0238255088362133,0.227451158340938,"Gene2623"
39.4597368551336,0.0837484787786499,0.233038692672596,0.359375852216572,0.719313936926606,0.968606179663051,"Gene2624"
70.9574769583964,0.221502809385568,0.255921809570217,0.865509702973537,0.38675909264214,0.883305334767189,"Gene2625"
211.669130243547,-0.278104974444392,0.224816430112402,-1.23703136067656,0.216075440158697,0.753204122952887,"Gene2626"
59.3742804935523,0.0783403950555157,0.263779732300797,0.296991714913796,0.76647283446758,0.977265145689917,"Gene2627"
60.185009502622,0.0687619868611477,0.239360758657897,0.287273432983327,0.773902963123619,0.977458747235388,"Gene2628"
584.850730151396,2.91683088811251,0.149031907352255,19.5718550472432,2.68720128547737e-85,5.37440257095475e-82,"Gene2629"
130.591874215504,0.20029980098853,0.260814448165097,0.767978163777716,0.442500157958249,0.905307779082269,"Gene2630"
185.952865341372,0.215105605154789,0.247712404647218,0.868368321970528,0.385192730886373,0.883305334767189,"Gene2631"
6.24851765908077,0.299329687978095,0.417683535729198,0.716642295836537,0.473594839554032,0.920425430744799,"Gene2632"
12.0329640952442,0.101348450267721,0.338400816938358,0.29949233333613,0.764564420854791,0.977265145689917,"Gene2633"
14.2682224410532,-0.125571139049794,0.330196523143501,-0.380292129833303,0.7037285769487,0.965980775014465,"Gene2634"
79.6375824645742,0.484040364730618,0.245563233936405,1.97114346871638,0.0487074679022716,0.384820952274171,"Gene2635"
9.77139415379508,0.0735504112326466,0.33369927946403,0.220409259950394,0.825552434334979,0.985732611815519,"Gene2636"
39.8933982779961,0.00894531886963867,0.262438639405106,0.0340853728319727,0.972809072497296,0.996066844846464,"Gene2637"
84.3863765298806,-0.373105872684143,0.292503043527279,-1.27556236059932,0.202110266652428,0.736383351444558,"Gene2638"
619.235669053139,0.08054676161253,0.21809827756472,0.369314065713463,0.711893642551453,0.967434625240245,"Gene2639"
37.8826137346332,0.200701431249953,0.281444411650153,0.713112156227258,0.475776357824766,0.920425430744799,"Gene2640"
57.2088341078208,0.157342025566365,0.280252605528981,0.561429305070615,0.574504911142767,0.947334508931418,"Gene2641"
64.371844015296,0.322793942237938,0.258160377384599,1.25036206372231,0.211167316045986,0.749900257255422,"Gene2642"
24.4792382202496,0.42731480277261,0.309210196808046,1.3819557284454,0.166985294984702,0.688149199318361,"Gene2643"
1.09160081613648,1.36070112997093,0.897935881477503,1.51536558237541,0.129679848396465,0.610976906461556,"Gene2644"
294.338918399775,-0.241810032669702,0.262799407541972,-0.920131574615829,0.357504006100846,0.866676378426292,"Gene2645"
33.12855119102,0.619649958933323,0.242865698036384,2.55140995185122,0.0107288044750793,0.118878719945477,"Gene2646"
22.1061992535724,-0.545722782088585,0.296161819285997,-1.84265069482704,0.0653800271308812,0.449281379462633,"Gene2647"
70.7139352722552,-0.41566721345596,0.266871797884142,-1.55755391446951,0.119339030595586,0.597289659431559,"Gene2648"
24.7396578942072,0.0635209711555673,0.24910743413145,0.25499428139125,0.798727516062041,0.981522064235859,"Gene2649"
152.040457716369,-0.267556010343569,0.223062083316558,-1.19946880422464,0.230345707823695,0.761212126574736,"Gene2650"
32.5199247369572,-0.0682941099259432,0.30384888230706,-0.224763406754702,0.822163334882009,0.984926103935111,"Gene2651"
130.168747432743,-0.186294221149736,0.263411695348411,-0.70723595208378,0.479419859945771,0.92097011974977,"Gene2652"
41.1181601662687,0.0290499984622339,0.241506686011702,0.120286518530698,0.904256183223093,0.989068835901661,"Gene2653"
11.3227656654167,-1.3809006520108,0.318290979385167,-4.33848503868455,1.43468249498196e-05,0.000195861091465113,"Gene2654"
121.975809083496,0.625323995415696,0.236426175611931,2.64490170683174,0.00817146500186049,0.0933881714498342,"Gene2655"
1023.16640322479,-0.178399625009857,0.274409821576794,-0.650121136279851,0.515613977352092,0.928583583948193,"Gene2656"
16.5350187515993,-0.485764365004561,0.30930731398112,-1.57049103932348,0.116300917434378,0.592303611844575,"Gene2657"
35.1526931343765,-0.223670521215789,0.299290614115847,-0.747335568395781,0.454861027478824,0.909597182179115,"Gene2658"
11.2651569514579,-0.155065548656102,0.356401726732329,-0.435086412397104,0.663499705673954,0.95916112132122,"Gene2659"
306.61318025469,0.308542480274856,0.263763392567656,1.16976991109831,0.242093575311783,0.775064430239707,"Gene2660"
66.7494791841032,-0.229804684792316,0.270168927891592,-0.850596279097378,0.394993657108462,0.886991414391594,"Gene2661"
2.97270326310151,-0.0777238496417734,0.557448250523035,-0.13942791921734,0.889112011482946,0.987599985764196,"Gene2662"
4.13202436748649,-1.07914844388319,0.482101035549591,-2.23842797320062,0.0251931595442356,0.237878671210619,"Gene2663"
161.602758126238,0.0898231550151274,0.254816426686131,0.352501430866412,0.724462245571373,0.968606179663051,"Gene2664"
70.1667369521465,-0.287096913118493,0.223051939805585,-1.28713031309537,0.198048871421488,0.734389033437362,"Gene2665"
4.48659823712576,0.377096021565931,0.447120605936791,0.84338770470185,0.399011646089732,0.889162442539793,"Gene2666"
13.8438028281174,-0.0153730081367543,0.310822131415495,-0.0494591812582492,0.960553366001798,0.994763555173913,"Gene2667"
85.7489917193026,-0.0269808670267878,0.286294503324306,-0.094241652261918,0.924917198268929,0.989138348463355,"Gene2668"
52.5651547507595,-0.00286482925905172,0.270767782113582,-0.0105803919383953,0.99155822612737,0.997858140929364,"Gene2669"
5.53077380706076,-0.694808753431834,0.464027454051185,-1.49734406308467,0.134303755101039,0.621011934850513,"Gene2670"
111.695372664417,-0.28282831115493,0.239846998545699,-1.17920304556591,0.238317333653238,0.77038798084069,"Gene2671"
28.7779102179275,0.0323288327427328,0.281870828270382,0.114693787012686,0.908687838675505,0.989138348463355,"Gene2672"
242.569838294674,-0.0870164226080248,0.272907609568974,-0.318849381830932,0.749840729778813,0.974859188582401,"Gene2673"
80.0008903817821,0.0088767091486758,0.26898474254827,0.0330007905451472,0.973673957222143,0.996066844846464,"Gene2674"
244.370959000225,-0.101156131506363,0.241896140541652,-0.418180014281564,0.675815506935269,0.964862029162694,"Gene2675"
20.577342923711,3.01937411366111,0.369363608654379,8.17453057885408,2.97019993648931e-16,5.37592748685848e-15,"Gene2676"
115.171859000703,-0.085943787632736,0.30169486767329,-0.284869902811227,0.775743815087736,0.977622955372068,"Gene2677"
175.60111495289,0.444689312319296,0.215315481110875,2.0652918685875,0.0388953924912612,0.32941068733001,"Gene2678"
106.793358712014,0.0645860841863565,0.330497655319072,0.195420703133289,0.845063610293511,0.985732611815519,"Gene2679"
10.2037031926305,-0.0817740037032828,0.334231274281222,-0.244662932513246,0.8067174314059,0.983202232060817,"Gene2680"
63.4198465993333,-0.0464768185107565,0.253895336959306,-0.183055029948052,0.854754840377637,0.986071618700012,"Gene2681"
5.29200158473899,-1.01294027846724,0.432452426697283,-2.34231609290123,0.019164476298948,0.190691306457194,"Gene2682"
26.2739479474305,-0.0836665786879099,0.288466650256393,-0.290038999702551,0.771786401862019,0.977265145689917,"Gene2683"
23.1342801786685,0.216403344088229,0.288646429963376,0.749717722528862,0.453424731374478,0.909528208749712,"Gene2684"
78.6007436858346,-0.451998316352529,0.248448349350007,-1.81928484344956,0.0688679845121349,0.459886374037629,"Gene2685"
696.250087388475,-0.0824596805912405,0.236799109023608,-0.348226312722399,0.727670228267498,0.968606179663051,"Gene2686"
71.4012406376668,0.0184657481836366,0.276118606959731,0.0668761456786926,0.946680303505454,0.993471607857056,"Gene2687"
31.3291992333658,-0.0448122823028217,0.267892012836844,-0.167277410880159,0.867151777206695,0.986071618700012,"Gene2688"
153.229980186008,0.141814025075008,0.226524977340952,0.626041449113834,0.531287754728311,0.93042546577227,"Gene2689"
135.961233762409,-0.026865231444066,0.249381183606646,-0.107727580146708,0.914211791029943,0.989138348463355,"Gene2690"
74.7630182124079,0.00941199619090481,0.280234640533844,0.0335861268720207,0.973207185180176,0.996066844846464,"Gene2691"
22.5437322770778,-0.165857867329565,0.269535516650265,-0.615346984289177,0.538325595144312,0.932569242346145,"Gene2692"
112.651926352782,-0.101060190760649,0.228677146424252,-0.44193393323685,0.658537014598846,0.957930867063869,"Gene2693"
119.42610732843,-0.00303747988768339,0.260780545024308,-0.0116476475934977,0.990706731948659,0.997858140929364,"Gene2694"
69.374495589558,-0.122277837931087,0.326518637026904,-0.374489612735372,0.708040083173703,0.966607622080141,"Gene2695"
526.825068408334,-0.402512013560568,0.250644929274609,-1.60590527295117,0.10829472479824,0.578342989576716,"Gene2696"
918.484214647749,0.178779509908689,0.201494503141609,0.887267429737496,0.374934936608074,0.873003148205292,"Gene2697"
16.0374827780135,-0.235281891908172,0.316220821835402,-0.744043009383613,0.45685045569068,0.911877157067225,"Gene2698"
72.7810323399933,-0.29539531690883,0.295500067014681,-0.99964551579663,0.317482087867765,0.840455560205863,"Gene2699"
12.0815761500687,-0.0317414566315688,0.295978060571587,-0.107242599570625,0.914596520709332,0.989138348463355,"Gene2700"
26.8588987800836,-0.161755896857591,0.275960457974847,-0.586156067592607,0.557770641420684,0.940454178065677,"Gene2701"
30.4598476804608,-0.301585473498318,0.283826013860282,-1.06257164167756,0.287976252986652,0.812156422276888,"Gene2702"
107.7810869785,1.9945495159477,0.215012164368096,9.27644964557948,1.75219887701284e-20,3.93229951884441e-19,"Gene2703"
442.620811001045,-0.176143054460538,0.205062678431911,-0.858971782712886,0.390356083967498,0.883305334767189,"Gene2704"
16.0812875955463,0.126272097163912,0.298985530326207,0.422335144534062,0.672780409236486,0.964862029162694,"Gene2705"
112.495982741886,-0.0823948300091003,0.23560201987491,-0.34972038886953,0.726548550669576,0.968606179663051,"Gene2706"
123.74643516813,-0.0284942246299858,0.284958945412142,-0.0999941398181904,0.920348977875501,0.989138348463355,"Gene2707"
75.3731458563096,-0.452749824266602,0.24605337947292,-1.84004716877473,0.0657613126000215,0.449650000683908,"Gene2708"
93.4134017964972,0.366431052536925,0.274110147796947,1.33680221429951,0.181287206228205,0.708845381146452,"Gene2709"
27.0151872637681,-0.0360733738189457,0.256973597600866,-0.140377743689354,0.888361541682815,0.987342641492431,"Gene2710"
35.1073674447763,-0.185386482327446,0.30198740090599,-0.613888134972748,0.539289251240625,0.933409944671017,"Gene2711"
23.459096613625,-0.208721365670644,0.363993886700724,-0.573419975710348,0.566360368203538,0.946945345353593,"Gene2712"
4.2421911509149,0.398074560271623,0.473743109103305,0.840275146218156,0.400754133270584,0.889438539039225,"Gene2713"
105.385918254052,-0.240237983950113,0.235646038819043,-1.0194866213499,0.307972001456641,0.831886323389716,"Gene2714"
31.0737676785309,-0.500573159217088,0.276606618248028,-1.80969335581202,0.0703433534542274,0.463989985292261,"Gene2715"
45.9255308701099,0.920221587104975,0.245444004614915,3.74921191718958,0.000177391141551851,0.00235735736281529,"Gene2716"
120.677432088709,-0.0462629341461484,0.265053421186214,-0.174541924186846,0.861439585658938,0.986071618700012,"Gene2717"
56.7742138029537,0.235552979926935,0.245907204254943,0.957893773956808,0.338116326289068,0.855068234149037,"Gene2718"
42.8551008523986,0.15293854510551,0.317361590974967,0.481906284360585,0.629872521615052,0.957930867063869,"Gene2719"
30.586297176062,-0.0211550050533367,0.289975122797561,-0.0729545515809836,0.941842283670943,0.992000827951994,"Gene2720"
406.569947430356,0.12167331632497,0.234228656405238,0.519463835861583,0.603437325551116,0.95556187735727,"Gene2721"
41.5439942622365,-1.7349195313832,0.240583010632764,-7.2113135787109,5.54146755331259e-13,8.86634808530014e-12,"Gene2722"
62.036574413548,0.189466132996848,0.226314775307833,0.8371796880656,0.402491573007243,0.890032646270133,"Gene2723"
167.823012396164,-0.1316686735709,0.294091238823574,-0.447713689457742,0.654359840668028,0.957930867063869,"Gene2724"
88.3434046673887,0.0386798021372779,0.230268202874282,0.167977174679196,0.866601235881931,0.986071618700012,"Gene2725"
17.3049830695404,0.0353917294282129,0.283557164583303,0.124813384561178,0.90067129090938,0.989068835901661,"Gene2726"
28.8359406347152,-0.160870047721398,0.277142882264267,-0.580458882461942,0.561605207059454,0.943297036776378,"Gene2727"
20.7292554653754,-0.0565348738225098,0.354772951886268,-0.159355084771608,0.873389123802095,0.986071618700012,"Gene2728"
5.21766441793927,-0.488967971632943,0.453834050886664,-1.0774157881667,0.281294553868159,0.808317683529193,"Gene2729"
46.4774361404976,0.391897350931182,0.284034475946935,1.37975275580419,0.167662783458363,0.689261185851443,"Gene2730"
66.1643054101124,-2.2515144262363,0.227571443200107,-9.89365974296041,4.43511098361504e-23,1.19063382110471e-21,"Gene2731"
31.6108812699552,0.299864586641279,0.261650164575223,1.1460515881123,0.251773807170092,0.785826266459443,"Gene2732"
77.6477332657687,-0.0212515876280553,0.248102280536013,-0.0856565589890681,0.931739436056174,0.990158805585733,"Gene2733"
534.938822950771,2.65709447476277,0.153901355895393,17.2649192029783,8.64247096915502e-67,2.88082365638501e-64,"Gene2734"
50.163168841783,-0.115287256907556,0.271118493423102,-0.425228303137704,0.670670253540715,0.964514759083065,"Gene2735"
30.4346156835272,-0.170925750958931,0.28693899840636,-0.595686720551201,0.551384531105596,0.937727038488801,"Gene2736"
24.8300709211037,0.491319476600198,0.267712870028335,1.83524787787825,0.0664689700682142,0.449874585910079,"Gene2737"
40.5570128855027,-0.273317501108188,0.293686689078423,-0.930643135260391,0.352038193661359,0.863541852770467,"Gene2738"
335.167670129651,0.0858035258377882,0.268497019019572,0.319569752212161,0.749294507087461,0.974859188582401,"Gene2739"
57.2584568941187,0.298421599108014,0.302966041042078,0.985000160683247,0.32462399203619,0.846642226700742,"Gene2740"
28.7111042620309,0.40737173791508,0.256596421619172,1.58759711201149,0.112377471679475,0.588759853014729,"Gene2741"
30.838258008788,-0.103753722252097,0.298496359011225,-0.347587898880183,0.728149695561699,0.968606179663051,"Gene2742"
54.8721403167779,0.197652324040252,0.240303026176428,0.822512837999542,0.410785083130944,0.896378471923103,"Gene2743"
74.4493592695146,0.00469998584220146,0.271479976951269,0.017312458528185,0.986187346625155,0.996882468034877,"Gene2744"
264.134095461837,0.355238170515574,0.252733882276777,1.40558190027937,0.159848313762647,0.679482736504345,"Gene2745"
34.7336346598113,-0.166158129108448,0.264122944928197,-0.629093883356551,0.529287594665342,0.929644202129746,"Gene2746"
199.128809891006,-0.321687444089648,0.249610504276776,-1.28875763871279,0.197482357248685,0.734135157058308,"Gene2747"
22.8098634086456,-0.536666877898212,0.290908510854475,-1.84479607118362,0.0650672091706792,0.449281379462633,"Gene2748"
43.6838182240011,-2.6575006855186,0.240789086246884,-11.0366326270861,2.54388834463805e-28,9.78418594091557e-27,"Gene2749"
35.462866016268,0.00459655946740528,0.233821092603058,0.0196584466193071,0.984315839162077,0.996874123254448,"Gene2750"
169.273892579685,-0.457728110584963,0.245631675430196,-1.86347347011864,0.0623956817233961,0.442937311257698,"Gene2751"
275.465550930229,0.261154760781275,0.259403822279244,1.00674985621509,0.314054996903235,0.838373967298594,"Gene2752"
1154.16239067577,2.53631484380844,0.137972564292974,18.3827477354321,1.8058532859571e-75,1.03191616340406e-72,"Gene2753"
126.512118414179,0.182057198393836,0.295351206684982,0.616409191068638,0.537624488786035,0.932081375315894,"Gene2754"
30.5942492647338,-0.106934114662564,0.284337736351381,-0.37608133213249,0.706856432116834,0.965980775014465,"Gene2755"
51.6227723395856,-0.00213278315753129,0.261205693536318,-0.00816514804350828,0.993485226829095,0.997858140929364,"Gene2756"
77.6049114913684,-0.0708502961173679,0.230158567638805,-0.307832538428704,0.758209760954492,0.976941233108903,"Gene2757"
4.66921052120268,0.5491562526238,0.47420674948155,1.15805237530717,0.246842663347465,0.780530160782497,"Gene2758"
283.922097773729,0.5893474208014,0.284307610038692,2.07292172278186,0.0381795650351453,0.32913418133746,"Gene2759"
13.3182753392604,-0.107463526948793,0.364660269872147,-0.294694914218296,0.76822694860774,0.977265145689917,"Gene2760"
29.6991722579185,-0.418415145147803,0.276904717810565,-1.51104375705887,0.130777302784149,0.612540059878917,"Gene2761"
234.139374545564,0.0468828115676446,0.242073677657161,0.193671662369019,0.846432981853218,0.985732611815519,"Gene2762"
192.663448291571,1.52080698971039,0.178434189197487,8.52306946639689,1.55379529933662e-17,3.03179570602268e-16,"Gene2763"
84.1264626386012,0.220915021069647,0.243250082557991,0.908180662249025,0.363782779163444,0.869227759199078,"Gene2764"
19.8754691439084,0.13321613919081,0.279790113588782,0.476128829150134,0.63398259949236,0.957930867063869,"Gene2765"
7.60041339121907,-0.896075592044281,0.377058023610084,-2.37649257126249,0.0174781133331701,0.178317959730045,"Gene2766"
20.1337073627218,-0.483823624677599,0.325583888013079,-1.4860183273509,0.137274273360574,0.627539535362624,"Gene2767"
90.8536210998746,0.387247308058226,0.24040840129537,1.61078941489423,0.107225628988203,0.57705330230522,"Gene2768"
75.715915803107,-2.47632123872197,0.204035023494165,-12.1367459189809,6.74557041451721e-34,3.17438607741987e-32,"Gene2769"
63.4314014622327,0.237080302714973,0.221780264776142,1.06898737339986,0.28507535901117,0.80951875852996,"Gene2770"
32.4872792658448,0.211052032041994,0.278252660573756,0.758490616430423,0.448157328413662,0.908120219683206,"Gene2771"
81.5569635274403,-0.0502835578511077,0.26426210643236,-0.190279107852257,0.849090424086119,0.985732611815519,"Gene2772"
24.3359691046329,-0.363086178234372,0.314380283780919,-1.15492668263953,0.248120451633291,0.782074973284301,"Gene2773"
77.9824790642493,-0.378899623247502,0.221555037544614,-1.71018283965313,0.0872320679414519,0.52405318368313,"Gene2774"
13.8201693160901,0.134566658148444,0.334989160911272,0.401704514206914,0.687901501901665,0.965476632893769,"Gene2775"
454.626303695547,-0.217272358742866,0.264316706180144,-0.822015232721556,0.411068227447553,0.896378471923103,"Gene2776"
1.75834840617252,0.0832945533053104,0.63516514012099,0.131138420615218,0.895665808334102,0.989068835901661,"Gene2777"
340.640211159148,-0.432553534693308,0.235611961872349,-1.83587255611266,0.0663765074234117,0.449874585910079,"Gene2778"
21.5355466273483,0.499155974730255,0.302562389428727,1.64976213888553,0.0989915953127354,0.554495150856643,"Gene2779"
218.978893216123,-0.35963693066343,0.265716271718255,-1.35346220364239,0.175908016930261,0.700131410667706,"Gene2780"
10.578373463744,-0.484944746145545,0.330660206933251,-1.46659542326918,0.142486145797794,0.639668443536673,"Gene2781"
23.3995752530971,-3.28777384726065,0.319698881717553,-10.2839704336699,8.32267722240833e-25,2.5220234007298e-23,"Gene2782"
61.0606691453094,0.0532070887368868,0.315296420231577,0.168752593822054,0.865991248074872,0.986071618700012,"Gene2783"
15.9374819887355,0.0919912599090265,0.353620095845008,0.260141493625256,0.794754632128207,0.981522064235859,"Gene2784"
27.231330354326,0.0393890377484933,0.306497226792123,0.128513520858733,0.897742598850519,0.989068835901661,"Gene2785"
96.5640266749102,-0.271243095097303,0.272073679563781,-0.996947207580643,0.318790135702668,0.842233220306125,"Gene2786"
120.811283586329,-0.0242354947049052,0.201214369363648,-0.120446142994416,0.904129740607417,0.989068835901661,"Gene2787"
10.9851042227684,0.128858415127012,0.314195117991189,0.410122270361394,0.681716256740187,0.965476632893769,"Gene2788"
13.9033986920149,0.19910309245645,0.289179463924622,0.688510483262908,0.491131370954272,0.923784628815589,"Gene2789"
68.4938450060972,0.254981781792484,0.195141140872038,1.30665312631171,0.191330544855936,0.72479639693645,"Gene2790"
282.180196321076,-0.00492067181062773,0.235664568193742,-0.0208799814428718,0.983341395637699,0.996874123254448,"Gene2791"
70.3732531596506,-2.56058011060893,0.234648527671452,-10.9124064660409,1.00558564370977e-27,3.75919866807389e-26,"Gene2792"
8.30479117407327,0.560056469347632,0.352644061417561,1.58816362055358,0.112249345084558,0.588759853014729,"Gene2793"
21.2483192153778,-0.148718671303616,0.35519980831466,-0.418690178942526,0.675442574146809,0.964862029162694,"Gene2794"
7.53955854417824,0.171776434530219,0.363017932402808,0.473189942417539,0.636077672601145,0.957930867063869,"Gene2795"
137.316684955201,-0.145997151166897,0.250532128542422,-0.582748216830706,0.560062809187743,0.942073690812015,"Gene2796"
18.2798073710818,-0.275071696991431,0.297971300431491,-0.923148291775419,0.355929931233454,0.865483115461287,"Gene2797"
57.2133620998191,-0.478457552325214,0.248100178339965,-1.92848532204438,0.0537947882126703,0.411432414628454,"Gene2798"
86.3956852992255,-0.0822792506937176,0.239155042281522,-0.344041463264915,0.730815104080441,0.970787262538347,"Gene2799"
46.4731414076315,0.224236473470258,0.314258390038656,0.713541724192869,0.475510603855225,0.920425430744799,"Gene2800"
17.358505556681,-0.216627793989699,0.303926409826775,-0.712763968465811,0.475991825345678,0.920425430744799,"Gene2801"
54.990079429849,-0.106760044265585,0.261222555982635,-0.408693819965078,0.682764369652273,0.965476632893769,"Gene2802"
10.8959063702115,0.570836553279527,0.347121648784373,1.6444856011678,0.100075936129627,0.555829662545539,"Gene2803"
974.388112486291,0.125169341650063,0.262720591861598,0.476435214929792,0.633764351632705,0.957930867063869,"Gene2804"
3.15489680248484,-0.015609569687685,0.531955188972271,-0.0293437680678375,0.976590420047132,0.996791406921093,"Gene2805"
846.638034160711,0.0339463018902032,0.257737811878619,0.131708660218587,0.895214735333691,0.989068835901661,"Gene2806"
103.716799056155,0.412128957891765,0.24298125901105,1.69613475363968,0.0898603633255364,0.52405318368313,"Gene2807"
22.1179892159374,0.336358504208426,0.288870113779909,1.16439357400848,0.244264550561683,0.776928501317206,"Gene2808"
76.2378095380341,-0.575469009929183,0.252107676193643,-2.28263184452649,0.0224520635323221,0.215885226272328,"Gene2809"
49.4962602242086,-0.187794650801588,0.27274847732191,-0.688526853185489,0.491121065994288,0.923784628815589,"Gene2810"
454.53097756881,-2.9275029089588,0.146020146487009,-20.0486232851386,2.07508272592364e-89,8.30033090369458e-86,"Gene2811"
791.488690228302,-0.146221706490895,0.279590260715868,-0.522985693838213,0.600984208877406,0.954765079684842,"Gene2812"
447.021159192827,2.3424474608511,0.1687919383701,13.8777211961092,8.64489148876973e-44,6.0665905184349e-42,"Gene2813"
103.900542641656,1.91402967545996,0.189331463417448,10.1094115099074,5.01848122179552e-24,1.4546322382016e-22,"Gene2814"
64.6195217734594,0.00357764061996802,0.264418325346714,0.0135302294773893,0.989204768172191,0.997858140929364,"Gene2815"
20.6673289105106,-0.0179896982843317,0.308954206680813,-0.0582277175559459,0.953567242755232,0.993471607857056,"Gene2816"
14.0740855809192,0.0824612623453124,0.31461158007377,0.262104981405887,0.793240506397658,0.981522064235859,"Gene2817"
41.1942139892679,0.128389656624201,0.287071750696061,0.447238909132978,0.654702570797696,0.957930867063869,"Gene2818"
363.999590820572,-0.213387470920774,0.229017688246116,-0.931751047506231,0.351465198488285,0.863541852770467,"Gene2819"
27.076770244428,-0.437574299072556,0.353257439136725,-1.23868389054136,0.21546258685325,0.753204122952887,"Gene2820"
86.454807016061,-0.0389318348656157,0.235734515959457,-0.165151185888754,0.868824985589346,0.986071618700012,"Gene2821"
248.342801709039,0.0122945972874576,0.270829901663997,0.0453960113411363,0.963791660200567,0.994763555173913,"Gene2822"
92.5036930809667,-0.383916531180098,0.235398148219585,-1.63092417711788,0.102906319532173,0.56232961492991,"Gene2823"
83.781644901243,-0.0438754595111744,0.259768998464516,-0.168901831128889,0.865873858860202,0.986071618700012,"Gene2824"
15.0533286897516,-2.66290316096218,0.35907306874557,-7.41604813266863,1.20666661785056e-13,1.99116931061956e-12,"Gene2825"
56.5409266720543,0.0186388702680061,0.294896126557148,0.0632048663562018,0.949603369738032,0.993471607857056,"Gene2826"
14.2597556219543,-0.349133140627764,0.295461916475156,-1.18165191911331,0.237343843561906,0.770301766731144,"Gene2827"
18.7183493782512,0.0801239529919611,0.285955799790995,0.280196985165272,0.779326379559425,0.978402067306978,"Gene2828"
13.0519927538226,0.512976127101487,0.331829354712889,1.54590339828534,0.12212789972792,0.59741489720928,"Gene2829"
26.4891913919122,-0.456481622775413,0.277023452397096,-1.64780858380566,0.0993919570358718,0.554495150856643,"Gene2830"
77.4520158488236,-0.049703614003087,0.221454035557799,-0.2244421235219,0.822413296785818,0.984926103935111,"Gene2831"
47.0242419821823,0.0441215451258687,0.284572080606958,0.155045235048226,0.876785656049593,0.986362048840613,"Gene2832"
14.1812424500858,0.156577216687744,0.332245684939223,0.471269376203897,0.637448381633566,0.957930867063869,"Gene2833"
15.9924522725047,-0.113535001687122,0.307846359022618,-0.368804107502147,0.71227374283313,0.967434625240245,"Gene2834"
9.6568373050874,0.110031946686916,0.34452372247357,0.319374079372306,0.749442864093732,0.974859188582401,"Gene2835"
85.406461587995,0.177094461177536,0.308958150515771,0.573198864900947,0.566510052857787,0.946945345353593,"Gene2836"
69.744518626107,0.397956772421939,0.252209578293141,1.5778812807791,0.114592886194771,0.59161949557776,"Gene2837"
9.78586252625614,-0.211258738872159,0.359107750873545,-0.588287883951998,0.556339076686011,0.939708843355308,"Gene2838"
5.04546005296391,-0.397949116825414,0.429444690205375,-0.926659767606164,0.354103212611202,0.863666372222443,"Gene2839"
50.4883263696527,-0.200151137053775,0.281390277349383,-0.711293719666302,0.476902242569704,0.920425430744799,"Gene2840"
31.9023521815667,0.0377758944925021,0.316019968488569,0.119536416237154,0.904850390870399,0.989138348463355,"Gene2841"
12.2501860481364,0.420617704514011,0.336506207541307,1.2499552611147,0.211315890823658,0.749900257255422,"Gene2842"
189.380506641778,0.142234256964144,0.213178358505364,0.6672077689376,0.504639429375224,0.928583583948193,"Gene2843"
45.2634740242669,-0.0407102466513467,0.255517230063408,-0.159324858997744,0.873412936263535,0.986071618700012,"Gene2844"
51.4189567130899,-0.222343302327537,0.332313918217823,-0.66907610586986,0.503446931172403,0.928583583948193,"Gene2845"
249.746160265775,1.57529687171526,0.151080609167652,10.4268633836866,1.86958218724678e-25,5.84244433514618e-24,"Gene2846"
86.420159148905,-0.209020283915903,0.264239995701399,-0.791024399470939,0.428929753409438,0.905307779082269,"Gene2847"
37.8895470355939,0.389949191299949,0.271789310522096,1.43474807949905,0.151358898027444,0.662232507667813,"Gene2848"
16.0501839196431,0.29864250124593,0.320834973170652,0.930829012481387,0.351942019552656,0.863541852770467,"Gene2849"
209.54267279641,0.115816158178846,0.244373707417165,0.473930519788445,0.635549454591091,0.957930867063869,"Gene2850"
5.51925295929048,0.399258676551881,0.395813212165799,1.00870477356536,0.313116241766749,0.837769208740465,"Gene2851"
322.656569646316,0.307843825619426,0.273203004190385,1.12679517024967,0.259829093014061,0.792639770183348,"Gene2852"
24.470969829956,-0.0809320148235813,0.283082994311744,-0.285895007647316,0.774958537555371,0.977622955372068,"Gene2853"
2357.52533909913,2.48937309576319,0.191414654015858,13.005133324625,1.14399222014661e-38,6.50613143372943e-37,"Gene2854"
39.8302269148994,0.065632902782298,0.287320196651477,0.228431219062235,0.81931102164454,0.984572081828103,"Gene2855"
17.0005654187142,-2.04091292566558,0.309698640738447,-6.58999639391125,4.39837259002079e-11,6.6642008939709e-10,"Gene2856"
55.0392903596622,-0.00507435527367184,0.256752075061712,-0.0197636388039014,0.984231924245225,0.996874123254448,"Gene2857"
243.783497479003,0.0735082408254481,0.253359260666549,0.29013441479131,0.771713408374348,0.977265145689917,"Gene2858"
6.02548648195729,0.0737787560187934,0.433661091480924,0.170129987375265,0.864907910764469,0.986071618700012,"Gene2859"
42.8367128750854,-0.147966214000332,0.290166121858762,-0.509936215339275,0.610096149019108,0.95592604582585,"Gene2860"
254.92751366258,2.52452609485513,0.174561215042756,14.4621249012089,2.10206709331685e-47,1.82788442897118e-45,"Gene2861"
53.0620128711864,0.256865210664912,0.333730610462424,0.769678305232458,0.441490742279752,0.905307779082269,"Gene2862"
54.7973884383615,-0.297750456694436,0.288476259055427,-1.03214891121153,0.302002363832838,0.828942539113957,"Gene2863"
31.3093452686644,0.402764984823236,0.296441688546656,1.35866512836924,0.174252727004195,0.698684220021239,"Gene2864"
11.2388993952372,0.0296270875014227,0.336536334446111,0.0880353307175122,0.929848595293231,0.989419924133832,"Gene2865"
1745.75430437675,0.243992508251593,0.248017681832188,0.983770618486313,0.325228308815351,0.846642226700742,"Gene2866"
9.96232899189516,-0.0116639491844605,0.353396260397781,-0.0330052988430936,0.973670362079266,0.996066844846464,"Gene2867"
179.411516133229,0.529681571607423,0.211890745759512,2.49978624459887,0.0124268261918885,0.134344066939335,"Gene2868"
14.1675969587242,0.246632002523932,0.329045542202184,0.74953758945741,0.453533251288883,0.909528208749712,"Gene2869"
4.87020625835982,-0.158403549022547,0.437744203046514,-0.361863270650132,0.717454208280262,0.968606179663051,"Gene2870"
63.6619212874363,-0.202726864880858,0.253551684332224,-0.799548484226314,0.423972445021463,0.904386549185102,"Gene2871"
674.605891985539,0.433875258252209,0.254482093099817,1.70493433532876,0.0882066718158419,0.52405318368313,"Gene2872"
102.736289737549,-0.000808873224350754,0.238914762347569,-0.00338561425172221,0.99729867582032,0.998296972793113,"Gene2873"
7.9496779440717,0.0922467374271903,0.358035068721249,0.257647212483003,0.796679189165635,0.981522064235859,"Gene2874"
21.9656822264743,0.0480843651173985,0.258775962718681,0.185814650681724,0.852590115035558,0.986071618700012,"Gene2875"
21.0575504956847,0.0761624176750299,0.31557982303252,0.24134121422326,0.809290670407267,0.983621523514424,"Gene2876"
13.6399544519337,0.761155186470578,0.30940176733469,2.46008674425965,0.013890343843731,0.148163667666464,"Gene2877"
152.799383266085,-0.0705937165495568,0.302583439608134,-0.233303305167595,0.815525892265207,0.983621523514424,"Gene2878"
1151.26487880571,0.289649378933467,0.257698058797008,1.12398743042775,0.261018358373308,0.793363984935961,"Gene2879"
10.6315749485476,-0.031436831392726,0.31399429971736,-0.100119114968086,0.920249760029326,0.989138348463355,"Gene2880"
635.638536648034,2.83706665015544,0.149700127203022,18.9516649261615,4.27830734578008e-80,4.27830734578008e-77,"Gene2881"
15.448561419366,-0.217336067359546,0.350961243034357,-0.619259452925604,0.535745451275908,0.931958650783472,"Gene2882"
199.953819104057,-0.365203431605195,0.207061734062971,-1.76374178096147,0.077775463347927,0.494337346296616,"Gene2883"
74.9550805600184,-0.247771501562996,0.304051458694138,-0.814899894337435,0.415129613668097,0.899035438371624,"Gene2884"
146.87201173732,2.90160445744636,0.196677970104722,14.753073035589,2.93968359122555e-49,3.35963838997205e-47,"Gene2885"
124.530601559363,-0.346116490576981,0.22458987967455,-1.54110457282641,0.123291337116147,0.599228855971553,"Gene2886"
773.637927976381,-0.431284878294968,0.25304415788829,-1.70438583484455,0.0883090285219118,0.52405318368313,"Gene2887"
261.722011317725,-0.255277609413146,0.27446582710525,-0.930088864269628,0.352325075930351,0.863541852770467,"Gene2888"
27.0946897726816,-2.01449026714702,0.250483450320184,-8.04240864844355,8.80895534240752e-16,1.55910714024912e-14,"Gene2889"
100.100792520492,-0.191227812832763,0.307411399767736,-0.622058300301306,0.533903533299828,0.93095646608514,"Gene2890"
14.6184815291722,0.0213341976772372,0.323805835737046,0.0658857726534681,0.947468767747562,0.993471607857056,"Gene2891"
77.0740873527611,0.236493721266722,0.275682233784438,0.857848973509266,0.390975863291957,0.883561272976173,"Gene2892"
143.120894266044,-0.294470521314175,0.244614041451617,-1.20381691732287,0.228660349501829,0.761212126574736,"Gene2893"
105.771641619066,-0.122658611231134,0.288521547978566,-0.425128078268339,0.6707433103067,0.964514759083065,"Gene2894"
26.3397069049392,0.0240530251167804,0.301252151326648,0.0798434965886756,0.936361729455709,0.991383514511073,"Gene2895"
47.9809774766557,-0.117252234225694,0.224854281191981,-0.52145875810825,0.602047228422918,0.954765079684842,"Gene2896"
26.3331485433712,0.155703451490939,0.291292242776105,0.534526597780417,0.59297725252711,0.951688035781253,"Gene2897"
86.4194076955019,0.190155209607681,0.273901806064817,0.694245913671275,0.487528003463247,0.923784628815589,"Gene2898"
40.7306962413743,0.0476761866340486,0.275771990588625,0.172882628624776,0.86274368639319,0.986071618700012,"Gene2899"
46.3374176774021,-0.0972505299949305,0.276647410788033,-0.351532406241979,0.725188965151668,0.968606179663051,"Gene2900"
26.6594474059554,0.349649130858605,0.256153230655194,1.36499988684221,0.172253085584947,0.698087479574253,"Gene2901"
214.215307600014,-0.170560360046044,0.258150771728143,-0.660700562327428,0.508804363111241,0.928583583948193,"Gene2902"
84.60973598725,0.184831725792583,0.276116353823817,0.669397966592444,0.503241648390391,0.928583583948193,"Gene2903"
16.6980192030916,0.14158818807429,0.299025795983518,0.473498239871232,0.635857756436124,0.957930867063869,"Gene2904"
66.7027680415927,0.0720203482663312,0.272920595775583,0.263887553307088,0.791866566822424,0.981522064235859,"Gene2905"
24.5259620028377,-0.243769997346516,0.274414225448923,-0.888328573155145,0.374364034192941,0.873003148205292,"Gene2906"
59.7259842525332,-0.566174897580638,0.229909921158945,-2.46259445754506,0.0137935834484298,0.147524956667698,"Gene2907"
499.99029136973,0.124103968725088,0.244665103153039,0.507240170852893,0.611986312156737,0.95592604582585,"Gene2908"
15.7029918788758,0.0840395050133378,0.315849572211213,0.266074462045304,0.790181862610564,0.981522064235859,"Gene2909"
265.597484273516,2.70431878523028,0.157896447740591,17.1271667217822,9.30785333246717e-66,2.65938666641919e-63,"Gene2910"
11.1116239312016,0.412199303191254,0.338543152738413,1.21756798167988,0.22338818793834,0.758136724243417,"Gene2911"
102.322900318028,0.253561062515027,0.226153423668977,1.12119046619505,0.262206797021335,0.793363984935961,"Gene2912"
9.05472910631358,-0.30753055190397,0.342359751444688,-0.89826724843167,0.369043088885219,0.869258456282932,"Gene2913"
6.60496992427807,-0.0406753097502508,0.435545804453565,-0.0933892815275353,0.925594305405859,0.989138348463355,"Gene2914"
104.509179968001,-0.348408917247249,0.186002945854028,-1.87313655516335,0.0610495306185466,0.439205256248537,"Gene2915"
24.112060232856,0.253150160073749,0.265937154164015,0.951917233489007,0.341138958785051,0.85599331533095,"Gene2916"
4.49770163346031,-0.328838234866113,0.430756550536719,-0.763396945342753,0.445226701122232,0.906775358701084,"Gene2917"
8.329878538174,-0.418540349980758,0.398101862111336,-1.05133984493573,0.293102533203643,0.816441596667529,"Gene2918"
181.471025145073,0.144126035777192,0.257457874850825,0.559804340266156,0.575612902865386,0.947334508931418,"Gene2919"
61.727691370288,0.452864759031866,0.258803737185051,1.74983856090168,0.0801461747280643,0.502483854094447,"Gene2920"
61.780545206227,0.437794866187284,0.257540419394895,1.69990740566435,0.0891483437116041,0.52405318368313,"Gene2921"
159.269364964548,0.276071091019921,0.233867672339449,1.18045853990121,0.237817890896676,0.77038798084069,"Gene2922"
65.5548936615523,-0.00750699325756187,0.249381570073805,-0.0301024380243502,0.975985356351281,0.996791406921093,"Gene2923"
1.21542693786978,-1.23804339679041,0.815737076943152,-1.51769906233732,0.129090280565794,0.610976906461556,"Gene2924"
55.9488001723521,-0.189017581031108,0.258188208886961,-0.732092227782035,0.464112277357117,0.918212542159901,"Gene2925"
11.0158570691072,0.0827663073402857,0.372259909923756,0.222334732088764,0.824053316350987,0.985709708553812,"Gene2926"
20.1976747376728,0.324361452482898,0.299524181192891,1.08292242446366,0.278842857516827,0.806267723338763,"Gene2927"
8.31417083729847,-0.038045411101261,0.388177850628822,-0.09801025751374,0.92192414826786,0.989138348463355,"Gene2928"
90.0369795279555,-0.0443414240149155,0.286863994798304,-0.15457298517401,0.877157968695779,0.986362048840613,"Gene2929"
969.659790404802,-0.0975087264635551,0.257230264722321,-0.379071749464688,0.704634584167051,0.965980775014465,"Gene2930"
83.7269169139099,0.0842304918387853,0.274027034628305,0.307380226016886,0.75855397748693,0.976941233108903,"Gene2931"
463.495650130683,-0.436233916806319,0.281730171694715,-1.54841036081512,0.121523528297982,0.59741489720928,"Gene2932"
47.7198749238663,0.0783352145726426,0.283225885817526,0.276582115178242,0.78210099918063,0.978867509872988,"Gene2933"
18.9671198859616,-2.5798864489291,0.310183800516526,-8.31728299360899,9.00026776087614e-17,1.67446842062812e-15,"Gene2934"
132.265442941345,0.294460454803972,0.245361374753823,1.20010924742907,0.230096914569977,0.761212126574736,"Gene2935"
10.9982432079824,-0.320512386907047,0.334628142211764,-0.95781659243775,0.338155250848889,0.855068234149037,"Gene2936"
7.91903747116457,-2.30915732883824,0.424135653029252,-5.44438391902645,5.19849911327295e-08,7.5068579253039e-07,"Gene2937"
1.57806004915177,-0.463218514082434,0.675113094298412,-0.686134690608865,0.492628176924895,0.924322028810631,"Gene2938"
4.25415341808642,-0.345982831484868,0.448695025842131,-0.771086844200049,0.440655457925417,0.905307779082269,"Gene2939"
24.8888171178098,0.0249011129257574,0.332906802686487,0.0747990510401433,0.940374596864498,0.992000827951994,"Gene2940"
67.7809750390967,0.17270345906514,0.24165752133355,0.714662047810895,0.47481789434292,0.920425430744799,"Gene2941"
32.314410008689,0.318779707240896,0.268455965244683,1.18745622564336,0.235047713359258,0.768757852360615,"Gene2942"
3.1117149887216,-3.21648306957612,0.749376984819007,-4.29220957506852,1.76903856039329e-05,0.000240685518420856,"Gene2943"
12.3903877416683,-0.383359758648564,0.312647211171517,-1.22617360702525,0.220133351097187,0.755473786565384,"Gene2944"
18.346971065812,0.119412298144927,0.304243569875234,0.392489143464549,0.694696831442175,0.965949908811616,"Gene2945"
168.748128248515,0.00220793045317477,0.273425940551683,0.00807505845538977,0.99355710555078,0.997858140929364,"Gene2946"
85.1070974342072,0.225889858544595,0.337917988753382,0.668475387705543,0.503830187496666,0.928583583948193,"Gene2947"
50.6264584692795,1.94291823351469,0.253693968998551,7.65851171466277,1.88100085708913e-14,3.16134597830106e-13,"Gene2948"
6.61318876460087,-0.253609732272091,0.388892972547007,-0.652132463621303,0.514315723243495,0.928583583948193,"Gene2949"
39.6705410037753,0.19553305062401,0.230492143520138,0.848328483729539,0.396255058823592,0.887611096071756,"Gene2950"
7.35841521563482,-0.471846420967151,0.351732748898112,-1.34149129543758,0.179760993993206,0.706882892409687,"Gene2951"
25.1450819447095,-0.0391929870698056,0.300237834405314,-0.13053980071311,0.896139367111524,0.989068835901661,"Gene2952"
36.8797078885306,-0.107562057587083,0.279973239043147,-0.38418692427424,0.700839908988513,0.965980775014465,"Gene2953"
218.151699766007,-0.109629409478887,0.271608704530032,-0.403629956074419,0.68648485385626,0.965476632893769,"Gene2954"
155.506972562478,0.0255343296416097,0.291823383295027,0.0874992584668757,0.930274674829809,0.989419924133832,"Gene2955"
70.2752100724817,0.231158420113896,0.272653338508523,0.847810708566366,0.396543398357919,0.887611096071756,"Gene2956"
38.9659062562135,0.0371344031596257,0.25573979092839,0.145203853592043,0.88454992345542,0.986902945096223,"Gene2957"
27.3245704789881,-0.391247596494986,0.279468218150741,-1.39997170012353,0.161521793172988,0.682967412993605,"Gene2958"
108.326764756811,-0.256802328830928,0.237115745487661,-1.08302520485419,0.278797235652292,0.806267723338763,"Gene2959"
7.27342111609855,-0.301386553028803,0.387899484852493,-0.776970748345831,0.437176028603786,0.905307779082269,"Gene2960"
34.0556489045808,0.037349935086631,0.294774906518752,0.126706630247901,0.899172597959641,0.989068835901661,"Gene2961"
250.78514151574,-0.303285495428488,0.26824436648975,-1.13063136943857,0.258210278541186,0.791912614154761,"Gene2962"
17.2173867651289,0.180165174766712,0.3540705273517,0.508839795603075,0.610864522490162,0.95592604582585,"Gene2963"
9.31104726609347,-0.222974294537204,0.34789080495518,-0.640931842294396,0.521566966552736,0.929644202129746,"Gene2964"
51.0697908250309,0.085722169632073,0.260207915421261,0.329437209830047,0.741825246601005,0.974144688977323,"Gene2965"
77.821518532614,-0.299827897354259,0.246734186046184,-1.21518587334362,0.224295207099677,0.759036233839854,"Gene2966"
938.609843146147,1.53210041864902,0.163208742141961,9.38736735876795,6.15186425672474e-21,1.43903257467245e-19,"Gene2967"
21.3371317479302,0.245682181694586,0.310929472219018,0.790154049859667,0.429437807519312,0.905307779082269,"Gene2968"
28.1412794543412,-0.0633412844772222,0.255576384672395,-0.247837000114133,0.804260525859173,0.981522064235859,"Gene2969"
199.018410677368,0.151689994114197,0.23786689197954,0.637709572996163,0.523662752779658,0.929644202129746,"Gene2970"
43.8420618915088,0.252123065425279,0.309043033086274,0.815818635053635,0.41460387344623,0.89887018633329,"Gene2971"
86.3956166597108,0.448279174694517,0.283122888225394,1.5833378131465,0.113344488697567,0.588772986091681,"Gene2972"
93.6997843293354,0.233571610280298,0.227301270304373,1.02758603138261,0.304144597729137,0.82929678999083,"Gene2973"
227.128579792567,-0.0405262267755056,0.212916046035695,-0.190338997600545,0.849043496522052,0.985732611815519,"Gene2974"
175.271311747309,0.220760596485459,0.316238117190031,0.698083451947703,0.485125006277749,0.923784628815589,"Gene2975"
52.600904407106,-0.394954375234191,0.261977547380745,-1.50758864331295,0.131659841134868,0.614180277816209,"Gene2976"
13.2556761629824,0.300068289084211,0.380661862267257,0.788280410590587,0.430532703481166,0.905307779082269,"Gene2977"
55.8849231552064,0.186950203579235,0.258662072311665,0.722758469799841,0.469828286374936,0.918979533251709,"Gene2978"
109.165524421549,-0.257795635549361,0.249850257859658,-1.03180055829346,0.302165557692855,0.828942539113957,"Gene2979"
239.103838616363,0.162873475229394,0.233494921496324,0.697546114432124,0.485461090679151,0.923784628815589,"Gene2980"
113.035022725303,-0.158718934896861,0.24235922416909,-0.654891248480502,0.512537775213756,0.928583583948193,"Gene2981"
9.09649302039296,0.65280386901761,0.361072802942488,1.80795635588646,0.0706132935256801,0.464561141616317,"Gene2982"
48.9206450415597,0.244086696574204,0.233373212415762,1.0459070861113,0.295603932413744,0.819908938384538,"Gene2983"
15.0560928992809,0.31374257871221,0.316068741247966,0.992640327143481,0.320885264783218,0.843325268812661,"Gene2984"
26.6828802696156,-0.0238988335097943,0.312262039086068,-0.0765345463692662,0.938993830536332,0.992000827951994,"Gene2985"
13.3725453407074,-0.250799850066014,0.322128005532311,-0.778572014102193,0.436231870025393,0.905307779082269,"Gene2986"
379.447724245335,-0.353078342356667,0.225390984864938,-1.56651492768552,0.117228116653594,0.593123873237345,"Gene2987"
48.1838582137242,0.101120083984826,0.302657410507314,0.334107411463439,0.738298507584555,0.971584843669412,"Gene2988"
485.613172208386,0.000572909573367281,0.215146273986939,0.00266288401258606,0.99787532847014,0.998485403958566,"Gene2989"
5.93952274473124,0.280286916443835,0.385311810710966,0.727428821677326,0.466963303891564,0.918979533251709,"Gene2990"
22.3205838878621,-0.0218758989541006,0.280282369636211,-0.0780495005179743,0.937788677334299,0.991968214616613,"Gene2991"
90.3342324674939,-1.79393831698621,0.183458358541123,-9.778449623401,1.39328358106556e-22,3.64257145376616e-21,"Gene2992"
29.7354514327524,-0.234062171436215,0.278829285077754,-0.839446155632273,0.401218992432221,0.889438539039225,"Gene2993"
589.395594005347,-0.16072893135838,0.225469333995812,-0.712863822808673,0.47593002744619,0.920425430744799,"Gene2994"
25.213537449725,0.0304555765880271,0.316187629341813,0.0963212148793565,0.92326546238703,0.989138348463355,"Gene2995"
4.126545993418,0.326611473892569,0.46588769570832,0.701051942133822,0.483270600244225,0.923784628815589,"Gene2996"
40.915254506179,-0.0918974928263349,0.296813318185828,-0.309613778074473,0.756854677441481,0.976901810185842,"Gene2997"
30.3963920358442,-0.661328398738044,0.249870483498769,-2.64668475234812,0.00812850898704759,0.0931634267856457,"Gene2998"
48.9127239159102,0.323100013658936,0.265326314133062,1.21774583389758,0.223320573777349,0.758136724243417,"Gene2999"
18.1659703491935,-0.0437764515742324,0.290061641366177,-0.150921202017776,0.880037875262832,0.986362048840613,"Gene3000"
33.0277615410712,0.21769466819474,0.300731743294296,0.723883238297542,0.469137421256618,0.918979533251709,"Gene3001"
23.0760267091762,-0.121482460260689,0.342553824973236,-0.354637582196552,0.722861117302062,0.968606179663051,"Gene3002"
33.4023475467388,0.111567959465127,0.267299356418346,0.417389555141741,0.676393493445086,0.964862029162694,"Gene3003"
13.6116881940477,0.374154759919312,0.296166164798488,1.26332716019025,0.206471629282504,0.745384943258138,"Gene3004"
204.252097850249,-0.259807941776777,0.221178871232054,-1.17465081691368,0.24013444379673,0.77263657569493,"Gene3005"
23.1713260747859,-0.176531727296952,0.3383591716144,-0.521728808043456,0.60185916382778,0.954765079684842,"Gene3006"
253.096523178029,0.0832996424761536,0.32527644805978,0.256088760723446,0.797882300329406,0.981522064235859,"Gene3007"
7.91196273457674,0.0757889344493641,0.383774571945057,0.197482949600461,0.843449622957283,0.985732611815519,"Gene3008"
140.571370251183,0.587933462312296,0.24942348394226,2.35716963382806,0.0184148326116718,0.184148326116718,"Gene3009"
25.5712384719345,-0.564122966495297,0.265640489212161,-2.12363321633829,0.0337008257638712,0.298898676397971,"Gene3010"
72.342822388534,0.0441364770853963,0.297362088930756,0.148426711838421,0.882006020545883,0.986362048840613,"Gene3011"
148.027050372606,0.0549787652186302,0.211281623073071,0.260215556937556,0.794697504805202,0.981522064235859,"Gene3012"
17.0664074503535,-0.0429766943500301,0.310952133414844,-0.138209999970299,0.890074452113198,0.987599985764196,"Gene3013"
69.5869065213798,0.00984052246543366,0.302614711001704,0.0325183215080983,0.974058705305129,0.996066844846464,"Gene3014"
47.5891380990239,0.133531007754323,0.270038516420042,0.494488747474147,0.620961051323102,0.95592604582585,"Gene3015"
12.9913299234454,-0.0946491918252211,0.323195856591927,-0.29285397660505,0.769633768582437,0.977265145689917,"Gene3016"
104.293740314478,-0.0897312314656277,0.331136238898089,-0.27097979902237,0.786406569221944,0.981474657375282,"Gene3017"
2.60395418377259,0.186679732608922,0.559144416502037,0.333866756243004,0.738480106455284,0.971584843669412,"Gene3018"
337.924613215945,0.0276833869112311,0.303561897677172,0.0911951965087248,0.92733749168142,0.989419924133832,"Gene3019"
233.180847360704,0.307029821666369,0.347302344285184,0.884041892369878,0.37667359891172,0.874821903085432,"Gene3020"
40.186349851053,0.420531861081581,0.266903962144378,1.57559242546613,0.115119762880373,0.592303611844575,"Gene3021"
32.4603418933283,-0.128784342085513,0.295856603436097,-0.435293113588825,0.663349682794353,0.95916112132122,"Gene3022"
93.2546373439235,0.106520684401589,0.210384932806991,0.50631327529197,0.612636745090378,0.95592604582585,"Gene3023"
26.9470579879319,-0.0471375582824624,0.260995456796506,-0.180606815386885,0.856676205956073,0.986071618700012,"Gene3024"
45.1108348917334,0.00354845560737509,0.310113246856162,0.0114424509218755,0.990870444293765,0.997858140929364,"Gene3025"
69.6951724173605,0.951703545159879,0.266409113978334,3.57233853957894,0.000353807622539937,0.00464009996773688,"Gene3026"
45.338306333713,-0.0659405648719633,0.232681337548856,-0.283394300405025,0.776874597005184,0.977815729396078,"Gene3027"
389.934395963461,0.0710165989820819,0.254505063222437,0.279038059529737,0.780215617007047,0.978438021351502,"Gene3028"
32.103973400512,0.121508455162908,0.273698132854221,0.4439506177692,0.657078287181342,0.957930867063869,"Gene3029"
63.3617686038699,2.06762364680342,0.214173562184794,9.65396300883967,4.72919604863945e-22,1.19726482244037e-20,"Gene3030"
18.2140230201994,-0.461298485734098,0.265056260321048,-1.74037951480698,0.0817924001397823,0.508817419221041,"Gene3031"
29.1566068915141,-0.0272071961120979,0.294957297052632,-0.0922411358659931,0.926506455645656,0.989226789772421,"Gene3032"
16.574534130684,-0.237591192822666,0.296433184808156,-0.80149998380387,0.422842253442898,0.904386549185102,"Gene3033"
185.809246143776,0.518676170783713,0.255825086031508,2.02746407254147,0.0426149750977508,0.350020329344976,"Gene3034"
68.3566653812877,0.568885854685494,0.269877879451724,2.10793806384289,0.0350363471929509,0.30666387039782,"Gene3035"
48.620688248849,-0.152597075049743,0.273789673597341,-0.557351462693096,0.577287320951825,0.947334508931418,"Gene3036"
49.4401474281919,-0.129680734219002,0.310261177903395,-0.417972803092304,0.675967002025284,0.964862029162694,"Gene3037"
17.8625674795977,-0.290500535088405,0.291949755470281,-0.995036062354149,0.319718725338128,0.842233220306125,"Gene3038"
966.745962237796,0.0448296920208922,0.301442679351683,0.148717136263876,0.881776838826174,0.986362048840613,"Gene3039"
159.053952117083,-0.380043106482284,0.270509420651579,-1.4049163447501,0.160046155655636,0.679601510215016,"Gene3040"
130.006721930432,0.539925335068271,0.283950838557862,1.90147469826277,0.0572398635171514,0.426367698451779,"Gene3041"
60.4234491963523,0.0410524302357278,0.252384339753153,0.16265838948597,0.870787410954252,0.986071618700012,"Gene3042"
68.503888391396,-0.268623189887232,0.218705782604337,-1.22823999753679,0.219356887997917,0.754867088164484,"Gene3043"
123.452604932307,-0.25479614074616,0.237045863882186,-1.07488119207512,0.282427923527636,0.808693434308323,"Gene3044"
87.2236563265413,-0.641317901295775,0.267755989710369,-2.39515800184148,0.0166132045311039,0.170829866643742,"Gene3045"
134.229072805577,-0.344891889776177,0.277586029349604,-1.24246847214996,0.214063765936254,0.753204122952887,"Gene3046"
30.7821929804988,-0.415282494527783,0.294217526011571,-1.41148115871062,0.158102787326525,0.676060499550552,"Gene3047"
270.306977342967,0.153920378164029,0.243074501073093,0.633223055007918,0.526587992188129,0.929644202129746,"Gene3048"
10.5083369792401,0.170934978864281,0.353821808174997,0.48311035361545,0.629017382975828,0.957889060530138,"Gene3049"
421.909023942704,0.217110002319064,0.236422646737386,0.918313052134236,0.358454995982077,0.867404708970543,"Gene3050"
51.4858151840743,-0.316910551893439,0.264595900516399,-1.19771527553881,0.231027880415432,0.761212126574736,"Gene3051"
147.921066362152,1.80486356169322,0.180430706456436,10.0030842706311,1.47723072767087e-23,4.13211392355487e-22,"Gene3052"
45.9289516448619,-0.0380447407249459,0.310424060450074,-0.122557319396525,0.902457653756384,0.989068835901661,"Gene3053"
16.6731383355964,0.813151389018495,0.337568940836089,2.40884539615667,0.0160030755600943,0.166320391131939,"Gene3054"
34.9918455534128,0.265554742206086,0.233720697702303,1.13620550005516,0.25587056921117,0.789044479997369,"Gene3055"
295.576987586594,-0.0690960127604948,0.238809586661258,-0.289335171701062,0.772324899620937,0.977265145689917,"Gene3056"
603.696989094434,0.10363053156501,0.282197699175263,0.367226706198793,0.713449920171606,0.968606179663051,"Gene3057"
17.1780361365297,0.283384119885476,0.29879446496912,0.948424931214046,0.342913172329989,0.856163524879517,"Gene3058"
79.3748336035612,0.505096455263927,0.275132122870721,1.83583236298897,0.0663824534752897,0.449874585910079,"Gene3059"
29.6617963170298,0.175590965105057,0.251657835480688,0.697736928276695,0.485341729368453,0.923784628815589,"Gene3060"
56.0020405512292,-0.1863375828734,0.265233312919376,-0.702542153632268,0.482341122943118,0.923566775997116,"Gene3061"
82.8872382427468,-0.0472876583556132,0.262413601045923,-0.18020277213961,0.856993382206977,0.986071618700012,"Gene3062"
31.1222724335347,0.523670746226699,0.276518194914535,1.89380212896498,0.0582512789741132,0.431305578971177,"Gene3063"
66.9329474598966,0.358682064865947,0.2921057850834,1.22791838841377,0.219477605883824,0.754867088164484,"Gene3064"
440.74298405964,0.335384486947093,0.21762202165806,1.54113303604021,0.123284411011381,0.599228855971553,"Gene3065"
14.130651306508,0.020374879526641,0.309682684569398,0.0657927631794187,0.94754281790019,0.993471607857056,"Gene3066"
42.1274572738645,0.446482777374262,0.281978438865747,1.58339332315701,0.113331843863465,0.588772986091681,"Gene3067"
79.125400447015,-0.283037467931268,0.312657253624131,-0.905264357856637,0.365325353896412,0.869227759199078,"Gene3068"
72.4205668506671,-0.00480081865047261,0.237738771276563,-0.0201936715021034,0.983888876267392,0.996874123254448,"Gene3069"
57.837554414531,-0.00351595026014424,0.276706608364602,-0.0127064195572498,0.989862016814386,0.997858140929364,"Gene3070"
67.7017104652485,0.16765655951628,0.27542789391312,0.608713072355571,0.54271464069124,0.933552658102756,"Gene3071"
45.7282789819494,0.418997147193158,0.285126773308851,1.46951176254254,0.141694033781797,0.638261413431518,"Gene3072"
57.1130376137911,-0.185041128189052,0.255827553052686,-0.723304139765367,0.46949305001274,0.918979533251709,"Gene3073"
48.420673031774,-0.0871603628455653,0.230114148495166,-0.378770116551074,0.704858580317805,0.965980775014465,"Gene3074"
156.436855962134,0.24728359144299,0.275514918817824,0.897532491177001,0.369434843920246,0.869258456282932,"Gene3075"
123.189048107659,0.301727568820096,0.247235759973979,1.22040423623125,0.22231167225651,0.757511449246019,"Gene3076"
52.124327939228,-0.343333281602171,0.237204439791927,-1.44741507327324,0.147780706596835,0.652888987501847,"Gene3077"
259.894239935047,-0.0474797853378084,0.295196427440068,-0.160841327754374,0.872218374131841,0.986071618700012,"Gene3078"
72.2683585485476,0.192950190254906,0.266623589768993,0.723680115559473,0.469262143486783,0.918979533251709,"Gene3079"
117.595202498428,0.033018093622677,0.206588742702078,0.159825231475911,0.873018747725778,0.986071618700012,"Gene3080"
71.908773594427,-0.186595539407864,0.22101953243169,-0.844249091267691,0.398530227437294,0.888622896746508,"Gene3081"
24.8362359980778,0.106176800228933,0.305001118680966,0.348119379653798,0.727750530674303,0.968606179663051,"Gene3082"
107.32926782376,0.0952419765981182,0.273079811674238,0.348769746156607,0.727262177979713,0.968606179663051,"Gene3083"
5.15533018668383,-0.18490865603699,0.431923936372688,-0.428104674146701,0.668574913915745,0.963014083706209,"Gene3084"
14.3144692589788,0.278806301039147,0.32587897610168,0.855551666371243,0.392245814520741,0.884253394701024,"Gene3085"
114.966547655983,0.610571762072355,0.240935464191818,2.5341713978074,0.0112713585638017,0.1238610831187,"Gene3086"
245.578453405951,0.423981038235707,0.220851621188857,1.91975515485643,0.0548888338326771,0.416613539526961,"Gene3087"
9.95374375644608,-0.370922682031261,0.41045550120298,-0.903685493175619,0.366162193562612,0.869227759199078,"Gene3088"
221.089038496363,-0.445399258473512,0.192811408704317,-2.31002543608063,0.020886745944125,0.203773131162196,"Gene3089"
8.4963709914452,-0.304679257764635,0.368115248675364,-0.827673558378799,0.40785539763384,0.893929638649513,"Gene3090"
23.1339472670609,-0.145389951632409,0.272302110511268,-0.533928846013821,0.593390763714328,0.951688035781253,"Gene3091"
12.0790703834925,0.0300474526203718,0.309157250721476,0.0971914860487678,0.922574329184834,0.989138348463355,"Gene3092"
43.9778576208913,0.0924007927174158,0.315688202899685,0.292696375311743,0.769754240705011,0.977265145689917,"Gene3093"
68.3519709206089,-0.39849582277181,0.224532434326633,-1.77478066350142,0.0759341103179403,0.489108601081741,"Gene3094"
80.8521510538323,-0.283611405897036,0.219030329880061,-1.29484992353497,0.195372006079496,0.731045859979404,"Gene3095"
35.0393473157052,0.203777429366535,0.254813030490625,0.799713534956103,0.423876789190919,0.904386549185102,"Gene3096"
46.4432267155728,0.145308338914419,0.291323648531304,0.498786623217801,0.617929712251213,0.95592604582585,"Gene3097"
79.2898398724875,0.0307461975874296,0.235471615046272,0.130572840303438,0.896113229045498,0.989068835901661,"Gene3098"
16.1748153749358,-0.167769478703297,0.28738554791108,-0.583778411693848,0.559369404480309,0.941699334141934,"Gene3099"
25.2555243526827,0.0493808503177449,0.306372813781362,0.161178956149108,0.871952454965508,0.986071618700012,"Gene3100"
301.790196177558,-0.217953546977042,0.271269859882835,-0.803456554558545,0.421710898215694,0.904386549185102,"Gene3101"
1.63583232255503,0.0908809230563331,0.658471133401184,0.138018082261113,0.890226126735528,0.987599985764196,"Gene3102"
133.897379457151,-0.039902018851789,0.29281692128546,-0.136269511600013,0.891608225241929,0.987599985764196,"Gene3103"
191.135822322588,0.144394129035483,0.234002956950706,0.617061129983499,0.537194405716093,0.931958650783472,"Gene3104"
247.46814194113,0.298311817381688,0.232944628372608,1.28061256216015,0.200329785395837,0.736324136630535,"Gene3105"
33.8602704234808,-0.644088968721328,0.26906335158621,-2.39381902040627,0.0166739739003627,0.171015116926797,"Gene3106"
116.67658487545,-0.0127413556873802,0.284658230000194,-0.044760187286247,0.964298459210479,0.994891368801113,"Gene3107"
40.6101939336324,-2.7680448619572,0.254000095794674,-10.8978103071064,1.18064352358158e-27,4.33263678378561e-26,"Gene3108"
24.1438101140275,0.468347180240781,0.274229800827485,1.70786391131653,0.0876615968569574,0.52405318368313,"Gene3109"
105.49136581333,0.0179166814253894,0.306431250709026,0.0584688454063789,0.953375177789783,0.993471607857056,"Gene3110"
100.366309411071,-0.144542378867124,0.264492940498705,-0.546488607955235,0.584730116416783,0.948172510708119,"Gene3111"
19.3112091779295,-2.29937539501481,0.295001315803187,-7.79445809844747,6.46854737891812e-15,1.11048023672414e-13,"Gene3112"
33.0622142456739,0.0300486229516668,0.257750007845691,0.116580492869107,0.90719249673679,0.989138348463355,"Gene3113"
45.1791586656268,0.22028241373624,0.317742188782605,0.693274048939577,0.488137585661112,0.923784628815589,"Gene3114"
95.884541600825,-0.22458120809202,0.244557645617283,-0.91831603761624,0.358453433432151,0.867404708970543,"Gene3115"
52.3918324363774,-0.127474214697786,0.243199826148869,-0.524154218020515,0.600171280746628,0.954765079684842,"Gene3116"
11.0475361051792,0.300935183656206,0.318494511184248,0.9448677232686,0.344726411622887,0.857528387121608,"Gene3117"
71.2646004476023,-0.262804554736625,0.211493199464129,-1.2426146817132,0.214009857077494,0.753204122952887,"Gene3118"
32.2639157611104,-0.240293014909944,0.252529086949536,-0.951545890465926,0.341327334488216,0.85599331533095,"Gene3119"
126.579900531105,-0.1075443693549,0.275036930561513,-0.391017923067051,0.695783987770754,0.965980775014465,"Gene3120"
11.715978433676,0.179108972092894,0.301917390119324,0.593238342521794,0.553021655707752,0.938850185631097,"Gene3121"
5.46403500905359,-0.0141297583702206,0.390934729425928,-0.0361435229634613,0.9711679186764,0.996066844846464,"Gene3122"
26.4887420924647,-0.390429347322361,0.282277472830502,-1.38314029599096,0.166621852068936,0.688149199318361,"Gene3123"
24.3289392206479,0.150777813312623,0.279309168302477,0.539824074623068,0.5893183626676,0.950177551184734,"Gene3124"
128.408147827476,-0.336433191642768,0.312074010462803,-1.07805578280563,0.281008862745049,0.808077247289859,"Gene3125"
6.49450166258872,-0.0959434598250567,0.386255355466366,-0.248393862938714,0.803829681488613,0.981522064235859,"Gene3126"
18.2729889615361,0.148196400255357,0.306759879060884,0.483102290654977,0.629023107695494,0.957889060530138,"Gene3127"
42.6598287817395,0.277827968709131,0.247306023511036,1.12341771852044,0.261260128097507,0.793363984935961,"Gene3128"
20.4799793756003,-0.180950242288089,0.29279118017763,-0.618018077519653,0.536563422280318,0.931958650783472,"Gene3129"
47.4184049004805,-0.154475659525301,0.250389999819611,-0.616940211815927,0.537274162176672,0.931958650783472,"Gene3130"
13.1198231091473,-0.446318782204338,0.328008757599794,-1.36069166405884,0.173611150022571,0.698684220021239,"Gene3131"
20.4369947195609,-0.195254604584465,0.279072933478885,-0.699654395539001,0.484143163256087,0.923784628815589,"Gene3132"
9.27629782557932,-3.69655065972959,0.513119382954105,-7.20407527474015,5.84390773992064e-13,9.31300038234364e-12,"Gene3133"
6.86734741127171,-0.400824591303157,0.375830318571812,-1.06650414161988,0.286195807488028,0.80951875852996,"Gene3134"
79.1914649676349,-0.19722435954604,0.268073220071048,-0.735710786380558,0.461906723953905,0.915998311441676,"Gene3135"
22.544826043847,-0.0710623424080696,0.28223481255905,-0.251784468980778,0.801207662619627,0.981522064235859,"Gene3136"
23.3533442044952,0.200316242601327,0.328373073415507,0.61002639625039,0.541844322055525,0.933552658102756,"Gene3137"
187.491285499606,-0.149423543967822,0.29272777033476,-0.510452232792751,0.609734671390244,0.95592604582585,"Gene3138"
126.730935852979,-0.296898663153098,0.236810312562521,-1.25374043022182,0.209936367480921,0.748436247703819,"Gene3139"
22.821825963425,-0.123145747971118,0.268003483080894,-0.459493087759416,0.645880114672921,0.957930867063869,"Gene3140"
158.666201874355,-0.125669384220934,0.286883497969619,-0.438050236804636,0.661349866870832,0.958842020929075,"Gene3141"
30.1470810145517,0.035735173181428,0.284812535147455,0.125469102555219,0.900152184300753,0.989068835901661,"Gene3142"
21.1459217009417,-2.36304745304445,0.28843330703398,-8.19269964812374,2.55431032188231e-16,4.66540698060695e-15,"Gene3143"
44.9290642219681,-1.54300583339489,0.227098467422271,-6.79443525493191,1.08737635711172e-11,1.66647717565014e-10,"Gene3144"
65.5880718252096,-0.0276437051921211,0.344704858849436,-0.0801952873086586,0.936081938274379,0.991349683107629,"Gene3145"
44.5884961044739,-0.639259105040031,0.301594473105543,-2.11959820900406,0.0340399436537852,0.300151985331647,"Gene3146"
33.8885886945857,-0.0501474718082114,0.262573463562576,-0.190984538680392,0.848537706541807,0.985732611815519,"Gene3147"
106.670922486699,-0.29296209398907,0.288575987798693,-1.01519913775167,0.310010911543358,0.832165566699599,"Gene3148"
166.473765257498,0.184590168385866,0.240288366399963,0.768202685595746,0.442366778240148,0.905307779082269,"Gene3149"
34.4221159252406,-0.112872190178349,0.298736232137114,-0.377832274883023,0.705555195990123,0.965980775014465,"Gene3150"
268.023978307012,0.0643276961961358,0.264942925345442,0.24279831632516,0.808161639929685,0.983462361202086,"Gene3151"
20.9006143983374,-0.0492383114648589,0.253752928133726,-0.194040367640253,0.846144273746435,0.985732611815519,"Gene3152"
625.152463793955,0.193770511314689,0.26025883673342,0.744529998469046,0.456555899685921,0.911758537940954,"Gene3153"
129.257767327133,0.219799680480285,0.230873856113689,0.952033652403023,0.34107991525089,0.85599331533095,"Gene3154"
33.0535805022162,-0.239195396653576,0.277886359236104,-0.860766959958425,0.389366405624217,0.883305334767189,"Gene3155"
4.31958621561756,0.106492179669382,0.468200850527674,0.22744977833629,0.820074016885837,0.98471246927671,"Gene3156"
35.1043442181632,0.177232940695073,0.283539563995372,0.625073052231842,0.531923113409661,0.93042546577227,"Gene3157"
33.1351516625887,0.168006481102226,0.269019778488916,0.624513491334792,0.53229041294469,0.93042546577227,"Gene3158"
254.940462673709,-0.277755775193033,0.262586076849967,-1.05777038343025,0.290160138196507,0.813343064320974,"Gene3159"
91.0995883975154,-0.691901912178087,0.229553439964716,-3.01412129691647,0.00257724743051664,0.0323165822008356,"Gene3160"
5.21106144633862,0.119519568204229,0.406839711676187,0.293775570019472,0.768929404080221,0.977265145689917,"Gene3161"
74.5921755725326,-0.0962236876328024,0.282462086396075,-0.340660542660849,0.73335914610076,0.971292520455398,"Gene3162"
17.3213441784784,-0.165970236139088,0.30505477185311,-0.5440670051836,0.586395364574112,0.948859813226718,"Gene3163"
8.67335451038661,0.208208674637246,0.353290024122519,0.589342071445074,0.55563182776924,0.939708843355308,"Gene3164"
619.962788271594,2.75535224682849,0.192825775733866,14.2893357298423,2.55030425169256e-46,2.08188102178984e-44,"Gene3165"
291.599974628729,2.19404897493769,0.173631333088948,12.6362502430003,1.33259028608739e-36,6.9225469407137e-35,"Gene3166"
31.7785604234482,0.00780675410219828,0.321293089704258,0.0242979209711115,0.980614971467459,0.996791406921093,"Gene3167"
308.546918455492,-0.218156240327205,0.266233246377263,-0.819417722225679,0.412548127083806,0.896378471923103,"Gene3168"
42.5342691742575,-0.415504373524798,0.298917735806058,-1.39002917442939,0.164520018381034,0.686214883758222,"Gene3169"
5.0496513163159,-1.97166455648798,0.4710454128275,-4.18572074537964,2.84262656835687e-05,0.000385440890624661,"Gene3170"
144.332370904794,-0.211683734335156,0.214444508061319,-0.9871259294485,0.323580907747392,0.846144987114354,"Gene3171"
22.9688158470605,-0.764251928869,0.300076435746583,-2.54685752637511,0.0108697801597998,0.120108068064086,"Gene3172"
60.2552885788646,0.637365690004876,0.271295136957222,2.34934432350469,0.018806506546276,0.187596075274574,"Gene3173"
16.3809773084911,0.414330659950392,0.323924576652502,1.27909609154132,0.200863219801446,0.736324136630535,"Gene3174"
9.50950628146932,0.150113939290444,0.333921118573494,0.449549102889115,0.653035594682733,0.957930867063869,"Gene3175"
79.5308915282689,-0.218894787239822,0.337496081822025,-0.648584677066721,0.516606862333237,0.928583583948193,"Gene3176"
21.304062180811,-0.0432123210788923,0.296168794322605,-0.145904369086983,0.883996882470233,0.986879020340757,"Gene3177"
23.7030926173577,-0.117388946971734,0.329894558438465,-0.355837778978189,0.721962054853004,0.968606179663051,"Gene3178"
137.751481054625,-0.294407758609841,0.318880937022758,-0.92325292743614,0.355875412554138,0.865483115461287,"Gene3179"
2.7941536374244,-0.01477518637686,0.547962790325822,-0.0269638498046091,0.978488567217661,0.996791406921093,"Gene3180"
19.9200182370408,-0.0515051238222854,0.335081391308594,-0.15370929319931,0.877838956955401,0.986362048840613,"Gene3181"
292.39788480888,-0.0980972928800821,0.258226697490915,-0.379888268073186,0.704028356388425,0.965980775014465,"Gene3182"
56.4509674534823,0.291197680364236,0.249302887991133,1.16804776194407,0.242787499736642,0.775064430239707,"Gene3183"
5.76433292190389,0.257687664323232,0.390564795885733,0.659782107956865,0.509393666735789,0.928583583948193,"Gene3184"
51.3549797829245,-0.0422929808400355,0.229803767070209,-0.184039545474963,0.853982431940138,0.986071618700012,"Gene3185"
50.4300753699578,-0.153807436051862,0.241657476729733,-0.636468766178,0.524470932460485,0.929644202129746,"Gene3186"
18.4735760816832,0.0404121300609954,0.326039162899945,0.123948698989259,0.901355893996241,0.989068835901661,"Gene3187"
22.8087783366825,0.559342637136154,0.259166879698564,2.15823348178873,0.0309096834635376,0.27972564220396,"Gene3188"
29.8921246217018,-2.91183107289753,0.292786492466405,-9.94523705096005,2.64543432036298e-23,7.19846073568158e-22,"Gene3189"
142.071482322643,-0.579939262119034,0.287519761589812,-2.01704139886705,0.0436911932252236,0.35656428657446,"Gene3190"
36.6884400063068,1.40245887493348,0.223697420049878,6.26944590876715,3.62335133980129e-10,5.42824170756747e-09,"Gene3191"
402.807649738025,2.56655174979175,0.168608776817661,15.2219344581765,2.52939850030087e-52,3.3725313337345e-50,"Gene3192"
6.0172378580102,-0.277317402611034,0.391718465218885,-0.707950804555701,0.478975808408501,0.920664696604519,"Gene3193"
547.640557178418,-0.0335706153904928,0.239136079970851,-0.140382895774594,0.888357471219361,0.987342641492431,"Gene3194"
137.897260715975,0.166687524537565,0.229472606379268,0.726394000432746,0.467597268104762,0.918979533251709,"Gene3195"
23.2634272170203,-0.0225335473485053,0.285505799842282,-0.078925007341193,0.937092272300415,0.991894440116872,"Gene3196"
45.6873286342725,-0.0154410954734503,0.322004003613936,-0.0479531164213822,0.961753607265202,0.994763555173913,"Gene3197"
12.3763362051261,-0.184311262924904,0.312703704273546,-0.589411831091303,0.555585041874633,0.939708843355308,"Gene3198"
44.1286021879534,2.22899648645102,0.238913574402931,9.32971888274458,1.0615207758639e-20,2.42633320197463e-19,"Gene3199"
81.8315784864499,-0.0969229159960352,0.240428768441857,-0.403125285814016,0.686856059851684,0.965476632893769,"Gene3200"
4.8459251068458,0.202051896337637,0.44574812621899,0.453287146827785,0.650341986880018,0.957930867063869,"Gene3201"
117.786894328477,0.0578630446749689,0.245247269611674,0.235937569321728,0.813481114964928,0.983621523514424,"Gene3202"
140.14631777436,-0.191496921469044,0.275681142999999,-0.694631919271479,0.487286003441156,0.923784628815589,"Gene3203"
62.6246386442321,-0.255431422102974,0.236934014901759,-1.07806986771774,0.281002577510993,0.808077247289859,"Gene3204"
23.6057133232892,0.203917797752066,0.314541621533177,0.648301476790592,0.516789979054432,0.928583583948193,"Gene3205"
96.696413297326,0.00918603468994336,0.265805440776834,0.0345592425162425,0.972431201831232,0.996066844846464,"Gene3206"
42.0772949999071,-0.143793679825769,0.28880362527622,-0.497894303398168,0.618558542675259,0.95592604582585,"Gene3207"
414.193379404369,-0.220547714348917,0.278658398603323,-0.791462649086963,0.428674063828399,0.905307779082269,"Gene3208"
99.1793954087728,-0.017811208129832,0.221698775402477,-0.0803396775534602,0.935967102061249,0.991349683107629,"Gene3209"
473.411408755379,0.0364622391218621,0.266310416237553,0.13691630855827,0.89109694787077,0.987599985764196,"Gene3210"
23.537420772173,-0.29987631899701,0.298512793361753,-1.00456772930869,0.315105042818657,0.838373967298594,"Gene3211"
215.551130067918,0.167949032849531,0.189255665106627,0.887418787463553,0.374853472231068,0.873003148205292,"Gene3212"
169.402427314847,-0.485614661175055,0.289976890193017,-1.67466676689931,0.0939996313484392,0.541784618722992,"Gene3213"
111.064640638514,-0.0920996390018639,0.245392561808671,-0.375315528404942,0.707425818851577,0.96642871427811,"Gene3214"
413.251231495128,0.132624645441742,0.226686891244835,0.585056527589411,0.558509708316389,0.940814423499384,"Gene3215"
200.247131956942,0.0848462377540437,0.251594932624809,0.337233492220493,0.735940891380369,0.971584843669412,"Gene3216"
230.488684662751,-0.117312609574885,0.322829339607354,-0.363388933972261,0.716314367029601,0.968606179663051,"Gene3217"
252.479097925845,0.253592875305575,0.19430252423008,1.30514452300829,0.191843640557878,0.72479639693645,"Gene3218"
23.5903612447023,0.304474940144681,0.296196683536654,1.02794851214802,0.303974047939208,0.82929678999083,"Gene3219"
125.778848695794,0.317406804202163,0.228642287830193,1.38822440596769,0.165068722713758,0.687248238594472,"Gene3220"
272.116096748934,-0.188206149888602,0.236174128603623,-0.79689570996353,0.425511602641553,0.905307779082269,"Gene3221"
5.75789537596458,0.201411016414611,0.415704726762352,0.484504994646724,0.628027520531454,0.957889060530138,"Gene3222"
216.059560090787,0.0362418039384457,0.301069284024313,0.120376955941872,0.904184545140974,0.989068835901661,"Gene3223"
12.1881500126809,0.145002273628124,0.367844469252093,0.394194519012192,0.69343743197266,0.965949908811616,"Gene3224"
8.85107775908701,0.542571196129145,0.358574646412144,1.51313318316855,0.130245832211728,0.611482780336752,"Gene3225"
46.5991523133667,0.0764618294468215,0.24236024196818,0.315488335982353,0.752390905766282,0.975150527992785,"Gene3226"
6.91683448362916,-0.220215131492186,0.404258391272103,-0.544738553970946,0.585933344607221,0.948495903856286,"Gene3227"
21.3738672104047,-0.0323324202353322,0.33138162994095,-0.0975685352295888,0.922274910511179,0.989138348463355,"Gene3228"
158.781347186974,0.0248368127382755,0.218384886180279,0.1137295404123,0.909452194583216,0.989138348463355,"Gene3229"
62.8047188608315,0.0831560764390981,0.257051733693369,0.323499379849711,0.746317077110551,0.974859188582401,"Gene3230"
266.43830376692,0.160727966157586,0.208658053024426,0.770293615932335,0.441125742483828,0.905307779082269,"Gene3231"
74.8769094140743,-0.0506186166543982,0.322046134524853,-0.157178153152128,0.875104445539186,0.986362048840613,"Gene3232"
7.09275008877928,0.257706050753216,0.371104633904041,0.694429622293135,0.487412822198322,0.923784628815589,"Gene3233"
13.3037136959068,-0.135261193529486,0.306116339740067,-0.441862050370589,0.658589033631613,0.957930867063869,"Gene3234"
68.3501468703044,0.0242223429304205,0.243137449260301,0.0996240727379198,0.920642781617465,0.989138348463355,"Gene3235"
33.5345317531374,0.487176181970706,0.285629781161659,1.70562110151594,0.0880786479713361,0.52405318368313,"Gene3236"
177.149014038348,-0.0217421568156385,0.22930545894123,-0.094817440962934,0.924459833400765,0.989138348463355,"Gene3237"
64.7020100725536,0.575789598538026,0.328190040277759,1.75443958643813,0.07935521321795,0.500663805791482,"Gene3238"
15.9566725845059,0.173496649842654,0.34313466276427,0.50562262770242,0.613121593624615,0.95592604582585,"Gene3239"
19.3094149587134,-1.91496168492033,0.285580498047031,-6.70550579614495,2.0070992488323e-11,3.0526224316841e-10,"Gene3240"
185.374400275438,-0.663652505426891,0.242385490279544,-2.73800426197747,0.00618132748479124,0.0727214998210734,"Gene3241"
50.7139577789136,2.25243557137189,0.248091440822627,9.07905393230498,1.0952266064297e-19,2.35532603533268e-18,"Gene3242"
8.43107765296577,0.0867386142878252,0.344455363702499,0.2518138006489,0.80118498961483,0.981522064235859,"Gene3243"
109.645981940263,0.258053079874098,0.219496197776086,1.17566082004457,0.23973044101055,0.77263657569493,"Gene3244"
70.7810060746367,-0.323681353139078,0.238041739895882,-1.35976721259328,0.173903601032902,0.698684220021239,"Gene3245"
21.5222068000513,-0.630587742615239,0.321709881030255,-1.96011307018554,0.049982575903956,0.390488874249657,"Gene3246"
51.8202718048221,0.348753212368207,0.252341544711263,1.38206815198529,0.166950776205816,0.688149199318361,"Gene3247"
61.8983071764917,0.293184468221153,0.271546108632014,1.07968576569979,0.280282134655021,0.808077247289859,"Gene3248"
19.2561039646893,-0.00708857452833479,0.298343899622123,-0.0237597434950507,0.981044251013772,0.996791406921093,"Gene3249"
71.4329108456252,-0.0638155996290542,0.235987851140387,-0.27041900386258,0.786837921564828,0.981522064235859,"Gene3250"
23.2687540954236,-0.022987372625929,0.280618612456386,-0.0819167781663152,0.934712892232415,0.990993539422673,"Gene3251"
33.8758739933961,0.101172599926134,0.295085567586172,0.342858516442316,0.731704901269964,0.970945012301516,"Gene3252"
126.516573832604,-0.145223424000582,0.261753529321156,-0.554809802860009,0.579024761309843,0.947334508931418,"Gene3253"
34.911371620656,-0.409543452844562,0.300904682472474,-1.36104047793283,0.173500897996893,0.698684220021239,"Gene3254"
9.15024121403891,-0.0721354872586261,0.346062541229638,-0.208446389494547,0.834880438135125,0.985732611815519,"Gene3255"
38.6275440177992,-0.0215200444114963,0.303071789432089,-0.0710064254143272,0.943392641660208,0.992783627108874,"Gene3256"
7.29353907644089,-0.354156729938234,0.369152418756116,-0.959378056174167,0.337368325666593,0.855068234149037,"Gene3257"
25.4240760794121,0.358972723742907,0.307528507930676,1.16728275423438,0.24309620083532,0.775426477943604,"Gene3258"
26.4186208986904,0.0195076038806924,0.28553951079737,0.0683184047847436,0.945532173458057,0.993471607857056,"Gene3259"
2449.01861072006,0.300548191472629,0.290981672151131,1.03287670749424,0.30166160040529,0.828942539113957,"Gene3260"
98.432993125005,0.203201572822581,0.214312978860057,0.948153368514692,0.343051382505946,0.856163524879517,"Gene3261"
84.5522130398479,0.111389569648877,0.210516890017915,0.529124145997967,0.596719332302099,0.953225770450637,"Gene3262"
73.1989514047535,-0.369823621481908,0.26482215292464,-1.39649805500656,0.162564565900593,0.6844447118537,"Gene3263"
23.4362611375013,-0.284717411762806,0.288598294849701,-0.986552647204944,0.323861993818019,0.846144987114354,"Gene3264"
2.43491429931203,-0.452712066045322,0.569511037712268,-0.794913594412271,0.426663765836138,0.905307779082269,"Gene3265"
270.476864894503,-2.46870013833869,0.174154110677633,-14.1753767897467,1.30142745688102e-45,9.82209401419635e-44,"Gene3266"
26.7925483704294,-0.114289681696644,0.278469362309163,-0.410421027106591,0.681497124165081,0.965476632893769,"Gene3267"
17.6412461118446,0.333631444373749,0.285299064072838,1.16940952981385,0.242238672123511,0.775064430239707,"Gene3268"
22.2165742229415,-0.111596820690497,0.254864895974255,-0.437866581287716,0.661483002273353,0.958842020929075,"Gene3269"
220.728737458482,-0.269648329600194,0.333464102693811,-0.808627757596405,0.418729293544897,0.902582963064787,"Gene3270"
132.821736438154,0.107880805370831,0.210235217736262,0.513143356914477,0.607851044851481,0.95592604582585,"Gene3271"
268.306714866008,-0.0542088996202287,0.249488224598914,-0.217280393523088,0.827989835816031,0.985732611815519,"Gene3272"
80.475156401419,0.344507655098081,0.280171038321078,1.22963335954544,0.218834431968688,0.754604995551524,"Gene3273"
44.5791676069236,-0.0509265634694204,0.245307706854205,-0.207602786404456,0.835539128531562,0.985732611815519,"Gene3274"
33.9236578288243,-0.00185676692622567,0.272818443627135,-0.00680587023934256,0.994569743134698,0.997858140929364,"Gene3275"
9.16004675282756,0.23577714922329,0.369990889653172,0.637251229197311,0.523961213270862,0.929644202129746,"Gene3276"
75.8828317105913,0.221027360729771,0.253402671212636,0.872237690597593,0.38307872180571,0.882778924816499,"Gene3277"
38.0445014713443,-0.0835947138163796,0.281624655482681,-0.296830239075145,0.766596117909213,0.977265145689917,"Gene3278"
30.581356512529,0.29432315916242,0.257762990691142,1.14183637601833,0.253522038953799,0.786811952863478,"Gene3279"
204.318788809381,-0.598927759748848,0.276751679139617,-2.16413414946869,0.030454055311984,0.277485697603499,"Gene3280"
248.415779036145,-0.0107866867180955,0.265068675567336,-0.040693932223445,0.967539898974606,0.995750322977152,"Gene3281"
636.635405040651,-1.59505164437477,0.150727972433021,-10.5823200473526,3.59933441517822e-26,1.19977813839274e-24,"Gene3282"
91.3483221518203,0.180210799277197,0.254326042815367,0.708581776692152,0.478584048265007,0.920664696604519,"Gene3283"
47.8185343781992,-0.15442492025319,0.324313812689484,-0.476158936841353,0.633961151462138,0.957930867063869,"Gene3284"
14.87345191303,-0.0763007170307856,0.349221837759175,-0.218487817143334,0.827049049551853,0.985732611815519,"Gene3285"
51.6620259984328,0.067774742310397,0.301069852683113,0.225113015157092,0.821891356191113,0.984926103935111,"Gene3286"
443.969078018593,-0.033108423201112,0.235690837120413,-0.140473951408629,0.888285532167494,0.987342641492431,"Gene3287"
38.4114733824512,-0.0638078981262384,0.262646957101551,-0.242941699498035,0.808050561524666,0.983462361202086,"Gene3288"
412.740089091559,0.158164329211055,0.227809807388887,0.694282353441693,0.487505155360666,0.923784628815589,"Gene3289"
40.5662375104793,-0.140434552039411,0.30273278462842,-0.463889473390809,0.642726935042096,0.957930867063869,"Gene3290"
61.875630374573,0.504895668664928,0.305322256904649,1.6536484230909,0.0981989678490964,0.55323362168505,"Gene3291"
1112.12531988219,-0.105663227796161,0.303748433172644,-0.347864272722369,0.72794211772643,0.968606179663051,"Gene3292"
58.0136744786894,0.0248063579197011,0.260727919414611,0.095142698854026,0.924201483101044,0.989138348463355,"Gene3293"
9.61335092926583,-0.418260784812189,0.331292121588337,-1.26251352675365,0.206764062027262,0.745767581703381,"Gene3294"
25.3642365667864,0.0919706683415559,0.302720072636615,0.303814238482816,0.761269418447121,0.977265145689917,"Gene3295"
13.9540712315883,-0.141679618639203,0.361356166601831,-0.392077489562579,0.695000959389958,0.965949908811616,"Gene3296"
55.0996151063169,0.247155492749374,0.219112793973832,1.12798293639983,0.259327125571691,0.792040571133092,"Gene3297"
71.1910937978372,1.89591541512991,0.213131699394159,8.89551118167395,5.81510016107765e-19,1.21782202326234e-17,"Gene3298"
74.7611461504334,-0.140523761619414,0.298837331013553,-0.470234964095034,0.638187156585003,0.957930867063869,"Gene3299"
366.061581019682,-0.141235930359452,0.298262255397276,-0.473529344741694,0.635835570348585,0.957930867063869,"Gene3300"
15.6138651781512,-0.0503052125206539,0.296034185824325,-0.169930416585423,0.865064860016974,0.986071618700012,"Gene3301"
13.6482827606062,0.306028479131145,0.313131593457086,0.977315881008621,0.328412793246945,0.847944905610575,"Gene3302"
24.0650244925788,-2.17964373478748,0.268195174543588,-8.12708035667224,4.39753870340736e-16,7.92349315929254e-15,"Gene3303"
105.594243102649,-1.72176177200021,0.199925663379166,-8.61200979853611,7.17907064204926e-18,1.4145952004038e-16,"Gene3304"
82.520509484761,0.112739601955074,0.278519269065011,0.404782054518313,0.68563772090795,0.965476632893769,"Gene3305"
50.9435160037237,-0.0915352091559498,0.283072991307097,-0.323362567136071,0.74642067508585,0.974859188582401,"Gene3306"
331.752674404009,-0.189896197878397,0.247407383955349,-0.767544585139256,0.442757795330791,0.905307779082269,"Gene3307"
37.2427977301762,-0.0199108533863343,0.243475574078283,-0.0817776216842701,0.934823551767318,0.990993539422673,"Gene3308"
463.829956975739,-0.0563902424617373,0.303519275787815,-0.185788010713226,0.852611006908799,0.986071618700012,"Gene3309"
10.491109949078,0.066558023429948,0.335863847122129,0.198169657140102,0.842912326770659,0.985732611815519,"Gene3310"
84.0069342072044,-0.0757430151150893,0.291774915456275,-0.259593992158795,0.795176971062693,0.981522064235859,"Gene3311"
160.170073719175,-0.156492676980271,0.259649464309783,-0.602707490255257,0.546703297800868,0.935334983406104,"Gene3312"
209.06102953569,0.349944358950222,0.240945534200919,1.45237951851148,0.146396108033508,0.649206687510015,"Gene3313"
35.9196302693787,2.50544002452707,0.274796391939714,9.11744148764776,7.69187010886785e-20,1.68128308390554e-18,"Gene3314"
26.2428335894411,-0.10934090783641,0.286144868558411,-0.382117311371916,0.702374351773282,0.965980775014465,"Gene3315"
3.88179149389645,-0.0159577532972835,0.492529192974189,-0.0323996090483914,0.974153374259842,0.996066844846464,"Gene3316"
41.0603212642908,0.0871759140856632,0.292996575862219,0.297532194119079,0.766060232873271,0.977265145689917,"Gene3317"
26.0373757706309,-0.393046293718434,0.288384447954492,-1.36292472255806,0.172906236243386,0.698684220021239,"Gene3318"
197.487637674005,-0.227102017383732,0.274766271362608,-0.826528002354502,0.408504640062301,0.894372501504765,"Gene3319"
81.1848923762467,0.140362756839138,0.323839144813394,0.433433570608085,0.664699816356168,0.960201973790058,"Gene3320"
41.9719066746466,-0.282519322884955,0.324234711503295,-0.871342002758037,0.383567442832769,0.882778924816499,"Gene3321"
271.858187856813,-0.0295279087188882,0.225410625321493,-0.13099608182522,0.895778406946845,0.989068835901661,"Gene3322"
41.7612763636933,0.260116394272955,0.271160857830034,0.959269698268907,0.337422896370612,0.855068234149037,"Gene3323"
245.827494005988,-0.000185143146958907,0.236695068772651,-0.00078220111605595,0.999375893869698,0.999375893869698,"Gene3324"
121.587599759516,0.00664655820602145,0.23679883939121,0.02806837323658,0.977607618631262,0.996791406921093,"Gene3325"
102.027606901349,0.129238885556092,0.25459365229784,0.507628074736522,0.61171419803744,0.95592604582585,"Gene3326"
147.179160690241,-0.122101451545584,0.276945969377154,-0.440885461594504,0.659295919256708,0.957930867063869,"Gene3327"
84.4338857862174,2.63368312245685,0.203595853099931,12.9358387332386,2.82522896888407e-38,1.56957164938004e-36,"Gene3328"
10.7307840171962,0.260445942558155,0.371103404866834,0.701815017438638,0.482794532152493,0.923566775997116,"Gene3329"
136.800344846415,-0.1973941210853,0.298177601203436,-0.662001841481797,0.507970041522453,0.928583583948193,"Gene3330"
12.8129542862344,-0.441554054214223,0.288423229549454,-1.53092403446135,0.125788168399783,0.604799947431513,"Gene3331"
20.9105153033682,-0.165971250253658,0.271953324895545,-0.610293146139713,0.541667636320249,0.933552658102756,"Gene3332"
44.8412161981145,-0.306740889320566,0.283075051556464,-1.083602697002,0.278540994516691,0.806267723338763,"Gene3333"
104.717323664185,0.0210396712684349,0.29310497450847,0.0717820340774425,0.942775370661596,0.992395127012206,"Gene3334"
116.881401464706,-0.326194404466573,0.206704572050974,-1.57807058271615,0.114549395460079,0.59161949557776,"Gene3335"
6.1968638731561,-0.889315616711352,0.43311298999151,-2.05331088483119,0.0400424358687976,0.335083145345587,"Gene3336"
46.6521585299514,-1.84786699906081,0.238826623526712,-7.73727389255717,1.01571095108331e-14,1.73625803603985e-13,"Gene3337"
4.47846419056556,0.143078819040805,0.449748410684819,0.318130794109851,0.750385725774465,0.974859188582401,"Gene3338"
721.66825976467,-0.029076389688369,0.239793057682842,-0.121256178011736,0.903488128711814,0.989068835901661,"Gene3339"
15.1274859640903,-0.424465575568512,0.364046433121866,-1.16596548393161,0.243628401005234,0.775886627405203,"Gene3340"
428.215814451406,-0.101033399350598,0.264535065864251,-0.381928191714455,0.702514628610347,0.965980775014465,"Gene3341"
20.2884558590227,-2.69324980354246,0.3177337523887,-8.47643595713329,2.32197462820698e-17,4.50868859846016e-16,"Gene3342"
111.564074650643,0.0464810409314509,0.245520426921805,0.189316390144004,0.849844850126211,0.985732611815519,"Gene3343"
19.2259473052713,-1.00422363492264,0.298754542890034,-3.361366910803,0.000775577233617946,0.00994329786689674,"Gene3344"
57.0751913647985,-0.144404635210039,0.286829543225174,-0.503451051751232,0.614647186245322,0.95592604582585,"Gene3345"
112.400016726808,0.274812858415851,0.272808379576302,1.0073475706379,0.313767776987855,0.838373967298594,"Gene3346"
343.942466895666,-0.415166216993247,0.195900134167946,-2.11927479660286,0.0340672503351419,0.300151985331647,"Gene3347"
23.2793666941661,-0.387751250836567,0.323713542277543,-1.19782214889274,0.230986262604258,0.761212126574736,"Gene3348"
28.1064648655163,2.824236793418,0.280402024005614,10.0720984573259,7.33951425338972e-24,2.11209043263013e-22,"Gene3349"
12.1515435139878,0.215925793327276,0.343353717214642,0.628872741145521,0.52943237311289,0.929644202129746,"Gene3350"
53.9159957108304,-0.375462321824109,0.295110714650387,-1.27227614310417,0.203275021930666,0.738011135909658,"Gene3351"
74.7159474478927,-0.41955100381935,0.283644686067438,-1.47914283054681,0.139102145132524,0.632282477875111,"Gene3352"
41.6335403096053,-0.33953823485643,0.353778878390529,-0.959747049911842,0.337182537307201,0.855068234149037,"Gene3353"
58.9410901395735,0.0493984751796746,0.258260699229742,0.191273683247218,0.848311178153957,0.985732611815519,"Gene3354"
34.7372919514939,0.187556270002576,0.270287333840057,0.69391438858013,0.487735899579403,0.923784628815589,"Gene3355"
27.7183021102345,0.118781589059518,0.318679527980923,0.372730529043046,0.709349012294676,0.96716849257703,"Gene3356"
763.503930963377,-0.676332478624801,0.245430998059138,-2.75569298081017,0.00585679434340481,0.0695168468059918,"Gene3357"
179.670841951898,2.42426689420595,0.183533832801443,13.2088283517114,7.80295171998567e-40,4.80181644306811e-38,"Gene3358"
228.606363386671,0.0992109312913928,0.270751193553619,0.366428417135473,0.714045418249439,0.968606179663051,"Gene3359"
1079.33850649074,-0.084543094165314,0.210318749829123,-0.401976020844564,0.687701673814724,0.965476632893769,"Gene3360"
9.12403141025356,-0.441590966103715,0.363316676371958,-1.21544370193352,0.224196908614577,0.759036233839854,"Gene3361"
24.026611893233,-2.32827320472514,0.2764905046026,-8.42080710175404,3.73899455942425e-17,7.19037415273894e-16,"Gene3362"
48.3462106804206,0.247380167856575,0.273286706160648,0.905203810796255,0.365357423389073,0.869227759199078,"Gene3363"
248.557167699613,0.0173295137656905,0.276990646510079,0.0625635341266296,0.950114068056211,0.993471607857056,"Gene3364"
34.2292015603944,0.017102148954954,0.254858267580178,0.0671045484116919,0.946498472950723,0.993471607857056,"Gene3365"
81.2066601683588,-0.195634053697068,0.30584954342144,-0.639641477010472,0.522405710713358,0.929644202129746,"Gene3366"
55.2226163301661,-0.11991210466786,0.223273609921452,-0.537063492232893,0.591223757477367,0.951668020084294,"Gene3367"
70.0292085882951,0.175253080464969,0.275060309728105,0.637144198078614,0.524030921460208,0.929644202129746,"Gene3368"
23.6958439781882,0.265416164294783,0.335910548018969,0.790139416163243,0.429446352717939,0.905307779082269,"Gene3369"
1281.54276798873,-0.0666063039968514,0.269230836195593,-0.247394781883241,0.804602712157345,0.981522064235859,"Gene3370"
13.0593393519974,-0.215324615976874,0.322827735250221,-0.6669954048712,0.504775068583303,0.928583583948193,"Gene3371"
36.9814847080299,-0.0771197530703726,0.287085237629327,-0.268630159137428,0.788214301449298,0.981522064235859,"Gene3372"
85.3781370233022,0.0234485008809996,0.251748462612546,0.0931425782610958,0.925790291878945,0.989138348463355,"Gene3373"
90.3312748040974,0.277849749056539,0.223599330422603,1.24262335012991,0.214006661257212,0.753204122952887,"Gene3374"
9.94935636490046,0.266329658476665,0.380237031556981,0.700430616623814,0.483658421512286,0.923784628815589,"Gene3375"
42.0550500471863,0.0430055699925765,0.268760187174052,0.160014660075845,0.872869525950571,0.986071618700012,"Gene3376"
12.9082005585481,0.435491419556425,0.296629040458728,1.46813480865849,0.142067608048476,0.638506103588655,"Gene3377"
167.376786923738,-0.359515751895695,0.23927612490909,-1.50251410178215,0.132964388807812,0.61824812112992,"Gene3378"
22.4250366168902,0.0996042747072887,0.339366297246742,0.293500785185129,0.76913939941721,0.977265145689917,"Gene3379"
12.2110855690754,-0.405245609116965,0.344506225172488,-1.17630852363863,0.239471610912341,0.772489067459164,"Gene3380"
54.475349812752,0.247260786692829,0.258394290668185,0.956912732295416,0.338611304169917,0.855068234149037,"Gene3381"
10.5012265556888,-0.428360709838539,0.366733302135576,-1.16804420908625,0.242788932772588,0.775064430239707,"Gene3382"
38.5770892017371,-2.78447009463209,0.266079577493532,-10.4648019996942,1.25338301844338e-25,4.0108256590188e-24,"Gene3383"
29.9513364770708,0.144922213011613,0.261515552055419,0.554162885811481,0.579467375797055,0.947334508931418,"Gene3384"
26.3967311131634,-0.416287176921017,0.317685582379909,-1.31037478566841,0.190069079149061,0.724072682472612,"Gene3385"
6.2020420339698,0.0424901769547435,0.409580543866674,0.103740711298471,0.917375117994647,0.989138348463355,"Gene3386"
2.91530528590416,0.106994280253242,0.55673485426518,0.192181753007832,0.847599838477894,0.985732611815519,"Gene3387"
209.607096477203,0.010231141298196,0.259405202820438,0.0394407713760394,0.968538974325556,0.995840092822725,"Gene3388"
446.805904530021,0.0107058067322545,0.224427376442174,0.0477027664894212,0.961953129275142,0.994763555173913,"Gene3389"
247.018362658005,-0.360137058389284,0.27265360471434,-1.32085933272953,0.186548271756389,0.717493352909189,"Gene3390"
53.7698226129678,-0.339359531106609,0.265051445874348,-1.28035344228036,0.200420860191619,0.736324136630535,"Gene3391"
74.0928665344312,0.0875541539170933,0.280846303160638,0.311751135520607,0.755229662665521,0.97669532837442,"Gene3392"
77.0729057806394,-0.27560333735611,0.229929009622986,-1.19864534626586,0.230665877861022,0.761212126574736,"Gene3393"
37.009948392941,0.346065713716002,0.319565162498086,1.08292690921237,0.278840866733494,0.806267723338763,"Gene3394"
87.2501893680555,0.368894187563978,0.277411979481391,1.3297702148754,0.183593992342068,0.712986378027448,"Gene3395"
152.060330315466,-0.187291989347674,0.248634044358688,-0.753283766230661,0.451279411843383,0.909528208749712,"Gene3396"
146.830027412783,0.313735296859026,0.308287389497955,1.01767152191967,0.308834085287587,0.831886323389716,"Gene3397"
811.346446904503,2.83074339368258,0.154625498271331,18.3070931077311,7.26458521931044e-75,3.63229260965522e-72,"Gene3398"
34.850941926576,-0.0731907835265518,0.253733284558496,-0.28845558695189,0.772998022749628,0.977458747235388,"Gene3399"
72.9965774515375,0.151645188115177,0.245695473985076,0.617207902349835,0.537097604069972,0.931958650783472,"Gene3400"
95.2405060586181,1.51687367677012,0.173732111755873,8.73110711335634,2.52191695253348e-18,5.04383390506697e-17,"Gene3401"
10.5204165472332,-0.716588021905117,0.354829197519248,-2.01952947196868,0.0434322172685998,0.355273760888342,"Gene3402"
19.3719018943727,-0.366232526251448,0.281983532113848,-1.29877274572043,0.194021930459499,0.7280135834013,"Gene3403"
37.0614224136284,-0.189583484245001,0.253238129853546,-0.748637199124168,0.454075904815251,0.909528208749712,"Gene3404"
58.0249265213699,-0.260023100525319,0.224775489942909,-1.15681251808799,0.247348966315375,0.780649884315786,"Gene3405"
214.132518626496,0.0425389900410178,0.224382762821029,0.189582254475347,0.849636493894388,0.985732611815519,"Gene3406"
122.185918349782,0.0536863577670558,0.295979554515783,0.18138535904916,0.856065110054056,0.986071618700012,"Gene3407"
12.6070856755571,0.121825747981868,0.319760994047372,0.380990021452772,0.703210652886467,0.965980775014465,"Gene3408"
105.746373734992,-0.362998584338848,0.273732602819072,-1.32610650174827,0.18480442284192,0.715169222465188,"Gene3409"
15.8849588147921,0.613595425697929,0.310901207312412,1.97360258264083,0.0484269498528732,0.384820952274171,"Gene3410"
140.101046776584,-0.469288289589996,0.254191331359597,-1.84620099780707,0.0648630261442655,0.449281379462633,"Gene3411"
18.6422646016396,0.0333247184315289,0.291184441745669,0.11444539492476,0.908884730417887,0.989138348463355,"Gene3412"
9.59356305404688,-0.0886354000958914,0.374275468272696,-0.236818620533558,0.812797505314376,0.983621523514424,"Gene3413"
61.5783933840182,-0.277019600344567,0.259793054163803,-1.06630872498193,0.286284106700716,0.80951875852996,"Gene3414"
15.971891243464,-0.552701980723748,0.359001415752163,-1.53955376350189,0.123669163213652,0.600335743755592,"Gene3415"
205.163248374474,0.160596337284666,0.26631962654819,0.603021036662526,0.546494694709229,0.935334983406104,"Gene3416"
16.3155293536706,-1.04742053755147,0.295714043644486,-3.54200471726904,0.000397098372720327,0.00519082840157291,"Gene3417"
83.1712433406178,-0.49431321551903,0.30290549555475,-1.63190573552893,0.102699345599097,0.56232961492991,"Gene3418"
181.83951218168,0.324523493154989,0.253621800109144,1.27955677711984,0.200701059338299,0.736324136630535,"Gene3419"
35.5844805045931,0.330193134516461,0.274281495213782,1.20384765388237,0.228648467136799,0.761212126574736,"Gene3420"
363.692495164233,2.73419835851578,0.169817669376112,16.1007883841585,2.51874691055435e-58,4.57953983737155e-56,"Gene3421"
55.5016979187349,1.47998374651895,0.213617790070272,6.92818583148947,4.26271570201804e-12,6.66049328440319e-11,"Gene3422"
9.9108214162341,-0.0335159900916889,0.337285148760973,-0.099369895813115,0.920844584097747,0.989138348463355,"Gene3423"
2.73329929122868,0.438448381282197,0.556088021151302,0.788451404463723,0.430432712902214,0.905307779082269,"Gene3424"
19.6508762514384,-0.318906268640506,0.29797897522348,-1.07023077182318,0.284515446553271,0.809033707822395,"Gene3425"
86.1266339219529,0.256814479439624,0.250436130474342,1.02546896469451,0.305141962006933,0.829555743821457,"Gene3426"
58.9937917310217,0.0531421797303745,0.276592587305215,0.192131612232012,0.847639113200357,0.985732611815519,"Gene3427"
14.0082204642986,0.150529993161818,0.32823336587897,0.458606615932286,0.646516684797059,0.957930867063869,"Gene3428"
40.7028192923419,-0.14480236866853,0.268749311101647,-0.538800892456105,0.59002424775632,0.950502211447957,"Gene3429"
3.5260726688187,0.0798257850579225,0.489922522273403,0.162935528433158,0.870569196958295,0.986071618700012,"Gene3430"
148.722300850891,0.06081359694013,0.26436774393934,0.230034103381704,0.818065269542628,0.984572081828103,"Gene3431"
12.6101209959922,-2.03347766716247,0.354584128100717,-5.73482428007854,9.76134943463365e-09,1.42501451600491e-07,"Gene3432"
42.9160351479453,0.129102834242856,0.289677261706851,0.445678178128825,0.655829729737715,0.957930867063869,"Gene3433"
89.1648608432672,1.01992030788773,0.23303043952713,4.37676858850446,1.20451738844658e-05,0.000166140329440907,"Gene3434"
18.4429336525272,-0.2441050440328,0.291228421137539,-0.838191008553782,0.401923436094513,0.890032646270133,"Gene3435"
273.46079767826,-0.510388397019127,0.241123283730509,-2.11671137321422,0.0342843510030211,0.300739921079132,"Gene3436"
84.8878121272631,0.369348922671951,0.278843788498358,1.3245728895773,0.18531285266332,0.716184937829255,"Gene3437"
84.0719031641484,-0.0756963748723229,0.250417356382066,-0.302280864098061,0.762437964675474,0.977265145689917,"Gene3438"
141.592563637924,0.372546146274327,0.303929042458341,1.22576685420049,0.220286423776752,0.755473786565384,"Gene3439"
159.576519468385,-0.0662300013201266,0.318972636454304,-0.207635369780739,0.835513685089389,0.985732611815519,"Gene3440"
102.647263876328,0.157313969753746,0.279698124869836,0.562441989294549,0.573814917410193,0.947334508931418,"Gene3441"
998.139785050023,0.184803679770477,0.330646089411865,0.558916877254455,0.576218450556457,0.947334508931418,"Gene3442"
20.2175865347779,-0.00588689973639114,0.296379339892914,-0.0198627196434076,0.984152884688632,0.996874123254448,"Gene3443"
365.329460972064,-0.13621747518513,0.233638489394395,-0.583026690243608,0.559875332905455,0.942073690812015,"Gene3444"
10.0705293902091,-0.118274852349969,0.336346632597244,-0.351645715720888,0.725103975964419,0.968606179663051,"Gene3445"
31.1024538138753,-0.153406807799918,0.296155693854176,-0.517993781593317,0.604462607975206,0.95592604582585,"Gene3446"
28.0086485621155,-0.401989724136611,0.264462406333378,-1.52002596403009,0.128504450245814,0.609748281118927,"Gene3447"
18.138130103043,-0.0840479382244449,0.319418706426986,-0.263127789742198,0.79245208531369,0.981522064235859,"Gene3448"
33.7679624099299,-2.49894338832199,0.258040875185284,-9.68429279480487,3.51633637096891e-22,9.0744164412101e-21,"Gene3449"
104.309462636561,-0.447246125903391,0.234537564526068,-1.90692747580604,0.0565299796356654,0.423905067231455,"Gene3450"
17.8523928306448,-0.0377355652848473,0.324670867008908,-0.116227136830888,0.90747253041455,0.989138348463355,"Gene3451"
83.2793663224526,-0.178943578250135,0.286602130482723,-0.624362344930029,0.532389648485561,0.93042546577227,"Gene3452"
108.787593694877,0.0259981319562825,0.280032574610497,0.0928396705006331,0.926030934590118,0.989138348463355,"Gene3453"
66.6825639827339,-0.182286654357975,0.26649228287633,-0.684022262823151,0.493961107801638,0.924617989461178,"Gene3454"
21.5179033442797,-0.195413711689301,0.29299804822449,-0.666945438283528,0.504806985571428,0.928583583948193,"Gene3455"
13.7972389182538,-0.568164631694322,0.333486100588822,-1.70371308036868,0.0884347032252395,0.52405318368313,"Gene3456"
18.8952831974657,0.122999124735854,0.300653518970733,0.409105887590916,0.682461955763263,0.965476632893769,"Gene3457"
97.4490181468667,0.188898034737074,0.280398245361672,0.673677663329969,0.50051626568321,0.926881973487425,"Gene3458"
442.357719731927,-0.135660263912458,0.266324003105798,-0.509380537730075,0.610485515532543,0.95592604582585,"Gene3459"
22.2825188450982,-0.289837671937868,0.316447536586886,-0.915910659517137,0.359713755461243,0.867702438201711,"Gene3460"
299.628384596021,0.349710491771572,0.307739683226342,1.13638412864148,0.255795835266019,0.789044479997369,"Gene3461"
9.56479186001978,-2.55727708047239,0.399477916987293,-6.40154804991069,1.53809391379452e-10,2.32165119063323e-09,"Gene3462"
26.7688075034125,0.229608497867158,0.303523067373262,0.756477917326769,0.449362707397663,0.908713016765444,"Gene3463"
45.5263690984218,0.0752596022308606,0.299951258894236,0.250906105572964,0.801886703819255,0.981522064235859,"Gene3464"
26.734455083175,0.441271638622509,0.309899355386363,1.42391918844864,0.15446986650254,0.667985658288688,"Gene3465"
58.797095229179,0.113812025270237,0.234874269671753,0.484565744171526,0.627984418046752,0.957889060530138,"Gene3466"
134.330532923845,0.319851057800897,0.249201168597784,1.283505449034,0.199315051763644,0.736324136630535,"Gene3467"
473.016327905575,2.22735705660453,0.160193081864862,13.9042025452979,5.97288492807574e-44,4.26634637719695e-42,"Gene3468"
143.551188103387,-0.316868245811494,0.229883334686323,-1.37838719907149,0.168083773510108,0.690282437413175,"Gene3469"
7.23144308065347,-0.733640145477949,0.357916090619321,-2.04975457853401,0.0403883860542283,0.33727253489961,"Gene3470"
24.8696848587837,0.0545599401271612,0.277048613482574,0.196932731195903,0.843880179418395,0.985732611815519,"Gene3471"
30.5134686115621,-0.378438463521795,0.307640726719593,-1.23013122338231,0.218647969487252,0.754604995551524,"Gene3472"
119.161936895141,0.0968518311840363,0.235782977409125,0.410766851145414,0.681243502147433,0.965476632893769,"Gene3473"
9.27960452561146,0.653990550371875,0.347961512976257,1.87949105284095,0.0601774740626897,0.433711524776142,"Gene3474"
23.2456506558712,-0.242974547193665,0.266654470594579,-0.91119622578195,0.362191992307308,0.869227759199078,"Gene3475"
106.878317016597,0.107626380826139,0.33758099402415,0.318816469917852,0.749865688320653,0.974859188582401,"Gene3476"
169.97609980311,-0.496138546564867,0.242215724418351,-2.04833335142167,0.0405273471868211,0.337727893223509,"Gene3477"
72.8251143631628,0.876456464167069,0.298103501824933,2.94010791151922,0.00328097957659704,0.0405059206987289,"Gene3478"
370.019890265743,-0.274130747639943,0.214922562446393,-1.27548613100274,0.202137229971531,0.736383351444558,"Gene3479"
2.79090775773083,-0.138397734292063,0.526394828654307,-0.262916211859199,0.792615160527859,0.981522064235859,"Gene3480"
60.2490731941365,0.0945509318365618,0.266747848043913,0.354458086653417,0.722995609601079,0.968606179663051,"Gene3481"
43.4764469627378,-0.0140321591143537,0.23269393008784,-0.0603030732647675,0.951914254291369,0.993471607857056,"Gene3482"
15.2264864911402,0.0659672855740138,0.3247277687024,0.203146425812663,0.83902058562958,0.985732611815519,"Gene3483"
26.6818458912138,0.0380136576949316,0.255046572021911,0.149045946368046,0.881517377883999,0.986362048840613,"Gene3484"
75.3225867456809,0.0728792971312567,0.240562603036922,0.302953560575128,0.761925252682845,0.977265145689917,"Gene3485"
240.598923748984,0.0186464465557301,0.227288176154126,0.082038788252169,0.934615868832998,0.990993539422673,"Gene3486"
74.7684821359915,-0.250183728242034,0.198966142897016,-1.25741859694957,0.208602098621344,0.748436247703819,"Gene3487"
108.9606761037,0.135335501262574,0.277977341876811,0.48685803076191,0.626358942703838,0.957889060530138,"Gene3488"
14.6036700405707,-0.573677895399672,0.302687298865107,-1.89528235096291,0.0580550050828157,0.430834917126647,"Gene3489"
29.9481169202464,-0.172366821605713,0.273578401495141,-0.630045429989012,0.528664861361612,0.929644202129746,"Gene3490"
46.0128565235376,-0.350524993400386,0.237735890293368,-1.47443027204616,0.140365778817675,0.635550100677548,"Gene3491"
60.2831416936974,-0.455439371751712,0.255037132631631,-1.78577671044294,0.0741354190729032,0.479209246500605,"Gene3492"
91.2990041208415,0.101251061301873,0.267441373844861,0.378591613729172,0.704991150669071,0.965980775014465,"Gene3493"
48.5366699259875,0.17967442763113,0.269498716827789,0.666698638665291,0.504964648529157,0.928583583948193,"Gene3494"
303.791089900421,1.74265418155656,0.170829396040473,10.2011376375978,1.95963482757532e-24,5.80632541503798e-23,"Gene3495"
75.6057204373562,0.082671304692925,0.291083494137448,0.284012341331481,0.776400922908779,0.977815729396078,"Gene3496"
9.68435324552252,0.238778759653227,0.400739366853593,0.595845528049814,0.551278425722814,0.937727038488801,"Gene3497"
96.4546258728868,-0.00494558730867221,0.284714750436505,-0.0173703234591463,0.986141184031754,0.996882468034877,"Gene3498"
6.25912686067902,0.18070116217942,0.380815607321715,0.474510914745053,0.63513561649562,0.957930867063869,"Gene3499"
20.0072233134889,0.442269580832962,0.272198034948064,1.6248081324957,0.104203447667351,0.567093592747491,"Gene3500"
67.8397418923285,0.105413300474558,0.262193375406145,0.402044103178693,0.687651568836395,0.965476632893769,"Gene3501"
11.073204837546,0.145613715878037,0.391838136929126,0.37161700752057,0.710178024403136,0.967191850049682,"Gene3502"
39.6223105385124,0.52872630985368,0.318634934418352,1.65934821559612,0.0970456447362246,0.547507163533002,"Gene3503"
40.4480080827159,-0.0139311664772197,0.239072749520045,-0.0582716620994551,0.953532239516295,0.993471607857056,"Gene3504"
42.1512802297462,-0.138773949749406,0.251362969110751,-0.552085894912634,0.580889505288315,0.947334508931418,"Gene3505"
20.0753745142775,0.309297233672321,0.267436439760245,1.15652614112574,0.247466013328104,0.780649884315786,"Gene3506"
95.5004807154918,-0.36720488927077,0.244465188421265,-1.50207435112601,0.133077908073215,0.61824812112992,"Gene3507"
430.983163539468,2.5121190809282,0.174954816177274,14.3586734896328,9.4009313678632e-47,8.0007926535006e-45,"Gene3508"
35.6428493166695,0.0878400120365102,0.315983622206783,0.277989129382873,0.781020703494826,0.978867509872988,"Gene3509"
97.161466324958,-0.423584077351041,0.187670344032989,-2.25706453267109,0.0240040426857669,0.228066913879021,"Gene3510"
18.7334854629089,0.239286771503864,0.30125523328805,0.79429913595913,0.42702130693581,0.905307779082269,"Gene3511"
56.9143089123026,0.318968008577625,0.230238718773259,1.38537953250056,0.165936446094244,0.687819465675621,"Gene3512"
146.228227586036,0.917505626186584,0.24805466197798,3.69880420255126,0.000216617619762452,0.00285963854471884,"Gene3513"
75.9542772191634,-0.711551412227585,0.256846355190419,-2.77033875641357,0.00559980186634243,0.0670634954052986,"Gene3514"
61.3282934627212,0.109965010779908,0.290890770021296,0.378028532056406,0.705409398462909,0.965980775014465,"Gene3515"
291.161652492269,-0.151969372461124,0.223395348168415,-0.680270980157367,0.496332895924661,0.926332390021018,"Gene3516"
24.6619183327905,-0.966715795776582,0.324052620843975,-2.98320622514587,0.00285245725365583,0.0355446386748389,"Gene3517"
128.824389046316,0.392076640520941,0.25132345632112,1.5600479408495,0.11874855249102,0.596303108056274,"Gene3518"
70.7485423838334,0.235364900260128,0.261181323579047,0.901155170801845,0.36750582245888,0.869258456282932,"Gene3519"
14.6796634006968,-1.54641210700842,0.299176808744822,-5.16889030769564,2.35488056622262e-07,3.37617285479946e-06,"Gene3520"
47.7142572926676,-0.428660150080202,0.27638411107839,-1.55095800698407,0.120911747752541,0.59741489720928,"Gene3521"
31.2173433204246,-0.0938198627456971,0.275596438533726,-0.340424801005605,0.733536644308902,0.971292520455398,"Gene3522"
117.421360220244,-0.0517772055439267,0.304967743048635,-0.169779285593721,0.865183718107711,0.986071618700012,"Gene3523"
88.8715019565135,-0.401614062302017,0.251139473700412,-1.59916741237225,0.109783409086529,0.583178799928439,"Gene3524"
6.07154499461134,0.0436818085874154,0.406421509111852,0.107479076791169,0.914408923463667,0.989138348463355,"Gene3525"
421.266418366183,-0.339316627752949,0.247894982853641,-1.36879183211741,0.171064354794914,0.694677582923508,"Gene3526"
3.7658960736188,-0.0167772527975325,0.482019690992726,-0.0348061564932742,0.972234311435939,0.996066844846464,"Gene3527"
127.406543877756,-0.132155174225994,0.296854020360928,-0.445185731577137,0.656185537202852,0.957930867063869,"Gene3528"
14.1227905514444,-1.34785461041579,0.308011858759736,-4.37598284638508,1.20886521351761e-05,0.000166167039658778,"Gene3529"
179.936685451222,-0.067749379671999,0.230331843256123,-0.294138138757756,0.768652348702604,0.977265145689917,"Gene3530"
93.2053028758784,0.462464708309904,0.234050752803825,1.97591634621885,0.0481642525170138,0.383778904518038,"Gene3531"
334.568673171511,-0.472919900295524,0.234822698206699,-2.0139445799198,0.0440153523734517,0.357572001656045,"Gene3532"
41.4568834209979,0.00326802301980298,0.274470418687856,0.0119066493045998,0.990500092813774,0.997858140929364,"Gene3533"
3.27545116806885,0.196750900179961,0.499956630512678,0.393535935263433,0.693923688061902,0.965949908811616,"Gene3534"
43.7304005405159,-0.0564321992412159,0.234510072654224,-0.240638700941528,0.8098351523918,0.983621523514424,"Gene3535"
57.7343681451792,-0.0636258084385686,0.268913095103222,-0.236603607623296,0.812964321186803,0.983621523514424,"Gene3536"
923.245598657356,2.73025305688459,0.187792840881319,14.5386429220167,6.89459430219096e-48,6.12852826861419e-46,"Gene3537"
14.6898320349702,-0.0636843265784697,0.328577545038747,-0.193818255507873,0.846318192231289,0.985732611815519,"Gene3538"
39.0720125300968,-0.239546577580629,0.302243181214803,-0.792562388398051,0.428032829373427,0.905307779082269,"Gene3539"
28.491404972654,0.183493405574745,0.342302969655446,0.536055546814112,0.591920161411657,0.951688035781253,"Gene3540"
1370.48371773934,2.91275310625753,0.166000147043933,17.546689916405,6.30491341967338e-69,2.29269578897214e-66,"Gene3541"
7.95990081758261,-0.434797714632035,0.405024665483911,-1.07350922470994,0.283042702007913,0.808693434308323,"Gene3542"
184.547826245483,0.183038247017259,0.258313699687396,0.708589003365934,0.478579562357166,0.920664696604519,"Gene3543"
966.458120597999,2.8227948174927,0.157418045731821,17.9318375118291,6.65436606502809e-72,2.95749602890137e-69,"Gene3544"
47.0314231240479,0.35668767622378,0.209461954331888,1.70287571965749,0.0885913287449211,0.52405318368313,"Gene3545"
152.581715625763,0.236854994974102,0.257162542529525,0.92103224927055,0.357033590193448,0.866296673651451,"Gene3546"
91.3515938576815,-0.0588098624742749,0.282352831551288,-0.208285010464265,0.835006434913396,0.985732611815519,"Gene3547"
22.3368530233771,0.142698626044316,0.353284874729106,0.403919432310072,0.686271966145177,0.965476632893769,"Gene3548"
20.2649060702078,-0.101652836501877,0.279091445560262,-0.364227704284574,0.715687980725019,0.968606179663051,"Gene3549"
4.67103663135984,0.246539165994454,0.419453695285381,0.587762531992282,0.556691696426767,0.939708843355308,"Gene3550"
320.4110428956,-0.137614052909937,0.275530527145858,-0.499451201779498,0.617461556104507,0.95592604582585,"Gene3551"
234.322040564913,0.732039129126393,0.26529825429078,2.75930624226438,0.00579242250283233,0.0691632537651621,"Gene3552"
261.199413371081,-0.355992412098145,0.223828136640729,-1.59047212491232,0.111728424049559,0.588759853014729,"Gene3553"
49.3857777126008,-0.283115799776112,0.236522957742427,-1.1969907804232,0.231310148292867,0.76151489149915,"Gene3554"
27.3523862936403,-0.0781765520629847,0.303717994118841,-0.257398486677728,0.79687117099753,0.981522064235859,"Gene3555"
6.49735317693935,-0.204361375802882,0.364472437816665,-0.560704609180019,0.574998924557813,0.947334508931418,"Gene3556"
29.6919476548549,-0.434704863241422,0.260376650919475,-1.66952321456758,0.0950137336142144,0.542935620652654,"Gene3557"
19.8794201211231,-0.523846651083457,0.273533641195883,-1.91510868203711,0.0554786448355245,0.420292763905489,"Gene3558"
11.6032079665166,-0.336969149901382,0.351198513352089,-0.959483417754558,0.337315269397305,0.855068234149037,"Gene3559"
78.4334019789818,0.101516403124248,0.280982552843345,0.361290770892975,0.717882092213918,0.968606179663051,"Gene3560"
29.7268367190272,0.303538558968332,0.273453499407751,1.11001892323828,0.266990872238865,0.796987678324971,"Gene3561"
98.4024686669258,0.454106538945309,0.222715239031074,2.03895584747998,0.0414544343274385,0.344020201887456,"Gene3562"
20.7365412492115,-0.344558005368548,0.314357070247878,-1.0960720721085,0.273047235366903,0.804262843496033,"Gene3563"
605.547577823811,-0.0555413671566166,0.253199952140764,-0.219357731654463,0.826371393425836,0.985732611815519,"Gene3564"
1256.59137092532,0.116103939844496,0.175244194504433,0.662526597088267,0.507633795085121,0.928583583948193,"Gene3565"
299.5493376229,-0.474474983761911,0.268209311935873,-1.76904739189426,0.0768859660915048,0.491691879467459,"Gene3566"
43.4669610287887,-0.0786365282008065,0.233615635101384,-0.336606444027944,0.736413597791345,0.971584843669412,"Gene3567"
126.595875058787,-0.118840356892588,0.20922344451299,-0.568006884549739,0.570030293193589,0.947334508931418,"Gene3568"
11.3011035378107,0.0770782420023844,0.361931595998279,0.212963562326708,0.831355383766029,0.985732611815519,"Gene3569"
9.70664050406052,-0.488138619098508,0.342548265830009,-1.42502142848608,0.154151006974317,0.667985658288688,"Gene3570"
27.3698033379709,0.442404253881828,0.256760248521365,1.7230247144157,0.0848840558363948,0.519963588584348,"Gene3571"
324.334871157619,0.198660079175898,0.307771829534567,0.645478436009965,0.518617188192168,0.929644202129746,"Gene3572"
43.1353830088423,-0.220118458832423,0.229838305632993,-0.957710065892624,0.338208979562035,0.855068234149037,"Gene3573"
161.826379151084,0.399130289229644,0.216414703028285,1.84428453170984,0.065141684577919,0.449281379462633,"Gene3574"
44.6513553338279,-0.221228562518414,0.276786639657309,-0.799274714965715,0.424131136960171,0.904386549185102,"Gene3575"
38.8943088856045,-0.0733021093028736,0.235094219175362,-0.311798859027648,0.755193391216284,0.97669532837442,"Gene3576"
73.7598886726791,0.191276249708744,0.255556823526977,0.748468567846918,0.454177577377651,0.909528208749712,"Gene3577"
38.8934534582569,-0.32267116534087,0.245569782325169,-1.31396934217911,0.188856521493072,0.723266131762729,"Gene3578"
272.568548204677,0.0817399971020226,0.24322552112367,0.336066695322081,0.736820572549511,0.971584843669412,"Gene3579"
10.6122852065804,0.0356380772180894,0.304455652321899,0.117055068435417,0.906816415076612,0.989138348463355,"Gene3580"
57.8592098328027,-0.109614048704146,0.278892791889231,-0.39303292122258,0.694295166343705,0.965949908811616,"Gene3581"
130.248433511692,1.87813828398712,0.200621699841755,9.36159092196182,7.85449665356975e-21,1.82662712873715e-19,"Gene3582"
49.3108453956049,-0.563853741335365,0.299790489942529,-1.88082597764678,0.0599955951668017,0.433630787590432,"Gene3583"
28.4201377422687,-0.149441485435143,0.288236309239592,-0.518468633703335,0.604131339133462,0.955904017616238,"Gene3584"
122.122694094022,-0.289032747284753,0.258282973967804,-1.11905458902135,0.263116851216454,0.79431502254024,"Gene3585"
8.02642509555697,-0.541759536612769,0.425294459665663,-1.27384574216806,0.202718090503328,0.737156692739373,"Gene3586"
125.260598753065,-0.364917824179871,0.197685683232411,-1.84594968241,0.0648995118399746,0.449281379462633,"Gene3587"
3.58294292642301,-0.164876697907627,0.500941573062653,-0.329133589172098,0.742054716828476,0.974144688977323,"Gene3588"
302.398225754252,0.0567058915762139,0.237734411067634,0.238526224796634,0.811472977784128,0.983621523514424,"Gene3589"
119.323983767459,-0.299463002580516,0.265522274601402,-1.12782629265309,0.259393287046088,0.792040571133092,"Gene3590"
59.9502704545385,-0.272676842900892,0.28231943359344,-0.965845104710595,0.334121694743003,0.853855391006023,"Gene3591"
2.48564855289725,0.196433684532859,0.579778046748775,0.338808420971442,0.734754057085398,0.971584843669412,"Gene3592"
45.7696887104515,-0.0969686766891444,0.282983135062374,-0.34266592130224,0.731849803022268,0.970945012301516,"Gene3593"
22.9165931628547,0.199420882678604,0.271485639046565,0.734554075784463,0.462611115474658,0.916515335264305,"Gene3594"
214.164383642309,0.055669388378219,0.264958222116551,0.210106287449842,0.833584718333088,0.985732611815519,"Gene3595"
7.11467914007877,-0.433760805457579,0.403843490750385,-1.07408145826891,0.28278617404916,0.808693434308323,"Gene3596"
5.6466800634383,-0.169991405203569,0.433380858335963,-0.392244839461252,0.69487731615527,0.965949908811616,"Gene3597"
44.459734416569,-0.342282053478244,0.266505329970323,-1.28433473925778,0.199024856666742,0.736324136630535,"Gene3598"
51.0771736642072,0.634803131342794,0.315372644845206,2.01286681555521,0.0441286424620766,0.357572001656045,"Gene3599"
23.7298209821915,0.424925108106906,0.285033388641691,1.49079064081531,0.136016469745946,0.624461801073121,"Gene3600"
47.9936949097925,0.228754541641709,0.276128108862974,0.828436273958716,0.407423470732562,0.89361691925737,"Gene3601"
39.5805163427152,0.320502125537439,0.273496806814485,1.17186788858869,0.24125010110134,0.774062888833789,"Gene3602"
27.3931414909365,-0.238697833632082,0.291078398188827,-0.820046541128879,0.412189575850115,0.896378471923103,"Gene3603"
23.9830305503403,-0.911034910318438,0.35656069086129,-2.55506266862393,0.0106168681281685,0.117965201424094,"Gene3604"
36.8020819425763,-0.144378288518312,0.263016510548081,-0.548932415753874,0.583051831369493,0.947518170875313,"Gene3605"
154.100189419022,-0.303891954538303,0.250045672138286,-1.21534578838956,0.224234235032791,0.759036233839854,"Gene3606"
484.20245350861,-0.00810614010727907,0.274446924163824,-0.029536276028513,0.976436887466621,0.996791406921093,"Gene3607"
167.739751217057,-0.202147866156736,0.301988479439531,-0.669389330784763,0.503247155731569,0.928583583948193,"Gene3608"
52.1363327226566,0.0156111072595031,0.318440704627903,0.0490235922500694,0.96090049464446,0.994763555173913,"Gene3609"
12.4557089203872,0.228089499196701,0.332540280682805,0.685900362892473,0.4927759413459,0.924322028810631,"Gene3610"
338.409787023739,1.6735877922224,0.169003383188177,9.90268810393545,4.0523378594522e-23,1.09522644850059e-21,"Gene3611"
304.456699704991,-0.0128924237665153,0.274320216669037,-0.0469977164755227,0.962515047507903,0.994763555173913,"Gene3612"
42.0878968028963,0.102261999508211,0.255563754938733,0.400142811850321,0.689051333103723,0.965476632893769,"Gene3613"
41.3583810483212,0.048977394292222,0.297396233497771,0.164687338895263,0.869190083001109,0.986071618700012,"Gene3614"
218.536070121425,-0.261929084240142,0.240739204255245,-1.08802006324832,0.276586250469159,0.80625048425806,"Gene3615"
75.5519055052987,-0.0597221674038137,0.282913974495841,-0.211096562162544,0.83281192278629,0.985732611815519,"Gene3616"
900.223970614514,0.103015159341761,0.205361072943392,0.501629436705161,0.615928208878365,0.95592604582585,"Gene3617"
48.7289070154716,0.203742294024421,0.264975867109669,0.768908867991722,0.441947412594006,0.905307779082269,"Gene3618"
7.78229336299353,-0.564119978739357,0.376893828739339,-1.49676098604815,0.134455461163645,0.621011934850513,"Gene3619"
212.872784817432,0.10296947295305,0.291258415938077,0.353533039110335,0.723688864201862,0.968606179663051,"Gene3620"
85.9363974558313,-0.210619502111111,0.322539707983717,-0.653003326095105,0.513754134240871,0.928583583948193,"Gene3621"
33.3260846045558,-0.0630496078513787,0.243575644104208,-0.258850215025622,0.795750811867397,0.981522064235859,"Gene3622"
13.5317867449538,0.15005219122217,0.294890797994136,0.508839856119057,0.610864480068584,0.95592604582585,"Gene3623"
187.686125843935,-0.360197543947483,0.219430460007617,-1.64151113721851,0.100691357119435,0.557846853847285,"Gene3624"
99.5025336733898,-0.403274028646282,0.28858301204331,-1.39742816387875,0.162284854778649,0.6844447118537,"Gene3625"
71.6589794180712,0.00239734701290497,0.234621451655423,0.0102179361520013,0.99184740836484,0.997858140929364,"Gene3626"
335.907048839024,-0.0724900157339299,0.205807629161524,-0.35222219909563,0.724671629883369,0.968606179663051,"Gene3627"
16.3776127709212,-0.186572589827912,0.291428984133588,-0.640199156520374,0.52204313109894,0.929644202129746,"Gene3628"
208.30921798147,2.47618729403472,0.22716261520829,10.900505313184,1.14618963803229e-27,4.245146807527e-26,"Gene3629"
38.995385229225,-0.274572904803322,0.270521015353567,-1.01497809493454,0.31011626939044,0.832165566699599,"Gene3630"
96.1995283614038,0.189261397988352,0.295394704990666,0.640706806150547,0.521713191324664,0.929644202129746,"Gene3631"
81.6221997440718,0.242438260881735,0.263002013642401,0.921811424650816,0.356626947174035,0.866296673651451,"Gene3632"
48.4033009881613,0.0767361206510101,0.305830506250534,0.25091061579105,0.801883216697608,0.981522064235859,"Gene3633"
8.31796246526417,0.607623154263785,0.402551016884456,1.50943142304418,0.131188567919068,0.613747686171077,"Gene3634"
58.4361267251027,-0.0896982179813687,0.225164607184355,-0.398367306047916,0.690359453869476,0.965949908811616,"Gene3635"
305.762104627985,-0.0137226793411654,0.25941286341942,-0.0528989933663332,0.957812386452392,0.994763555173913,"Gene3636"
6.07258001736903,0.271671141244176,0.411072420157926,0.660883892769565,0.508686776440871,0.928583583948193,"Gene3637"
30.6945256860397,0.207020478651422,0.317284825806245,0.652475195198407,0.514094669452877,0.928583583948193,"Gene3638"
93.286136919471,0.106487784658315,0.247327941003997,0.430552990600421,0.666793428629057,0.961248535883778,"Gene3639"
13.5220650132457,0.574795520867626,0.324653274240839,1.77049044772986,0.0766454742731354,0.491317142776509,"Gene3640"
16.4459087591382,0.126260518491908,0.321074603689347,0.393243554741161,0.694139603536753,0.965949908811616,"Gene3641"
14.5794708794287,-0.227009386304941,0.395329560918786,-0.574228210451422,0.565813381703749,0.946945345353593,"Gene3642"
21.0955426855581,-0.35879805112023,0.291793354691191,-1.22963064563259,0.218835448709942,0.754604995551524,"Gene3643"
76.2541551075282,-0.288613489679946,0.288929113723793,-0.998907607337385,0.317839450699845,0.840845107671547,"Gene3644"
561.76098530605,-0.0948137610406983,0.256551957283925,-0.369569431644478,0.711703330979347,0.967434625240245,"Gene3645"
100.010720174604,0.094058143106483,0.242011734440477,0.388651167365675,0.69753421054268,0.965980775014465,"Gene3646"
18.2989373204761,0.524002608115503,0.318105848431392,1.6472586426795,0.099504894742139,0.554495150856643,"Gene3647"
26.6435665678681,-0.0732768331238612,0.299265732332318,-0.244855408445132,0.806568389690352,0.983202232060817,"Gene3648"
14.2627451694146,0.2198024456957,0.301676343783718,0.72860351905247,0.466244225278427,0.918979533251709,"Gene3649"
21.9987813995014,-0.0529884459681202,0.2852350064756,-0.185771187845602,0.85262419996633,0.986071618700012,"Gene3650"
21.135329330555,0.114573128730838,0.299546976200887,0.382488016350399,0.70209941599989,0.965980775014465,"Gene3651"
257.218044319013,0.159345319531149,0.285353129554431,0.558414480261567,0.57656138715955,0.947334508931418,"Gene3652"
64.1250126223066,-2.50574132331224,0.218450726925891,-11.4705103460805,1.85561675178916e-30,7.65202784242954e-29,"Gene3653"
8.67908910901219,0.167751417765908,0.341727677151521,0.490892102050977,0.623502763389911,0.95592604582585,"Gene3654"
133.853779467793,-0.21288916137977,0.224071447623918,-0.950094997097012,0.342063985049408,0.856163524879517,"Gene3655"
223.545744590683,0.310141485551192,0.219032108822652,1.41596356451241,0.156786172473796,0.67304336338079,"Gene3656"
43.8243324237766,0.153852896167586,0.250804595456714,0.613437309182553,0.53958722298492,0.933409944671017,"Gene3657"
273.990934994892,0.00390861893252617,0.258032443707523,0.0151477809393479,0.98791428164846,0.997641284169109,"Gene3658"
80.7108796076265,-0.518399696599174,0.233506027858687,-2.22006986865837,0.0264140251911456,0.246284617166858,"Gene3659"
97.9355380351025,-0.238339083453482,0.278930040600284,-0.854476208229682,0.392841186416913,0.884279541737564,"Gene3660"
35.7807078955003,0.0883469274634339,0.267036339876272,0.330842339676946,0.740763577646976,0.973088443542825,"Gene3661"
351.545626717687,0.498086120791563,0.29325081472651,1.6984986768275,0.0894136822086777,0.52405318368313,"Gene3662"
53.8265888062704,0.148920105907636,0.233959674991237,0.636520399992922,0.524437288863476,0.929644202129746,"Gene3663"
32.1301698359025,-0.566648638136371,0.305899348979987,-1.85240223631023,0.0639680844240997,0.449281379462633,"Gene3664"
114.903794444335,-0.249672531174106,0.323515279965932,-0.771748806425459,0.440263217727333,0.905307779082269,"Gene3665"
47.6397418702701,-0.0856513804933559,0.288123391541122,-0.297273262109062,0.766257893187188,0.977265145689917,"Gene3666"
33.7399882045142,0.0675537330543557,0.29026338827533,0.232732531152973,0.815969106529416,0.983621523514424,"Gene3667"
143.581726641515,-0.0459751358157968,0.290167284382015,-0.158443554081958,0.874107296006786,0.986359732109312,"Gene3668"
40.0189317754996,0.0129239856080289,0.252955680045557,0.0510918972276143,0.959252292637424,0.994763555173913,"Gene3669"
28.8274047653038,-0.507249403490684,0.274914796074085,-1.84511496192438,0.0650208171828985,0.449281379462633,"Gene3670"
27.6268076395959,0.193907744997728,0.268241111796209,0.722886002444867,0.469749923911833,0.918979533251709,"Gene3671"
8.3863639652053,-0.965936377387935,0.355366042084143,-2.71814485065295,0.00656490910016018,0.0765587067074074,"Gene3672"
355.244976556125,-0.185927308426895,0.245043969170201,-0.758750803198732,0.448001640154646,0.908120219683206,"Gene3673"
15.182541168173,-2.67515093495625,0.337673197179033,-7.92230759593837,2.33142685882249e-15,4.03710278583982e-14,"Gene3674"
33.5020796486879,0.0807785638034473,0.303314029227514,0.266319906168454,0.789992843619532,0.981522064235859,"Gene3675"
67.3963291370902,-0.218108052382241,0.252519980020671,-0.863725921269227,0.387738470543892,0.883305334767189,"Gene3676"
24.7449650372913,-0.0694959961595382,0.321172613834457,-0.216382073582895,0.828689938495385,0.985732611815519,"Gene3677"
5.4714787356932,0.306839261823547,0.417264822133653,0.735358567383052,0.462121148122326,0.915998311441676,"Gene3678"
94.0558176164723,0.199006680057034,0.250827442556868,0.793400746060374,0.427544376220222,0.905307779082269,"Gene3679"
113.705311483885,0.105747434562908,0.237366096461367,0.445503532894467,0.655955907247729,0.957930867063869,"Gene3680"
37.5112581751386,0.25292387183432,0.281414088863932,0.898760516416834,0.368780235172045,0.869258456282932,"Gene3681"
27.468770792704,-0.271072916428667,0.323014893494351,-0.839196340132246,0.40135914074145,0.889438539039225,"Gene3682"
18.3356547139948,-0.243513570931737,0.284845710804793,-0.854896393713362,0.392608507247255,0.884253394701024,"Gene3683"
484.832524771543,0.238838305217174,0.244213395670143,0.977990189939338,0.32807917603033,0.847944905610575,"Gene3684"
38.5059879477309,-0.21484321945434,0.2386022236359,-0.900424213070976,0.36789454010825,0.869258456282932,"Gene3685"
48.4653949351357,-0.115747898153182,0.213836803342431,-0.54129081778232,0.588307148441829,0.950086663618636,"Gene3686"
64.4313620676331,0.432447247292597,0.295747752873943,1.46221651082813,0.143681888542515,0.642787519717696,"Gene3687"
34.4119163666566,0.094405654802205,0.260815234007294,0.361963729463613,0.717379134919151,0.968606179663051,"Gene3688"
841.250377740421,0.1394614629939,0.25013722523359,0.557539817848642,0.577158661998426,0.947334508931418,"Gene3689"
58.4630341737515,-0.234764915009691,0.252353212915863,-0.930302857241464,0.352214298877347,0.863541852770467,"Gene3690"
13.8534307683864,-0.34100772396272,0.327472829147425,-1.04133135213243,0.297721790637623,0.821301491414132,"Gene3691"
81.7254242499302,-0.0277080806903986,0.31414434954909,-0.0882017477957813,0.929716328193002,0.989419924133832,"Gene3692"
219.655741552036,-0.0453961537126505,0.264282762324913,-0.171771148875914,0.863617448223111,0.986071618700012,"Gene3693"
14.2211185897183,0.0327931281352532,0.303977131580485,0.107880247322389,0.914090686018295,0.989138348463355,"Gene3694"
377.810333974912,-0.198553174106561,0.228387883654103,-0.869368247254627,0.384645744918378,0.883305334767189,"Gene3695"
68.8824796328024,-0.0979031309210933,0.267722008482422,-0.365689513073862,0.714596772284838,0.968606179663051,"Gene3696"
36.1279773487917,0.0344526302769161,0.270139366932146,0.12753650335447,0.898515783562385,0.989068835901661,"Gene3697"
144.961214572014,-0.139971571437625,0.249029165679029,-0.562068989212424,0.574069015828498,0.947334508931418,"Gene3698"
6.3997871200875,-1.61842600418946,0.406349954530123,-3.98283791137839,6.80972013528966e-05,0.000917134024954836,"Gene3699"
279.404677699951,0.220717217990448,0.231811281131468,0.952141832412684,0.341025056061554,0.85599331533095,"Gene3700"
21.1168088033426,0.0680689021738946,0.340507539610892,0.199904243681885,0.841555471456002,0.985732611815519,"Gene3701"
16.8071112385381,0.266487960654451,0.343902732188992,0.774893409419041,0.438402646853997,0.905307779082269,"Gene3702"
32.694915328822,0.291188881659721,0.268723270771891,1.08360128552804,0.2785416206115,0.806267723338763,"Gene3703"
60.9514620770953,-0.238016464536002,0.256782080828873,-0.926920070776367,0.353968035499009,0.863666372222443,"Gene3704"
15.5456582687595,-0.218892151834428,0.291245677994779,-0.751572189299068,0.452308373086281,0.909528208749712,"Gene3705"
3.27828058950621,-0.228423294342075,0.494874828612763,-0.461577920587298,0.644384031158829,0.957930867063869,"Gene3706"
48.7791858100275,-0.166711157721953,0.264115363842403,-0.63120583103007,0.527905949823493,0.929644202129746,"Gene3707"
161.253115900473,0.366978822087082,0.26756733258367,1.37153821635653,0.170207238739783,0.694015244606657,"Gene3708"
44.5536590169068,0.149036099478099,0.206710266706344,0.720990310993225,0.470915476009935,0.919307908267321,"Gene3709"
76.5798919702808,0.0308070079768614,0.226430259415561,0.136055172380129,0.89177766516934,0.987599985764196,"Gene3710"
149.548701768921,0.204460586284103,0.237236768432781,0.861841895903399,0.388774526561031,0.883305334767189,"Gene3711"
17.3470843165275,-0.0949535098883918,0.302917270431879,-0.313463506894188,0.753928541866007,0.976591375474102,"Gene3712"
356.793776718124,-0.388603795466348,0.25311347670272,-1.53529476394795,0.124711439732053,0.603199224822506,"Gene3713"
14.8752538612842,0.163105224859655,0.289322868662985,0.563748125453735,0.572925560047035,0.947334508931418,"Gene3714"
41.5274564403014,0.0777421361551875,0.239018154235504,0.325256198232492,0.744987178783693,0.974859188582401,"Gene3715"
553.607015395324,-0.390274421820578,0.283680088333112,-1.37575542969479,0.168897364580583,0.690786767200747,"Gene3716"
72.0378123733537,0.277949256644056,0.203378415422001,1.36666054786258,0.171731729296706,0.696680443394345,"Gene3717"
48.766342418792,0.295534172530341,0.336082543733718,0.879349963396182,0.379211553259038,0.877804521432958,"Gene3718"
16.3255477392285,-0.00565157404912088,0.295836453424428,-0.0191037107959536,0.984758371184063,0.996874123254448,"Gene3719"
12.2753017261064,0.154243234662719,0.325038336069282,0.474538592979511,0.635115883973946,0.957930867063869,"Gene3720"
25.5433705318451,-0.393489648419458,0.300015708035562,-1.3115634877785,0.189667459305643,0.723921600403219,"Gene3721"
24.4440638266018,0.0420884322470624,0.284662022267023,0.147854047799822,0.882457954058312,0.986362048840613,"Gene3722"
340.697618111353,-0.263724362742604,0.238732563598238,-1.10468533813605,0.269295958695301,0.800285166999408,"Gene3723"
29.5257353794711,-0.219460442751717,0.228063535978105,-0.962277646930751,0.335910154319193,0.855068234149037,"Gene3724"
13.8205968769494,-0.260023061820567,0.351303230120092,-0.740167011079513,0.459198661848345,0.912103307738859,"Gene3725"
119.891557554771,-0.00894400481647524,0.236434973025587,-0.0378286033661667,0.969824338500508,0.996066844846464,"Gene3726"
70.8270096563782,-0.0427124674983317,0.261097715457639,-0.163588055236207,0.870055448564397,0.986071618700012,"Gene3727"
54.8283365009469,0.312788720590981,0.254231051348192,1.2303324827249,0.218572625224557,0.754604995551524,"Gene3728"
323.516523001622,0.0379075540554497,0.197200566114224,0.1922284240984,0.847563281862097,0.985732611815519,"Gene3729"
209.288855277039,0.569957620650323,0.260867398979512,2.18485568867533,0.0288994293558773,0.265132379411719,"Gene3730"
218.143607283691,0.123193427442989,0.262119904228411,0.46998883127791,0.638362997086817,0.957930867063869,"Gene3731"
36.9652389176846,0.487163575414191,0.235670897510517,2.06713506232754,0.0387214290547792,0.32941068733001,"Gene3732"
44.4966529431481,-0.185077527059338,0.263081926709347,-0.703497687485816,0.481745647400866,0.923326588214405,"Gene3733"
41.77898852292,-0.0959774053557359,0.320647667131291,-0.299323572862414,0.764693170074546,0.977265145689917,"Gene3734"
20.6916039139426,-0.397375180428142,0.318768430516101,-1.24659515305444,0.212545979852434,0.751709919902508,"Gene3735"
11.9685480726083,-0.172273961918504,0.348375256776819,-0.494506881781414,0.620948247418437,0.95592604582585,"Gene3736"
75.2074297515449,0.287704905998248,0.331926107243763,0.866773958780412,0.386065873114166,0.883305334767189,"Gene3737"
43.1241076036092,0.202608015500285,0.237330828482124,0.853694468586688,0.393274299781444,0.884756579935757,"Gene3738"
46.9900177478687,-0.213719493075894,0.310383576818088,-0.688565726533758,0.491096595464395,0.923784628815589,"Gene3739"
206.93716581158,0.190976308657273,0.273745687937542,0.697641340384681,0.485401521241084,0.923784628815589,"Gene3740"
21.9563852809847,0.432447738534518,0.264349244981056,1.63589549334824,0.101861461355386,0.56122017275695,"Gene3741"
447.196396305604,-0.0757614516701742,0.237892402570202,-0.318469404031585,0.750128899485477,0.974859188582401,"Gene3742"
60.5915568701742,1.4186930658224,0.204723341195489,6.92980613513777,4.21417727439383e-12,6.61047415591188e-11,"Gene3743"
133.778823250698,0.212129553391084,0.234664949241501,0.903967780773153,0.36601248600839,0.869227759199078,"Gene3744"
12.3129193639091,-0.0856255861089873,0.377344082637095,-0.226916467089101,0.820488697142615,0.98471246927671,"Gene3745"
69.3486278049654,-0.110214911893866,0.248020737510567,-0.44437780888854,0.656769454632642,0.957930867063869,"Gene3746"
25.5915466452452,0.0592342359958518,0.287156300932621,0.206278726266747,0.836573195165441,0.985732611815519,"Gene3747"
26.245804803042,-0.473709057871421,0.309657491986367,-1.52978393912806,0.126070218360573,0.605379199810675,"Gene3748"
12.3263697391355,-0.231509489311365,0.341142611695091,-0.678629644537883,0.497372554676384,0.926332390021018,"Gene3749"
44.5951499965479,-0.197275501770829,0.248229102773099,-0.794731558737311,0.426769670560893,0.905307779082269,"Gene3750"
143.288951691057,0.207310432452339,0.314859507566989,0.658422018297262,0.510266990841183,0.928583583948193,"Gene3751"
27.4229961881968,-2.20165578202526,0.264005430094558,-8.3394337049685,7.46471516019399e-17,1.40182444322892e-15,"Gene3752"
41.5630318654154,-0.0445528607566573,0.310445109490758,-0.143512844604768,0.885885167725406,0.987165084295334,"Gene3753"
33.6928398868162,0.0107038086974939,0.236665347645407,0.0452276127620139,0.963925884963522,0.994763555173913,"Gene3754"
117.253746700286,-0.455153222564508,0.27307578621949,-1.66676521879047,0.0955610987892671,0.544507685408929,"Gene3755"
187.944380600721,0.449592776317797,0.21747144415705,2.06736465130161,0.0386998064710772,0.32941068733001,"Gene3756"
4.19191739321695,0.0269438913698784,0.450730234504061,0.0597783093018484,0.952332201345888,0.993471607857056,"Gene3757"
30.2176930825353,-0.0446408264836264,0.272450156120785,-0.163849516987745,0.86984960947764,0.986071618700012,"Gene3758"
160.227278022001,-0.0129700471668626,0.248954375949638,-0.0520980887256483,0.958450535875835,0.994763555173913,"Gene3759"
302.429087335977,0.334810639300639,0.248051555850732,1.34976230305169,0.177092240363536,0.703444847521495,"Gene3760"
106.517022921031,0.558950992737162,0.277215725644608,2.0163033371842,0.0437682661770149,0.35656428657446,"Gene3761"
47.520476620628,0.349044740266673,0.293833698761058,1.18789894330844,0.234873226074831,0.768757852360615,"Gene3762"
98.4531660632595,-0.239215430461396,0.257893157069332,-0.927575718486728,0.35362769794412,0.863666372222443,"Gene3763"
78.2500957961843,0.0460701067133807,0.270540317134512,0.170289246354638,0.864782667912561,0.986071618700012,"Gene3764"
132.88795020445,-0.304561423369776,0.273449704497081,-1.11377492226556,0.265375757975925,0.796793171611545,"Gene3765"
87.1725697899226,0.00698328205048323,0.266535431621713,0.0262002016317081,0.97909765505991,0.996791406921093,"Gene3766"
336.649567162252,-0.2032450499153,0.243598772157755,-0.834343490794271,0.404087450911607,0.89153326180167,"Gene3767"
92.6092698946024,0.463837278454254,0.25536971233171,1.81633630010029,0.0693188001145974,0.461356406752728,"Gene3768"
34.7412473793382,-0.478482932321237,0.276119585735281,-1.73288298635926,0.0831164688567396,0.513637134016414,"Gene3769"
756.642406625657,2.80526188700247,0.176330550337027,15.9091086691482,5.4787944280354e-57,9.13132404672566e-55,"Gene3770"
19.315017828148,0.29453454855377,0.264793108627214,1.11231953913282,0.266000785736684,0.796793171611545,"Gene3771"
41.1709830151897,-0.215306757272476,0.27835908060015,-0.773485660350179,0.439235011980904,0.905307779082269,"Gene3772"
2.30192942251761,-0.0142842466179802,0.574342196126883,-0.0248706201882901,0.980158161675992,0.996791406921093,"Gene3773"
40.0940184711535,-1.95678721766272,0.236665544745196,-8.26815419950325,1.36048858267768e-16,2.50781305562706e-15,"Gene3774"
125.761396257318,0.355100507661445,0.228080942999852,1.55690564494762,0.119492889029236,0.597289659431559,"Gene3775"
7.77086456699444,0.577797245627437,0.367593855925368,1.57183597144982,0.115988596840481,0.592303611844575,"Gene3776"
1049.66555723953,0.373645209631182,0.216473975328588,1.72605140670615,0.084338164854698,0.518206850105671,"Gene3777"
13.9611171811157,-0.444009997158574,0.327772771129467,-1.35462746227689,0.175536279290908,0.700131410667706,"Gene3778"
34.5847970216332,2.44490766391917,0.253439410192351,9.64691190712439,5.06582586324239e-22,1.2744216008157e-20,"Gene3779"
42.9372600705339,0.195674994816337,0.23535053466275,0.831419376619363,0.405736756568847,0.893124797630876,"Gene3780"
77.1798422055553,-0.31696266258366,0.278048759265477,-1.1399535226159,0.25430566484091,0.788345315977998,"Gene3781"
31.2612165784236,-0.112490818842597,0.241686102701511,-0.465441817238149,0.641615093779691,0.957930867063869,"Gene3782"
110.168124142039,-0.170623314699808,0.224305810437857,-0.760672736772809,0.446852562771718,0.907775648088812,"Gene3783"
20.858164023225,-0.604841770577219,0.292868275068568,-2.06523485835265,0.0389007837725791,0.32941068733001,"Gene3784"
135.911103141496,-0.385701389815636,0.321361060949039,-1.20021196306917,0.230057030368086,0.761212126574736,"Gene3785"
54.1575330107484,0.345167900106412,0.261301450566461,1.32095669334457,0.186515804521485,0.717493352909189,"Gene3786"
496.824397537502,0.0310816816475347,0.23230425110638,0.133797300305544,0.893562862045647,0.988556711516098,"Gene3787"
71.7580006647709,-0.644603697829337,0.273352812016497,-2.35813816245078,0.0183668556509892,0.184148326116718,"Gene3788"
40.6411935839733,-0.218912904047187,0.23144913924356,-0.945835896226078,0.344232293616738,0.857069079605542,"Gene3789"
60.3385244847573,0.225621842477309,0.252189770131987,0.894651049323797,0.370973653567455,0.869980213896254,"Gene3790"
98.2487658429106,-0.194442476319853,0.304487590861623,-0.638589164732889,0.523090231912449,0.929644202129746,"Gene3791"
20.0865722246645,-0.182975344333759,0.359035164394426,-0.509630706068523,0.61031020748448,0.95592604582585,"Gene3792"
18.4290461428981,0.0603822545850572,0.284842986559558,0.211984347286823,0.832119245876706,0.985732611815519,"Gene3793"
122.882670292905,0.201196495956601,0.298585451587104,0.673832214152295,0.500417991753802,0.926881973487425,"Gene3794"
66.3330541600264,0.103319677422946,0.245039491450826,0.421645004285686,0.673284151953213,0.964862029162694,"Gene3795"
9.30048554407685,-0.29684665010402,0.348614213909904,-0.851504724304607,0.394489040104057,0.886492224952938,"Gene3796"
14.3960158705802,0.167724277723499,0.298528620673729,0.561836507819498,0.574227415814567,0.947334508931418,"Gene3797"
55.2741534208097,0.0950606276807775,0.237807991576197,0.399736892989649,0.689350315886151,0.965476632893769,"Gene3798"
502.800815139599,1.78808080076275,0.172029704187978,10.3940235740271,2.63976730472392e-25,8.18532497588812e-24,"Gene3799"
72.4949638524181,0.142901764754028,0.229886335347619,0.621619221246627,0.534192279007375,0.931054081058605,"Gene3800"
54.6110744649396,-0.435097432025751,0.237714643170356,-1.83033500260202,0.067199860407279,0.45252431250693,"Gene3801"
29.0870417388855,-0.0075952720658478,0.281616913387525,-0.0269702269458375,0.978483480844928,0.996791406921093,"Gene3802"
26.8958619174001,-0.136527899077642,0.316481961965707,-0.431392355601092,0.666183107319571,0.96095651975416,"Gene3803"
20.4994439931308,0.292117095443067,0.287046783425563,1.01766371306097,0.308837797558432,0.831886323389716,"Gene3804"
96.3537860449796,0.142553623417002,0.215434270569006,0.661703558308011,0.508161223823771,0.928583583948193,"Gene3805"
26.8099489914111,-0.0783613215982166,0.284812503890041,-0.275133010411895,0.783214051225716,0.979629832677568,"Gene3806"
62.703014492651,0.376961070869308,0.272542891361388,1.38312567605905,0.166626334053881,0.688149199318361,"Gene3807"
37.3880189713139,0.193082335276071,0.315198654508012,0.612573475535451,0.540158401064731,0.933420165366248,"Gene3808"
58.0952663533864,-0.442144482528143,0.315505505953098,-1.40138436314284,0.161099165696218,0.681901230460181,"Gene3809"
179.97490964213,0.0577593308746609,0.308212218020482,0.187401171976974,0.851346103776977,0.986071618700012,"Gene3810"
156.117904690601,0.376810363648763,0.302176101782359,1.24698929341592,0.21240142336896,0.751709919902508,"Gene3811"
50.9171630885922,-0.494480002058706,0.268526679339474,-1.84145576623907,0.065554797064024,0.449281379462633,"Gene3812"
17.8384886959721,0.00582566336059812,0.31281896099514,0.0186231146029816,0.985141763245779,0.996874123254448,"Gene3813"
122.063663082464,0.10350111359299,0.301417282565674,0.343381483344237,0.731311487799246,0.970874859341847,"Gene3814"
67.7756468274799,-0.163423023040719,0.306225027398744,-0.533669714813744,0.593570065852726,0.951688035781253,"Gene3815"
15.4001568842389,0.188565140820283,0.310068355581925,0.608140551674132,0.543094258851278,0.933552658102756,"Gene3816"
169.188301624627,0.0300725460181521,0.266097558860604,0.113013235246948,0.910020062229926,0.989138348463355,"Gene3817"
149.826210784316,-0.232423066591661,0.231296182229537,-1.00487204047755,0.314958469117208,0.838373967298594,"Gene3818"
22.7901323053629,-0.349314630598419,0.301405058777144,-1.15895410652911,0.246474892416229,0.780391600595135,"Gene3819"
1300.80572461528,-0.0724006436010167,0.246682512103638,-0.293497268953541,0.769142086692165,0.977265145689917,"Gene3820"
0.851467625400577,1.30899038255804,0.96697508514267,1.35369608035445,0.175833359167497,0.700131410667706,"Gene3821"
118.996818610893,-0.391379371839394,0.264961159386432,-1.47711978897476,0.139643529851423,0.633303990255888,"Gene3822"
29.9936975265962,-0.0605024366430297,0.278107250309738,-0.217550734745844,0.827779172999413,0.985732611815519,"Gene3823"
64.711673078967,-0.493699449474693,0.258227567147224,-1.91187739918263,0.0558919211877554,0.421650804940207,"Gene3824"
15.1738506184712,-0.0351919158352727,0.300425100649572,-0.117140397920086,0.906748797175269,0.989138348463355,"Gene3825"
43.6822206569448,0.577723798567813,0.251876485487643,2.29367897304632,0.0218089454124346,0.211224652904935,"Gene3826"
27.797742169228,0.0376715933033411,0.297455233382688,0.126646261606953,0.899220380244767,0.989068835901661,"Gene3827"
56.6526951113799,-2.88051289801098,0.267402576100824,-10.7721957657015,4.65758707784169e-27,1.62003028794494e-25,"Gene3828"
215.83704614661,1.84181623070223,0.176089175958895,10.4595652780621,1.32462001578989e-25,4.2051429072695e-24,"Gene3829"
122.277108203609,0.0769284070458617,0.2393697327384,0.321379007135937,0.747923189902029,0.974859188582401,"Gene3830"
92.8132904562464,-0.295829111010217,0.271104521448688,-1.09119947328584,0.275185119620712,0.804758106465186,"Gene3831"
50.6239751084304,-0.183211959239888,0.296033283590304,-0.618889730971754,0.535989003944123,0.931958650783472,"Gene3832"
49.9475694359419,-0.368843732002157,0.274481253346474,-1.34378478495422,0.17901799097053,0.705489619588297,"Gene3833"
552.103991057129,-0.464001210506843,0.273563341381854,-1.69613811617824,0.0898597266751008,0.52405318368313,"Gene3834"
173.58462725732,-0.152374970445304,0.277535531881406,-0.54902869341579,0.582985758702537,0.947518170875313,"Gene3835"
48.4582384380506,0.455979835893518,0.268925339999229,1.69556292424814,0.0899686841814642,0.52405318368313,"Gene3836"
269.328477609821,-0.209452581133398,0.247213346094838,-0.847254343028255,0.396853369273836,0.887611096071756,"Gene3837"
83.899288740231,-0.239638803474205,0.239615946490315,-1.00009539007827,0.317264346851969,0.840435355899255,"Gene3838"
54.6453101059875,-0.322032513713846,0.294395485702589,-1.09387721399769,0.274008833511463,0.804758106465186,"Gene3839"
14.2581962896524,0.290683270541757,0.323754439360742,0.897851072299473,0.369264952331009,0.869258456282932,"Gene3840"
75.7156341579385,-0.069023232494456,0.268655741876594,-0.25692074181002,0.797239958257047,0.981522064235859,"Gene3841"
103.54856641103,-0.317293233266065,0.199268360928302,-1.59229107816183,0.111319316681678,0.5880278350697,"Gene3842"
26.2013186355888,-0.264642443471117,0.256383134687698,-1.03221471175738,0.301971544655555,0.828942539113957,"Gene3843"
17.9597065982738,-0.308298942023277,0.309946489039978,-0.994684414649108,0.319889776899013,0.842233220306125,"Gene3844"
10.3398724722779,-0.181639148478026,0.37084490414506,-0.489798151323595,0.624276739014921,0.956379531236953,"Gene3845"
18.5005058388063,-0.0244131997331859,0.258134936546471,-0.0945753413304089,0.924652136792038,0.989138348463355,"Gene3846"
197.384775601021,-0.103777593965977,0.289121410243123,-0.35894122776556,0.719639056664664,0.968606179663051,"Gene3847"
86.4942096329538,0.22894233257537,0.286475222942537,0.799169750960601,0.424191989164312,0.904386549185102,"Gene3848"
14.6232071086974,0.187604166554848,0.300020897695226,0.625303663831527,0.531771775777812,0.93042546577227,"Gene3849"
9.45464664773256,0.130618755397165,0.372526364585352,0.350629560252878,0.725866276914523,0.968606179663051,"Gene3850"
1.93575423314792,0.347504630051066,0.630397595925468,0.551246756486919,0.581464531969212,0.94739638610055,"Gene3851"
18.1224888401422,-0.547790719652137,0.321069096843628,-1.70614588896088,0.0879809204967361,0.52405318368313,"Gene3852"
87.7273527105998,-0.0190485503267531,0.213513873323531,-0.0892145790352904,0.928911379184907,0.989419924133832,"Gene3853"
11.4117394557686,-0.137946933725777,0.317007825640697,-0.43515308635355,0.66345131251462,0.95916112132122,"Gene3854"
84.8094785024209,0.0692062119796052,0.302303957403326,0.228929229289817,0.818923922081328,0.984572081828103,"Gene3855"
395.425789829553,0.0948697329249818,0.246035367502973,0.385593883870519,0.699797463559531,0.965980775014465,"Gene3856"
4.42528403663624,0.585251827863491,0.441398087325744,1.32590476639647,0.184871244007251,0.715169222465188,"Gene3857"
44.86470811984,-0.228803685928796,0.339457958676875,-0.674026577018896,0.500294417145467,0.926881973487425,"Gene3858"
17.5355084055814,0.316852866739868,0.28493522563968,1.11201718225093,0.266130762730585,0.796793171611545,"Gene3859"
165.55557374987,0.132319233675923,0.285177770291619,0.463988597500482,0.642655915034762,0.957930867063869,"Gene3860"
55.5731388147523,-0.0721963353138765,0.261348882348199,-0.276245050926555,0.782359857265986,0.978867509872988,"Gene3861"
79.9898157215196,-0.108961720945295,0.3411450124941,-0.319400011592372,0.749423202035149,0.974859188582401,"Gene3862"
56.9245399562768,0.446691251365659,0.317211762394837,1.40817997413872,0.159077784553652,0.677647644530999,"Gene3863"
73.6614387949046,-0.151821230962036,0.254266791294592,-0.597094218199094,0.550444477888984,0.937727038488801,"Gene3864"
87.8110393049752,0.306147637390839,0.262982989833853,1.16413475101282,0.244369407564282,0.776928501317206,"Gene3865"
46.4523203562731,2.25260685093311,0.235414753106185,9.56867325097953,1.08286313232765e-21,2.60930875259676e-20,"Gene3866"
252.494261285461,-0.0877223204125769,0.252077686895806,-0.347997165051883,0.727842312554794,0.968606179663051,"Gene3867"
342.606188258046,-0.37302235799482,0.252023282959745,-1.48011070094029,0.138843706259472,0.631825739519783,"Gene3868"
57.2528936744331,0.0657800006909037,0.301522287887373,0.218159662928381,0.82730471242652,0.985732611815519,"Gene3869"
44.6442426433728,-0.0505213266602333,0.248369346283007,-0.203412085333051,0.838812954537965,0.985732611815519,"Gene3870"
17.6592607743699,2.72505252900628,0.327729657795316,8.31494026917824,9.17984923871409e-17,1.69997208124335e-15,"Gene3871"
61.8165034669822,-0.152692308943338,0.237053661399794,-0.644125503237093,0.519494053810889,0.929644202129746,"Gene3872"
3.1013198951011,0.154839794859193,0.4997897411068,0.30980987027924,0.756705545277408,0.976901810185842,"Gene3873"
44.5144218795341,-0.104246412099201,0.303225348648499,-0.34379187809936,0.731002808691375,0.970787262538347,"Gene3874"
8.12595845281023,-0.449668604412877,0.38031805574049,-1.18234881995639,0.237067321845892,0.770301766731144,"Gene3875"
19.658742270944,0.0578702781221594,0.280274553027371,0.206477104314597,0.83641824752339,0.985732611815519,"Gene3876"
44.1297357638653,-0.048231793096775,0.324196003878582,-0.148773558340463,0.881732315796824,0.986362048840613,"Gene3877"
103.634001223595,0.0906039654123977,0.204533969544204,0.442977592496274,0.657781942382763,0.957930867063869,"Gene3878"
290.531106712043,-0.17438739695454,0.213656270104819,-0.816205379177435,0.414382680773737,0.89887018633329,"Gene3879"
31.8199301034126,-0.303639791350108,0.268001006312699,-1.13298004185785,0.257222634694391,0.790550457534556,"Gene3880"
44.6906101799179,-0.307464972844444,0.276171111190999,-1.1133133060822,0.265573893681225,0.796793171611545,"Gene3881"
37.6597421510556,0.194466209961827,0.310254604013603,0.626795565468225,0.530793250732226,0.93042546577227,"Gene3882"
27.0508609641556,0.229116091658014,0.445077648242351,0.514777797902933,0.606708301670871,0.95592604582585,"Gene3883"
34.2130716662903,0.0707157422018461,0.31292690003076,0.225981665989389,0.821215679930722,0.98471246927671,"Gene3884"
128.653827954407,-0.152305397918669,0.21543896969099,-0.706953798271155,0.479595189859693,0.92097011974977,"Gene3885"
382.810287082472,-0.359075867996594,0.206452222451464,-1.73926860041921,0.0819875277203239,0.509239302610707,"Gene3886"
344.63882133537,-0.0738627947328752,0.20976742407385,-0.352117565723033,0.724750095410566,0.968606179663051,"Gene3887"
41.3833756920295,0.270429780834515,0.295683125597858,0.914593216260543,0.360405221329712,0.867702438201711,"Gene3888"
100.675002556141,0.0832495109716573,0.320256992471757,0.259945958803691,0.794905459470651,0.981522064235859,"Gene3889"
25.8137769286336,-0.103453393205772,0.321847414809236,-0.321436147831388,0.74787989331547,0.974859188582401,"Gene3890"
7.21466428067769,0.0571951889453828,0.375952866734077,0.152133934879232,0.879081299551273,0.986362048840613,"Gene3891"
116.605879923313,0.441701851931008,0.296929747632669,1.487563490868,0.136866047670211,0.626389234188611,"Gene3892"
92.7861223147625,-0.172159371763174,0.21457866283823,-0.802313564107554,0.422371598116025,0.904386549185102,"Gene3893"
424.998492394806,-0.1112192716262,0.318175046459534,-0.349553721650341,0.726673647081577,0.968606179663051,"Gene3894"
40.9111877335556,-0.423759471163285,0.297780703851725,-1.42305886742174,0.154719090923456,0.667985658288688,"Gene3895"
6.25562919802056,-0.156031780850889,0.373245380154322,-0.418040755886586,0.675917319310789,0.964862029162694,"Gene3896"
73.1190020078913,-0.232905329340425,0.281177971400026,-0.828319971798486,0.407489315181361,0.89361691925737,"Gene3897"
8.3728709410987,-0.181923000780349,0.347103149752612,-0.524117977350565,0.600196485466925,0.954765079684842,"Gene3898"
13.4837760936868,-0.35796320258174,0.326980452139687,-1.09475413664428,0.273624364173231,0.804758106465186,"Gene3899"
30.2396782444761,-0.191225665457938,0.28890237197449,-0.661904103282416,0.508032681910556,0.928583583948193,"Gene3900"
30.944420434875,0.027780034842329,0.289108121746899,0.0960887389619902,0.923450094927993,0.989138348463355,"Gene3901"
11.6734627109576,0.105021835991544,0.32703815416964,0.321130224876047,0.748111706194718,0.974859188582401,"Gene3902"
125.762602551062,-1.80595503399685,0.188113077974982,-9.60036938121354,7.96584311564486e-22,1.93111348258057e-20,"Gene3903"
85.3169732322933,0.434638584076182,0.268645209828122,1.6178906906781,0.105686156873842,0.57204956359319,"Gene3904"
18.0816127725119,0.11818325690265,0.294360423155969,0.401491666697427,0.6880581722842,0.965476632893769,"Gene3905"
11.8948013288278,-2.65341295710204,0.366481051847989,-7.24024596557488,4.47871741461508e-13,7.194726770466e-12,"Gene3906"
12.0139452381527,-0.514727730797866,0.345225755725569,-1.49098878707949,0.13596443883175,0.624461801073121,"Gene3907"
77.9262394509914,-0.468307094655081,0.22638068326056,-2.06867073599238,0.0385769951202585,0.32941068733001,"Gene3908"
166.35217264819,0.132226278539181,0.205412042945929,0.643712397008717,0.51976194947923,0.929644202129746,"Gene3909"
24.098679626614,-0.198029176077516,0.288404433303886,-0.686637073532281,0.492311459973626,0.924322028810631,"Gene3910"
190.21276640508,-0.0863733586259923,0.226580315360978,-0.381204159277411,0.703051763067797,0.965980775014465,"Gene3911"
34.8087384244953,-0.142309670622721,0.27494828084177,-0.517587053779828,0.604746416380934,0.95592604582585,"Gene3912"
73.5152849210737,-0.221235538661889,0.286751348382808,-0.771523969842136,0.440396420307792,0.905307779082269,"Gene3913"
238.545481029592,-0.27099015107363,0.277740050869977,-0.975697059983953,0.329214609603306,0.847944905610575,"Gene3914"
18.8556486899555,-0.522301287030751,0.360938939807522,-1.4470627284196,0.147879355669168,0.652888987501847,"Gene3915"
58.0402132637739,-0.273099496641073,0.281508924616465,-0.970127313061745,0.331983036174497,0.852878705650602,"Gene3916"
113.719309248487,-0.215367802269601,0.229843566847483,-0.937019057020254,0.348748755288309,0.863134715690816,"Gene3917"
31.7220303710707,-0.0987054974352925,0.310910627310627,-0.31747225332596,0.750885290005594,0.974859188582401,"Gene3918"
44.4699948542376,-2.0778531138506,0.223018849029029,-9.31693945555312,1.19744510898944e-20,2.72146615679418e-19,"Gene3919"
85.7939376396836,-0.112045939831202,0.250380631864352,-0.447502424596105,0.65451233764523,0.957930867063869,"Gene3920"
221.841182066155,-0.601878645799861,0.240317058594633,-2.50451902715366,0.0122618009840347,0.133280445478639,"Gene3921"
174.785411641627,0.536537919794907,0.226316940583391,2.37073688965502,0.017752663596017,0.180230087269208,"Gene3922"
38.5051555632996,-0.08516795294069,0.272791498489331,-0.312208970632643,0.754881715040854,0.97669532837442,"Gene3923"
109.045716632924,0.16237675580849,0.209988674458133,0.773264349744083,0.439365949645812,0.905307779082269,"Gene3924"
258.282549183451,0.312042500907014,0.304164017338962,1.02590208939564,0.304937737701245,0.829555743821457,"Gene3925"
27.5739684813176,0.144211234773143,0.291851392855975,0.494125566309389,0.621217503101057,0.95592604582585,"Gene3926"
293.228681975411,0.186466445945294,0.261527080047361,0.712990967939252,0.475851346178453,0.920425430744799,"Gene3927"
10.4444131343676,0.0517301435279088,0.34115790327415,0.151631086460099,0.879477913449778,0.986362048840613,"Gene3928"
19.2478701168234,0.195361670441074,0.27679816774606,0.705791053574829,0.480318086479309,0.921473547202512,"Gene3929"
65.6098130671321,0.123586367963122,0.278192967499542,0.444246916354293,0.656864075548195,0.957930867063869,"Gene3930"
7.11369856627743,-0.0902191411820624,0.419712644434001,-0.214954546589194,0.829802756708646,0.985732611815519,"Gene3931"
93.8381868307506,-0.280293575001708,0.290311778699663,-0.965491569984422,0.33429865633133,0.853855391006023,"Gene3932"
3.27489612232025,0.638564941574734,0.488906021052666,1.30610979222518,0.191515223413821,0.72479639693645,"Gene3933"
22.6172631997813,-0.0278477919667901,0.314533874809724,-0.0885367020758462,0.929450114823599,0.989419924133832,"Gene3934"
14.9567617487812,0.107258483988847,0.354709866262457,0.302383706207609,0.762359574301668,0.977265145689917,"Gene3935"
141.141543281946,-0.247520685620881,0.249954647561943,-0.990262385737565,0.32204588659385,0.844156976654914,"Gene3936"
11.7724047658937,-0.166457912856969,0.369607239349977,-0.450364319567213,0.65244776806014,0.957930867063869,"Gene3937"
298.066410041383,-0.018017641013559,0.248298756237146,-0.0725643627322511,0.942152786347406,0.992000827951994,"Gene3938"
19.2408746795489,-0.209413778870405,0.330166314543039,-0.634267548342235,0.525906231113684,0.929644202129746,"Gene3939"
38.1242668440639,-0.0661944121138918,0.272001796293074,-0.243360202086935,0.80772637127814,0.983462361202086,"Gene3940"
17.4570335711302,0.106303669436097,0.316633251436917,0.335731225175118,0.737073556881817,0.971584843669412,"Gene3941"
159.312203742998,0.270214435167086,0.229007762686164,1.17993570173161,0.238025788988994,0.77038798084069,"Gene3942"
10.3266997987569,-0.357093227144729,0.318266845902318,-1.12199316938695,0.261865344181283,0.793363984935961,"Gene3943"
137.749186389374,0.212497556417862,0.273724538536868,0.77631898679497,0.437560665126179,0.905307779082269,"Gene3944"
183.333156782253,-0.0399326132609996,0.22651651858325,-0.17629007151778,0.860066061663206,0.986071618700012,"Gene3945"
77.7018605313074,1.74136602804669,0.200882746678852,8.66856938605378,4.37583487891275e-18,8.66501956220346e-17,"Gene3946"
11.7754747420998,0.251855467221384,0.363447645871754,0.692962164102869,0.488333296116196,0.923784628815589,"Gene3947"
127.031892947023,0.0601766093386554,0.263581352700587,0.228303742742426,0.819410115101439,0.984572081828103,"Gene3948"
14.4091944509836,-0.518167831075522,0.317117435080383,-1.63399351077678,0.102260213174814,0.56232961492991,"Gene3949"
20.0344018473587,0.0880788447445871,0.299042748753138,0.294535965549517,0.768348385027288,0.977265145689917,"Gene3950"
22.1904321112275,0.0735478410369192,0.296537361252889,0.248022174090222,0.804117250280347,0.981522064235859,"Gene3951"
18.0267367893428,0.248700815649282,0.326477658403245,0.761769785000423,0.446197416749975,0.907366378749313,"Gene3952"
395.945407449994,0.194002902625222,0.287134410245248,0.675651874881591,0.499261697560763,0.926881973487425,"Gene3953"
124.860037126224,0.167998793336595,0.260178636191961,0.645705565204997,0.518470055753106,0.929644202129746,"Gene3954"
95.9838949823695,0.068134046961687,0.258459303941028,0.263616151257735,0.792075711745418,0.981522064235859,"Gene3955"
25.9743987496123,0.708200248888837,0.307026299395868,2.30664360115845,0.0210746967584407,0.205106537795043,"Gene3956"
215.144621149505,-0.481914094627916,0.271823548185751,-1.77289310600346,0.0762464212480135,0.490330683266967,"Gene3957"
15.9689191188204,-0.0924644249172885,0.307997932031775,-0.300211187482094,0.764016072061274,0.977265145689917,"Gene3958"
48.2796307178674,-0.150412281205242,0.277943536034837,-0.541161285313681,0.58839641950549,0.950086663618636,"Gene3959"
188.76326541584,0.142248604627017,0.259281930183673,0.548625214746933,0.583262678175024,0.947518170875313,"Gene3960"
17.6239322447926,0.133887333009421,0.327953426437836,0.408251057059163,0.683089367382932,0.965476632893769,"Gene3961"
57.2759647680743,-0.623700885082387,0.298348514196677,-2.09051111503519,0.0365719109886601,0.317955271790184,"Gene3962"
19.8100431033086,-0.120242434543831,0.324279889307397,-0.370798308833295,0.710787761071946,0.967191850049682,"Gene3963"
135.339512926285,2.89347786901277,0.185068347555262,15.634644752792,4.22826308555077e-55,6.50502013161658e-53,"Gene3964"
49.0526615473343,0.0835175596704048,0.31070402341086,0.268801024053574,0.788082805257446,0.981522064235859,"Gene3965"
48.569542038197,-0.0214267473879577,0.254084907182454,-0.0843290836341238,0.932794789357428,0.990992719243876,"Gene3966"
133.702867646732,0.207706135417769,0.227161382339512,0.914354954520106,0.360530363072811,0.867702438201711,"Gene3967"
117.976065006325,0.0749009552971211,0.264694927318139,0.282970875399879,0.77719916299255,0.977860351813101,"Gene3968"
136.077718853433,-0.227444157138279,0.244323544542147,-0.930913791237353,0.351898159986295,0.863541852770467,"Gene3969"
172.666905342715,0.228325414710049,0.265745403592676,0.859188575317816,0.390236485452058,0.883305334767189,"Gene3970"
221.107161568734,0.285000419415304,0.297546048842886,0.957836343395014,0.338145289675894,0.855068234149037,"Gene3971"
75.3516858086386,-0.0552267210243835,0.244425418870182,-0.225945080833492,0.82124413486282,0.98471246927671,"Gene3972"
102.725425931843,0.41014633915166,0.270345405339017,1.51711969595833,0.12923646632115,0.610976906461556,"Gene3973"
33.8830125201754,-0.0362154273234119,0.308917057208347,-0.117233498372305,0.906675022073652,0.989138348463355,"Gene3974"
44.8911950239514,-0.498472875004553,0.267357163651396,-1.86444555364339,0.0622591607921422,0.442937311257698,"Gene3975"
125.113029912978,0.165877633550751,0.258932900512508,0.640620149940113,0.521769504722967,0.929644202129746,"Gene3976"
38.8500592825635,-0.30235852495432,0.256473531194444,-1.17890732640589,0.238435080070193,0.77038798084069,"Gene3977"
35.5369572691688,0.0023375485322047,0.290704703909163,0.00804097250842943,0.993584301318652,0.997858140929364,"Gene3978"
65.8349839303903,0.129507056053825,0.247189009305825,0.523919151654502,0.600334773604231,0.954765079684842,"Gene3979"
395.363868699919,0.366931749085077,0.240241623919486,1.52734460872629,0.126675342401944,0.605514519622364,"Gene3980"
28.8236815933003,1.91374334193148,0.251855202125242,7.59858571823272,2.99384523379245e-14,4.98974205632076e-13,"Gene3981"
84.0669153871493,1.97656375641307,0.222920912127486,8.86665920011441,7.53731506001187e-19,1.55408557938389e-17,"Gene3982"
79.0952101803997,-0.54788341480643,0.289408109301045,-1.89311701088692,0.0583423104491805,0.431305578971177,"Gene3983"
75.2255589688447,-0.0309050055208167,0.246612158525599,-0.125318255618807,0.900271600219583,0.989068835901661,"Gene3984"
10.0746956729185,0.160955337896949,0.34747152785751,0.463218781951405,0.643207554878813,0.957930867063869,"Gene3985"
20.9097895949715,0.169453109471483,0.267416564028767,0.633667215368358,0.526298024950712,0.929644202129746,"Gene3986"
14.1638591630928,-0.128083345108364,0.314964479891525,-0.406659649851553,0.684257980046807,0.965476632893769,"Gene3987"
43.9778621336815,-0.0211121017643946,0.233985008235465,-0.0902284378114899,0.928105686382968,0.989419924133832,"Gene3988"
268.018466760961,0.120383087303403,0.244555045741907,0.492253541276145,0.622540118738295,0.95592604582585,"Gene3989"
53.8163679890047,-0.274013472841454,0.276298624583392,-0.991729413255737,0.321329538835239,0.843938381707784,"Gene3990"
39.7201849712927,0.080431540600068,0.28177245474118,0.285448556971077,0.775300511101233,0.977622955372068,"Gene3991"
822.852320912413,0.254943269594094,0.271500969125717,0.939014215732112,0.347723445679489,0.86163041202914,"Gene3992"
22.5946350156556,-0.376353773861928,0.258019576215453,-1.45862488180999,0.144668381409871,0.644921106093724,"Gene3993"
57.4670287800693,-0.112289050362052,0.249224107465852,-0.450554529029412,0.652310645147352,0.957930867063869,"Gene3994"
103.346696855189,2.30957626968148,0.195177382129961,11.8332167614771,2.62871005453155e-32,1.14291741501372e-30,"Gene3995"
16.4613356551014,0.253257419799699,0.325177779265482,0.778827570480867,0.436081294466823,0.905307779082269,"Gene3996"
87.3658149156046,0.104854618388664,0.290832016353953,0.360533271760053,0.718448379926813,0.968606179663051,"Gene3997"
30.4950107340504,0.190685727809616,0.28790636200879,0.662318562463006,0.507767082970769,0.928583583948193,"Gene3998"
183.245199861616,-0.583208086549827,0.219511340935013,-2.65684717730593,0.00788751894667045,0.0906611373180511,"Gene3999"
75.8516980184889,1.71592255300345,0.193274977107752,8.87814128182157,6.79868514933883e-19,1.40905391696142e-17,"Gene4000"
