"baseMean","log2FoldChange","lfcSE","stat","pvalue","padj","gene"
246.442178913257,-0.258077281611482,0.223400405759721,-1.15522297613487,0.247999128171207,0.939142459455892,"Gene0001"
28.0706910954865,0.144457437153406,0.273348194866455,0.52847408494496,0.597170329293528,0.989592197216116,"Gene0002"
87.3082474480647,0.00111348175101819,0.264552317202869,0.0042089283616606,0.996641770957924,0.999979708961714,"Gene0003"
98.8468759893041,0.227713235761621,0.21489604596368,1.05964367441227,0.289306736443425,0.956043291201446,"Gene0004"
89.8207163832274,-0.292589144558571,0.205806569975281,-1.42167057443168,0.155121906260655,0.872600384978322,"Gene0005"
42.2663811071575,0.302610067757646,0.288847113476073,1.04764788581733,0.294800866339604,0.961932221251959,"Gene0006"
328.03878219683,-0.136427984827189,0.299033332862732,-0.456230024663556,0.648224576901041,0.990448176597679,"Gene0007"
40.9954006581077,-0.181093062237665,0.262863199523957,-0.688925123659846,0.490870388242064,0.989592197216116,"Gene0008"
620.228212931791,0.160933312458705,0.266834001253479,0.603121460168888,0.546427891074664,0.989592197216116,"Gene0009"
50.3071907196554,0.113921660984424,0.222720700091273,0.511500102764303,0.609000916470709,0.989592197216116,"Gene0010"
230.70745702442,0.0794235854527227,0.321449815182817,0.247079269302278,0.804846877133233,0.99333153611013,"Gene0011"
755.435040743482,-0.176253240464316,0.223765248267201,-0.787670301037318,0.430889581699103,0.985948027515532,"Gene0012"
7.40192302650484,0.381077328103913,0.442119733079459,0.861932412402468,0.388724711565277,0.985240646476599,"Gene0013"
40.1049404600773,-0.427801760271703,0.258411969701662,-1.65550288078994,0.0978225325481224,0.785797863323545,"Gene0014"
39.8642924396367,-0.0140661164965227,0.256806846459441,-0.0547731366606857,0.956319202104404,0.997727678819377,"Gene0015"
93.3049089476382,0.153623051951405,0.289749979259827,0.530191761683087,0.595978982375271,0.989592197216116,"Gene0016"
35.6017001252048,-0.252350019094134,0.236747161095978,-1.06590515352296,0.286466519129424,0.956043291201446,"Gene0017"
2.06158292765287,0.00223164918544489,0.628420346533157,0.00355120453651184,0.99716655468352,0.999979708961714,"Gene0018"
7.10141399809454,2.55919513330364,0.470377045530619,5.44073134014583,5.30622845501634e-08,3.07607446667614e-06,"Gene0019"
248.577435161708,0.124763595225505,0.43604581486496,0.286124968919019,0.774782408199877,0.99333153611013,"Gene0020"
38.9202135768001,0.353423435234312,0.279348624002704,1.26516977306067,0.205810475462443,0.919858845236042,"Gene0021"
7.32658250142028,-0.30856311613504,0.361165634677773,-0.854353478038783,0.392909164453467,0.985240646476599,"Gene0022"
47.6212622590247,0.0373752148290564,0.280084718323653,0.133442535004239,0.893843408114205,0.995069104386573,"Gene0023"
222.730381687705,0.0736613472769871,0.267114085823523,0.27576736378348,0.78272675198258,0.99333153611013,"Gene0024"
523.542200812544,-0.193466057981894,0.30125816995326,-0.642193564449753,0.520747511037539,0.989592197216116,"Gene0025"
33.4513717808586,-0.36614473938696,0.276769878761115,-1.32292119729902,0.185861585276713,0.888310428362108,"Gene0026"
39.0619559143145,0.0609467925870071,0.303464748054094,0.200836482582626,0.840826435112635,0.994307020576895,"Gene0027"
6.06324414470595,0.0581110000073569,0.403801840358377,0.143909695794806,0.88557177925184,0.995069104386573,"Gene0028"
89.0776510001639,0.272534082326773,0.214479495500866,1.27067662897255,0.203843713259779,0.919858845236042,"Gene0029"
23.0829945992859,-0.543135935758912,0.300644289877547,-1.8065732629751,0.0708288414545825,0.772193421375786,"Gene0030"
81.4738865810676,-0.170558681478796,0.264099934938236,-0.645811145385869,0.518401669119331,0.989592197216116,"Gene0031"
116.345197633583,-0.0657338953850134,0.280779925873937,-0.234111805466201,0.814898181146076,0.993862929817308,"Gene0032"
203.682952341565,0.0767799240582539,0.268570767979941,0.285883399134445,0.77496742892433,0.99333153611013,"Gene0033"
20.3517606239875,-0.13609999702883,0.29506228260304,-0.461258537784482,0.64461312819329,0.990448176597679,"Gene0034"
91.754657760859,-0.554259878377045,0.292908252602491,-1.89226446661179,0.0584557527962724,0.711494966081943,"Gene0035"
7.57447814911342,0.071460964925025,0.353525857264167,0.202137873246502,0.839808940368995,0.993862929817308,"Gene0036"
17.8126360607808,0.0201638999056676,0.346978817390975,0.0581127691231565,0.953658803293642,0.997455699601329,"Gene0037"
21.8132497319101,-0.23923025695502,0.258270631675983,-0.926277430006636,0.354301822114301,0.97219299808852,"Gene0038"
1.75387889631117,-1.14807635943804,0.683151636328069,-1.68055860278537,0.0928486824214411,0.777551211643128,"Gene0039"
43.7753000404702,0.293390343398419,0.243770230048067,1.20355280191748,0.228762471297616,0.92522738644132,"Gene0040"
72.7287682549917,-0.47711118707776,0.296922063157765,-1.60685663437632,0.108085821206786,0.802499085937603,"Gene0041"
36.1294373612671,-0.419384697456744,0.255577933812301,-1.64092686407248,0.100812597762553,0.790594044885332,"Gene0042"
134.332146011646,0.278088867840559,0.267853841986758,1.03821123407409,0.29917172363926,0.965738733659617,"Gene0043"
25.2771145779683,0.026247823524845,0.355261002386709,0.0738832107901157,0.941103315181319,0.995069104386573,"Gene0044"
10.1891051473918,-0.273999613480078,0.344253370515939,-0.795924272489853,0.426076052244378,0.985948027515532,"Gene0045"
76.6705275791388,-0.155326366335437,0.278299782600696,-0.558126078590217,0.576758293855746,0.989592197216116,"Gene0046"
15.5668700444091,-0.0753004557656158,0.485766440109456,-0.155013705246185,0.876810512685966,0.995069104386573,"Gene0047"
319.261028627432,-0.309119987758181,0.275586499814472,-1.12168044503734,0.261998333906034,0.939142459455892,"Gene0048"
32.416579087017,0.311087918592152,0.2780692364028,1.11874266501571,0.263249937965769,0.939142459455892,"Gene0049"
108.86033453327,0.146656185283146,0.267395053060722,0.548462597211336,0.583374304786376,0.989592197216116,"Gene0050"
72.0552825318571,-0.30820575050114,0.267573115168385,-1.15185619566893,0.24938017108969,0.939142459455892,"Gene0051"
18.5366536808282,-0.0155801569366719,0.295870723270814,-0.0526586637719175,0.958003874833528,0.998072792424686,"Gene0052"
351.326593980127,-0.154614613842941,0.255249640020519,-0.605738812522957,0.544688206485369,0.989592197216116,"Gene0053"
106.293704563423,-0.0300350667900962,0.217266919988605,-0.138240403977152,0.890050423869764,0.995069104386573,"Gene0054"
54.2322819699608,-0.00133833902968628,0.226269966468698,-0.00591478865080146,0.995280708972312,0.999979708961714,"Gene0055"
74.1124776592806,0.0672149920330962,0.23452648534649,0.286598726509685,0.774419589643852,0.99333153611013,"Gene0056"
144.026451452583,0.309715969333926,0.30287572234222,1.02258433570974,0.306504418975401,0.971869472338305,"Gene0057"
61.3250219959309,0.0354855720255901,0.240299822050291,0.147672069512242,0.882601575227889,0.995069104386573,"Gene0058"
0.968637141548105,0.739106944716398,0.857463457343243,0.861969030151373,0.388704560398526,0.985240646476599,"Gene0059"
77.0490904972774,-0.0528436106490697,0.250001446599412,-0.211373219506779,0.832596052376973,0.993862929817308,"Gene0060"
33.4062775741887,-0.246100822651618,0.297896664955896,-0.826128156513784,0.408731396997201,0.985948027515532,"Gene0061"
65.074076333763,-0.614718571944607,0.25652276626294,-2.39635093952834,0.0165592272425949,0.413980681064873,"Gene0062"
112.461167873048,0.383282774858503,0.22185177201939,1.72765252839632,0.0840505392303347,0.772573314719356,"Gene0063"
334.367843467742,0.185217634171458,0.266747588530781,0.694355421136583,0.48745934292262,0.989340724987449,"Gene0064"
25.6054702356225,0.0284910149250747,0.358551601493791,0.0794614075250981,0.936665626847342,0.995069104386573,"Gene0065"
209.317156351405,-0.0995557029911788,0.27936270556418,-0.356367192213877,0.72156559553311,0.99333153611013,"Gene0066"
71.3179706597914,0.536625096943823,0.222693261747265,2.40970513761139,0.0159654178826545,0.406762239048522,"Gene0067"
172.492407489854,-0.305575248821447,0.230760888447563,-1.32420728173303,0.185434213156315,0.888310428362108,"Gene0068"
173.255860151677,0.0577901982525316,0.282176635152386,0.204801500384051,0.837727214724052,0.993862929817308,"Gene0069"
116.581637806804,-0.00631304970341436,0.283922309637676,-0.0222351308407948,0.982260394153349,0.999979708961714,"Gene0070"
16.2978352335744,0.119182718885573,0.289653927527656,0.411465916940462,0.680730928114534,0.992240177738971,"Gene0071"
43.7569497058754,-0.0612879667471201,0.27298780236218,-0.224508077711866,0.822361982226392,0.993862929817308,"Gene0072"
120.27687152671,-0.1519966534548,0.313996539751158,-0.484071109749352,0.628335403724626,0.989592197216116,"Gene0073"
72.7251587589809,3.07959069088378,0.230274219598829,13.373579970215,8.62858577443108e-41,4.31429288721554e-38,"Gene0074"
29.753704339935,0.147245244796328,0.311294478560427,0.473009497236378,0.636206403478101,0.989592197216116,"Gene0075"
102.49903403164,0.19002894795498,0.303379754768333,0.626373200479675,0.531070183425018,0.989592197216116,"Gene0076"
127.694574044101,0.24172652540338,0.266390980731212,0.907412573578389,0.364188662786716,0.979139537995581,"Gene0077"
100.787016206518,-0.0274392491266366,0.276163369337911,-0.0993587570734705,0.920853427760266,0.995069104386573,"Gene0078"
18.2713220137887,0.0795842757797359,0.320976242869984,0.247944443078214,0.804177392680677,0.99333153611013,"Gene0079"
16.0361738301057,-0.160029786903951,0.282599873535118,-0.566276923277054,0.571205545220643,0.989592197216116,"Gene0080"
291.674903069215,0.612100265678777,0.282212327438806,2.16893525252366,0.030087599896902,0.581402896558494,"Gene0081"
63.869682513254,-0.398913797774776,0.269675911714513,-1.47923407485159,0.139077765452837,0.865666150316722,"Gene0082"
55.9207875161209,-0.0299444794877566,0.288441071469514,-0.103814894790118,0.917316246007823,0.995069104386573,"Gene0083"
35.0222272181725,-0.561669698706322,0.27990618777714,-2.00663552016049,0.044788486304455,0.676052623463471,"Gene0084"
11.6360495149384,-0.609953550156721,0.344108786270638,-1.77256023238244,0.0763016062733798,0.772573314719356,"Gene0085"
101.774571104383,-0.236023568497458,0.225525221084389,-1.04655065789356,0.295306869248661,0.961932221251959,"Gene0086"
41.2337256406093,-0.57769763817396,0.293353973101829,-1.96928520198849,0.0489203495280905,0.685085529328067,"Gene0087"
40.6352471899696,0.15316974069969,0.299859512877463,0.510805007417866,0.609487602489785,0.989592197216116,"Gene0088"
144.722448364638,0.06796480026456,0.225105817107196,0.301923784724741,0.762710163787123,0.99333153611013,"Gene0089"
129.774746084345,-0.214349447569539,0.239047118164932,-0.896682834811033,0.369888182632108,0.982424481229659,"Gene0090"
261.656626066827,-0.09236675238481,0.225859730494241,-0.408956267603291,0.682571755057253,0.992240177738971,"Gene0091"
31.0852947777121,-0.160629247608546,0.275005295573989,-0.584095107235234,0.55915632644743,0.989592197216116,"Gene0092"
115.936614837909,0.221923171322201,0.248337563162261,0.893635133148176,0.371517142218638,0.982424481229659,"Gene0093"
274.012761877227,-0.0494449931771399,0.301808833649104,-0.163828846821054,0.869865882008235,0.995069104386573,"Gene0094"
14.7737799104409,0.776906259375359,0.323858894413955,2.39890357429035,0.0164442443853535,0.413691682650402,"Gene0095"
17.4429185887768,-0.11669511113505,0.275647886979315,-0.423348469722922,0.672041035531167,0.992240177738971,"Gene0096"
12.9087701969895,-0.146771042745609,0.312400881000336,-0.469816353512304,0.638486229579587,0.989592197216116,"Gene0097"
10.3008335648045,0.205300131530538,0.321569784204327,0.638431039279764,0.523193131105079,0.989592197216116,"Gene0098"
235.263903982649,2.78869454803836,0.190883792303397,14.6093836170539,2.44721980096839e-48,2.40008400174585e-45,"Gene0099"
116.775661478622,0.121211988127665,0.264737614609355,0.457857068428014,0.647055132359668,0.990448176597679,"Gene0100"
207.402055490806,0.289280992979847,0.308368213843661,0.938102502116215,0.348191736104534,0.97219299808852,"Gene0101"
200.772984111632,0.165105818405129,0.237136909200207,0.696246817764397,0.486274272430668,0.989340724987449,"Gene0102"
15.3961493392812,0.0259214033601543,0.305094930731241,0.0849617635338181,0.932291789033805,0.995069104386573,"Gene0103"
494.445161524221,0.165047678724394,0.250163519781628,0.65975918018929,0.509408382344239,0.989592197216116,"Gene0104"
24.3343850879889,-0.169975115131025,0.271053574095384,-0.627090477217652,0.530599928957681,0.989592197216116,"Gene0105"
59.8602047880173,0.0381643408242427,0.267053763293778,0.142908829868311,0.886362184928899,0.995069104386573,"Gene0106"
29.19451130265,-0.119796393924973,0.311370659592924,-0.38473886422565,0.700430897994998,0.992240177738971,"Gene0107"
48.5077560501118,-0.309835761380909,0.255646345682847,-1.21197023393125,0.225523775054736,0.923969630274923,"Gene0108"
51.1526786267187,0.166830464198915,0.229244330783237,0.72774085024882,0.466772238915769,0.985948027515532,"Gene0109"
146.002664182872,1.60500542975953,0.189584195877019,8.46592418916962,2.54129432416545e-17,2.25892828814707e-15,"Gene0110"
47.5711431629539,0.136080304275328,0.251738216258397,0.540562757208261,0.588808993783487,0.989592197216116,"Gene0111"
57.4680723191985,-0.186702522602908,0.253826685365518,-0.735551198385821,0.462003871180683,0.985948027515532,"Gene0112"
31.467388289083,0.136262742937519,0.32597431825198,0.418016804723209,0.675934830700584,0.992240177738971,"Gene0113"
26.4676761310609,0.247871894087639,0.250353444165677,0.990087813306072,0.322131199437984,0.97219299808852,"Gene0114"
8.29289678172796,0.107779808126972,0.416499476574752,0.258775374733582,0.795808558960908,0.99333153611013,"Gene0115"
33.7785745077482,0.0486949596242888,0.259802487753649,0.187430690311413,0.851322961575411,0.995069104386573,"Gene0116"
25.4963087941407,-0.434116328894136,0.332114782369379,-1.30712739070829,0.191169450131106,0.897421272206798,"Gene0117"
1291.81163363927,-0.216179920036011,0.221908012576463,-0.974187085567818,0.329963655760513,0.97219299808852,"Gene0118"
10.3558161651819,0.29156283728778,0.347793356417541,0.838322043557802,0.401849858825054,0.985948027515532,"Gene0119"
75.7396299166272,-0.234031303552351,0.233380760013843,-1.00278747716165,0.315963412243238,0.97219299808852,"Gene0120"
8.54638561592943,-0.685827878402388,0.367138392648155,-1.86803639209601,0.061756998527728,0.726552923855624,"Gene0121"
7.94819473698183,-0.512147854979314,0.370285892976127,-1.38311468163961,0.16662970463697,0.884104075288354,"Gene0122"
61.6174027810005,-0.653230744531346,0.245437541090021,-2.66149482116819,0.00777945376448156,0.250047989490917,"Gene0123"
16.7789309222566,-0.300808274998481,0.282315167293842,-1.06550518656828,0.286647379775568,0.956043291201446,"Gene0124"
44.8117829997387,-0.287071130174208,0.294623807608658,-0.974365013147606,0.329875334721248,0.97219299808852,"Gene0125"
27.128445989865,0.233517410081982,0.312143968743642,0.748108031758145,0.454394997822852,0.985948027515532,"Gene0126"
23.8131465220426,-0.331603138702653,0.298770623262352,-1.1098920472227,0.267045547886533,0.939142459455892,"Gene0127"
5.08180104813024,0.279680473906963,0.432052092944596,0.647330445735923,0.517418100991329,0.989592197216116,"Gene0128"
12.2353363319366,-0.0522631932991352,0.331823744878414,-0.157502873455561,0.874848543469377,0.995069104386573,"Gene0129"
54.3007941078775,0.00201936054724317,0.23701704513899,0.00851989588368629,0.993202188855487,0.999979708961714,"Gene0130"
99.5814988134842,-0.273141497459167,0.238185517056801,-1.14675947066097,0.251481043989966,0.939142459455892,"Gene0131"
32.3715710087736,-0.00930599673822385,0.297207197939373,-0.0313114783314305,0.975021136512525,0.999979708961714,"Gene0132"
46.9226159412046,0.142521121360567,0.295475682764967,0.482344672248152,0.629561117878255,0.989592197216116,"Gene0133"
232.995524406228,0.234445071180529,0.257905115424986,0.909036142203698,0.363331048244871,0.979139537995581,"Gene0134"
295.641883943973,-0.00239162297719727,0.205529269454711,-0.0116364106365116,0.990715697135572,0.999979708961714,"Gene0135"
14.1055372074494,-0.283345439823729,0.319813981195176,-0.885969521297471,0.375633951346677,0.984862498760283,"Gene0136"
43.4148771219709,0.305136292723192,0.300255184818736,1.01625653161461,0.309507242359349,0.97219299808852,"Gene0137"
244.341682535248,-0.0317668562296421,0.252239474634617,-0.125939273682909,0.899779994256028,0.995069104386573,"Gene0138"
33.2074194741454,0.0654206316367705,0.2616925534642,0.249990421090527,0.802594756360796,0.99333153611013,"Gene0139"
53.1402728708018,0.135125626096207,0.260562255777322,0.518592478765173,0.604044955091345,0.989592197216116,"Gene0140"
47.3730818217376,0.032643647314841,0.252584776864569,0.129238379763258,0.897169028187846,0.995069104386573,"Gene0141"
17.1983580015421,0.308195505987825,0.284062076200389,1.08495829541994,0.277940126781204,0.950990735044977,"Gene0142"
28.1287115199782,-0.135889231436902,0.313747580772529,-0.433116427869523,0.664930188722395,0.992240177738971,"Gene0143"
52.335932240261,-0.304586951367406,0.352004972464195,-0.865291615726787,0.386878751482098,0.985240646476599,"Gene0144"
29.3054987684163,-0.127173916968534,0.264821013587405,-0.480225927866408,0.631066752333132,0.989592197216116,"Gene0145"
218.273883654294,-0.58695936217841,0.256659837198327,-2.28691550881353,0.0222007552099389,0.480016328863544,"Gene0146"
33.2798105824461,-0.164497615611156,0.273956372112002,-0.600451868824953,0.548205128710962,0.989592197216116,"Gene0147"
27.2466174983034,0.274268391332908,0.273665005455981,1.00220483388412,0.316244673647649,0.97219299808852,"Gene0148"
122.129310393504,0.289547787505434,0.313807350555762,0.922692814532983,0.356167311469282,0.97219299808852,"Gene0149"
12.6584417839565,0.0999951214128544,0.318541283966658,0.313915735403769,0.753585038931455,0.99333153611013,"Gene0150"
57.2157532339658,0.304354094940954,0.255652967057003,1.19049701806548,0.233851101336101,0.92910568183392,"Gene0151"
8.60751140480735,0.454136839944254,0.354270970471465,1.28189120135891,0.199880814904721,0.913740868135869,"Gene0152"
259.999551847266,0.237813147142705,0.253357717706824,0.938645758634014,0.347912650863532,0.97219299808852,"Gene0153"
41.6543936306078,0.663655512449744,0.257893082414039,2.57337461802975,0.0100712130697973,0.29840631317918,"Gene0154"
32.064519292421,-0.366182689488749,0.238364185295778,-1.53623200160865,0.124481489936881,0.837522067458995,"Gene0155"
13.9915385190322,-0.0355755637068093,0.300085471504333,-0.118551436457315,0.905630742005961,0.995069104386573,"Gene0156"
55.6420458653044,-0.422683366606662,0.295871054023283,-1.42860668814665,0.153117310771943,0.872600384978322,"Gene0157"
22.3336093323661,-0.269020661815219,0.457181731640867,-0.58843265860532,0.556241922121305,0.989592197216116,"Gene0158"
30.5954965113117,0.0738996374334397,0.3047875871612,0.242462752901924,0.808421614763748,0.993862929817308,"Gene0159"
254.983178067996,-0.0259042496045128,0.237854015488924,-0.108908187029195,0.91327531296386,0.995069104386573,"Gene0160"
41.081479258401,-0.00796828804296378,0.263965844058774,-0.0301868147804365,0.975918064021496,0.999979708961714,"Gene0161"
13.3715279141735,0.251365966483547,0.36198490589352,0.694410077301642,0.487425075779648,0.989340724987449,"Gene0162"
59.1136274220408,0.12067967424347,0.287981449488468,0.419053638551475,0.675176932029673,0.992240177738971,"Gene0163"
36.6558205407999,0.296690478254957,0.302915144049491,0.979450793673369,0.327357290277886,0.97219299808852,"Gene0164"
112.457294508183,-0.024191028461756,0.255231854825634,-0.0947806004790527,0.924489096068535,0.995069104386573,"Gene0165"
285.285425875653,0.209238246797024,0.287860963047868,0.726872600513847,0.467304003288351,0.985948027515532,"Gene0166"
15.644315187385,-0.179133266698789,0.295910793994572,-0.605362394120963,0.544938232300487,0.989592197216116,"Gene0167"
80.3363910678656,-0.272588413471291,0.24895744933474,-1.09491969089375,0.273551821597121,0.948072525166848,"Gene0168"
53.8454156195201,-0.136792804184259,0.277155344157844,-0.493560045179402,0.621616924077258,0.989592197216116,"Gene0169"
155.659713082217,0.196683056528103,0.268391238482672,0.732822195091146,0.463666882323278,0.985948027515532,"Gene0170"
44.7715822168511,0.186573730569765,0.256176572993705,0.728301297770697,0.466429168091742,0.985948027515532,"Gene0171"
162.240173737974,-0.0592326551450107,0.270315948284087,-0.219123790220326,0.826553619155623,0.993862929817308,"Gene0172"
13.7556697315899,1.82466805723626,0.317858536096001,5.7405035574856,9.43954379228329e-09,5.80895002602048e-07,"Gene0173"
330.28014876938,-0.183968810244442,0.276588050245456,-0.665136509264157,0.505963184975528,0.989592197216116,"Gene0174"
122.495228792534,0.426758641204847,0.27615402005468,1.54536457995559,0.122258102746481,0.834526298610789,"Gene0175"
41.5471551309716,0.178906713828074,0.229949024087284,0.778027715221632,0.436552674495968,0.985948027515532,"Gene0176"
9.88187998162317,0.198538866331713,0.35072399828611,0.566082923614913,0.571337411082909,0.989592197216116,"Gene0177"
112.81494719497,-0.00426840665562129,0.246971190681434,-0.01728301444328,0.986210836091483,0.999979708961714,"Gene0178"
97.1297842447497,-0.170051117756563,0.255560558795384,-0.66540439009102,0.505791877770417,0.989592197216116,"Gene0179"
43.1298720246572,0.20591552719302,0.276824312142846,0.743849142436466,0.456967746083427,0.985948027515532,"Gene0180"
72.0183641128869,0.0843846583233662,0.232614644526841,0.362765889030813,0.716779775142717,0.993113647582566,"Gene0181"
26.6614203473471,-0.116048589986053,0.277966553522871,-0.417491199985342,0.67631915968496,0.992240177738971,"Gene0182"
72.1324829383151,-0.047947745696762,0.268556509011324,-0.178538758465691,0.858299885282297,0.995069104386573,"Gene0183"
85.31819560412,-0.404274377526294,0.280939228062102,-1.43901006746174,0.150147670384088,0.872600384978322,"Gene0184"
38.6125286753892,0.214541417988794,0.285989980892283,0.750171098020389,0.453151663328686,0.985948027515532,"Gene0185"
8.67072241717675,0.225363146146627,0.344701355069816,0.653792457824779,0.513245526285512,0.989592197216116,"Gene0186"
119.489806686412,0.423732499836565,0.255259545836348,1.66000647869298,0.096913149204056,0.785797863323545,"Gene0187"
108.330401312729,-0.00617111961849157,0.286782952998858,-0.0215184325077933,0.982832099852063,0.999979708961714,"Gene0188"
18.9759057931393,-0.474931208619003,0.310442733351302,-1.52985126593884,0.126053548601674,0.840500796729209,"Gene0189"
7.49685371658854,-0.322966650057771,0.383936381560442,-0.841198348395977,0.40023682562714,0.985948027515532,"Gene0190"
76.6769793549474,-0.177248513008877,0.286109685930054,-0.6195124517812,0.535578821551421,0.989592197216116,"Gene0191"
33.4419278477147,-0.428643649207847,0.257316915768852,-1.66581994008081,0.0957492833238289,0.785797863323545,"Gene0192"
73.4183714796446,-0.372878853993461,0.219289879880387,-1.70039244034814,0.0890571328317251,0.772573314719356,"Gene0193"
11.7670007244762,-0.0287279800550021,0.342719516222015,-0.0838235895395931,0.933196692281704,0.995069104386573,"Gene0194"
15.3292982066261,-0.422384233709634,0.292865271935142,-1.44224759364154,0.149232538495233,0.872600384978322,"Gene0195"
184.572614946458,0.360963583420225,0.218213403821423,1.65417695292276,0.0980915641817855,0.785797863323545,"Gene0196"
77.2293971179683,-0.343059712201551,0.308104773076012,-1.11345146904594,0.265514580452516,0.939142459455892,"Gene0197"
106.177697194904,-0.254286496256046,0.265894185574792,-0.956344704215124,0.33889811138011,0.97219299808852,"Gene0198"
470.555133457786,0.273118724137297,0.249504467964435,1.09464462246114,0.273672358333811,0.948072525166848,"Gene0199"
40.0616482474751,-1.70750177994182,0.239235680156818,-7.13732073252013,9.51676129913901e-13,6.56328365457863e-11,"Gene0200"
6.00728482535488,0.383253909704382,0.406573282784958,0.942644108533542,0.345862970468817,0.97219299808852,"Gene0201"
79.5787031101257,-0.231102194570189,0.289112490531377,-0.799350433270565,0.424087242931455,0.985948027515532,"Gene0202"
228.535406692091,-0.338208802902849,0.229784828449289,-1.47185001370745,0.141061384419634,0.872600384978322,"Gene0203"
559.565303019408,0.0530348547729295,0.20430827822925,0.259582505577284,0.795185832377458,0.99333153611013,"Gene0204"
8.96901050966956,-0.0344447128427874,0.365767045226211,-0.0941711761415927,0.924973181105646,0.995069104386573,"Gene0205"
14.6058900087732,0.230452890859274,0.320405743723204,0.719253307326354,0.471984859682012,0.985948027515532,"Gene0206"
20.3506806509201,0.73912075180281,0.28939937380014,2.55398186284,0.0106498803896134,0.303272838416452,"Gene0207"
14.3714498229489,-0.184402679827891,0.323822795248516,-0.569455524853869,0.569047044904958,0.989592197216116,"Gene0208"
19.5645834281895,-0.240191256271184,0.255735098651401,-0.939218971262896,0.34761833063693,0.97219299808852,"Gene0209"
41.491650345383,0.118352242495555,0.266607113619733,0.443920047326131,0.65710038995238,0.991806639138922,"Gene0210"
10.0626823717929,-0.172936482740105,0.355691433970756,-0.48619805321014,0.626826751514234,0.989592197216116,"Gene0211"
579.16852786258,-0.0988868046042525,0.271637870795754,-0.364039094823439,0.715828815953366,0.992483626971738,"Gene0212"
64.7867234833797,0.191787579681074,0.277120870231033,0.69207194507286,0.488892148981692,0.989592197216116,"Gene0213"
50.2273184006694,0.256333420372389,0.263325179800089,0.973448192713632,0.330330596797099,0.97219299808852,"Gene0214"
110.85929700245,0.393992962765695,0.239283726008379,1.64655143639772,0.0996502793897556,0.790394480732271,"Gene0215"
60.2628283902965,-0.247535669864934,0.267433081769852,-0.925598539368287,0.35465465273744,0.97219299808852,"Gene0216"
47.8492143650136,0.222896923986043,0.244781315084672,0.910596153586891,0.362508197922726,0.979139537995581,"Gene0217"
295.054213905027,-0.37323760816691,0.257378159413083,-1.45015260431588,0.147015968514955,0.872600384978322,"Gene0218"
46.2748018050066,0.0637739024566341,0.279463605006088,0.22820110137506,0.819489905254772,0.993862929817308,"Gene0219"
8.91197848713064,0.458687339952189,0.359862448599021,1.27461851531857,0.20244430076236,0.918114742686438,"Gene0220"
87.4191173040782,0.315161168605801,0.244455936590689,1.28923507852255,0.197316373323656,0.908245676978855,"Gene0221"
31.4669798712421,-0.0720189315419648,0.225587918104158,-0.319249949851979,0.749536982544607,0.99333153611013,"Gene0222"
26.46881467405,0.129473456727237,0.316530985019515,0.409038807746591,0.682511181774654,0.992240177738971,"Gene0223"
12.7221167871481,-0.107096529518707,0.329782938971603,-0.32474854476304,0.745371390765057,0.99333153611013,"Gene0224"
86.1729550803618,-0.478087397877326,0.258084747178818,-1.85244344388192,0.0639621717660987,0.7415903972881,"Gene0225"
48.9616893076063,-0.208705945150414,0.253255042551858,-0.82409393727147,0.409886184738173,0.985948027515532,"Gene0226"
90.8343717368433,0.349404067513324,0.235346722887061,1.48463536363324,0.137640442340744,0.860252764629652,"Gene0227"
41.2424310735855,0.278301311296786,0.237053046376192,1.17400436548339,0.240393277058245,0.92910568183392,"Gene0228"
22.8961007557243,-0.134868291104005,0.284061966721404,-0.474784754399303,0.634940400601955,0.989592197216116,"Gene0229"
216.022746753273,-0.314480603633046,0.230244213621493,-1.3658567079129,0.171983943195786,0.884104075288354,"Gene0230"
33.2379161202173,-0.480058046156395,0.299750493177236,-1.60152545895078,0.109260585819045,0.803386660434153,"Gene0231"
174.52476645321,0.072701801812832,0.236186668235277,0.307815010711824,0.758223098917875,0.99333153611013,"Gene0232"
14.1733760402801,-0.045889931090118,0.312923279051947,-0.146649144253982,0.88340896148293,0.995069104386573,"Gene0233"
31.4475997121799,-0.601191004247057,0.274129525206475,-2.19309103532076,0.0283008207883038,0.557651641148844,"Gene0234"
35.2107461957087,0.386364241899847,0.285898503863289,1.35140351096275,0.176566209742289,0.884104075288354,"Gene0235"
35.6115044290234,-0.374263267544497,0.291517641874128,-1.28384431603661,0.19919643405895,0.913256195544379,"Gene0236"
277.20980091868,-0.119733731827202,0.306192412221148,-0.391040819590016,0.695767063618551,0.992240177738971,"Gene0237"
50.4625603287135,0.353650483407445,0.328432727493005,1.07678210422856,0.281577622077196,0.956043291201446,"Gene0238"
75.2709418574959,-0.244582547504904,0.221038879184998,-1.10651369753011,0.26850423863575,0.940754283589288,"Gene0239"
18.0445886338892,0.334537438457168,0.291672826234101,1.1469612811605,0.251397623544993,0.939142459455892,"Gene0240"
22.4640606564491,0.0748385544835101,0.28665697135663,0.261073554671739,0.794035784951136,0.99333153611013,"Gene0241"
204.172648666627,0.212803316619508,0.242251785160846,0.878438590156164,0.379705749942002,0.985240646476599,"Gene0242"
282.047035348327,-0.0170896748560645,0.264585547617584,-0.0645903565404294,0.948500163043263,0.996539932531957,"Gene0243"
216.870496897457,-0.381828713194844,0.268060575862929,-1.42441204554485,0.154327229341304,0.872600384978322,"Gene0244"
10.4229027898673,-0.269419164443209,0.361328919556949,-0.745634101952213,0.455888476737066,0.985948027515532,"Gene0245"
568.66110962541,0.225183218021307,0.284336286269276,0.791960888903398,0.428383481656163,0.985948027515532,"Gene0246"
160.00731426661,0.246241495301591,0.282082367828026,0.872941819077872,0.38269479073151,0.985240646476599,"Gene0247"
58.668706010033,-0.149228390370046,0.254865110394226,-0.585519101218753,0.558198726801888,0.989592197216116,"Gene0248"
123.0396009261,0.189957603826224,0.206231069847135,0.92109110410486,0.357002864312783,0.97219299808852,"Gene0249"
16.7283908027823,-0.5264646833752,0.288996293045543,-1.82170047175046,0.068500446352103,0.770831530378711,"Gene0250"
14.0039934690747,0.213192893295025,0.290643709166866,0.733519723878232,0.463241502447646,0.985948027515532,"Gene0251"
60.1335401551224,-0.0809138108054034,0.304751394185695,-0.265507598485669,0.79061845710687,0.99333153611013,"Gene0252"
13.2888208335687,-0.0395712783794838,0.350279883454288,-0.112970456622434,0.910053977441043,0.995069104386573,"Gene0253"
65.107359493747,0.357484894484355,0.254713545841172,1.40347814366837,0.160474305031448,0.876928227579774,"Gene0254"
223.459267888839,0.41098890028886,0.294305509516213,1.39647029022479,0.162572921174958,0.878772546891662,"Gene0255"
16.129351259123,0.021907779971164,0.30678139828958,0.0714116960588484,0.943070101267409,0.995069104386573,"Gene0256"
22.7456542086424,0.459647304808729,0.301797169901332,1.52303384739825,0.127750237543687,0.844629669710328,"Gene0257"
46.6584260663137,0.211863101151276,0.327699158270052,0.646517074592798,0.517944542889999,0.989592197216116,"Gene0258"
16.4843423944794,-0.448284190814462,0.326763519912871,-1.37189179175813,0.170097126039592,0.884104075288354,"Gene0259"
35.1068973546452,-0.405095865919064,0.282116610311364,-1.43591639454328,0.151026132789899,0.872600384978322,"Gene0260"
148.409454141056,0.213397144747477,0.214919771744234,0.992915370305859,0.320751198710514,0.97219299808852,"Gene0261"
152.043793971982,-0.0490035134407653,0.251440390077442,-0.194891176495839,0.845478141884462,0.995069104386573,"Gene0262"
84.953661316695,-0.115012768229287,0.277021074004357,-0.415176963134141,0.678012361680845,0.992240177738971,"Gene0263"
5.52356054154969,0.351204122526623,0.440052930882531,0.798095178737429,0.424815259065005,0.985948027515532,"Gene0264"
48.6312887178852,0.141431150392036,0.24999264145242,0.565741253703875,0.571569686891705,0.989592197216116,"Gene0265"
182.218867963791,0.140438936711677,0.235948722349413,0.595209566355281,0.551703396513832,0.989592197216116,"Gene0266"
136.999065968645,-0.590579137896063,0.274693684450067,-2.14995528229342,0.0315587521265326,0.594732504248649,"Gene0267"
39.9676553343477,0.0470279514122924,0.288731498153104,0.162877800701035,0.870614649877189,0.995069104386573,"Gene0268"
1.76074082347098,0.929194501286525,0.680211692102323,1.36603723822311,0.171927275643932,0.884104075288354,"Gene0269"
57.5766144517198,-0.323179370614765,0.251690286216171,-1.28403592952806,0.199129384112799,0.913256195544379,"Gene0270"
101.102299357241,0.5728425781374,0.300343608042307,1.90729072568346,0.0564829505118343,0.711042928951798,"Gene0271"
64.2848356442933,-0.221065647080874,0.282382876084589,-0.782857835241586,0.433710600343853,0.985948027515532,"Gene0272"
61.1505294884193,0.0255676854883847,0.257675706959314,0.0992242760875468,0.92096020043769,0.995069104386573,"Gene0273"
99.4560117472736,-0.124155884971715,0.301656986629482,-0.411579676502612,0.680647530453989,0.992240177738971,"Gene0274"
40.1927379209084,-0.108783856210601,0.262193029693381,-0.414899878680287,0.678215198649554,0.992240177738971,"Gene0275"
272.170261308199,0.222352813995398,0.237259421591673,0.937171693767638,0.348670247669549,0.97219299808852,"Gene0276"
104.783779059363,0.239746159315416,0.274949287377293,0.871965014357103,0.383227463829478,0.985240646476599,"Gene0277"
12.9121317568982,0.20400978519471,0.324026112898308,0.629609087273582,0.528950376609078,0.989592197216116,"Gene0278"
263.082207733927,0.288022038235965,0.293966204904231,0.979779421684875,0.327195012066817,0.97219299808852,"Gene0279"
205.66112067672,0.281114633791639,0.219022506939377,1.28349655804756,0.199318164677561,0.913256195544379,"Gene0280"
133.114257800506,0.00598103654860489,0.273143745403834,0.0218970291256793,0.98253009462236,0.999979708961714,"Gene0281"
6.85509622463846,0.0762809075656478,0.37520838285264,0.203302780672698,0.838898382250983,0.993862929817308,"Gene0282"
27.0251242683073,0.633031682611462,0.316403444040476,2.00071046802664,0.0454236006716087,0.679324331631073,"Gene0283"
115.631305276881,-0.0962454829580606,0.261907729257775,-0.367478589619376,0.713262059416355,0.992240177738971,"Gene0284"
64.0883553135028,-0.450532216585295,0.341775863556215,-1.31820957716984,0.187433500384405,0.888310428362108,"Gene0285"
88.3154365998888,0.321098100337868,0.245609857881069,1.30735021431165,0.191093797482757,0.897421272206798,"Gene0286"
1001.33134164354,-0.221135351364791,0.261182511875637,-0.84666982401213,0.397179182917352,0.985362226687973,"Gene0287"
18.0329904338886,-0.209839804017657,0.315372110088541,-0.665372102684491,0.505812523637364,0.989592197216116,"Gene0288"
3.14496301360337,0.68127896825836,0.500628286427411,1.3608479319459,0.173561750874138,0.884104075288354,"Gene0289"
70.4014776755807,0.0873331760021335,0.237133313272159,0.368287250732675,0.712659057945583,0.992240177738971,"Gene0290"
25.029274982426,-0.42605263596257,0.283760441985266,-1.50145183374324,0.133238735840959,0.85276578458901,"Gene0291"
91.8840025326379,0.0291266810403817,0.306621358589004,0.094992342263486,0.924320909404401,0.995069104386573,"Gene0292"
20.3720776705583,0.00173730140173248,0.310140881854946,0.00560165235663779,0.995530551443771,0.999979708961714,"Gene0293"
835.423448367312,0.231352438734057,0.23228050716405,0.996004535889286,0.3192479413001,0.97219299808852,"Gene0294"
45.5746798055689,-0.583121454557937,0.268201542693643,-2.17419127683399,0.0296907732198868,0.579332160388035,"Gene0295"
30.7844957186011,-0.15547736538629,0.276815108952076,-0.561665026070551,0.574344267271024,0.989592197216116,"Gene0296"
40.6796303994793,0.132336804481298,0.274739910334142,0.481680307460058,0.630033067379669,0.989592197216116,"Gene0297"
150.194339045812,-0.172855728411061,0.299037424778294,-0.578040452760105,0.563236808224846,0.989592197216116,"Gene0298"
56.4010413937138,-0.101036535553819,0.286099791428466,-0.353151377878866,0.7239749571268,0.99333153611013,"Gene0299"
9.14830339137344,0.251813296156893,0.374383322197634,0.672608209892328,0.501196577267726,0.989592197216116,"Gene0300"
58.4159108430537,0.293139354758505,0.314821682330182,0.931128226584669,0.351787239137903,0.97219299808852,"Gene0301"
129.183482125991,0.100297019864603,0.270922793035775,0.3702051744733,0.711229621392142,0.992240177738971,"Gene0302"
57.3056782830065,-0.041079583933684,0.271109124577259,-0.151524165768081,0.879562249390908,0.995069104386573,"Gene0303"
130.909372723777,-0.229395367127701,0.408657705769622,-0.561338655527572,0.5745666944709,0.989592197216116,"Gene0304"
41.2883020415635,0.19359009911809,0.253468848066269,0.763762886820222,0.44500855722504,0.985948027515532,"Gene0305"
51.5870742463167,-0.0366031823769261,0.288786559085503,-0.126748220183228,0.899139679389982,0.995069104386573,"Gene0306"
108.604799270163,0.307190645418172,0.276280882754274,1.11187803642349,0.26619059334077,0.939142459455892,"Gene0307"
169.475039268795,-0.474701700101617,0.261573269125927,-1.8147943850986,0.0695555136144968,0.772193421375786,"Gene0308"
14.9090640737763,0.693703335397991,0.30494603555783,2.27483965852849,0.0229155502171378,0.487269092897034,"Gene0309"
61.2016179326158,0.440512742557324,0.260203091755101,1.69295737258929,0.0904635814250048,0.772573314719356,"Gene0310"
46.9758614561474,-0.345057496998895,0.261013765912841,-1.32198964982605,0.186171597477328,0.888310428362108,"Gene0311"
20.6163566568555,0.35906633236257,0.265378777421807,1.35303333541194,0.176044980997363,0.884104075288354,"Gene0312"
14.4796792799591,0.136208732923918,0.324999331502861,0.419104655674404,0.675139648327146,0.992240177738971,"Gene0313"
25.3891879909603,-0.253298845986324,0.25372836118884,-0.998307184894493,0.318130424654565,0.97219299808852,"Gene0314"
93.8934426818631,-0.131810695985879,0.330799422066966,-0.398461083040211,0.690290339597311,0.992240177738971,"Gene0315"
34.2927335337006,-0.0600158902461948,0.316523326173579,-0.189609691556453,0.84961499222121,0.995069104386573,"Gene0316"
21.5516459296447,-0.240168181228174,0.285982283639681,-0.839800907145599,0.401020024754006,0.985948027515532,"Gene0317"
58.5546405552026,-0.580917061603948,0.263768216539173,-2.20237703096299,0.0276386869770715,0.550023621434258,"Gene0318"
13.3948108490659,-0.298293626554034,0.315296697316464,-0.946072791414735,0.344111460349555,0.97219299808852,"Gene0319"
187.181736268883,-0.462797635814098,0.26906142353959,-1.7200445523771,0.0854243434310211,0.772573314719356,"Gene0320"
26.3155092576311,0.538430961194736,0.272307693287996,1.97728883342743,0.0480089911663951,0.685085529328067,"Gene0321"
69.1903203925655,0.129530109692655,0.248842971698244,0.520529508262453,0.602694566585884,0.989592197216116,"Gene0322"
59.8947442564478,-0.0499630471265734,0.243106681445454,-0.205519020824542,0.837166638797085,0.993862929817308,"Gene0323"
66.6894378230555,-0.0539204634737351,0.261661093817466,-0.206069854280093,0.836736346187392,0.993862929817308,"Gene0324"
440.614413807833,0.275989986574423,0.25683373610943,1.07458619243397,0.282560036384451,0.956043291201446,"Gene0325"
18.8843589212262,-0.539900128132905,0.306898514300591,-1.75921388659478,0.0785411864776183,0.772573314719356,"Gene0326"
222.519769888547,-0.175271284234638,0.224847945162875,-0.779510277968856,0.435679185535221,0.985948027515532,"Gene0327"
50.8381644338771,-0.0776697983313027,0.276744124609534,-0.280655636107503,0.778974538820232,0.99333153611013,"Gene0328"
21.3382222882609,0.514764833002186,0.304211352258272,1.69212893989951,0.0906213916372799,0.772573314719356,"Gene0329"
53.5771334571234,0.348786398319608,0.243218779240161,1.43404386540073,0.151559745382742,0.872600384978322,"Gene0330"
162.654327146791,-0.0835089861095075,0.310000290898207,-0.26938357337519,0.78763452565256,0.99333153611013,"Gene0331"
33.7158723430163,0.788368189352403,0.258262741446675,3.05258197499302,0.00226881752422542,0.100836334410019,"Gene0332"
21.0676514113278,-0.0624968602221943,0.281005860972495,-0.222404116433399,0.823999307614127,0.993862929817308,"Gene0333"
60.4916733100153,0.29175960383026,0.234440515912788,1.24449309751048,0.21331813819835,0.919858845236042,"Gene0334"
139.00748230485,-0.291015152747546,0.246054198124605,-1.18272785006567,0.236917022966822,0.92910568183392,"Gene0335"
46.5233292102699,0.481062368066441,0.24231977615553,1.98523775359414,0.0471180257607134,0.685085529328067,"Gene0336"
10.3589948126815,-0.633518735437311,0.395284085201143,-1.60269223870964,0.109002617896814,0.80296587769292,"Gene0337"
11.2558831537279,-0.659604624999651,0.379130647458622,-1.73978186522534,0.0818973279793796,0.772573314719356,"Gene0338"
19.0998710016172,-0.432352047936072,0.286901082678543,-1.50697252132889,0.131817700771202,0.851547482013261,"Gene0339"
27.2562062186701,-0.516281027300735,0.254261428717975,-2.03051257087597,0.0423044646812099,0.658435247956574,"Gene0340"
58.4201717015197,0.3395861793424,0.240587712562225,1.41148596379198,0.158101371462872,0.875907875140568,"Gene0341"
121.079004554085,0.15478462399682,0.247740462340901,0.624785400552896,0.532111913867049,0.989592197216116,"Gene0342"
37.5231024308456,0.006340629706757,0.279985170969068,0.0226463054625757,0.981932406868418,0.999979708961714,"Gene0343"
15.2246653540405,-0.449851052354779,0.324506738418674,-1.38626105130177,0.165667205315719,0.884104075288354,"Gene0344"
112.900074006454,-0.311087154162205,0.23575989846297,-1.31950834807077,0.186999221094144,0.888310428362108,"Gene0345"
73.3959086082966,0.597477245590454,0.206557896423244,2.89254129682945,0.00382138941368828,0.144203374101445,"Gene0346"
246.232370043307,-0.148326638579057,0.193713482124673,-0.765701163141524,0.4438541348262,0.985948027515532,"Gene0347"
6.29074066543083,-0.444267513267925,0.392918559906067,-1.13068599603474,0.25818727760331,0.939142459455892,"Gene0348"
55.7272959328614,-0.319760941768361,0.283141677893734,-1.12933194486603,0.258757829866979,0.939142459455892,"Gene0349"
305.78301698951,0.242218487250974,0.314722982532364,0.76962440207577,0.441522725649939,0.985948027515532,"Gene0350"
120.616504768284,-0.322142432797146,0.248330164344708,-1.29723440423443,0.194550546439483,0.900696974256867,"Gene0351"
18.5152347149441,-0.0722249182271613,0.281810798541117,-0.256288682339557,0.797727935675553,0.99333153611013,"Gene0352"
109.462192515064,-0.362774707329472,0.295697811139922,-1.22684272139509,0.219881710335836,0.919858845236042,"Gene0353"
17.506328818609,-0.636841052148504,0.340891618425076,-1.86816283454172,0.0617393774145339,0.726552923855624,"Gene0354"
37.93872612183,0.371660904135527,0.288162244524538,1.28976266390748,0.197133074872504,0.908245676978855,"Gene0355"
232.411522999378,-0.140275329729422,0.198336501693195,-0.707259271651436,0.479405370769933,0.988464681999861,"Gene0356"
38.454012996428,-0.820819549941826,0.297035919113785,-2.76336798724802,0.00572082287830455,0.194638854132387,"Gene0357"
128.524313031203,0.0908650763492441,0.217075634953362,0.418587172939819,0.675517865608795,0.992240177738971,"Gene0358"
39.4609691626343,-0.615932630785965,0.265018623637512,-2.3241107448676,0.0201195593139528,0.452983493087253,"Gene0359"
8.00476896682099,0.000536654145161253,0.383852844346718,0.00139807260273032,0.998884499818794,0.999979708961714,"Gene0360"
19.5479055730219,0.324630830471416,0.352375870123344,0.921262941068535,0.356913164270955,0.97219299808852,"Gene0361"
15.1975570486508,0.500999811368148,0.288451157965843,1.73686184829764,0.0824115589990975,0.772573314719356,"Gene0362"
19.9908113380008,-1.24077216770448,0.258269334760806,-4.80417920638394,1.55387611462638e-06,8.51438966918564e-05,"Gene0363"
40.9459443731204,0.138978745583583,0.259206796216064,0.536169373690866,0.591841497929766,0.989592197216116,"Gene0364"
38.9659666989512,-0.339387153138682,0.273406979260886,-1.24132585808952,0.214485396017279,0.919858845236042,"Gene0365"
33.248902950725,-0.169998302675171,0.307175939599816,-0.553423236522503,0.579973631252371,0.989592197216116,"Gene0366"
597.28208528434,-0.435720249427271,0.252139590153331,-1.7280913686038,0.083971844729116,0.772573314719356,"Gene0367"
8.4858789214985,0.208123824976804,0.340804225870687,0.610684402298971,0.541408534048372,0.989592197216116,"Gene0368"
34.3325605136206,-0.278528136919055,0.286371047161294,-0.972612768225059,0.330745794356237,0.97219299808852,"Gene0369"
77.0394686098973,0.156663524080067,0.287068308827249,0.545736047005953,0.585247389676033,0.989592197216116,"Gene0370"
389.70359332377,0.393515722727687,0.256593358185898,1.53361616804824,0.125124108380434,0.838352484961034,"Gene0371"
67.0333965371593,-0.0474343618163779,0.25650293056701,-0.18492717300158,0.853286157590126,0.995069104386573,"Gene0372"
199.638784324116,-0.544371734752063,0.217495574785483,-2.5029094743145,0.0123177045612459,0.335175634319615,"Gene0373"
8.49169132254004,0.543748369678995,0.344350544734826,1.57905476844162,0.114323495268434,0.815371191858224,"Gene0374"
296.065227928864,0.394192191579024,0.285414438406628,1.38112211063906,0.167241418244479,0.884104075288354,"Gene0375"
22.5096365151493,0.0828345657717842,0.296210369131865,0.279647758498651,0.779747762322572,0.99333153611013,"Gene0376"
40.0787623149159,0.118984746570304,0.259590741553803,0.458355124139291,0.646697326702379,0.990448176597679,"Gene0377"
14.2340602087322,0.435867857247157,0.32165604133099,1.35507436901719,0.175393863897822,0.884104075288354,"Gene0378"
66.4630806124268,-0.027406068880017,0.222820632544167,-0.122996100348044,0.902110185992022,0.995069104386573,"Gene0379"
471.351693678042,-0.147729595272002,0.256170600205385,-0.576684424963519,0.564152655728989,0.989592197216116,"Gene0380"
910.359818409831,-0.580767074746373,0.249964491726735,-2.32339829843223,0.0201577654423827,0.452983493087253,"Gene0381"
17.6909199334295,0.178783296614302,0.289657865927214,0.617222308263596,0.537088103325088,0.989592197216116,"Gene0382"
94.2223942931248,-0.0653630028874362,0.24385219881094,-0.268043524750468,0.788665816216499,0.99333153611013,"Gene0383"
252.969079927868,-0.454186571599453,0.195456583740849,-2.3237210172549,0.0201404512704897,0.452983493087253,"Gene0384"
49.7696070176065,0.159972179908959,0.274674014041308,0.582407405619742,0.560292294466255,0.989592197216116,"Gene0385"
45.3450257564919,-0.0396923478257211,0.241900969594878,-0.164085112565674,0.869664141417045,0.995069104386573,"Gene0386"
33.6886578181964,0.116957500434672,0.272021013934899,0.429957593138972,0.667226489376373,0.992240177738971,"Gene0387"
105.297275656274,-0.131812115044753,0.27168690047599,-0.485161834500746,0.62756155244441,0.989592197216116,"Gene0388"
238.929767973756,-0.0274371943748372,0.297559118029249,-0.0922075403252816,0.926533147256736,0.995069104386573,"Gene0389"
132.877894322529,0.297750646767062,0.224106540881557,1.32861203245481,0.183976000263472,0.88770084566211,"Gene0390"
82.476156745246,-0.334607576920044,0.274279296834298,-1.21995200068707,0.222483071311159,0.919858845236042,"Gene0391"
34.8323841662472,0.168761206468826,0.304565416215499,0.554104955729502,0.579507018751811,0.989592197216116,"Gene0392"
87.8872789397082,-0.199804502081561,0.203616235881441,-0.981279814041452,0.326454774329,0.97219299808852,"Gene0393"
25.3163601495025,0.339928008603591,0.287732596899627,1.18140249754939,0.237442866336398,0.92910568183392,"Gene0394"
37.4737872334676,0.0309142855043845,0.282198617599014,0.10954796932532,0.912767876656575,0.995069104386573,"Gene0395"
182.013294538989,-0.344067022147827,0.258695140964127,-1.33000960460846,0.183515106799847,0.88770084566211,"Gene0396"
90.1927161810192,-0.0106507383086763,0.24844787303979,-0.0428691064180313,0.965805875608243,0.998072792424686,"Gene0397"
72.7581514725417,-0.319487628437586,0.238822470221712,-1.33776201268243,0.180974028704955,0.88770084566211,"Gene0398"
37.1753779711579,-0.537571075159599,0.268183370590106,-2.00449071087718,0.0450175209852684,0.676955202785991,"Gene0399"
154.617546590883,0.0381231388500575,0.251903732850018,0.151340110838119,0.879707429781925,0.995069104386573,"Gene0400"
297.355121184575,0.330314853447269,0.192863403212908,1.71268808879528,0.0867699376145185,0.772573314719356,"Gene0401"
19.1756852439452,0.348694349170319,0.325608260417918,1.07090142222673,0.284213756324286,0.956043291201446,"Gene0402"
49.2012753099891,-0.305513159164345,0.288696512937461,-1.05825025753091,0.289941364136323,0.956043291201446,"Gene0403"
73.8440086056927,-0.036121048258098,0.230718544353808,-0.156558929232434,0.875592473018184,0.995069104386573,"Gene0404"
29.6323645204177,0.0922422034600857,0.239268716903185,0.385517190270259,0.699854272878429,0.992240177738971,"Gene0405"
18.2348070974077,0.0119685175152023,0.274895291488383,0.0435384594999805,0.965272307331259,0.998072792424686,"Gene0406"
57.3272435548477,0.021841556795159,0.281972659074005,0.0774598390740663,0.938257739020525,0.995069104386573,"Gene0407"
126.064181897023,-0.661878642488785,0.232943685027879,-2.84136761384869,0.00449204981918616,0.161875669159862,"Gene0408"
266.395909213205,-0.565876582096011,0.279559749253155,-2.02417044516513,0.0429526173972502,0.663748807225149,"Gene0409"
4.97340240426672,0.353885078814459,0.442864360146482,0.799082316530072,0.424242682607949,0.985948027515532,"Gene0410"
23.8603995992556,0.581374849400974,0.284604723943889,2.04274490368471,0.0410776972045252,0.649891973365859,"Gene0411"
33.7836237523981,-0.400971144085637,0.295964202741542,-1.35479608807892,0.175482533319038,0.884104075288354,"Gene0412"
6.78601468878699,0.0534155327453519,0.403960050869892,0.13222974061501,0.894802578045929,0.995069104386573,"Gene0413"
22.5133985950016,-0.308642282448407,0.307681933440546,-1.00312123951225,0.315802367998463,0.97219299808852,"Gene0414"
11.310578996943,-2.62750046833012,0.377483507188554,-6.96057024557015,3.38898124896372e-12,2.2976144060771e-10,"Gene0415"
19.3857871792012,0.00229052678405034,0.277705712830805,0.0082480362420411,0.993419093842237,0.999979708961714,"Gene0416"
3.57455441125477,0.147050335631267,0.469537230944464,0.313181417659848,0.754142835375797,0.99333153611013,"Gene0417"
72.5902020399507,-0.124060506720217,0.312827610281562,-0.39657786794636,0.691678775867965,0.992240177738971,"Gene0418"
24.3515209772318,-0.0995253310147105,0.333254467131618,-0.298646652425527,0.765209665444435,0.99333153611013,"Gene0419"
339.383465670785,0.064475687889292,0.264603810039273,0.243668781185435,0.807487353676233,0.993862929817308,"Gene0420"
149.122730142488,-0.0635898461828295,0.309554435596752,-0.20542379262065,0.83724103281653,0.993862929817308,"Gene0421"
8.41126144886589,-0.308003724069499,0.381834289582047,-0.806642390359015,0.419872543777663,0.985948027515532,"Gene0422"
62.5458841226894,0.264707259304492,0.248089034465328,1.06698492287246,0.285978644299785,0.956043291201446,"Gene0423"
27.0096707047418,-0.127648153067,0.245266228405479,-0.520447327366937,0.602751830886922,0.989592197216116,"Gene0424"
136.76542241125,0.053776011665882,0.260728090797985,0.206253233018717,0.836593107700863,0.993862929817308,"Gene0425"
35.1991556799023,-2.58393791615553,0.258619466766516,-9.99127385290116,1.66429049398798e-23,2.56044691382766e-21,"Gene0426"
25.0769971654935,-0.505412168419533,0.326382556761359,-1.54852689872479,0.121495490662713,0.834526298610789,"Gene0427"
233.120638697768,2.09020543039097,0.192153157357148,10.8778094471067,1.4705440657786e-27,3.09588224374442e-25,"Gene0428"
60.166023945083,0.0281152440077391,0.278210889400087,0.101057309684623,0.919504966430669,0.995069104386573,"Gene0429"
42.7790378594358,0.182191681025257,0.256659129742708,0.709858563020524,0.477791848563942,0.987683407884118,"Gene0430"
600.713732826318,-0.0363272841014169,0.255303501723564,-0.142290582996982,0.886850484522833,0.995069104386573,"Gene0431"
22.4397864475667,0.156972707193039,0.275391130890918,0.569999137899673,0.568678282811155,0.989592197216116,"Gene0432"
24.6534028124473,0.235229793664981,0.270921917807019,0.868256786195266,0.385253773407882,0.985240646476599,"Gene0433"
8.46862253553276,-0.453374279874765,0.362684139414885,-1.25005267836137,0.211280304658225,0.919858845236042,"Gene0434"
54.0209189781644,-0.394043315473809,0.245540572714258,-1.60479920331687,0.108538001373061,0.802499085937603,"Gene0435"
139.161396592704,0.0646409201761511,0.227859901470896,0.283687124232376,0.776650162902995,0.99333153611013,"Gene0436"
4.72838747829692,0.374256294601874,0.423651683324274,0.883405659255714,0.377017134192328,0.985240646476599,"Gene0437"
38.5443532045163,-0.146235825101642,0.28726169351112,-0.509068310898824,0.610704343051336,0.989592197216116,"Gene0438"
13.4574435906081,0.156412034539823,0.329731012574406,0.474362521494782,0.635241414260493,0.989592197216116,"Gene0439"
287.60928993568,-0.00571597377732666,0.231889149919211,-0.0246495956335951,0.980334459706205,0.999979708961714,"Gene0440"
245.282771108974,0.0123920406505969,0.271199172977237,0.0456935045728808,0.963554541003604,0.998072792424686,"Gene0441"
68.862460858284,-0.434829775409252,0.246916228045483,-1.76104170572844,0.0782313443769822,0.772573314719356,"Gene0442"
262.387303894854,0.0149119546062899,0.32600894370733,0.0457409371556288,0.963516734807495,0.998072792424686,"Gene0443"
18.9761455028552,-0.396477473548509,0.292311489548534,-1.35635268446292,0.174986980133525,0.884104075288354,"Gene0444"
99.8418948253758,-1.96896979446547,0.201812634301782,-9.75642482086211,1.73151903657381e-22,2.47359862367687e-20,"Gene0445"
24.7083326883676,-0.0104596147822672,0.287918454591675,-0.0363283930413596,0.971020510504232,0.999979708961714,"Gene0446"
74.2090455270982,0.258233178345412,0.269469378995099,0.958302495476154,0.337910245829852,0.97219299808852,"Gene0447"
46.0395561013623,0.155066690585064,0.314622319980475,0.492866146923991,0.622107168651085,0.989592197216116,"Gene0448"
39.273163329291,-0.025315666703379,0.265405299000075,-0.0953849331522648,0.924009083112261,0.995069104386573,"Gene0449"
102.923191610222,-0.0534733605592411,0.303198204854839,-0.176364370576806,0.860007694042867,0.995069104386573,"Gene0450"
12.0512486073428,-0.600091706625939,0.31941507099901,-1.87872070265526,0.0602826394741798,0.71979271013946,"Gene0451"
39.3704623611455,0.28017317180215,0.326895403939854,0.857072838667685,0.391404631003773,0.985240646476599,"Gene0452"
67.1890848227995,-0.359469867107226,0.254451268782405,-1.41272577978233,0.157736368501402,0.87554390210658,"Gene0453"
28.5616358538763,0.0275514954176304,0.269839331081449,0.102103334258986,0.918674654492476,0.995069104386573,"Gene0454"
68.8768801295113,-0.152501074669996,0.296133321909388,-0.51497438277702,0.606570921202344,0.989592197216116,"Gene0455"
29.9969056047002,-0.284482348031083,0.286015578306475,-0.994639346973787,0.319911703439005,0.97219299808852,"Gene0456"
354.798618338042,0.366276577669838,0.261875558520665,1.39866652595964,0.161913006691883,0.876928227579774,"Gene0457"
119.133212709995,0.0184673241340275,0.28038339775921,0.0658645422004875,0.947485670483378,0.996539932531957,"Gene0458"
2059.8118674208,-0.0949354887259564,0.23776651985388,-0.399280305672554,0.689686676902462,0.992240177738971,"Gene0459"
21.6286837471506,0.106343628464456,0.267202383278006,0.397989071653649,0.690638241357913,0.992240177738971,"Gene0460"
149.570428345555,0.523432067071519,0.219774427516765,2.38167867383748,0.0172339280205373,0.417792194437268,"Gene0461"
650.717976147435,-0.488709065860971,0.264071253333897,-1.85067120972474,0.064216868348365,0.742391541599595,"Gene0462"
72.143137742974,-0.072585064296407,0.291515862674015,-0.248991816879532,0.80336711130305,0.99333153611013,"Gene0463"
16.3764634107522,-0.192213191321301,0.343163572469245,-0.560121197999614,0.575396772368855,0.989592197216116,"Gene0464"
15.5859443941227,0.193510897693955,0.309482776693887,0.625271944891973,0.531792589868472,0.989592197216116,"Gene0465"
54.5167068098559,-0.070902861656175,0.306597630149293,-0.231257044034065,0.817115116084663,0.993862929817308,"Gene0466"
245.187999315706,0.232026236703602,0.238485953631636,0.972913637764969,0.330596226336456,0.97219299808852,"Gene0467"
126.286321648859,0.0756657712313192,0.253554867212087,0.298419715082923,0.765382843722011,0.99333153611013,"Gene0468"
3.57319117892405,0.446126541339224,0.527736753471081,0.84535810402614,0.397910928826266,0.985362226687973,"Gene0469"
20.1464100894333,0.38225445922839,0.338251345581731,1.13008998846991,0.258438307867067,0.939142459455892,"Gene0470"
52.117976194905,-0.00207482525850255,0.286324568326016,-0.00724641015136399,0.994218251819402,0.999979708961714,"Gene0471"
9.75303729190687,-0.412954575255289,0.343789999393908,-1.20118262888192,0.22968036623099,0.92530269404883,"Gene0472"
109.39136719095,-0.11207881390222,0.262532335987485,-0.426914320785089,0.669441734397422,0.992240177738971,"Gene0473"
2.54054651058888,0.278546331452859,0.561090235987878,0.496437673634507,0.619585650542658,0.989592197216116,"Gene0474"
64.3459198636193,-0.0726602706518516,0.30850540121076,-0.235523496077181,0.813802444464782,0.993862929817308,"Gene0475"
31.9200279577281,-0.278114741608721,0.246703175084693,-1.12732534355605,0.259604950923089,0.939142459455892,"Gene0476"
32.5000719919927,0.841753522974323,0.269777973242044,3.12017142414776,0.00180745820079787,0.0821571909453576,"Gene0477"
35.4643030392921,0.0347205073327926,0.27937215119505,0.124280488174183,0.901093195700623,0.995069104386573,"Gene0478"
66.5271790454191,-0.15389852156335,0.289237045236464,-0.532084406537658,0.594667536889952,0.989592197216116,"Gene0479"
81.8164521304326,0.0814744324321645,0.299025434136803,0.272466563479314,0.785263297513369,0.99333153611013,"Gene0480"
42.4156315346185,-0.156842414077719,0.246094006606179,-0.637327240271689,0.523911710982006,0.989592197216116,"Gene0481"
5.62397409596189,0.0335872759273052,0.462230206060737,0.0726635245531571,0.942073874977334,0.995069104386573,"Gene0482"
9.50613961717162,-0.0516516039242388,0.385989538003259,-0.133816072299355,0.893548017646965,0.995069104386573,"Gene0483"
9.20319128605871,-0.53417582836443,0.393209136677455,-1.35850309298028,0.174304101816383,0.884104075288354,"Gene0484"
130.580642224053,-0.116952013885769,0.271590940562971,-0.430618243905131,0.666745973559842,0.992240177738971,"Gene0485"
40.4803419400618,-0.183030236225137,0.291954269681637,-0.626914058919993,0.530715571117135,0.989592197216116,"Gene0486"
69.7912927879143,-0.311345190716708,0.304122634566876,-1.02374882803484,0.305953925985813,0.971869472338305,"Gene0487"
7.6315542052464,-0.225931789346348,0.384711338718134,-0.587276138257733,0.557018264233788,0.989592197216116,"Gene0488"
31.622767480867,0.222803000514726,0.232837146088972,0.956904876464982,0.338615269651888,0.97219299808852,"Gene0489"
115.632462079833,0.289604663311859,0.246404404687002,1.17532259084302,0.239865679803311,0.92910568183392,"Gene0490"
41.3086319608679,-0.0127375673174303,0.273189698491396,-0.0466253573534048,0.962811821758929,0.998072792424686,"Gene0491"
43.2903657614873,-0.075745479591283,0.330349548289473,-0.229288885011309,0.818644391861746,0.993862929817308,"Gene0492"
51.0214071842025,-0.0234021277036268,0.251705908687803,-0.0929740895858472,0.925924145558236,0.995069104386573,"Gene0493"
247.803561475944,0.0492126177791389,0.28765418349545,0.171082572765424,0.864158838761756,0.995069104386573,"Gene0494"
26.6883822501919,-0.0162268820373762,0.296275074505749,-0.0547696496725084,0.956321980148373,0.997727678819377,"Gene0495"
115.715659806042,-0.0088079943939964,0.304906633635481,-0.0288875131674781,0.976954304515906,0.999979708961714,"Gene0496"
158.198824423539,-0.0635370658588266,0.249110010700775,-0.255056252777998,0.798679652118418,0.99333153611013,"Gene0497"
11.4952862529217,0.125413381262359,0.363596055984427,0.34492503204636,0.730150731302466,0.99333153611013,"Gene0498"
58.4728976905254,-0.251635987949067,0.264797101024252,-0.950297367213325,0.341961176292355,0.97219299808852,"Gene0499"
55.824829935669,0.0863702062468563,0.265961667178865,0.324746822213182,0.745372694565982,0.99333153611013,"Gene0500"
185.334561875807,-0.399998185047768,0.231562792357305,-1.72738539285951,0.0840984722173548,0.772573314719356,"Gene0501"
178.149348682601,0.00919272470538458,0.213910234420365,0.0429746838915594,0.965721714532417,0.998072792424686,"Gene0502"
57.0507267437064,0.0639664510967206,0.27888775200882,0.229362711829301,0.818587015320009,0.993862929817308,"Gene0503"
63.0919537614108,-0.055304370291453,0.289960527287464,-0.190730686031016,0.848736596024836,0.995069104386573,"Gene0504"
20.0248131102054,-0.0875926681055396,0.286661147279134,-0.305561702159264,0.759938383811668,0.99333153611013,"Gene0505"
45.0712859074527,0.0515794536775976,0.254907168731403,0.20234603025993,0.83964621719967,0.993862929817308,"Gene0506"
14.8411329443449,-0.366515911962389,0.291016577528054,-1.25943310541152,0.207873938158628,0.919858845236042,"Gene0507"
15.0236612491408,0.54294244794032,0.333297675385794,1.62900160438221,0.103312679312026,0.792500650888625,"Gene0508"
13.0349453893432,0.205637649759694,0.335939670307105,0.612126723740922,0.540453917806441,0.989592197216116,"Gene0509"
171.570628517075,-0.243315638401155,0.268146853272901,-0.907396955926704,0.364196918609444,0.979139537995581,"Gene0510"
239.164543049315,0.0616462395124575,0.221495035643439,0.278318831541196,0.780767621501344,0.99333153611013,"Gene0511"
27.9202955846079,0.00933481426460772,0.341636892358452,0.027323788716628,0.9782014832978,0.999979708961714,"Gene0512"
14.8563389701427,0.539252247127393,0.31187418108127,1.72906986162754,0.0837965923831109,0.772573314719356,"Gene0513"
40.2689524905203,0.102291105759704,0.284967003095606,0.358957720186943,0.71962671862371,0.99333153611013,"Gene0514"
838.561981629568,0.684365996198795,0.250312861868257,2.73404247424962,0.00625619735946955,0.210292348217464,"Gene0515"
633.390170964962,0.0820722264423082,0.29138669684653,0.281660855936518,0.778203572136522,0.99333153611013,"Gene0516"
5.08320286027271,-0.482170591786279,0.438440781853883,-1.09973937585708,0.271445693244237,0.944980655332416,"Gene0517"
33.5925818337069,0.0332669007988619,0.256618777433356,0.12963548938854,0.89685482368475,0.995069104386573,"Gene0518"
334.574147687906,0.208030359052123,0.239179220176589,0.869767695113866,0.384427369068752,0.985240646476599,"Gene0519"
48.014025019617,0.141490174820024,0.268001506568437,0.527945445649549,0.597537200994734,0.989592197216116,"Gene0520"
341.763598380489,-0.0806727152431707,0.281996936113941,-0.286076566486434,0.774819479085043,0.99333153611013,"Gene0521"
42.5449759703528,-0.122394823167043,0.278396606582276,-0.439641936263583,0.660196462483726,0.991806639138922,"Gene0522"
115.76015646355,-0.0689088482121994,0.328704692449936,-0.209637555517083,0.8339505658258,0.993862929817308,"Gene0523"
73.6645912647824,0.0306849943645083,0.41422256374347,0.0740785197387549,0.940947907056728,0.995069104386573,"Gene0524"
2066.87539243953,-0.211173653657337,0.254774258681697,-0.828865736868525,0.40718038534237,0.985948027515532,"Gene0525"
163.96869070839,0.252161052952826,0.239764310632913,1.0517038682162,0.292935435722182,0.961193054182653,"Gene0526"
15.0783024339221,-0.192265287755876,0.307128068586152,-0.626010148277752,0.531308284976213,0.989592197216116,"Gene0527"
18.7848974007747,0.115310333380361,0.299974474665336,0.384400484437906,0.700681641524803,0.992240177738971,"Gene0528"
70.5121109600135,0.0813843812694767,0.249873363385349,0.325702508530162,0.74464944610876,0.99333153611013,"Gene0529"
4.66157292890478,0.0388873713715516,0.451526312263569,0.086124264113432,0.931367635311528,0.995069104386573,"Gene0530"
6.13378955079852,-0.0889484556253822,0.431746823017564,-0.206019942436875,0.836775333633935,0.993862929817308,"Gene0531"
12.1748023227308,-0.358137324264832,0.319996155132195,-1.11919258566366,0.263057987834457,0.939142459455892,"Gene0532"
39.1454498504413,-0.123764653863282,0.279546692585777,-0.442733386392347,0.657958590675671,0.991806639138922,"Gene0533"
232.074745635144,-0.152180821642546,0.247650246672423,-0.614498970573777,0.53888565311873,0.989592197216116,"Gene0534"
38.0099873201934,-0.315967605186571,0.342306368568699,-0.923055000430582,0.355978543585665,0.97219299808852,"Gene0535"
63.9491779691954,0.193668165068666,0.273483944990725,0.708151862718061,0.47885095572227,0.988361383204556,"Gene0536"
50.3580768386394,0.0711405527191903,0.275610319876737,0.258120061509333,0.796314249219886,0.99333153611013,"Gene0537"
20.8495959424842,0.169539724688897,0.26371970504708,0.642878485923643,0.520302950357313,0.989592197216116,"Gene0538"
228.282640587886,-0.245440536004127,0.215031826894372,-1.1414149223812,0.253697297775874,0.939142459455892,"Gene0539"
13.4320447551437,0.00226102389276075,0.354818900188744,0.00637233217158953,0.994915648953721,0.999979708961714,"Gene0540"
43.2335212310194,-0.311196220248979,0.271799026285135,-1.14494972444277,0.252229984245126,0.939142459455892,"Gene0541"
33.0334173049456,0.177102884782159,0.309951174956914,0.57138962227447,0.567735562172022,0.989592197216116,"Gene0542"
94.9709648464102,0.400588792053075,0.277921804029084,1.44137230777026,0.149479529336944,0.872600384978322,"Gene0543"
356.843780233496,0.0619669696844174,0.196334099655736,0.315620005862833,0.752290950843322,0.99333153611013,"Gene0544"
95.5047795716567,0.16805293329559,0.272882477571985,0.615843621733677,0.537997734017654,0.989592197216116,"Gene0545"
274.944879183965,0.037810092220064,0.257238998100485,0.14698429281432,0.883144418176958,0.995069104386573,"Gene0546"
127.644120788233,0.0147485487995842,0.26102230193918,0.0565030217342144,0.954941088377022,0.997474787514567,"Gene0547"
27.3650679352125,-0.594730003074915,0.289046709651501,-2.05755673120089,0.0396327037983809,0.643750816250884,"Gene0548"
56.1134675563168,0.226362734737468,0.251584117722967,0.899749701158513,0.368253467355927,0.982158472722792,"Gene0549"
241.235284856612,0.485890060071581,0.257719487753234,1.88534466022539,0.0593833202331318,0.712601215756186,"Gene0550"
9.0890200258587,0.311557352906281,0.356241642926218,0.874567471526086,0.381809293304091,0.985240646476599,"Gene0551"
81.9032664905336,0.612775323514867,0.24722894691386,2.47857433833738,0.01319086204322,0.354117101831408,"Gene0552"
38.913939167508,-0.118027075270573,0.241084451795102,-0.489567346179937,0.624440087827535,0.989592197216116,"Gene0553"
158.510983385173,0.359047432331668,0.256423951539368,1.40021019946159,0.161450382463516,0.876928227579774,"Gene0554"
140.860395585384,-0.007931645504639,0.26115021608031,-0.0303719660802419,0.975770402364863,0.999979708961714,"Gene0555"
75.2809896800468,-0.219085922904872,0.297929827386281,-0.735360822469164,0.462119775092477,0.985948027515532,"Gene0556"
295.445363008272,-0.172115880610496,0.242236958754588,-0.710526921636543,0.477377442363904,0.987683407884118,"Gene0557"
8.68607639846495,0.263317403134393,0.365292743446842,0.720839403076484,0.471008329173523,0.985948027515532,"Gene0558"
149.167108973426,-0.140676462530503,0.26256173457424,-0.535784328050007,0.592107614627421,0.989592197216116,"Gene0559"
8.72375776807813,-0.1164496056255,0.363501566055452,-0.320355169000113,0.748699106072569,0.99333153611013,"Gene0560"
105.634044759526,0.0750311552232252,0.231090176464442,0.324683447696316,0.745420663352871,0.99333153611013,"Gene0561"
55.5009526182801,-0.157329996554458,0.276764495960391,-0.568461630197589,0.56972155248223,0.989592197216116,"Gene0562"
157.477860780111,0.411631305175742,0.236677617696472,1.7392067284691,0.081998406365936,0.772573314719356,"Gene0563"
68.7677627282128,0.38544812105423,0.21194315561156,1.81863915322966,0.0689665003341392,0.77111784453659,"Gene0564"
7.75695488263741,0.229854015508763,0.40105788910747,0.573119297117655,0.566563922239515,0.989592197216116,"Gene0565"
5.63697415825848,-0.0282533251224719,0.409629663869991,-0.0689728494160984,0.945011231045333,0.995497283035214,"Gene0566"
94.5664704978055,-0.279542688707476,0.245984081335864,-1.13642593126094,0.255778348236158,0.939142459455892,"Gene0567"
49.6934208398019,-0.253658287338117,0.275591384212568,-0.920414431905703,0.357356229756935,0.972272680085217,"Gene0568"
15.8689236783147,-2.47094809940331,0.327193467078486,-7.5519481530803,4.28795195785651e-14,3.11851051480474e-12,"Gene0569"
38.400583658426,0.423179880212164,0.335299105398919,1.2620966575759,0.206914007847278,0.919858845236042,"Gene0570"
25.4322742366137,0.0553725865053192,0.267064876535263,0.207337584873344,0.835746223347687,0.993862929817308,"Gene0571"
43.8641836195534,-0.612071941235187,0.318814440476236,-1.91983757172634,0.0548784194296163,0.708108637801501,"Gene0572"
16.420172867335,0.224822582190013,0.36725757529708,0.612165949220109,0.540427967754957,0.989592197216116,"Gene0573"
3.93740411946077,0.137458836000343,0.463084994616706,0.296832844074591,0.766594128999457,0.99333153611013,"Gene0574"
41.117877312489,0.248427481126772,0.274513831011576,0.904972548054585,0.365479930712916,0.980496125319694,"Gene0575"
190.671393569676,-0.151870225787312,0.256925581061061,-0.591105895956772,0.554449469642394,0.989592197216116,"Gene0576"
492.17424813169,-0.159579631512999,0.314030247525427,-0.508166435464398,0.611336627403518,0.989592197216116,"Gene0577"
58.9330254278349,0.114303199878336,0.289483166658631,0.394852665174577,0.692951625063985,0.992240177738971,"Gene0578"
46.9295761630089,-0.14859514730627,0.28646133042023,-0.518726723388061,0.603951323444325,0.989592197216116,"Gene0579"
160.095208465533,-0.020621190535513,0.226290542903797,-0.0911270540558105,0.927391636045136,0.995069104386573,"Gene0580"
60.9382101088693,-0.147209653048046,0.267519473774701,-0.550276400334213,0.582129808396051,0.989592197216116,"Gene0581"
27.9630782800055,-0.385556841436158,0.312487032332506,-1.23383309239502,0.217265105426257,0.919858845236042,"Gene0582"
6.53791495963143,-0.597208278723768,0.661371584909687,-0.902984483080444,0.366534130338016,0.981481251051755,"Gene0583"
10.4169759851636,0.409160032292845,0.37980239793914,1.07729712743522,0.28134754521347,0.956043291201446,"Gene0584"
89.0721696258988,-0.111047680392323,0.24760125031495,-0.448494021137089,0.653796700167585,0.991806639138922,"Gene0585"
10.775739427591,-0.0304743772984278,0.356970331458995,-0.0853694960415175,0.931967643242017,0.995069104386573,"Gene0586"
172.395255123929,-0.018551362243692,0.222235079966981,-0.0834763001702893,0.933472821333515,0.995069104386573,"Gene0587"
9.81633619761428,-0.106713180286015,0.34344054967749,-0.310718056986062,0.756014968792288,0.99333153611013,"Gene0588"
41.2034125594834,0.250596480159648,0.281928147840769,0.888866479203711,0.374074842496689,0.982954918160987,"Gene0589"
59.1412621891514,-0.0912686065369596,0.273937340073739,-0.333173296172007,0.739003474265886,0.99333153611013,"Gene0590"
56.5270521971392,0.187509569743318,0.295871413904649,0.633753586629856,0.5262416475033,0.989592197216116,"Gene0591"
60.137949437142,0.208939391668747,0.441183797786803,0.473588088948167,0.635793670917327,0.989592197216116,"Gene0592"
118.714025571211,-0.14190908480829,0.274289027211559,-0.517370622700251,0.604897463015836,0.989592197216116,"Gene0593"
42.2242022114995,0.32409652855111,0.301466989930848,1.07506473138387,0.28234574828481,0.956043291201446,"Gene0594"
45.1811237345386,-0.586319931499832,0.356056289947453,-1.64670572618268,0.0996185466686067,0.790394480732271,"Gene0595"
69.9412385763047,-0.281293525839446,0.296328740100753,-0.949261707601517,0.342487523911281,0.97219299808852,"Gene0596"
29.2391336527959,-0.254614439496643,0.271438163826867,-0.938020048127961,0.348234107334314,0.97219299808852,"Gene0597"
340.533097954888,0.117410429193789,0.273148793336469,0.429840555982836,0.667311629081579,0.992240177738971,"Gene0598"
3.50786295918632,0.00352580698107624,0.484999238948627,0.007269716523101,0.994199656515027,0.999979708961714,"Gene0599"
199.427341313061,-0.218007116469911,0.255107510257367,-0.854569574411874,0.39278947734874,0.985240646476599,"Gene0600"
35.1829130178566,0.0675868286367958,0.292754577158425,0.230865147499372,0.817419567612731,0.993862929817308,"Gene0601"
83.5798822044985,-0.000382609495316658,0.203050367642993,-0.00188430831107565,0.998496540380502,0.999979708961714,"Gene0602"
171.40340876819,0.067987175491931,0.264058174895531,0.257470443847567,0.79681562877633,0.99333153611013,"Gene0603"
136.996437283724,0.345984527066728,0.293386884846988,1.17927741469143,0.238287728579301,0.92910568183392,"Gene0604"
25.8149627445233,0.138093834874108,0.281954532946079,0.489773416412913,0.624294243886602,0.989592197216116,"Gene0605"
303.271557082215,-0.495487883581081,0.229642632253227,-2.15764764024611,0.0309552377313819,0.588364665889849,"Gene0606"
9.08346642831961,0.078961722712319,0.368350203782215,0.214365899357571,0.830261731920766,0.993862929817308,"Gene0607"
151.059548503473,-0.210983976248906,0.229075429273195,-0.921024035263455,0.357037878548009,0.97219299808852,"Gene0608"
26.3744571282314,-0.0568818613324934,0.311773680349787,-0.182446001435003,0.855232727635755,0.995069104386573,"Gene0609"
4.8472362007284,-0.141902815555692,0.423792860369035,-0.334840033482687,0.737745759586368,0.99333153611013,"Gene0610"
7.33669844055377,-0.0699765327926573,0.356907750606496,-0.196063359996374,0.844560574115899,0.994770994247231,"Gene0611"
75.453031745762,-0.107576021431961,0.224363448338454,-0.479472134292044,0.631602787430606,0.989592197216116,"Gene0612"
823.943998044812,0.424505680451065,0.293077445426114,1.44844199741766,0.147493476530447,0.872600384978322,"Gene0613"
71.2739491912403,-0.161861476853144,0.299298664328344,-0.540802536544484,0.588643694304757,0.989592197216116,"Gene0614"
223.545972306419,-0.168041812199896,0.274087584507201,-0.613095308574552,0.53981332207986,0.989592197216116,"Gene0615"
132.393713630305,0.356428410842596,0.23968927023988,1.48704366484943,0.137003278839457,0.859252991521819,"Gene0616"
26.3049133778149,0.470162218191628,0.270489089059739,1.73819291501178,0.0821768270934523,0.772573314719356,"Gene0617"
167.473850617529,-0.234689010085287,0.253201669595959,-0.926885713114716,0.35398587578579,0.97219299808852,"Gene0618"
84.8501744527915,0.0871134722815479,0.264414929580718,0.329457464522458,0.741809939338887,0.99333153611013,"Gene0619"
66.577628933711,-0.131209325749276,0.258006997829555,-0.508549484521949,0.611068044990987,0.989592197216116,"Gene0620"
169.977017659743,0.0438852091072765,0.24613816450265,0.178295020587123,0.858491289158645,0.995069104386573,"Gene0621"
131.935526544701,0.187876219138275,0.21742308786021,0.864104272399388,0.387530612227006,0.985240646476599,"Gene0622"
24.784106099727,-0.0473889774217982,0.300413657541208,-0.157745749010422,0.874657149278961,0.995069104386573,"Gene0623"
82.7484952276657,0.343035550544962,0.23853591081495,1.43808766308181,0.150409182596483,0.872600384978322,"Gene0624"
18.2774122259637,0.505152531140767,0.374270075257406,1.34970056260401,0.177112051821337,0.884104075288354,"Gene0625"
112.088666097171,0.0367869649985439,0.236775494435554,0.155366437249935,0.876532442031094,0.995069104386573,"Gene0626"
38.2213351303093,0.142906912203821,0.294381145403404,0.485448590832776,0.627358171476832,0.989592197216116,"Gene0627"
88.8656591377412,-0.270588131156503,0.252344429071008,-1.07229682918961,0.283586730518304,0.956043291201446,"Gene0628"
93.5682043528836,0.0522338115150355,0.261666278684092,0.199619957824588,0.84177781784294,0.994340430825116,"Gene0629"
28.134889602223,0.0869012973584025,0.309886125905094,0.280429777566153,0.779147793980077,0.99333153611013,"Gene0630"
88.0127467441907,-0.269686236542372,0.265996147240294,-1.01387271710648,0.310643491372407,0.97219299808852,"Gene0631"
106.274441093521,0.497217180055939,0.263141382327058,1.88954384771738,0.0588189931853638,0.711494966081943,"Gene0632"
38.5204414655171,-0.446135663895633,0.256375517422573,-1.74016485029765,0.0818300756920919,0.772573314719356,"Gene0633"
227.988830645527,0.355660055128055,0.25829161553784,1.37697096511424,0.168521224807973,0.884104075288354,"Gene0634"
285.188314567126,-0.00427425876885318,0.219470995711374,-0.0194752785214236,0.98446195818481,0.999979708961714,"Gene0635"
22.019105042819,-0.231817299261158,0.269742472799724,-0.859402291582297,0.390118605872136,0.985240646476599,"Gene0636"
20.7882767177198,0.970449206349018,0.262310813956492,3.69961570288132,0.00021592618283833,0.0109329712829534,"Gene0637"
102.350753345746,0.178736065912792,0.24693573337338,0.723816126046585,0.469178627759094,0.985948027515532,"Gene0638"
15.6479151142203,0.156858915212006,0.362407944199165,0.43282416327442,0.66514251763472,0.992240177738971,"Gene0639"
27.0854277109838,-0.00255716074849953,0.316485722953439,-0.00807986131139236,0.99355327355114,0.999979708961714,"Gene0640"
117.912128320999,0.303616555060016,0.222874605823098,1.36227523067839,0.173111041518016,0.884104075288354,"Gene0641"
28.9310172628965,-0.0472461228724953,0.287119380221922,-0.164552190228251,0.869296464770596,0.995069104386573,"Gene0642"
5.27659542947559,0.165554199907794,0.431853389589374,0.383357416889121,0.701454772368115,0.992240177738971,"Gene0643"
105.147551166319,0.20960617239856,0.261687409827096,0.800979200860494,0.42314368697687,0.985948027515532,"Gene0644"
8.60575927135388,0.492785180551767,0.343351293463119,1.43522156442582,0.151223970470915,0.872600384978322,"Gene0645"
10.7212007764857,0.085886546841977,0.34821297082995,0.246649476144643,0.805179510770209,0.993386005461865,"Gene0646"
1.21492374778344,0.000784690185041209,0.74920845495042,0.00104735895578372,0.999164328612345,0.999979708961714,"Gene0647"
161.199642315137,0.0893209360595871,0.243049012837077,0.367501743853869,0.71324479130001,0.992240177738971,"Gene0648"
74.6111021626083,-0.191309727795858,0.2488812582874,-0.768678722987407,0.442084058952045,0.985948027515532,"Gene0649"
90.3139992030716,-0.103432055908638,0.244781414889547,-0.422548647965411,0.672624599913301,0.992240177738971,"Gene0650"
150.394817284284,0.0263123200728599,0.270922788622031,0.0971211030518686,0.922630222270816,0.995069104386573,"Gene0651"
48.9146436446645,-0.03192596081234,0.292432112941658,-0.109173922423183,0.913064543547412,0.995069104386573,"Gene0652"
14.3056919239571,-0.195952230752552,0.315497108618558,-0.621090416994796,0.534540134124718,0.989592197216116,"Gene0653"
93.6783874478349,0.155408188676514,0.255343589569009,0.608623811307833,0.542773817824707,0.989592197216116,"Gene0654"
230.47100984212,-0.242440360709926,0.262111010532772,-0.924952981628419,0.354990365420596,0.97219299808852,"Gene0655"
6.96564641129135,-0.024425006712829,0.379713666345549,-0.0643248028123424,0.948711604559342,0.996539932531957,"Gene0656"
26.4471381779344,-0.201449416577451,0.299051204722198,-0.673628507079872,0.50054752471682,0.989592197216116,"Gene0657"
43.7354701872214,-0.10139030197205,0.239003284804934,-0.424221374425045,0.671404373991328,0.992240177738971,"Gene0658"
10.9628777263973,0.0195665847631923,0.318472758923908,0.0614388019537561,0.951009751221407,0.997126868908422,"Gene0659"
112.584631787899,-0.0196117570866884,0.245091303576711,-0.0800181679255303,0.936222806388008,0.995069104386573,"Gene0660"
25.7579429898887,0.416906935760324,0.279487442606104,1.49168396215887,0.135782015441124,0.858022214477875,"Gene0661"
226.628789337193,-0.142301130161865,0.218504604201825,-0.651250030550507,0.514885099134787,0.989592197216116,"Gene0662"
61.0897268739753,0.226051232904035,0.269262544019974,0.839519784405165,0.401177691762982,0.985948027515532,"Gene0663"
126.984332009234,-0.00574795725563671,0.239574790161145,-0.0239923292921199,0.980858727285486,0.999979708961714,"Gene0664"
353.011814651156,-0.0219281971350576,0.276053667452117,-0.0794345437879796,0.93668699346906,0.995069104386573,"Gene0665"
67.114722299258,0.101664487725417,0.262059959457294,0.387943613881175,0.698057761529181,0.992240177738971,"Gene0666"
160.14731734996,-0.0523386466184937,0.323216176160472,-0.161930777228514,0.871360365938958,0.995069104386573,"Gene0667"
64.8794071177863,0.103021224121024,0.250625487009895,0.411056454593371,0.681031139159534,0.992240177738971,"Gene0668"
8.0712617356502,-0.196495080176867,0.361805360976381,-0.54309609909206,0.58706363833966,0.989592197216116,"Gene0669"
55.0544859256878,-0.349644776168138,0.260325951572532,-1.34310380527206,0.179238363591717,0.885127721440579,"Gene0670"
116.799283412173,-0.0703663156879539,0.259055323184941,-0.27162659629163,0.785909147190078,0.99333153611013,"Gene0671"
91.9954659598804,-0.103933859279002,0.29855753299335,-0.348120036486626,0.727750037410308,0.99333153611013,"Gene0672"
38.761814164695,-0.059624705612433,0.287232769127298,-0.207583228729756,0.835554400652359,0.993862929817308,"Gene0673"
14.6177280891319,-0.372751084181141,0.321087821880025,-1.16090072179822,0.245682275294277,0.936290561093852,"Gene0674"
118.742216504543,-0.213536424162716,0.247902772372085,-0.861371666478228,0.389033375912147,0.985240646476599,"Gene0675"
16.3988696395121,-0.305952969014062,0.344320076100219,-0.888571391129135,0.374233472083772,0.982954918160987,"Gene0676"
11.8082352659959,-0.190035907770043,0.311959974106866,-0.609167596946086,0.542413355741727,0.989592197216116,"Gene0677"
103.929260301022,0.265033399555026,0.229048146132477,1.15710781348885,0.24722831478817,0.938611111123684,"Gene0678"
10.8477388865328,0.407903212294398,0.332358004213833,1.22730070322591,0.219709591409367,0.919858845236042,"Gene0679"
69.9924385975196,0.284529378341707,0.285214792456603,0.997596849346441,0.318474889484241,0.97219299808852,"Gene0680"
52.8366639040221,0.207096382510641,0.312811525951422,0.662048439170371,0.507940178501947,0.989592197216116,"Gene0681"
9.25951877572157,0.286524272288308,0.350624076151613,0.817183678408931,0.413823468441906,0.985948027515532,"Gene0682"
174.491088560336,0.21923278309171,0.28548861367381,0.767921285092647,0.442533951034108,0.985948027515532,"Gene0683"
23.3270653054853,0.250199484229737,0.25886513952962,0.966524440812583,0.333781823061452,0.97219299808852,"Gene0684"
241.309006031644,-0.267599629885457,0.196253499954948,-1.36354067543706,0.17271217429482,0.884104075288354,"Gene0685"
26.3921140648954,0.216918588372096,0.286934248287545,0.755987093442801,0.44965693399713,0.985948027515532,"Gene0686"
25.3139762533222,0.0153136375847007,0.258605484709263,0.0592162134608905,0.952779895829273,0.997455699601329,"Gene0687"
49.2586243671307,-0.272621715580104,0.255336966782839,-1.06769387533285,0.285658622081195,0.956043291201446,"Gene0688"
30.9879953853652,0.137878486458315,0.314793062270697,0.437997220979891,0.661388297958349,0.992240177738971,"Gene0689"
38.3978565941646,0.231409711225296,0.292211827041012,0.791924521223494,0.428404688044836,0.985948027515532,"Gene0690"
16.9018794107108,0.180542760122974,0.325262841095713,0.555067278865238,0.578848642858869,0.989592197216116,"Gene0691"
12.6739804930519,0.0399770355872929,0.351629474252054,0.11369079816852,0.909482907220913,0.995069104386573,"Gene0692"
112.140568827902,-0.352944146335204,0.281504150187766,-1.25377954854231,0.209922144735064,0.919858845236042,"Gene0693"
18.9599865582937,-0.265348581065935,0.26952545568493,-0.984502856665689,0.324868327571303,0.97219299808852,"Gene0694"
8.3709783384847,0.466103152731838,0.346906013075903,1.34360067327474,0.179077551678867,0.885127721440579,"Gene0695"
30.9119857519554,0.0223367457574754,0.305780542202988,0.073048290112088,0.941767690171413,0.995069104386573,"Gene0696"
17.9552551406411,0.138386635677493,0.301034022743177,0.45970430324268,0.645728480323704,0.990448176597679,"Gene0697"
4.54696701326302,-0.345659139407672,0.430064696019183,-0.803737536717623,0.421548570745347,0.985948027515532,"Gene0698"
44.356335228661,-0.116114667481523,0.227911543211658,-0.509472516596883,0.610421057793795,0.989592197216116,"Gene0699"
61.9553382611146,-0.0761281983031805,0.279797029879587,-0.272083654125788,0.785557697711708,0.99333153611013,"Gene0700"
71.5374519606247,0.272719335407366,0.241344198490737,1.13000162056033,0.258475541623368,0.939142459455892,"Gene0701"
79.2580763157513,0.144682540658901,0.232167592821752,0.623181465166769,0.533165280282305,0.989592197216116,"Gene0702"
13.3232792240346,0.61328130796613,0.324867251267152,1.88779049157467,0.0590540821848013,0.711494966081943,"Gene0703"
39.0975704751122,0.294401329127769,0.319544072277469,0.921316821900337,0.356885041041272,0.97219299808852,"Gene0704"
16.7395379004705,-0.511367714275923,0.32936637594947,-1.55258020130863,0.120523458655178,0.832291385800398,"Gene0705"
27.5699746082429,-0.464644173305889,0.34391135844995,-1.35105794528013,0.176676871591179,0.884104075288354,"Gene0706"
13.0974882512662,-0.347377557848172,0.291558328599984,-1.19145132816553,0.233476453083089,0.92910568183392,"Gene0707"
13.276174933681,0.0662063699018967,0.312681336815123,0.21173751710369,0.832311817220106,0.993862929817308,"Gene0708"
121.000183155893,0.422980100003455,0.255520283159955,1.65536799964592,0.0978498730551457,0.785797863323545,"Gene0709"
40.7859513865516,-0.232638763527441,0.274714729314684,-0.846837605350804,0.397085644306954,0.985362226687973,"Gene0710"
39.3041914626035,0.194410738129162,0.252000300420794,0.771470263347034,0.440428241697394,0.985948027515532,"Gene0711"
395.04133415153,0.0899638183027337,0.203299840338869,0.44251789943749,0.658114480622512,0.991806639138922,"Gene0712"
53.7225053265613,0.171521669071427,0.246335813346274,0.696292052468714,0.486245949332228,0.989340724987449,"Gene0713"
24.4149918448918,0.210170403141676,0.267146966228613,0.786722028360303,0.431444605960559,0.985948027515532,"Gene0714"
135.851364271094,-0.164855746026315,0.269444979621674,-0.611834543207253,0.540647232688843,0.989592197216116,"Gene0715"
27.5309092437277,-0.684169039132176,0.319799092134289,-2.13937142399667,0.0324055993596332,0.599630239142864,"Gene0716"
248.319676474321,0.514180599246,0.260537197639451,1.97354006991953,0.0484340640105296,0.685085529328067,"Gene0717"
35.1430515551372,0.202305906615319,0.252570824407263,0.800986840384649,0.423139264247254,0.985948027515532,"Gene0718"
24.5489475926009,-0.306821946015673,0.267193935153311,-1.1483117902344,0.250839873588924,0.939142459455892,"Gene0719"
12.6648430078558,-0.0400108337499548,0.306754483468464,-0.130432759441862,0.896224049680642,0.995069104386573,"Gene0720"
79.9531427527699,-0.107328866887432,0.262641505748432,-0.408651582245478,0.682795370532862,0.992240177738971,"Gene0721"
262.407262069083,0.278484182608618,0.239621388123764,1.16218416389768,0.245160665840041,0.936290561093852,"Gene0722"
30.5290755564155,-0.227278095054195,0.268571332902155,-0.846248527712362,0.397414115470041,0.985362226687973,"Gene0723"
82.4257102977909,0.1292460092896,0.285444031403394,0.45278932144476,0.650700453733692,0.991417365732957,"Gene0724"
82.9635467426144,-0.250677978994635,0.243263202306094,-1.03048046978849,0.302784515640645,0.970716290657991,"Gene0725"
317.551424946227,-0.199250624381625,0.276827044859607,-0.719765745730065,0.471669238665624,0.985948027515532,"Gene0726"
130.518636632084,-0.0526995321221696,0.237413626121121,-0.221973494037297,0.82433451731287,0.993862929817308,"Gene0727"
14.4785577584776,0.253795062125357,0.345537946104895,0.734492593320886,0.462648572653084,0.985948027515532,"Gene0728"
25.5796013264281,-0.106990076586418,0.284769431428786,-0.375707729757412,0.707134190707289,0.992240177738971,"Gene0729"
20.116510120239,0.730779602751901,0.284742819590571,2.56645489358672,0.0102743987273278,0.301508842084504,"Gene0730"
62.3209693362029,0.27170159180707,0.198823064273454,1.36654966464747,0.171766503694517,0.884104075288354,"Gene0731"
53.197051615892,0.379612102275866,0.240916631415061,1.57569902935367,0.115095181263097,0.815371191858224,"Gene0732"
80.7976567621604,0.208721214412701,0.260620911176369,0.800861348656148,0.423211918272361,0.985948027515532,"Gene0733"
21.997371742578,0.411702462561915,0.262747549315687,1.56691266439658,0.11713510704054,0.816272522930593,"Gene0734"
33.7439743728226,-0.283302561117106,0.225243129315365,-1.25776338651578,0.208477340681715,0.919858845236042,"Gene0735"
122.850257645085,-0.11626028141399,0.243689727523662,-0.477083226262387,0.633302858514795,0.989592197216116,"Gene0736"
50.9420509294859,-0.212362009886974,0.235471928803075,-0.901857011009464,0.367132830156947,0.982158472722792,"Gene0737"
29.6625002556762,-0.0149038202171498,0.31331197301341,-0.047568626483712,0.962060036151387,0.998072792424686,"Gene0738"
113.476493213187,-1.25702291232673,0.180806526421273,-6.95230939505972,3.59354191289296e-12,2.39569460859531e-10,"Gene0739"
51.0877244248169,0.30964036276175,0.280158534685598,1.10523266089051,0.269058787996982,0.941588059482001,"Gene0740"
15.4530805914848,0.217067250826105,0.321284141051965,0.675623920045891,0.499279450579306,0.989592197216116,"Gene0741"
473.745544464882,-0.084361062594678,0.239515570065943,-0.352215359408375,0.724676758939338,0.99333153611013,"Gene0742"
15.0856619969457,0.22067257928993,0.33041127978614,0.667872414745531,0.5042150371746,0.989592197216116,"Gene0743"
6.30449077862606,-0.856007529522633,0.401098264300533,-2.13415914680012,0.0328297555930718,0.599630239142864,"Gene0744"
4.41767324808361,-0.515000518396228,0.47480150405106,-1.08466488417199,0.278070106152675,0.950990735044977,"Gene0745"
136.508104931719,0.267925060242086,0.218085236931139,1.2285336871596,0.21924669150881,0.919858845236042,"Gene0746"
26.3315603392348,0.103116157413991,0.264201948448523,0.390292948328057,0.696319937091396,0.992240177738971,"Gene0747"
40.4312595166261,0.207294055205844,0.279235529048387,0.742362749870284,0.45786758228576,0.985948027515532,"Gene0748"
79.480297262107,-0.0761498632977186,0.264696395203416,-0.2876875721681,0.773585904010392,0.99333153611013,"Gene0749"
31.134777255944,-0.33261319356701,0.348999928993,-0.953046593810857,0.340566463551872,0.97219299808852,"Gene0750"
8.60054574153316,-0.242563686330018,0.322437541226665,-0.752281156242605,0.451881997473034,0.985948027515532,"Gene0751"
4.79183335641393,0.258300669771101,0.470534773156534,0.548951287995822,0.583038879602432,0.989592197216116,"Gene0752"
33.6466299762203,-0.00313049202624154,0.282506614701075,-0.0110811282403209,0.991158719800008,0.999979708961714,"Gene0753"
62.7776112664593,0.0699016469824258,0.295119615387142,0.236858695043798,0.812766414797481,0.993862929817308,"Gene0754"
3.99993583364204,-0.175073516689635,0.478554762445803,-0.365837998967699,0.714485963390303,0.992240177738971,"Gene0755"
84.6127334902644,0.322980771351508,0.22327622431885,1.44655245912021,0.148022309422817,0.872600384978322,"Gene0756"
87.0739385645694,0.187279383276016,0.309993264255903,0.60414016970838,0.545750454800924,0.989592197216116,"Gene0757"
206.528556085814,-0.221636169193978,0.27379999372361,-0.809482009768455,0.418237946756708,0.985948027515532,"Gene0758"
56.1550127227823,0.280960553382445,0.2663352774498,1.05491302568959,0.291465104369387,0.958766790688772,"Gene0759"
59.7612285362827,0.14233786811653,0.26116785826869,0.545005304481582,0.585749869364726,0.989592197216116,"Gene0760"
113.128778875142,-0.150222856449341,0.243837449355349,-0.616077870099514,0.537843126962404,0.989592197216116,"Gene0761"
49.2288200347869,-0.098453293034263,0.233873914831166,-0.420967396493689,0.673778889699679,0.992240177738971,"Gene0762"
43.1455355983767,0.262525339446275,0.275601245838267,0.952554980830292,0.340815596269836,0.97219299808852,"Gene0763"
52.7989453549044,-0.308327397971272,0.291226286697109,-1.05872104289799,0.289726841555112,0.956043291201446,"Gene0764"
134.283356335665,0.00135236179900255,0.285938494068554,0.00472955487650542,0.996226375253078,0.999979708961714,"Gene0765"
29.3515159275967,-0.0356536738055097,0.27157972261586,-0.131282532665152,0.895551809106443,0.995069104386573,"Gene0766"
32.6568482591177,0.0389328865881397,0.271941363567799,0.143166475586319,0.886158705642122,0.995069104386573,"Gene0767"
15.870492062979,-0.510038381393001,0.296470265074098,-1.7203694315365,0.0853653098823205,0.772573314719356,"Gene0768"
12.7887070292629,-0.0360668690319001,0.336636748170532,-0.107138835043729,0.914678838552414,0.995069104386573,"Gene0769"
76.138687935006,0.154245747654955,0.239048298893262,0.645249300534983,0.518765642141892,0.989592197216116,"Gene0770"
342.685383009303,-0.108972915577651,0.217806215357698,-0.500320504622364,0.616849418408308,0.989592197216116,"Gene0771"
13.8190100641794,-0.303866982330014,0.344662884887318,-0.881635347621949,0.377974033599567,0.985240646476599,"Gene0772"
51.0169136637632,0.293317691035943,0.345956271681175,0.847846144284552,0.396523660817513,0.985362226687973,"Gene0773"
14.533260377702,0.0268482434013219,0.292237607945222,0.0918712810103294,0.926800309372454,0.995069104386573,"Gene0774"
141.652906362843,-0.146527982796573,0.244573776504062,-0.599115673360589,0.549095750593149,0.989592197216116,"Gene0775"
29.2172104315375,0.673230201023625,0.25939660333783,2.59537014887905,0.0094489099022578,0.288516332893368,"Gene0776"
65.1132046155509,-0.332283535090073,0.260051725465919,-1.27775939380806,0.201334276007886,0.917159262280795,"Gene0777"
74.0116950759798,-0.202371229339776,0.255182521547048,-0.793045025626744,0.427751590307246,0.985948027515532,"Gene0778"
14.7529271189129,0.311812244634855,0.358827417813628,0.868975527385166,0.384860516557124,0.985240646476599,"Gene0779"
45.6919602687514,-0.204542143710605,0.257400220150535,-0.794646343313081,0.4268192524603,0.985948027515532,"Gene0780"
45.0727558095123,0.180123680647098,0.290194909089863,0.620698968193547,0.534797708435698,0.989592197216116,"Gene0781"
149.08818638978,0.472256337115206,0.258593498188197,1.82624984937367,0.0678126356365812,0.770598132233877,"Gene0782"
11.1577643478557,0.736375690251714,0.344773468011515,2.135824703968,0.0326937047339841,0.599630239142864,"Gene0783"
13.2192677529552,0.374640508807505,0.332557847853225,1.12654237819356,0.259936013413039,0.939142459455892,"Gene0784"
129.253844172612,-0.0485399635059489,0.276949880261066,-0.175266237559636,0.860870439630609,0.995069104386573,"Gene0785"
29.9828304511611,0.740567136840646,0.437408047738233,1.69308073015574,0.090440101657881,0.772573314719356,"Gene0786"
24.1903629012605,-0.501272288642762,0.310971660212331,-1.61195489100355,0.106971756128307,0.798296687524682,"Gene0787"
54.5365274751882,0.108321786356194,0.254839257656289,0.425059260305535,0.670793475485243,0.992240177738971,"Gene0788"
38.3653991217937,0.153746171029928,0.28668910378997,0.536281878165007,0.591763753051303,0.989592197216116,"Gene0789"
508.03888141854,-0.33143168354525,0.262255130343056,-1.26377578624184,0.206310514477873,0.919858845236042,"Gene0790"
74.1271774085196,-0.0662688872566415,0.304069975542336,-0.21793959478717,0.827476176379238,0.993862929817308,"Gene0791"
56.808053840821,-0.302305318453488,0.269438341325392,-1.12198329668458,0.261869541951408,0.939142459455892,"Gene0792"
157.453006602797,0.141109993123487,0.258227751971331,0.546455568955086,0.584752821332715,0.989592197216116,"Gene0793"
50.6959443671039,0.213205075062627,0.272796928525754,0.781552329840468,0.434477711527165,0.985948027515532,"Gene0794"
62.1014876904746,-0.023774776298424,0.308187174271227,-0.0771439510896077,0.938509029239708,0.995069104386573,"Gene0795"
13.7858968133397,-0.169764900362415,0.354530432085694,-0.478844367079271,0.632049350988707,0.989592197216116,"Gene0796"
3.26205268688228,-0.427294553058476,0.519787638786392,-0.822056011289783,0.411045019517793,0.985948027515532,"Gene0797"
12.2248018775473,-0.340599762854463,0.356188742566323,-0.956233934852792,0.338954058907401,0.97219299808852,"Gene0798"
66.6584691066034,-0.387166876985236,0.314536995857656,-1.23091045595301,0.218356356527259,0.919858845236042,"Gene0799"
16.606808160176,0.384162052334719,0.300884225590848,1.27677697818933,0.201680995515992,0.917159262280795,"Gene0800"
123.904810598003,-0.244590956096116,0.261264113958815,-0.936182747756446,0.349179104283428,0.97219299808852,"Gene0801"
119.6461476865,0.275232473689624,0.218152334471036,1.26165266283762,0.20707379738096,0.919858845236042,"Gene0802"
69.7469442055845,-0.0492530678990018,0.286314265226534,-0.172024498534966,0.863418269047411,0.995069104386573,"Gene0803"
39.003858018736,-0.151153125743807,0.271177919879472,-0.557394664768387,0.577257809900499,0.989592197216116,"Gene0804"
5.5115779002744,-2.58285105278082,0.517099988139144,-4.99487741640754,5.88731505953783e-07,3.31679721664103e-05,"Gene0805"
34.7503482665779,-0.649150869332095,0.2670941434745,-2.43041970478125,0.0150813473259364,0.394283590220561,"Gene0806"
29.1904018026158,-0.24854378157754,0.259048232512206,-0.959449825876841,0.337332184465795,0.97219299808852,"Gene0807"
100.014184514371,-0.331226250714973,0.284899075090883,-1.16260907694878,0.244988146342249,0.936290561093852,"Gene0808"
241.022060779969,0.0569133321149296,0.239835006658492,0.237302022368945,0.812422493284453,0.993862929817308,"Gene0809"
75.3462267009855,-0.464027934139159,0.26740731170464,-1.73528513929227,0.0826903126203675,0.772573314719356,"Gene0810"
12.6746372590482,-0.207660232510652,0.327398171251083,-0.634274259129556,0.525901852311832,0.989592197216116,"Gene0811"
352.180773662514,0.190965481923774,0.235988741477845,0.809214374922637,0.418391847817559,0.985948027515532,"Gene0812"
164.502241357519,0.0688862932844388,0.263598694465586,0.261330176251811,0.793837897589888,0.99333153611013,"Gene0813"
72.3711949996008,-0.207200925037364,0.245433556865723,-0.844224105633297,0.398544186681637,0.985362226687973,"Gene0814"
2.84765644451716,0.957170812618688,0.553655014444303,1.72882171685808,0.0838410081361647,0.772573314719356,"Gene0815"
16.9148051084107,0.707335333219157,0.296547271918417,2.38523635251567,0.0170681516338893,0.417792194437268,"Gene0816"
48.670152564961,-0.0258190736904217,0.256624752379265,-0.100610223491862,0.919859880717886,0.995069104386573,"Gene0817"
128.218760083351,0.0561374665354547,0.280722741762768,0.199974772912753,0.841500310907881,0.994340430825116,"Gene0818"
15.3222919356115,0.0148947963538219,0.332713482680186,0.0447676368082119,0.964292521304111,0.998072792424686,"Gene0819"
1918.58240328253,0.243394098400269,0.314783006605405,0.773212318622316,0.439396736935171,0.985948027515532,"Gene0820"
2.0584068641698,0.342408723416743,0.612081843608527,0.559416566578864,0.575877457715475,0.989592197216116,"Gene0821"
37.9159964187961,-0.245548152087315,0.255550089126163,-0.960861148305412,0.336621987891011,0.97219299808852,"Gene0822"
41.2413423322626,0.102252304398914,0.318605634705425,0.320936898976863,0.748258210487992,0.99333153611013,"Gene0823"
25.1437926660864,0.707399382543094,0.324167455561002,2.18220358153743,0.0290945110992065,0.570480609788362,"Gene0824"
40.8565077698508,-0.0227227866358847,0.312518423651941,-0.0727086306476178,0.942037980466441,0.995069104386573,"Gene0825"
135.795376121838,-0.282042598647422,0.235424187902995,-1.19801878116125,0.230909705474616,0.926418076126844,"Gene0826"
18.0147355891584,0.277327118193078,0.365585155619338,0.758584187378337,0.448101334718281,0.985948027515532,"Gene0827"
3.75724426934979,-0.372218529809184,0.469967222262111,-0.792009553384534,0.42835510582476,0.985948027515532,"Gene0828"
59.6871244522174,0.376769745432105,0.284520098329487,1.32422893020299,0.185427025489382,0.888310428362108,"Gene0829"
51.8650909394786,0.139294764791998,0.26552691955213,0.524597524902369,0.59986300770782,0.989592197216116,"Gene0830"
45.9328836317829,-0.357634055813569,0.261211612278304,-1.36913536383112,0.17095696583121,0.884104075288354,"Gene0831"
116.527177512493,0.272597931472073,0.310916879919287,0.876755007778408,0.380619721743544,0.985240646476599,"Gene0832"
48.3176984960285,-0.314725895554524,0.268218731137175,-1.17339267925164,0.240638371594985,0.92910568183392,"Gene0833"
138.590150969255,-0.0706152254792288,0.283731782869302,-0.248880209207148,0.803453444472444,0.99333153611013,"Gene0834"
17.9513571169748,2.99639920544007,0.33835063343556,8.85589949992143,8.301164855887e-19,8.301164855887e-17,"Gene0835"
14.7157608948357,-0.295955740460354,0.33264632709466,-0.889700911611551,0.373626504395267,0.982954918160987,"Gene0836"
83.8914942304617,-0.129959292541442,0.317196193163098,-0.409712648961769,0.682016750142252,0.992240177738971,"Gene0837"
34.709956838081,-0.0705828682358943,0.326505291222329,-0.216176797538732,0.828849938825555,0.993862929817308,"Gene0838"
172.158158448085,0.0428958325871587,0.225224911376762,0.190457762087433,0.84895043830328,0.995069104386573,"Gene0839"
15.395699625493,-0.0662327830152992,0.296164992811765,-0.223634746249011,0.823041524731168,0.993862929817308,"Gene0840"
129.185325672688,0.185200182609799,0.213148671104776,0.868877960392074,0.384913885610588,0.985240646476599,"Gene0841"
24.6821795339291,-0.628764574858883,0.305880325088867,-2.05559012230096,0.0398220407055651,0.643750816250884,"Gene0842"
15.918309918001,0.593170832118,0.287466985554782,2.06343984500774,0.0390708575741677,0.641324756594494,"Gene0843"
32.1699196039668,0.582646706665033,0.329416025170311,1.76872605503572,0.0769396019857519,0.772573314719356,"Gene0844"
49.3231255739212,0.216273651305089,0.323126242234305,0.6693162703519,0.503293750068447,0.989592197216116,"Gene0845"
8.95414804038539,-1.63464570858186,0.371176043740287,-4.40396339189828,1.06290887273289e-05,0.00056688473212421,"Gene0846"
23.0086767790262,-0.145134079402001,0.321351373424053,-0.451636717327743,0.651530714150529,0.99155341410587,"Gene0847"
11.6290803379395,0.612021267563496,0.308134641019713,1.98621377180485,0.0470095923122472,0.685085529328067,"Gene0848"
196.156419615155,0.0383552932084464,0.295483309457601,0.129805278270548,0.896720486794404,0.995069104386573,"Gene0849"
116.417166404982,-0.125943849682572,0.260815106567875,-0.482885563416537,0.629176992865698,0.989592197216116,"Gene0850"
18.3638135890721,-0.390462595582191,0.310800260817929,-1.25631360332394,0.209002291779239,0.919858845236042,"Gene0851"
97.227888169762,-0.347632486920754,0.239921467012138,-1.44894281970678,0.147353551730181,0.872600384978322,"Gene0852"
35.6473271525342,-0.354192737697459,0.271369885539122,-1.30520281199882,0.191823796934203,0.897421272206798,"Gene0853"
13.4564323977508,0.341092423278978,0.305411480622475,1.1168290811589,0.264067412036137,0.939142459455892,"Gene0854"
94.1717996046129,0.257213269250159,0.253578451156017,1.01433409691388,0.310423359371932,0.97219299808852,"Gene0855"
36.215524585134,0.440841917603614,0.311336025689661,1.41596821834889,0.156784809838048,0.874671184591622,"Gene0856"
144.974532525075,0.179943830677847,0.234465639986566,0.767463542582007,0.442805961255657,0.985948027515532,"Gene0857"
40.2485345748703,-0.235540797369469,0.28539261571523,-0.82532197540982,0.409188818873741,0.985948027515532,"Gene0858"
218.158471633395,0.266769137040318,0.280847047128239,0.94987339111494,0.342176588753597,0.97219299808852,"Gene0859"
24.2791844158643,0.143737997423878,0.288435688408299,0.498336382079069,0.618246968612628,0.989592197216116,"Gene0860"
150.722929320038,1.78977812342905,0.191873654710783,9.32789926854122,1.07989975352144e-20,1.27047029826052e-18,"Gene0861"
93.884333783817,0.111203536097277,0.234761012061901,0.47368826331331,0.635722224025282,0.989592197216116,"Gene0862"
74.563357746549,-0.182060217112823,0.238271966820079,-0.764085761084507,0.444816137042428,0.985948027515532,"Gene0863"
66.2695333561468,0.146095756375078,0.258492427964256,0.56518389155786,0.571948692074179,0.989592197216116,"Gene0864"
60.4458621485229,0.336235565633105,0.250311245550675,1.34326991539433,0.179184589911458,0.885127721440579,"Gene0865"
47.0233954986506,0.19805707992057,0.276627116206251,0.715971314153093,0.474009061842326,0.987152505177327,"Gene0866"
330.219542841821,0.0591917109003159,0.248154227791992,0.238527916396942,0.81147166593712,0.993862929817308,"Gene0867"
179.082761224412,0.0509180452116427,0.228160366368955,0.223167792119091,0.82340491798987,0.993862929817308,"Gene0868"
28.9847298349597,-0.0852130841748601,0.282650360087241,-0.301478774513356,0.763049433036346,0.99333153611013,"Gene0869"
304.072790824547,-0.148413535737541,0.228460747110687,-0.64962378708162,0.515935264069366,0.989592197216116,"Gene0870"
53.3361059981637,-0.267756133151726,0.279176100839928,-0.959094035435541,0.337511374921394,0.97219299808852,"Gene0871"
26.1566986321404,0.242943411880341,0.309046922724357,0.786105261099866,0.431805822341562,0.985948027515532,"Gene0872"
70.6796314238128,-0.136600867210311,0.271905991980301,-0.502382702990257,0.61539834381318,0.989592197216116,"Gene0873"
36.9176233786378,-0.218993110449236,0.325088192328687,-0.67364215501195,0.500538845733595,0.989592197216116,"Gene0874"
64.0532406131307,0.0742742116664535,0.250381522406313,0.29664414111966,0.766738207153847,0.99333153611013,"Gene0875"
17.984285183689,0.187249919564794,0.299803220659955,0.624576077443739,0.532249324624326,0.989592197216116,"Gene0876"
19.5484170699779,-0.111805056360672,0.301047863880514,-0.371386313523379,0.710349818053332,0.992240177738971,"Gene0877"
230.143168255792,0.0996204544568663,0.272487785019013,0.365596037451422,0.714666532370477,0.992240177738971,"Gene0878"
158.942458809001,-0.480841454390983,0.245031927032159,-1.9623624570682,0.0497203004175495,0.685085529328067,"Gene0879"
19.8123369545866,0.0623054404961668,0.284864546497266,0.218719532712243,0.826868532456332,0.993862929817308,"Gene0880"
13.0395145916029,0.532417143178646,0.354606954554578,1.50142893798407,0.133244653842033,0.85276578458901,"Gene0881"
450.54498558508,-0.184331594597003,0.284385845563339,-0.648174293737652,0.516872226298265,0.989592197216116,"Gene0882"
556.41182756766,-0.388222078142846,0.271617269960573,-1.42929821141049,0.152918539871125,0.872600384978322,"Gene0883"
23.2984593442108,0.197657799777626,0.335709998087995,0.588775433866633,0.556011927413268,0.989592197216116,"Gene0884"
30.9810492279107,1.97005766106534,0.243895574909377,8.07746373339225,6.61276865761498e-16,5.29021492609198e-14,"Gene0885"
1128.37868790504,-0.165727000760144,0.23727849726742,-0.698449301848726,0.484896253048559,0.989340724987449,"Gene0886"
72.0452923642262,-0.200181903765224,0.24605038176909,-0.813580951697476,0.415885053813886,0.985948027515532,"Gene0887"
67.1691243702409,-0.207625652002308,0.24902590695474,-0.833751213041634,0.404421192448541,0.985948027515532,"Gene0888"
60.7055395904584,-0.24114511281732,0.255332804977819,-0.944434511022853,0.344947652834768,0.97219299808852,"Gene0889"
281.160829040673,0.362947468848796,0.210300363435255,1.72585278941059,0.0843738999462793,0.772573314719356,"Gene0890"
38.8722010129674,-0.421940276947909,0.311794745698048,-1.35326294868525,0.175971641436465,0.884104075288354,"Gene0891"
283.534393153353,-0.0996455728448149,0.271554818533097,-0.366944594771277,0.713660346336926,0.992240177738971,"Gene0892"
44.5297439612774,0.0278715538335699,0.241191567454964,0.115557745768928,0.908003052472286,0.995069104386573,"Gene0893"
104.614107654582,0.131286277490406,0.297583653788494,0.441174358265381,0.659086775041737,0.991806639138922,"Gene0894"
14.3797156830261,-0.037812609884306,0.337812433505122,-0.111933742319561,0.910875942208839,0.995069104386573,"Gene0895"
65.7136659792,0.0981792614758732,0.277555605155142,0.353728260760561,0.723542541143088,0.99333153611013,"Gene0896"
236.553596695019,-0.0879246700463391,0.268165604280995,-0.327874524706786,0.743006536281895,0.99333153611013,"Gene0897"
36.097323728953,-0.161923553286623,0.223505105603694,-0.724473621527627,0.468775015916375,0.985948027515532,"Gene0898"
228.547276170612,-0.207562723429278,0.254861693392417,-0.814413184917865,0.415408287845335,0.985948027515532,"Gene0899"
1632.16579391969,0.0621040402214859,0.238356084386978,0.260551520558872,0.794438379503892,0.99333153611013,"Gene0900"
164.258796196264,-0.173412029525063,0.282737280114871,-0.613332735798439,0.539656352178142,0.989592197216116,"Gene0901"
40.4156646767857,-0.0695676869938161,0.257423856338021,-0.270245687340133,0.786971246382638,0.99333153611013,"Gene0902"
67.6290138179473,-0.410438014681686,0.225880194911694,-1.81706065395482,0.069207826547159,0.77111784453659,"Gene0903"
30.7174703380798,0.247850467857021,0.29881793064862,0.829436397337443,0.406857512908217,0.985948027515532,"Gene0904"
710.40771809236,0.216902318241191,0.255338111170633,0.849470990627964,0.395619265586846,0.985240646476599,"Gene0905"
1.51982012590129,0.113298425372623,0.688467218273571,0.164566187561893,0.869285446711734,0.995069104386573,"Gene0906"
59.7990580612797,-0.26810769125315,0.237886376488131,-1.12704096472934,0.259725161494046,0.939142459455892,"Gene0907"
56.8035944517115,-0.637170995133661,0.316776117481112,-2.01142371527315,0.0442807204821683,0.673471033949328,"Gene0908"
72.2901594677084,0.0508687925750621,0.308973326630329,0.164638136015942,0.869228812590176,0.995069104386573,"Gene0909"
7.88543379286269,0.0868887680114746,0.38208554907944,0.227406580073012,0.820107604156688,0.993862929817308,"Gene0910"
71.079316631858,0.198458876800817,0.256871102643312,0.772601023465045,0.439758538607429,0.985948027515532,"Gene0911"
59.3346583777752,-0.144743934380351,0.239885579380588,-0.603387393081721,0.546251006966244,0.989592197216116,"Gene0912"
276.336207047259,-0.0386908303413604,0.27851457837759,-0.138918510358572,0.889514543644394,0.995069104386573,"Gene0913"
101.343757375082,0.107340797693421,0.282045790841991,0.380579328530224,0.703515422444971,0.992240177738971,"Gene0914"
203.687455604187,0.0896785009146223,0.251814258209073,0.356129559749413,0.721743541047715,0.99333153611013,"Gene0915"
13.8233552760828,0.102878295360984,0.326896857504736,0.31471179058212,0.75298049124318,0.99333153611013,"Gene0916"
26.7849119731985,-2.5611091083225,0.279172913129999,-9.17391690908743,4.5613666039951e-20,5.0681851155501e-18,"Gene0917"
64.8931620990504,0.232836176526694,0.26316037070534,0.884769146291405,0.376281153373733,0.985240646476599,"Gene0918"
69.6392679256127,-0.387606889198806,0.257262670301682,-1.50665811228763,0.131898313557063,0.851547482013261,"Gene0919"
23.0337622031481,-0.0749530238111121,0.284405697524893,-0.263542624017059,0.792132375092138,0.99333153611013,"Gene0920"
314.66192056193,0.273538329380641,0.288846258417833,0.947003194290824,0.34363715123475,0.97219299808852,"Gene0921"
24.4012358434102,-0.221523880769464,0.294936120800723,-0.751091050387617,0.452597861440006,0.985948027515532,"Gene0922"
6.71589257797365,0.030565685915535,0.428070755953591,0.0714033497743742,0.943076743682374,0.995069104386573,"Gene0923"
84.4303684639866,-0.117439026657076,0.24828213664171,-0.473006347720253,0.636208650462905,0.989592197216116,"Gene0924"
114.64663389019,0.0230901080248408,0.261235066818742,0.0883882409280904,0.929568107096066,0.995069104386573,"Gene0925"
149.299397214781,0.316393439948023,0.236809497805269,1.33606735743428,0.181527258196791,0.88770084566211,"Gene0926"
17.1484209401231,-0.192597173897009,0.291653456923708,-0.660363075852,0.509020861464099,0.989592197216116,"Gene0927"
39.6457447465966,-0.0864452730095232,0.236189855094617,-0.365999094139304,0.714365751519813,0.992240177738971,"Gene0928"
10.1171356116655,0.12151907273053,0.359087103488369,0.338411130753588,0.735053387309483,0.99333153611013,"Gene0929"
132.398908792228,0.151429624962831,0.234124930910176,0.646789832992744,0.517767973362488,0.989592197216116,"Gene0930"
84.1457474434181,0.200857317719777,0.294942222015263,0.681005643571042,0.495867919440206,0.989592197216116,"Gene0931"
149.648451106234,0.213284360403384,0.252641100711485,0.844218774390764,0.398547165235968,0.985362226687973,"Gene0932"
233.607466467263,1.61905958550553,0.221622259680563,7.30549173101646,2.76254570921885e-13,1.97324693515632e-11,"Gene0933"
25.1393995154573,0.359793586267013,0.264773779974298,1.35887166131759,0.17418726022479,0.884104075288354,"Gene0934"
76.2779276847399,0.117056903389887,0.302437527191491,0.387044903047931,0.698722965720091,0.992240177738971,"Gene0935"
4.66345912763506,-0.035204570203526,0.419730074908193,-0.0838743094862245,0.933156365630039,0.995069104386573,"Gene0936"
89.7420947080989,-0.327071448847423,0.258867196897163,-1.26347197624021,0.206419611598931,0.919858845236042,"Gene0937"
94.9419682730614,-2.84747140471563,0.201877105982142,-14.1049743647877,3.53917856853449e-45,2.35945237902299e-42,"Gene0938"
17.1342223156533,-0.458368541067127,0.277369382026646,-1.65255637705208,0.098421182381274,0.785797863323545,"Gene0939"
3.93635274430317,-0.219546212825285,0.498333003223629,-0.440561254031097,0.659530658206148,0.991806639138922,"Gene0940"
7.50537477708701,0.237044992004685,0.370459827118931,0.639866929292134,0.522259115600668,0.989592197216116,"Gene0941"
15.6350146759222,0.159241313723748,0.316594232154586,0.502982358964753,0.614976675132998,0.989592197216116,"Gene0942"
291.183137615287,-0.314721058289089,0.252079386795383,-1.2484997773521,0.211848089891307,0.919858845236042,"Gene0943"
51.1325503052009,-0.21335497329887,0.261983672874507,-0.81438270926551,0.415425740900608,0.985948027515532,"Gene0944"
11.7701759340052,0.451376753329467,0.367484045081409,1.22828938935151,0.21933835271157,0.919858845236042,"Gene0945"
93.9863410035345,0.175373551185948,0.313754838647746,0.558950905559868,0.576195226287904,0.989592197216116,"Gene0946"
3.51017672505763,-0.000460567690281872,0.516278911965106,-0.000892090843937086,0.999288214583199,0.999979708961714,"Gene0947"
35.4072707090472,-0.350636733163432,0.244486134357212,-1.43417840069052,0.151521359190443,0.872600384978322,"Gene0948"
185.731982766557,-0.172500117746115,0.318718379772154,-0.541230530443309,0.588348696434278,0.989592197216116,"Gene0949"
40.0724140083739,0.31955656040746,0.316157643637859,1.01075070249921,0.31213576317635,0.97219299808852,"Gene0950"
229.180785889483,-0.0409364021753588,0.256283322394602,-0.159731042164065,0.873092946737671,0.995069104386573,"Gene0951"
485.060000501121,-0.101238786204968,0.270143474958298,-0.374759324542619,0.707839467520005,0.992240177738971,"Gene0952"
16.0765698124112,0.339108978045083,0.288562550011377,1.17516627861694,0.239928198418994,0.92910568183392,"Gene0953"
10.7217196445716,-0.177325052907068,0.352808167466285,-0.502610396410433,0.615238218401651,0.989592197216116,"Gene0954"
18.2265844524365,0.166269054947401,0.312887262817791,0.531402440131375,0.595139930944355,0.989592197216116,"Gene0955"
93.2784426968401,0.1883239582077,0.266962365709394,0.705432609226662,0.48054105665676,0.988475261094077,"Gene0956"
148.248318457213,-0.140515014975148,0.259183092378687,-0.542145761459798,0.587718096205813,0.989592197216116,"Gene0957"
204.582261041331,0.384544102869832,0.225307750550958,1.70675044213741,0.0878684472215413,0.772573314719356,"Gene0958"
264.803024912839,0.520827945055245,0.277741249454876,1.87522719825548,0.060761473943637,0.722880005536248,"Gene0959"
222.621251357489,0.272848917163993,0.231240629317128,1.17993502253361,0.238026059144464,0.92910568183392,"Gene0960"
179.625132832634,-0.389968855588079,0.269349934334454,-1.447814927268,0.147668816900985,0.872600384978322,"Gene0961"
72.409123957209,0.561061730468163,0.252487640497091,2.22213542557394,0.026274154826912,0.530791006604282,"Gene0962"
18.030280765328,0.175401941960016,0.358450830111125,0.489333340100337,0.624605720897958,0.989592197216116,"Gene0963"
22.4099227897004,-0.137962453803155,0.290581632269988,-0.474780366279209,0.634943528622274,0.989592197216116,"Gene0964"
81.8948732229035,-0.0304838322124979,0.225404444429234,-0.135240599579519,0.892421648119286,0.995069104386573,"Gene0965"
420.282001374721,0.179405777562284,0.297733366882406,0.60257195705291,0.546793480533515,0.989592197216116,"Gene0966"
409.014849575826,0.240148172537445,0.254756787534875,0.942656621090302,0.345856568238139,0.97219299808852,"Gene0967"
4.72554157768464,1.84335523066196,0.509784261470735,3.61595162891818,0.0002992462552811,0.0147775928533877,"Gene0968"
18.6573093438594,0.303199362189099,0.326481934004617,0.928686492603329,0.353051582871689,0.97219299808852,"Gene0969"
284.992739351066,-0.86325102227572,0.207131349333838,-4.16765026178824,3.07755638395004e-05,0.00161976651786844,"Gene0970"
13.8943633100862,-0.0354003022968185,0.317872792187669,-0.11136625457368,0.911325918515263,0.995069104386573,"Gene0971"
7.39693720615721,0.0969548787378771,0.360312116380277,0.269085812911021,0.787863647589073,0.99333153611013,"Gene0972"
108.156998710936,0.015801275814689,0.272839644189316,0.0579141490293285,0.953817012743771,0.997455699601329,"Gene0973"
385.338669855197,0.221041563246999,0.235115954765135,0.940138509391269,0.34714651793668,0.97219299808852,"Gene0974"
514.681650224252,-0.341123701235418,0.29779050072377,-1.1455157246666,0.251995585400535,0.939142459455892,"Gene0975"
98.0303025926163,-0.0171330549628515,0.221150960806371,-0.0774722158130364,0.938247893397672,0.995069104386573,"Gene0976"
136.743374828827,0.57999606230789,0.294668936407764,1.96829726736207,0.0490338441928637,0.685085529328067,"Gene0977"
96.9617439778394,-0.121102273031322,0.246936175273125,-0.49041932757473,0.623837202759207,0.989592197216116,"Gene0978"
49.4516923313793,0.18803561033059,0.264778916578702,0.71016081174537,0.477604419202024,0.987683407884118,"Gene0979"
1.15370637439802,1.11745278023283,0.835337571655889,1.33772599024573,0.180985775390585,0.88770084566211,"Gene0980"
129.237924855462,0.079707037634648,0.2034869634705,0.391705867910321,0.695275553864543,0.992240177738971,"Gene0981"
37.4683586698679,-0.109183081063033,0.310238530160025,-0.351932691940987,0.724888741023944,0.99333153611013,"Gene0982"
163.772603727659,-0.02131790973456,0.254782897080291,-0.0836708820680455,0.933318108684999,0.995069104386573,"Gene0983"
21.1518856428731,-0.255384170869994,0.278196988495056,-0.917997611158657,0.35862011650059,0.974511186142908,"Gene0984"
8.2250664181648,-0.25112719767035,0.394489292251396,-0.636588121916157,0.524393164241842,0.989592197216116,"Gene0985"
200.257376349331,-0.306333479040222,0.229520620506808,-1.33466648165992,0.181985528494465,0.88770084566211,"Gene0986"
61.430435005015,-0.447540120938405,0.279123212176676,-1.60337836989038,0.108851143529234,0.80296587769292,"Gene0987"
3210.10523889139,0.0688077874705807,0.245906370867397,0.279812951685114,0.779621014466641,0.99333153611013,"Gene0988"
149.62830385836,0.496400929111076,0.266423659875613,1.8632013738676,0.0624339396721296,0.730221516633094,"Gene0989"
172.865605098863,-0.209033746333694,0.245285037471483,-0.852207490878834,0.394098939750822,0.985240646476599,"Gene0990"
134.220032867387,-0.152332168141626,0.226820048341667,-0.671599222623225,0.50183887331121,0.989592197216116,"Gene0991"
24.0298367276434,0.0012187594015334,0.265429438732833,0.00459165120248829,0.996336405270368,0.999979708961714,"Gene0992"
34.0476534082697,0.0118119105712144,0.26856440151964,0.0439816688450816,0.964919015869025,0.998072792424686,"Gene0993"
190.01357732424,0.0119018982455485,0.258951429808355,0.0459618942994711,0.963340621737378,0.998072792424686,"Gene0994"
185.469777115062,0.0314988349180846,0.267343107165595,0.11782175815954,0.906208889108307,0.995069104386573,"Gene0995"
107.701043659412,-0.220843764059103,0.283983224144914,-0.777664824124994,0.436766634481824,0.985948027515532,"Gene0996"
13.2862583554678,-0.43848696346716,0.326877394809649,-1.34144168556686,0.179777090983163,0.886693420385514,"Gene0997"
367.197824461147,-0.412695977847558,0.255164711903594,-1.6173708925844,0.105798244891136,0.794679342487159,"Gene0998"
12.0224346939701,-0.234996211053548,0.362926716344647,-0.647503202355565,0.517306322611917,0.989592197216116,"Gene0999"
31.5284366434174,-0.252977932079426,0.295160257531259,-0.857086703322971,0.391396969114482,0.985240646476599,"Gene1000"
902.973925887615,0.207431008960072,0.250052514534811,0.829549782156637,0.406793379413431,0.985948027515532,"Gene1001"
106.327086785291,0.514663606663178,0.240734521601468,2.13788867188394,0.0325257798752594,0.599630239142864,"Gene1002"
168.20598993148,0.0178285012459034,0.258580552173746,0.0689475720274743,0.94503135158481,0.995497283035214,"Gene1003"
103.964751317767,0.444354777112351,0.244975274321842,1.81387602623345,0.0696968143992535,0.772193421375786,"Gene1004"
13.2264843162316,-0.0780671863934632,0.358692102858542,-0.217644006576444,0.827706493999842,0.993862929817308,"Gene1005"
24.3609128791109,0.188133055686782,0.281316811894844,0.668758665433424,0.503649438001432,0.989592197216116,"Gene1006"
73.9178351366425,-0.215473931801132,0.257418865371033,-0.837055712643889,0.402561252702495,0.985948027515532,"Gene1007"
1.69778127312023,-0.625974346777926,0.666020102263533,-0.939873052856051,0.347282681159085,0.97219299808852,"Gene1008"
18.5486429243747,0.038800363726984,0.285964044663873,0.135682665184676,0.892072152156063,0.995069104386573,"Gene1009"
139.848857215629,-0.416031938207094,0.280076922358934,-1.48542027205628,0.137432528883779,0.860252764629652,"Gene1010"
41.3396288254607,-0.590645407835544,0.258013700883544,-2.2892017199588,0.0220676347192845,0.479731189549663,"Gene1011"
25.6125522278422,-1.47061188368379,0.25818497075914,-5.69596239223282,1.22677919312188e-08,7.4350254128599e-07,"Gene1012"
140.041143349941,-0.249568362663938,0.237628027489329,-1.05024800862409,0.293604102091481,0.961193054182653,"Gene1013"
23.0506907052395,0.0598847875200642,0.333436862002192,0.179598581753899,0.857467718174211,0.995069104386573,"Gene1014"
124.872227304421,-0.0748582044252228,0.226868324116066,-0.329963227422288,0.74142774769675,0.99333153611013,"Gene1015"
9.6904411990397,0.777927221335947,0.331203553888123,2.34878887078223,0.0188345831118734,0.43996843547195,"Gene1016"
10.8558791959288,-0.0470693817569875,0.337494464716705,-0.13946712221339,0.88908103466813,0.995069104386573,"Gene1017"
5.87629945196548,-0.208611707925828,0.402298778026049,-0.518549196071187,0.604075144877751,0.989592197216116,"Gene1018"
59.0592579035239,0.197263848644769,0.271612006358083,0.72627072451541,0.467672822613827,0.985948027515532,"Gene1019"
43.0505079126548,0.366402211495792,0.251739101319996,1.45548391002653,0.145535341435224,0.872600384978322,"Gene1020"
311.840468390762,0.216624457247642,0.2631994593762,0.823042941505489,0.410483574332687,0.985948027515532,"Gene1021"
48.1325650547206,-0.319848437992301,0.268000934024308,-1.19346016146082,0.232689205532161,0.927882199973815,"Gene1022"
259.643182012206,0.0227561824766461,0.241418073312622,0.0942604758806859,0.924902245755403,0.995069104386573,"Gene1023"
579.367625418094,0.166836858510941,0.213412445709396,0.781757867758674,0.434356886090269,0.985948027515532,"Gene1024"
33.6946394389859,0.263124758722777,0.256179430770546,1.02711118504456,0.304368112459453,0.971646009447574,"Gene1025"
87.1147529017745,0.216456413750894,0.287174633474452,0.753744894289734,0.45100241876713,0.985948027515532,"Gene1026"
19.847013480623,0.00595949196368376,0.346442912287537,0.0172019451179811,0.986275510439819,0.999979708961714,"Gene1027"
132.62362275352,-0.180074285389756,0.224213372173521,-0.803138027157426,0.421894960440768,0.985948027515532,"Gene1028"
13.3285544610501,0.347791402101995,0.34306162811491,1.01378695137977,0.310684422983505,0.97219299808852,"Gene1029"
15.926794358697,-0.65846725155032,0.329551884394202,-1.99806853710075,0.0457092302148255,0.679324331631073,"Gene1030"
77.6058984370888,0.534831231148584,0.280745370368739,1.90504025211928,0.0567748389632458,0.711240590307645,"Gene1031"
65.2406475506442,-0.57831362512574,0.252530226789043,-2.29007684537047,0.0220168623667959,0.479731189549663,"Gene1032"
78.5969256631099,0.277509916059569,0.234783948173897,1.18197993609864,0.237213662066232,0.92910568183392,"Gene1033"
48.9773480648761,0.060120585651409,0.252049766058268,0.238526647303098,0.811472650127576,0.993862929817308,"Gene1034"
27.8834990409738,0.188242185698607,0.260120997988201,0.72367162649109,0.469267356377424,0.985948027515532,"Gene1035"
45.9482310106326,0.613601852998511,0.300495268207452,2.0419684365043,0.0411546623542732,0.649891973365859,"Gene1036"
411.280165793813,-0.191604954443277,0.25100244596005,-0.763358913537333,0.445249376020516,0.985948027515532,"Gene1037"
53.2296383892791,-0.0942206339912324,0.248409083622622,-0.379296250431689,0.704467883730726,0.992240177738971,"Gene1038"
10.6588995265338,-0.459832462544092,0.321226361153004,-1.43149043214753,0.152289707171407,0.872600384978322,"Gene1039"
21.694375879788,0.555614544297091,0.257633559426853,2.15660780192279,0.0310362361256895,0.588364665889849,"Gene1040"
16.7558199565229,0.378211394875656,0.331527022582951,1.14081619027307,0.253946421725348,0.939142459455892,"Gene1041"
18.6508511387832,-0.449811732099595,0.317981024046975,-1.41458671456176,0.157189706330103,0.87554390210658,"Gene1042"
9.73648155248709,0.166927710691486,0.379886868814616,0.439414268812081,0.660361389357654,0.991806639138922,"Gene1043"
2.05655921004976,-0.33892427370172,0.600151236609123,-0.564731442722095,0.572256444222364,0.989592197216116,"Gene1044"
130.19851546941,-0.494188945998576,0.273808746061526,-1.80486910336871,0.0710951676334614,0.772193421375786,"Gene1045"
104.852825955962,-0.590811207988901,0.285180741643457,-2.07170794417652,0.0382926860362594,0.63556325371385,"Gene1046"
39.1980222023231,0.0269455438288443,0.327448278227273,0.0822894656057472,0.934416531238685,0.995069104386573,"Gene1047"
18.299249036743,-0.286312234342435,0.313082731255071,-0.914493856606785,0.360457404489882,0.978838844507486,"Gene1048"
17.1693329635948,0.0898569718723868,0.31955919447116,0.281190381710317,0.778564381459404,0.99333153611013,"Gene1049"
86.3547194608306,0.323284454759873,0.329529645118053,0.981048168349337,0.326568988602198,0.97219299808852,"Gene1050"
71.8693835260675,0.058929194427597,0.244489590051909,0.241029462297701,0.809532281945136,0.993862929817308,"Gene1051"
99.6422189606141,0.504103211293613,0.291992994347003,1.72642228085287,0.0842714702129429,0.772573314719356,"Gene1052"
46.2705717513601,-0.0198497175522001,0.251649969419794,-0.0788782831882147,0.937129436916861,0.995069104386573,"Gene1053"
103.940033666132,0.0605056697997061,0.295837671267639,0.204523208759873,0.837944657317229,0.993862929817308,"Gene1054"
91.4581947897038,0.0801899842037982,0.26919345145252,0.297889802932082,0.765787270922492,0.99333153611013,"Gene1055"
116.939533076353,0.0848129461269455,0.270320355766483,0.313749757714182,0.753711106311863,0.99333153611013,"Gene1056"
113.552346625049,0.179095779871189,0.257071240011786,0.696677620814285,0.486004567137315,0.989340724987449,"Gene1057"
357.060005288808,0.173187303870167,0.214940811418113,0.805744161509074,0.420390380361036,0.985948027515532,"Gene1058"
13.2142276827957,0.816294495141894,0.379926789565677,2.14855734725909,0.0316695058512406,0.594732504248649,"Gene1059"
384.685334349069,0.0106059446608576,0.234186946000586,0.0452883682971425,0.963877458680903,0.998072792424686,"Gene1060"
22.2864869692731,-2.53838147942956,0.292985251117658,-8.66385413513593,4.56076868595812e-18,4.24257552182151e-16,"Gene1061"
46.8820426160658,0.161871106795395,0.275386279973234,0.587796555482457,0.556668856334492,0.989592197216116,"Gene1062"
50.1830859373213,0.429058159799643,0.294290248942572,1.45794215520667,0.144856487808053,0.872600384978322,"Gene1063"
34.4739200050071,-0.0835722285947415,0.252261590660223,-0.331291927463134,0.740423988312214,0.99333153611013,"Gene1064"
2.00273551291697,0.623432979474774,0.610857299765142,1.020586935303,0.307450181840714,0.97217448803388,"Gene1065"
30.8585891145799,0.314518780145279,0.324333153615005,0.969739838926934,0.332176187156598,0.97219299808852,"Gene1066"
52.4659009406305,0.317274302937931,0.254463860395688,1.24683443238098,0.212458212344654,0.919858845236042,"Gene1067"
5.9461090843233,0.479709096923571,0.420962284923689,1.139553622982,0.254472316064393,0.939142459455892,"Gene1068"
104.755279568294,0.0127501508610458,0.242255613737061,0.0526309820621308,0.958025931057034,0.998072792424686,"Gene1069"
29.7334466985612,0.727750285978956,0.32429851077801,2.24407532502399,0.0248275552713909,0.511908356111152,"Gene1070"
290.381618099855,-0.17114045598783,0.249512138510469,-0.685900321361117,0.492775967537211,0.989592197216116,"Gene1071"
77.5648935403595,-0.112364507259375,0.269414596873523,-0.417069114158372,0.676627855369294,0.992240177738971,"Gene1072"
17.7403948691938,-0.40491261682017,0.306878227308811,-1.31945697279041,0.187016385683988,0.888310428362108,"Gene1073"
73.8511206217457,0.180756214381333,0.247895546226622,0.729162815277399,0.465902074142375,0.985948027515532,"Gene1074"
73.0014955848967,-0.213120682680875,0.275208238254869,-0.774397903319688,0.438695523161146,0.985948027515532,"Gene1075"
158.275082279312,-0.190171753647427,0.259154861405494,-0.733815111999268,0.463061428990708,0.985948027515532,"Gene1076"
46.0310037401502,-0.0376698996157418,0.235404715511103,-0.160021856545882,0.872863857043408,0.995069104386573,"Gene1077"
4.18219214026706,-0.207717825438645,0.437751931033898,-0.4745103578368,0.635136013532425,0.989592197216116,"Gene1078"
9.92047400389673,-0.243327713097961,0.329782874125964,-0.737842174924522,0.460610361233662,0.985948027515532,"Gene1079"
18.8012059142718,-0.297979887037768,0.278065689911741,-1.07161687992628,0.283892148443081,0.956043291201446,"Gene1080"
82.5146598357333,0.270871474722787,0.228999944228142,1.18284515586139,0.236870520709515,0.92910568183392,"Gene1081"
37.7436001999779,0.230810361301809,0.319737268388853,0.721875064689382,0.470371293129835,0.985948027515532,"Gene1082"
26.7811970912888,0.343971507306766,0.29258457314599,1.17563104441305,0.239742344448876,0.92910568183392,"Gene1083"
18.8306553938388,0.011672719836821,0.310877484047641,0.0375476528079216,0.970048345466852,0.999979708961714,"Gene1084"
72.0638512358244,-0.099511567846881,0.259241354214923,-0.383856843165468,0.701084554592334,0.992240177738971,"Gene1085"
17.8791669603195,0.465801334375813,0.278889707938791,1.67019908270708,0.0948799814521468,0.785797863323545,"Gene1086"
37.5986453473464,-0.290382855661925,0.246568401831573,-1.17769695348182,0.238917441890694,0.92910568183392,"Gene1087"
21.5384467485003,0.237091850221853,0.303970260218537,0.779983706469828,0.435400465768174,0.985948027515532,"Gene1088"
8.18938264969283,0.454764900363508,0.372202411346088,1.22182147804693,0.221775144518825,0.919858845236042,"Gene1089"
200.485383234158,-0.102921903803305,0.239073013917582,-0.430504062824866,0.666829011931083,0.992240177738971,"Gene1090"
11.3213569471341,0.112004832568956,0.334117308937397,0.335226070523458,0.737454557234057,0.99333153611013,"Gene1091"
62.8879988835261,0.0792396124693755,0.263092613798189,0.301185241673709,0.763273243081037,0.99333153611013,"Gene1092"
29.6615206627242,0.142265613151467,0.304782218712622,0.466777929999942,0.640658767515785,0.989592197216116,"Gene1093"
12.2021697331168,-0.479280059666676,0.387984378740779,-1.23530762043101,0.216716038711655,0.919858845236042,"Gene1094"
70.3580307842847,0.823317694415663,0.345098266187902,2.38574856811183,0.0170443996233262,0.417792194437268,"Gene1095"
89.8984182036769,0.431751614524641,0.302188333250511,1.42875011050385,0.153076069418066,0.872600384978322,"Gene1096"
261.812202895237,-0.329606445262619,0.312967138638586,-1.05316630588251,0.292264778065836,0.960519369609467,"Gene1097"
83.7805433035037,0.100088802353659,0.217000868389916,0.461236874747503,0.644628668566601,0.990448176597679,"Gene1098"
44.5345795861975,-0.253951683154456,0.246595297415057,-1.02983181681286,0.303088962232651,0.970716290657991,"Gene1099"
1056.91161368429,-0.107529273051825,0.256773871397142,-0.418770307378799,0.675384007115092,0.992240177738971,"Gene1100"
23.5408145363459,-0.0477634441352725,0.326244554192268,-0.14640380512566,0.883602623622397,0.995069104386573,"Gene1101"
13.3832616691143,0.171816389493444,0.30941572888488,0.555293003728876,0.578694263492473,0.989592197216116,"Gene1102"
28.8478264994003,-0.680072181624677,0.326002184116532,-2.08609701026291,0.0369698364759257,0.626045953549491,"Gene1103"
43.2976093068032,-0.257580152100386,0.264244938380887,-0.97477799831725,0.329670393026962,0.97219299808852,"Gene1104"
124.975089695629,-0.365396807424981,0.224385945283324,-1.62843001135213,0.103433738348426,0.792500650888625,"Gene1105"
83.4416733709485,0.0881036757251262,0.259239022232421,0.339854991607462,0.733965732716729,0.99333153611013,"Gene1106"
55.2096585987992,0.0945171397798387,0.250845125139846,0.376794804073412,0.706326102395006,0.992240177738971,"Gene1107"
19.0351620691707,-0.369078188850854,0.277533605297755,-1.32985044623653,0.183567551090104,0.88770084566211,"Gene1108"
245.650829020414,0.0449730914720196,0.231236532641349,0.19448955992509,0.845792569628326,0.995069104386573,"Gene1109"
145.952604364609,0.070164865205419,0.232383178344584,0.301936076893555,0.762700793064787,0.99333153611013,"Gene1110"
22.2488384206124,0.262114990840413,0.346878336850909,0.755639551376977,0.449865335696964,0.985948027515532,"Gene1111"
115.258449351601,-0.0689569632847782,0.24055859843365,-0.286653496211642,0.774377648447917,0.99333153611013,"Gene1112"
98.4074980760117,-0.121672116994312,0.274859480846653,-0.44267025688735,0.658004258977689,0.991806639138922,"Gene1113"
180.514477481956,0.307936878192089,0.245131415813699,1.2562113965275,0.209039335879067,0.919858845236042,"Gene1114"
65.2148004663301,-0.200951067298821,0.288032379596204,-0.69766832319525,0.48538464262445,0.989340724987449,"Gene1115"
14.7262227458076,0.641884593499384,0.30027752178922,2.13763784140311,0.0325461479787281,0.599630239142864,"Gene1116"
110.020395558656,-0.557691782646289,0.267536897761872,-2.08454156160051,0.0371109338198552,0.626045953549491,"Gene1117"
21.858323362862,-0.195942009707116,0.313043827371454,-0.625925166301437,0.531364026763366,0.989592197216116,"Gene1118"
103.104555587015,0.139784343125402,0.229197710444898,0.60988542535641,0.541937707826039,0.989592197216116,"Gene1119"
377.056029206222,0.351609558548517,0.25096883822452,1.40100883056231,0.161211432468523,0.876928227579774,"Gene1120"
9.75204987811719,0.307188441881635,0.33270687528051,0.923300552844421,0.355850599867406,0.97219299808852,"Gene1121"
340.742339442852,0.222937915408592,0.271542528101755,0.821005523396509,0.411643122067501,0.985948027515532,"Gene1122"
262.821289856922,-0.293895139008931,0.305244225934601,-0.962819650753685,0.33563803741996,0.97219299808852,"Gene1123"
26.6623007597273,-0.340291921291317,0.278957179261417,-1.21987153079298,0.222513579630674,0.919858845236042,"Gene1124"
39.2936153031621,-0.00185248002427445,0.236810604976739,-0.00782262274299925,0.993758513744762,0.999979708961714,"Gene1125"
20.7327310205452,-0.0316062606347497,0.370346712537585,-0.0853423550547706,0.931989219873251,0.995069104386573,"Gene1126"
28.3036202625572,-0.563629912093768,0.331674086920139,-1.69934865074183,0.0892535109585024,0.772573314719356,"Gene1127"
112.755500808842,0.0211552695801133,0.304038674882129,0.0695808504898754,0.944527279088473,0.995497283035214,"Gene1128"
15.6136528758627,0.116026676298747,0.331360345346069,0.350152569335264,0.726224200365682,0.99333153611013,"Gene1129"
42.5734796956196,-0.0329222474518453,0.22527750550817,-0.146140855819496,0.883810194343994,0.995069104386573,"Gene1130"
45.1246281471001,-0.0909898702883768,0.270634616021885,-0.336209283298108,0.736713052917149,0.99333153611013,"Gene1131"
46.7128346701608,0.00731621529055386,0.306772602165614,0.0238489853360638,0.980973066497804,0.999979708961714,"Gene1132"
63.8143644755629,0.373146482787783,0.254761709515635,1.46468825121807,0.143005991814585,0.872600384978322,"Gene1133"
388.181999179888,-0.128580601367352,0.26993944522793,-0.476331279627482,0.633838384323286,0.989592197216116,"Gene1134"
29.4726463205568,0.247990927401942,0.30769869130483,0.805953793141952,0.420269492394432,0.985948027515532,"Gene1135"
19.8664360721486,-0.191507806584522,0.337626997947469,-0.567217099783942,0.570566691719288,0.989592197216116,"Gene1136"
144.690947235415,-0.294966388319402,0.290680899260899,-1.01474293312495,0.310228382867302,0.97219299808852,"Gene1137"
76.5370076360635,0.709332624922268,0.265265077885438,2.67405204852714,0.00749408194760073,0.245707604839368,"Gene1138"
68.8528092345717,-0.19002612822835,0.224555046753244,-0.846234056975631,0.397422186450253,0.985362226687973,"Gene1139"
116.751629193495,0.00066136675157859,0.22954930267652,0.00288115338999999,0.997701175373256,0.999979708961714,"Gene1140"
11.7026238355406,-0.133501402353299,0.357714843398067,-0.373206213880082,0.708994971741327,0.992240177738971,"Gene1141"
191.775314432507,-0.596369418914706,0.234149437867241,-2.54696071170086,0.0108665666547086,0.303272838416452,"Gene1142"
92.5507131006284,-0.368146727312173,0.319601568341264,-1.15189274327676,0.249365150573908,0.939142459455892,"Gene1143"
152.789839395908,-0.564307668169214,0.218844697387094,-2.57857592579026,0.00992084951435128,0.29788835614949,"Gene1144"
22.2797629538765,-0.282065680854326,0.277751386383837,-1.01553293586274,0.30985185481742,0.97219299808852,"Gene1145"
5.32969477789176,0.600540201033922,0.416609233494387,1.44149517761951,0.149444838739274,0.872600384978322,"Gene1146"
27.2055126552897,-0.235291411278359,0.240018123164601,-0.980306854232834,0.326934672356384,0.97219299808852,"Gene1147"
17.8111747547505,0.00338874888417683,0.319779911442718,0.0105971287217141,0.99154487285498,0.999979708961714,"Gene1148"
662.407506179715,-0.0625661165229213,0.252508835706513,-0.247777929623187,0.804306232146647,0.99333153611013,"Gene1149"
30.5090181370251,0.166987492871711,0.263044427627908,0.634826194105602,0.525541777476041,0.989592197216116,"Gene1150"
42.7756899599461,-0.0968506216790401,0.249056391732092,-0.388870251453821,0.69737212944364,0.992240177738971,"Gene1151"
187.546779764981,0.391457757395738,0.221858623523422,1.76444688594406,0.0776567702698301,0.772573314719356,"Gene1152"
98.7127593904264,-0.206902532262762,0.31475767557081,-0.657339116155138,0.510962890223358,0.989592197216116,"Gene1153"
125.803424317502,-0.138126236684627,0.273297447358151,-0.505406245172921,0.613273533370628,0.989592197216116,"Gene1154"
1213.2766782349,-0.564532438309436,0.224396825323738,-2.51577729540061,0.0118770205620939,0.327641946540522,"Gene1155"
59.159833911835,-0.0584854352396985,0.277817073514698,-0.210517786037381,0.833263571432764,0.993862929817308,"Gene1156"
547.177428627853,-0.365171959319721,0.27510665188849,-1.32738324141918,0.184381940480754,0.888310428362108,"Gene1157"
70.0021626554706,-0.585455280166368,0.299158344303175,-1.95700802372757,0.050346525008485,0.687324573494675,"Gene1158"
9.33824980657349,0.0012560750424962,0.375612549862584,0.00334407101934087,0.997331822336395,0.999979708961714,"Gene1159"
3.99464555501728,0.177702548894512,0.466264168278653,0.381119890791848,0.703114288560749,0.992240177738971,"Gene1160"
115.939693396787,-0.60048285590768,0.206302562618202,-2.91069024197714,0.00360631347858168,0.137383370612635,"Gene1161"
17.686904817334,-0.234435461551699,0.312216682283982,-0.750874232077272,0.452728349392715,0.985948027515532,"Gene1162"
60.6027116403522,-0.0492159337693737,0.248420577463722,-0.19811536657651,0.842954802330533,0.994617463315634,"Gene1163"
451.244727101878,-0.263032009845038,0.255806538463151,-1.02824584322706,0.303834198975951,0.970716290657991,"Gene1164"
80.2844184132272,-0.645539660953615,0.264875005786966,-2.43714826559668,0.0148036082089558,0.390828083317354,"Gene1165"
38.7408807044522,-0.172468261186053,0.423123543432083,-0.407607338006085,0.683561976140785,0.992240177738971,"Gene1166"
5.75663498670951,-0.211250951165785,0.380077581241294,-0.555810080867862,0.578340693328266,0.989592197216116,"Gene1167"
17.3791047279323,-0.858073047133451,0.298991235256683,-2.86989364887837,0.00410609878202291,0.153499019888707,"Gene1168"
27.3120273286903,0.0565434670429964,0.295147588570897,0.191576923656329,0.848073619931509,0.995069104386573,"Gene1169"
126.974229351217,-0.103642400064896,0.240086320636579,-0.431688068650027,0.665968140277884,0.992240177738971,"Gene1170"
107.694899254852,-0.0489871850127148,0.216801711119564,-0.225953867060112,0.821237301154969,0.993862929817308,"Gene1171"
53.8325156627421,-0.367427022878314,0.288862454964273,-1.27197916019844,0.203380523818749,0.919858845236042,"Gene1172"
58.8163863970769,0.286525018683474,0.272975193123605,1.04963757110974,0.293884776316346,0.961193054182653,"Gene1173"
37.1933940065378,-0.0819223322369638,0.340420922520597,-0.240650109371603,0.809826309567249,0.993862929817308,"Gene1174"
53.3531446404944,-0.349470339671068,0.235936384714358,-1.48120579237561,0.138551743158841,0.864597461209618,"Gene1175"
78.3799628612956,-0.157893713577692,0.249454188429404,-0.632956754792579,0.526761883686684,0.989592197216116,"Gene1176"
99.8021982115717,0.0342769124621082,0.267464146553453,0.128155167351591,0.898026178699982,0.995069104386573,"Gene1177"
473.600134849525,0.197032057483996,0.225023299806387,0.875607360009051,0.381243522869885,0.985240646476599,"Gene1178"
14.70553107142,0.0852826559749968,0.319185791557248,0.267188133779134,0.789324312017036,0.99333153611013,"Gene1179"
345.191630587918,0.386892507866674,0.275700905010009,1.40330517904041,0.160525854488702,0.876928227579774,"Gene1180"
125.107397968646,-0.649688022595474,0.231385501374822,-2.80781647395894,0.00498786434792959,0.176561569838216,"Gene1181"
8.48867062563667,-0.203796412231953,0.364841353939737,-0.558589123823983,0.576442164405548,0.989592197216116,"Gene1182"
41.8557917974779,0.098658710747328,0.25739911780044,0.383290788214035,0.701504168642554,0.992240177738971,"Gene1183"
20.5987394055597,0.0867873014225297,0.292371578359974,0.296839049504584,0.766589391177289,0.99333153611013,"Gene1184"
16.7241526247853,-0.145465892812613,0.307406701078996,-0.473203389197531,0.636068080012572,0.989592197216116,"Gene1185"
9.13822874671677,0.3311479870685,0.364868762229667,0.907581084894459,0.364099591564008,0.979139537995581,"Gene1186"
27.9046220101489,0.123685520773408,0.308039223138635,0.401525232771225,0.688033464459617,0.992240177738971,"Gene1187"
31.9761882242385,0.242826019109298,0.338389837788532,0.71759252788509,0.473008566200576,0.985948027515532,"Gene1188"
44.2269142440414,-0.156379771083435,0.238097697181142,-0.656788255135719,0.511317077159038,0.989592197216116,"Gene1189"
4.36540215643724,-0.0809677242990088,0.448377198246844,-0.180579486681287,0.856697658416438,0.995069104386573,"Gene1190"
94.2043036933305,0.115907737849919,0.249377370714126,0.464788515164793,0.642082913117006,0.989592197216116,"Gene1191"
122.13301602208,0.355400771489963,0.218074597769898,1.62972109142654,0.103160457613414,0.792500650888625,"Gene1192"
117.216282301043,-0.247832476290814,0.260721481241381,-0.950564085133307,0.341825707542559,0.97219299808852,"Gene1193"
131.360378917285,0.427195088065193,0.231289731191093,1.84701277426036,0.0647452889214158,0.746343388143122,"Gene1194"
64.7675686012941,0.276523086444591,0.225066746761591,1.22862702031014,0.219211679918417,0.919858845236042,"Gene1195"
334.346395233747,-0.0875590471813423,0.289512698240939,-0.302435947415591,0.762319754894769,0.99333153611013,"Gene1196"
14.057448430274,0.00016679954343315,0.33327907132057,0.000500480101472411,0.999600674670717,0.999979708961714,"Gene1197"
13.8653018177501,-0.0101777751296855,0.349913770660096,-0.0290865235468886,0.976795583903284,0.999979708961714,"Gene1198"
90.5209314503387,-0.315754586649237,0.219079167176778,-1.44128075123844,0.149505383048756,0.872600384978322,"Gene1199"
80.7391045023239,-0.148659603137086,0.264923506140864,-0.561141611413074,0.574701003191838,0.989592197216116,"Gene1200"
26.1855660606725,-0.199109061928498,0.339506853726577,-0.586465515329041,0.557562728844197,0.989592197216116,"Gene1201"
53.4782137552336,-0.0642867306196762,0.278588015420653,-0.230759139163279,0.817501926737694,0.993862929817308,"Gene1202"
90.4141390866214,-0.768835220414741,0.255728741053971,-3.00644822809526,0.00264319059124573,0.108997550154463,"Gene1203"
68.4682138055715,-0.126004982368084,0.252902877276914,-0.498234673028714,0.618318646385901,0.989592197216116,"Gene1204"
134.559261143037,-0.183119078927022,0.197445020130465,-0.927443390600703,0.35369637083281,0.97219299808852,"Gene1205"
156.025414448823,0.292905379207196,0.260451317009127,1.12460701896521,0.260755598092867,0.939142459455892,"Gene1206"
3.0882753635866,-0.0558535326504631,0.51190547502291,-0.109109074576636,0.913115977392338,0.995069104386573,"Gene1207"
435.764268234375,-0.185454246708787,0.319922478726002,-0.579684951952437,0.562127092971548,0.989592197216116,"Gene1208"
82.6838505974649,0.291741997681411,0.263191600325613,1.10847761600475,0.267655600944929,0.939142459455892,"Gene1209"
26.9627390054745,-0.160771202021456,0.273370025127463,-0.58810837781682,0.556459550149961,0.989592197216116,"Gene1210"
11.3320352875855,-0.418402362132831,0.315437553166996,-1.32641899460628,0.184700950554093,0.888310428362108,"Gene1211"
142.413106759404,0.401555516366329,0.242822890928862,1.65369712398313,0.0981890673103212,0.785797863323545,"Gene1212"
78.142742453233,-0.19825311637449,0.266924772736857,-0.742730299408869,0.45764498169725,0.985948027515532,"Gene1213"
195.325233815893,0.0622286976934181,0.230562828388429,0.269899090535884,0.787237886867399,0.99333153611013,"Gene1214"
47.0039909547009,0.217725636986587,0.2257146270479,0.964605793759138,0.334742296373249,0.97219299808852,"Gene1215"
43.9175846397388,-0.0171464058583607,0.278698773404843,-0.0615230761473553,0.950942637105938,0.997126868908422,"Gene1216"
836.613459145495,0.252508156754129,0.269559772022305,0.936742730043693,0.348890910656952,0.97219299808852,"Gene1217"
4.65754217046196,0.34284118338814,0.443818545392486,0.772480525988279,0.43982987651405,0.985948027515532,"Gene1218"
86.8216194192085,-0.0555245588729829,0.262074216178624,-0.211865782458884,0.832211746225239,0.993862929817308,"Gene1219"
84.2178826008137,-0.373122597210958,0.254754099320032,-1.46463824608462,0.143019641481245,0.872600384978322,"Gene1220"
81.515736558074,0.416964525413304,0.2434712485999,1.71258219527394,0.0867894311550707,0.772573314719356,"Gene1221"
107.778411904287,-0.101994686694051,0.185688508582063,-0.549278398932132,0.582814409066227,0.989592197216116,"Gene1222"
37.7482644340602,0.147545679390851,0.292148965709068,0.505035775268779,0.613533708952911,0.989592197216116,"Gene1223"
222.104915200699,-0.0755231173596765,0.258395071813292,-0.292277700304777,0.770074307364913,0.99333153611013,"Gene1224"
2.6058400139027,0.0698043726625647,0.554487236378578,0.125889953966236,0.899819034981177,0.995069104386573,"Gene1225"
19.8518323204748,-0.386850123760921,0.318036750017877,-1.21636925210428,0.223844291529303,0.919858845236042,"Gene1226"
47.3251148172167,0.131400118186399,0.266102355882369,0.493795395950892,0.621450685021788,0.989592197216116,"Gene1227"
64.8732021193318,-0.206540709751057,0.263522229136815,-0.783769591004126,0.433175320010433,0.985948027515532,"Gene1228"
92.4506200520776,-0.106319176774883,0.249631025521507,-0.425905299843119,0.670176852907776,0.992240177738971,"Gene1229"
123.39530441572,0.0848673091643969,0.240675224363174,0.352621709978481,0.724372059608541,0.99333153611013,"Gene1230"
9.99626675324761,-0.40148654515751,0.336556174470872,-1.19292580440314,0.232898432193428,0.927882199973815,"Gene1231"
57.0903540324524,0.112392949800837,0.265297455555628,0.423648804190174,0.671821957090777,0.992240177738971,"Gene1232"
108.937167066821,-0.222357251320926,0.236456415602637,-0.940373094780374,0.347026218033921,0.97219299808852,"Gene1233"
267.793704950822,-0.0184580654610516,0.285343426071638,-0.064687193657013,0.94842305944744,0.996539932531957,"Gene1234"
47.7714526115864,-0.624054250482246,0.276996845163805,-2.25292909062992,0.0242636203007016,0.502872959600033,"Gene1235"
453.827734375487,0.342217440411845,0.27723228073751,1.23440690060139,0.217051318942627,0.919858845236042,"Gene1236"
41.8130960888393,0.632826391265428,0.2794588390519,2.26447083732393,0.0235451714322886,0.495687819627129,"Gene1237"
44.5248376939235,0.0169593569218635,0.306550706120737,0.0553231703050913,0.955881003197261,0.997727678819377,"Gene1238"
69.2004962237451,0.165412437270306,0.242737009982716,0.681447123708431,0.495588613712465,0.989592197216116,"Gene1239"
28.7405591468895,0.245154181833604,0.261911815599911,0.936018030618728,0.34926390435305,0.97219299808852,"Gene1240"
119.58989378691,0.329238348862695,0.242228389431234,1.3592062831106,0.17408123085754,0.884104075288354,"Gene1241"
9.33806805956612,-0.261686778694637,0.370621483807798,-0.706075578798196,0.480141137819941,0.988475261094077,"Gene1242"
50.6169787910867,-0.328764475772287,0.229523432672653,-1.43237869852344,0.152035471404396,0.872600384978322,"Gene1243"
24.6564320870604,-0.162312957311205,0.271424043367896,-0.598005082000792,0.549836542131183,0.989592197216116,"Gene1244"
24.3994180201993,-0.148220951387245,0.35307280808697,-0.419802794189507,0.674629523504672,0.992240177738971,"Gene1245"
225.269628500534,0.458203160981167,0.281470253901052,1.62789195174508,0.103547798268403,0.792500650888625,"Gene1246"
180.32093620404,0.168474352771261,0.261212002999183,0.644971712007385,0.518945517609263,0.989592197216116,"Gene1247"
299.403339273903,-0.0660180342172522,0.27931523344207,-0.236356726425895,0.813155872255243,0.993862929817308,"Gene1248"
41.3086443979506,-0.431671162717335,0.247720696483409,-1.74257205330539,0.0814083952122894,0.772573314719356,"Gene1249"
60.2928020094688,0.309474510386143,0.246500597136961,1.25547164583213,0.209307594878236,0.919858845236042,"Gene1250"
7.93461058195365,-0.108905054044749,0.357674305364348,-0.304481066745377,0.760761414982036,0.99333153611013,"Gene1251"
37.3346186875126,-0.960878094714209,0.29454407710593,-3.26225570093076,0.00110529395432973,0.0514090211316154,"Gene1252"
546.920639206126,-0.377430017240534,0.249854189301618,-1.51060111617704,0.13089010942737,0.851547482013261,"Gene1253"
34.3122936319827,-0.337479118433474,0.300349267982047,-1.12362224386592,0.261173315479459,0.939142459455892,"Gene1254"
10.7414649272813,0.0803922129723015,0.348630529071317,0.230594300466028,0.817629995864982,0.993862929817308,"Gene1255"
56.3247975014663,0.616756494969004,0.29463564807301,2.09328538146265,0.0363236868233522,0.626045953549491,"Gene1256"
241.474573990042,0.10143810980036,0.247776774919938,0.409393131511768,0.682251179371429,0.992240177738971,"Gene1257"
7.69423822140633,0.343765046791636,0.362451186116959,0.948445087115005,0.342902915526287,0.97219299808852,"Gene1258"
40.2215368994449,-0.395655012527373,0.3470011126826,-1.14021251824998,0.254197773436537,0.939142459455892,"Gene1259"
84.2741033467306,0.312747118069966,0.306832995564633,1.01927472791656,0.308072558347232,0.97219299808852,"Gene1260"
537.132061923284,-0.308169148797081,0.251731055540615,-1.22419996267549,0.220876803269641,0.919858845236042,"Gene1261"
24.4229329781536,0.195124597044136,0.268854640204551,0.725762430195293,0.467984422284493,0.985948027515532,"Gene1262"
343.338536383208,-0.107679836112897,0.261332744082537,-0.412041118272146,0.680309285412462,0.992240177738971,"Gene1263"
31.1225992939968,-0.187694384339517,0.294833600558371,-0.636611240998487,0.524378101301856,0.989592197216116,"Gene1264"
18.4076898092373,0.0608236435560157,0.308883851669346,0.196914287449142,0.843894612813082,0.994770994247231,"Gene1265"
15.397196261458,-0.410275792277963,0.281953325368101,-1.45511953704512,0.145636171353258,0.872600384978322,"Gene1266"
42.46904270954,0.281124564188282,0.255546675157731,1.10009086995463,0.271292531436637,0.944980655332416,"Gene1267"
55.8843156165226,-0.163133594951774,0.245542036364967,-0.664381534692892,0.506446148157858,0.989592197216116,"Gene1268"
38.1996017351103,0.0911734461156391,0.285186750580432,0.319697341934984,0.749197774951844,0.99333153611013,"Gene1269"
183.547370521385,-0.320630219848666,0.309246757881156,-1.03681028718136,0.299824280320567,0.966395746399893,"Gene1270"
71.122311866385,-0.13065796760472,0.278443307732365,-0.469244417001057,0.638894940142868,0.989592197216116,"Gene1271"
47.0648643518831,-0.060531728928208,0.252060038686947,-0.240148058548015,0.810215478737657,0.993862929817308,"Gene1272"
23.2654612845679,0.165567191173501,0.323862563876195,0.511226704290506,0.609192321685046,0.989592197216116,"Gene1273"
10.1841807776936,-0.590483714384833,0.350945586527021,-1.68255062053436,0.0924621176874171,0.777551211643128,"Gene1274"
5.02535430386288,0.244588217162827,0.438050221645081,0.558356565245613,0.576600926184006,0.989592197216116,"Gene1275"
82.4108649835011,0.287827771064437,0.241860620130267,1.19005636762782,0.234024238000579,0.92910568183392,"Gene1276"
46.0717002918418,-0.0386159816037172,0.278130769325614,-0.138841098729744,0.889575716396272,0.995069104386573,"Gene1277"
273.882050264845,0.236572383222779,0.255310671777309,0.926605932983192,0.354131173347124,0.97219299808852,"Gene1278"
73.3292686857604,0.116788344222848,0.207450376006261,0.562970029127944,0.573455292584956,0.989592197216116,"Gene1279"
141.862649679397,-0.149326155471597,0.196601407502548,-0.759537570806361,0.447531048094681,0.985948027515532,"Gene1280"
62.2199232131739,0.0437913820042196,0.295000932825699,0.148444893325451,0.881991672755733,0.995069104386573,"Gene1281"
22.2249481814433,-0.513660423091607,0.260529902273926,-1.9715987247849,0.0486554328944022,0.685085529328067,"Gene1282"
80.8763044621166,-0.128579561836427,0.213569312812318,-0.602050735394842,0.547140365966067,0.989592197216116,"Gene1283"
73.8571906817824,-0.0507151033809625,0.23723123730232,-0.213779196861554,0.830719248432826,0.993862929817308,"Gene1284"
19.8276728156532,0.0624544687547581,0.261136914363873,0.239163692758247,0.810978654762367,0.993862929817308,"Gene1285"
49.1005748070881,0.170857407930742,0.25829896816967,0.661471507770447,0.50830998092705,0.989592197216116,"Gene1286"
616.215013456756,-0.234530068689848,0.16926298811894,-1.38559570108171,0.165870391654107,0.884104075288354,"Gene1287"
14.8290413215802,0.111959882721761,0.356710831485782,0.31386734811338,0.753621790535832,0.99333153611013,"Gene1288"
327.875907977316,-0.303574688040362,0.290247216226536,-1.04591765594549,0.295599051919882,0.962079908608239,"Gene1289"
35.2768882528957,0.127794778834872,0.266284183567109,0.479918773706158,0.631285151337594,0.989592197216116,"Gene1290"
345.193873251847,-0.0387462230093501,0.221121014915421,-0.175226325838684,0.860901799312657,0.995069104386573,"Gene1291"
16.894602318359,0.410540620998006,0.333954480829867,1.22933107523464,0.218947700727215,0.919858845236042,"Gene1292"
41.5222127902577,-0.249841587241236,0.329923540398034,-0.757271175436033,0.44888741615912,0.985948027515532,"Gene1293"
73.3588598531231,0.282495689699816,0.226821086527219,1.24545602891253,0.212964168959748,0.919858845236042,"Gene1294"
48.9366959190903,0.514047764798156,0.291038088009188,1.76625598496211,0.0773529123233489,0.772573314719356,"Gene1295"
103.025521657092,-0.10242061413903,0.269674592940923,-0.379793339157711,0.704098827120965,0.992240177738971,"Gene1296"
36.6676877627894,-0.250580877637152,0.243393664768382,-1.0295291698558,0.303231079800322,0.970716290657991,"Gene1297"
218.411521150273,0.0507873347452522,0.226256516720574,0.224467942322184,0.822393208807628,0.993862929817308,"Gene1298"
66.0772439247029,0.471434974626315,0.226424623017646,2.08208351345947,0.0373348421659987,0.626045953549491,"Gene1299"
123.625433141977,-0.197145904997055,0.280917268712415,-0.701793470727784,0.482807971237126,0.989102288024907,"Gene1300"
11.8301531245475,0.519366291417175,0.553590938617429,0.938177009750686,0.348153451144037,0.97219299808852,"Gene1301"
27.2162450509649,0.278996148798354,0.282233579868424,0.98852924917163,0.322893516994694,0.97219299808852,"Gene1302"
166.067437341985,-0.0662821963062453,0.28518414868543,-0.232418935665871,0.816212643023748,0.993862929817308,"Gene1303"
91.9314248512077,-0.00256319081407352,0.262432117556306,-0.00976706219475432,0.992207135771303,0.999979708961714,"Gene1304"
44.3374761508085,-0.196703241330879,0.258177481627442,-0.761891548755316,0.446124734413044,0.985948027515532,"Gene1305"
45.2254038531732,-0.437786785846917,0.253540363071873,-1.72669463963343,0.0842225188682943,0.772573314719356,"Gene1306"
132.031510510959,0.0728628123605329,0.288631211684485,0.252442595987098,0.800698979155456,0.99333153611013,"Gene1307"
49.2059344289095,-0.0461832765501346,0.32067696520687,-0.144018066655775,0.885486203233018,0.995069104386573,"Gene1308"
57.1879837772437,0.148969805624217,0.254596690810535,0.585120745874408,0.558466530265968,0.989592197216116,"Gene1309"
7.86889390495246,0.268437280354584,0.392252414530762,0.684348318609349,0.493755242438314,0.989592197216116,"Gene1310"
419.001768843591,-0.345851894728001,0.25523315987332,-1.35504295327323,0.175403872308697,0.884104075288354,"Gene1311"
138.330540371485,-0.742068301253506,0.277967618000229,-2.66962139903971,0.00759368167151483,0.246948997447637,"Gene1312"
144.215135442436,0.256677726447189,0.272692989967243,0.94126998452737,0.346566520379574,0.97219299808852,"Gene1313"
5.56770550832148,0.253869534135275,0.397069905998719,0.639357277647967,0.522590534874191,0.989592197216116,"Gene1314"
40.6542356493496,0.206391237052789,0.264692568440984,0.779739447421644,0.435544254623602,0.985948027515532,"Gene1315"
33.8970945800192,-0.117563182647639,0.287903512479591,-0.408342300637868,0.68302238777742,0.992240177738971,"Gene1316"
10.8568773185639,-0.0790136703843872,0.315196710744133,-0.25068050424082,0.802061134850828,0.99333153611013,"Gene1317"
132.636549006832,-0.288584979885725,0.24591614123847,-1.1735097112063,0.240591464834677,0.92910568183392,"Gene1318"
218.953542613654,0.0347312188967319,0.285470754686049,0.121662966614315,0.903165943660745,0.995069104386573,"Gene1319"
25.344409797366,-0.20657120457252,0.256615354033644,-0.804983806796834,0.420829024346247,0.985948027515532,"Gene1320"
42.6170391690528,0.0278685246902084,0.327319798422926,0.0851415796553797,0.932148834514269,0.995069104386573,"Gene1321"
348.211555801356,0.185729237037522,0.26695825832626,0.69572388658056,0.486601763475936,0.989340724987449,"Gene1322"
7.75784633006115,0.136478198580813,0.354459132717308,0.385032253322298,0.700213519532644,0.992240177738971,"Gene1323"
109.250724961496,0.150915788307511,0.276547136672967,0.54571452130411,0.585262188508054,0.989592197216116,"Gene1324"
32.2905884924788,-0.133593318224252,0.237933237119704,-0.561473965728635,0.574474473269683,0.989592197216116,"Gene1325"
48.1614250968808,0.329003229726832,0.268229292368448,1.22657457290273,0.219982530915627,0.919858845236042,"Gene1326"
24.4022047424903,0.4709906533948,0.264832208789632,1.77844928888135,0.0753300936552426,0.772573314719356,"Gene1327"
213.81900769571,-0.958715941700552,0.267446169025138,-3.58470620534647,0.000337457858768101,0.0164613589642976,"Gene1328"
13.69675779751,-0.33205734312747,0.29596222212186,-1.121958541691,0.261880067721082,0.939142459455892,"Gene1329"
147.99406527413,0.122856547618201,0.287388523152768,0.427492880614769,0.669020369523973,0.992240177738971,"Gene1330"
282.691317093078,-0.434448378953759,0.255833924930258,-1.69816563253756,0.0894765050100153,0.772573314719356,"Gene1331"
7.45276450674341,-0.112492790383689,0.389697884603911,-0.288666669304676,0.772836471369025,0.99333153611013,"Gene1332"
16.2874719541343,-0.178026463494264,0.301251310471064,-0.590956644191476,0.554549471048368,0.989592197216116,"Gene1333"
93.4929302254412,0.350580959275955,0.304931354923024,1.14970452731716,0.250265589034443,0.939142459455892,"Gene1334"
18.2691588553821,0.163561688610843,0.311580925160522,0.524941276577115,0.599624014124684,0.989592197216116,"Gene1335"
21.4419330678171,0.16790929068035,0.299006432922015,0.561557452257703,0.574417576191388,0.989592197216116,"Gene1336"
26.3584634998293,-0.350521764630811,0.290754931388077,-1.20555741894868,0.227988185904611,0.923969630274923,"Gene1337"
39.274980276946,-0.0789130965954974,0.289151173400156,-0.272912939164489,0.784920139943064,0.99333153611013,"Gene1338"
111.662199541844,0.315151081678824,0.260434919751774,1.21009533582978,0.226242312703826,0.923969630274923,"Gene1339"
30.1783421427792,0.579228252584854,0.251696341406714,2.30129786292317,0.021374800476295,0.469775834643846,"Gene1340"
55.5839816886595,-0.0491770670367409,0.280675386227059,-0.175209759921584,0.860914815651,0.995069104386573,"Gene1341"
121.05039965714,-0.181907164158444,0.220712492297785,-0.824181550689098,0.409836408322439,0.985948027515532,"Gene1342"
8.48459983002277,0.758992572519124,0.411816920000314,1.84303396887759,0.0653240510203547,0.750851161153502,"Gene1343"
22.373999539529,0.341164382043228,0.342504228419158,0.996088088073793,0.319207347070827,0.97219299808852,"Gene1344"
173.821157560824,-0.127002544025981,0.23086746548203,-0.550110184476671,0.582243801688367,0.989592197216116,"Gene1345"
36.7180773256314,-0.0364803798042274,0.278111799224173,-0.131171636392249,0.895639532943007,0.995069104386573,"Gene1346"
2.73114949087716,-0.71777785867948,0.579779971533667,-1.2380176858831,0.215709503110064,0.919858845236042,"Gene1347"
22.2510648940231,0.0418451896212742,0.284012698774264,0.147335629011903,0.882867111450808,0.995069104386573,"Gene1348"
137.953045289093,-0.284125494201598,0.233525118275859,-1.2166806564507,0.223725741580095,0.919858845236042,"Gene1349"
34.808720533936,0.255039951958095,0.272377970140624,0.936345739805691,0.349095205198887,0.97219299808852,"Gene1350"
29.0104728712993,0.214115905870245,0.284350325489947,0.753000389576888,0.451449679916537,0.985948027515532,"Gene1351"
42.3213167141646,-0.182382632274301,0.284932815066763,-0.640089953245877,0.522114120257609,0.989592197216116,"Gene1352"
125.77630089656,0.141175658744048,0.269696900248726,0.523460442496187,0.600653872000163,0.989592197216116,"Gene1353"
27.8298324303621,0.0218845523478976,0.263285598898912,0.0831209623292011,0.933755357993807,0.995069104386573,"Gene1354"
88.881887429426,-0.353607927715629,0.233846282451089,-1.5121383329649,0.130498674874477,0.851547482013261,"Gene1355"
107.596855895555,0.254347203172532,0.258390039518803,0.984353745392819,0.324941612276913,0.97219299808852,"Gene1356"
14.604204657405,-0.468677800978093,0.330561780173607,-1.41782211098921,0.156242707025116,0.873410697983052,"Gene1357"
41.4464760233883,0.384530316321932,0.297981686124087,1.29044949481158,0.196894636724862,0.908245676978855,"Gene1358"
30.4136767334447,-0.367282874893513,0.301400336703753,-1.21858813732685,0.223000553751094,0.919858845236042,"Gene1359"
85.6634639542024,-0.230035211154946,0.272953217591003,-0.842764240645935,0.399360310961966,0.985948027515532,"Gene1360"
7.87999070388066,0.269999069946844,0.349810197141766,0.771844480672535,0.440206543317714,0.985948027515532,"Gene1361"
383.844488784427,0.103018997244822,0.233223981949806,0.441716998327356,0.658694007584497,0.991806639138922,"Gene1362"
225.738072100241,0.0567550421430598,0.250650270499946,0.226431202447364,0.82086606200326,0.993862929817308,"Gene1363"
20.274057228473,-0.142547724879895,0.305704255503961,-0.466292903397441,0.641005857730915,0.989592197216116,"Gene1364"
25.8031087835856,-0.0365171958751192,0.275582690120443,-0.132509033347339,0.894581678452821,0.995069104386573,"Gene1365"
18.4593185782762,-0.462932096133268,0.31924057582278,-1.45010418847965,0.14702946729642,0.872600384978322,"Gene1366"
42.5862429748667,-0.191396265117604,0.221592561137686,-0.863730551851334,0.387735926186807,0.985240646476599,"Gene1367"
29.3008710356817,0.159272286372965,0.287954615057437,0.553115935791463,0.580184025233824,0.989592197216116,"Gene1368"
57.3255785420915,-0.362029601211813,0.300450609772255,-1.20495545502882,0.228220498677906,0.923969630274923,"Gene1369"
5.45833415056406,-0.25514582588226,0.432758301076794,-0.589580431495834,0.55547197411892,0.989592197216116,"Gene1370"
54.7757514018445,-0.293355307961066,0.264584064114667,-1.1087414086811,0.267541752902241,0.939142459455892,"Gene1371"
54.3354426230302,-0.0345112476412669,0.27681563594308,-0.124672320346684,0.900782971560091,0.995069104386573,"Gene1372"
9.15066799878751,-0.440476750624826,0.352641224720139,-1.24907900650128,0.211636178261145,0.919858845236042,"Gene1373"
71.4642011059117,-0.254474858414643,0.25387610567712,-1.00235844462765,0.316170504655425,0.97219299808852,"Gene1374"
61.0224271116544,0.10215508146397,0.268305353984389,0.380741867230549,0.703394799016628,0.992240177738971,"Gene1375"
38.6868259993512,0.151872485164284,0.305030645288727,0.497892547879997,0.618559780089339,0.989592197216116,"Gene1376"
56.624304498626,-0.27127151412221,0.308993354763472,-0.87792022041983,0.379987015107885,0.985240646476599,"Gene1377"
89.9098769142984,0.145979971240559,0.275691083005127,0.529505596079957,0.596454763451507,0.989592197216116,"Gene1378"
80.051230879785,0.183260026195744,0.256652822163921,0.714038617033784,0.475203300671474,0.987683407884118,"Gene1379"
38.6241708303249,-0.296772775843892,0.320194137237826,-0.92685262261208,0.354003058634735,0.97219299808852,"Gene1380"
184.894040215494,0.122689568525876,0.269525902390337,0.455205111782512,0.648961683304511,0.990448176597679,"Gene1381"
51.2825584907475,-0.465901946481216,0.237309709673666,-1.96326541851952,0.0496153414666392,0.685085529328067,"Gene1382"
53.7440222102494,0.167459249357008,0.264301355179879,0.633592095065265,0.526347061025475,0.989592197216116,"Gene1383"
167.905200884383,0.333916253516799,0.210078312867566,1.5894846495997,0.11195101695568,0.80982593218475,"Gene1384"
163.354158848047,-0.459812394596964,0.330587031984014,-1.39089664781285,0.164256769486297,0.884104075288354,"Gene1385"
21.2156128295947,-0.263696192219096,0.375390696219733,-0.702457985439103,0.482393594569302,0.989018133407078,"Gene1386"
16.0596866802622,0.298811677979491,0.30154862876252,0.990923683539001,0.321722846761062,0.97219299808852,"Gene1387"
21.0120701329267,-0.0212330876383135,0.279152486176918,-0.0760626850547078,0.939369227117175,0.995069104386573,"Gene1388"
14.2851464168455,-0.219291609752561,0.348623219082366,-0.629021814237652,0.529334775011074,0.989592197216116,"Gene1389"
6.61267223102513,0.185587486852251,0.421951872788692,0.439830935281074,0.660059560339311,0.991806639138922,"Gene1390"
65.9298645359476,0.472945543003971,0.225027100069014,2.1017270491373,0.0355771927038201,0.624161275505616,"Gene1391"
51.112367659135,-0.187495597023087,0.274216433049443,-0.683750404518172,0.494132789020763,0.989592197216116,"Gene1392"
102.4595887509,0.171301300677997,0.293881027978518,0.582893362856071,0.559965088926733,0.989592197216116,"Gene1393"
52.757485077975,-0.0534039472811445,0.253869505678356,-0.210359834823193,0.833386838417952,0.993862929817308,"Gene1394"
81.4499571374817,0.0561506067063682,0.24001907287655,0.233942269809735,0.815029797013714,0.993862929817308,"Gene1395"
26.1448964417297,-0.0628215356299154,0.262322255807229,-0.2394822941599,0.810731624291551,0.993862929817308,"Gene1396"
16.7559967300699,0.541890042590576,0.320213160095065,1.69227911316855,0.0905927683344651,0.772573314719356,"Gene1397"
127.899634688212,-0.0984485411134773,0.226866303820711,-0.433949596989422,0.664325042672256,0.992240177738971,"Gene1398"
123.572094960778,-0.772605879936638,0.224146695158423,-3.44687607100598,0.000567108660189413,0.0266874663618547,"Gene1399"
7.09048543329971,-0.0717152804601351,0.361222209646373,-0.198535080471221,0.842626440720986,0.994542863052211,"Gene1400"
173.251177570922,-0.207564503099402,0.284864907121963,-0.728641885715092,0.466220749902292,0.985948027515532,"Gene1401"
6.00054621975686,0.146808304768978,0.376324819444083,0.390110609727646,0.696454757735432,0.992240177738971,"Gene1402"
50.3878819057168,-0.0751841221228101,0.278273815948588,-0.2701803684494,0.787021494967916,0.99333153611013,"Gene1403"
28.0335475100395,-0.00234102666074488,0.265061054589953,-0.00883202801847456,0.992953152818156,0.999979708961714,"Gene1404"
43.8882426499409,-0.103885936443161,0.236520736772806,-0.439225489741943,0.660498157220687,0.991806639138922,"Gene1405"
207.166883926774,0.200616235250713,0.266464845316437,0.752880684926649,0.451521615883941,0.985948027515532,"Gene1406"
9.15161800994346,-0.640658795380538,0.385978178927841,-1.65983164426585,0.0969483258501654,0.785797863323545,"Gene1407"
34.6023718774359,0.0973328871110734,0.301562492613472,0.322761913351837,0.746875559217467,0.99333153611013,"Gene1408"
1015.52759241699,0.347802027149005,0.243576961116417,1.42789377761707,0.153322434886665,0.872600384978322,"Gene1409"
8.05178515732707,0.284537440885393,0.409448042639513,0.694929298113426,0.487099610788122,0.989340724987449,"Gene1410"
65.3452674296255,1.84497793552054,0.199738066873665,9.23698704207194,2.53535759983444e-20,2.89755154266793e-18,"Gene1411"
44.2724731886945,-0.184503700441155,0.330228284903857,-0.558715618484564,0.576355818403043,0.989592197216116,"Gene1412"
68.3040619447645,0.0937562400147606,0.275480830362614,0.340336711964132,0.733602973312081,0.99333153611013,"Gene1413"
26.2619186181207,-0.0985336687155664,0.32203337100992,-0.305973472272634,0.759624843810107,0.99333153611013,"Gene1414"
34.3148657863866,0.310264487453727,0.246321165930841,1.25959328862887,0.207816117844478,0.919858845236042,"Gene1415"
186.190772513615,0.280528366559197,0.293465187755575,0.955917015931876,0.339114161443542,0.97219299808852,"Gene1416"
47.6591857784337,0.101815829976949,0.247041662490396,0.412140320586239,0.680236576744395,0.992240177738971,"Gene1417"
76.6203862817816,0.0801847802362504,0.241039102909649,0.332662954965887,0.739388715966906,0.99333153611013,"Gene1418"
79.2708789827351,0.0590179800681453,0.268590524234286,0.219732174976751,0.82607974498777,0.993862929817308,"Gene1419"
89.870050508355,0.129725801207042,0.222849549442934,0.582122788811208,0.560483976143959,0.989592197216116,"Gene1420"
97.4006101518242,-0.0104372147440418,0.317606574716199,-0.0328620865401419,0.973784567012873,0.999979708961714,"Gene1421"
53.2806255024516,0.118067873254536,0.320821753407241,0.368017043734141,0.712860525625174,0.992240177738971,"Gene1422"
22.887520501033,0.0338344167220858,0.26899348964764,0.125781544997264,0.899904850696683,0.995069104386573,"Gene1423"
51.4771259032811,0.287839037380434,0.295631558203054,0.973641106281122,0.330234768664004,0.97219299808852,"Gene1424"
15.6345332562049,0.475565805621488,0.302363043914324,1.57283046057785,0.115758080441981,0.815371191858224,"Gene1425"
55.6320959787517,0.0123694767543472,0.285801336775303,0.0432799821509307,0.9654783481977,0.998072792424686,"Gene1426"
28.8411460850079,0.0386078735163683,0.273754221798609,0.141031152917783,0.88784533182613,0.995069104386573,"Gene1427"
42.6235142208485,0.260773369126486,0.265343862748483,0.982775205069172,0.325718087674779,0.97219299808852,"Gene1428"
15.5062418644128,-0.0201732763170702,0.325317547556511,-0.0620110303566267,0.950554047953911,0.997126868908422,"Gene1429"
33.6335676248825,-0.0757102526037303,0.303304425031987,-0.249618028473359,0.802882755153112,0.99333153611013,"Gene1430"
11.5096478683985,-0.0570844611448665,0.30792697040995,-0.185383115577271,0.852928550705171,0.995069104386573,"Gene1431"
36.1485806968008,0.260724483066813,0.262186776282347,0.994422704164307,0.320017119249019,0.97219299808852,"Gene1432"
96.6635193119131,-0.186929452261153,0.258374245805931,-0.723483301046801,0.469383009805087,0.985948027515532,"Gene1433"
58.6321317988327,-0.112353854517758,0.229897696317502,-0.488712398242525,0.625045324933573,0.989592197216116,"Gene1434"
147.956108324571,-0.306251083733797,0.272102110674563,-1.12550058128758,0.260376971031907,0.939142459455892,"Gene1435"
96.7778050395922,0.183368012786707,0.218604054321073,0.838813412478557,0.401574022976024,0.985948027515532,"Gene1436"
56.9793907017464,0.0333941171194059,0.256821531762781,0.130028494457588,0.896543882748642,0.995069104386573,"Gene1437"
146.006457380778,0.225236530473886,0.244308266304696,0.92193577352383,0.356562077886246,0.97219299808852,"Gene1438"
198.809677940033,-0.225055692612833,0.284516760098623,-0.791010317054157,0.428937971035763,0.985948027515532,"Gene1439"
8.36747505127377,-0.594358780856262,0.394944327005363,-1.50491788390264,0.132345189801864,0.851547482013261,"Gene1440"
169.588428693421,-0.126636182627115,0.246843165341488,-0.513022843682644,0.607935341412334,0.989592197216116,"Gene1441"
140.101833729123,0.0103122541875754,0.288206386703655,0.0357807968987821,0.971457145116199,0.999979708961714,"Gene1442"
179.473620587888,0.184892122224032,0.235498916304708,0.785108165783672,0.432390152431584,0.985948027515532,"Gene1443"
16.1774030369041,0.164709484873961,0.305596131133626,0.53897765087196,0.58990227572817,0.989592197216116,"Gene1444"
901.620281628495,0.109809624069685,0.305182966116673,0.359815704876873,0.718984957937363,0.99333153611013,"Gene1445"
3.08590523192279,-0.394599536975662,0.511751293052111,-0.771076775638904,0.44066142551374,0.985948027515532,"Gene1446"
32.6773401180928,-2.5419782504201,0.277434855213722,-9.16243291947539,5.07402262063769e-20,5.48542986014885e-18,"Gene1447"
71.8644619816252,-0.109797886358389,0.240167911539862,-0.457171341726747,0.647547895277574,0.990448176597679,"Gene1448"
47.8613700644816,-0.395945956406963,0.278790217433142,-1.42022901683025,0.155541018622386,0.872600384978322,"Gene1449"
141.321564126452,-0.232226917468181,0.23820292662205,-0.974912108601623,0.329603859253699,0.97219299808852,"Gene1450"
57.8218971045826,0.000524393643444717,0.262845743605625,0.00199506233675794,0.998408171619647,0.999979708961714,"Gene1451"
21.4451233583225,0.615798401769251,0.280190072117636,2.19778808405,0.0279642109905665,0.553746752288445,"Gene1452"
282.951967258894,-0.0535681778013154,0.264108109350171,-0.202826705825573,0.839270483531643,0.993862929817308,"Gene1453"
40.7794776956572,-0.124400390296156,0.323822041666288,-0.384162824914665,0.700857769616683,0.992240177738971,"Gene1454"
115.337839339625,-0.161477196371247,0.224793247323943,-0.718336508296209,0.472549824725201,0.985948027515532,"Gene1455"
23.2058135441435,0.254927450968734,0.3035341357041,0.839864189829541,0.400984537945755,0.985948027515532,"Gene1456"
14.3561516696441,-0.835718257270867,0.374510405063845,-2.23149542968879,0.0256483299185702,0.522278829636807,"Gene1457"
29.4000053141456,0.0532023955439627,0.29592090191474,0.179785865748988,0.857320680307037,0.995069104386573,"Gene1458"
15.1449003794155,-0.345649062152501,0.305813547485236,-1.13026079123976,0.258366350779167,0.939142459455892,"Gene1459"
109.107167346788,0.482175405529949,0.269491872500664,1.78920203068002,0.0735822847659533,0.772573314719356,"Gene1460"
7.32849467987534,0.0258542199958358,0.398140669639913,0.0649374001887797,0.948223842377945,0.996539932531957,"Gene1461"
13.6447126400951,0.142023829208306,0.330569101392973,0.42963431430777,0.667461671819863,0.992240177738971,"Gene1462"
50.9040718694321,-0.156858812887247,0.268488944759079,-0.584228199891062,0.559066791253688,0.989592197216116,"Gene1463"
7.69921921627178,0.161847276096567,0.372481747270944,0.434510623090582,0.66391768232287,0.992240177738971,"Gene1464"
26.5817422668577,0.235307856991956,0.263362115564984,0.893476483841102,0.371602060025118,0.982424481229659,"Gene1465"
21.6489483835782,-2.652618772367,0.315790977802066,-8.39991943667761,4.46785058016842e-17,3.88508746101601e-15,"Gene1466"
263.404048757689,0.14430554277731,0.251510027830302,0.57375661726965,0.566132509521923,0.989592197216116,"Gene1467"
38.4832945300129,0.532451942643863,0.267866090296451,1.98775418737994,0.0468388827264196,0.685085529328067,"Gene1468"
24.6116929164424,-0.113580598823134,0.297967962614186,-0.381183929395122,0.703066773043548,0.992240177738971,"Gene1469"
23.9733406989125,0.0752886576453397,0.30146386475804,0.249743556182986,0.802785672284851,0.99333153611013,"Gene1470"
103.576400831576,0.158909494902363,0.245446110059816,0.647431303203934,0.517352841861241,0.989592197216116,"Gene1471"
33.6956329044928,-0.394475894856755,0.264638201851092,-1.49062339487449,0.136060398556025,0.858425227482808,"Gene1472"
27.0330152179222,0.52825228053297,0.279521135639489,1.88984736100343,0.0587783772980054,0.711494966081943,"Gene1473"
35.0734062430349,-0.0139276947557309,0.277549615349128,-0.0501809189618634,0.959978216857529,0.998072792424686,"Gene1474"
182.541915110012,0.135890468777827,0.280106053441943,0.485139350285384,0.627577500495327,0.989592197216116,"Gene1475"
282.342003918297,-0.339570586049556,0.248912481995458,-1.36421678546338,0.172499346813283,0.884104075288354,"Gene1476"
27.4831084422189,0.442981497413293,0.308925688678439,1.43394192729111,0.151588835738301,0.872600384978322,"Gene1477"
53.6293411778194,-0.244343236809277,0.269030967260833,-0.908234614390618,0.363754279693832,0.979139537995581,"Gene1478"
31.5874664296238,0.036158875299755,0.320389159200279,0.112859234657037,0.91014215580784,0.995069104386573,"Gene1479"
490.172629014082,-0.08809583307408,0.240925095802939,-0.365656523993401,0.7146213914911,0.992240177738971,"Gene1480"
120.620720047374,0.226433897696714,0.2742990613642,0.825500082175153,0.409087736057925,0.985948027515532,"Gene1481"
6.48166213725356,0.410784593202542,0.401824098725773,1.02229954476395,0.306639148638404,0.971869472338305,"Gene1482"
33.2439524380934,-0.458883331359003,0.25569551355774,-1.79464756723383,0.0727098693474768,0.772573314719356,"Gene1483"
3.87856006577409,-0.0887583808661062,0.464223379817489,-0.191197567216459,0.848370809537887,0.995069104386573,"Gene1484"
39.415627171369,0.019027046241947,0.242756977630943,0.0783789880218123,0.937526587234381,0.995069104386573,"Gene1485"
108.09034556693,-0.0569724012183669,0.231237465823129,-0.246380494681362,0.805387703928207,0.993386005461865,"Gene1486"
18.0105384981191,-0.165306564027171,0.30070484901119,-0.549730290584771,0.582504377669068,0.989592197216116,"Gene1487"
11.5132837780179,0.154541733384517,0.317782320872297,0.486313187468414,0.626745130619392,0.989592197216116,"Gene1488"
251.468597725739,0.011846576409915,0.235854670832778,0.0502282883272399,0.959940469173792,0.998072792424686,"Gene1489"
41.7004846713415,1.60945498823743,0.221157002105016,7.27743174721271,3.40235038337435e-13,2.38761430412235e-11,"Gene1490"
153.828100452598,0.0989759879729322,0.327850294117253,0.301893851397718,0.762732983086822,0.99333153611013,"Gene1491"
68.4066191077437,-0.402930780305731,0.220397993293252,-1.82819622939855,0.0675201067183557,0.769459905622287,"Gene1492"
153.921018322292,0.103183624619267,0.302204057322356,0.341436926868269,0.732774679863534,0.99333153611013,"Gene1493"
191.214511326476,-0.194612162891388,0.255155199896219,-0.76272074004584,0.445629958883772,0.985948027515532,"Gene1494"
205.737984228015,0.297334434574664,0.262600754815693,1.132268011885,0.257521774208649,0.939142459455892,"Gene1495"
228.716189187553,0.0680838966429065,0.2898420577684,0.234899990591805,0.814286356871629,0.993862929817308,"Gene1496"
71.4260921939624,0.262595410148884,0.306850554517623,0.855776228143667,0.392121566581858,0.985240646476599,"Gene1497"
64.8975243416749,0.0205699380362216,0.230203687893299,0.0893553801177848,0.928799483072324,0.995069104386573,"Gene1498"
16.8508554419832,0.125070243144142,0.333429226177982,0.375102820402975,0.707583999547693,0.992240177738971,"Gene1499"
11.5123702335582,0.492268526881858,0.308318061217259,1.59662565643528,0.110349176369646,0.805619966539059,"Gene1500"
26.3593467176761,-0.0445329473085949,0.268091390931601,-0.166111068146745,0.868069544046012,0.995069104386573,"Gene1501"
26.5699256365381,-2.07684089858166,0.300016062968812,-6.92243234588928,4.43953837953919e-12,2.91117270789455e-10,"Gene1502"
16.0500833293035,0.365032233084069,0.318754327999021,1.14518361327219,0.252133104959586,0.939142459455892,"Gene1503"
152.898289987491,-0.317183802549173,0.21194398875863,-1.49654540525985,0.134511584908518,0.855399586063704,"Gene1504"
20.3631539638231,0.526324695636019,0.341755486562749,1.5400621682174,0.12354520033058,0.837213469482814,"Gene1505"
67.3942313160315,-0.0974240399610539,0.251542418765738,-0.38730660394812,0.698529237090709,0.992240177738971,"Gene1506"
141.437230823738,-0.189065371265107,0.250620257961434,-0.754389819893173,0.450615182577108,0.985948027515532,"Gene1507"
12.8357256461925,0.610000828629346,0.343455470039414,1.77606962719023,0.0757214416499015,0.772573314719356,"Gene1508"
178.926630230981,0.063391884270474,0.256033882557822,0.247591778233327,0.804450272719989,0.99333153611013,"Gene1509"
4.35758657283117,-0.821715411944555,0.459458572538262,-1.78844287833181,0.0737045836958504,0.772573314719356,"Gene1510"
67.154564399827,0.0669310379988462,0.23870530952155,0.280391911403226,0.779176842032564,0.99333153611013,"Gene1511"
311.200516612461,0.398998115352147,0.231333217127156,1.72477658118951,0.084567743730189,0.772573314719356,"Gene1512"
112.161875725508,0.246862965671948,0.245090364964252,1.00723243734185,0.313823088586365,0.97219299808852,"Gene1513"
144.194582501237,-0.0698692532354414,0.217935658577057,-0.320595783597926,0.748516733288935,0.99333153611013,"Gene1514"
26.6773959693167,0.304148965419863,0.303011470849093,1.00375396537821,0.315497218323548,0.97219299808852,"Gene1515"
72.1033230655685,-0.0391834244301751,0.287213582264706,-0.136426084453284,0.891484454041532,0.995069104386573,"Gene1516"
187.213959468289,0.0958806008336055,0.267744181060831,0.358105264710951,0.720264539308583,0.99333153611013,"Gene1517"
11.6838080577847,-0.312392805136704,0.331828959412722,-0.941427190952784,0.346485984739627,0.97219299808852,"Gene1518"
152.878358099743,-0.071628019229382,0.301888429125518,-0.237266527362003,0.812450028032456,0.993862929817308,"Gene1519"
12.196321280631,0.0460184886333623,0.344835139432607,0.133450693885435,0.893836955975234,0.995069104386573,"Gene1520"
29.6044174621884,0.128664981146133,0.256280365977058,0.502047750148957,0.615633932710759,0.989592197216116,"Gene1521"
1130.58437522211,-0.123191670199656,0.303506686307335,-0.405894419323961,0.684820178689536,0.992240177738971,"Gene1522"
87.2216044348842,0.21748769598967,0.225966196728118,0.962478897900601,0.335809098259125,0.97219299808852,"Gene1523"
48.388373966087,-0.196910252740788,0.330585278076731,-0.595641324037074,0.551414864103338,0.989592197216116,"Gene1524"
179.59696201396,-0.117464676738673,0.243412010012584,-0.482575517668994,0.62939716597914,0.989592197216116,"Gene1525"
37.4823619135349,0.476919171849336,0.291135579584432,1.63813427589336,0.101393686256544,0.790594044885332,"Gene1526"
93.2324001555511,-0.31141043360086,0.272104321882258,-1.14445236094269,0.252436083847629,0.939142459455892,"Gene1527"
36.3645460555352,-0.191772562648563,0.219487277859549,-0.87372974196381,0.382265449861148,0.985240646476599,"Gene1528"
2.96934696296482,-0.0563920188751763,0.511459790781914,-0.110256993592722,0.912205563393313,0.995069104386573,"Gene1529"
79.8984001616051,-0.328871997919122,0.277447414632446,-1.18534893667977,0.235879512279684,0.92910568183392,"Gene1530"
25.8562764861947,0.30613080899586,0.30839781328909,0.992649090896422,0.320880992445641,0.97219299808852,"Gene1531"
23.7929558008168,0.0534934012940275,0.30412468633766,0.175892992897773,0.860378010385754,0.995069104386573,"Gene1532"
29.6774121200847,-2.65654593331344,0.275718132421855,-9.63500626519862,5.68885296861231e-22,7.84669374981008e-20,"Gene1533"
242.474093673915,-0.0295242006382372,0.24892736601571,-0.118605684504668,0.905587761562543,0.995069104386573,"Gene1534"
78.9747437634271,0.271352394469267,0.224041514388533,1.21117014946921,0.225830200596358,0.923969630274923,"Gene1535"
124.961002718002,-0.386143624141095,0.28510386658853,-1.35439630742851,0.175609975049754,0.884104075288354,"Gene1536"
120.47497119208,-0.00741738302645664,0.267896084878985,-0.0276875379862578,0.977911363140791,0.999979708961714,"Gene1537"
129.370264115399,1.48338557296382,0.191437914069959,7.74865094080441,9.28739284242162e-15,7.14414834032432e-13,"Gene1538"
124.436229049335,0.116033277730625,0.251991720003066,0.460464644351068,0.645182743459292,0.990448176597679,"Gene1539"
40.5488762448786,0.165763095157611,0.342998733385606,0.483276114525055,0.628899697307517,0.989592197216116,"Gene1540"
9.69370356320193,0.0392402458997455,0.350422020068877,0.111979966019352,0.910839291450198,0.995069104386573,"Gene1541"
75.4794281720137,-0.241281700390961,0.424893697009748,-0.567863684702823,0.570127532458366,0.989592197216116,"Gene1542"
3.14179805921184,-0.441354124765468,0.552358458063217,-0.799035695611554,0.424269714310219,0.985948027515532,"Gene1543"
17.5191555360862,0.600251207343283,0.315272447517627,1.90391267003984,0.0569215587210214,0.711240590307645,"Gene1544"
47.4066768721806,0.0152349742038965,0.242070245344204,0.0629361703758081,0.949817332128749,0.99692189150223,"Gene1545"
38.5670987305348,0.196501170049447,0.299791136010946,0.655460240299675,0.512171477265644,0.989592197216116,"Gene1546"
28.6131394251535,0.509134487122427,0.314015926770113,1.62136517201294,0.104939345503832,0.794679342487159,"Gene1547"
162.529209383343,-0.0506830000302015,0.197056640223774,-0.25720016322539,0.797024258010202,0.99333153611013,"Gene1548"
15.0486956934098,0.517433919016042,0.328851222762113,1.57345900881855,0.115612572703033,0.815371191858224,"Gene1549"
2.17932308092595,-0.320927858274045,0.623303486289109,-0.514882180725021,0.606635353528473,0.989592197216116,"Gene1550"
129.843088814892,0.0242769272019789,0.279384938159725,0.086894187503049,0.930755619746244,0.995069104386573,"Gene1551"
48.4049850926687,0.382799990429774,0.222392563443222,1.72128053430845,0.0851999300061722,0.772573314719356,"Gene1552"
56.9142407293879,-0.197975537298094,0.301119037098899,-0.657466028071388,0.510881307880741,0.989592197216116,"Gene1553"
36.2743500335267,-0.261223978111857,0.307166418978808,-0.850431433814644,0.395085266069116,0.985240646476599,"Gene1554"
6.23996114136908,0.717245414919435,0.402346219812975,1.78265727276582,0.074642110619421,0.772573314719356,"Gene1555"
21.6105380050807,0.156484044205921,0.274222478514812,0.570646305340971,0.568239423147306,0.989592197216116,"Gene1556"
85.3323752344029,0.100651988262844,0.291848036464177,0.344878072445754,0.730186036061702,0.99333153611013,"Gene1557"
50.5028626156344,0.266898417532458,0.29416270044237,0.907315635636634,0.364239908134356,0.979139537995581,"Gene1558"
11.2760054473586,0.438903542471126,0.312754846155328,1.40334689571252,0.160513420328705,0.876928227579774,"Gene1559"
106.771923287274,0.090879989142564,0.219390617935913,0.414238265964096,0.67869962007339,0.992240177738971,"Gene1560"
121.496730647304,0.270577994775437,0.269079924465041,1.00556738044792,0.314623721720944,0.97219299808852,"Gene1561"
48.0106078131929,-0.00912064946766261,0.25738644415354,-0.0354356248156636,0.971732378045387,0.999979708961714,"Gene1562"
47.3577645311189,0.0203249807813209,0.281270589909571,0.0722613081867373,0.942393955759597,0.995069104386573,"Gene1563"
258.085999167474,-0.0363373556251213,0.291621546581222,-0.124604495282041,0.900836669417017,0.995069104386573,"Gene1564"
91.6966060665502,-0.341792564026054,0.24175280586715,-1.41381012228615,0.157417660718938,0.87554390210658,"Gene1565"
229.566350322651,0.0775896799999344,0.275097067911204,0.282044736387298,0.777909207481971,0.99333153611013,"Gene1566"
54.5111364206796,0.0880061266217254,0.282110899481876,0.311955783287201,0.75507412737644,0.99333153611013,"Gene1567"
337.545392751659,0.436963953648264,0.245245886957865,1.7817381529556,0.0747919420497209,0.772573314719356,"Gene1568"
52.1905433522502,-0.445086268435386,0.315115935476863,-1.41245242885556,0.157816788354711,0.87554390210658,"Gene1569"
146.804644910772,0.213469301639923,0.263446462188923,0.810294812335875,0.417770756183427,0.985948027515532,"Gene1570"
39.8789247403897,-0.413661929682914,0.30624474206574,-1.35075602243031,0.176773599824845,0.884104075288354,"Gene1571"
15.0243950232657,-0.466617896312002,0.324516569944627,-1.43788619604731,0.1504663469899,0.872600384978322,"Gene1572"
192.233213505267,0.134452853884539,0.243142916436198,0.552978700162216,0.580277995399814,0.989592197216116,"Gene1573"
796.256739052401,0.314681938944659,0.402674809426317,0.781479078348556,0.434520777098307,0.985948027515532,"Gene1574"
34.9155110735167,0.213124801853144,0.279456508276469,0.762640323417688,0.445677929507751,0.985948027515532,"Gene1575"
340.559876662443,0.0952381641156854,0.245422121129473,0.388058597478433,0.6979726701521,0.992240177738971,"Gene1576"
38.6940028828367,-0.082587411053361,0.276864666725155,-0.298295235828507,0.765477840134348,0.99333153611013,"Gene1577"
157.437351121868,0.0994964321796222,0.322387083225964,0.308624127195208,0.757607465391103,0.99333153611013,"Gene1578"
19.4817182405916,-0.483970679025758,0.28610191065629,-1.69160240110098,0.0907218083812174,0.772573314719356,"Gene1579"
79.0863502483103,0.0512128662232705,0.248698746746726,0.205923298340645,0.836850826005521,0.993862929817308,"Gene1580"
21.8226507262896,-0.318745085721493,0.293090429073595,-1.08753154010859,0.276801967475129,0.950990735044977,"Gene1581"
9.63265496513958,0.0924442687058856,0.365062685803975,0.253228479109817,0.800091660390579,0.99333153611013,"Gene1582"
138.60303493506,0.046540410042711,0.221693762910374,0.20993107533443,0.833721468006196,0.993862929817308,"Gene1583"
367.206085200972,0.0532539799458106,0.27439188202886,0.194080012688602,0.846113231625413,0.995069104386573,"Gene1584"
19.8618410500104,0.269136266404454,0.314922939843545,0.854609913581279,0.392767137550226,0.985240646476599,"Gene1585"
23.9132301603693,0.218817290998523,0.318696334987064,0.686601215565924,0.492334062269274,0.989592197216116,"Gene1586"
15.0766889651714,-0.476881424510264,0.303870267261308,-1.56935862402154,0.116564399368136,0.815371191858224,"Gene1587"
27.8649388201226,-0.556898173059406,0.308282130819101,-1.80645622105873,0.0708471065707859,0.772193421375786,"Gene1588"
109.957861814952,0.232981839305017,0.283905965669308,0.8206303053751,0.411856880139022,0.985948027515532,"Gene1589"
121.219758429891,0.0334304893335104,0.283547879628315,0.117900685335162,0.906146350217692,0.995069104386573,"Gene1590"
94.4812800720066,0.433001744081417,0.24350943077111,1.7781723800604,0.0753755477189915,0.772573314719356,"Gene1591"
156.628436808305,-0.103153722353038,0.248346181494283,-0.415362627008672,0.677876461308971,0.992240177738971,"Gene1592"
35.4828422832559,0.0746156186870767,0.295856216643136,0.25220230128569,0.800884699390485,0.99333153611013,"Gene1593"
47.045778231677,0.226689967189255,0.237438692703975,0.954730522678034,0.339713990242978,0.97219299808852,"Gene1594"
125.378363524074,-0.175653070118694,0.317730823411408,-0.552836102688258,0.580375644568408,0.989592197216116,"Gene1595"
40.808812104264,0.46851080481112,0.251311068031596,1.86426649841072,0.0622842890060627,0.730221516633094,"Gene1596"
17.8019269867867,0.293965468906849,0.322832331760029,0.910582491239951,0.362515399253515,0.979139537995581,"Gene1597"
12.0596120831865,0.191968527691911,0.336392272997044,0.570668660078281,0.568224266761858,0.989592197216116,"Gene1598"
1451.28527794824,-0.369514583076824,0.263604897542757,-1.40177434684,0.160982641231866,0.876928227579774,"Gene1599"
7.82032023698889,-0.0655306572047152,0.346205028964426,-0.189282799850515,0.849871175377931,0.995069104386573,"Gene1600"
46.7372073783363,0.087554362956508,0.275632895550527,0.317648453322793,0.750751615731196,0.99333153611013,"Gene1601"
577.659468354236,-0.0909595154955915,0.303882869308899,-0.299324261688245,0.76469264454853,0.99333153611013,"Gene1602"
168.603975102894,0.263659426514805,0.247765376958695,1.06414959891172,0.287260935017268,0.956043291201446,"Gene1603"
43.4554249789773,-0.177725272258013,0.267554892567046,-0.664257231676217,0.506525689013182,0.989592197216116,"Gene1604"
88.7475898924649,0.0704972257322594,0.217208898095006,0.324559566162083,0.74551443333879,0.99333153611013,"Gene1605"
456.93806850255,0.119774778545502,0.242142231303612,0.4946463815943,0.620849756052943,0.989592197216116,"Gene1606"
71.8979276920861,-0.271892868705022,0.253046531062653,-1.07447775538841,0.282608609439063,0.956043291201446,"Gene1607"
24.1477795689584,0.273129733337724,0.31444663199828,0.868604416596892,0.385063537933724,0.985240646476599,"Gene1608"
293.01989143548,-0.0441428838698959,0.246982674063862,-0.178728666037853,0.858150759349458,0.995069104386573,"Gene1609"
511.373462981978,-0.0220453202346989,0.224937083258595,-0.0980066066267735,0.92192704729718,0.995069104386573,"Gene1610"
16.8386690841558,-0.331659531941909,0.293478996309822,-1.1300963139174,0.258435642786831,0.939142459455892,"Gene1611"
103.286177465388,0.349001329653132,0.213769983899151,1.63260212349447,0.102552704343995,0.792500650888625,"Gene1612"
56.9280609392378,0.192504987022158,0.30185062916553,0.637749166050575,0.523636974997038,0.989592197216116,"Gene1613"
101.546223421945,0.377192376252575,0.279374626350535,1.35013111670101,0.176973928731429,0.884104075288354,"Gene1614"
95.8399174640764,0.448664722946831,0.31034423218073,1.44570021422389,0.148261304250951,0.872600384978322,"Gene1615"
48.5595100990175,0.0659048268577373,0.294651238899342,0.223670625326139,0.82301360446807,0.993862929817308,"Gene1616"
83.4514790642576,0.333236340921123,0.272946412771319,1.22088558533398,0.222129342946977,0.919858845236042,"Gene1617"
11.757257624622,0.239232891317883,0.335370134176041,0.713339880146589,0.475635465353415,0.987683407884118,"Gene1618"
11.5005231841123,0.185177302619369,0.314531705554444,0.588739702068971,0.556035900501885,0.989592197216116,"Gene1619"
119.982590517315,-0.396404981279899,0.256230240810285,-1.54706556113882,0.121847437325134,0.834526298610789,"Gene1620"
59.2097933104183,-0.375831288519282,0.306582479642704,-1.22587334069866,0.220246342496792,0.919858845236042,"Gene1621"
46.5066815229747,0.531660024070441,0.273601639470802,1.94319019834374,0.0519931819344302,0.695560962333515,"Gene1622"
6.60220041009594,0.295030113100721,0.367200687910735,0.803457408479696,0.42171040483753,0.985948027515532,"Gene1623"
22.218171789697,-0.21060066193638,0.289664209124554,-0.727051031167691,0.467194695031237,0.985948027515532,"Gene1624"
66.1858737892208,0.286562476420354,0.315809105627648,0.907391431449804,0.364199838993402,0.979139537995581,"Gene1625"
26.045071313082,-0.254608336612846,0.285684980880899,-0.891220587892899,0.37281084156419,0.982954918160987,"Gene1626"
53.6276135608225,-0.124367704965119,0.244966392309093,-0.507692927967827,0.611668708798472,0.989592197216116,"Gene1627"
84.2347685058533,0.459199537069846,0.23388685005213,1.96334055107201,0.0496066165469529,0.685085529328067,"Gene1628"
44.8427314816322,0.159367307178111,0.287563154038792,0.554199329572706,0.579442437102855,0.989592197216116,"Gene1629"
96.4586371550317,-0.0129979318564538,0.202234312841743,-0.0642716444791703,0.948753931187483,0.996539932531957,"Gene1630"
35.5361220595796,0.376241429051059,0.292458939782558,1.28647607534512,0.198276963236798,0.911618221778383,"Gene1631"
34.8016468930017,0.0583827605372977,0.32648109417278,0.178824322692329,0.858075646368404,0.995069104386573,"Gene1632"
37.7612145906579,-0.18945498014241,0.253271559091554,-0.74803100996399,0.454441453239272,0.985948027515532,"Gene1633"
100.573853534487,-0.0305837031922799,0.299148325090924,-0.102235916523966,0.918569419839077,0.995069104386573,"Gene1634"
141.982587196223,0.192257000667318,0.258174671761178,0.744678009487944,0.456466396178946,0.985948027515532,"Gene1635"
947.354995452414,-0.223839080747351,0.28873889608896,-0.775230091197642,0.438203710191695,0.985948027515532,"Gene1636"
15.6902855898487,-0.52859734959799,0.380885290696471,-1.38781245301287,0.165194161794598,0.884104075288354,"Gene1637"
24.593206270095,-0.267847358596321,0.319666040496398,-0.837897445034795,0.402088303841345,0.985948027515532,"Gene1638"
116.196958517184,0.470108896629602,0.311811259025654,1.50767133328859,0.131638665887171,0.851547482013261,"Gene1639"
415.475026934838,-0.364679839435172,0.241030988367669,-1.51299980929792,0.130279707296419,0.851547482013261,"Gene1640"
242.800861464692,0.138163929104596,0.250347082467335,0.551889511724682,0.581024054662384,0.989592197216116,"Gene1641"
32.3840499262819,0.480268520990999,0.283146232374611,1.69618545499694,0.0898507641061757,0.772573314719356,"Gene1642"
23.9168046495389,0.335078562283303,0.30913733713234,1.08391488841692,0.278402537684417,0.950990735044977,"Gene1643"
428.257042683743,0.387091126738115,0.283980017066311,1.36309283567557,0.172853254401244,0.884104075288354,"Gene1644"
369.140386673928,0.0350027741093904,0.278167611017065,0.125833392253719,0.899863808656658,0.995069104386573,"Gene1645"
69.5971071066839,-0.12297260086018,0.260644119875252,-0.471802705232853,0.637067619801068,0.989592197216116,"Gene1646"
877.694538952059,1.85290192908401,0.17272157791139,10.727680649343,7.54665553848096e-27,1.3124618327793e-24,"Gene1647"
52.5187961778453,0.554482009553089,0.210644983357655,2.63230579107423,0.00848074935284217,0.266576855990452,"Gene1648"
55.2799179212014,2.01611193860946,0.210481699268139,9.57856167837696,9.84057524882923e-22,1.26975164501022e-19,"Gene1649"
50.7217229282274,-0.332416075980035,0.266362737593922,-1.24798265321486,0.21203740986086,0.919858845236042,"Gene1650"
62.7708044654685,-0.0776947213413782,0.283650729752972,-0.27390982356732,0.784153922087881,0.99333153611013,"Gene1651"
7.07926006184031,0.426056317669415,0.436143475988251,0.976871926615479,0.328632561641008,0.97219299808852,"Gene1652"
38.214390865076,0.545117800700007,0.308100365122233,1.76928644821223,0.076846083815248,0.772573314719356,"Gene1653"
31.0044820543676,0.376643222312602,0.25227414666781,1.49299176030336,0.13543934376198,0.857211036468226,"Gene1654"
99.9849885024086,-0.218099673002665,0.301890098648939,-0.722447254741826,0.470019542858901,0.985948027515532,"Gene1655"
33.2355503912943,-0.221157292962757,0.2785398163257,-0.793988076391045,0.427202372833989,0.985948027515532,"Gene1656"
90.9000045158756,-0.145980843670195,0.264034355465242,-0.552885791748462,0.58034161717713,0.989592197216116,"Gene1657"
117.310390048944,0.367194702967678,0.221932380608112,1.65453415117494,0.0980190303233191,0.785797863323545,"Gene1658"
37.6544392348467,0.143336862207111,0.270342764560278,0.530204174098218,0.595970377311016,0.989592197216116,"Gene1659"
51.2589035606167,0.186947701219438,0.24459319031943,0.764320956668054,0.444675999736593,0.985948027515532,"Gene1660"
916.253577048136,0.0431772796149811,0.251846432366666,0.171442887672591,0.863875534465449,0.995069104386573,"Gene1661"
390.725425030097,-0.04166950833465,0.227408048876166,-0.18323673476193,0.854612272116931,0.995069104386573,"Gene1662"
303.730306664748,-0.0238867053785166,0.324208076339524,-0.0736770830887676,0.94126733426365,0.995069104386573,"Gene1663"
52.4685847098803,-0.124927950239949,0.276490097183803,-0.451835170635064,0.651387730568975,0.99155341410587,"Gene1664"
19.3146368993826,-0.0582036012584289,0.286038139692315,-0.203481959856952,0.838758344679767,0.993862929817308,"Gene1665"
117.396363282278,0.0378392339583904,0.254865302347317,0.148467577225656,0.8819737719728,0.995069104386573,"Gene1666"
53.9109285892945,-0.376916060860517,0.260141466078344,-1.44888881631429,0.147368634861558,0.872600384978322,"Gene1667"
3342.24156466607,-0.339541769692243,0.272967922902764,-1.24388890123619,0.213540454719376,0.919858845236042,"Gene1668"
4.48819307525764,0.884873471254591,0.468350618350345,1.88933981633536,0.0588463095852149,0.711494966081943,"Gene1669"
48.1359645421308,-0.0762495692369648,0.282266379943778,-0.270133372781243,0.787057648393721,0.99333153611013,"Gene1670"
300.287800071669,-0.00338098167736545,0.252992543605315,-0.0133639578035944,0.989337421779416,0.999979708961714,"Gene1671"
4.29638067621554,0.208504602914218,0.457818211800599,0.455430993219274,0.648799202214356,0.990448176597679,"Gene1672"
38.2885549489297,-0.458630283848423,0.295750136129124,-1.55073566440621,0.120965043952447,0.83280581034387,"Gene1673"
77.6012697892398,0.12242199746266,0.242068299689548,0.505733289404958,0.613043895480584,0.989592197216116,"Gene1674"
39.7950863975093,0.0963868262602468,0.279148469744082,0.345288750279063,0.729877303190869,0.99333153611013,"Gene1675"
18.4362444102844,0.0192470558397442,0.304865350656866,0.0631329726329158,0.949660618296014,0.99692189150223,"Gene1676"
52.3846524804371,0.236974148396513,0.29548279988972,0.801989653830804,0.422558943071226,0.985948027515532,"Gene1677"
264.859652030545,0.158982284880219,0.272267309789873,0.583919843344088,0.559274242042019,0.989592197216116,"Gene1678"
24.3476023591154,1.44794605872059,0.273423800474691,5.29561090222144,1.18619176127484e-07,6.77823863585623e-06,"Gene1679"
280.692811241322,-0.0319954655285334,0.240442127057327,-0.133069299960505,0.894138574269812,0.995069104386573,"Gene1680"
172.030662836217,0.0218191931360768,0.240762249713098,0.090625474558729,0.927790189449495,0.995069104386573,"Gene1681"
9.74825206552253,-0.337575068902203,0.384487874650062,-0.877986254337521,0.379951178274922,0.985240646476599,"Gene1682"
8.29462528439886,0.448736356434865,0.371028238442382,1.20943990225302,0.226493886601852,0.923969630274923,"Gene1683"
53.3620230753948,0.182969382581147,0.272374159546478,0.671757493022848,0.501738093535382,0.989592197216116,"Gene1684"
66.6453916822611,-0.255896055351507,0.27332256414126,-0.936241968003979,0.349148619569955,0.97219299808852,"Gene1685"
246.494295782155,0.385102404679906,0.218622769403091,1.76149266488279,0.0781550534220851,0.772573314719356,"Gene1686"
40.0124860161538,-0.263146178704593,0.350285341180866,-0.751233773635763,0.452511977779997,0.985948027515532,"Gene1687"
82.3457112700664,0.203435669312948,0.281266845453153,0.723283503198501,0.469505725833024,0.985948027515532,"Gene1688"
227.330016881158,0.621684812781207,0.280708903725359,2.21469573829213,0.0267809555821424,0.537442401168622,"Gene1689"
208.938478305296,-0.138685887434263,0.239195347401717,-0.579801776835343,0.562048299231792,0.989592197216116,"Gene1690"
402.029939775531,2.30147075605557,0.17448440366657,13.1901230579528,1.00021839374333e-39,4.44541508330367e-37,"Gene1691"
75.8353724965816,-0.260987016012309,0.234519092233098,-1.11286042226747,0.265768380244792,0.939142459455892,"Gene1692"
89.7470470276525,0.347705888433112,0.240201880913997,1.44755689301869,0.147741014278919,0.872600384978322,"Gene1693"
240.491523217196,-0.346578543012393,0.278469459968797,-1.24458367194459,0.21328482536392,0.919858845236042,"Gene1694"
206.328462173805,-0.0335730810799655,0.284840254560648,-0.117866349795784,0.90617355632106,0.995069104386573,"Gene1695"
51.5654611584041,0.114704623546299,0.290639725862086,0.394662578235189,0.693091923718832,0.992240177738971,"Gene1696"
85.9346689733009,0.422504219429718,0.255356669034596,1.6545650482795,0.0980127582690591,0.785797863323545,"Gene1697"
240.233216950325,-2.81131599269722,0.162797567688756,-17.2687837577034,8.08279318930699e-67,3.2331172757228e-63,"Gene1698"
322.971132225099,-0.120024943507872,0.276100372407618,-0.434714891766514,0.663769387744837,0.992240177738971,"Gene1699"
14.7188132762619,0.590730032061115,0.321366308592904,1.83818283455915,0.0660354683230232,0.756853505134937,"Gene1700"
268.7832357569,0.32447573748438,0.278647646533884,1.16446609731162,0.244235174851191,0.936290561093852,"Gene1701"
54.4413708434865,0.389419651426532,0.267617871974779,1.45513320374669,0.145632388514951,0.872600384978322,"Gene1702"
6.3006981057984,0.393015264243286,0.382125761273444,1.02849717049579,0.303716021134744,0.970716290657991,"Gene1703"
182.635398826883,0.232066351364364,0.238885734145789,0.971453369512375,0.331322563044566,0.97219299808852,"Gene1704"
59.2691520373728,0.115691640434425,0.235781187705215,0.490673753747768,0.623657212740335,0.989592197216116,"Gene1705"
155.8436330861,0.232868303160515,0.273434470624204,0.85164208678195,0.394412772880976,0.985240646476599,"Gene1706"
545.053690267571,0.281533292739757,0.249808776687721,1.12699520198081,0.259744509593139,0.939142459455892,"Gene1707"
113.908802785587,-2.13199797123039,0.198347815642039,-10.7487847261098,6.0047533382468e-27,1.09177333422669e-24,"Gene1708"
38.7996528404995,0.160557416553764,0.280407718327774,0.572585581849374,0.566925324333401,0.989592197216116,"Gene1709"
48.6415158849132,0.670971920137779,0.226548434438852,2.96171510432081,0.00305930714593599,0.119972829252392,"Gene1710"
15.8284115494,0.207909821857276,0.328721074120028,0.632480964032627,0.527072643479017,0.989592197216116,"Gene1711"
21.6356908679843,0.204295402475542,0.316493933580977,0.645495476529479,0.518606148734108,0.989592197216116,"Gene1712"
107.457395612455,0.330611051403252,0.240834727934626,1.37277150284155,0.169823392502727,0.884104075288354,"Gene1713"
38.4666547102449,-0.230545411222042,0.296730235856086,-0.776952879631235,0.437186571214549,0.985948027515532,"Gene1714"
132.823841173934,-0.060926916059255,0.262485864500217,-0.232115036652592,0.816448666227304,0.993862929817308,"Gene1715"
131.683163700379,-0.315911223188972,0.277546443642354,-1.13822832331462,0.25502515473366,0.939142459455892,"Gene1716"
86.5936578334731,0.276868427449105,0.258178857321887,1.0723900102475,0.283544893025187,0.956043291201446,"Gene1717"
33.1422674671729,-0.0995172261271625,0.308623055390917,-0.322455579351028,0.747107584526145,0.99333153611013,"Gene1718"
9.15717895687033,-0.095267240945043,0.367213646039652,-0.259432736153699,0.795301374305699,0.99333153611013,"Gene1719"
51.2493131991502,0.0718477609720833,0.239866279642002,0.299532560722229,0.764533731900208,0.99333153611013,"Gene1720"
15.8756061672211,-0.4889579401415,0.333166125173122,-1.46761000953331,0.142210187518207,0.872600384978322,"Gene1721"
124.504156631698,0.198916766446751,0.286614763804303,0.694021353982199,0.487668817403025,0.989340724987449,"Gene1722"
130.297698803289,-0.144398585559522,0.239100637241687,-0.603923884207643,0.545894248639748,0.989592197216116,"Gene1723"
73.3230387909215,0.116990444366666,0.273572844004696,0.427639098435729,0.668913895639038,0.992240177738971,"Gene1724"
15.8035219867043,-0.591942288197097,0.357355187241453,-1.65645360507147,0.0976299931423334,0.785797863323545,"Gene1725"
20.1192391703134,-0.24040700124935,0.32655767994629,-0.73618541535722,0.461617866815095,0.985948027515532,"Gene1726"
26.0539811267069,0.0678360267474172,0.304639363249702,0.222676498610635,0.823787293532832,0.993862929817308,"Gene1727"
69.2096873372698,0.24042836482886,0.275568094903488,0.872482588788321,0.382945162566846,0.985240646476599,"Gene1728"
816.666187180567,0.215155694730187,0.250017665364823,0.860561970356112,0.389479338795991,0.985240646476599,"Gene1729"
18.5279375902423,-0.357149967349774,0.286815041426567,-1.24522746636081,0.213048149116062,0.919858845236042,"Gene1730"
4.3700571175004,-0.080126432019597,0.453969275423725,-0.176501883183193,0.859899669341409,0.995069104386573,"Gene1731"
47.9939260529819,-0.0213859399042483,0.251838569745991,-0.0849192398361323,0.932325595859171,0.995069104386573,"Gene1732"
18.5159134047626,-0.510358008277627,0.297178673069623,-1.71734399042175,0.0859163388491868,0.772573314719356,"Gene1733"
3.99566188950324,-0.438269484862503,0.4971309948402,-0.881597585769888,0.377994461144634,0.985240646476599,"Gene1734"
21.3770091577272,-0.250733154906788,0.264281848247104,-0.94873392391426,0.342755955673062,0.97219299808852,"Gene1735"
34.5493610584098,0.0150850617614637,0.279579485295637,0.0539562541418667,0.956970017576017,0.998072792424686,"Gene1736"
14.1015666840902,-0.133694478210591,0.32962326270559,-0.405597824356236,0.68503812770243,0.992240177738971,"Gene1737"
107.438270701269,0.098948740745448,0.248505418944776,0.398175384527277,0.690500909366029,0.992240177738971,"Gene1738"
152.064036197451,-0.265066832019483,0.237923021525648,-1.11408652395123,0.26524206933192,0.939142459455892,"Gene1739"
34.8796343840537,-0.308698215132013,0.301912869061458,-1.02247451753762,0.306556367403055,0.971869472338305,"Gene1740"
11.9450562725444,-0.0738326132774228,0.353911137266378,-0.208619072707654,0.834745620303206,0.993862929817308,"Gene1741"
103.203944655907,-0.27480439925465,0.258459830898868,-1.06323833107427,0.287673883598331,0.956043291201446,"Gene1742"
17.4569657552687,-0.198606428364991,0.26773041172098,-0.741814973832602,0.458199446939171,0.985948027515532,"Gene1743"
16.4240702526543,0.033189037553345,0.351597254636551,0.094395041814683,0.924795354279264,0.995069104386573,"Gene1744"
66.474342212764,0.0182689210576505,0.245514805595164,0.0744106695046923,0.940683619303926,0.995069104386573,"Gene1745"
19.3814804625547,-0.106687862336254,0.282111542230135,-0.378176169230333,0.70529972738459,0.992240177738971,"Gene1746"
38.0280511052107,0.892332856538185,0.304888752711868,2.92674901452162,0.00342525177840279,0.133019486539914,"Gene1747"
20.2882872473053,-0.473743869456976,0.311565433310625,-1.5205276927645,0.128378404179279,0.84738220580382,"Gene1748"
86.155448671672,0.00634475850645686,0.239481578689408,0.0264937225701422,0.978863540506566,0.999979708961714,"Gene1749"
20.0551633294159,0.0455416243460671,0.273144016342033,0.166731180700805,0.867581570284595,0.995069104386573,"Gene1750"
17.651546841914,-0.288096957701166,0.361041090315764,-0.797961687544203,0.424892723541568,0.985948027515532,"Gene1751"
16.127949582912,0.215779822389482,0.341462706614499,0.631927933005847,0.527433969809869,0.989592197216116,"Gene1752"
43.9553369998248,0.0591470743351481,0.282512553793761,0.209360871015759,0.834166536268029,0.993862929817308,"Gene1753"
243.418748897071,-0.212165928813251,0.261707366813521,-0.810699107925494,0.417538485773785,0.985948027515532,"Gene1754"
19.2086094665916,-0.0976011496723693,0.277782121795847,-0.351358644110654,0.725319304180553,0.99333153611013,"Gene1755"
75.9056537299724,0.055095477982008,0.233572734506578,0.235881461500192,0.813524653970739,0.993862929817308,"Gene1756"
27.2493369246553,-0.136072293077183,0.309705917209244,-0.439359681285165,0.66040093611105,0.991806639138922,"Gene1757"
14.9433852327912,-0.310426822362717,0.373058647637816,-0.83211265662469,0.405345358448074,0.985948027515532,"Gene1758"
194.942381269419,-0.334154154529626,0.296431810628897,-1.12725470934006,0.259634805313706,0.939142459455892,"Gene1759"
25.9225810468838,-0.0779006443279972,0.281816712337655,-0.276423082512799,0.782223129837175,0.99333153611013,"Gene1760"
364.534991307337,0.33814201300502,0.276596109850773,1.2225118176371,0.221514137673101,0.919858845236042,"Gene1761"
22.667948864476,-0.324606304066551,0.312035179206293,-1.04028752428568,0.29820633857331,0.965069056871554,"Gene1762"
100.74539238891,-0.105788053233857,0.238844557770301,-0.442915904056705,0.657826563368676,0.991806639138922,"Gene1763"
195.750914500102,0.245028771427432,0.235400439144267,1.0409019299971,0.297921065910849,0.964926529265908,"Gene1764"
663.015996187137,-0.265719983904247,0.216603745422344,-1.22675618275268,0.21991424419108,0.919858845236042,"Gene1765"
23.3375772388861,0.342987428773487,0.345066682174354,0.993974343197189,0.320235358497952,0.97219299808852,"Gene1766"
65.72829015206,-0.180144742860796,0.241853084552545,-0.744851955037427,0.456361222452171,0.985948027515532,"Gene1767"
181.667277307601,-0.238301146275871,0.254718138373644,-0.935548397917033,0.349505753564214,0.97219299808852,"Gene1768"
22.2294266288904,0.00773612744514374,0.308005126379941,0.0251168788522072,0.979961737052173,0.999979708961714,"Gene1769"
111.097668379329,-0.63903806142589,0.274622657419294,-2.3269677288506,0.0199669828960637,0.452983493087253,"Gene1770"
34.4486658379337,-0.216867675585044,0.254830601633394,-0.85102681622608,0.394754456619534,0.985240646476599,"Gene1771"
15.7076500335906,-0.367139364054136,0.304126124808024,-1.20719443055374,0.2273572748275,0.923969630274923,"Gene1772"
4.06433390453675,0.0449384050935558,0.436720709097155,0.102899643084154,0.918042620975746,0.995069104386573,"Gene1773"
99.2465778518442,0.130620489197179,0.236615859264958,0.552036070629199,0.580923640363973,0.989592197216116,"Gene1774"
40.660133111504,-0.0708060426310846,0.275626772751669,-0.256891019418054,0.797262903463179,0.99333153611013,"Gene1775"
406.299856001927,0.157971010149449,0.185612412628708,0.851079989275543,0.394724920486007,0.985240646476599,"Gene1776"
13.2032437243359,-0.209822301494855,0.328314424276379,-0.639089500734895,0.522764709709418,0.989592197216116,"Gene1777"
27.307119037664,-0.0299100546833101,0.290884853742214,-0.102824379813934,0.918102355526163,0.995069104386573,"Gene1778"
152.473952785837,-0.0179667124876738,0.26647790805744,-0.0674228967746212,0.946245041670322,0.996047412284549,"Gene1779"
43.6195012316335,0.634496991190036,0.307523063546476,2.0632500986195,0.0390888725030711,0.641324756594494,"Gene1780"
92.3633988069006,0.0575421115268495,0.231468924283588,0.248595407374645,0.803673761382352,0.99333153611013,"Gene1781"
274.694656486767,0.268570592225415,0.262041748418515,1.0249152810432,0.305403163653371,0.971869472338305,"Gene1782"
693.070036609235,-0.290214681329445,0.283449208925528,-1.02386837638236,0.305897448758995,0.971869472338305,"Gene1783"
48.5915214895379,-0.447236612065447,0.236285215104386,-1.89278288896691,0.0583867480003588,0.711494966081943,"Gene1784"
21.711327745451,-0.127548312775279,0.262209780103305,-0.486436137984737,0.626657973674415,0.989592197216116,"Gene1785"
15.6437278008393,0.318834823551615,0.332609359959414,0.958586443840667,0.337767124439619,0.97219299808852,"Gene1786"
29.3964450691781,0.0901770464306381,0.271666719839496,0.33193998324092,0.739934578191646,0.99333153611013,"Gene1787"
33.9872023870065,0.0799039495394318,0.244479477531207,0.326832952795525,0.743794234209715,0.99333153611013,"Gene1788"
11.8061122879108,-0.069625114043065,0.34818551216299,-0.199965568959321,0.841507509228312,0.994340430825116,"Gene1789"
109.387076026156,0.0133859493802098,0.259544189479353,0.051574837437363,0.958867469464755,0.998072792424686,"Gene1790"
308.144820456503,0.120672746094243,0.261408341870329,0.461625460116733,0.644349933383226,0.990448176597679,"Gene1791"
29.386843847953,-0.0730813256632734,0.270387869396325,-0.270283300158534,0.786942311956379,0.99333153611013,"Gene1792"
12.9665702487803,0.243352273012336,0.325083430998799,0.748584055067498,0.454107945483815,0.985948027515532,"Gene1793"
14.3685315178394,0.0125472299823687,0.288152486861289,0.0435437157563337,0.965268117419024,0.998072792424686,"Gene1794"
150.485445942147,0.044007299173176,0.234839542888909,0.18739305413311,0.851352468141536,0.995069104386573,"Gene1795"
51.2731103306103,-0.195322594724777,0.252506102734859,-0.773536134807296,0.439205152079158,0.985948027515532,"Gene1796"
6.2388483906067,0.08748957805087,0.395592637354053,0.221160784578929,0.824967242572225,0.993862929817308,"Gene1797"
43.9532014533324,0.00922605590887511,0.27297013082248,0.0337987745438531,0.973037613161056,0.999979708961714,"Gene1798"
54.0615119114275,-0.0146186813866091,0.259537019301413,-0.0563259970618363,0.955082109045198,0.997474787514567,"Gene1799"
21.7974954508432,0.2605399422011,0.372455645856617,0.699519379285766,0.48422750634785,0.989340724987449,"Gene1800"
12.2404408355741,0.143545070255448,0.29537920045856,0.485968781933875,0.626989299948801,0.989592197216116,"Gene1801"
28.5508590232206,-0.138422550776304,0.256887737231139,-0.538844525115483,0.589994137988547,0.989592197216116,"Gene1802"
20.7436308388155,0.983452056108503,0.27648590719314,3.55696992332238,0.000375157089300788,0.0180798597253392,"Gene1803"
26.2307775048804,0.316989793662491,0.292820451135222,1.08253980360172,0.279012738806661,0.951510161212528,"Gene1804"
4.06257696803458,0.392859646552984,0.448187939073202,0.876551134698915,0.380730490636364,0.985240646476599,"Gene1805"
46.3898661579038,0.0388347778680501,0.262249221831264,0.148083481799756,0.882276885329988,0.995069104386573,"Gene1806"
172.114394628834,-0.203831600125543,0.249743188039057,-0.816164804037283,0.414405883856858,0.985948027515532,"Gene1807"
184.151297857641,0.0844618403390064,0.243464748043891,0.346916097782582,0.728654352549615,0.99333153611013,"Gene1808"
680.737176441929,0.228903104470852,0.255310110756695,0.89656889730071,0.369949000876637,0.982424481229659,"Gene1809"
70.3000331270158,0.202394416465515,0.233252140110479,0.867706578681987,0.385554983513833,0.985240646476599,"Gene1810"
13.1821024217767,0.457117306796676,0.326901139130588,1.39833500737381,0.162012490045363,0.876928227579774,"Gene1811"
85.6085650005374,0.155606309203414,0.280376011183708,0.554991522086594,0.578900459313559,0.989592197216116,"Gene1812"
213.799602711777,-0.222242637239878,0.279528587716094,-0.795062283452741,0.426577272888194,0.985948027515532,"Gene1813"
500.228673622736,-0.0599061216099056,0.234453124038657,-0.25551428182304,0.798325914320601,0.99333153611013,"Gene1814"
143.500973047156,-0.414707855640362,0.270022651288444,-1.53582617480991,0.124581018278227,0.837522067458995,"Gene1815"
271.591600239141,0.103354455327282,0.245957104954687,0.42021333494848,0.674329614092561,0.992240177738971,"Gene1816"
80.6533277080433,-0.418048617551854,0.250707828435972,-1.66747333005048,0.0954203232678257,0.785797863323545,"Gene1817"
10.7848453850381,-0.159191749422043,0.306646930077807,-0.519136941568764,0.603665248824558,0.989592197216116,"Gene1818"
21.0256632164946,-0.10678416760492,0.27360174581904,-0.390290519840276,0.696321732645343,0.992240177738971,"Gene1819"
462.921979332004,0.0815408819918795,0.212818161550997,0.38314813640724,0.701609930169305,0.992240177738971,"Gene1820"
110.790250883547,0.104237874427615,0.255369649554266,0.408184271739248,0.683138394380202,0.992240177738971,"Gene1821"
25.198380426861,-0.123874004347579,0.333972272279539,-0.370911044506998,0.710703788689942,0.992240177738971,"Gene1822"
20.036261654676,-0.67696786908943,0.325167903548879,-2.08190249314588,0.0373513770192894,0.626045953549491,"Gene1823"
14.1197719386223,0.440106652836542,0.303114357893957,1.45194921116376,0.146515727752227,0.872600384978322,"Gene1824"
66.2200820030067,0.518991560154858,0.217820617095535,2.38265581594249,0.0171882562436358,0.417792194437268,"Gene1825"
40.7502271603985,-0.113523189463758,0.321067330289871,-0.353580631705087,0.723653191540543,0.99333153611013,"Gene1826"
15.6243525803658,0.363822041093652,0.466721678402127,0.779526767085765,0.435669476230591,0.985948027515532,"Gene1827"
250.922483900421,0.186938379627625,0.312134738239683,0.598902834980445,0.549237680837775,0.989592197216116,"Gene1828"
46.1951701707466,0.0780420899662339,0.311671300523977,0.250398704773365,0.802279031160778,0.99333153611013,"Gene1829"
137.024201912854,0.391792224546377,0.207002918078785,1.8926893793703,0.0583991896250383,0.711494966081943,"Gene1830"
31.5810122913521,0.0404788493607289,0.250329714305106,0.161702135414067,0.871540422857035,0.995069104386573,"Gene1831"
66.0106889866719,0.0324434283794053,0.268055920396124,0.121032314195716,0.903665440302437,0.995069104386573,"Gene1832"
181.521127881349,0.0914122694949921,0.256747433644448,0.356039662003332,0.721810862799569,0.99333153611013,"Gene1833"
126.230974953933,0.0119551745576175,0.260655841518166,0.045865745758797,0.963417256355001,0.998072792424686,"Gene1834"
170.350514168914,0.340679075793403,0.233562809720982,1.45861867392494,0.144670090976948,0.872600384978322,"Gene1835"
5.76370775646199,-0.976918073957778,0.401036830375466,-2.43598093731977,0.0148514671660595,0.390828083317354,"Gene1836"
60.618340163581,-0.0375854576010453,0.41347543668293,-0.090901306985903,0.927571011669551,0.995069104386573,"Gene1837"
37.6445529337283,0.522682082455316,0.462930490570986,1.12907249166204,0.258867254516279,0.939142459455892,"Gene1838"
23.4417124833943,0.384397094055295,0.294383422541461,1.30577017801047,0.191630724431286,0.897421272206798,"Gene1839"
29.4537107727331,-0.309974271504734,0.249912147486544,-1.24033295148818,0.214852269284021,0.919858845236042,"Gene1840"
407.75118068846,-0.448941729234247,0.266645185262343,-1.68366711288092,0.0922460205038612,0.777551211643128,"Gene1841"
88.5643576814198,0.211573335534226,0.218146137442622,0.969869730514371,0.33211142974578,0.97219299808852,"Gene1842"
42.796666328678,0.166451142808693,0.271846507314141,0.612298257767735,0.540340442161297,0.989592197216116,"Gene1843"
181.022905986591,-0.134038265304981,0.230344183809363,-0.581904275108215,0.560631160731535,0.989592197216116,"Gene1844"
26.025469513147,0.056516173747481,0.35343322139167,0.159906229315242,0.872954941383088,0.995069104386573,"Gene1845"
71.0909459700364,-0.0496709910593698,0.241568616196,-0.205618560231635,0.837088878342971,0.993862929817308,"Gene1846"
303.877061089832,-0.0901008388965129,0.235798123321604,-0.382110076311442,0.702379718090831,0.992240177738971,"Gene1847"
34.7112197414763,0.24254911781219,0.262391025395704,0.924380387806361,0.35528830210926,0.97219299808852,"Gene1848"
20.2191481082954,0.333440862656379,0.300403213580574,1.1099776819363,0.267008643822579,0.939142459455892,"Gene1849"
26.7572788861,-0.0370139902186152,0.27676097709275,-0.133739917409711,0.893608239160679,0.995069104386573,"Gene1850"
16.1746171710773,0.273674012634817,0.346770476416455,0.789207937950714,0.429990483254908,0.985948027515532,"Gene1851"
74.3520541222824,-0.284198527489618,0.267164693381805,-1.0637578038183,0.287438431162401,0.956043291201446,"Gene1852"
86.7732344093876,0.199035253741997,0.272298068772206,0.730946255474557,0.464811981193028,0.985948027515532,"Gene1853"
130.666279852635,-0.145907541604852,0.28647841624107,-0.509314256617752,0.610531966450918,0.989592197216116,"Gene1854"
423.859025748484,-0.219382420868622,0.282757362968858,-0.775868110259552,0.437826863445033,0.985948027515532,"Gene1855"
289.846539763376,0.208902114222354,0.203804949911786,1.02501001233176,0.305358463417604,0.971869472338305,"Gene1856"
12.9562416314025,0.218795155575823,0.36181454624984,0.604716305200015,0.545367512337048,0.989592197216116,"Gene1857"
576.493759620552,-0.32281554885757,0.24291169520218,-1.32894197864325,0.183867112891712,0.88770084566211,"Gene1858"
66.0006830259054,0.0727797290916974,0.268570121434657,0.27098967190736,0.786398975784398,0.99333153611013,"Gene1859"
35.4831985618942,0.429996368824532,0.274020220083491,1.56921401162847,0.116598080435726,0.815371191858224,"Gene1860"
538.069643994253,-0.0333385714696506,0.237521927371416,-0.140359973660531,0.888375581118484,0.995069104386573,"Gene1861"
77.5010435026179,-0.327722354555213,0.229623457559697,-1.42721635689164,0.153517541172891,0.872600384978322,"Gene1862"
455.564483583984,-0.0575516396930576,0.265762857795333,-0.216552606976324,0.828557023375926,0.993862929817308,"Gene1863"
46.8183536304315,0.0728334549071229,0.272269540977804,0.267504968222136,0.789080389424823,0.99333153611013,"Gene1864"
22.0593693214732,0.351485376512097,0.250471940502093,1.40329242392387,0.160529656451173,0.876928227579774,"Gene1865"
5.51960810906558,-0.744801551499654,0.414908204544278,-1.79509959875997,0.0726378326985565,0.772573314719356,"Gene1866"
203.200590834805,0.180808228928089,0.247456625316191,0.730666348888655,0.464982974710439,0.985948027515532,"Gene1867"
19.2841323553905,0.402101171017091,0.315160409337732,1.27586193920122,0.202004327517345,0.917159262280795,"Gene1868"
146.38511619593,-0.0463213287101785,0.31700027163952,-0.146123940117166,0.883823547778672,0.995069104386573,"Gene1869"
61.1443739879509,-0.366830835873609,0.280958826906596,-1.3056391212637,0.191675309844282,0.897421272206798,"Gene1870"
92.0734952104153,-0.151898546457083,0.28230245052012,-0.538070237000146,0.590528559299856,0.989592197216116,"Gene1871"
264.908019904774,-0.299725631343028,0.261728969378796,-1.14517560686696,0.252136420870437,0.939142459455892,"Gene1872"
32.3488754090866,-0.477083697317322,0.279343334021533,-1.70787571856125,0.0876594055189982,0.772573314719356,"Gene1873"
31.812949772878,0.150221990802447,0.289746748973341,0.5184596249474,0.604137623110754,0.989592197216116,"Gene1874"
39.9372800613211,0.0407388670954548,0.287226786808242,0.141835194231563,0.887210184105456,0.995069104386573,"Gene1875"
181.358729933768,-0.0996302314867254,0.292190350440821,-0.34097714498927,0.733120787467153,0.99333153611013,"Gene1876"
32.1088621391737,-0.116256834864734,0.301487263565706,-0.38561109842505,0.699784712438059,0.992240177738971,"Gene1877"
47.1428715370238,-0.385906693754311,0.2679033599646,-1.44046977912223,0.149734534142381,0.872600384978322,"Gene1878"
136.709732247597,0.0840526297815217,0.248478377824197,0.338269391958887,0.735160187260741,0.99333153611013,"Gene1879"
119.637091556705,0.112407297426394,0.313364309742158,0.358711231406299,0.719811125395248,0.99333153611013,"Gene1880"
149.847681972867,0.169608783100848,0.275045131396682,0.616658008958648,0.537460323613721,0.989592197216116,"Gene1881"
49.6768244324686,-0.000931892799642786,0.27621658930569,-0.00337377563739105,0.99730812161397,0.999979708961714,"Gene1882"
141.9056923899,0.326843220898756,0.2962855075614,1.10313603790096,0.269968092820985,0.943034028647173,"Gene1883"
80.8501875921873,-0.10085650605588,0.256067857663577,-0.393866325028524,0.693679733638767,0.992240177738971,"Gene1884"
28.1145134054546,0.201760009450228,0.292508511478268,0.689757738776835,0.490346549276869,0.989592197216116,"Gene1885"
483.710103277551,-0.030053220803231,0.208955082942715,-0.143826225138874,0.885637693511155,0.995069104386573,"Gene1886"
4.78361400307898,0.556216608484606,0.462479659000282,1.20268339949686,0.229098860282049,0.92530269404883,"Gene1887"
153.269183800224,0.082046100237202,0.23571699903517,0.348070357984493,0.727787344963363,0.99333153611013,"Gene1888"
77.8625610233816,-0.194009554774237,0.275445451252696,-0.704348370582642,0.48121585009756,0.988475261094077,"Gene1889"
62.8204922464843,-0.115690403790706,0.258826296474939,-0.446980872370162,0.654888870575371,0.991806639138922,"Gene1890"
25.6928042408275,0.303248859237406,0.327717282196945,0.925336793972207,0.354790745360593,0.97219299808852,"Gene1891"
42.7289436421952,0.0451403658999976,0.222767682314473,0.20263426647441,0.839420904807911,0.993862929817308,"Gene1892"
394.875397816004,-0.0866593121496982,0.281953219977294,-0.30735351118415,0.758574309372993,0.99333153611013,"Gene1893"
52.804161364952,0.0553130514887601,0.235055327812316,0.235319284202423,0.813960928693795,0.993862929817308,"Gene1894"
38.1333275467367,-0.170529889759431,0.309130519022906,-0.551643656208512,0.581192519911994,0.989592197216116,"Gene1895"
19.653029446761,-0.197940765137699,0.332735038659247,-0.59489005406614,0.55191696600025,0.989592197216116,"Gene1896"
32.4960927920914,-0.0203876355702065,0.244285856073581,-0.083458108864336,0.933487285423794,0.995069104386573,"Gene1897"
110.536134655868,1.91392203076865,0.211873524518473,9.03332322959385,1.66535878571113e-19,1.75300924811698e-17,"Gene1898"
8.35189910119243,-0.635424336949381,0.375681270187765,-1.69139211180743,0.0907619378656802,0.772573314719356,"Gene1899"
228.326685952792,-0.423004480191622,0.287773130094472,-1.46992347775053,0.141582480138429,0.872600384978322,"Gene1900"
61.017681106905,-0.370116863813703,0.25694266843486,-1.44046477787528,0.149735948142892,0.872600384978322,"Gene1901"
245.292367318284,-0.0701552868550843,0.250150500388756,-0.280452314690783,0.779130505351284,0.99333153611013,"Gene1902"
147.261733626162,-0.425377299838889,0.27632051730895,-1.53943436405513,0.123698290116086,0.837213469482814,"Gene1903"
276.246986148292,0.348417866385894,0.204307745695261,1.70535808713578,0.0881276602074122,0.772573314719356,"Gene1904"
9.93830769106541,0.391015506262424,0.336091133720843,1.16342106955788,0.244658705149188,0.936290561093852,"Gene1905"
115.986861733151,-0.367868507642639,0.256106037494489,-1.43639139179042,0.150891001251381,0.872600384978322,"Gene1906"
37.6001338307429,-0.364477583400734,0.275423465220308,-1.32333526160958,0.185723910281798,0.888310428362108,"Gene1907"
48.0919637049749,0.256255501612472,0.273648362228666,0.936440837889393,0.349046260000566,0.97219299808852,"Gene1908"
25.59934174944,-0.163225338014572,0.306668061592291,-0.532254115955436,0.59455000681563,0.989592197216116,"Gene1909"
71.5195696017732,0.0582985058577185,0.266857785698345,0.218462825452726,0.827068519775543,0.993862929817308,"Gene1910"
70.3491961439508,0.192947182220109,0.256877852908762,0.75112424070533,0.452577888357388,0.985948027515532,"Gene1911"
3.20916575148069,-0.16195641717263,0.513912009913901,-0.31514425436324,0.75265212900278,0.99333153611013,"Gene1912"
148.090416663173,0.359260940257342,0.239266783986527,1.50150779089158,0.133224273125015,0.85276578458901,"Gene1913"
63.43693048176,0.066552267628198,0.234807042858007,0.283433864751849,0.776844271920232,0.99333153611013,"Gene1914"
13.2753887925718,0.174024660893842,0.307473639874375,0.565982374830387,0.571405762014649,0.989592197216116,"Gene1915"
12.9312800909096,0.0934930755650164,0.334483703337729,0.279514591090903,0.779849942006602,0.99333153611013,"Gene1916"
22.3229394692102,-0.770710168371577,0.302540628712472,-2.54746006065864,0.0108510273361345,0.303272838416452,"Gene1917"
7.33445566281054,-0.407524648929879,0.388099868016615,-1.0500509856201,0.29369467201227,0.961193054182653,"Gene1918"
60.8458899633533,-0.0386942583914181,0.309239774668801,-0.12512704238276,0.90042297481276,0.995069104386573,"Gene1919"
330.752768225272,0.106438485420753,0.26813557196712,0.396957720454207,0.691398638707744,0.992240177738971,"Gene1920"
68.8361894180986,0.410384854301676,0.233961635905042,1.75406900671629,0.0794186835881495,0.772573314719356,"Gene1921"
93.9668452868807,0.153713421239511,0.238181991135625,0.645361223603108,0.51869312587193,0.989592197216116,"Gene1922"
9.01993470874898,-0.0944590224845523,0.36875819460642,-0.256154368543239,0.797831641962269,0.99333153611013,"Gene1923"
9.51721996659783,-0.0152010458628561,0.33453419441667,-0.0454394382295129,0.963757046275506,0.998072792424686,"Gene1924"
18.1801755587278,-0.444899849078982,0.277147602963948,-1.60528124479884,0.108431924741229,0.802499085937603,"Gene1925"
125.701556001924,0.478714158582471,0.29425748634086,1.62685464534942,0.103767972550249,0.792500650888625,"Gene1926"
18.7828731429621,0.30413524852485,0.339835225646424,0.894949156451727,0.370814267724766,0.982424481229659,"Gene1927"
108.445400525274,0.0871035515451311,0.252405138635343,0.345094208525493,0.730023547252136,0.99333153611013,"Gene1928"
47.4650680098866,0.106294445751733,0.262712319037313,0.404603964295393,0.685768644085796,0.992240177738971,"Gene1929"
78.9063395348172,-0.0959023605018607,0.301055129473001,-0.318554148769159,0.750064627270524,0.99333153611013,"Gene1930"
13.3364792624334,-0.234668297183263,0.371356429401365,-0.631921998931198,0.527437847560176,0.989592197216116,"Gene1931"
19.6801541100402,-0.185563828059884,0.288754929636327,-0.642634320714778,0.520461407764143,0.989592197216116,"Gene1932"
43.4606585230429,0.100813337284773,0.274116233940877,0.367775873159402,0.713040360524736,0.992240177738971,"Gene1933"
43.7277726166943,0.223633087269015,0.245280307599803,0.911744972343614,0.361902983831031,0.979139537995581,"Gene1934"
6.47977372842623,0.0829243792243444,0.403572274836869,0.205475907030194,0.837200319903641,0.993862929817308,"Gene1935"
110.185714783908,0.0586616073180026,0.279374628335108,0.209974712691657,0.83368740942089,0.993862929817308,"Gene1936"
4.54583107781379,0.270575114909372,0.432795189222813,0.625180504883277,0.531852595465735,0.989592197216116,"Gene1937"
32.8627665761505,0.490671036268172,0.281828657388265,1.74102605751761,0.0816790110872331,0.772573314719356,"Gene1938"
61.5995702608173,-0.193690179600472,0.305335116865874,-0.634352777985753,0.525850619989441,0.989592197216116,"Gene1939"
21.8813766187487,-0.133404075141012,0.326379539118723,-0.408739087938002,0.682731145275044,0.992240177738971,"Gene1940"
8.96762205557439,-0.190225981342612,0.364663340938984,-0.521648216277494,0.601915285703627,0.989592197216116,"Gene1941"
40.0441610517837,0.427707453466106,0.234711008659534,1.82227265737897,0.0684136248229724,0.770831530378711,"Gene1942"
51.2641823661243,0.135505897384505,0.324169270893448,0.418009692933063,0.675940030370262,0.992240177738971,"Gene1943"
17.5800481790762,-0.500978385888932,0.289888524876269,-1.72817598110432,0.083956678553423,0.772573314719356,"Gene1944"
11.8053040097501,-0.130736133153875,0.358781059736353,-0.36438972907306,0.715567004073448,0.992464638104643,"Gene1945"
12.2455340655209,0.579882319199081,0.342749740215905,1.69185341711361,0.0906739257072949,0.772573314719356,"Gene1946"
30.8236127410923,0.0299712873942583,0.276545001040895,0.108377614064433,0.913696157917222,0.995069104386573,"Gene1947"
30.7400362124643,-0.0603022446136759,0.250352355672696,-0.240869491527827,0.809656268289246,0.993862929817308,"Gene1948"
301.746285683096,-0.163504645413744,0.307605345141133,-0.531540325928754,0.595044404461291,0.989592197216116,"Gene1949"
12.000622703844,0.0874844080666952,0.367360461560281,0.238143233202411,0.811770003868707,0.993862929817308,"Gene1950"
80.9980819768634,-0.403947207349388,0.275909103914331,-1.46405900210822,0.143177827864902,0.872600384978322,"Gene1951"
34.9534588281921,-0.214843382950692,0.258347910989597,-0.831604877808914,0.405632007912366,0.985948027515532,"Gene1952"
68.3324569049615,-0.331200389544356,0.272369156995644,-1.21599814456838,0.223985628814976,0.919858845236042,"Gene1953"
24.2960140016129,-0.162359964226388,0.284782816606944,-0.570118542125651,0.56859729977519,0.989592197216116,"Gene1954"
145.325639867633,-0.188174154866525,0.282680289696597,-0.66567837138024,0.505616700962047,0.989592197216116,"Gene1955"
6.36633213406266,0.13705157545068,0.400157241693655,0.342494302666154,0.731978930854697,0.99333153611013,"Gene1956"
61.015477459892,-0.0225307864900372,0.246802738445584,-0.0912906665134305,0.927261634064469,0.995069104386573,"Gene1957"
45.2630699644929,-0.471602422070955,0.259530913937965,-1.81713390098754,0.0691966129718213,0.77111784453659,"Gene1958"
230.674891849445,-0.139938487627745,0.208818215042306,-0.670145023504741,0.502765345928399,0.989592197216116,"Gene1959"
40.5023911548316,0.604992935351281,0.268313252012452,2.25480080023481,0.0241458350371517,0.502872959600033,"Gene1960"
87.0207224026523,0.17637145516774,0.220818257009678,0.798717721786971,0.424454108483938,0.985948027515532,"Gene1961"
97.2123971916804,-0.374843337479749,0.231375517768662,-1.62006482403437,0.105218352649445,0.794679342487159,"Gene1962"
22.7850806809446,0.233405662174347,0.266838537740007,0.874707469734993,0.381733094716753,0.985240646476599,"Gene1963"
43.7607931028695,0.125570087312361,0.317277537656298,0.395773644235693,0.692272021473207,0.992240177738971,"Gene1964"
44.925055220589,0.325660288698412,0.269675155049907,1.20760211906857,0.22720034373742,0.923969630274923,"Gene1965"
192.560370439632,-0.150760231890158,0.270526277517867,-0.557284982713745,0.577332734373207,0.989592197216116,"Gene1966"
59.7114745230149,0.029012615831601,0.279820239873176,0.103683049677716,0.917420878544855,0.995069104386573,"Gene1967"
61.6253693083519,0.268160169281233,0.217854143057814,1.23091608687042,0.218354250281111,0.919858845236042,"Gene1968"
762.522157330966,-0.0077661342284623,0.227143452450005,-0.0341904384418549,0.97272529110284,0.999979708961714,"Gene1969"
100.819138408902,0.0154076823371171,0.217360300780986,0.0708854481786995,0.943488924911007,0.995123160257414,"Gene1970"
72.1941922095846,0.0864822149117771,0.312662494615026,0.27659926086837,0.782087832304647,0.99333153611013,"Gene1971"
107.410286169626,-0.096020537445874,0.278530533480396,-0.344739717567203,0.730290056149003,0.99333153611013,"Gene1972"
333.040470366309,0.504181387452233,0.237672966495352,2.121324081938,0.0338945391417222,0.607973796264075,"Gene1973"
180.07028239825,0.0140318954127646,0.246507432023089,0.056922808767284,0.954606684999563,0.997474787514567,"Gene1974"
75.1808544574613,0.174262508656766,0.283298685673927,0.61511936859933,0.538475891845938,0.989592197216116,"Gene1975"
27.3855168397345,0.0273921726484298,0.293903275925014,0.0932013178901025,0.925743627423423,0.995069104386573,"Gene1976"
80.128341811332,-0.262087466473756,0.241287358734619,-1.08620471394862,0.277388432200119,0.950990735044977,"Gene1977"
62.6803178347969,-0.119626596841615,0.241898507584388,-0.494532182261943,0.620930383959033,0.989592197216116,"Gene1978"
5.03044221618735,-0.173676554998648,0.411720182149592,-0.421831531531639,0.673147988723821,0.992240177738971,"Gene1979"
7.93892275783568,-0.466573688186793,0.355273909397154,-1.31327878531384,0.189089024438757,0.894827280755158,"Gene1980"
6.96239487941326,0.0764638564211275,0.368186795222601,0.20767680268082,0.835481331551579,0.993862929817308,"Gene1981"
282.16198352271,-0.456390970814879,0.177132785586448,-2.57654713272797,0.0099792599310079,0.29788835614949,"Gene1982"
145.354067736827,0.078205178448096,0.223058275833645,0.35060424526199,0.725885271221216,0.99333153611013,"Gene1983"
2.66992313736558,0.262197636861387,0.536870632705264,0.488381410508871,0.6252797066191,0.989592197216116,"Gene1984"
79.277367828749,-0.49280412794067,0.241472896003225,-2.04082584876975,0.041268140308732,0.649891973365859,"Gene1985"
52.977453005746,-0.133161332526147,0.301659739790447,-0.441428917954548,0.658902510874258,0.991806639138922,"Gene1986"
37.9796951675809,-0.0193017912142863,0.330346130807837,-0.0584289913342868,0.953406922467958,0.997455699601329,"Gene1987"
19.2537954989303,0.407641599159038,0.335152204873575,1.21628798268777,0.223875237746228,0.919858845236042,"Gene1988"
12.678737809985,-0.0120356790398781,0.366665731644877,-0.0328246629045085,0.973814410653633,0.999979708961714,"Gene1989"
152.941326431374,0.149982009283828,0.269403037305193,0.55671981572324,0.577718875936958,0.989592197216116,"Gene1990"
26.5259233238679,-0.24768294231082,0.285683740476761,-0.86698298579218,0.385951332096634,0.985240646476599,"Gene1991"
43.1814976884227,-0.0516528558890994,0.236080526270519,-0.218793378281069,0.826811005280544,0.993862929817308,"Gene1992"
104.786949787235,0.213503535733143,0.318437739261152,0.670471836122563,0.502557054349056,0.989592197216116,"Gene1993"
99.8022039822372,-0.318554841305357,0.274489239549753,-1.16053671840792,0.245830353101082,0.936290561093852,"Gene1994"
32.9496802963144,0.342209402891469,0.28070074339633,1.21912538866451,0.222796604993466,0.919858845236042,"Gene1995"
24.7954097908411,-0.578648606931746,0.294780195386705,-1.96298332108997,0.0496481120910634,0.685085529328067,"Gene1996"
70.3534721762401,-0.0621784917232074,0.269374382750588,-0.230825556195439,0.817450326327326,0.993862929817308,"Gene1997"
13.8167923932403,0.410167399384168,0.310452325807846,1.32119287016726,0.18643706303744,0.888310428362108,"Gene1998"
66.3719761838212,-0.452526392094785,0.239586957920175,-1.88877723571897,0.058921684314667,0.711494966081943,"Gene1999"
71.595719815349,0.0957489044842061,0.217827565093845,0.439562846157488,0.660253755074067,0.991806639138922,"Gene2000"
80.3161383242251,0.202673340878214,0.278293202002862,0.728272697355107,0.466446672082894,0.985948027515532,"Gene2001"
40.3305636401197,-0.176932067688601,0.311704548133388,-0.567627481691048,0.570287942416526,0.989592197216116,"Gene2002"
6.66203179651206,-0.47504026874064,0.372206123598652,-1.27628278693467,0.201855572703766,0.917159262280795,"Gene2003"
4.5415254819989,-0.422747697342581,0.421713263813441,-1.00245293097918,0.316124888795486,0.97219299808852,"Gene2004"
11.0222789144378,0.193222828131577,0.328212271047032,0.588712992098606,0.556053821018015,0.989592197216116,"Gene2005"
57.4283259425533,-0.0270507003778082,0.26147517138094,-0.103454183565285,0.917602510531164,0.995069104386573,"Gene2006"
45.1089965045976,0.14618347430416,0.259994946943417,0.562255059272265,0.573942252873763,0.989592197216116,"Gene2007"
18.5762174805175,0.171461022614086,0.349850920210196,0.490097389228158,0.62406498545185,0.989592197216116,"Gene2008"
18.8515185022576,-0.0248971386162771,0.320728596710589,-0.0776268124252829,0.93812491350034,0.995069104386573,"Gene2009"
102.678700128944,-0.00600342283058124,0.229280838744576,-0.0261837093036335,0.979110809520977,0.999979708961714,"Gene2010"
8.2353664720202,0.00139842915926911,0.388029108504203,0.00360392849046778,0.99712448732389,0.999979708961714,"Gene2011"
117.17189752182,0.0935646484910034,0.254029088357052,0.368322577135312,0.712632719885963,0.992240177738971,"Gene2012"
90.3242136766914,-0.234230054867996,0.260358436202537,-0.899644575702492,0.368309427271047,0.982158472722792,"Gene2013"
19.0431531210757,0.315462481410078,0.330559130802934,0.954329957983053,0.339916648266624,0.97219299808852,"Gene2014"
48.9321718984977,-0.238933502568127,0.424526637440124,-0.562823346042276,0.573555181296929,0.989592197216116,"Gene2015"
147.927652113464,0.353607012669309,0.269492908378991,1.31211991735243,0.189479676699905,0.894827280755158,"Gene2016"
181.523328482897,-1.42821383456295,0.167378650144318,-8.53283159669119,1.42808493939039e-17,1.29825903580944e-15,"Gene2017"
805.305738607696,2.11349685029268,0.171810829880433,12.3013016802463,8.91261472097388e-35,2.74234299106889e-32,"Gene2018"
96.0755280019836,0.150971866769565,0.220820697338778,0.683685309343751,0.494173902006002,0.989592197216116,"Gene2019"
45.4057060912643,0.167057326895639,0.285794226186838,0.584537095533991,0.558859015248775,0.989592197216116,"Gene2020"
93.9006568879034,-0.00889375321035932,0.285982971322092,-0.0310988908508913,0.975190674215833,0.999979708961714,"Gene2021"
40.0369855282259,-0.0102339418653207,0.259144871853528,-0.0394911996217509,0.96849876972969,0.999049200813736,"Gene2022"
15.9619211866201,-0.0532922885827898,0.319724935691266,-0.16668167738487,0.867620523167552,0.995069104386573,"Gene2023"
153.274992453478,-0.254283954624368,0.214298437516685,-1.18658800115875,0.235390171082877,0.92910568183392,"Gene2024"
120.853595816771,0.325279144860579,0.277542438812007,1.17199786185098,0.241197914589364,0.930368040846147,"Gene2025"
220.856999776016,0.159075841364118,0.283671882790682,0.560774088003278,0.574951553268072,0.989592197216116,"Gene2026"
391.36058196067,-0.355780859599791,0.25775570467126,-1.38030256227908,0.167493506388118,0.884104075288354,"Gene2027"
286.794644361674,0.306783302650328,0.292618824227817,1.0484059030033,0.294451635015584,0.961932221251959,"Gene2028"
139.655518760179,0.0728166288743493,0.264007586002954,0.275812638480527,0.782691976003321,0.99333153611013,"Gene2029"
44.0354528102313,-0.150526378979368,0.253875875489378,-0.59291328366356,0.553239187596052,0.989592197216116,"Gene2030"
47.2893066672368,-0.0364347334976029,0.262669390056166,-0.13870947615865,0.889679729602443,0.995069104386573,"Gene2031"
34.1256185545446,-0.37722679927486,0.298995175701031,-1.26164844763935,0.207075314820217,0.919858845236042,"Gene2032"
20.8427886587213,-0.135059786967721,0.287735709774125,-0.469388339298393,0.638792081744691,0.989592197216116,"Gene2033"
32.368492247565,0.230746743238715,0.23447557813832,0.98409712888135,0.325067758481602,0.97219299808852,"Gene2034"
116.035855673281,0.114633906890828,0.249826542868659,0.458853993553017,0.646339018350409,0.990448176597679,"Gene2035"
78.5772454664494,0.410047512878542,0.264220120308349,1.55191630523826,0.120682250941058,0.832291385800398,"Gene2036"
11.4426257817551,0.867085855514775,0.345395090988752,2.51041742669994,0.0120588520913185,0.330379509351192,"Gene2037"
193.355365471531,0.161124584228541,0.281953625328587,0.571457749623781,0.567689392419771,0.989592197216116,"Gene2038"
218.087956716021,-0.0294709815947235,0.242691215617825,-0.121434068059277,0.903347234128371,0.995069104386573,"Gene2039"
303.419487209302,-0.120263556378361,0.287814848048117,-0.417850424305612,0.676056481085346,0.992240177738971,"Gene2040"
12.3441525464379,-0.542046864895576,0.364557234486271,-1.48686355287784,0.13705085214773,0.859252991521819,"Gene2041"
32.947314562328,-0.153355347019798,0.276299880940469,-0.555032258782765,0.57887259577813,0.989592197216116,"Gene2042"
32.9671938766521,-0.276568318097736,0.265006305528145,-1.04362919797908,0.296656978698962,0.963172008762864,"Gene2043"
33.3569652842732,0.411430455057755,0.2540351583421,1.61958076095788,0.105322365134985,0.794679342487159,"Gene2044"
30.1580036884079,0.21202826127601,0.24696803229795,0.858525126929027,0.39060256189117,0.985240646476599,"Gene2045"
29.662227978918,-0.194912674933256,0.272583251427504,-0.715057414248705,0.474573566864,0.987152505177327,"Gene2046"
18.2154546906708,-0.218719378464314,0.298011184256002,-0.733930100678458,0.4629913405539,0.985948027515532,"Gene2047"
26.0424330887972,0.364162969249537,0.272087318761477,1.33840478456395,0.180764520069204,0.88770084566211,"Gene2048"
38.788255894783,0.180775638329513,0.291884585710022,0.619339448466482,0.5356927619107,0.989592197216116,"Gene2049"
61.2812222889264,-0.13798177806894,0.247552308636101,-0.557384331534439,0.577264868399472,0.989592197216116,"Gene2050"
123.226163714335,-0.142585836212899,0.272051029802314,-0.524114304277802,0.600199040048287,0.989592197216116,"Gene2051"
92.8276763366962,-1.5627977956776,0.194437930812354,-8.03751505248123,9.16786394276725e-16,7.19048152373902e-14,"Gene2052"
23.4433910346444,0.0537600558970084,0.254591643016423,0.211161903274023,0.832760937234852,0.993862929817308,"Gene2053"
51.8877791449565,0.0304405827403862,0.308692784037376,0.0986112546663888,0.921446933647812,0.995069104386573,"Gene2054"
805.760667145781,0.0412557194837923,0.259065790099991,0.159248040692169,0.873473455757423,0.995069104386573,"Gene2055"
34.6891226708422,-0.0630343523025614,0.279011885506357,-0.225919953869224,0.821263678063591,0.993862929817308,"Gene2056"
105.598413898596,0.00607071229967118,0.255534263592311,0.0237569405148603,0.981046486837286,0.999979708961714,"Gene2057"
23.5636501732395,-0.155087620649975,0.315840644642791,-0.491031231352051,0.623404358480819,0.989592197216116,"Gene2058"
186.319743844449,-0.00161924357550398,0.259267584479762,-0.00624545323995323,0.995016881679638,0.999979708961714,"Gene2059"
99.8125055767579,0.196013019885022,0.294401322819076,0.665802103088652,0.505537600462118,0.989592197216116,"Gene2060"
16.5936497807492,-0.0836511013267231,0.292431878040842,-0.286053291751729,0.774837305128442,0.99333153611013,"Gene2061"
190.253814736325,-0.198361325303515,0.200141807497057,-0.991103896703002,0.321634850451579,0.97219299808852,"Gene2062"
204.056004073597,-0.0723087896559494,0.258686808794967,-0.279522523752885,0.779843855148731,0.99333153611013,"Gene2063"
151.740109172157,0.082056831362604,0.302569179024364,0.271200231389055,0.786237035023349,0.99333153611013,"Gene2064"
1.33632499217136,0.530575598087351,0.737501206169438,0.719423363174071,0.471880105998227,0.985948027515532,"Gene2065"
56.8345799213301,0.225756173653246,0.309013089875727,0.730571555218052,0.465040891612601,0.985948027515532,"Gene2066"
381.07088195035,0.293092006562627,0.237010827036274,1.23661863986395,0.21622869650361,0.919858845236042,"Gene2067"
47.5059579380017,0.247187895349202,0.228699172711152,1.0808429799674,0.279766966170525,0.952398182708171,"Gene2068"
27.0443494756228,0.141786529426252,0.284060292499817,0.499142376354288,0.617679085969817,0.989592197216116,"Gene2069"
40.3740695480221,-0.050681953599119,0.275775210955241,-0.183779946803648,0.854186088310368,0.995069104386573,"Gene2070"
3.20358594202984,0.387982035295371,0.502563179910877,0.772006487550829,0.440110585090523,0.985948027515532,"Gene2071"
13.8232624951815,0.0767982506776752,0.297708359351975,0.25796471031194,0.796434142744435,0.99333153611013,"Gene2072"
49.2065501643502,0.229280138742677,0.281291499537112,0.815098000188334,0.415016216264719,0.985948027515532,"Gene2073"
123.577057639114,0.193347124795521,0.311062331775641,0.621570357593075,0.53422441743528,0.989592197216116,"Gene2074"
83.9316162931636,0.0810995718697477,0.304489138328971,0.266346354141958,0.789972476505996,0.99333153611013,"Gene2075"
106.363354341643,-0.0623665258494271,0.2544193533631,-0.245132789723034,0.806353614768576,0.993862929817308,"Gene2076"
15.9372628369542,-0.00929719990178957,0.287983331014682,-0.0322838126395432,0.974245718118771,0.999979708961714,"Gene2077"
321.708323752173,0.192262310967031,0.25665975303005,0.74909411661641,0.453800480853603,0.985948027515532,"Gene2078"
217.771683442667,0.248671854085385,0.229989254760591,1.08123248777097,0.279593709999377,0.952398182708171,"Gene2079"
114.573334719241,-0.489698592530683,0.291691330179927,-1.67882464051508,0.0931862248787846,0.777551211643128,"Gene2080"
39.1840493098935,0.571312100912698,0.335047525216137,1.7051673506442,0.0881632173492002,0.772573314719356,"Gene2081"
156.91866708765,-0.0786488561933859,0.28434227161339,-0.276599239877784,0.782087848424138,0.99333153611013,"Gene2082"
23.625458343547,0.253225920868695,0.328346047180811,0.771216596157927,0.440578558702539,0.985948027515532,"Gene2083"
18.3993229997187,0.194467480810817,0.316548504416602,0.614337070298974,0.538992610928212,0.989592197216116,"Gene2084"
3.81563494623522,0.5112075585055,0.491847536420287,1.03936183603992,0.29863648620438,0.965679826044881,"Gene2085"
62.8580419506592,0.292135283363804,0.274024032998939,1.06609365670104,0.286381306798863,0.956043291201446,"Gene2086"
3.56978043338092,0.147366247434082,0.516649058193289,0.285234716094168,0.775464324979287,0.99333153611013,"Gene2087"
47.4790752226769,-0.182503535108949,0.260333665555174,-0.701037012327051,0.483279917206477,0.989314057740996,"Gene2088"
87.2873291688248,0.209411904950684,0.232754149920239,0.899712873099991,0.368273070901909,0.982158472722792,"Gene2089"
131.470488069953,-0.139150739110229,0.236306416012283,-0.588857219615215,0.555957057821033,0.989592197216116,"Gene2090"
173.038894247865,0.0799839539706256,0.198604554138264,0.402729707370871,0.68714707707872,0.992240177738971,"Gene2091"
111.83718818614,0.063372535163679,0.28027592967044,0.226107661967958,0.821117685510357,0.993862929817308,"Gene2092"
19.5407220478625,-0.753803654597535,0.445691847573069,-1.69131129210065,0.0907773644795244,0.772573314719356,"Gene2093"
171.873675582523,-0.0619194157370343,0.284371805999784,-0.217741050380646,0.827630877380259,0.993862929817308,"Gene2094"
59.0361944932161,-0.66950551120982,0.285244300577081,-2.34713019631009,0.0189186427252938,0.43996843547195,"Gene2095"
7.3423370272689,0.361514872383375,0.382950657634668,0.944024680924448,0.345157036138482,0.97219299808852,"Gene2096"
45.4203062649764,-0.189585528586387,0.267265002136483,-0.709354113224194,0.478104755678421,0.987819743137234,"Gene2097"
5.0900739433156,0.632257061291453,0.4441272926691,1.42359425265612,0.154563960537445,0.872600384978322,"Gene2098"
18.1837651737695,-0.171583078387374,0.274175856127654,-0.625813960465894,0.53143697390927,0.989592197216116,"Gene2099"
26.1320332213162,0.593227742995294,0.273204035554081,2.17137254869672,0.0299030222606929,0.580641208945493,"Gene2100"
27.522057722375,-0.0632674548685487,0.303074433689086,-0.208752200238218,0.83464168783496,0.993862929817308,"Gene2101"
164.118754341918,0.00093338250046428,0.262025181600388,0.003562186255395,0.997157792594993,0.999979708961714,"Gene2102"
47.0303148174196,0.329804264520106,0.215711159530491,1.52891609890719,0.126285244708564,0.840500796729209,"Gene2103"
15.4403502740697,-0.16727091354522,0.354012066512639,-0.472500599182959,0.636569514153858,0.989592197216116,"Gene2104"
23.0226374218818,0.24438338648119,0.287226799630268,0.850837689225976,0.394859522180472,0.985240646476599,"Gene2105"
26.3879922124872,0.353898978739521,0.259491657989612,1.36381639965354,0.172625357488533,0.884104075288354,"Gene2106"
75.7766758410194,0.0364942864841279,0.274683385616315,0.132859460728739,0.894304528255758,0.995069104386573,"Gene2107"
89.4210444399591,-0.509583098452601,0.263119460591883,-1.93669862847204,0.0527821935220416,0.699504764598048,"Gene2108"
33.7204888033626,0.169119300172704,0.274103951042912,0.616989647647318,0.537241554058596,0.989592197216116,"Gene2109"
32.343089557233,0.0441642552080055,0.282885574747948,0.156120563048703,0.875937990133032,0.995069104386573,"Gene2110"
86.2220506485994,0.00203554227827832,0.265025086227116,0.00768056453544153,0.99387185638994,0.999979708961714,"Gene2111"
20.7341392055591,0.426207918044873,0.289141291090106,1.47404722597041,0.14046887619929,0.871124813639008,"Gene2112"
44.049780572494,0.324753489544306,0.261552152229356,1.24163952304062,0.214369592562858,0.919858845236042,"Gene2113"
44.1689488176814,-0.174750009837715,0.246155601726687,-0.709916851828316,0.477755699593519,0.987683407884118,"Gene2114"
22.9846120114952,0.267958353758819,0.2894404939787,0.925780460347537,0.354560083661015,0.97219299808852,"Gene2115"
23.7306284736518,-0.714274231681903,0.322708857782297,-2.21337039395355,0.0268721200584311,0.537442401168622,"Gene2116"
35.5080905848477,0.022567207477789,0.239533876917872,0.0942130097344287,0.924939950468858,0.995069104386573,"Gene2117"
17.0729309089694,-0.28302462798071,0.330819390093184,-0.85552611623215,0.392259952687612,0.985240646476599,"Gene2118"
51.3873368368828,0.240789237026519,0.288345930908534,0.835070695354807,0.403677905214601,0.985948027515532,"Gene2119"
13.0956354856932,-0.0523045632781476,0.363753120768917,-0.143791380174509,0.885665209762652,0.995069104386573,"Gene2120"
77.2492681262183,0.0468768583912741,0.305209844368017,0.153588946281663,0.877933853108942,0.995069104386573,"Gene2121"
33.0108593663827,-0.260013942145523,0.317173842287091,-0.819783687931524,0.412339431716333,0.985948027515532,"Gene2122"
144.575501527023,0.0118072763871707,0.250484890042301,0.0471376791836692,0.962403497055197,0.998072792424686,"Gene2123"
89.1657440640181,-0.48423171023354,0.254494431683043,-1.90272025612183,0.0570770573721885,0.711240590307645,"Gene2124"
22.2968297475136,0.158098996294786,0.322329922425816,0.49048811573233,0.623788537382684,0.989592197216116,"Gene2125"
31.9981736823221,0.0992609025111928,0.247530684627711,0.401004435714636,0.688416858138488,0.992240177738971,"Gene2126"
106.403955737067,0.339390746938855,0.277614074780916,1.2225271618764,0.221508338752428,0.919858845236042,"Gene2127"
143.781640708058,0.0658554835037664,0.290150838480799,0.226969819727488,0.820447210127773,0.993862929817308,"Gene2128"
78.6820717364929,0.0774729343381229,0.258597640470048,0.299588713173492,0.764490894536934,0.99333153611013,"Gene2129"
73.083148808472,0.358379748891782,0.236156671646254,1.51755081232094,0.129127674782979,0.850923721798876,"Gene2130"
5.87779337032377,-0.145127918680125,0.391938039503843,-0.37028281017031,0.711171780518937,0.992240177738971,"Gene2131"
62.5864231987874,0.171574533246674,0.236984395270441,0.723990847797708,0.469071353874571,0.985948027515532,"Gene2132"
9.09150336310901,0.388837720168834,0.325824315642595,1.19339687525151,0.232713978183503,0.927882199973815,"Gene2133"
65.8532147473506,0.0617656439661169,0.300231511091443,0.205726719828901,0.837004385577223,0.993862929817308,"Gene2134"
21.8108815636994,0.164087818433038,0.270319599442779,0.607014137233403,0.543841530150945,0.989592197216116,"Gene2135"
45.9318571166128,-0.101880748940459,0.309088741049801,-0.32961649976129,0.741689753747773,0.99333153611013,"Gene2136"
12.111838966315,0.147874398279707,0.351693713452424,0.420463581302288,0.674146828784633,0.992240177738971,"Gene2137"
42.5936638261197,-0.100509390673002,0.257847056393019,-0.389802358339908,0.696682699746298,0.992240177738971,"Gene2138"
319.438374656381,0.135054297784923,0.22949578835155,0.58848268525975,0.556208352437786,0.989592197216116,"Gene2139"
414.59074703904,-0.556658045702722,0.288929417729643,-1.9266229450668,0.0540266370199957,0.702630642532373,"Gene2140"
2.97016961778761,0.178824442679756,0.497505382433697,0.359442227147337,0.719264289793102,0.99333153611013,"Gene2141"
4.9007297701714,-1.60675922680197,0.455539596950703,-3.52715600917532,0.000420049182077118,0.0200023420036723,"Gene2142"
6.97423615854074,0.586783176145853,0.367679065777717,1.59591130080981,0.110508598097222,0.805619966539059,"Gene2143"
14.7875656571554,-0.0223725025667803,0.298296975801245,-0.0750007689708765,0.940214100067423,0.995069104386573,"Gene2144"
673.664347534785,-0.149605080361505,0.219681488203181,-0.681009044435901,0.495865767536456,0.989592197216116,"Gene2145"
163.272919483833,0.401517334341667,0.28676677182558,1.40015292492075,0.161467529247882,0.876928227579774,"Gene2146"
56.9053002843205,0.0245731542936515,0.252495273080954,0.0973212448447421,0.922471285135751,0.995069104386573,"Gene2147"
184.619131972694,-0.176163350374173,0.28678030461665,-0.614279807707357,0.539030443437887,0.989592197216116,"Gene2148"
692.998227612998,-0.0255764710311718,0.226832089451134,-0.112755082815043,0.91022472988314,0.995069104386573,"Gene2149"
117.262437115542,0.111175689832544,0.299664639968662,0.371000361751626,0.710637262270181,0.992240177738971,"Gene2150"
429.916320618974,-0.428831060933851,0.26672852316383,-1.60774354331222,0.107891357757652,0.802499085937603,"Gene2151"
13.2761772833017,0.176681776013793,0.348700216615644,0.506686740055974,0.612374635899963,0.989592197216116,"Gene2152"
14.5645953949968,-0.0935643492466765,0.331934888945053,-0.281875609834327,0.778038892055614,0.99333153611013,"Gene2153"
154.615963156841,-0.659716458724197,0.218860954905445,-3.01431773890056,0.002575579112154,0.10731579633975,"Gene2154"
149.663314859177,0.594632807304841,0.246263006590841,2.41462497975917,0.0157514180791051,0.403882514848848,"Gene2155"
150.230820693383,0.03444025257747,0.280199055625738,0.122913521248522,0.902175578410113,0.995069104386573,"Gene2156"
88.7054948139824,0.156177647712427,0.283426595270951,0.551033849039902,0.581610470918633,0.989592197216116,"Gene2157"
32.9249288004623,-0.100612558313605,0.255665165166493,-0.393532526216799,0.69392620541181,0.992240177738971,"Gene2158"
163.218421996101,-0.0304025345338043,0.26860730875316,-0.113185805237128,0.909883249125971,0.995069104386573,"Gene2159"
540.541185635955,0.265316865853949,0.282699731996479,0.938511204026374,0.347981761868935,0.97219299808852,"Gene2160"
259.192063857394,-0.197259481859292,0.280054563751066,-0.70436089031076,0.481208055299669,0.988475261094077,"Gene2161"
10.4265194400203,-0.0674996344125058,0.360982958018938,-0.186988424004672,0.85166970917443,0.995069104386573,"Gene2162"
105.162274823952,-0.279990572081636,0.264010882052965,-1.06052663399483,0.288905079716387,0.956043291201446,"Gene2163"
56.2386652678547,0.0538056644338827,0.300199904183086,0.179232783502381,0.857754922989808,0.995069104386573,"Gene2164"
61.8074050941572,-0.0735488295442649,0.246019292937209,-0.298955535828797,0.764973972124819,0.99333153611013,"Gene2165"
37.8484791059735,0.17323258874062,0.242983535691784,0.712939616453517,0.475883123178617,0.987683407884118,"Gene2166"
11.0844784998132,-0.33161933942987,0.324785895036528,-1.02103984347157,0.307235562050233,0.97217448803388,"Gene2167"
89.070936198013,-0.432835787520867,0.255793126475284,-1.69213220654188,0.0906207689318098,0.772573314719356,"Gene2168"
227.558680373582,-0.541890341106153,0.259092118239449,-2.09149681892425,0.0364835512886854,0.626045953549491,"Gene2169"
338.799274162142,0.252028884927983,0.28859568198833,0.873294025716483,0.382502836063932,0.985240646476599,"Gene2170"
89.031446914989,-0.193257902819803,0.269305213011976,-0.717616642687156,0.472993693069189,0.985948027515532,"Gene2171"
18.599997265609,-0.0821953908834,0.272837797002704,-0.301261012170486,0.763215468439404,0.99333153611013,"Gene2172"
31.2822085366506,-0.133603119492843,0.314308983279459,-0.425069363588801,0.670786110557349,0.992240177738971,"Gene2173"
27.7532638540928,-0.125062937980962,0.304654352805956,-0.410507635387762,0.681433603607178,0.992240177738971,"Gene2174"
101.615521525652,0.126887356714845,0.253774325254387,0.500000764804129,0.617074538930045,0.989592197216116,"Gene2175"
40.8183840480563,-0.651008735653931,0.2356873714014,-2.7621706321515,0.0057418461969054,0.194638854132387,"Gene2176"
2057.75578818317,0.302336345206721,0.241382894636852,1.25251768838703,0.210381287033409,0.919858845236042,"Gene2177"
40.2027903188511,-0.223399624755598,0.285249152478178,-0.783173667002177,0.433525136216258,0.985948027515532,"Gene2178"
60.3748946537328,0.0790064358407258,0.250747853687945,0.315083198833873,0.75269848469456,0.99333153611013,"Gene2179"
115.306498373745,2.40685230348611,0.195217271324832,12.3290951008183,6.31519196934342e-35,2.10506398978114e-32,"Gene2180"
24.6669440888423,-0.0616002784438329,0.304753970008659,-0.202131176312757,0.839814175695625,0.993862929817308,"Gene2181"
134.69591169816,-0.206425788702482,0.265437071759194,-0.777682587192465,0.436756160001099,0.985948027515532,"Gene2182"
29.2901751712909,0.361558587155239,0.296709183447209,1.21856217240936,0.223010413810989,0.919858845236042,"Gene2183"
53.5115667768392,0.181166809227713,0.339612252224205,0.533451923601717,0.593720782555323,0.989592197216116,"Gene2184"
35.8957234452157,-0.166676749662505,0.240965165040719,-0.691704751740111,0.489122762309567,0.989592197216116,"Gene2185"
1.81964886816369,0.78913471323588,0.656713754878727,1.20164182244303,0.229502330403833,0.92530269404883,"Gene2186"
239.74086449006,1.68920230349743,0.192655427586388,8.76799747954144,1.81871904628423e-18,1.73211337741356e-16,"Gene2187"
63.3098548542257,-0.125423184200681,0.266633096312821,-0.47039615837312,0.638072008313349,0.989592197216116,"Gene2188"
20.0610154503034,0.168563048557713,0.345582134721736,0.487765516853007,0.625715939004061,0.989592197216116,"Gene2189"
300.761589591265,-0.0643584780325481,0.288601176720098,-0.223001440132611,0.823534385662431,0.993862929817308,"Gene2190"
13.8835917357657,-0.84231409200178,0.316979038787538,-2.65731795775417,0.00787651166896388,0.250047989490917,"Gene2191"
8.72165748536791,-0.158916042847961,0.344759149239375,-0.460948007322125,0.644835907702458,0.990448176597679,"Gene2192"
26.7551200973146,-0.0589177795699219,0.287669207254053,-0.204810866384768,0.837719896833955,0.993862929817308,"Gene2193"
23.0420826839062,1.35215429875906,0.247384356814981,5.46580356239072,4.6081443601619e-08,2.71067315303641e-06,"Gene2194"
122.224292360816,0.145526896922721,0.256977827212458,0.566301375108156,0.571188925797971,0.989592197216116,"Gene2195"
58.5992427302523,0.0644127472822147,0.279746280992503,0.230254168361727,0.817894272142872,0.993862929817308,"Gene2196"
32.9839356996735,0.158365985389693,0.265231091565046,0.597086806283624,0.550449426163887,0.989592197216116,"Gene2197"
61.6631999948481,-0.00452100490937079,0.264255482755235,-0.017108462092188,0.986350088127817,0.999979708961714,"Gene2198"
15.6141095723024,-0.44558025457747,0.342998617205781,-1.29907303477595,0.193918866079479,0.900602206913939,"Gene2199"
62.3175587777892,-0.0618243514560719,0.273050204250287,-0.226421187363044,0.820873850646088,0.993862929817308,"Gene2200"
57.87677447846,-0.054497126341921,0.221553916645703,-0.245976813080086,0.805700181634805,0.993465082163755,"Gene2201"
47.8130935724476,0.193132941144886,0.320655679116198,0.602306317097535,0.54697025664574,0.989592197216116,"Gene2202"
50.6508192078855,0.307908479064671,0.313414817129292,0.982431149506408,0.325887486747648,0.97219299808852,"Gene2203"
13.9867959174426,-0.108600477661331,0.315186871312764,-0.344559014177865,0.730425922814978,0.99333153611013,"Gene2204"
162.797623018437,-0.0708655315351204,0.223507495903565,-0.31706109564082,0.751197244202646,0.99333153611013,"Gene2205"
7.80086486675667,-0.378556769720558,0.375372888376617,-1.00848191609605,0.313223164964194,0.97219299808852,"Gene2206"
663.331669475814,0.379513960144531,0.2348446415482,1.61602137329005,0.106089692222036,0.794679342487159,"Gene2207"
381.430843567708,0.413066903295342,0.261970840839619,1.57676671942365,0.114849212029489,0.815371191858224,"Gene2208"
103.910038454797,-0.414060473834681,0.254249550239602,-1.62855931679908,0.103406342578356,0.792500650888625,"Gene2209"
9.27895533792595,-0.131753006275182,0.331529479504603,-0.397409625448865,0.691065418627241,0.992240177738971,"Gene2210"
84.8186802281828,0.226456276757891,0.248607149623618,0.910900097204516,0.362348014461885,0.979139537995581,"Gene2211"
6.59822909572729,0.138243501931307,0.55889459768086,0.247351651822992,0.804636087991195,0.99333153611013,"Gene2212"
40.5106621449799,-0.0608076308124385,0.260194160825419,-0.233700981680516,0.815217125585808,0.993862929817308,"Gene2213"
136.380978580445,-0.399402908467446,0.231837501079557,-1.72277093484711,0.0849299568062055,0.772573314719356,"Gene2214"
151.458699704345,-0.226467386610056,0.227690051792372,-0.994630133496433,0.319916186144888,0.97219299808852,"Gene2215"
53.8365594840375,-0.183879840205094,0.242108978716621,-0.759492031975888,0.447558278730587,0.985948027515532,"Gene2216"
44.5217119127646,-0.167075942112028,0.208133830070783,-0.802733232051744,0.422128940725723,0.985948027515532,"Gene2217"
74.0811798318308,0.324206951242428,0.295993745929822,1.09531689672692,0.273377827525461,0.948072525166848,"Gene2218"
7.26935669698867,0.947871232018681,0.400232279550291,2.36830280926798,0.0178699034567272,0.428021639682089,"Gene2219"
32.8368912931534,-0.385560102884801,0.33327765499551,-1.15687354704292,0.247324027781091,0.938611111123684,"Gene2220"
435.080223429156,-0.131706479640869,0.257795942223984,-0.510894308516449,0.609425066717439,0.989592197216116,"Gene2221"
7.2713199647441,-0.289503229607537,0.408824600140087,-0.708135541521563,0.478861090162608,0.988361383204556,"Gene2222"
370.278255282165,-0.140890119307494,0.266554047706222,-0.528561169938689,0.597109902791316,0.989592197216116,"Gene2223"
98.2492070900934,0.32833895737854,0.238602245775455,1.37609332347834,0.168792742324445,0.884104075288354,"Gene2224"
39.1369272068166,0.0574844457488438,0.308590158662028,0.186280878165663,0.852224502023008,0.995069104386573,"Gene2225"
772.916197642282,0.438116295923788,0.210501039708245,2.08130228967524,0.0374062457245821,0.626045953549491,"Gene2226"
52.3170903232718,-0.0423917593818929,0.259478198952137,-0.163373106307526,0.870224676435126,0.995069104386573,"Gene2227"
522.867215065906,0.459708196052669,0.271139772800234,1.69546574191226,0.0899871037422596,0.772573314719356,"Gene2228"
61.9744608842885,0.0976059734046331,0.257020605510077,0.379759331789475,0.704124073199265,0.992240177738971,"Gene2229"
117.946556717457,-0.324000895186946,0.255564393639728,-1.26778574500364,0.204874474176954,0.919858845236042,"Gene2230"
31.161650352997,-0.0755024866830878,0.275495348324124,-0.274060840382169,0.784037866898019,0.99333153611013,"Gene2231"
18.4608728966212,-0.424828023730629,0.28380738889061,-1.49688852496498,0.134422266536764,0.855399586063704,"Gene2232"
4.48293284313789,-0.232125645565546,0.445593803970056,-0.520935532535244,0.602411681599512,0.989592197216116,"Gene2233"
24.5825043337698,0.0296991970300552,0.299191437849028,0.0992648628034651,0.920927976012091,0.995069104386573,"Gene2234"
124.17681002695,0.0788946708337596,0.270638721383659,0.291512871589125,0.770659101046354,0.99333153611013,"Gene2235"
14.1722583426088,0.00378066828744786,0.289329998854668,0.0130669764712055,0.989574357907324,0.999979708961714,"Gene2236"
14.8400029599297,0.225627389777747,0.295444978699031,0.763686662644529,0.44505399071785,0.985948027515532,"Gene2237"
29.0821138426943,-0.272475111024709,0.306661111431497,-0.888521892302524,0.374260085089796,0.982954918160987,"Gene2238"
56.5406581991897,-0.153328090621233,0.283222459595066,-0.541369815234471,0.588252708125298,0.989592197216116,"Gene2239"
32.541165288493,-0.00257164252998243,0.231426255638057,-0.0111121468171027,0.991133972080204,0.999979708961714,"Gene2240"
252.833167516226,-0.258523888576304,0.193471528252128,-1.33623738289492,0.181471695877302,0.88770084566211,"Gene2241"
79.3220037690839,0.170208111854019,0.239632151039513,0.710289129049102,0.477524859713547,0.987683407884118,"Gene2242"
51.9852094645605,0.0834628397798097,0.292234160472893,0.285602612797731,0.77518250205741,0.99333153611013,"Gene2243"
13.7716614099193,0.373627279890121,0.348784636662979,1.0712263116427,0.284067683599839,0.956043291201446,"Gene2244"
18.2186926857398,-0.354236480873842,0.313667413752538,-1.12933784429807,0.258755342148349,0.939142459455892,"Gene2245"
104.285003219544,0.511499723443471,0.280886576516671,1.82101875350072,0.0686040062037053,0.770831530378711,"Gene2246"
33.8350014236006,-0.611516014702213,0.282699496537354,-2.16313089408495,0.0305311135391107,0.584327531849009,"Gene2247"
211.130380528383,0.560933155097034,0.246591301550814,2.27474834501186,0.0229210305377033,0.487269092897034,"Gene2248"
6.9047456392605,0.00189694705953886,0.390364053763442,0.00485943068079827,0.99612275054511,0.999979708961714,"Gene2249"
79.439452731568,0.0227045892880088,0.304898635643155,0.0744660245530965,0.940639574562089,0.995069104386573,"Gene2250"
26.8183690122672,0.342110761480725,0.297870840166527,1.14852048387639,0.250753761811933,0.939142459455892,"Gene2251"
333.960837836684,0.228379622014758,0.285188084545472,0.800803520170716,0.423245400803194,0.985948027515532,"Gene2252"
94.972596725472,0.0205432497876992,0.252930819769938,0.0812208247551048,0.935266338468397,0.995069104386573,"Gene2253"
14.716084258267,-0.0816579947066822,0.328436727234818,-0.24862625868361,0.803649894683029,0.99333153611013,"Gene2254"
12.5454296185841,0.0446836783759961,0.334129105337615,0.133731775119819,0.89361467793026,0.995069104386573,"Gene2255"
77.6929168992505,-0.324726480433617,0.272133739591374,-1.19326064059978,0.232767312004209,0.927882199973815,"Gene2256"
34.2854790917895,0.185409109417832,0.265195177644378,0.699142084953227,0.484463239985512,0.989340724987449,"Gene2257"
47.0685297804204,0.230115190341144,0.298831669905839,0.770049541314189,0.441270505857934,0.985948027515532,"Gene2258"
38.8582276551075,-0.174952660821647,0.276326719587055,-0.633136965846436,0.526644204381933,0.989592197216116,"Gene2259"
121.760893564607,-0.0626823644928676,0.231853744345472,-0.270353039455201,0.786888664361038,0.99333153611013,"Gene2260"
13.0090069498957,-0.283508605921435,0.368281432396034,-0.769815095148653,0.441409584111407,0.985948027515532,"Gene2261"
2939.05882504523,-0.100580949322247,0.286880232460809,-0.350602578851396,0.725886521565874,0.99333153611013,"Gene2262"
75.119860521624,-0.0577821448133133,0.306531141630124,-0.188503342616445,0.850482095459043,0.995069104386573,"Gene2263"
22.2161314042471,0.477425674638101,0.309623835116733,1.54195388238797,0.123084800802938,0.835889988474958,"Gene2264"
45.7975583865227,0.179381632943414,0.29613567950471,0.605741372479776,0.544686506297921,0.989592197216116,"Gene2265"
101.74143319504,0.10191193170195,0.290740189456993,0.350525780052243,0.725944146192918,0.99333153611013,"Gene2266"
105.09095963923,0.46681050298882,0.27709526725895,1.68465707699214,0.0920547523419357,0.777551211643128,"Gene2267"
7.8726870644052,-0.000481304363508351,0.401829929087039,-0.00119778127179794,0.999044309044532,0.999979708961714,"Gene2268"
4.6027931351293,-0.534561360970267,0.435861654208998,-1.22644732751357,0.220030385241206,0.919858845236042,"Gene2269"
47.019568383324,-0.0333095327886361,0.254232303793182,-0.131020064294164,0.895759435212746,0.995069104386573,"Gene2270"
143.889979286541,-0.259358542761548,0.235685083265384,-1.10044530255446,0.271138149148307,0.944980655332416,"Gene2271"
61.3338088586336,-0.150686960049702,0.226200154676258,-0.666166476611693,0.505304697799144,0.989592197216116,"Gene2272"
188.723590232542,-0.0957467815513285,0.260664799715728,-0.367317649547413,0.713382090414721,0.992240177738971,"Gene2273"
80.7414428191696,0.0342153838749832,0.253860237019719,0.134780398366702,0.892785504246387,0.995069104386573,"Gene2274"
98.2344667216915,-0.172102796275182,0.248414617534541,-0.692804626326997,0.488432168525444,0.989592197216116,"Gene2275"
431.150903026327,0.498453677387122,0.257589720663169,1.93506820110618,0.0529819270466004,0.699504764598048,"Gene2276"
13.2770672484143,0.120537896622258,0.295104184188904,0.408458785339004,0.682936882928334,0.992240177738971,"Gene2277"
20.8415437050898,-0.31978679558332,0.319990827042871,-0.999362383411311,0.317619175333156,0.97219299808852,"Gene2278"
81.5565701465728,-0.336362765350058,0.264065581410988,-1.27378495733053,0.202739637711347,0.918412854864538,"Gene2279"
71.7134607710672,0.260463473279119,0.29682956256128,0.877484948034267,0.380223290901845,0.985240646476599,"Gene2280"
4.30168363682218,0.0430178783892752,0.439442659979029,0.0978919033289304,0.922018129314894,0.995069104386573,"Gene2281"
105.180034611435,0.1958077282381,0.275811479480014,0.709933207302521,0.477745556687684,0.987683407884118,"Gene2282"
12.3723000582272,-0.113019670634575,0.308249883560642,-0.366649516064912,0.713880468070176,0.992240177738971,"Gene2283"
12.7115406420515,0.164221059155606,0.361068288210986,0.454819945471492,0.649238779759779,0.990448176597679,"Gene2284"
388.572317629275,-0.609901284303758,0.2734517480263,-2.23037990689713,0.0257222323596127,0.522278829636807,"Gene2285"
238.658889203602,0.480811204039014,0.246878482658088,1.94756221304596,0.0514673688555237,0.695055865334728,"Gene2286"
22.37239333465,-0.383822405633854,0.308486108512464,-1.24421293226027,0.213421205382069,0.919858845236042,"Gene2287"
344.972022256993,0.0832585008701418,0.244581864687326,0.340411587656263,0.733546593527411,0.99333153611013,"Gene2288"
26.6081990767183,-0.219506806113537,0.291152774891621,-0.753923111999348,0.450895391708671,0.985948027515532,"Gene2289"
162.643844669346,-0.329405080080288,0.241972941671694,-1.36133022892791,0.173409354175164,0.884104075288354,"Gene2290"
276.467219760744,-0.346534304302507,0.247670063611443,-1.39917719263062,0.161759854132671,0.876928227579774,"Gene2291"
264.033784933764,-0.293097435152451,0.241731730272638,-1.2124905357765,0.225324663247078,0.923969630274923,"Gene2292"
247.702070272785,-0.165724679044694,0.279363242935449,-0.59322292118075,0.553031974840167,0.989592197216116,"Gene2293"
163.871748095919,2.84796779609416,0.169954195286405,16.7572668111828,5.01138335552615e-63,1.00227667110523e-59,"Gene2294"
88.2724617863734,2.18521516650312,0.219951037388379,9.9350073200363,2.93154420746639e-23,4.34302845550576e-21,"Gene2295"
212.520285307765,-0.0975478793073701,0.230429243550824,-0.423331161462823,0.67205366185967,0.992240177738971,"Gene2296"
46.7508919539791,-0.0573156730598593,0.282451740134514,-0.202922003711371,0.839195995588834,0.993862929817308,"Gene2297"
23.9772783183442,-0.241839489991881,0.325558871803518,-0.742844108815552,0.457576067141837,0.985948027515532,"Gene2298"
18.0764984520177,0.0593467668676124,0.346746477913254,0.171153193032459,0.864103310886362,0.995069104386573,"Gene2299"
267.659743852267,0.0641258005524716,0.209495842161333,0.306095815033351,0.759531694222975,0.99333153611013,"Gene2300"
120.614419490522,-0.361682119754859,0.267176791026358,-1.35371833146682,0.175826257433004,0.884104075288354,"Gene2301"
320.170006147752,0.0122172504901929,0.237557444528329,0.0514286155689641,0.958983983011502,0.998072792424686,"Gene2302"
22.6806432380641,-0.354180595492095,0.326595560558363,-1.08446236956366,0.278159843006497,0.950990735044977,"Gene2303"
77.7072512901487,0.0754123389552087,0.241678767837004,0.312035432943241,0.755013595159463,0.99333153611013,"Gene2304"
13.2051328785862,0.214932591980417,0.346008271853555,0.621177611821331,0.534482768232432,0.989592197216116,"Gene2305"
59.6773521687627,-0.18346761055771,0.237558625457603,-0.772304563575836,0.439934063156723,0.985948027515532,"Gene2306"
22.4067775531218,0.0321271303457551,0.290311219736808,0.11066444615844,0.9118824406123,0.995069104386573,"Gene2307"
75.700003103716,0.130375048572219,0.23455307993073,0.555844538944968,0.57831713498405,0.989592197216116,"Gene2308"
45.3098186132348,0.212473692412725,0.248828521889421,0.853896051784401,0.393162587387004,0.985240646476599,"Gene2309"
353.231459881902,-0.179252229161222,0.259143051620509,-0.691711500811221,0.489118523071875,0.989592197216116,"Gene2310"
84.8066399380169,-0.122669750121417,0.290052477348645,-0.422922607807854,0.672351727494506,0.992240177738971,"Gene2311"
30.5141538075285,-0.226020479052369,0.262452096621738,-0.861187553697173,0.389134753888716,0.985240646476599,"Gene2312"
6.59612492760526,0.294753762637789,0.368294750540312,0.800320292932132,0.42352524862924,0.985948027515532,"Gene2313"
31.9146553103568,-0.534162710054015,0.27991793452053,-1.90828326512547,0.0563546147591377,0.711042928951798,"Gene2314"
26.9385905310297,-0.554808629684978,0.314369841927765,-1.76482777827162,0.0775927145751988,0.772573314719356,"Gene2315"
181.909738814081,-0.0253685788461281,0.244853323024959,-0.103607247525663,0.917481035927501,0.995069104386573,"Gene2316"
99.2318907643902,-0.130815567605202,0.26193371553402,-0.499422410507561,0.617481834627982,0.989592197216116,"Gene2317"
25.1352210249423,-0.143563397269663,0.349555032579134,-0.410703276706974,0.681290123958445,0.992240177738971,"Gene2318"
66.2083315834135,-0.521715922828558,0.259224294614396,-2.01260427231416,0.0441562771631283,0.673471033949328,"Gene2319"
55.9771753217027,-0.620630605398273,0.25862292728576,-2.39975091114996,0.0164062316400766,0.413691682650402,"Gene2320"
88.7826193680638,0.0686377729948382,0.221687651342774,0.30961477817594,0.756853916820722,0.99333153611013,"Gene2321"
35.2043355098389,-0.495789230234832,0.252781530615329,-1.96133486899919,0.0498399722586169,0.685085529328067,"Gene2322"
277.521865433486,0.120411018127293,0.241730572448129,0.498120766884506,0.618398924171453,0.989592197216116,"Gene2323"
231.419987552564,0.287286122812124,0.255218711469139,1.12564678803679,0.260315055423799,0.939142459455892,"Gene2324"
12.0365675877367,-0.598306885541284,0.339371486951584,-1.76298513147229,0.0779029974094792,0.772573314719356,"Gene2325"
181.441785907444,0.185058481265286,0.211324877541672,0.875706085426661,0.381189836253752,0.985240646476599,"Gene2326"
23.262686162433,-0.0891177914230631,0.29161634244133,-0.305599441639635,0.759909645656863,0.99333153611013,"Gene2327"
72.1911411599838,0.040347852303403,0.249797563729276,0.161522201021668,0.871682127044426,0.995069104386573,"Gene2328"
165.219204629742,0.166895622956724,0.282099807798041,0.591619059436605,0.554105708068217,0.989592197216116,"Gene2329"
79.96155471282,0.741717645123324,0.25930989757412,2.8603522351526,0.00423170706496271,0.154932672636596,"Gene2330"
54.9638428422363,0.185068072504152,0.268963087183685,0.688079819584173,0.49140251792283,0.989592197216116,"Gene2331"
60.0627685983111,-0.130538504393808,0.238857283687312,-0.546512555023008,0.584713659874756,0.989592197216116,"Gene2332"
842.739238377971,0.11678290611659,0.211418227847185,0.552378606640302,0.580688984750285,0.989592197216116,"Gene2333"
303.382048110011,-0.100762973759208,0.239624880040805,-0.42050297006742,0.674118060136679,0.992240177738971,"Gene2334"
53.1134184660836,-0.0823454479224504,0.293583753288028,-0.280483667778657,0.779106454022179,0.99333153611013,"Gene2335"
35.842441122452,-0.427001782769691,0.237576143172053,-1.79732601543437,0.0722838784786116,0.772573314719356,"Gene2336"
425.747617437284,-0.175094706220714,0.247850993386114,-0.706451500672194,0.479907403311832,0.988475261094077,"Gene2337"
58.5047937785569,0.104939680215686,0.27618649203043,0.379959495644428,0.703975482080458,0.992240177738971,"Gene2338"
92.1823643534791,0.0941735576518118,0.257403869325304,0.365859137621574,0.714470188974706,0.992240177738971,"Gene2339"
252.217772666241,0.123397089194918,0.248810186914637,0.495948701799954,0.619930604064909,0.989592197216116,"Gene2340"
24.1188011846132,-0.0264707151447509,0.317512368597404,-0.083369083420857,0.933558070765675,0.995069104386573,"Gene2341"
31.6907247709817,0.451538577807973,0.243434192583046,1.85486916614614,0.0636149120379793,0.739708279511388,"Gene2342"
31.3188465266785,0.253319040597674,0.309851435807428,0.817549997590173,0.41361418920859,0.985948027515532,"Gene2343"
71.445006626901,0.196873710613445,0.229880155969912,0.856418901330538,0.391766113431773,0.985240646476599,"Gene2344"
4.18382778413121,0.464855909883031,0.466384299026718,0.99672289751847,0.31889903220238,0.97219299808852,"Gene2345"
34.4761652353489,-0.166104935359137,0.322287550904883,-0.515393582199393,0.606278016259523,0.989592197216116,"Gene2346"
104.377019040968,-0.0445655701334116,0.287350052780171,-0.155091567592316,0.876749129837112,0.995069104386573,"Gene2347"
69.9048999679115,-0.22776586850258,0.272280316849418,-0.836512426377643,0.402866688997236,0.985948027515532,"Gene2348"
77.9383612312807,0.114576442517226,0.268126870703747,0.427321745920129,0.669144996000383,0.992240177738971,"Gene2349"
8.72563805221311,-0.159645355392086,0.340571584970797,-0.468757120197725,0.639243253027302,0.989592197216116,"Gene2350"
66.6747135953752,0.269242877121095,0.283237430138093,0.950590735800084,0.341812173284423,0.97219299808852,"Gene2351"
48.9609330196998,-0.0694702839186615,0.244233778650483,-0.284441752089005,0.776071866210591,0.99333153611013,"Gene2352"
63.097364032386,0.127685443163907,0.225685194024705,0.565767921620635,0.571551555754569,0.989592197216116,"Gene2353"
150.51691588982,0.0937380684583613,0.233607140531897,0.401263712423046,0.688225977131097,0.992240177738971,"Gene2354"
300.184758436772,0.050182708039565,0.294099077390777,0.170631980503924,0.864513149878753,0.995069104386573,"Gene2355"
39.9545879878474,-0.463409286994129,0.299369724063942,-1.54794974155486,0.121634397342572,0.834526298610789,"Gene2356"
25.7500198158382,-0.37402775341909,0.261765503285512,-1.42886571654605,0.153042832845792,0.872600384978322,"Gene2357"
40.4998356879918,0.146929501698485,0.290683734839148,0.505461723820871,0.61323457572229,0.989592197216116,"Gene2358"
110.114447464847,-0.0360564255825774,0.231552400244464,-0.155716051936885,0.876256843900349,0.995069104386573,"Gene2359"
39.5142856143265,-0.166118148501696,0.231045129129764,-0.718985719921398,0.472149718336769,0.985948027515532,"Gene2360"
33.0466794777422,0.309111768680611,0.266453962452145,1.16009447123958,0.24601034492741,0.936290561093852,"Gene2361"
54.9035893564139,-0.00470068888278326,0.269799192731621,-0.0174229167818868,0.986099226981014,0.999979708961714,"Gene2362"
287.681372689862,-0.249148878675151,0.254320466662298,-0.979665073538835,0.327251471846092,0.97219299808852,"Gene2363"
18.6196499628783,0.445753742757197,0.31650483728556,1.40836312828617,0.159023571463131,0.876928227579774,"Gene2364"
40.2101257808225,0.071459897190552,0.25402535218872,0.281310099857526,0.778472564409915,0.99333153611013,"Gene2365"
13.5087394946981,0.27477077128624,0.33327159345256,0.824465020975013,0.409675383019687,0.985948027515532,"Gene2366"
839.022180151782,-0.145130563945651,0.231254673851615,-0.627578943718016,0.530279806016102,0.989592197216116,"Gene2367"
25.4923965966985,0.44951089837267,0.264360559028574,1.70037050921837,0.0890612553621079,0.772573314719356,"Gene2368"
148.603105345824,0.225993470631997,0.266292351392543,0.84866677337968,0.396066739883593,0.985240646476599,"Gene2369"
54.3430484241161,0.393369303747984,0.230119977572621,1.70940962143908,0.087375099947543,0.772573314719356,"Gene2370"
38.7500391536398,0.223701089110696,0.271006483745109,0.825445524473484,0.409118698188414,0.985948027515532,"Gene2371"
33.5206707455831,0.214594583527226,0.267799958492174,0.801324185169719,0.422943993102966,0.985948027515532,"Gene2372"
20.2317995693922,0.315149180903523,0.279626076905206,1.12703787998413,0.259726465666599,0.939142459455892,"Gene2373"
217.510912907261,-0.286140639121709,0.2870555268932,-0.996812854358205,0.318855357652716,0.97219299808852,"Gene2374"
112.277305832157,0.10252098621026,0.294174216117122,0.348504323606126,0.727461467339909,0.99333153611013,"Gene2375"
47.3184244973032,0.0772966851399812,0.270514305665109,0.285739731767358,0.775077471264001,0.99333153611013,"Gene2376"
14.0493042959814,-0.0701276187647027,0.334531987834889,-0.209629037924214,0.833957214180174,0.993862929817308,"Gene2377"
34.1065798303401,0.142791893049166,0.264862409042062,0.539117247953786,0.589805955065954,0.989592197216116,"Gene2378"
147.328099727959,-0.107846550804986,0.301786087492793,-0.357360909844995,0.720821636679534,0.99333153611013,"Gene2379"
15.8212678293741,0.61783346123183,0.31046209968036,1.99004471678806,0.0465860098163796,0.685085529328067,"Gene2380"
26.7179178954811,-0.414122815982804,0.310903429930291,-1.33199822232793,0.18286077266621,0.88770084566211,"Gene2381"
160.352315021709,0.151019899641045,0.249487102853729,0.605321469180657,0.54496541902772,0.989592197216116,"Gene2382"
86.0314966062836,-0.571198270051998,0.298601183425739,-1.91291361775213,0.055759111942724,0.710307158506038,"Gene2383"
23.9152464229432,-0.445728040658779,0.292350815607937,-1.52463416163864,0.127350371723638,0.843379945189653,"Gene2384"
397.020128081199,0.145542638514946,0.29379648127555,0.495385914368534,0.620327735616501,0.989592197216116,"Gene2385"
12.4270419901326,-0.153383717950107,0.302160896962696,-0.507622658960545,0.611717996829216,0.989592197216116,"Gene2386"
347.250084231071,0.421848117701893,0.214354634883269,1.967991585214,0.0490690059218875,0.685085529328067,"Gene2387"
151.904215897797,-0.134917080871979,0.258611920018324,-0.521697069734525,0.601881265226276,0.989592197216116,"Gene2388"
4.06918297357661,-0.129721332582877,0.485676988801066,-0.267093841326731,0.789396909310548,0.99333153611013,"Gene2389"
77.0296088033995,0.693825847237687,0.228123296138091,3.04145108800151,0.00235440814241412,0.10236557140931,"Gene2390"
121.227445020996,0.0950760702911764,0.253498412299694,0.375055880739697,0.707618908014601,0.992240177738971,"Gene2391"
19.1387339560283,-0.309754431472299,0.325743506886458,-0.950915136983122,0.34164745707619,0.97219299808852,"Gene2392"
62.5644683087779,0.276231712736526,0.231206861050122,1.19473838917195,0.232189258611812,0.927882199973815,"Gene2393"
7.09260788833134,-0.997240784702479,0.428288463044472,-2.32843251861988,0.0198891486030517,0.452983493087253,"Gene2394"
17.9760778083483,0.325474202644223,0.338431796409938,0.961712835782074,0.336193872847535,0.97219299808852,"Gene2395"
65.5502985084147,0.130411697632068,0.255017406155942,0.511383515336683,0.609082535605392,0.989592197216116,"Gene2396"
84.8031092096757,-0.567076814911503,0.276468560260463,-2.05114395060782,0.0402529303080658,0.644046884929053,"Gene2397"
43.4811421816874,0.243306741378581,0.252535824029229,0.963454362619143,0.33531955625389,0.97219299808852,"Gene2398"
21.2771835842521,0.305954624804353,0.272830642880042,1.12140858363507,0.262113984090684,0.939142459455892,"Gene2399"
98.8322240285225,0.407006549039182,0.230879554050554,1.7628522833601,0.0779254066618627,0.772573314719356,"Gene2400"
230.672783097798,-0.842303790572779,0.276391336334494,-3.04750431668165,0.0023075021186159,0.101428664554545,"Gene2401"
26.8959754093317,-0.191583470866474,0.298121015496736,-0.642636583493631,0.520459939160386,0.989592197216116,"Gene2402"
53.3578125785288,0.129792756053023,0.27175398550641,0.477611232862531,0.632926934425248,0.989592197216116,"Gene2403"
25.5078401579284,0.0519356095899884,0.318730505032576,0.162945211612802,0.870561572782774,0.995069104386573,"Gene2404"
49.5306690974818,-0.188093437401799,0.246463210841239,-0.763170441380643,0.445361754499264,0.985948027515532,"Gene2405"
74.5688430146988,0.168677045754697,0.215553186634338,0.782530977103297,0.433902587721378,0.985948027515532,"Gene2406"
51.2971342953823,-0.0606785478763126,0.312751669647417,-0.194015104522764,0.846164054922694,0.995069104386573,"Gene2407"
37.7366727664912,-0.245254861337844,0.240723102531101,-1.01882560817426,0.308285765995221,0.97219299808852,"Gene2408"
32.4576682812543,-0.287560237846175,0.281420640749779,-1.02181644203509,0.30686778589082,0.971869472338305,"Gene2409"
63.6600703839639,-0.0977299372030657,0.272303786110253,-0.358900397967642,0.71966960190054,0.99333153611013,"Gene2410"
43.1586477486626,-0.0985596868965307,0.283858954429948,-0.347213590969714,0.728430861142738,0.99333153611013,"Gene2411"
27.7361269389769,-0.403739964284988,0.255422104543722,-1.58067746331594,0.113951803887709,0.815371191858224,"Gene2412"
65.471474491987,0.0144102010312592,0.283151629225273,0.0508921706390556,0.959411444351841,0.998072792424686,"Gene2413"
76.5193863039704,0.118233110493207,0.223826195601345,0.528236251237505,0.597335371423607,0.989592197216116,"Gene2414"
57.2802259771595,-0.572870102121381,0.240038098492521,-2.38657990426978,0.0170059113680596,0.417792194437268,"Gene2415"
12.278776220047,-0.468431852179418,0.339733038559931,-1.3788233672092,0.167949220237819,0.884104075288354,"Gene2416"
92.7979983939673,-0.147815398818576,0.268063699665325,-0.551418931407433,0.58134652594995,0.989592197216116,"Gene2417"
80.4102402923934,-0.449255846313785,0.285856468829766,-1.57161336300326,0.116040245478136,0.815371191858224,"Gene2418"
33.4160419189085,0.0699117018379713,0.245078796709702,0.285262139265285,0.775443316762604,0.99333153611013,"Gene2419"
100.661040790359,-0.0383816325509911,0.22642547210879,-0.169511107533653,0.865394636240351,0.995069104386573,"Gene2420"
245.429667532931,0.243944587797759,0.264355211870137,0.922790914815008,0.356116176294397,0.97219299808852,"Gene2421"
76.6158934441106,0.179174117491654,0.219552282843823,0.816088610743838,0.414449457423303,0.985948027515532,"Gene2422"
151.259700324591,-0.391463017950051,0.238120607103168,-1.64396951071288,0.100182500432815,0.790394480732271,"Gene2423"
266.891495332745,-0.0519040357495622,0.258618326703589,-0.200697438619851,0.840935162652909,0.994307020576895,"Gene2424"
358.644837989227,0.310979637364705,0.27026190867468,1.15066025726562,0.249872032674723,0.939142459455892,"Gene2425"
25.8368183802167,-0.242138552616143,0.26182384079596,-0.924814760489448,0.355062271327708,0.97219299808852,"Gene2426"
33.5079904433964,-0.116609041953802,0.278951174216409,-0.418026711238496,0.675927587738845,0.992240177738971,"Gene2427"
37.7354416417096,0.0918817019483092,0.287536608942851,0.319547838746929,0.749311121175858,0.99333153611013,"Gene2428"
205.665547201538,-0.262200899590478,0.247340772662892,-1.06007956863561,0.289108401957775,0.956043291201446,"Gene2429"
130.497461162033,0.375737365794191,0.279565990365208,1.34400241353875,0.178947606439102,0.885127721440579,"Gene2430"
175.082902302077,0.00582958582874967,0.240517102456191,0.024237718520709,0.980662991930792,0.999979708961714,"Gene2431"
73.3789484462171,0.0789092555288986,0.23984867657634,0.328996001375821,0.74215871039726,0.99333153611013,"Gene2432"
45.8115971582971,0.486795304939936,0.292705179701689,1.66309084600435,0.0962942519966988,0.785797863323545,"Gene2433"
9.6312626897988,0.131234544674148,0.356807015591201,0.367802590587248,0.713020437217414,0.992240177738971,"Gene2434"
6.72450333643458,0.184560276161236,0.365879597325383,0.504428991150068,0.613959949700373,0.989592197216116,"Gene2435"
610.235107176289,0.0584056959057882,0.257285952130543,0.227006936920342,0.820418348092681,0.993862929817308,"Gene2436"
57.948657200719,0.0887590948711807,0.310920629073357,0.285471874721569,0.775282649025804,0.99333153611013,"Gene2437"
108.278465768421,-0.290872606209103,0.215146977691867,-1.35197161182385,0.176384396866715,0.884104075288354,"Gene2438"
109.829489282574,0.563464587582899,0.252176341259151,2.23440702156849,0.0254563041228706,0.522180597392218,"Gene2439"
264.879401569629,-0.239504107174146,0.311328453230431,-0.769297199433538,0.44171689939737,0.985948027515532,"Gene2440"
114.505108454928,-0.439716256516609,0.203034494072111,-2.1657219307791,0.0303324421451373,0.583316195098794,"Gene2441"
55.7679407083377,-0.386671725225246,0.296117461114204,-1.30580521584344,0.191618805877681,0.897421272206798,"Gene2442"
106.682961793587,0.18882409919795,0.246490481550284,0.766050266973208,0.443646393178412,0.985948027515532,"Gene2443"
77.5756501538804,-0.0878658430176185,0.26841646634946,-0.327348929864918,0.743403988439441,0.99333153611013,"Gene2444"
23.7413884891223,0.328412527431126,0.272455461029337,1.20538060125638,0.228056406744989,0.923969630274923,"Gene2445"
207.63583777492,0.120992358044135,0.204419565854764,0.591882472395514,0.553929291661528,0.989592197216116,"Gene2446"
69.2709296681724,0.475839006016536,0.252506248060218,1.88446428423845,0.0595022015156415,0.712601215756186,"Gene2447"
55.5076395416839,-0.0557663332889212,0.251333778686734,-0.221881569522055,0.824406078330995,0.993862929817308,"Gene2448"
17.4621918642334,0.259141613416534,0.331326808007702,0.7821329489599,0.434136444696121,0.985948027515532,"Gene2449"
231.297897022435,0.0704050758086671,0.242789995359684,0.289983430760253,0.771828913583955,0.99333153611013,"Gene2450"
32.1675237776194,0.290832901103292,0.246311932396065,1.18075035291282,0.23770191197728,0.92910568183392,"Gene2451"
54.2031215724079,0.185913142660113,0.314413297065808,0.59130178142943,0.554318236189263,0.989592197216116,"Gene2452"
51.7343108105337,0.288764642265255,0.298812074754557,0.966375413384635,0.333856362345249,0.97219299808852,"Gene2453"
46.1614455856508,-0.0511604380541223,0.272004877890158,-0.188086472753559,0.850808865030457,0.995069104386573,"Gene2454"
94.9158448959901,-0.571984815150635,0.320195318420065,-1.78636220533446,0.0740406309531405,0.772573314719356,"Gene2455"
158.806277948029,-0.0436889851470098,0.287949876104898,-0.151724271383587,0.879404412999582,0.995069104386573,"Gene2456"
96.3265916796636,0.0956951725055792,0.260406952290259,0.367483170721625,0.713258642880316,0.992240177738971,"Gene2457"
11.6447907885198,-0.0304591868491268,0.344612431404946,-0.0883867907055706,0.929569259695164,0.995069104386573,"Gene2458"
3.69319406719971,0.0481980628651676,0.465487369243331,0.103543223833367,0.917531846169044,0.995069104386573,"Gene2459"
29.9405595193195,0.258731188106692,0.228774416264165,1.13094458869883,0.25807841450287,0.939142459455892,"Gene2460"
35.574020637191,0.0735131614210016,0.255378102330236,0.287860081777645,0.773453844230123,0.99333153611013,"Gene2461"
41.1630915683359,0.389947326008923,0.301312296607675,1.29416333285812,0.195609009188122,0.903505816111416,"Gene2462"
9.46093795763852,0.336284185219307,0.342177722350561,0.982776385643198,0.325717506506369,0.97219299808852,"Gene2463"
22.345175865056,0.185394519137841,0.333341967393497,0.55616915141978,0.578095225643168,0.989592197216116,"Gene2464"
5.75788119204105,0.215112471385673,0.399340359777976,0.538669498633372,0.590114923504391,0.989592197216116,"Gene2465"
1271.90048876031,0.227577348955163,0.259958095439453,0.875438591633195,0.381335309406258,0.985240646476599,"Gene2466"
93.0805648901304,0.0121061615529578,0.208976479445177,0.0579307373973337,0.953803799325224,0.997455699601329,"Gene2467"
45.5478996905267,-0.0959072924409526,0.217224353898353,-0.441512614583864,0.658841931217839,0.991806639138922,"Gene2468"
5.26594047533535,-0.225874373715139,0.457894054964393,-0.49328959672277,0.621807978084732,0.989592197216116,"Gene2469"
33.9424584667448,-0.194351592166819,0.304866022573228,-0.637498369042213,0.523800271974654,0.989592197216116,"Gene2470"
146.000934646691,0.0432822200294961,0.293896435292015,0.14727031304919,0.88291866370939,0.995069104386573,"Gene2471"
127.578716893669,0.166378573152644,0.24865650319763,0.669110081630996,0.503425259343154,0.989592197216116,"Gene2472"
82.4866118484659,0.103980069275223,0.259630633337063,0.400492299151123,0.688793954338095,0.992240177738971,"Gene2473"
279.804472109619,0.0270956908797139,0.254334951913618,0.106535459148834,0.915157523150532,0.995069104386573,"Gene2474"
3.02835189237976,-3.91340058529091,0.805977027766608,-4.8554741022025,1.2009905053204e-06,6.67216947400222e-05,"Gene2475"
16.6668385382714,0.285100292078981,0.290289045882124,0.98212556113726,0.326037994148947,0.97219299808852,"Gene2476"
47.4749503499927,-0.639622955130268,0.223785996819692,-2.85819025417226,0.0042606484975064,0.154932672636596,"Gene2477"
62.4245240279174,0.0744528906437703,0.245774806657678,0.302931336438687,0.76194218968168,0.99333153611013,"Gene2478"
29.039324706352,-0.177792565667636,0.286706337257202,-0.620120808519624,0.535178253462807,0.989592197216116,"Gene2479"
202.936099766535,0.440287969942598,0.254419168516452,1.73056131151583,0.0835300370488154,0.772573314719356,"Gene2480"
4.42324736688443,-0.115230061349344,0.448503424162974,-0.256921252194213,0.79723956425023,0.99333153611013,"Gene2481"
15.4939655404627,0.552007081665394,0.321930984388925,1.71467522056999,0.0864047891153141,0.772573314719356,"Gene2482"
410.69608623028,-0.161029257392024,0.291857457234061,-0.551739396752446,0.581126913807875,0.989592197216116,"Gene2483"
139.280020799161,-0.0914358505214888,0.280198715865348,-0.32632501629818,0.74417846298944,0.99333153611013,"Gene2484"
9.20631660434346,0.0396397621478714,0.354250037440577,0.111897693601573,0.910904525358868,0.995069104386573,"Gene2485"
140.663754783219,0.121353486706263,0.252757824412548,0.480117626381334,0.631143755384229,0.989592197216116,"Gene2486"
181.613124674988,1.76091499561469,0.183014431270136,9.62172755117606,6.47346705440978e-22,8.6312894058797e-20,"Gene2487"
12.4914593724521,0.199058181751666,0.33329227272694,0.597248115364352,0.550341739425782,0.989592197216116,"Gene2488"
91.9091089923395,0.042477507728286,0.279947967713373,0.15173358133386,0.879397069749289,0.995069104386573,"Gene2489"
160.680944218075,-0.119722401577602,0.269462572052039,-0.444300671020394,0.656825216167003,0.991806639138922,"Gene2490"
14.4252381510578,0.466899180891438,0.289594382726172,1.61225220080639,0.106907070151631,0.798296687524682,"Gene2491"
94.0526434366376,-0.186696405325539,0.275835062219054,-0.676840731644459,0.498507011759836,0.989592197216116,"Gene2492"
12.9192835813042,0.39578967809774,0.336849460999174,1.1749749485237,0.240004738408869,0.92910568183392,"Gene2493"
94.6582678293122,-0.294901539929785,0.209110334535975,-1.41026764929713,0.158460667134688,0.876684188850278,"Gene2494"
14.0017408801111,-0.160777448448155,0.366384957354154,-0.438821095738231,0.660791173326307,0.991806639138922,"Gene2495"
33.68394622074,0.0959877416376349,0.260118024693008,0.36901611009433,0.712115716795682,0.992240177738971,"Gene2496"
14.3080389310464,0.245632058668975,0.313503074573913,0.783507654598978,0.433329060438232,0.985948027515532,"Gene2497"
131.257188321212,0.191675129611855,0.242061800095454,0.791843775169275,0.428451774128413,0.985948027515532,"Gene2498"
47.8832123405246,0.537267504668007,0.252402444608863,2.1286145049054,0.033286167451816,0.60498340024528,"Gene2499"
104.46282508513,-0.161271671128432,0.415880262774278,-0.387783902156385,0.69817595938555,0.992240177738971,"Gene2500"
107.77798963332,-0.199644245356251,0.277796628589517,-0.718670512201402,0.472343956211275,0.985948027515532,"Gene2501"
44.8572939069316,-0.107764139911787,0.270159908080958,-0.398890200538172,0.689974110078064,0.992240177738971,"Gene2502"
45.7161680049414,-0.176047212428741,0.259088059390633,-0.679487942604528,0.496828744826862,0.989592197216116,"Gene2503"
89.1040027428019,-0.00160681060029523,0.268129976755172,-0.00599265557600222,0.995218581256038,0.999979708961714,"Gene2504"
105.293760312349,0.482199356304588,0.254439583928776,1.89514284239503,0.0580734800977288,0.711494966081943,"Gene2505"
54.3965961382964,-0.147935312868792,0.268217252705191,-0.55155032488307,0.581256478437113,0.989592197216116,"Gene2506"
84.3854109401648,0.0566284391858324,0.270723074461568,0.209174778686519,0.834311800602485,0.993862929817308,"Gene2507"
144.287959171817,0.0516281392504237,0.309733526094768,0.166685666551406,0.86761738418335,0.995069104386573,"Gene2508"
138.041443977849,-0.243665895024833,0.306342148137484,-0.795404408130862,0.426378296565746,0.985948027515532,"Gene2509"
222.696416849784,0.114741436299951,0.217620890950541,0.527253775125975,0.598017369780335,0.989592197216116,"Gene2510"
6.42599720713458,-0.0538541072874348,0.393228370705532,-0.136953768597138,0.891067337999947,0.995069104386573,"Gene2511"
72.1970372143126,0.135136661277199,0.281528031167484,0.480011388978901,0.63121929474965,0.989592197216116,"Gene2512"
63.27594936899,-0.0756315454328849,0.25932050283597,-0.291652779497827,0.770552116672428,0.99333153611013,"Gene2513"
19.7068767552454,0.29349079901203,0.327749443793585,0.895473065079766,0.370534257960817,0.982424481229659,"Gene2514"
19.4398609493902,0.319227825440907,0.309481193821776,1.03149345360463,0.30230947653876,0.970716290657991,"Gene2515"
106.095571468323,0.0886473747886513,0.238526520227973,0.37164578053596,0.710156598691415,0.992240177738971,"Gene2516"
34.8963201039811,-0.047016338431448,0.298704946009102,-0.157400602365705,0.874929138754734,0.995069104386573,"Gene2517"
36.5970667053094,0.1360762623589,0.302870273287613,0.449288934439856,0.653223239183796,0.991806639138922,"Gene2518"
83.1949390494738,-0.219626431857828,0.283893468504248,-0.77362270084964,0.439153943672694,0.985948027515532,"Gene2519"
197.388195211371,-0.302718866230668,0.230626241086138,-1.31259506639404,0.189319432950856,0.894827280755158,"Gene2520"
603.915308048897,-0.0869025042097572,0.249816092530821,-0.347865917400961,0.72794088250708,0.99333153611013,"Gene2521"
130.646831135187,-0.198682485966681,0.242492449073506,-0.819334732795968,0.412595461289219,0.985948027515532,"Gene2522"
576.488216735395,-0.13920925586238,0.309540356732809,-0.449728937873338,0.65290590290458,0.991806639138922,"Gene2523"
203.284558042924,0.247759968621856,0.291513002026607,0.84991052508609,0.395374833484534,0.985240646476599,"Gene2524"
80.2105211673263,-0.224690891494652,0.230170215622471,-0.976194469327836,0.328968103464824,0.97219299808852,"Gene2525"
74.8206748438223,0.343500896078881,0.250106253218522,1.37341986319214,0.169621858236251,0.884104075288354,"Gene2526"
480.884441891006,0.205301306011724,0.293200466264312,0.700207979296494,0.483797429194511,0.989340724987449,"Gene2527"
13.6953005955042,-0.0743862697715208,0.324371891131913,-0.22932403147494,0.818617076699909,0.993862929817308,"Gene2528"
117.527127736025,1.34128186318489,0.194251421345221,6.90487541298958,5.02475066931232e-12,3.24177462536279e-10,"Gene2529"
59.194974105099,-0.38950422733488,0.248516917677106,-1.56731473645974,0.117041142515649,0.816272522930593,"Gene2530"
3.75590197381919,0.864669384020557,0.477932553400547,1.8091870450513,0.0704219495781753,0.772193421375786,"Gene2531"
37.2359525064084,-0.397808624379625,0.276355809435226,-1.4394798690594,0.150014609594173,0.872600384978322,"Gene2532"
90.6073718500104,-0.30324862471605,0.251444756641858,-1.20602484921958,0.227807909238211,0.923969630274923,"Gene2533"
1.87817838029332,-0.66036624430949,0.637814001885701,-1.03535865057386,0.300501448752927,0.967798546708301,"Gene2534"
79.6992226345592,-0.138913888496837,0.264830477850623,-0.524538903619663,0.599903768496531,0.989592197216116,"Gene2535"
36.120409722381,0.382272398878937,0.32328795626532,1.18245171671415,0.237026512970823,0.92910568183392,"Gene2536"
83.8076486543687,0.353126395463241,0.26631204552514,1.32598731975083,0.184843897549724,0.888310428362108,"Gene2537"
110.174779418973,0.106664278197008,0.28776931448131,0.370658971715816,0.710891552676525,0.992240177738971,"Gene2538"
253.321227388321,-0.659901023298667,0.242628670317855,-2.71979821030287,0.00653217651951325,0.217739217317108,"Gene2539"
7.19638457335678,-0.0215717126868122,0.36562270747227,-0.0589999260055485,0.95295216704976,0.997455699601329,"Gene2540"
67.2189244901455,-0.193192073700174,0.268130509804877,-0.720515072457674,0.471207922959032,0.985948027515532,"Gene2541"
22.671884816933,0.388280534199541,0.328958073356628,1.18033441233892,0.237867236589904,0.92910568183392,"Gene2542"
57.4283000088366,0.0818287620048745,0.290003897597253,0.28216435255817,0.777817490715765,0.99333153611013,"Gene2543"
45.847926170749,-0.428476740841695,0.282793974407606,-1.51515512923945,0.129733123263018,0.851332510154531,"Gene2544"
11.2129985907825,-0.0134471761436507,0.307100544149336,-0.0437875360361188,0.965073762358125,0.998072792424686,"Gene2545"
6.24206395608512,0.256436021030271,0.419486944066855,0.611308706164171,0.540995228371937,0.989592197216116,"Gene2546"
738.632177333329,-0.0285026208045596,0.226749646643783,-0.125700838905105,0.899968737785452,0.995069104386573,"Gene2547"
12.9705792921123,-0.0240796757072376,0.355000185417597,-0.067830036986916,0.94592093276105,0.995968341943723,"Gene2548"
76.0192902155341,0.246336706666796,0.333282303449331,0.739123272124908,0.459832146551394,0.985948027515532,"Gene2549"
13.1591012743169,0.609601048460672,0.315532558119487,1.93197510930021,0.0533625781427946,0.702139186089403,"Gene2550"
314.332642961709,-0.00196136453079589,0.298195497862934,-0.0065774451487441,0.994751995906862,0.999979708961714,"Gene2551"
7.08843725027213,-0.422322106777243,0.399172937066094,-1.0579928335856,0.290058709611544,0.956043291201446,"Gene2552"
19.32768411317,-0.00593248958982211,0.310465375072515,-0.019108377507271,0.984754648366706,0.999979708961714,"Gene2553"
11.644193575907,-0.0604470339664053,0.354280369139006,-0.170619202281254,0.864523198088352,0.995069104386573,"Gene2554"
53.0855041585239,-0.189967123513176,0.266213454930313,-0.713589489918545,0.475481058425905,0.987683407884118,"Gene2555"
29.6980242142421,0.224416777209758,0.290254375527761,0.773172762001288,0.439420143777443,0.985948027515532,"Gene2556"
964.457077799816,-0.268014304546863,0.267467627705288,-1.00204389909263,0.316322391212022,0.97219299808852,"Gene2557"
52.4693172048607,-0.558557527297737,0.287184305661793,-1.94494447045282,0.0517816619674372,0.695055865334728,"Gene2558"
248.799749732374,-0.420203586984768,0.258329106231456,-1.62662114662479,0.10381758526641,0.792500650888625,"Gene2559"
150.16760623454,0.0864655674905333,0.308264748318333,0.280491259419788,0.779100630415178,0.99333153611013,"Gene2560"
134.707796312267,0.299444062685897,0.242485989668539,1.23489222241341,0.21687061842115,0.919858845236042,"Gene2561"
96.9498636533161,0.0858529024977571,0.239426237059896,0.358577671152554,0.719911053246731,0.99333153611013,"Gene2562"
73.8552535896387,0.115263811409085,0.268770698000219,0.428855571930656,0.668028333985065,0.992240177738971,"Gene2563"
22.7228333619182,0.211806619262147,0.325419513235104,0.650872521922571,0.515128780544715,0.989592197216116,"Gene2564"
37.2919043861982,0.25212207624718,0.263336703692441,0.957413352229245,0.338358661706838,0.97219299808852,"Gene2565"
90.8643591686688,0.389540941310016,0.237751827143181,1.63843511105983,0.101330959833417,0.790594044885332,"Gene2566"
2.42631849318245,0.147380251094535,0.555456882791411,0.26533157777051,0.790754040453453,0.99333153611013,"Gene2567"
5.82343888485605,1.03937968395769e-05,0.408705060263825,2.54310451474899e-05,0.999979708961714,0.999979708961714,"Gene2568"
32.2325104631186,-0.116665938683739,0.312079522011802,-0.373834008497768,0.708527815826082,0.992240177738971,"Gene2569"
5.51496268960691,-0.0945464779639037,0.416587631538221,-0.226954596839079,0.820459047395506,0.993862929817308,"Gene2570"
59.6226699184497,-0.274069836797972,0.207827690291243,-1.31873590287175,0.1872574194579,0.888310428362108,"Gene2571"
78.3545023669505,0.00334466109304563,0.244461579365207,0.0136817454167264,0.989083887133036,0.999979708961714,"Gene2572"
153.391881553829,-0.569702217117289,0.283702706809383,-2.00809581101412,0.044633111332626,0.676052623463471,"Gene2573"
216.922591437098,0.0498556801082081,0.263470194626241,0.189227021215562,0.849914890358431,0.995069104386573,"Gene2574"
106.710758995449,0.199173096644926,0.246941930605187,0.806558433218725,0.419920929896373,0.985948027515532,"Gene2575"
93.2848660283982,0.171380301476302,0.229778423241296,0.74585028071296,0.455757862450846,0.985948027515532,"Gene2576"
62.6549604044224,-0.207930679722289,0.284769084868035,-0.730172939308514,0.465284481288849,0.985948027515532,"Gene2577"
56.8023313737584,-0.0886976088131229,0.282799059000481,-0.313641810289659,0.753793100668475,0.99333153611013,"Gene2578"
16.3008415656761,0.271148147724007,0.33516315311161,0.8090034516226,0.418513160891305,0.985948027515532,"Gene2579"
879.941734689457,0.219680870893078,0.32558296504179,0.674730850445082,0.499846780438477,0.989592197216116,"Gene2580"
19.9878475255734,0.194820084710843,0.2701289027557,0.721211550202144,0.47077936648667,0.985948027515532,"Gene2581"
403.23759829381,0.252504724248274,0.232914817774804,1.08410760062681,0.278317093239809,0.950990735044977,"Gene2582"
158.688469076099,-0.107613951561737,0.268956992558453,-0.400115834647241,0.689071201872459,0.992240177738971,"Gene2583"
654.859679082002,0.313349247767531,0.265906859339799,1.17841731704674,0.238630277344083,0.92910568183392,"Gene2584"
119.585734010248,0.0480251512480999,0.253111704822394,0.189738958464203,0.849513690865828,0.995069104386573,"Gene2585"
33.9944492824519,0.359183329849351,0.284219491818123,1.2637533321578,0.206318576228492,0.919858845236042,"Gene2586"
32.2886266556681,-0.0790297389428387,0.292914746141314,-0.269804576191298,0.787310602054127,0.99333153611013,"Gene2587"
10.6008821462909,0.31690348952258,0.333568383832442,0.950040546054169,0.342091650829218,0.97219299808852,"Gene2588"
187.544902298565,0.311020553099232,0.279920204613294,1.11110433606929,0.266523441691834,0.939142459455892,"Gene2589"
61.9477403022273,0.29626169753657,0.336581542775521,0.880207794799248,0.378746751596403,0.985240646476599,"Gene2590"
48.2354370438522,-0.00684802999007547,0.295372937965403,-0.0231843514075672,0.981503221021256,0.999979708961714,"Gene2591"
58.6676299608626,-0.154897637261069,0.241514880398524,-0.641358565590128,0.521289746711959,0.989592197216116,"Gene2592"
26.1066687485936,-0.234289378586354,0.280171915194083,-0.83623434712953,0.403023079259365,0.985948027515532,"Gene2593"
29.0409333923668,0.213727381522824,0.284958412127252,0.750030083082374,0.453236586673778,0.985948027515532,"Gene2594"
107.249894175915,0.352591665445121,0.243627341774553,1.44725818899014,0.147824624650022,0.872600384978322,"Gene2595"
253.484925812365,-0.204948393111368,0.293958104368786,-0.697202730815848,0.485675930200946,0.989340724987449,"Gene2596"
56.3823671332898,-0.336241007960523,0.257160796580487,-1.30751270190317,0.191038643896092,0.897421272206798,"Gene2597"
77.2011962245802,0.380566992986724,0.197593001957461,1.92601453096327,0.0541025594749927,0.702630642532373,"Gene2598"
61.543696215125,-0.213670195971647,0.312029699966508,-0.684775186447255,0.493485795710859,0.989592197216116,"Gene2599"
61.6649259344207,-0.0429558087440062,0.238535652544939,-0.180081293029827,0.857088748518068,0.995069104386573,"Gene2600"
43.4862312897601,-0.187185935535491,0.26281120018841,-0.712244894438657,0.476313140961395,0.987683407884118,"Gene2601"
121.9100393986,-0.127467782761874,0.243536996021853,-0.523402131273872,0.600694441358406,0.989592197216116,"Gene2602"
145.844675959382,0.147498457874533,0.246853846070213,0.597513306851942,0.550164725404063,0.989592197216116,"Gene2603"
79.6739604966593,-0.00117559584920873,0.231758823690525,-0.00507249661733931,0.995952750620412,0.999979708961714,"Gene2604"
99.6464294182607,-0.0738099650654836,0.248293283784731,-0.297269277446411,0.766260935068564,0.99333153611013,"Gene2605"
25.5117422259462,0.431653406051501,0.332397959607566,1.29860425906681,0.194079775589954,0.900602206913939,"Gene2606"
63.6798719512298,0.221463402398695,0.287762622202617,0.7696044771331,0.441534548425482,0.985948027515532,"Gene2607"
129.303627401727,0.506122362568226,0.262407852800334,1.9287622575584,0.0537603833306849,0.702630642532373,"Gene2608"
49.0672844044064,-0.223300115544215,0.328769360824719,-0.679199895586577,0.497011213460701,0.989592197216116,"Gene2609"
41.5061569285315,0.0319298275148035,0.257291717361209,0.124099710018949,0.901236327756743,0.995069104386573,"Gene2610"
33.6106019326093,-0.231981668873953,0.259522260637839,-0.893879655270424,0.371386284149866,0.982424481229659,"Gene2611"
84.7774141944938,0.282616795574632,0.271215840946899,1.04203646287005,0.297394774070808,0.964002509143625,"Gene2612"
75.1380387249413,0.114979311431102,0.239166680164508,0.480749707074642,0.630694398485906,0.989592197216116,"Gene2613"
1379.82188720025,-0.0852711123714893,0.198748312307887,-0.429040686591558,0.667893615700222,0.992240177738971,"Gene2614"
56.3009517215944,0.0668413775253453,0.252785512562135,0.264419336566669,0.791456813176837,0.99333153611013,"Gene2615"
55.7487246373874,-0.244674012615675,0.270597122887128,-0.904200347753637,0.365889175834391,0.980936128242335,"Gene2616"
19.4582655812337,-0.424648256382094,0.301397746645031,-1.40892976509947,0.158855937164612,0.876928227579774,"Gene2617"
135.875930793959,0.37857092577936,0.230812939833973,1.64016335501671,0.10097120636469,0.790594044885332,"Gene2618"
34.4844818835982,0.00688893514999778,0.285901837945771,0.0240954559771122,0.98077646787664,0.999979708961714,"Gene2619"
55.4342106295705,0.112556933430339,0.25646333096669,0.438881196021581,0.660747622527767,0.991806639138922,"Gene2620"
163.540142898125,-0.270875935124075,0.26723762273629,-1.01361452160265,0.310766725700481,0.97219299808852,"Gene2621"
298.100165835704,-0.370537062597911,0.256438807501843,-1.44493365184303,0.148476522846391,0.872600384978322,"Gene2622"
36.2125492846332,0.265023677487413,0.248881322467257,1.06485964820554,0.286939447730657,0.956043291201446,"Gene2623"
30.1820319646445,0.129624862950156,0.244186365453043,0.530843983486389,0.595526898050688,0.989592197216116,"Gene2624"
78.6024016478903,-0.29289188988117,0.29146759710105,-1.00488662477163,0.314951445610583,0.97219299808852,"Gene2625"
232.688542389647,0.0343766379878924,0.248819709357929,0.138158822211472,0.890114898051322,0.995069104386573,"Gene2626"
57.9707488923801,0.0308126647802106,0.243186161866104,0.126704021905555,0.899174662476909,0.995069104386573,"Gene2627"
70.5622999949994,0.00771957325409742,0.320081910636637,0.0241174930465247,0.980758889947395,0.999979708961714,"Gene2628"
127.155717731733,0.413876469312424,0.251671678745966,1.64450951086231,0.100071001357258,0.790394480732271,"Gene2629"
86.9769200318084,-1.55650062262262,0.204448661027861,-7.61316124447746,2.67471756163684e-14,1.98127226787914e-12,"Gene2630"
164.901423430161,-0.169606346788671,0.250119833666452,-0.67810035014996,0.497708068742789,0.989592197216116,"Gene2631"
4.67776323192808,-0.41558090818435,0.439949763998753,-0.944609912747966,0.344858064380054,0.97219299808852,"Gene2632"
8.83738103145897,0.0812889686034589,0.37312344394102,0.217860790908406,0.827537577655358,0.993862929817308,"Gene2633"
12.2998799652508,-0.441569974368103,0.35030181946486,-1.26054148117948,0.207474093691876,0.919858845236042,"Gene2634"
79.1295084799941,0.0809171992038946,0.262882829312235,0.307807091910847,0.758229124864772,0.99333153611013,"Gene2635"
10.1194682379355,-0.504016782864568,0.32895577924051,-1.53217184397318,0.125480034603512,0.839331335140546,"Gene2636"
38.4458561871933,0.413542108429892,0.244051941260704,1.69448399506125,0.0901733504733829,0.772573314719356,"Gene2637"
90.4803034993609,-0.841047609110867,0.301952110429229,-2.78536754691102,0.00534670790829313,0.185972448984109,"Gene2638"
605.845565640947,0.0569499211572013,0.226277234107542,0.251682063296456,0.801286822218254,0.99333153611013,"Gene2639"
40.9804641799974,0.412160310178319,0.350195442877776,1.17694367120068,0.239217989787144,0.92910568183392,"Gene2640"
48.529913279748,-0.070550462653605,0.277352066094569,-0.254371505671602,0.799208562301551,0.99333153611013,"Gene2641"
76.0201558318132,0.284207547059217,0.259679771698026,1.09445393147416,0.273755941641927,0.948072525166848,"Gene2642"
25.0918964131922,0.0438057500278641,0.27574728322412,0.158861946038685,0.873777642546822,0.995069104386573,"Gene2643"
0.848576095752425,1.32186051606373,0.972410264688073,1.35936503764464,0.174030944234752,0.884104075288354,"Gene2644"
389.595739783699,-0.0895039407039226,0.324693314753675,-0.275656863375286,0.78281163035144,0.99333153611013,"Gene2645"
34.1313501902534,0.210422457100396,0.255549709433216,0.823411059895517,0.410274275741855,0.985948027515532,"Gene2646"
26.5483317848034,0.158526639540662,0.307283504384476,0.515897004813874,0.605926346127805,0.989592197216116,"Gene2647"
64.6959402903485,0.379196526450862,0.266977200245922,1.42033299510809,0.155510759685042,0.872600384978322,"Gene2648"
27.5797819422927,0.167737633241205,0.309420918460088,0.54210178832121,0.587748386838562,0.989592197216116,"Gene2649"
154.306838425545,0.329965740981027,0.268178577664865,1.23039559630067,0.218549001612896,0.919858845236042,"Gene2650"
33.3115722701297,0.172748997029003,0.282481433370987,0.611541066495969,0.540841439950468,0.989592197216116,"Gene2651"
161.015355393373,-0.042632727580886,0.242035711576934,-0.176142302733433,0.860182147670481,0.995069104386573,"Gene2652"
36.2560963980315,0.175935701732245,0.276872745317111,0.635438860299306,0.52514223015185,0.989592197216116,"Gene2653"
15.7489428719973,-0.30928603622703,0.276995958062025,-1.11657238030085,0.264177206468151,0.939142459455892,"Gene2654"
122.478839245826,0.0343359822211859,0.237686048670632,0.144459392603081,0.885137720059717,0.995069104386573,"Gene2655"
1108.6295092956,0.0486805082170109,0.228670769833225,0.212884699922578,0.831416896543582,0.993862929817308,"Gene2656"
14.9085141380534,0.0480244542654225,0.318428147348761,0.150817239824039,0.880119886411492,0.995069104386573,"Gene2657"
34.5435023652378,-0.130263307876137,0.271535298180017,-0.4797288188653,0.631420233009511,0.989592197216116,"Gene2658"
12.0155220386799,-0.469515419606141,0.34605777872559,-1.3567544163729,0.174859255727984,0.884104075288354,"Gene2659"
386.255603511716,-0.0647449784840661,0.252916720725746,-0.255993270426249,0.797956033648545,0.99333153611013,"Gene2660"
61.1638436700192,-0.622522140830221,0.345083106816429,-1.8039774435014,0.0712348431219162,0.772193421375786,"Gene2661"
3.21714847598658,0.382867104327881,0.535330037971345,0.715198246260887,0.474486552560143,0.987152505177327,"Gene2662"
3.51048921842567,0.20357266503341,0.498273426369454,0.408556134563891,0.68286542747364,0.992240177738971,"Gene2663"
161.65153733598,-0.307855367228841,0.29415878446115,-1.04656186893341,0.295301696171874,0.961932221251959,"Gene2664"
87.4530064892235,-0.184857265189903,0.282778625764635,-0.653717248572264,0.513293988538467,0.989592197216116,"Gene2665"
5.38416935442042,-0.0941305161118311,0.398759261039091,-0.236058507748622,0.813387270136475,0.993862929817308,"Gene2666"
12.0461374354657,-0.451029490985217,0.326726662872436,-1.38044898760317,0.167448445908747,0.884104075288354,"Gene2667"
69.1059440131084,0.389082313393394,0.217687935419875,1.78733981119778,0.0738825832260067,0.772573314719356,"Gene2668"
55.9129276291339,-0.0455063309212957,0.304880147593538,-0.149259737901873,0.881348683827191,0.995069104386573,"Gene2669"
5.76356476858179,-0.151784253501394,0.405365159073122,-0.374438330734817,0.708078229781583,0.992240177738971,"Gene2670"
135.115850412195,-0.198201640241419,0.249935932050953,-0.793009787008187,0.427772120672314,0.985948027515532,"Gene2671"
32.2355127782443,-0.126898679716989,0.267359623930872,-0.474636662975705,0.635045969450007,0.989592197216116,"Gene2672"
207.833351979593,-0.159241822743179,0.277708532411727,-0.573413504296257,0.5663647488658,0.989592197216116,"Gene2673"
93.9751494715685,0.305522308371889,0.286572037959592,1.0661274231332,0.28636604458665,0.956043291201446,"Gene2674"
225.1950848021,-0.0793404135413031,0.293016016544954,-0.270771592887077,0.786566709544742,0.99333153611013,"Gene2675"
5.14494523537766,0.173450101475522,0.408438936310592,0.424665931809263,0.671080222303598,0.992240177738971,"Gene2676"
125.356587101178,0.12298334251991,0.284223162433476,0.432699930107542,0.66523278060756,0.992240177738971,"Gene2677"
176.648010871078,0.683303141316507,0.221850184318869,3.08002061577909,0.00206986267129951,0.0930275357887419,"Gene2678"
99.4179372857805,-0.219176172832524,0.263271642319713,-0.832509612130425,0.405121354891049,0.985948027515532,"Gene2679"
13.3251854062342,0.158732419889637,0.345718227732119,0.459138127980431,0.64613497807253,0.990448176597679,"Gene2680"
47.6105569785258,-0.0917168039122809,0.283393047329645,-0.3236381582982,0.74621199531646,0.99333153611013,"Gene2681"
5.87948428818161,-0.0271783553404819,0.395582136128177,-0.0687047084746908,0.945224670241935,0.995497283035214,"Gene2682"
26.9001507832212,0.117930099762595,0.259567026389296,0.454333901355116,0.649588519033309,0.99060391770234,"Gene2683"
23.6304045334658,-0.0135403916252609,0.307249871195765,-0.0440696413396821,0.964848891965891,0.998072792424686,"Gene2684"
74.1408943289477,-0.145481942397512,0.269720188232616,-0.539380990910636,0.589623994713545,0.989592197216116,"Gene2685"
624.176360880638,-0.112476744705808,0.301203975160387,-0.37342383893146,0.708833019704024,0.992240177738971,"Gene2686"
87.8446352894723,-0.0565429807159484,0.247980115197802,-0.228014172309125,0.819635222800334,0.993862929817308,"Gene2687"
32.4176789474659,0.201637613850857,0.236156047597912,0.853832099164248,0.393198026256166,0.985240646476599,"Gene2688"
179.771800842515,0.0130650792400486,0.181397449432883,0.0720246027763618,0.942582328510198,0.995069104386573,"Gene2689"
108.767808808769,-0.268191376176956,0.259972636443084,-1.03161386462175,0.302253042742436,0.970716290657991,"Gene2690"
74.2935789937406,0.147644050990469,0.225584259229002,0.654496246746489,0.512792144437133,0.989592197216116,"Gene2691"
22.8458985093097,-0.037742424379111,0.344159749660339,-0.109665422572977,0.912674723759755,0.995069104386573,"Gene2692"
114.16790671269,0.0808756734223111,0.284760706454825,0.284012757339965,0.776400604102789,0.99333153611013,"Gene2693"
116.73882130989,-0.0336351631432667,0.23989950967282,-0.140205218381392,0.888497848960904,0.995069104386573,"Gene2694"
82.6039524865605,-0.187164789361806,0.256219757453535,-0.730485389659101,0.465093540403445,0.985948027515532,"Gene2695"
627.996753752695,-0.188809299622985,0.237318184441468,-0.795595584330592,0.42626713396075,0.985948027515532,"Gene2696"
1014.30510654899,0.0390225604672534,0.250338245222737,0.155879340100564,0.876128130439438,0.995069104386573,"Gene2697"
15.3891107392085,0.161157870429377,0.323202361629213,0.498628381355276,0.618041207134296,0.989592197216116,"Gene2698"
86.9870531804143,0.428474798865285,0.304850609095994,1.40552384046693,0.159865565156441,0.876928227579774,"Gene2699"
11.4755008631244,-0.385040745372401,0.350672713746396,-1.09800600468407,0.272201867256669,0.945966523915443,"Gene2700"
29.7545569435008,-0.088196993857159,0.272455846274157,-0.323711144624921,0.746156732619371,0.99333153611013,"Gene2701"
32.5885340682205,-0.116170462795719,0.321350029002202,-0.361507553481263,0.717720059391464,0.99333153611013,"Gene2702"
51.0942605827099,0.105676931513865,0.281775691151673,0.375039206121516,0.707631308876911,0.992240177738971,"Gene2703"
416.49822031526,-0.177845602756522,0.270174605339608,-0.658261728680868,0.510369965601938,0.989592197216116,"Gene2704"
15.4929263094726,0.0951383173128781,0.298837270517357,0.318361619178797,0.75021064832092,0.99333153611013,"Gene2705"
91.4228572420028,0.0261399668120779,0.278793415908383,0.0937610622076813,0.92529896323182,0.995069104386573,"Gene2706"
129.238381321547,0.16403690761985,0.195827112469852,0.837661882213086,0.402220627238007,0.985948027515532,"Gene2707"
68.7097131844801,0.0148331578377304,0.246332006683954,0.0602161206633676,0.951983506580199,0.997455699601329,"Gene2708"
125.116131777813,0.0365633819087299,0.304838063451689,0.119943623492164,0.9045278073482,0.995069104386573,"Gene2709"
21.9210767283762,-0.123574481059702,0.271496259355537,-0.455160897439383,0.648993489532046,0.990448176597679,"Gene2710"
101.88730533618,2.64386785282804,0.213323159125533,12.3937216365347,2.82616691607048e-35,1.02769706038927e-32,"Gene2711"
22.5296661211293,-0.215889411002326,0.300545276175319,-0.718325750281931,0.472556456416256,0.985948027515532,"Gene2712"
4.912780049266,0.10716317580581,0.417889934517398,0.256438758041798,0.797612063538503,0.99333153611013,"Gene2713"
127.602835654423,-0.0894841745137852,0.244980164562797,-0.365271101329705,0.714909048060928,0.992240177738971,"Gene2714"
34.0673093244695,0.217309519677027,0.27541903670233,0.789014159220567,0.430103730956043,0.985948027515532,"Gene2715"
48.186960526234,-0.643380125079327,0.265738056956757,-2.42110645515868,0.0154733451916039,0.399312133976875,"Gene2716"
125.47154131622,-0.0377135560088502,0.286549708789131,-0.131612613281709,0.895290708361735,0.995069104386573,"Gene2717"
55.0995124670796,0.0281138146263566,0.270740345339628,0.103840506634094,0.917295920564815,0.995069104386573,"Gene2718"
43.2313122230102,-0.0449491864706645,0.268619737107805,-0.167333893460796,0.867107336967824,0.995069104386573,"Gene2719"
27.0934953032452,-0.108300189221941,0.233091871471562,-0.464624478486604,0.642200399522938,0.989592197216116,"Gene2720"
343.445764780042,0.150491356025303,0.297286353673023,0.506216831569822,0.612704440349042,0.989592197216116,"Gene2721"
64.1624531888664,0.0812172117481599,0.274175977952991,0.296222930814475,0.767059838006061,0.99333153611013,"Gene2722"
59.0981981276441,-0.133362736864006,0.331770809842637,-0.401972484943029,0.687704276087727,0.992240177738971,"Gene2723"
190.949746457871,-0.114122549479415,0.321369222102544,-0.355113500704183,0.722504562856287,0.99333153611013,"Gene2724"
81.4756517010237,-0.0413819769299691,0.255161386710012,-0.162179620762914,0.871164407611007,0.995069104386573,"Gene2725"
17.0185244564076,0.365730031899157,0.321506531631715,1.13755086107582,0.255308075280807,0.939142459455892,"Gene2726"
32.4711401402223,0.30409335934572,0.273327588893057,1.11256006236787,0.265897420966606,0.939142459455892,"Gene2727"
19.876723141798,-0.120197913666538,0.320095782672936,-0.375506083406767,0.707284122997779,0.992240177738971,"Gene2728"
6.24400542342031,-0.19497872507857,0.38575738405105,-0.505443921853138,0.613247076318842,0.989592197216116,"Gene2729"
50.7882139497003,0.418818404583626,0.255885671389294,1.63674035482219,0.101684733112698,0.791320880254461,"Gene2730"
96.1822555893308,-0.141670721179896,0.267386546707597,-0.52983488856985,0.596226413404806,0.989592197216116,"Gene2731"
28.6633194849739,-0.042771785350731,0.29446923467131,-0.145250438126324,0.884513144280394,0.995069104386573,"Gene2732"
84.5431015229522,0.198429773457507,0.238399178711729,0.832342521185645,0.405215635950235,0.985948027515532,"Gene2733"
165.160014582474,-0.261527343739318,0.275063305604244,-0.950789648822146,0.341711168248075,0.97219299808852,"Gene2734"
51.3179007702817,0.238300824212019,0.248929755218914,0.957301484519006,0.338415106274242,0.97219299808852,"Gene2735"
29.194785319815,0.622137565482241,0.308237340209797,2.01837183340212,0.0435525505743999,0.667472039454404,"Gene2736"
26.1908604725189,-0.0254619938939329,0.319049201897851,-0.0798058535877014,0.936391668686823,0.995069104386573,"Gene2737"
45.1276627681335,-0.621656702251571,0.256226994170182,-2.42619519565014,0.0152580612369932,0.39631327888294,"Gene2738"
350.591625752908,-0.14168360664257,0.258290491901028,-0.548543640146306,0.583318672713392,0.989592197216116,"Gene2739"
52.5480257329,0.171731600377422,0.228366563706534,0.751999756838781,0.452051205018108,0.985948027515532,"Gene2740"
29.79050950344,-0.398992337320087,0.295718388532132,-1.34923073029236,0.177262867095315,0.884104075288354,"Gene2741"
31.2338603179522,-0.134212944543374,0.31043738637177,-0.432334990678748,0.665497959418678,0.992240177738971,"Gene2742"
59.8528563465841,-0.142282500438587,0.298541393749631,-0.476592202680981,0.633652536850326,0.989592197216116,"Gene2743"
65.4929619887673,0.124429668427159,0.288002799531343,0.432043260098995,0.665709972002102,0.992240177738971,"Gene2744"
808.89746590138,2.19417388800167,0.194965166662881,11.2541841476517,2.20860407764139e-29,4.90800906142532e-27,"Gene2745"
34.7221912343827,0.196042328212761,0.305690352439614,0.641310157969369,0.52132119080109,0.989592197216116,"Gene2746"
150.775687567308,0.0309185968564929,0.26111674542145,0.118409092479264,0.905743521707164,0.995069104386573,"Gene2747"
23.6253319930723,0.359763318150899,0.306095919801272,1.1753286956078,0.239863238375488,0.92910568183392,"Gene2748"
68.7411551069755,-0.58034743039394,0.321952304321038,-1.80258821758654,0.0714529088059207,0.772463878982926,"Gene2749"
37.2192964757531,0.100909569199874,0.337478203871747,0.299010626589156,0.764931937435257,0.99333153611013,"Gene2750"
179.846361245563,-0.0433239729925696,0.286405279059039,-0.151268067177068,0.879764258086534,0.995069104386573,"Gene2751"
296.144325592972,-0.485529702103071,0.248077356510498,-1.95717057345588,0.0503274172708557,0.687324573494675,"Gene2752"
357.813914469798,0.0212052340292673,0.275216091834251,0.0770493973951137,0.93858424829301,0.995069104386573,"Gene2753"
103.957871190778,-0.38404552237069,0.204978962040743,-1.87358506720487,0.0609876378199549,0.722880005536248,"Gene2754"
26.6591998416904,0.0197226778160639,0.449091087820512,0.0439168764443316,0.964970662822097,0.998072792424686,"Gene2755"
41.1184716342563,-0.103001841424805,0.256343739555127,-0.401811417761012,0.687822818598118,0.992240177738971,"Gene2756"
77.0887460712688,0.0041683357980259,0.269074237613233,0.0154913968538953,0.98764014798682,0.999979708961714,"Gene2757"
4.60150790635777,-0.940108660866507,0.444879044051327,-2.11317811759648,0.0345855254973099,0.61759866959482,"Gene2758"
257.674911506775,0.0302359186073644,0.270713010775803,0.111689935111412,0.911069260012104,0.995069104386573,"Gene2759"
14.3713543068088,-0.707156711705859,0.337685934154754,-2.09412545854452,0.036248805747052,0.626045953549491,"Gene2760"
37.3558339663077,0.404128975970647,0.246107771358596,1.64208132778466,0.100573150764552,0.790594044885332,"Gene2761"
285.579958621387,0.0980124095590712,0.266817791785945,0.367338358147052,0.713366645299729,0.992240177738971,"Gene2762"
84.4761283887139,-0.205651859505406,0.243616649791142,-0.844161758573218,0.398579020695285,0.985362226687973,"Gene2763"
98.103715573395,-0.0815448470726569,0.258566791221627,-0.315372467931359,0.752478868437154,0.99333153611013,"Gene2764"
21.6931437575724,-9.62072744399335e-05,0.310330171990847,-0.000310015857700008,0.999752643137499,0.999979708961714,"Gene2765"
7.63068418471969,-0.227451013197899,0.422497834875621,-0.53834835216341,0.590336575823643,0.989592197216116,"Gene2766"
19.2287254514512,-0.137433640401714,0.323634377307424,-0.424657113206376,0.67108665184618,0.992240177738971,"Gene2767"
93.9910561139935,-0.00834058066348822,0.207685058005282,-0.0401597531550685,0.967965764056725,0.999049200813736,"Gene2768"
134.661545583258,-0.196199645162116,0.229165866380599,-0.856146895961669,0.391916531757377,0.985240646476599,"Gene2769"
56.8349973460937,0.424461184659616,0.269008758980157,1.57787124206958,0.114595192877564,0.815371191858224,"Gene2770"
34.5604986588838,0.182341169453193,0.296192039570842,0.615618062245665,0.538146627376943,0.989592197216116,"Gene2771"
91.0926099640776,0.225532870597993,0.243186290513192,0.927407832579932,0.353714825462396,0.97219299808852,"Gene2772"
23.3256419666263,-0.290970418330042,0.240776955880471,-1.20846456117872,0.226868619367121,0.923969630274923,"Gene2773"
108.875265959616,0.15751230282642,0.251350320245654,0.626664420687738,0.53087923078392,0.989592197216116,"Gene2774"
13.7608825919681,-0.190254391350576,0.337379609660877,-0.563917871449948,0.572810026839328,0.989592197216116,"Gene2775"
497.086724031939,-0.00124816899449733,0.255832968214907,-0.00487884342352948,0.996107261601013,0.999979708961714,"Gene2776"
2.9050630805741,0.24190032535928,0.540624551602287,0.447446059640361,0.654553025907799,0.991806639138922,"Gene2777"
322.739011040019,0.644321836080351,0.248088178826505,2.59714847812617,0.00940012807898315,0.288516332893368,"Gene2778"
24.1070874645568,-0.0274902080774037,0.329992566368846,-0.0833055373940659,0.933608597397908,0.995069104386573,"Gene2779"
191.106243676661,0.310981394469242,0.33293703168784,0.934054685634419,0.350275684979331,0.97219299808852,"Gene2780"
9.02648608286601,0.294702210972727,0.334688444508577,0.880526996996976,0.37857388675576,0.985240646476599,"Gene2781"
36.5024291730801,-0.116818336585376,0.24598030879044,-0.474909301316873,0.634851621499483,0.989592197216116,"Gene2782"
74.119324776217,0.159043106791263,0.344069768564347,0.462240863110061,0.643908602525268,0.990448176597679,"Gene2783"
15.7290520416556,-0.674484874346427,0.323305007841048,-2.08621845622025,0.0369588391628881,0.626045953549491,"Gene2784"
25.6157385490605,0.213752931063635,0.237298026716519,0.900778375704695,0.367706167205113,0.982158472722792,"Gene2785"
100.294077022643,-0.108566303467163,0.309569890339061,-0.35070046168978,0.725813079150163,0.99333153611013,"Gene2786"
103.6170456118,-0.231497462178356,0.271806223549014,-0.851700373728238,0.394380413147126,0.985240646476599,"Gene2787"
13.9446078861291,0.330583108601438,0.31588288098381,1.04653695563319,0.295313191924351,0.961932221251959,"Gene2788"
17.1870469487622,0.518091311789663,0.325304146099675,1.59263666941065,0.111241722319262,0.809030707776454,"Gene2789"
71.697249000169,0.123693238883475,0.281416091601964,0.439538614083331,0.660271309100662,0.991806639138922,"Gene2790"
342.754053363525,-0.380716556020502,0.296886697311497,-1.28236313539185,0.199715289807117,0.913740868135869,"Gene2791"
134.70119094882,-0.00228763110783403,0.242734989965768,-0.00942439780995993,0.992480529805047,0.999979708961714,"Gene2792"
16.4240435032372,1.38685086064057,0.313505118577793,4.4236944740551,9.70272103943814e-06,0.000524471407537197,"Gene2793"
23.9105662410797,0.143930777099007,0.319714029884757,0.450185990120259,0.652576337282407,0.991806639138922,"Gene2794"
7.3273106572884,0.168527206714294,0.368698589972391,0.457086659124228,0.64760875888184,0.990448176597679,"Gene2795"
123.805661715465,-0.11485941484358,0.246740659468956,-0.465506637984939,0.641568684416231,0.989592197216116,"Gene2796"
18.8013510137517,-0.128039922736445,0.305718503427287,-0.418816399076408,0.675350318917726,0.992240177738971,"Gene2797"
51.2933233148531,0.355134430592836,0.256091668171766,1.3867473046981,0.16551883049891,0.884104075288354,"Gene2798"
110.777276254892,-0.123066679315815,0.250143793383429,-0.491983741236283,0.622730837398333,0.989592197216116,"Gene2799"
50.33631543749,0.0342227984183597,0.263809060101972,0.129725637190517,0.896783498414201,0.995069104386573,"Gene2800"
17.1075378451088,-0.122414078208502,0.296456927401257,-0.412923655660823,0.679662548933107,0.992240177738971,"Gene2801"
59.7993759849833,0.50024606552407,0.282278165021779,1.77217414420089,0.0763656542046126,0.772573314719356,"Gene2802"
9.15196221523798,0.250204730013142,0.337929824104601,0.740404404009323,0.459054647363766,0.985948027515532,"Gene2803"
644.470694157843,-1.46227460414084,0.190688800071723,-7.66838222061725,1.7417919568926e-14,1.31455996746611e-12,"Gene2804"
2.90487548785943,-0.238689640517227,0.532358226134694,-0.448362829387059,0.653891363299906,0.991806639138922,"Gene2805"
769.588197951382,0.173961161946393,0.20971022595949,0.829531135882699,0.406803925831662,0.985948027515532,"Gene2806"
97.9593798051887,0.496155398849003,0.240841076156858,2.06009459335691,0.0393894986552907,0.643093855596584,"Gene2807"
26.0779862998525,0.841467666577308,0.29685236927253,2.83463348680497,0.00458782866841904,0.163851023872108,"Gene2808"
60.0175395069125,-0.102834228289104,0.282957645035063,-0.363426223300528,0.716286515627956,0.99277410343445,"Gene2809"
136.016392136347,1.99255038753128,0.171096890147907,11.6457428642262,2.41210608542625e-31,6.03026521356562e-29,"Gene2810"
806.616425388529,-0.264232153457614,0.231731150783563,-1.14025305861622,0.254180888170384,0.939142459455892,"Gene2811"
720.975392726305,-0.179525490842763,0.24470922582385,-0.73362779943569,0.463175613283198,0.985948027515532,"Gene2812"
130.524181003262,-0.205341796003488,0.221996199285443,-0.924978881009845,0.354976892972132,0.97219299808852,"Gene2813"
140.776453708917,2.76667341908747,0.205169717514039,13.4848039594252,1.92175613147095e-41,1.09814636084054e-38,"Gene2814"
64.1058193749622,-0.116392697955239,0.294311807600949,-0.395474102462969,0.692493030468268,0.992240177738971,"Gene2815"
21.1546955671246,0.212912383547,0.325991042806081,0.653123416257953,0.513676717303841,0.989592197216116,"Gene2816"
14.7897671357754,-0.0665736443104467,0.371730457524418,-0.179091174701695,0.857866111546629,0.995069104386573,"Gene2817"
27.6235904131134,-0.290119120395587,0.301587728784739,-0.961972562891183,0.336063386388724,0.97219299808852,"Gene2818"
376.58611789003,0.0793852173397751,0.228098686083403,0.348030138633715,0.72781754935711,0.99333153611013,"Gene2819"
32.0107699749932,0.0553563190231693,0.29575716731376,0.187168140423943,0.851528803644647,0.995069104386573,"Gene2820"
81.7911053857705,-0.109809648125565,0.290207366952707,-0.378383392808427,0.705145803357937,0.992240177738971,"Gene2821"
273.231212635006,-0.198544478040509,0.195572204006865,-1.01519783472675,0.310011532547879,0.97219299808852,"Gene2822"
94.1354431280976,-0.0617923901208467,0.287485366160428,-0.214940993157767,0.829813323826945,0.993862929817308,"Gene2823"
100.326858746619,-0.0448131358001303,0.333442555553673,-0.134395370518077,0.893089942217099,0.995069104386573,"Gene2824"
25.5529565395023,0.305028746853632,0.27914404133211,1.09272884851132,0.27451286956139,0.9498613041532,"Gene2825"
67.8615850649079,0.492501220783723,0.274580865371005,1.79364727443141,0.0728694858844179,0.772573314719356,"Gene2826"
18.2344547418993,0.0692083264366559,0.355735049152527,0.194550204152028,0.845745089365782,0.995069104386573,"Gene2827"
18.9205884850524,-0.0352069864170193,0.341868630453536,-0.102983963080533,0.917975698880757,0.995069104386573,"Gene2828"
17.0781981784581,0.415233688558562,0.307652317825886,1.34968490240194,0.177117077175871,0.884104075288354,"Gene2829"
28.4691154199762,0.299156338698495,0.301431073835425,0.992453547977034,0.320976328634838,0.97219299808852,"Gene2830"
71.7489272423055,0.15352241559984,0.248705677349103,0.617285528968219,0.537046410072823,0.989592197216116,"Gene2831"
52.7757621420983,-0.208450879635334,0.242908437205017,-0.858145900709901,0.390811904383474,0.985240646476599,"Gene2832"
16.9006862492542,0.135618993361563,0.272417143017717,0.497835752402492,0.618599814165378,0.989592197216116,"Gene2833"
18.4768329574698,0.0494876089554264,0.265277840153437,0.186550105077765,0.852013390225299,0.995069104386573,"Gene2834"
9.75396929700973,-0.0910485930085861,0.384727591585448,-0.236657299866064,0.812922663737912,0.993862929817308,"Gene2835"
95.2839136922644,0.392160684748905,0.263479825531453,1.48838979970438,0.136648125053405,0.859252991521819,"Gene2836"
72.876566008057,0.183380971188611,0.238515055156234,0.768844428157758,0.441985670681628,0.985948027515532,"Gene2837"
8.42841354917191,-0.523650725046834,0.345694315575906,-1.5147796809284,0.129828207798566,0.851332510154531,"Gene2838"
7.26636025279248,-0.336441725108186,0.384224376362145,-0.87563867835152,0.381226491536995,0.985240646476599,"Gene2839"
44.7794985185216,0.476821556397384,0.286019488393489,1.66709464126235,0.0954955875319277,0.785797863323545,"Gene2840"
31.1094847635867,0.0417427678171071,0.325460514074647,0.128257548955794,0.89794515860081,0.995069104386573,"Gene2841"
12.2605186706485,0.259340376967832,0.35698990599281,0.726464173396138,0.467554262857479,0.985948027515532,"Gene2842"
194.168611908845,0.14494281681456,0.28614651941465,0.506533565779726,0.612482132375003,0.989592197216116,"Gene2843"
43.7087491686839,0.0261019398806589,0.242242398969304,0.10775132673602,0.91419295364107,0.995069104386573,"Gene2844"
52.5140168495442,0.272402907684538,0.239172938684881,1.13893699338385,0.254729434606647,0.939142459455892,"Gene2845"
100.436767924883,0.135827093716669,0.287271707105876,0.47281751163406,0.63634337943812,0.989592197216116,"Gene2846"
88.1540914882008,-0.0120131706583553,0.252397490969518,-0.04759623644518,0.962038031513728,0.998072792424686,"Gene2847"
33.8329856141798,-0.133975606749857,0.303968169927422,-0.440755381663304,0.659390098182761,0.991806639138922,"Gene2848"
13.3019916021751,-0.39252375498516,0.353919122899563,-1.10907755356456,0.267396727226972,0.939142459455892,"Gene2849"
219.511806743603,-0.0681820794781323,0.275472643038848,-0.247509439507273,0.804513987052635,0.99333153611013,"Gene2850"
5.99558181676681,0.0311791763760379,0.42166424909573,0.0739431347165487,0.941055633230648,0.995069104386573,"Gene2851"
294.545179138323,-0.228921125074631,0.266087589275648,-0.860322443815614,0.389611324350077,0.985240646476599,"Gene2852"
26.3169529620324,-0.33231427799164,0.286107076186189,-1.16150317713702,0.245437331884091,0.936290561093852,"Gene2853"
672.461128073047,-0.0467420338333878,0.270112267939726,-0.173046689770559,0.862614728046535,0.995069104386573,"Gene2854"
37.3117324513428,0.0198704044840309,0.262845829893634,0.0755971836877604,0.939739577145941,0.995069104386573,"Gene2855"
29.9786330694148,0.00707961379529152,0.277699219790241,0.0254938195384167,0.979661078180562,0.999979708961714,"Gene2856"
56.1150944273873,-0.184748571511861,0.297164075410014,-0.621705605756529,0.534135464884034,0.989592197216116,"Gene2857"
242.241406007884,0.174265091882783,0.269911675790271,0.645637471489719,0.518514164041696,0.989592197216116,"Gene2858"
7.52116809773758,0.375467936526275,0.353734615213756,1.06143962275048,0.288490158103794,0.956043291201446,"Gene2859"
32.0458333961296,0.116206010321708,0.251398772962772,0.462237778459308,0.64391081434259,0.990448176597679,"Gene2860"
44.6636205330557,-2.99676234954051,0.24723345672402,-12.1211845243329,8.15715769012756e-34,2.24637520819128e-31,"Gene2861"
62.9802882006556,-0.454331654390406,0.291733365495195,-1.55735239134959,0.119386842879966,0.827638425511026,"Gene2862"
55.6399599988697,0.0263628370160494,0.320210016676549,0.0823298324320662,0.934384432089487,0.995069104386573,"Gene2863"
39.748498470193,0.202084599938333,0.290698593765723,0.695168825278855,0.486949506713691,0.989340724987449,"Gene2864"
12.289722841596,-0.440907812722082,0.305988773295289,-1.44092807057529,0.149605004817449,0.872600384978322,"Gene2865"
1502.87865042336,0.15250291605603,0.195263212566865,0.781012019884738,0.434795425236197,0.985948027515532,"Gene2866"
9.26042872092987,0.0982545872583672,0.341514859687568,0.287702231604957,0.773574681644394,0.99333153611013,"Gene2867"
164.991830169,0.533480467435653,0.218376419236419,2.44293989846081,0.0145681631584302,0.388484350891473,"Gene2868"
11.6887359201139,-0.221343675716893,0.352656653443475,-0.627646390775868,0.530235611408609,0.989592197216116,"Gene2869"
4.3655317013868,-0.15949592890096,0.424830537238706,-0.375434237702507,0.707337545954224,0.992240177738971,"Gene2870"
57.7032686188134,0.362127086998377,0.260623306949044,1.3894654750474,0.164691252364425,0.884104075288354,"Gene2871"
550.767228945537,-0.0216288989383582,0.24182205674948,-0.0894413819363263,0.928731137208025,0.995069104386573,"Gene2872"
122.523840747934,0.0216887184085377,0.276247391993312,0.078511939070407,0.937420833534323,0.995069104386573,"Gene2873"
7.44934087810683,0.451391872652956,0.399825481498302,1.12897224799534,0.258909540969539,0.939142459455892,"Gene2874"
26.1604882194309,-0.209956396148664,0.341506328074805,-0.614795038593469,0.538690086242439,0.989592197216116,"Gene2875"
20.5375066190424,-0.332866302947627,0.25547014431734,-1.30295578701419,0.19258985638312,0.89890248020126,"Gene2876"
13.1078546826474,-0.161662805028974,0.336459521802866,-0.480482181519873,0.630884570290012,0.989592197216116,"Gene2877"
174.053191751154,-0.170149105597729,0.31912968987078,-0.533166016821013,0.593918663435059,0.989592197216116,"Gene2878"
1059.47612850952,0.0196047442737448,0.321007000690113,0.0610726377667707,0.951301360360638,0.997171237275302,"Gene2879"
9.33235484901452,-0.299057360157696,0.356979318865994,-0.83774421752975,0.402174373809824,0.985948027515532,"Gene2880"
159.609993837956,0.2077257001191,0.295367276392965,0.703279329571823,0.481881689783362,0.988475261094077,"Gene2881"
15.4355282730073,-0.441144850720105,0.338232760323459,-1.30426411178571,0.192143547156673,0.897867042788191,"Gene2882"
193.527645652266,0.35698049114838,0.265413728033855,1.34499633381,0.178626418513088,0.885127721440579,"Gene2883"
65.363044203254,-0.128109073562941,0.227323523198838,-0.563553968195736,0.573057721702238,0.989592197216116,"Gene2884"
39.6170423991672,0.235322926051519,0.324275930900723,0.72568730401259,0.468030486641854,0.985948027515532,"Gene2885"
128.589726650467,-0.0433455329412299,0.233142885431331,-0.185918317262985,0.85250881753508,0.995069104386573,"Gene2886"
858.03846195977,-0.194351079446246,0.242249063410732,-0.802277939530048,0.422392200466905,0.985948027515532,"Gene2887"
311.631159887308,-0.0584520439513437,0.278288745710202,-0.210040991065493,0.8336356803121,0.993862929817308,"Gene2888"
44.913822136742,0.132522403362911,0.313497013017758,0.42272301763655,0.672497359830826,0.992240177738971,"Gene2889"
124.148505571107,0.152039363649414,0.233381576837223,0.651462577765756,0.514747926494322,0.989592197216116,"Gene2890"
12.4704026573013,0.143001985469179,0.347502721838427,0.411513281716592,0.680696204303973,0.992240177738971,"Gene2891"
94.2294594828305,-0.31011698093075,0.431253447998677,-0.719106090327888,0.47207555507897,0.985948027515532,"Gene2892"
151.676232706133,0.117303871816366,0.284468218075623,0.412361959483227,0.680074140982562,0.992240177738971,"Gene2893"
78.9108817096568,0.167928631004735,0.253801306796374,0.661653925759588,0.508193039085561,0.989592197216116,"Gene2894"
27.0414032654327,0.525969461100202,0.352040690342002,1.49405871403454,0.13516027372593,0.856800467359305,"Gene2895"
50.8252654920496,-0.340200766988878,0.269254632283682,-1.2634908603186,0.206412829170904,0.919858845236042,"Gene2896"
26.8163486127789,0.404820397877032,0.30873877645908,1.31120684780807,0.189787889454672,0.895225893654112,"Gene2897"
88.1189661378177,-0.0982167788691509,0.291999647192811,-0.336359238147631,0.736599983794097,0.99333153611013,"Gene2898"
32.813567419495,0.5039623419636,0.311743544666849,1.61659271085202,0.105966226365323,0.794679342487159,"Gene2899"
41.3544526418257,-0.035341116377363,0.270579702943887,-0.130612592122965,0.896081780993775,0.995069104386573,"Gene2900"
26.5476700583054,0.146540311685999,0.265396281235949,0.552156612758706,0.580841057452522,0.989592197216116,"Gene2901"
180.019847152828,0.0110458971832529,0.256378695734796,0.0430843021164246,0.965634332776005,0.998072792424686,"Gene2902"
88.7259540522056,-0.4000634574069,0.221016451797729,-1.81010713977542,0.0702791739943302,0.772193421375786,"Gene2903"
16.7369279565443,0.00227793389919199,0.334145003140517,0.00681720174709316,0.994560702109354,0.999979708961714,"Gene2904"
66.571049031337,-0.30037147352361,0.265808415527354,-1.13002996134522,0.258463599848654,0.939142459455892,"Gene2905"
23.5225524703404,0.286798806667391,0.320528340890878,0.894768948886895,0.370910612349998,0.982424481229659,"Gene2906"
60.8134240416921,0.0942505358546275,0.294737030459432,0.31977839943529,0.749136323265555,0.99333153611013,"Gene2907"
499.4480857201,0.321471635055012,0.241150476267964,1.33307485031792,0.182507241700566,0.88770084566211,"Gene2908"
15.9960229705762,-0.853950340569158,0.285258943388613,-2.99359708209325,0.00275709778212118,0.112534603351885,"Gene2909"
72.7983025791704,0.114899172023828,0.242613199964875,0.473589944984293,0.635792347114575,0.989592197216116,"Gene2910"
9.58538174775585,0.075682642756976,0.371363213471343,0.203796822117967,0.838512276310987,0.993862929817308,"Gene2911"
121.002070449167,0.302246188870554,0.299837454805796,1.00803346622028,0.313438396374677,0.97219299808852,"Gene2912"
10.2555863441504,0.0873366800420547,0.363627438307258,0.240181765294227,0.810189349182465,0.993862929817308,"Gene2913"
8.35630681929942,0.380086406653053,0.363776683210128,1.04483443880735,0.296099494984601,0.962925186941792,"Gene2914"
97.5515885560398,-0.0276404263427212,0.244423176291944,-0.113084310424421,0.909963713664091,0.995069104386573,"Gene2915"
20.0366150122464,-0.163561523157166,0.252997894339364,-0.646493614440008,0.517959731220808,0.989592197216116,"Gene2916"
4.05311290577982,0.045789472079472,0.469882596620734,0.0974487508343088,0.922370031352749,0.995069104386573,"Gene2917"
10.8422159436425,0.504848010080312,0.344242378071654,1.46654811330413,0.142499023704988,0.872600384978322,"Gene2918"
165.56676989788,-0.019788010239544,0.253140917098724,-0.078169939756625,0.937692873427516,0.995069104386573,"Gene2919"
61.7918352822395,-0.0169398796240364,0.256836219895811,-0.0659559606931931,0.94741288734217,0.996539932531957,"Gene2920"
61.0028750030685,-0.0542252888000165,0.286983081462381,-0.188949426996533,0.850132454099418,0.995069104386573,"Gene2921"
176.53167732491,-0.207840118158507,0.258239532466703,-0.804834628428959,0.420915115952003,0.985948027515532,"Gene2922"
71.0436758538621,-0.283744390050918,0.285277880221871,-0.994624573872465,0.319918891132508,0.97219299808852,"Gene2923"
0.907367989895369,-0.997729833724917,0.90184054022148,-1.10632621758153,0.268585347964742,0.940754283589288,"Gene2924"
113.155102267369,1.65173573396011,0.187767294190649,8.79671692069561,1.40877098051344e-18,1.37441071269604e-16,"Gene2925"
10.8478351928863,-0.569775458503575,0.35867530796485,-1.58855501299078,0.112160891607588,0.80982593218475,"Gene2926"
16.2421734963698,-0.478342328352186,0.316993017030576,-1.50899957618324,0.131298891090647,0.851547482013261,"Gene2927"
7.6954834901896,0.0260161204181974,0.349414848629425,0.0744562531336183,0.94064734944316,0.995069104386573,"Gene2928"
82.2234512570169,-0.0854757004703275,0.332787869042834,-0.256847404673052,0.797296573658444,0.99333153611013,"Gene2929"
779.411977026884,-0.430990728751147,0.274050517333918,-1.57266891135259,0.115795502030021,0.815371191858224,"Gene2930"
98.921776476262,0.184350824385101,0.292593588177708,0.63005763568932,0.528656875846726,0.989592197216116,"Gene2931"
487.07769771923,-0.155005162519895,0.275178700939236,-0.563289099013963,0.573238039850942,0.989592197216116,"Gene2932"
38.3014698961522,-0.256154059387034,0.264693711746398,-0.967737607731512,0.333175430879211,0.97219299808852,"Gene2933"
31.0459109056898,-0.0434098879480614,0.262169685706041,-0.165579356862544,0.8684879938591,0.995069104386573,"Gene2934"
136.656921961575,-0.172758572269575,0.252298179469139,-0.684739670468793,0.493508211037999,0.989592197216116,"Gene2935"
10.5322686774608,-0.0329647277048671,0.373048463803032,-0.0883658047236252,0.92958593882372,0.995069104386573,"Gene2936"
9.3320487097289,-0.375784100977036,0.336053401096485,-1.11822734050873,0.263469910152035,0.939142459455892,"Gene2937"
0.847357370537192,-2.78014879476203,0.931739250712872,-2.98382706603263,0.00284667613146159,0.113867045258464,"Gene2938"
4.72386543925378,-0.443729328073934,0.433854999122583,-1.02275951405728,0.306421564621159,0.971869472338305,"Gene2939"
29.8897696873826,-0.549242158535269,0.339843319132034,-1.61616288334884,0.10605910132242,0.794679342487159,"Gene2940"
64.7155118257515,0.215747071319035,0.256238758604577,0.841976727072629,0.399800980492342,0.985948027515532,"Gene2941"
34.4157164215807,-0.0719510930886449,0.261059383406171,-0.275611978201523,0.782846108612623,0.99333153611013,"Gene2942"
4.84484573195075,0.146475967783336,0.419947684156148,0.348795750779451,0.727242653710467,0.99333153611013,"Gene2943"
13.1947035070536,-0.341147800362683,0.301474791519293,-1.13159643844003,0.257804138134441,0.939142459455892,"Gene2944"
21.0115892790252,0.83011919389977,0.28991424117782,2.863326722162,0.00419218039762932,0.154932672636596,"Gene2945"
150.665044996706,-0.158303009075863,0.266060537833495,-0.594988683270768,0.551851035600812,0.989592197216116,"Gene2946"
73.9864074290505,-0.251232800446561,0.262310382294961,-0.95776918263211,0.338179162219821,0.97219299808852,"Gene2947"
17.8069974364984,-0.411489273804134,0.297282718311049,-1.38416816201737,0.166306969652524,0.884104075288354,"Gene2948"
5.88024351683847,0.700858822063915,0.392023599175347,1.78779752937891,0.0738086796319595,0.772573314719356,"Gene2949"
33.5791856334834,-0.144452132148825,0.30708233181478,-0.470401964499712,0.638067860900716,0.989592197216116,"Gene2950"
7.15138748735945,-0.24338274655247,0.362182357143789,-0.671989515093483,0.501590371237934,0.989592197216116,"Gene2951"
26.5299581534928,0.00134322878304043,0.264116289608242,0.00508574758880951,0.995942178011234,0.999979708961714,"Gene2952"
36.3583057733058,-0.0269689357283251,0.223178944707559,-0.12083996437775,0.903817795032725,0.995069104386573,"Gene2953"
249.126706236052,0.265692773275195,0.276110628314797,0.962269271910368,0.335914360171886,0.97219299808852,"Gene2954"
154.186947431421,0.246293488718651,0.265290589711719,0.928391349976977,0.353204603861661,0.97219299808852,"Gene2955"
73.0368801588466,-0.227014686418841,0.241376990959795,-0.940498452301336,0.34696194316282,0.97219299808852,"Gene2956"
45.3753525451395,0.00644355079679457,0.232022877957561,0.0277711872790974,0.977844646316332,0.999979708961714,"Gene2957"
29.2933390008053,0.195025517171592,0.277972859205388,0.701599133559626,0.482929192128161,0.989102288024907,"Gene2958"
113.195169715699,0.0493013642780349,0.268088227652294,0.183899773256653,0.854092082690084,0.995069104386573,"Gene2959"
8.42567711460605,-0.22662471632982,0.378841412655326,-0.598204707192362,0.549703350959134,0.989592197216116,"Gene2960"
35.5731209737092,0.174984819538357,0.235918048220681,0.741718663994176,0.458257809238287,0.985948027515532,"Gene2961"
245.209671468971,-0.196639436545902,0.208492491358561,-0.943148768881683,0.34560481359862,0.97219299808852,"Gene2962"
19.9769616516967,0.266528544551768,0.333234425640386,0.799822959586401,0.423813378655148,0.985948027515532,"Gene2963"
10.6076690220289,-0.0153125282974925,0.324665354262667,-0.0471640355105587,0.962382491112117,0.998072792424686,"Gene2964"
55.8368266440233,-0.016183280837465,0.281766656568166,-0.0574350458445742,0.954198646520639,0.997474787514567,"Gene2965"
78.6792875740135,-0.547375490034112,0.257353901787962,-2.12693682213959,0.0334253328635517,0.60498340024528,"Gene2966"
437.203658896205,0.128094809107797,0.263196563737588,0.486688759491214,0.626478912145487,0.989592197216116,"Gene2967"
16.4410183793632,-0.202584782050718,0.349740874732619,-0.579242509774119,0.562425551001475,0.989592197216116,"Gene2968"
29.2959972509909,0.228966038739127,0.291380055202943,0.785798597572695,0.431985488341638,0.985948027515532,"Gene2969"
225.409503974911,0.158195141808782,0.30762703782377,0.51424329580356,0.607081900938251,0.989592197216116,"Gene2970"
33.2876161659968,0.385003601213118,0.2834946413826,1.35806306368071,0.174443674222707,0.884104075288354,"Gene2971"
69.5398134083565,0.418973872841315,0.241687357869572,1.73353656779771,0.0830003437911981,0.772573314719356,"Gene2972"
102.891964216993,0.074181218697244,0.27248893189726,0.272235713137933,0.785440783330419,0.99333153611013,"Gene2973"
277.937144957969,0.353587658140092,0.282048008848098,1.2536435182938,0.209971605989271,0.919858845236042,"Gene2974"
157.562432021528,0.0670343754468426,0.232471433069926,0.288355324185915,0.773074762067276,0.99333153611013,"Gene2975"
41.2050020299288,-0.0155940225712136,0.264852686405928,-0.0588780985491432,0.953049202608383,0.997455699601329,"Gene2976"
11.8648335826549,-0.115337921826922,0.305577393135579,-0.377442587108364,0.705844723253901,0.992240177738971,"Gene2977"
50.2922452798278,0.15775034004633,0.335986228699599,0.469514303181077,0.638702063569561,0.989592197216116,"Gene2978"
121.520724350048,0.0561711085559732,0.256620337186496,0.218887985152757,0.826737305992582,0.993862929817308,"Gene2979"
247.447160281047,0.0331812930728725,0.25844226161574,0.128389578644871,0.897840677939748,0.995069104386573,"Gene2980"
102.272047607002,0.258752977930673,0.260600352277611,0.992911082695043,0.320753288367578,0.97219299808852,"Gene2981"
7.08009258932196,0.0281317653103502,0.377269972908732,0.074566669309661,0.940559494303915,0.995069104386573,"Gene2982"
50.3500852778834,-0.011840142813007,0.276833430360733,-0.0427699169048277,0.96588494486899,0.998072792424686,"Gene2983"
14.125854928895,-0.259221590208961,0.298858282905604,-0.867372949107247,0.385737698474233,0.985240646476599,"Gene2984"
28.932811577577,-0.198901011943418,0.319398791282146,-0.62273564387949,0.533458255531735,0.989592197216116,"Gene2985"
12.1698625163491,0.102279480078603,0.324293774990524,0.315391438153853,0.752464466736915,0.99333153611013,"Gene2986"
336.653306304356,0.123562374383672,0.227708708853687,0.542633503152775,0.587382166700684,0.989592197216116,"Gene2987"
36.8146403764211,0.261042643271754,0.253555409244409,1.02952898559592,0.303231166338937,0.970716290657991,"Gene2988"
566.236928897192,-0.144201308037757,0.235766850400986,-0.611626731207134,0.540784748002835,0.989592197216116,"Gene2989"
6.55123170798375,0.267778723717396,0.387991825951175,0.690165889605864,0.4900898714321,0.989592197216116,"Gene2990"
17.2991061140765,-0.756660707371131,0.359565609458813,-2.10437452155113,0.0353457901151182,0.623704125775791,"Gene2991"
140.327820076475,-0.0271978056054218,0.241111029065823,-0.112801997116427,0.910187534981088,0.995069104386573,"Gene2992"
26.4673514811883,-0.136361996529164,0.291383605936518,-0.467981017981062,0.639798164209762,0.989592197216116,"Gene2993"
645.011420843418,-0.0278912329137119,0.268093902077374,-0.104035312618421,0.917141325190964,0.995069104386573,"Gene2994"
23.8080142215406,0.214083781687201,0.354116156140563,0.604558075012604,0.545472670595209,0.989592197216116,"Gene2995"
2.96828747738956,-0.414621837138582,0.5236730876379,-0.791757008191488,0.428502374596458,0.985948027515532,"Gene2996"
52.3468620455377,0.040996820522268,0.302865156689082,0.135363278399023,0.892324656453408,0.995069104386573,"Gene2997"
36.9467380442552,0.0795226768502556,0.277258374796555,0.286817943402458,0.774251723075384,0.99333153611013,"Gene2998"
44.8379335985096,0.167393185901332,0.296878066577573,0.56384490720736,0.572859686702768,0.989592197216116,"Gene2999"
16.5924075053693,0.555217128151771,0.312379435734598,1.77738053353644,0.0755056514065021,0.772573314719356,"Gene3000"
21.8325387912431,-0.256338643301358,0.291890438465192,-0.878201576760203,0.379834336492829,0.985240646476599,"Gene3001"
20.3166688141299,-0.0408807032490625,0.31038761031584,-0.131708553725658,0.895214819568956,0.995069104386573,"Gene3002"
38.6393624908916,-0.196453845917301,0.239019375815351,-0.821915985878347,0.41112471413717,0.985948027515532,"Gene3003"
12.7744839188761,-0.0916073531651114,0.33930395500303,-0.269986104831267,0.787170943529142,0.99333153611013,"Gene3004"
208.072817919516,-0.253044360401936,0.28805239654007,-0.878466429862652,0.37969064786123,0.985240646476599,"Gene3005"
16.0763314042785,-0.117992443964942,0.326265366644083,-0.361645629686639,0.717616861793577,0.99333153611013,"Gene3006"
246.985309943117,0.278251518852185,0.232521886425682,1.19666807769994,0.231435954142935,0.927435321296708,"Gene3007"
9.3990575032918,-0.0900276418909101,0.392185419143965,-0.229553770987754,0.818438532952505,0.993862929817308,"Gene3008"
139.104364364522,-0.667212654245608,0.260322157955513,-2.56302674918525,0.0103764053807929,0.301508842084504,"Gene3009"
25.4890867249202,-0.503152746938111,0.299993071500626,-1.67721455839376,0.0935005332000862,0.777551211643128,"Gene3010"
62.2850501476407,0.293401033129746,0.26427880676632,1.11019508798213,0.266914968991558,0.939142459455892,"Gene3011"
111.574407206587,-0.370474941874276,0.245712593006915,-1.50775724329216,0.1316166688507,0.851547482013261,"Gene3012"
16.1134758286985,-0.105742334394467,0.278425847761108,-0.379786342556799,0.704104021166774,0.992240177738971,"Gene3013"
213.712414103213,2.196576145448,0.193555931403607,11.3485343978824,7.54161963635504e-30,1.77449873796589e-27,"Gene3014"
57.3077103832028,-0.375431592874606,0.254124451105671,-1.47735328592404,0.139580961238079,0.866962492161981,"Gene3015"
14.617171777118,0.132714291677196,0.311299466252285,0.426323543933227,0.6698721043302,0.992240177738971,"Gene3016"
90.7395589215855,-0.0448787991422989,0.254095602922453,-0.17662170705093,0.859805542381461,0.995069104386573,"Gene3017"
3.32805731761763,-0.69211152940326,0.48725089016694,-1.42044179573716,0.155479102169202,0.872600384978322,"Gene3018"
369.161914704988,-0.275202884213656,0.219710843054605,-1.25256851408676,0.210362779485128,0.919858845236042,"Gene3019"
221.737521423979,-0.0389136792481033,0.213544335671288,-0.182227634958221,0.85540408650797,0.995069104386573,"Gene3020"
43.3710128817377,0.0284623854820281,0.313111064317506,0.0909018834708639,0.927570553597563,0.995069104386573,"Gene3021"
31.675481045821,0.195633598378445,0.303671097518189,0.644228574853841,0.519427223905012,0.989592197216116,"Gene3022"
82.433072782693,0.191441379708178,0.236031224972033,0.811084972892301,0.417316874866122,0.985948027515532,"Gene3023"
23.8706511877067,-0.00821374001131612,0.31932708663408,-0.0257220272100761,0.979479054495317,0.999979708961714,"Gene3024"
36.202861233816,0.0613858604111634,0.339857121858834,0.180622551251585,0.856663853680558,0.995069104386573,"Gene3025"
66.7364454510828,-0.277387807769757,0.261983383216407,-1.05879924277726,0.289691218600197,0.956043291201446,"Gene3026"
44.5153888292535,-0.00915386108584328,0.260716885254033,-0.035110349975699,0.971991748414686,0.999979708961714,"Gene3027"
378.504157965887,0.151601992198425,0.25359382797595,0.597814203162713,0.549963912552853,0.989592197216116,"Gene3028"
31.9249866440511,0.326802656024145,0.301214521918172,1.08494986876139,0.277943859161895,0.950990735044977,"Gene3029"
15.0248866636653,-0.938622291796666,0.314456205539425,-2.98490624532766,0.0028366525247466,0.113867045258464,"Gene3030"
12.4055190745971,-0.290976305611468,0.392100182546512,-0.742096837909406,0.4580286655487,0.985948027515532,"Gene3031"
15.1939927468862,-3.04985191666643,0.376593656549725,-8.09852174518433,5.56310209719224e-16,4.54130783444264e-14,"Gene3032"
9.69635179731822,-1.22065411750365,0.331042672261046,-3.68730142602612,0.000226644830800735,0.0113322415400368,"Gene3033"
178.014135596322,-0.190107090717265,0.330853293733288,-0.574596337162407,0.565564329851773,0.989592197216116,"Gene3034"
64.8775194588337,0.0900966958609064,0.252216488471621,0.35721969014347,0.72092734644868,0.99333153611013,"Gene3035"
46.2576896276464,-0.555026479917926,0.236443517589273,-2.34739562994518,0.0189051688598472,0.43996843547195,"Gene3036"
56.2964942918685,-0.0262147259740832,0.280122921015574,-0.0935829380867614,0.925440463560522,0.995069104386573,"Gene3037"
17.449798987995,-0.118258744341093,0.290603734023038,-0.406941585725521,0.684050891819553,0.992240177738971,"Gene3038"
1002.5322558421,0.0611464272997731,0.242593867790287,0.252052650203969,0.801000368195363,0.99333153611013,"Gene3039"
150.434074655045,0.530765042214298,0.233503968487114,2.27304506066067,0.0230234646393848,0.487269092897034,"Gene3040"
145.379406938261,-0.0222396121362605,0.276500245632119,-0.0804325221679916,0.935893261737934,0.995069104386573,"Gene3041"
64.0266386255486,0.00216319968902129,0.247110909284367,0.00875396272582992,0.993015437502004,0.999979708961714,"Gene3042"
63.8811927281859,-0.108414425407487,0.226818071028792,-0.477979664123522,0.632664679099604,0.989592197216116,"Gene3043"
122.326253630686,-0.263032879570898,0.24082958627165,-1.09219503983287,0.274747382226313,0.9498613041532,"Gene3044"
86.1369700227822,0.182715306544143,0.241864641358236,0.75544447306589,0.449982337325502,0.985948027515532,"Gene3045"
140.037184618791,0.238616789358013,0.268124371416964,0.88994815389958,0.373493725729299,0.982954918160987,"Gene3046"
35.0748082553994,-0.0929008171764062,0.354095681604313,-0.262360774227738,0.793043311329819,0.99333153611013,"Gene3047"
224.993039448217,-0.0392693951309441,0.238708017433624,-0.164508069536724,0.869331194720819,0.995069104386573,"Gene3048"
9.01609415007068,-0.72849897213965,0.374363272982226,-1.9459680602115,0.0516585763945746,0.695055865334728,"Gene3049"
504.352596704232,0.374214436619261,0.239661254256654,1.56143068590684,0.118422166359183,0.82380637467258,"Gene3050"
43.0669802171944,0.0531256330833995,0.253654571979738,0.209440865460305,0.834104094058942,0.993862929817308,"Gene3051"
61.3634637736882,-0.357295956173623,0.274534496951325,-1.3014610555007,0.193100686563009,0.90023630099305,"Gene3052"
51.5792642293263,0.141760113939413,0.234492624709792,0.604539755204902,0.545484846412733,0.989592197216116,"Gene3053"
17.8543702558856,0.150169017723665,0.297744499871009,0.504355303922397,0.61401172081756,0.989592197216116,"Gene3054"
32.8387144225379,-0.0664232520293469,0.321275836218002,-0.20674835932658,0.836206387960495,0.993862929817308,"Gene3055"
301.644598275775,0.171116187522173,0.277610077903496,0.616390402014359,0.537636886458788,0.989592197216116,"Gene3056"
565.496660185451,-0.221961784351727,0.220065229083717,-1.00861815051795,0.313157799166222,0.97219299808852,"Gene3057"
15.3474013128694,-0.0105101812319202,0.317346133728157,-0.0331189830751912,0.973579704748259,0.999979708961714,"Gene3058"
93.1445784289431,0.234872519681344,0.293254236288042,0.800917738322614,0.42317927030691,0.985948027515532,"Gene3059"
27.5703250072451,0.0719724119429515,0.280596596156561,0.256497808344025,0.797566472538993,0.99333153611013,"Gene3060"
63.7181471427626,-0.107311518964037,0.230875526735304,-0.464802486783575,0.642072906773318,0.989592197216116,"Gene3061"
85.1928100960049,-0.398159462677394,0.238797578637446,-1.66735133978012,0.0954445636030761,0.785797863323545,"Gene3062"
25.1580882320368,-0.18815461383992,0.246214784157237,-0.76418893562363,0.444754659139253,0.985948027515532,"Gene3063"
71.3235398890228,-0.376150364165216,0.276697829414343,-1.35942650855402,0.174011475803214,0.884104075288354,"Gene3064"
466.273233001205,0.165321648950368,0.251329780085416,0.657787743633814,0.510674531092648,0.989592197216116,"Gene3065"
14.7930061316128,0.213644324126818,0.363497865177797,0.587745746518534,0.556702964744392,0.989592197216116,"Gene3066"
38.2840317545577,0.31525100631262,0.255364372035718,1.2345144461598,0.217011267022025,0.919858845236042,"Gene3067"
72.760117785559,-0.106910555848839,0.320360263378444,-0.333719777607201,0.738591023981222,0.99333153611013,"Gene3068"
70.3236864457782,0.144766686109389,0.23535351288137,0.615103145634194,0.538486604820228,0.989592197216116,"Gene3069"
61.5290699644658,-0.181379783864281,0.286588650319612,-0.632892417972592,0.526803899412681,0.989592197216116,"Gene3070"
79.9712746341992,-0.201722378893128,0.273240854802028,-0.73825848275611,0.46035739033261,0.985948027515532,"Gene3071"
43.9153961723683,-0.232604211468336,0.261339327771658,-0.890046719916459,0.373440800112338,0.982954918160987,"Gene3072"
62.4309776056126,-0.0502279741687904,0.251908316037497,-0.199389900892807,0.841957759801167,0.994340430825116,"Gene3073"
60.4488325857632,-0.161710908048823,0.294273460288951,-0.549525967751346,0.582644548845667,0.989592197216116,"Gene3074"
166.739832454602,-0.108106956555166,0.186383135251323,-0.580025421341863,0.56189747479027,0.989592197216116,"Gene3075"
121.380801279088,-0.139597943242716,0.238389365819314,-0.585587963468655,0.558152438914816,0.989592197216116,"Gene3076"
57.1855311590611,-0.143351907245004,0.279509214160388,-0.512870059313129,0.608042218471416,0.989592197216116,"Gene3077"
243.821926956499,-0.182389551889933,0.269285376574184,-0.677309530173047,0.498209585485912,0.989592197216116,"Gene3078"
74.0440772971464,-0.22692471857018,0.267306858379553,-0.848929653155275,0.395920437405872,0.985240646476599,"Gene3079"
96.7735208868486,-0.397647249911677,0.275173924706684,-1.44507605629982,0.148436523607338,0.872600384978322,"Gene3080"
88.6002586509499,0.468628401206519,0.197566641523196,2.37200165773683,0.0176920113365304,0.426313526181456,"Gene3081"
24.9283054458686,0.29725939240946,0.308273378404529,0.964272017090569,0.334909566420905,0.97219299808852,"Gene3082"
136.670491128455,-0.0531199916829831,0.324605913035854,-0.163644559602079,0.870010964038038,0.995069104386573,"Gene3083"
4.54242475002995,0.11874305853227,0.440459088881732,0.269589302456541,0.787476231133938,0.99333153611013,"Gene3084"
16.6873510938684,-0.155614317263041,0.319344783224065,-0.487292498383654,0.626051063069748,0.989592197216116,"Gene3085"
116.931358770249,-0.429168267173158,0.33911627042404,-1.26554903023826,0.205674584069272,0.919858845236042,"Gene3086"
245.95113742265,0.300942855095556,0.255978514813213,1.17565669648155,0.239732089467205,0.92910568183392,"Gene3087"
8.96933099675428,0.000521101023279884,0.344347557708675,0.00151329960562911,0.998792562069654,0.999979708961714,"Gene3088"
189.338360749612,-0.115034528798405,0.251378193707071,-0.45761538462025,0.647228788599381,0.990448176597679,"Gene3089"
10.2323175420086,-0.119070448863574,0.358075890357482,-0.332528528365037,0.739490201576851,0.99333153611013,"Gene3090"
25.1554486567132,0.130484914287274,0.315538978536794,0.413530255096705,0.679218160494539,0.992240177738971,"Gene3091"
12.1725445028082,-0.0966264052502813,0.334368838437639,-0.288981490325997,0.772595542133922,0.99333153611013,"Gene3092"
43.9085140490546,0.483486582563978,0.292545024523435,1.6526911826704,0.0983937298096818,0.785797863323545,"Gene3093"
58.4820367455794,-0.0506094797461616,0.281282571897217,-0.179923979665028,0.857212249356137,0.995069104386573,"Gene3094"
89.1748679695819,-0.411186512952364,0.259815796934243,-1.58260782371301,0.113510879169746,0.815371191858224,"Gene3095"
27.9681664225024,-0.0725705423908536,0.262964301092164,-0.275971080825222,0.782570278162435,0.99333153611013,"Gene3096"
51.1888128928368,0.121842754947981,0.277486910063284,0.439093703267636,0.660593641447073,0.991806639138922,"Gene3097"
85.1815653178532,0.066864367135021,0.223987893440983,0.298517773027044,0.765308013232038,0.99333153611013,"Gene3098"
16.6971054631182,-0.310163671624782,0.305346632961574,-1.01577564034844,0.309736238577976,0.97219299808852,"Gene3099"
22.578516241871,-0.0968662579951961,0.297140554179518,-0.32599474098266,0.744428334069768,0.99333153611013,"Gene3100"
279.70948869177,0.226393324005157,0.231987488858101,0.975885920053361,0.329121000232059,0.97219299808852,"Gene3101"
1.4550004139281,1.2802040597257,0.741009094543194,1.72764959182437,0.0840510660286288,0.772573314719356,"Gene3102"
160.232808653283,-0.161446102865066,0.258575923410089,-0.624366339819738,0.532387025510474,0.989592197216116,"Gene3103"
181.042535317871,-0.133812054132944,0.309272325592459,-0.43266740364372,0.665256413868909,0.992240177738971,"Gene3104"
244.87510009551,-0.370038505743604,0.240604100856757,-1.53795593851455,0.124059388467989,0.837522067458995,"Gene3105"
33.6355919792543,-0.065862802642247,0.318967264012415,-0.20648765586077,0.836410006178326,0.993862929817308,"Gene3106"
142.313250670669,-0.127010125223799,0.30459591774897,-0.41697907891357,0.676693710365716,0.992240177738971,"Gene3107"
61.0552301582879,0.148031617319758,0.308867770193402,0.479271816632296,0.631745269235402,0.989592197216116,"Gene3108"
23.2891814841514,0.282878008116205,0.33833892783959,0.836078809856372,0.403110568440088,0.985948027515532,"Gene3109"
117.192694851517,-0.323568842762282,0.286038778995614,-1.13120620881703,0.257968309289881,0.939142459455892,"Gene3110"
74.0609279312256,-0.0586039835968988,0.298712817581124,-0.196188379432307,0.844462723187574,0.994770994247231,"Gene3111"
89.3934850743538,2.00110204523313,0.209636766563341,9.54556816553692,1.35363558630657e-21,1.69204448288321e-19,"Gene3112"
24.2391522164177,-0.0982410788461274,0.306290107307748,-0.320745190596112,0.748403497986125,0.99333153611013,"Gene3113"
43.9761170076912,0.436436942264474,0.273520075509082,1.59563038088582,0.110571340407486,0.805619966539059,"Gene3114"
88.2044109559348,0.207176364522747,0.268152519689886,0.772606443386557,0.439755330017016,0.985948027515532,"Gene3115"
40.9550687477234,-0.202748715972036,0.229856866985717,-0.882065080895037,0.37774161420694,0.985240646476599,"Gene3116"
11.9975677105351,0.178871043324446,0.350200812844659,0.510767070674361,0.609514169695479,0.989592197216116,"Gene3117"
77.1798300986449,0.0404829560786052,0.290568554904258,0.139323252276711,0.889194716410578,0.995069104386573,"Gene3118"
38.6350161789477,0.20365440326631,0.2877577610089,0.707728620601864,0.479113800417354,0.988372976621669,"Gene3119"
127.343788666693,0.00254320218799012,0.217076455130226,0.0117156979851381,0.990652439296377,0.999979708961714,"Gene3120"
12.5447067884427,0.699918739934637,0.367036969934552,1.90694343422528,0.0565279128516679,0.711042928951798,"Gene3121"
5.51730908416877,-0.284627029428471,0.388848478709812,-0.731974136488472,0.464184354023026,0.985948027515532,"Gene3122"
30.6486250956544,-0.031377008297422,0.3152054549009,-0.0995446233863144,0.92070585947882,0.995069104386573,"Gene3123"
22.9365197764861,-0.42014887918532,0.284087474027851,-1.47894193724335,0.139155833663413,0.865666150316722,"Gene3124"
119.64618083136,-0.0232417291554251,0.269193332210761,-0.086338428090144,0.931197391313445,0.995069104386573,"Gene3125"
5.44777508111723,-0.92565515202237,0.468506921832922,-1.97575555212923,0.0481824697752848,0.685085529328067,"Gene3126"
13.3195148678559,-0.367905333704504,0.389772283873241,-0.943898139828103,0.345221702697313,0.97219299808852,"Gene3127"
45.5551112171571,0.21080895021344,0.216959408356597,0.971651572108605,0.331223916691207,0.97219299808852,"Gene3128"
19.7930624133679,0.22254862647554,0.290435287982365,0.766258907523157,0.443522263708209,0.985948027515532,"Gene3129"
43.3563007051549,0.320928272277682,0.241206935289007,1.33051013600896,0.183350248992423,0.88770084566211,"Gene3130"
12.0745527714129,-0.305212868950149,0.3575606377794,-0.853597506833101,0.393328040421799,0.985240646476599,"Gene3131"
18.6073505720296,0.260500753675249,0.349526988910914,0.745295104355001,0.456093340037066,0.985948027515532,"Gene3132"
22.5916337652112,0.117387526142211,0.3652435737117,0.321395185545055,0.747910931134504,0.99333153611013,"Gene3133"
6.35555258044571,-0.246100910183015,0.404355741698896,-0.608624745005537,0.542773198797256,0.989592197216116,"Gene3134"
70.4400778122888,-0.0289802726680587,0.235384308181136,-0.123118966136678,0.902012892735689,0.995069104386573,"Gene3135"
26.7790271198353,-0.0132988934259567,0.316570824684836,-0.0420092200195533,0.966491348094225,0.998441475303951,"Gene3136"
27.7875634822276,-0.269138941716198,0.288648337743676,-0.932411195643872,0.35112406109903,0.97219299808852,"Gene3137"
202.436540523441,0.230466849618306,0.245905179335811,0.937218362951103,0.3486462459506,0.97219299808852,"Gene3138"
112.391437508393,0.476788954563241,0.233528637578599,2.04167231696698,0.041184046540571,0.649891973365859,"Gene3139"
21.1534903131517,0.0936909463055885,0.282664094979037,0.331456835055534,0.740299440531013,0.99333153611013,"Gene3140"
151.377728555982,0.0909268029407862,0.253775804778194,0.358295791910732,0.720121966928356,0.99333153611013,"Gene3141"
30.9920812639059,0.337027212289236,0.273967284654958,1.23017320375934,0.218632252003482,0.919858845236042,"Gene3142"
31.7402536048709,-0.238235176619,0.31616610462984,-0.753512704652259,0.45114187975473,0.985948027515532,"Gene3143"
64.7487721456921,0.0552060866853197,0.268543002479734,0.205576336659474,0.837121863317451,0.993862929817308,"Gene3144"
51.244095867366,0.0284267475853632,0.298445852637948,0.095249263255296,0.924116841403951,0.995069104386573,"Gene3145"
42.059673733967,0.271860338053972,0.29868671943096,0.910185556866753,0.362724659791914,0.979139537995581,"Gene3146"
34.8298715929952,0.0864865080360738,0.276588530528358,0.312690146156319,0.754516082664287,0.99333153611013,"Gene3147"
82.6337311285365,-0.0149935808901644,0.331918524731142,-0.0451724738843951,0.963969834504309,0.998072792424686,"Gene3148"
176.580309424999,0.043520240709756,0.279557249696985,0.155675593306659,0.87628873630966,0.995069104386573,"Gene3149"
31.5614273725572,-0.183041713786782,0.316107559893405,-0.579048833405014,0.562556223261619,0.989592197216116,"Gene3150"
339.083926503916,-0.173937943775325,0.234311251145966,-0.74233713884686,0.457883095462712,0.985948027515532,"Gene3151"
19.9391341057106,-0.53970706938856,0.315096053303248,-1.71283347960295,0.0867431789256194,0.772573314719356,"Gene3152"
580.953128940922,0.00864204632593213,0.255724348033563,0.0337943820851892,0.973041115835044,0.999979708961714,"Gene3153"
136.24477035049,0.300177880484518,0.279220907457915,1.07505517125275,0.282350028199767,0.956043291201446,"Gene3154"
35.9549126429309,0.248292060458935,0.274053516565834,0.905998447202151,0.364936674328988,0.979941579926978,"Gene3155"
4.71860683453717,0.375181706579817,0.44913201154447,0.835348398546893,0.403521574451066,0.985948027515532,"Gene3156"
31.8177676160145,-0.256538092744883,0.306712763160862,-0.836411534039541,0.402923426097022,0.985948027515532,"Gene3157"
40.9817334296256,-0.0824878897530285,0.299637593667911,-0.275292191287753,0.783091763240425,0.99333153611013,"Gene3158"
328.899545653841,0.0225967386774409,0.243510340801896,0.0927958073691177,0.926065781874787,0.995069104386573,"Gene3159"
94.899989373844,0.116971341355694,0.222554678417529,0.525584733546906,0.599176766156974,0.989592197216116,"Gene3160"
4.78224015013228,-0.180348739339279,0.448006778357357,-0.402558059501996,0.687273368575585,0.992240177738971,"Gene3161"
74.8331895168119,-0.266689012834738,0.265853759258625,-1.00314177831618,0.315792459545705,0.97219299808852,"Gene3162"
20.0471757772082,-0.181543002243614,0.277994229375268,-0.653045937865662,0.513726663579345,0.989592197216116,"Gene3163"
5.27229435895538,-0.779835359978239,0.405834497214142,-1.92156005793355,0.0546611385252507,0.707587553724928,"Gene3164"
165.139636986205,0.0891240300141994,0.237822274547993,0.374750557674168,0.707845988128388,0.992240177738971,"Gene3165"
105.556772121296,0.265528686515495,0.238096379925692,1.11521513514134,0.264758241780339,0.939142459455892,"Gene3166"
33.9783324727506,-0.229410480929366,0.288182665407069,-0.79605926541527,0.425997589056411,0.985948027515532,"Gene3167"
265.195325358008,0.342006705550958,0.275646177454013,1.24074532326144,0.214699845410676,0.919858845236042,"Gene3168"
35.8678692118775,0.258004653470521,0.317862346516114,0.81168674521643,0.416971401928938,0.985948027515532,"Gene3169"
8.17838914193992,0.23577044516841,0.370248281760736,0.636790112967414,0.524261567070287,0.989592197216116,"Gene3170"
150.198883548704,0.295584723610256,0.287357298870375,1.02863134074625,0.303652944781249,0.970716290657991,"Gene3171"
26.8363516684536,0.166945493832351,0.293278190513955,0.569239374874033,0.569193702840274,0.989592197216116,"Gene3172"
59.0480988975984,-0.0048173156741893,0.273154040364439,-0.0176358938998746,0.98592932193331,0.999979708961714,"Gene3173"
14.8981650794733,0.00444620396817122,0.316171576245806,0.0140626302369272,0.98878001425708,0.999979708961714,"Gene3174"
11.2050806209147,-0.0432424537432712,0.338576378923373,-0.127718460102788,0.898371780686446,0.995069104386573,"Gene3175"
92.995948632942,0.12137004468539,0.246085061471187,0.493203626257503,0.621868715891315,0.989592197216116,"Gene3176"
19.983485070356,0.174988007733855,0.297823155926472,0.587556757262545,0.556829843483007,0.989592197216116,"Gene3177"
29.1354405537179,0.165894110374943,0.301052895416587,0.55104638719845,0.581601876072647,0.989592197216116,"Gene3178"
125.156114439062,-0.0402295018198979,0.223979900428891,-0.179612106902735,0.857457099327258,0.995069104386573,"Gene3179"
2.59977519254892,0.0716839856375341,0.555204237613911,0.129112821518814,0.897268376822774,0.995069104386573,"Gene3180"
16.0196617630241,0.327494479818515,0.309122890822144,1.05943134443234,0.289403381045542,0.956043291201446,"Gene3181"
374.038793562885,-0.0710046220207978,0.22170938807204,-0.320259880008898,0.748771333833954,0.99333153611013,"Gene3182"
49.0504252408501,0.0758626418543118,0.244429286683129,0.310366416740634,0.756282329583769,0.99333153611013,"Gene3183"
6.42770237302634,-0.436920949265891,0.377450959226917,-1.1575568655615,0.247044920496579,0.938611111123684,"Gene3184"
43.0485744540702,0.219193768647314,0.296550936824516,0.739143740345093,0.459819718912618,0.985948027515532,"Gene3185"
55.608336372926,0.192436204238109,0.226240545520882,0.850582302986655,0.395001423511063,0.985240646476599,"Gene3186"
20.2708590304428,0.93695728597554,0.294714514438881,3.17920305947419,0.0014768059501638,0.0678991241454623,"Gene3187"
22.810256768008,-0.000683565489388243,0.313273347323991,-0.00218200972162912,0.998259009513115,0.999979708961714,"Gene3188"
49.5238144603301,0.0752850390997798,0.260087270130917,0.289460683953831,0.772228862340702,0.99333153611013,"Gene3189"
125.317415120239,0.0199899967850574,0.226415837358217,0.0882888627328255,0.929647090639763,0.995069104386573,"Gene3190"
19.6417010968161,-0.0898043063836966,0.331765207139006,-0.270686330125237,0.786632291419984,0.99333153611013,"Gene3191"
106.294213172805,-0.197002129771089,0.2620879793483,-0.751664117755223,0.452253074112731,0.985948027515532,"Gene3192"
6.05601829737001,-0.463891989811526,0.394793814546031,-1.17502344950604,0.2399853343718,0.92910568183392,"Gene3193"
501.627988226812,-0.0797196618560738,0.256536119912373,-0.310754142080672,0.755987534052826,0.99333153611013,"Gene3194"
148.809194734657,-0.526850068670664,0.283456459658125,-1.85866312345146,0.0630749036059596,0.735567388990783,"Gene3195"
31.5718221339969,0.359921008995336,0.30924223013774,1.16388052445173,0.244472433174498,0.936290561093852,"Gene3196"
46.0035579668789,-0.103310141498776,0.274648077646402,-0.376154613511561,0.706801954886529,0.992240177738971,"Gene3197"
12.8516836835725,-0.0833164606870877,0.344647554067456,-0.241743948865457,0.808978573069049,0.993862929817308,"Gene3198"
17.7591656575291,0.130234321029358,0.304875629195109,0.427171963115533,0.669254080737469,0.992240177738971,"Gene3199"
65.6722088311993,-0.335039307017612,0.247400016090093,-1.35424124991004,0.175659422728032,0.884104075288354,"Gene3200"
4.48942138442504,-0.797729612430228,0.459125596152536,-1.73749758043374,0.0822993807286502,0.772573314719356,"Gene3201"
124.664829859038,-0.205338980547525,0.257137050818201,-0.798558511479164,0.424546452715799,0.985948027515532,"Gene3202"
150.954288776573,-0.228149166466002,0.278698801770037,-0.818622703136896,0.413001709827964,0.985948027515532,"Gene3203"
66.888734988886,-0.274723946325068,0.252607306993544,-1.08755344251419,0.27679229358238,0.950990735044977,"Gene3204"
17.9316897678597,-0.288242812675902,0.335273817465631,-0.859723598027304,0.389941423466319,0.985240646476599,"Gene3205"
114.189377735411,0.730742298650935,0.245451734155643,2.97713235216975,0.00290958374756492,0.115231039507521,"Gene3206"
40.6748990348277,-0.235655166030552,0.259454608313886,-0.908271267802878,0.363734918834404,0.979139537995581,"Gene3207"
436.434329309726,0.0254345064022109,0.271999051738934,0.0935095407120134,0.925498770514548,0.995069104386573,"Gene3208"
99.2053481269657,-0.527259738636928,0.27632746832966,-1.90809745344573,0.0563786217989744,0.711042928951798,"Gene3209"
472.248679068925,-0.261688467920354,0.218770445142691,-1.19617834003889,0.231626971493853,0.927435321296708,"Gene3210"
24.722546371793,0.256962279123962,0.259977886940945,0.98840052185797,0.322956532042493,0.97219299808852,"Gene3211"
171.223581465907,0.126356337700084,0.26984342221885,0.468257987024806,0.639600108876008,0.989592197216116,"Gene3212"
167.590748385048,0.124918520354072,0.192816833073067,0.647861072932026,0.51707481008794,0.989592197216116,"Gene3213"
106.966551895846,-0.334606731253599,0.209516413211213,-1.59704304844262,0.110256111708767,0.805619966539059,"Gene3214"
477.542161177869,-0.42252052172696,0.218354274917319,-1.93502289747682,0.0529874859183022,0.699504764598048,"Gene3215"
212.000700184852,0.173581675412269,0.240100388324187,0.722954580056309,0.469707789369335,0.985948027515532,"Gene3216"
189.59320510975,-0.0612976832632793,0.280838212101762,-0.218266890408304,0.827221170160122,0.993862929817308,"Gene3217"
272.498533037618,0.251056570076983,0.29358047049708,0.855154192143309,0.392465791835302,0.985240646476599,"Gene3218"
24.9124723482304,-0.300599606676883,0.316180896768324,-0.950720330511121,0.341746364873936,0.97219299808852,"Gene3219"
132.575259342019,-0.165434952306049,0.279924205587784,-0.590999095482538,0.554521027011107,0.989592197216116,"Gene3220"
238.323770836042,-0.129349935812651,0.269658618472109,-0.479680332657458,0.631454714745436,0.989592197216116,"Gene3221"
6.54789676052665,0.0547937331611051,0.405828400143294,0.135017000145278,0.892598433235099,0.995069104386573,"Gene3222"
235.412562174206,-0.111621408865633,0.222138308187247,-0.502486085252545,0.615325637960228,0.989592197216116,"Gene3223"
15.2176353510186,0.128538390442454,0.317119274118371,0.405331371925613,0.685233949217247,0.992240177738971,"Gene3224"
8.24218928785635,-0.601590839264595,0.357984202747457,-1.68049549295054,0.0928609504881849,0.777551211643128,"Gene3225"
42.8860605931237,0.289714910450498,0.251224436085494,1.1532115066701,0.248823581713701,0.939142459455892,"Gene3226"
5.81313881717739,-0.420901279738322,0.387012421492599,-1.08756529858919,0.276787057066603,0.950990735044977,"Gene3227"
20.7809568742628,0.0270427482347313,0.30950063640884,0.0873754204466599,0.9303731062856,0.995069104386573,"Gene3228"
123.514730954001,0.0652958329016558,0.230086686261057,0.283787966886407,0.776572876613624,0.99333153611013,"Gene3229"
55.9924305917531,-0.0880615475041386,0.306088952994405,-0.287699201956329,0.773577000953737,0.99333153611013,"Gene3230"
278.833002777999,-0.38373882278823,0.248846790906404,-1.54206860128874,0.123056924022275,0.835889988474958,"Gene3231"
79.677197793491,0.0159089798152519,0.271093003994828,0.0586845827107934,0.953203339387431,0.997455699601329,"Gene3232"
5.76204435435903,0.0930335094211916,0.396084259089834,0.234883127228974,0.814299445777796,0.993862929817308,"Gene3233"
17.1578238683895,0.255902039084172,0.318754471381302,0.80281866470841,0.422079552479762,0.985948027515532,"Gene3234"
70.8341972287795,0.293741210187299,0.270817289535247,1.08464718294534,0.278077949010066,0.950990735044977,"Gene3235"
28.6140077043554,-0.192231010146684,0.282730608247791,-0.679908734813066,0.496562250522072,0.989592197216116,"Gene3236"
159.32056897824,-0.167270016896351,0.233704202904777,-0.715733884189088,0.47415568399181,0.987152505177327,"Gene3237"
69.0341767401354,-0.127742792384462,0.274602493458341,-0.465191669513523,0.641794203835053,0.989592197216116,"Gene3238"
15.4014093622715,0.206151925082077,0.2951050882303,0.698571232093415,0.484820027288287,0.989340724987449,"Gene3239"
27.1410668595848,0.15870333632751,0.278980523127844,0.568868874960077,0.569445129304354,0.989592197216116,"Gene3240"
170.457172266815,-0.145279009502468,0.277760287686878,-0.523037366904815,0.60094825004258,0.989592197216116,"Gene3241"
14.2868010948458,-0.268013581391743,0.333817659927916,-0.802874184216669,0.422047458710227,0.985948027515532,"Gene3242"
10.4274041087115,-0.0315498190366007,0.337971691474464,-0.0933504782573911,0.925625131273785,0.995069104386573,"Gene3243"
99.2053896774264,-0.724049821011124,0.314208422351688,-2.30436159410363,0.0212023540280725,0.468560310012651,"Gene3244"
64.1154213556359,0.00251910520297644,0.244403537028098,0.010307155263006,0.991776225562244,0.999979708961714,"Gene3245"
21.5246548854735,0.0744811109841827,0.287234845846946,0.259303883428789,0.795400783317492,0.99333153611013,"Gene3246"
50.0371144246487,-0.124220232530244,0.288459552380429,-0.43063310438206,0.66673516655473,0.992240177738971,"Gene3247"
71.5052834003238,0.45472971877347,0.216146028855578,2.10380788016839,0.0353952091377762,0.623704125775791,"Gene3248"
22.7494169808832,-0.377565371151535,0.30722540688679,-1.22895230240728,0.219089689874919,0.919858845236042,"Gene3249"
79.4964662093138,0.145867172634428,0.251550446566587,0.57987244556855,0.562000638570894,0.989592197216116,"Gene3250"
23.4631849028729,0.127568820177781,0.304488799450281,0.418960633061354,0.675244903202216,0.992240177738971,"Gene3251"
32.880576893606,-0.278009952442385,0.301029348154747,-0.923531058172677,0.355730522741724,0.97219299808852,"Gene3252"
114.394838821564,-0.197831317871467,0.318109168063492,-0.621897567667656,0.534009224611923,0.989592197216116,"Gene3253"
35.7131994684578,-0.320044359528902,0.294001054081495,-1.08858235399451,0.276338101822688,0.950990735044977,"Gene3254"
7.75153544910301,0.505294290337933,0.389339725353765,1.29782361632584,0.194347952415025,0.900696974256867,"Gene3255"
41.2137958195413,-0.014156253839135,0.284649815031639,-0.049732172977388,0.960335817844135,0.998072792424686,"Gene3256"
5.57475004743538,0.378775889988817,0.62127304830283,0.609677002766405,0.5420757914929,0.989592197216116,"Gene3257"
26.8237060927483,-0.121874838848307,0.254679971843063,-0.478541119532585,0.632265114883651,0.989592197216116,"Gene3258"
26.6990384756993,-0.161608993433117,0.280495039877387,-0.576156332403459,0.564509518025961,0.989592197216116,"Gene3259"
2487.00447292629,0.0973859145013383,0.208047612339546,0.468094362661556,0.639717110464767,0.989592197216116,"Gene3260"
95.6582722406835,0.0188635262699901,0.266758765605426,0.0707138010148536,0.943625536714092,0.995123160257414,"Gene3261"
82.3267100929527,0.0134625702919232,0.251769878160381,0.0534717273976174,0.957356056680273,0.998072792424686,"Gene3262"
67.2700765936095,-0.077199509862913,0.27810603760249,-0.277590197352197,0.781326957899968,0.99333153611013,"Gene3263"
30.9624760396788,0.154312662009289,0.249245706786348,0.619118635979416,0.535838207230826,0.989592197216116,"Gene3264"
1.76082489873536,1.39290095798683,0.697590625818562,1.99673118650696,0.0458543923850974,0.679324331631073,"Gene3265"
518.830771084058,-0.334255949415097,0.211585300784909,-1.57976923810454,0.114159722799755,0.815371191858224,"Gene3266"
34.4095631500616,-0.068776616244285,0.241134499643629,-0.285220971474133,0.775474854456349,0.99333153611013,"Gene3267"
18.0698955212328,-0.152771073001889,0.338435438771094,-0.451403888306205,0.651698481421083,0.99155341410587,"Gene3268"
24.3118189525943,-0.138952473433149,0.288066593217548,-0.482362331157962,0.629548575456259,0.989592197216116,"Gene3269"
208.477999571828,0.0202274174135717,0.269818206134069,0.0749668367579354,0.94024109805042,0.995069104386573,"Gene3270"
145.766866517463,0.122148870580111,0.227769911061055,0.536281855716088,0.591763768563894,0.989592197216116,"Gene3271"
257.680692145633,0.260501432436928,0.254514260753626,1.02352391439904,0.306060198791323,0.971869472338305,"Gene3272"
62.8883879996458,-0.210502171242957,0.271268447899116,-0.77599209518551,0.437753653236044,0.985948027515532,"Gene3273"
49.3760823043412,0.071942387817128,0.286800176435298,0.250844991489599,0.801933955192333,0.99333153611013,"Gene3274"
38.4276213700531,-0.457531481615385,0.296399226573595,-1.5436325084397,0.12267738499749,0.835889988474958,"Gene3275"
9.07824993611018,0.833666012536228,0.399048596092668,2.08913405710274,0.0366956573827222,0.626045953549491,"Gene3276"
67.877232195248,0.130416469319349,0.235351183889163,0.554135599253106,0.579486048489688,0.989592197216116,"Gene3277"
37.909283599567,0.365082327241205,0.287351230463589,1.27050900966114,0.203903375599531,0.919858845236042,"Gene3278"
32.2850229622584,-0.188403378308678,0.305683232902231,-0.616335336812327,0.537673221224952,0.989592197216116,"Gene3279"
181.45394690542,-0.183217822433912,0.299598740369951,-0.611544034556589,0.540839475671478,0.989592197216116,"Gene3280"
245.043608056605,-0.0494524371958565,0.287564925655595,-0.171969641579599,0.863461395913107,0.995069104386573,"Gene3281"
1166.36825514109,-0.083071408154389,0.285345005273132,-0.291126203785741,0.770954799749266,0.99333153611013,"Gene3282"
87.0615820532345,0.298029670859285,0.242484051650129,1.22906916488388,0.21904587502559,0.919858845236042,"Gene3283"
52.0143715230738,-0.161761772590888,0.250582363609227,-0.645543326597194,0.518575150397927,0.989592197216116,"Gene3284"
19.3881347057448,0.182627066812741,0.277887923085265,0.657196846790297,0.511054352832301,0.989592197216116,"Gene3285"
56.3347144354236,-0.0667908228244777,0.233148853314797,-0.286472877197885,0.774515964228009,0.99333153611013,"Gene3286"
361.457977759084,0.108952867618727,0.270148939541963,0.403306664107052,0.6867226398644,0.992240177738971,"Gene3287"
40.6801217769436,0.0222819645358738,0.259335080824026,0.0859195927719218,0.931530336324466,0.995069104386573,"Gene3288"
415.115876130608,0.192576615330935,0.266707485557177,0.72205178241857,0.4702626414939,0.985948027515532,"Gene3289"
36.4910591324789,0.0591655547025586,0.238250066017095,0.248333843896242,0.803876115315983,0.99333153611013,"Gene3290"
79.809546648954,-0.155673529724716,0.28330744700258,-0.549486190256403,0.582671839149839,0.989592197216116,"Gene3291"
967.563566947993,0.0443807756119622,0.242473352843431,0.183033620360831,0.854771638966012,0.995069104386573,"Gene3292"
63.8041834239342,0.0162800951308678,0.227836328973833,0.071455220526914,0.943035462256079,0.995069104386573,"Gene3293"
10.2595059196986,0.254607777551766,0.531222630452526,0.479286391347591,0.631734902080606,0.989592197216116,"Gene3294"
25.3222960990676,-0.0941956814222943,0.289455929517414,-0.325423222731485,0.744860781981167,0.99333153611013,"Gene3295"
13.2654799885876,0.227307378897227,0.293249764272219,0.775132349931651,0.438261457661137,0.985948027515532,"Gene3296"
62.6395129613892,0.151673130595503,0.29221580633893,0.51904492264044,0.603729414938283,0.989592197216116,"Gene3297"
26.2005730097265,0.0795973996093306,0.272501618595807,0.292098814016202,0.770211073442275,0.99333153611013,"Gene3298"
83.4613415507969,-0.510745904058878,0.308480868414008,-1.65568097199925,0.0977864426799019,0.785797863323545,"Gene3299"
328.429238358293,0.100136610371415,0.214783534596284,0.466221074905186,0.641057265642506,0.989592197216116,"Gene3300"
18.3453177775545,-0.391231817517806,0.329950879262475,-1.18572745856083,0.235729947123993,0.92910568183392,"Gene3301"
18.4739484241973,-0.0451630321188746,0.298846565525708,-0.151124481017298,0.87987752122396,0.995069104386573,"Gene3302"
41.2594231838094,0.0207271549915279,0.277510074028599,0.0746897389728341,0.940461571982611,0.995069104386573,"Gene3303"
172.114582740857,0.0500526811336856,0.253023065969076,0.197818649228616,0.843186954525829,0.994617463315634,"Gene3304"
72.6145748427441,-0.0329836340976245,0.280972633963569,-0.117390913244246,0.906550284466772,0.995069104386573,"Gene3305"
56.7528403791607,-0.153954261056425,0.271985236183467,-0.566039036591586,0.571367244072394,0.989592197216116,"Gene3306"
348.620019859021,0.0799851406455695,0.244018271778824,0.327783407621488,0.743075433655795,0.99333153611013,"Gene3307"
35.7428145112048,0.0796628081517389,0.26163159962876,0.304484658064148,0.760758679320673,0.99333153611013,"Gene3308"
509.770055348039,0.250810526976147,0.249809876895382,1.00400564658692,0.315375891908708,0.97219299808852,"Gene3309"
23.8335471973318,2.36421607262986,0.285068414866013,8.29350411809418,1.09960129708687e-16,9.35830891137763e-15,"Gene3310"
76.9758797313705,-0.141819828637809,0.242742304984275,-0.584240265193971,0.559058674927326,0.989592197216116,"Gene3311"
160.574341629883,0.049705280008487,0.218073561299,0.227928959899619,0.819701468476962,0.993862929817308,"Gene3312"
210.656024107433,0.364980848927999,0.237821440541757,1.53468437537243,0.124861375642985,0.837995809684462,"Gene3313"
9.16409019980828,-0.0205571240474671,0.361142208365917,-0.0569225185294271,0.954606916200996,0.997474787514567,"Gene3314"
23.1907060299411,-0.0037997714107462,0.290418435840084,-0.0130837816812653,0.989560950435833,0.999979708961714,"Gene3315"
6.47665094856473,-0.349134804749924,0.388582427841079,-0.898483255379506,0.368927968296856,0.982424481229659,"Gene3316"
38.7449088068729,-0.195762732011066,0.261528559800417,-0.748532902718005,0.454138786551674,0.985948027515532,"Gene3317"
27.9811983674432,0.00168060886042288,0.282007525325752,0.00595944685689357,0.99524507750716,0.999979708961714,"Gene3318"
178.804436695947,0.25546070831366,0.244723487849811,1.0438749077916,0.296543268773814,0.963172008762864,"Gene3319"
88.3544489118789,-0.276522611081319,0.260497461759953,-1.0615174873993,0.288454789931297,0.956043291201446,"Gene3320"
30.4268232336878,-0.0886978846449888,0.320697924191514,-0.276577669994584,0.782104412828974,0.99333153611013,"Gene3321"
301.084247327405,0.0455400198466293,0.252785308387161,0.180152953259772,0.857032491911807,0.995069104386573,"Gene3322"
47.6784150584195,0.225688728141424,0.300931880723924,0.749966163766051,0.453275083725522,0.985948027515532,"Gene3323"
237.612824979212,-0.106926769109269,0.231107965667344,-0.462670201784299,0.643600780388087,0.990448176597679,"Gene3324"
115.430216847401,-0.0302108071134185,0.296662969112366,-0.101835450524247,0.918887286461581,0.995069104386573,"Gene3325"
91.2085252806451,-0.0936817383305948,0.262347816257389,-0.357089834659358,0.721024554258484,0.99333153611013,"Gene3326"
180.262212602851,-0.390688384219339,0.237447150656591,-1.64536985657231,0.099893561855566,0.790394480732271,"Gene3327"
24.5313592663015,0.500190328698472,0.311627330536995,1.60509133726026,0.108473705438701,0.802499085937603,"Gene3328"
11.6318258087686,0.272251039600261,0.309691763837558,0.879103261341702,0.379345289603111,0.985240646476599,"Gene3329"
153.106965074968,-0.386095930557778,0.201772155484533,-1.91352433952352,0.0556809606382951,0.710307158506038,"Gene3330"
8.47986838003419,-0.45728389452202,0.380984129238217,-1.20027019350219,0.230034421834062,0.92530269404883,"Gene3331"
15.1515220415225,0.23303798813716,0.308012319249761,0.756586582980776,0.449297582046117,0.985948027515532,"Gene3332"
22.5235969727658,-2.65198825535918,0.298671123425559,-8.87929246370606,6.72869796119245e-19,6.9012286781461e-17,"Gene3333"
124.978664374747,0.555489785549394,0.235950878641968,2.3542602966624,0.0185596095655773,0.43996843547195,"Gene3334"
118.913366976155,0.569662748730909,0.299992422218632,1.89892379453419,0.0575744962952955,0.711494966081943,"Gene3335"
7.87210894747966,0.0912669563067881,0.377681884522295,0.241650341324222,0.809051111089254,0.993862929817308,"Gene3336"
65.6574905627644,-0.24691778162417,0.270425109607724,-0.913072687600447,0.361204313787152,0.979139537995581,"Gene3337"
6.91138051980941,-0.457075088226204,0.373961690693491,-1.22225110111836,0.221612684724626,0.919858845236042,"Gene3338"
735.830572891156,-0.13386733649913,0.226554631997486,-0.590883246653794,0.554598651973352,0.989592197216116,"Gene3339"
21.3443662971115,-0.0456269623348102,0.31207008629128,-0.146207420509452,0.883757647792915,0.995069104386573,"Gene3340"
342.602272748208,-0.284053058553174,0.224681036168527,-1.26425026071232,0.206140216109825,0.919858845236042,"Gene3341"
35.5085227230032,-0.104893229572317,0.258000466770558,-0.406562169771573,0.684329586878224,0.992240177738971,"Gene3342"
106.891116110462,-0.124437466243795,0.24345691932256,-0.511127252369957,0.609261954226819,0.989592197216116,"Gene3343"
16.92156714732,0.197045993655769,0.319584437887706,0.61656942671597,0.537518765556184,0.989592197216116,"Gene3344"
67.7487365217015,0.0506229091413704,0.341687462552925,0.148155594481402,0.882219975455518,0.995069104386573,"Gene3345"
109.393695310116,-0.134838649386095,0.21470816941,-0.628008937697251,0.529998085012155,0.989592197216116,"Gene3346"
322.604372856203,0.433097428169369,0.248979631697865,1.73948939202757,0.0819487165417272,0.772573314719356,"Gene3347"
27.7049112409775,-0.0426079311824629,0.258530652691038,-0.164808043993848,0.869095072434312,0.995069104386573,"Gene3348"
8.83312459328796,-0.435662166399543,0.377550588970254,-1.15391732691448,0.248534064771932,0.939142459455892,"Gene3349"
10.6110729142123,-0.115817939764631,0.346898648413271,-0.333866794507234,0.738480077579866,0.99333153611013,"Gene3350"
66.4881893235897,0.487851620345077,0.254378461262225,1.91781811213245,0.0551340783429824,0.709119978687876,"Gene3351"
65.9280116670798,0.0889930874639756,0.270184235381408,0.329379274621066,0.74186903106503,0.99333153611013,"Gene3352"
38.7039542402889,0.242839110042126,0.296539146266683,0.818910801826265,0.412837306579558,0.985948027515532,"Gene3353"
52.0223890075023,-0.141419372256366,0.316272243208185,-0.447144431082047,0.654770780443873,0.991806639138922,"Gene3354"
38.7454435905739,-0.0588931195389224,0.25891568314321,-0.227460611207347,0.820065594224575,0.993862929817308,"Gene3355"
39.563139164753,0.299722332770124,0.257680061680085,1.16315686520688,0.244765863847569,0.936290561093852,"Gene3356"
701.873999450705,-0.243399031801313,0.247139937878307,-0.984863207019031,0.32469126820618,0.97219299808852,"Gene3357"
57.6375449550901,0.177773776829046,0.274767854338362,0.646996269840675,0.517634357647572,0.989592197216116,"Gene3358"
220.031941209542,-0.102206456234117,0.30784493999499,-0.332006289386404,0.739884509887779,0.99333153611013,"Gene3359"
1234.24660366999,-0.113167046213507,0.272892227640538,-0.41469501418917,0.6783651826953,0.992240177738971,"Gene3360"
11.3325859928219,0.081144273062739,0.309088836744218,0.262527349474898,0.792914902732581,0.99333153611013,"Gene3361"
49.349584915471,0.15616264877351,0.232952309093039,0.670363171678801,0.502626305756476,0.989592197216116,"Gene3362"
48.5524248662957,0.284850090406139,0.25140709255147,1.1330232871128,0.257204474178574,0.939142459455892,"Gene3363"
260.254326786385,-0.150775774471486,0.257090972099736,-0.586468568849607,0.557560677424557,0.989592197216116,"Gene3364"
40.1561895762757,-0.351966636712588,0.236525196465066,-1.4880724843392,0.136731779016933,0.859252991521819,"Gene3365"
81.4817815703858,0.314782821570803,0.255154142398865,1.23369669256133,0.217315946840776,0.919858845236042,"Gene3366"
251.74923491183,2.68691847896383,0.173384090416538,15.4969148121306,3.6395383832179e-54,4.85271784429054e-51,"Gene3367"
67.5079233306604,0.368488430045826,0.301316653519723,1.22292752737514,0.221357070397,0.919858845236042,"Gene3368"
23.9429651195839,0.171004303487634,0.268739298721217,0.636320420204079,0.524567597984625,0.989592197216116,"Gene3369"
1239.11057011741,-0.0867074565052743,0.184013859680638,-0.471200683773266,0.637497430468523,0.989592197216116,"Gene3370"
14.2902357841105,-0.593140157090684,0.285584858622314,-2.07693138898205,0.0378078921856888,0.630131536428146,"Gene3371"
33.2897307724786,0.00823894697808437,0.330369628889163,0.0249385726096768,0.980103960299618,0.999979708961714,"Gene3372"
91.1737592419778,-0.24428976931256,0.207993169594135,-1.17450861386099,0.240191363745802,0.92910568183392,"Gene3373"
77.3182469792095,0.201752029414475,0.26959473316794,0.748353007656115,0.454247259293018,0.985948027515532,"Gene3374"
13.1535934210026,0.332528197062363,0.335091170088702,0.992351415808238,0.321026130132212,0.97219299808852,"Gene3375"
47.0184422052403,-0.395331767779592,0.293451741942089,-1.34717812599527,0.177922871068878,0.885127721440579,"Gene3376"
12.1149894722502,-0.493876851475285,0.330368123892635,-1.49492888616514,0.134933002559495,0.856717476568222,"Gene3377"
161.46909802367,-0.217451068256454,0.25310112579258,-0.859146981569172,0.390259429851978,0.985240646476599,"Gene3378"
19.7118252388066,-0.187146661862074,0.307707703810474,-0.608196218503983,0.543057342347417,0.989592197216116,"Gene3379"
11.8241242491431,0.163397845916744,0.334415379483654,0.488607450318327,0.625119637394846,0.989592197216116,"Gene3380"
54.7338187094169,0.0344690980981983,0.349801469825815,0.0985390316266033,0.921504279999306,0.995069104386573,"Gene3381"
12.0508498255972,0.102981263574799,0.300176300418472,0.343069267731112,0.731546350438962,0.99333153611013,"Gene3382"
51.5086229252235,0.232188333922837,0.257160710946897,0.90289194281619,0.366583247267831,0.981481251051755,"Gene3383"
30.0883231823014,-0.151482829648832,0.334724191329862,-0.452560148243214,0.650865500603686,0.991417365732957,"Gene3384"
30.4080436897023,0.137843114778761,0.27038041729095,0.509811753971928,0.610183350234786,0.989592197216116,"Gene3385"
6.782470416833,-0.0506372380996896,0.370689521926587,-0.13660283095274,0.891344738704318,0.995069104386573,"Gene3386"
2.55261670145158,0.413313977032804,0.563037255190125,0.734079269573799,0.462900427245472,0.985948027515532,"Gene3387"
123.525440427027,-2.73423454386797,0.22562395342637,-12.1185472656841,8.42390703071729e-34,2.24637520819128e-31,"Gene3388"
388.706026891027,-0.224094234711153,0.278075974467991,-0.805874132563539,0.420315427737775,0.985948027515532,"Gene3389"
237.217145889376,-0.27179964933223,0.24649678874082,-1.1026498589319,0.270179249207415,0.943034028647173,"Gene3390"
48.0775558039766,-0.117077041169224,0.308164704813968,-0.379917100629354,0.704006952966897,0.992240177738971,"Gene3391"
64.2242381053903,-0.142297061203943,0.319441873758359,-0.445455254596908,0.655990789034918,0.991806639138922,"Gene3392"
76.6882413454253,0.207936575579827,0.2618210559371,0.794193480106435,0.427082803554203,0.985948027515532,"Gene3393"
35.8166117915226,0.30876505981963,0.358787972345515,0.86057806732241,0.389470469910899,0.985240646476599,"Gene3394"
77.9237564321236,0.330638019364943,0.260401728539532,1.26972282872058,0.20418337806525,0.919858845236042,"Gene3395"
125.732012115606,-0.181385238147876,0.280429309844013,-0.646812696749746,0.517753173976356,0.989592197216116,"Gene3396"
150.297216483534,-0.755261580044572,0.296725809028295,-2.54531812557145,0.0109178221829923,0.303272838416452,"Gene3397"
220.467397643112,0.408617551187147,0.267180459509107,1.52936914599931,0.12617295680337,0.840500796729209,"Gene3398"
34.1753153422818,-0.431436055130665,0.256892236735897,-1.67944372555801,0.0930655975910762,0.777551211643128,"Gene3399"
83.0670626986102,0.0447406456310306,0.269534513805843,0.165992269410288,0.868163033892755,0.995069104386573,"Gene3400"
41.4373827775566,-0.108542824845112,0.290736621434388,-0.373337298581792,0.708897419656674,0.992240177738971,"Gene3401"
12.1295732016725,-0.171949625892887,0.328347689274935,-0.523681547059431,0.60050005230912,0.989592197216116,"Gene3402"
18.0151968367018,-0.0274610814443641,0.300393651650162,-0.0914169833267492,0.927161267510033,0.995069104386573,"Gene3403"
38.0543209461782,-0.386121146084592,0.28080492291106,-1.37505119953644,0.169115572149124,0.884104075288354,"Gene3404"
70.6861548397379,-0.194594396330807,0.28328329637922,-0.686925063418886,0.492129951944363,0.989592197216116,"Gene3405"
256.711191622011,0.113538611524784,0.274964901298294,0.412920379978289,0.679664948966391,0.992240177738971,"Gene3406"
134.658049479687,-0.552612758852011,0.197209974973303,-2.8021541959367,0.00507626046332296,0.178114402221858,"Gene3407"
12.2895539237659,0.332910324931183,0.370786463059643,0.897849188409107,0.369265956821262,0.982424481229659,"Gene3408"
105.054293448357,0.00133918832509862,0.264328910165492,0.00506637100066039,0.995957638092583,0.999979708961714,"Gene3409"
16.7831356834267,0.344298100583112,0.306435894036533,1.12355669581601,0.261201135765246,0.939142459455892,"Gene3410"
161.40074281175,0.5481938196088,0.243241344282472,2.25370329713436,0.0242148398099138,0.502872959600033,"Gene3411"
19.7587923849452,0.250845673448407,0.293092513694857,0.85585834413214,0.392076138530978,0.985240646476599,"Gene3412"
13.8827136009154,-0.0628611528286555,0.336216650619087,-0.1869662097725,0.851687126432558,0.995069104386573,"Gene3413"
59.049381226405,0.137252349230209,0.254738625273421,0.538796772899635,0.590027090592079,0.989592197216116,"Gene3414"
21.6456779456928,0.202679775750033,0.265944643244989,0.762112645988978,0.445992775893888,0.985948027515532,"Gene3415"
175.077453468189,0.172651007090437,0.238618865389336,0.723542988978409,0.469346352861718,0.985948027515532,"Gene3416"
15.3712980003079,-0.453742560739577,0.330311859590928,-1.37367928993379,0.169541269105421,0.884104075288354,"Gene3417"
95.7179339331539,0.333434793882968,0.292540175300148,1.13979146126122,0.254373191940645,0.939142459455892,"Gene3418"
169.75795538856,-0.000555186406923543,0.286726197200785,-0.00193629466837578,0.998455061344328,0.999979708961714,"Gene3419"
34.867951579171,0.160991992649049,0.305429266545934,0.527100740769506,0.598123632356455,0.989592197216116,"Gene3420"
85.4074599582061,-0.302247856954829,0.269036759971677,-1.12344445787501,0.261248777204994,0.939142459455892,"Gene3421"
31.1366827683522,0.0692056401244394,0.278477118738667,0.24851463717342,0.803736246408621,0.99333153611013,"Gene3422"
14.1802684399524,-0.194012369452816,0.327301300996185,-0.592763819949123,0.553339223936362,0.989592197216116,"Gene3423"
3.68724190842228,0.43304718017435,0.519095660859517,0.834233866369276,0.404149210550149,0.985948027515532,"Gene3424"
16.2448108805564,-0.0410955469459193,0.30539527954898,-0.134565102010126,0.89295573514665,0.995069104386573,"Gene3425"
82.288442234931,0.434062975356762,0.248106683085693,1.74950134336704,0.0802043967933731,0.772573314719356,"Gene3426"
66.0111326781743,0.545211773241946,0.235123783731461,2.31882868074564,0.0204043274150258,0.455962623799459,"Gene3427"
17.5088888293098,0.473966072607328,0.30669157125966,1.54541603690192,0.122245663723952,0.834526298610789,"Gene3428"
44.2792283791859,0.124122801037355,0.265045579726325,0.468307380057115,0.639564791549506,0.989592197216116,"Gene3429"
1.94280821470758,-1.83614158098191,0.71741673008006,-2.55937937323682,0.0104859239852537,0.301753208208738,"Gene3430"
136.77160148456,-0.135561430546517,0.302832155236695,-0.447645430653035,0.65440911023489,0.991806639138922,"Gene3431"
17.457401597694,0.508657231504626,0.293328026012876,1.73409011889746,0.0829020944655387,0.772573314719356,"Gene3432"
45.8548080392308,-0.0752596701952646,0.289714402362219,-0.259771932570926,0.795039702439872,0.99333153611013,"Gene3433"
104.259624762499,-0.187067261777109,0.279651992912909,-0.668928763312503,0.503540921014728,0.989592197216116,"Gene3434"
17.390949753747,-0.149658925383141,0.298973620343143,-0.50057568694981,0.616669776980511,0.989592197216116,"Gene3435"
327.23086910806,-0.485302635135117,0.239782760258696,-2.02392630150531,0.0429777352678284,0.663748807225149,"Gene3436"
71.7519297268807,-0.244199403540147,0.283118831210121,-0.862533242654247,0.388394148198569,0.985240646476599,"Gene3437"
71.7764354511848,-0.081726396835288,0.259211965806954,-0.315287901856171,0.752543069853251,0.99333153611013,"Gene3438"
127.03226158552,0.0160200093342967,0.228188237157224,0.0702052372807401,0.944030305866214,0.995287618203705,"Gene3439"
170.720280695553,-0.13436302880645,0.254498426426543,-0.527952296967274,0.597532445576521,0.989592197216116,"Gene3440"
86.1659003910412,0.214132736765734,0.277237392852646,0.772380430224098,0.439889141080377,0.985948027515532,"Gene3441"
904.238151309793,-0.037367864453675,0.247819250652354,-0.150786770419605,0.880143922612561,0.995069104386573,"Gene3442"
23.077908698801,-0.354422696148893,0.268089196407244,-1.32203274469331,0.18615724739405,0.888310428362108,"Gene3443"
356.542257469745,-0.329606385788324,0.214611999533814,-1.53582458811392,0.124581407534526,0.837522067458995,"Gene3444"
9.14798831769698,-0.168740361248202,0.331882027079713,-0.508434767417136,0.611148475668572,0.989592197216116,"Gene3445"
26.8161135463504,-0.0941168487376256,0.288518854638699,-0.326206926252652,0.744267801383127,0.99333153611013,"Gene3446"
33.2177170423162,-0.5092085506547,0.279126006215711,-1.82429633683498,0.068107283929875,0.770831530378711,"Gene3447"
18.9588065399037,0.141180109009252,0.310027266538927,0.455379652845876,0.64883613091676,0.990448176597679,"Gene3448"
64.5252267389043,0.38783228032155,0.244011169843348,1.58940379889385,0.111969257493921,0.80982593218475,"Gene3449"
124.674559361408,-0.134000079262275,0.254502551645728,-0.52651762583821,0.598528608833465,0.989592197216116,"Gene3450"
21.909744352313,-0.0764737976657016,0.309393788159232,-0.247173022188615,0.804774322819739,0.99333153611013,"Gene3451"
76.8452919245747,-0.122476765881179,0.30137380328555,-0.406394864271373,0.684452492620386,0.992240177738971,"Gene3452"
110.575800310462,0.025120142887279,0.285667691007995,0.0879348406487312,0.92992846501775,0.995069104386573,"Gene3453"
54.9041030395349,-0.0843589446146247,0.278773229800524,-0.302607767162535,0.762188794512297,0.99333153611013,"Gene3454"
17.082347144393,-0.430396608293251,0.300060408542585,-1.43436653433793,0.151467692501353,0.872600384978322,"Gene3455"
13.7691711710357,0.0133728220647496,0.339484356143215,0.0393915708419511,0.968578200188918,0.999049200813736,"Gene3456"
19.2746379076144,0.440601566306224,0.308322341498275,1.4290289966181,0.152995899410178,0.872600384978322,"Gene3457"
106.454813798791,-0.0356530492285688,0.30043972325286,-0.118669558214717,0.905537155111558,0.995069104386573,"Gene3458"
426.098626027058,-0.0342016258542297,0.211251079331262,-0.161900360284542,0.871384319096218,0.995069104386573,"Gene3459"
25.651939808507,0.281522013056046,0.276389586077288,1.01856953820729,0.308407372077896,0.97219299808852,"Gene3460"
328.734923041955,0.08966250533684,0.216561839949041,0.414027260564181,0.678854142524156,0.992240177738971,"Gene3461"
15.0878883170017,0.624440826625251,0.313909706988159,1.98923707271278,0.0466750417173453,0.685085529328067,"Gene3462"
25.6365567204921,0.144111536896743,0.295429389520107,0.487803658027511,0.625688920117069,0.989592197216116,"Gene3463"
50.8738564028904,-0.0725802645722658,0.225691045762166,-0.321591245798697,0.747762376658821,0.99333153611013,"Gene3464"
29.5857499228389,-0.034984896796291,0.27248081065569,-0.128393983826253,0.897837191964463,0.995069104386573,"Gene3465"
64.7999975412667,0.0528259390413365,0.283612001349269,0.186261296383862,0.852239857309665,0.995069104386573,"Gene3466"
161.447343937079,-0.311786823409011,0.255931806995053,-1.21824179288133,0.223132102161436,0.919858845236042,"Gene3467"
496.224212804715,1.955785774661,0.205299669332541,9.52649257068727,1.626870235203e-21,1.97196392145818e-19,"Gene3468"
140.735745381482,-0.0876452507942393,0.223858867035875,-0.391520121381627,0.695412818577478,0.992240177738971,"Gene3469"
8.77923261218143,0.140843154107088,0.36515412058876,0.385708790249987,0.699712351998792,0.992240177738971,"Gene3470"
24.3750708843412,-0.272763607943905,0.305961915886758,-0.891495293305915,0.372663515470306,0.982954918160987,"Gene3471"
33.2695451742481,-0.0254527500329828,0.270942035131659,-0.093941680258711,0.925155484158737,0.995069104386573,"Gene3472"
137.955739148687,-0.0167461892072596,0.261581819907636,-0.0640189337820675,0.948955150753556,0.996539932531957,"Gene3473"
8.29465408699398,0.490818008308376,0.355157985247098,1.38197092194589,0.166980629624392,0.884104075288354,"Gene3474"
24.2804053262632,-0.0750701994230918,0.307324875748479,-0.244269843891618,0.807021837248795,0.993862929817308,"Gene3475"
132.008174333381,0.358765378952947,0.271838775186608,1.31977264357032,0.186910937797469,0.888310428362108,"Gene3476"
155.047842560987,-0.0848827488766575,0.226450689262937,-0.374839878619659,0.707779554131176,0.992240177738971,"Gene3477"
76.3145994670734,-0.459384287874306,0.29264113859109,-1.56978711224948,0.116464646837096,0.815371191858224,"Gene3478"
379.574190032533,0.0791299630181134,0.260706486330285,0.303521266892704,0.761492642778103,0.99333153611013,"Gene3479"
3.45469761986633,-0.452559798976272,0.676259031686422,-0.66921072809586,0.503361063731644,0.989592197216116,"Gene3480"
65.9908586976756,0.0124720885295566,0.299863156986168,0.0415926006212626,0.96682347198795,0.998526694539581,"Gene3481"
47.7576954467906,0.136812121384583,0.274546656325631,0.498320115114839,0.618258432242943,0.989592197216116,"Gene3482"
14.3551137662873,0.183824535172195,0.36492836710866,0.503727722316145,0.614452724587486,0.989592197216116,"Gene3483"
24.7495018443268,-0.589576874046466,0.289230069162974,-2.03843561546934,0.0415063875333206,0.65108058875797,"Gene3484"
73.661774139567,-0.24363433923499,0.284331764856667,-0.856866412227307,0.391518717204048,0.985240646476599,"Gene3485"
263.866249338229,0.173364588097692,0.292931380057747,0.591826618450764,0.553966696605968,0.989592197216116,"Gene3486"
73.3579080573846,-0.0358958161082557,0.264060836322147,-0.135937674848775,0.891870551682257,0.995069104386573,"Gene3487"
115.297657258728,-0.405405817341683,0.286003145998883,-1.41748726548367,0.156340514938966,0.873410697983052,"Gene3488"
18.1204243814068,-0.49456777098126,0.273026901613976,-1.81142505759566,0.0700750800822087,0.772193421375786,"Gene3489"
29.3794369049379,-0.00503403809406712,0.307676555102578,-0.0163614614457341,0.986946024942118,0.999979708961714,"Gene3490"
54.0609020436685,-0.0283523851347181,0.278893166371729,-0.101660379505061,0.919026251731123,0.995069104386573,"Gene3491"
58.9890193567837,0.429312111461306,0.265177881610144,1.61895897521523,0.105456090313699,0.794679342487159,"Gene3492"
106.029469917196,-0.142665393469795,0.249518012190424,-0.571763906811336,0.567481932569114,0.989592197216116,"Gene3493"
45.4360822533586,-0.426700649383563,0.304190357737525,-1.40274219261002,0.160693730630144,0.876928227579774,"Gene3494"
140.166925064897,-0.229427209751015,0.256237148374772,-0.895370601828018,0.370589010444521,0.982424481229659,"Gene3495"
63.9290666915859,-0.372691413132182,0.287822669798235,-1.29486469357483,0.195366909948017,0.903430797447478,"Gene3496"
7.26303963081581,-0.0442915440840768,0.3798608378514,-0.116599395543384,0.907177516744731,0.995069104386573,"Gene3497"
72.5556201700623,-0.000877000738648128,0.289023993678533,-0.00303435271060427,0.997578940535414,0.999979708961714,"Gene3498"
7.27673973107037,0.340295971989536,0.353555252950878,0.962497287621451,0.335799865029966,0.97219299808852,"Gene3499"
25.9452013579266,-0.160090910169914,0.281449522500312,-0.568808604639707,0.569486034605801,0.989592197216116,"Gene3500"
73.0535146367596,0.0187268181928107,0.225980350038124,0.0828692326109391,0.933955518688414,0.995069104386573,"Gene3501"
10.0465834183058,0.387568881362905,0.326126382116178,1.1884008857181,0.234675507647715,0.92910568183392,"Gene3502"
51.2288161482466,-0.141205090125029,0.237365532286959,-0.594884559542209,0.551920639023663,0.989592197216116,"Gene3503"
49.5756375438182,-0.231615180947249,0.299268162362176,-0.773938594466816,0.438967104930663,0.985948027515532,"Gene3504"
46.9696127103249,-0.0906916513967219,0.250612077938624,-0.361880609038056,0.717441251023547,0.99333153611013,"Gene3505"
21.2419086870374,-0.451973104500873,0.318120416492267,-1.4207610736982,0.155386230697913,0.872600384978322,"Gene3506"
125.07835156356,-0.281416080557004,0.231206302429348,-1.21716440079742,0.223541671788172,0.919858845236042,"Gene3507"
118.011647152568,-0.0593497986195548,0.263623897637539,-0.225130571057545,0.821877699100603,0.993862929817308,"Gene3508"
30.413466275112,-0.47090752714297,0.314503283844516,-1.49730559689729,0.134313759225256,0.855399586063704,"Gene3509"
93.384245776198,-0.108425955054033,0.266928952290614,-0.406197807032883,0.684597265262593,0.992240177738971,"Gene3510"
21.0153819160856,-0.155576148256668,0.297997435760298,-0.522072103941894,0.601620128500538,0.989592197216116,"Gene3511"
55.9473193526447,0.00837720201395332,0.230513672407327,0.0363414539643899,0.971010096272239,0.999979708961714,"Gene3512"
137.315450279666,0.399096392225042,0.22363389937834,1.78459702815385,0.0743267038179546,0.772573314719356,"Gene3513"
71.9671035558484,-0.0301551055080116,0.23863227425676,-0.126366417124139,0.899441884266813,0.995069104386573,"Gene3514"
64.8225379019114,-0.00277771231048835,0.240297654351371,-0.0115594649393734,0.990777086790357,0.999979708961714,"Gene3515"
247.888181508425,-0.152290685815366,0.247599988954643,-0.615067417645418,0.538510198481279,0.989592197216116,"Gene3516"
23.6296497249062,0.149950125793462,0.2333010595167,0.642732296647493,0.520397820729391,0.989592197216116,"Gene3517"
119.103966996486,-0.0150327198439476,0.241453572365544,-0.0622592562896072,0.950356374270354,0.997126868908422,"Gene3518"
62.8236194367914,0.00560039047806591,0.232418477099757,0.024096149961701,0.980775914317775,0.999979708961714,"Gene3519"
19.210540633503,0.375841020324644,0.269443184983875,1.39488040993554,0.163051905517169,0.880172229512382,"Gene3520"
43.553178437253,-0.321037513161735,0.286507737283646,-1.12051952315655,0.262492437780806,0.939142459455892,"Gene3521"
35.3834802300852,-0.33341870716685,0.332935102769477,-1.00145254853979,0.31660806995096,0.97219299808852,"Gene3522"
124.886552593714,0.0476752278041381,0.277917232645847,0.171544698219168,0.863795487199375,0.995069104386573,"Gene3523"
94.3261000411369,0.044770634524637,0.269256892181407,0.166274794906545,0.867940700668283,0.995069104386573,"Gene3524"
6.42653718871536,-0.107202215689633,0.364124740307689,-0.294410689037624,0.768444100002392,0.99333153611013,"Gene3525"
389.281231887382,0.0949503490665634,0.249160005747225,0.381081822428963,0.703142535166009,0.992240177738971,"Gene3526"
4.66574971434696,-0.412313039014008,0.420785584510141,-0.97986493404712,0.327152794185872,0.97219299808852,"Gene3527"
116.7846802026,0.314636609164174,0.2186032141255,1.43930458855715,0.150064243352581,0.872600384978322,"Gene3528"
22.6824763717266,0.310824322519237,0.280056592788644,1.1098625439388,0.267058263064781,0.939142459455892,"Gene3529"
217.850989528156,-0.234661989971458,0.300695426661052,-0.780397602242125,0.435156878784703,0.985948027515532,"Gene3530"
92.6432262232167,-0.151537022386931,0.234801392639172,-0.645383831346363,0.518678478685459,0.989592197216116,"Gene3531"
322.218359806857,-0.332343253807363,0.266581896914521,-1.2466835057218,0.212513569100164,0.919858845236042,"Gene3532"
36.3115589687426,0.394798223132713,0.324614170725,1.2162076050191,0.223905847407415,0.919858845236042,"Gene3533"
2.60181508493901,-0.752782775538173,0.715096621115168,-1.05270078659333,0.292478148046083,0.960519369609467,"Gene3534"
34.5708451617482,0.314649062371603,0.272912521000002,1.15293010822175,0.248939072890486,0.939142459455892,"Gene3535"
56.3620458295461,-0.00995625247992196,0.277012635674716,-0.0359415102335374,0.971328996855081,0.999979708961714,"Gene3536"
235.166964664798,-0.491537300182766,0.25192954192569,-1.95109035814368,0.0510462979844199,0.692153193009084,"Gene3537"
13.7523160646099,-0.190254131466511,0.322705366723322,-0.5895598619828,0.555485767960057,0.989592197216116,"Gene3538"
38.8395797896631,-0.567696644114625,0.222744493666158,-2.54864501820399,0.0108142314767152,0.303272838416452,"Gene3539"
31.9647564508659,-0.382003711240558,0.298904836482934,-1.27801114139004,0.201245497890202,0.917159262280795,"Gene3540"
357.854027228302,0.0431326578605307,0.257675264286233,0.167391534379558,0.867061985786789,0.995069104386573,"Gene3541"
8.05350313001684,0.108699251598203,0.382905382838554,0.283880186777198,0.776502200787116,0.99333153611013,"Gene3542"
185.654112587418,0.19506039410984,0.262279605845285,0.743711633549212,0.457050949845482,0.985948027515532,"Gene3543"
215.221386560349,-0.0797479475704691,0.204576011686685,-0.389820619304113,0.696669195585748,0.992240177738971,"Gene3544"
44.5365700092688,0.0684594649873206,0.297159438941222,0.230379574114292,0.817796831810303,0.993862929817308,"Gene3545"
127.776143074835,-0.101577294650854,0.241321745683908,-0.420920602753736,0.6738130601469,0.992240177738971,"Gene3546"
97.0759404902292,-0.17201759773195,0.241626925889141,-0.711914026547156,0.476518015798599,0.987683407884118,"Gene3547"
16.8952653432854,-0.276384036406718,0.344473747090031,-0.802337010415145,0.422358039004783,0.985948027515532,"Gene3548"
22.4886976264222,0.415930987140941,0.292456152099297,1.42219947898282,0.154968349997953,0.872600384978322,"Gene3549"
4.29700084330098,0.207053613869502,0.44252370849171,0.46789270246157,0.639861322369053,0.989592197216116,"Gene3550"
333.934268035749,0.445493730766808,0.25241202698073,1.76494652848225,0.0775727528333676,0.772573314719356,"Gene3551"
241.843133011659,-0.29481949360147,0.253382470572625,-1.16353547636978,0.244612313084569,0.936290561093852,"Gene3552"
242.866206385776,0.136870289255981,0.269119288914699,0.508585950148538,0.611042479123378,0.989592197216116,"Gene3553"
48.0866341777024,-0.310987833384739,0.259203423344661,-1.19978289395978,0.230223669358195,0.92530269404883,"Gene3554"
28.9105587953404,0.139616761810316,0.266927106824739,0.523052017725522,0.600938054841501,0.989592197216116,"Gene3555"
16.721887404884,2.14430558890632,0.314888244542865,6.80973528249455,9.77784969369599e-12,6.20815853567999e-10,"Gene3556"
13.680236318817,-2.21460324869558,0.3425008642551,-6.46597857062956,1.00645341450174e-10,6.29033384063587e-09,"Gene3557"
16.4436929654123,-0.180991285657152,0.305124415350491,-0.593172085063236,0.553065992305707,0.989592197216116,"Gene3558"
10.5334321649228,0.103076922341194,0.35548293383563,0.289963068631743,0.771844491326484,0.99333153611013,"Gene3559"
72.3061257676009,-0.1482065750784,0.236188271972036,-0.627493371457275,0.530335879834395,0.989592197216116,"Gene3560"
34.2891880540798,-0.263722001467139,0.225532705757238,-1.169329302292,0.242270981673539,0.933606865793986,"Gene3561"
82.668842175648,0.459038347894213,0.250652918031652,1.83137045241279,0.0670452684505316,0.766231639434647,"Gene3562"
18.2484908282621,-0.0856600126488222,0.319591564214953,-0.268029642331887,0.788676501955315,0.99333153611013,"Gene3563"
635.709590868052,0.0501853610782847,0.216875397034541,0.231401817654272,0.817002653197402,0.993862929817308,"Gene3564"
1243.81831193765,0.374078299480435,0.236078696079584,1.58454915963417,0.113068803927599,0.814910298577291,"Gene3565"
298.788101833275,0.271356808196376,0.279603012591904,0.970507455126875,0.3317936106811,0.97219299808852,"Gene3566"
50.0186315543492,-0.187293229681133,0.307699848650114,-0.608688078667547,0.542731210358758,0.989592197216116,"Gene3567"
112.606517968448,0.0221215025206782,0.304946212958416,0.0725423093668484,0.94217033613541,0.995069104386573,"Gene3568"
7.63297873544756,0.652911071252541,0.370328263052765,1.76306033428378,0.0778903142804593,0.772573314719356,"Gene3569"
9.87347154885199,-0.517012522872336,0.3196836424682,-1.61726298812353,0.105821524965551,0.794679342487159,"Gene3570"
34.9417317076378,0.0914592524873869,0.277568617989053,0.329501415361711,0.741776724324436,0.99333153611013,"Gene3571"
386.180371846762,-0.265585406152071,0.234307554968751,-1.1334905790276,0.25700829524692,0.939142459455892,"Gene3572"
34.2263084045562,-0.16711195695888,0.248479445476595,-0.672538352773414,0.501241032525297,0.989592197216116,"Gene3573"
154.44631361898,-0.328751292305,0.274112877662631,-1.19932815673701,0.230400370818159,0.92530269404883,"Gene3574"
52.1442956618305,-0.154555217467573,0.276955857331502,-0.558050004635136,0.576810238752369,0.989592197216116,"Gene3575"
42.0903305928215,-0.349634294055653,0.284330339742111,-1.22967634890027,0.218818326874355,0.919858845236042,"Gene3576"
68.7199047743191,0.551494591008498,0.241436487243587,2.2842222288137,0.022358473813889,0.480827393847075,"Gene3577"
42.4317527167737,-0.206623043555944,0.261710210568925,-0.789510822320503,0.429813506986777,0.985948027515532,"Gene3578"
346.034125712862,-0.0923430806285385,0.290366145024699,-0.318022890102025,0.750467573803527,0.99333153611013,"Gene3579"
12.6051539594908,0.224378981292865,0.320946590347857,0.699116264328195,0.4844793749954,0.989340724987449,"Gene3580"
58.6681931080804,-0.172504235150703,0.266367773800702,-0.647616761927708,0.517232853193349,0.989592197216116,"Gene3581"
47.5411626681609,-0.29622826762128,0.277017776270634,-1.06934750400955,0.28491311265252,0.956043291201446,"Gene3582"
41.9211663299578,-0.0731409956977322,0.268133282452273,-0.272778504140944,0.785023484357418,0.99333153611013,"Gene3583"
21.8593710533972,-0.194589907216815,0.358629808570861,-0.542592675138343,0.587410283370689,0.989592197216116,"Gene3584"
124.391730957634,-0.124893767208397,0.265340869531286,-0.47069178385153,0.637860852522204,0.989592197216116,"Gene3585"
9.88009757980721,-0.445159563152981,0.354496206229603,-1.25575268600944,0.20920565070599,0.919858845236042,"Gene3586"
129.775860853768,0.0312662400979413,0.252794483535963,0.123682446153906,0.901566710870603,0.995069104386573,"Gene3587"
4.05732653400762,0.217010377060212,0.444050531217837,0.488706491274873,0.625049507490643,0.989592197216116,"Gene3588"
325.419507324695,-0.0402786062957619,0.274487165731602,-0.146741310066012,0.883336210809578,0.995069104386573,"Gene3589"
128.654751841707,-0.221184596071228,0.283537401426058,-0.780089663510968,0.435338100172503,0.985948027515532,"Gene3590"
56.1497898915807,-0.134112160569142,0.288685332495653,-0.464561740666757,0.642245335993259,0.989592197216116,"Gene3591"
2.66088956938482,0.397079377055317,0.572243012194135,0.69389991418647,0.487744977418813,0.989340724987449,"Gene3592"
48.9616710415341,-0.520613833786521,0.253382873410338,-2.05465281366282,0.0399125506075548,0.643750816250884,"Gene3593"
20.6525688658816,-0.109552355474712,0.321946078346016,-0.340281689522458,0.733644404942282,0.99333153611013,"Gene3594"
244.444162790435,-0.219075463972188,0.28233524681477,-0.775940894534912,0.437783885173151,0.985948027515532,"Gene3595"
8.43338385787289,-0.268548871927044,0.390324730607284,-0.688013981356558,0.49144397692399,0.989592197216116,"Gene3596"
7.9943409555525,0.624932961196716,0.361270213615356,1.72982144014253,0.0836621825960304,0.772573314719356,"Gene3597"
44.5325547925507,-0.0764968842923747,0.26546409085758,-0.288162832288359,0.773222098121389,0.99333153611013,"Gene3598"
44.1929681766609,-0.13758432492868,0.240605708190018,-0.571824858037129,0.567440634811371,0.989592197216116,"Gene3599"
22.2764661687328,-0.455101756257347,0.302464744572283,-1.50464397727051,0.132415633453062,0.851547482013261,"Gene3600"
41.3786099705837,-0.170445859786284,0.321379985911633,-0.530356174180523,0.595865005918876,0.989592197216116,"Gene3601"
34.2237600961513,-0.143804161941446,0.279949508620951,-0.513678922495112,0.607476490663039,0.989592197216116,"Gene3602"
31.9551209936594,-0.21459992508252,0.354966050153329,-0.604564647773563,0.545468302201326,0.989592197216116,"Gene3603"
24.2934434474398,-0.147814223331376,0.283140065427013,-0.522053362912282,0.60163317668648,0.989592197216116,"Gene3604"
47.6394613932478,0.319277700951501,0.2695419560115,1.18451949253451,0.236207484819368,0.92910568183392,"Gene3605"
157.622161987142,0.692238088839984,0.249632914824097,2.77302409951735,0.00555380075893801,0.191510370997862,"Gene3606"
446.545765464908,0.11936271083113,0.257693844201736,0.463195817505393,0.643224013926549,0.990448176597679,"Gene3607"
165.203404150869,0.00037578032010592,0.263593132400323,0.0014256073998742,0.998862530251165,0.999979708961714,"Gene3608"
52.7854181733282,0.424143662949814,0.326297978461296,1.29986604560017,0.193646884322612,0.900602206913939,"Gene3609"
14.2104547042425,-0.65831656774372,0.325961664340844,-2.01961346919418,0.0434234969309858,0.667472039454404,"Gene3610"
164.709685431445,-0.0872499467503887,0.219329976670742,-0.3978021977423,0.69077599712268,0.992240177738971,"Gene3611"
305.860103115582,0.662311861574307,0.258496509372093,2.56216945901169,0.0104020550519154,0.301508842084504,"Gene3612"
42.8530322337363,0.307279073624698,0.283234834483396,1.08489153244571,0.27796969873076,0.950990735044977,"Gene3613"
46.5536410152535,-0.524390808389692,0.244872374515279,-2.14148619021527,0.0322348509599683,0.599630239142864,"Gene3614"
212.67865215617,0.303024934689182,0.244058648288795,1.24160703508696,0.214381584851474,0.919858845236042,"Gene3615"
71.1065791170107,0.465740904962256,0.236637063530025,1.96816550211781,0.0490489981719621,0.685085529328067,"Gene3616"
765.484038213525,-0.228443655017019,0.231193819993103,-0.988104504799624,0.323101469774308,0.97219299808852,"Gene3617"
44.8258599177368,-0.271943737463558,0.2433776943318,-1.11737330000675,0.263834746355715,0.939142459455892,"Gene3618"
9.09381105472838,1.08977165570656,0.359441483690174,3.03184719948992,0.00243062209721262,0.104542885901618,"Gene3619"
189.508124306527,0.0695184735909458,0.203620628164559,0.341411743090996,0.732793635918188,0.99333153611013,"Gene3620"
89.4679833623941,-0.190704008637593,0.25968996415042,-0.734352631844993,0.462733848185567,0.985948027515532,"Gene3621"
32.1426457371306,0.553296602946435,0.262779341542467,2.10555593791614,0.0352429434856031,0.623704125775791,"Gene3622"
10.0562126973358,0.352026506640262,0.330729285003066,1.06439472584654,0.28714992202881,0.956043291201446,"Gene3623"
138.929827960486,-0.021445938798959,0.252294620308677,-0.0850035516917499,0.932258567089934,0.995069104386573,"Gene3624"
101.659488139436,0.370770481681218,0.220383112475296,1.68239062202545,0.0924931186870265,0.777551211643128,"Gene3625"
72.0668912151891,-0.0590428529958768,0.228939466833593,-0.257897224154858,0.796486227221108,0.99333153611013,"Gene3626"
197.766335220437,-2.42827924381807,0.187526486349448,-12.9489934520133,2.38054857110764e-38,9.52219428443058e-36,"Gene3627"
13.2876566619448,-0.0648168118820638,0.32209215156278,-0.201236855873621,0.840513374097157,0.994307020576895,"Gene3628"
73.024349922618,0.434759256931044,0.261358671241921,1.6634583228678,0.096220726823082,0.785797863323545,"Gene3629"
32.2886205718312,-0.336723585394927,0.324469662702116,-1.03776600434926,0.299379007434481,0.965738733659617,"Gene3630"
87.2106222416734,-0.245520274170586,0.27252560276615,-0.900907186989193,0.367637669639149,0.982158472722792,"Gene3631"
92.845107785089,-0.143513399550081,0.241369724817334,-0.594579124033431,0.552124837882812,0.989592197216116,"Gene3632"
43.7251136737797,0.0877837808224977,0.272167138848717,0.322536295872559,0.747046445516736,0.99333153611013,"Gene3633"
7.88383498099876,-0.133791075117065,0.379333228352357,-0.352700647128094,0.724312874163255,0.99333153611013,"Gene3634"
48.9987986051862,-0.152603309871633,0.310767284328758,-0.491053330151045,0.623388728816782,0.989592197216116,"Gene3635"
349.19956281274,0.238354050595579,0.241729498444441,0.986036260073416,0.32411531977107,0.97219299808852,"Gene3636"
5.93218876776889,0.121325380133465,0.398937377303611,0.304121365998579,0.761035429599724,0.99333153611013,"Gene3637"
23.4431163869887,-0.197931608795066,0.281205928570608,-0.703867126134814,0.481515525569939,0.988475261094077,"Gene3638"
96.8026139135303,0.411628247259907,0.251203722746354,1.63862319697999,0.101291758191322,0.790594044885332,"Gene3639"
14.8416765356617,0.514606063912641,0.326910312614669,1.57415059744294,0.115452637427889,0.815371191858224,"Gene3640"
16.445504525871,-0.0600466372341908,0.320419770864181,-0.187399913158428,0.851347090686202,0.995069104386573,"Gene3641"
16.9001271041799,0.304224066037488,0.324979725791302,0.936132447329519,0.349204998682371,0.97219299808852,"Gene3642"
21.0912945985823,-0.0647422293428607,0.280245575872997,-0.23101963034093,0.817299551682583,0.993862929817308,"Gene3643"
75.850485725284,0.453540922290263,0.267304905343018,1.69671754324246,0.0897500743391957,0.772573314719356,"Gene3644"
583.506574442986,0.0644852539351016,0.237425728812023,0.271601794202163,0.785928219726453,0.99333153611013,"Gene3645"
103.233737342749,0.049150730441374,0.193035281600428,0.254620450903443,0.799016262145655,0.99333153611013,"Gene3646"
19.9295887799098,0.726751829020469,0.278510078057863,2.609427400575,0.00906938881550283,0.281221358620243,"Gene3647"
28.913923679595,0.362437578686062,0.318037762835375,1.13960548412507,0.25445069954759,0.939142459455892,"Gene3648"
17.7694707705372,-0.00720789807484717,0.320588871965156,-0.0224833071424594,0.982062427605757,0.999979708961714,"Gene3649"
18.0558536904282,0.37165909580218,0.301360903094523,1.23326912013404,0.21747537482422,0.919858845236042,"Gene3650"
28.852493834674,0.221357973435953,0.262145229000819,0.844409697173094,0.398440505423404,0.985362226687973,"Gene3651"
258.61931227578,-0.0615683753175464,0.239416394152988,-0.257160231384172,0.797055082572565,0.99333153611013,"Gene3652"
103.743849620239,-0.156260698497016,0.24875324131263,-0.628175527170839,0.52988896031222,0.989592197216116,"Gene3653"
7.14759064046379,0.148663216596612,0.375765567834149,0.395627564956211,0.692379798944109,0.992240177738971,"Gene3654"
120.457152644214,0.175239587285026,0.297661258269858,0.588721516208048,0.55604810190802,0.989592197216116,"Gene3655"
239.623443163078,0.0890837468422343,0.295825025079135,0.301136615532793,0.76331032097567,0.99333153611013,"Gene3656"
40.3048114532666,-0.159969358999532,0.300587103581357,-0.532189695078634,0.594594619415319,0.989592197216116,"Gene3657"
249.219498898029,-0.0915274426479067,0.300228912955955,-0.30485885502085,0.760473653868132,0.99333153611013,"Gene3658"
93.5174998510228,0.00351062332343812,0.268627380495517,0.0130687471878791,0.989572945200457,0.999979708961714,"Gene3659"
121.345307249253,0.192476758918847,0.290280307805553,0.663072050508434,0.507284410044965,0.989592197216116,"Gene3660"
30.0034906592366,-0.11957232760572,0.264175916217427,-0.452623877747081,0.650819601916893,0.991417365732957,"Gene3661"
271.002808921422,0.255531033204505,0.225935634881957,1.13099039617195,0.25805913365704,0.939142459455892,"Gene3662"
59.8093161769445,-0.11750162596204,0.25137930344345,-0.46742760582306,0.640193975679931,0.989592197216116,"Gene3663"
41.1006570564391,0.534223264726208,0.267151301583111,1.99970302057469,0.0455323418338455,0.679324331631073,"Gene3664"
97.704462660337,0.223440012989959,0.242859738260751,0.920037279913634,0.357553278101338,0.972272680085217,"Gene3665"
47.0759222252336,0.219570537234325,0.247414809692893,0.887459152129454,0.374831748842797,0.983810364416789,"Gene3666"
39.2151558998592,0.118191537586355,0.308583411367115,0.383013257461675,0.701709934242106,0.992240177738971,"Gene3667"
145.95925789489,0.279899729348206,0.195588292919363,1.43106586376109,0.152411339546715,0.872600384978322,"Gene3668"
43.2728867752925,-0.199349617959983,0.27319840349441,-0.729688078005411,0.465580870130393,0.985948027515532,"Gene3669"
33.0332272928697,0.347818460549987,0.24505997027354,1.41931976961291,0.155805811001003,0.872861686280129,"Gene3670"
31.9336763530728,-0.245924255295268,0.218376793329932,-1.12614647163408,0.260103526418006,0.939142459455892,"Gene3671"
10.3039219424891,-0.37182811648565,0.358029953403724,-1.03853913045752,0.299019127504022,0.965738733659617,"Gene3672"
355.871695657737,-0.0945045555223681,0.205815019939185,-0.459172297290513,0.646110442481271,0.990448176597679,"Gene3673"
23.329743088248,-0.368315686995423,0.344699246894157,-1.06851317580197,0.285289090217846,0.956043291201446,"Gene3674"
33.8654528941861,0.0817594880219467,0.234416074922931,0.348779357596643,0.72725496169049,0.99333153611013,"Gene3675"
67.3157769002699,0.38072061385213,0.263735276257912,1.44357106585854,0.148859668772896,0.872600384978322,"Gene3676"
25.8900447933838,-0.142954081638055,0.27429211084675,-0.521174601765796,0.602245145411422,0.989592197216116,"Gene3677"
5.38057014879347,-0.0272189879216867,0.567153593420432,-0.0479922691797338,0.96172240380996,0.998072792424686,"Gene3678"
87.7856710663026,0.259706489923033,0.26075716265821,0.99597068504479,0.319264388856753,0.97219299808852,"Gene3679"
109.052599000791,-0.0288754222629974,0.224316166819223,-0.128726443004299,0.897574110993717,0.995069104386573,"Gene3680"
35.4979237352726,-0.355071234915488,0.234275591059779,-1.51561344188386,0.129617126130261,0.851332510154531,"Gene3681"
24.2829323371868,-0.0426659522441505,0.294584816996845,-0.144834186225583,0.884841790092449,0.995069104386573,"Gene3682"
20.131915079839,-0.459256771322646,0.33125775920341,-1.3864030609488,0.165623862309587,0.884104075288354,"Gene3683"
623.559562498076,-0.175630973594534,0.260251840688151,-0.674850072645538,0.499771023764466,0.989592197216116,"Gene3684"
38.2167658967966,0.106938301371507,0.321083440804516,0.333054551500879,0.739093105313267,0.99333153611013,"Gene3685"
30.7664690721432,-2.54990025546428,0.250919745890959,-10.1622144020996,2.92359599389829e-24,4.67775359023726e-22,"Gene3686"
70.5178113429115,0.0713382947748397,0.246555965011172,0.28933915580427,0.772321851080609,0.99333153611013,"Gene3687"
40.2635766431563,-0.00987888479136542,0.250280953994341,-0.0394711808218086,0.968514729977108,0.999049200813736,"Gene3688"
946.941154810058,-0.131997878583973,0.261059294638731,-0.505624129440168,0.613120539190665,0.989592197216116,"Gene3689"
46.2602164662489,0.21801635341649,0.267238268104937,0.81581262654674,0.414607310474959,0.985948027515532,"Gene3690"
14.1317408167275,-0.0604369231520606,0.308207899484339,-0.196091415090844,0.844538615585056,0.994770994247231,"Gene3691"
69.4773791740222,-0.407270345211593,0.250054452062928,-1.62872663074641,0.103370902559671,0.792500650888625,"Gene3692"
203.636534257543,-0.589394176116569,0.314697437759074,-1.87289156312673,0.0610833604678129,0.722880005536248,"Gene3693"
14.8953720822484,-0.255111388079942,0.362632943766767,-0.703497551629014,0.481745732036519,0.988475261094077,"Gene3694"
408.121549337072,-0.180828207087895,0.196267792659561,-0.921334084607317,0.356876031025152,0.97219299808852,"Gene3695"
74.1518837430604,-0.0269579551453572,0.274230624812712,-0.0983039555256398,0.921690937342285,0.995069104386573,"Gene3696"
43.2953858236154,-0.431968363778723,0.273502867669152,-1.57939244827686,0.114246068445863,0.815371191858224,"Gene3697"
168.060302411682,0.0796065147605862,0.283137639986243,0.281158360875135,0.778588940153359,0.99333153611013,"Gene3698"
10.126785431097,1.18502293306039,0.405412764117979,2.92300351134365,0.00346672606908231,0.133335618041627,"Gene3699"
266.198708141396,0.1688732567157,0.266010684671689,0.63483636728398,0.525535141817231,0.989592197216116,"Gene3700"
28.9069496167504,0.323808948291469,0.290152864182959,1.11599431976411,0.264424566028997,0.939142459455892,"Gene3701"
20.6169194290133,0.56845602261813,0.322959277107445,1.76014768087622,0.0783827701342709,0.772573314719356,"Gene3702"
30.9486746530566,-0.216141458407739,0.327496472975597,-0.659981026494428,0.509266005241245,0.989592197216116,"Gene3703"
60.3673842510738,-0.399809052998068,0.266705503269777,-1.4990656289295,0.13385660718362,0.855313783920893,"Gene3704"
17.0774234534958,0.312776026268537,0.32668298374135,0.957429807596516,0.338350359409133,0.97219299808852,"Gene3705"
2.54633406575571,0.558354066033187,0.542864161953657,1.02853366489286,0.303698863462939,0.970716290657991,"Gene3706"
61.0067281964323,-0.0521779424113276,0.26585556992779,-0.196264243873091,0.844403346342417,0.994770994247231,"Gene3707"
170.629752226542,-0.263461395158718,0.259711035301921,-1.0144405102095,0.310372602431063,0.97219299808852,"Gene3708"
41.7927645336016,0.121581569625454,0.285627017087968,0.425665509043945,0.670351598107821,0.992240177738971,"Gene3709"
85.2573656294788,-0.0479642842878318,0.27974259957685,-0.171458635046591,0.863863153198669,0.995069104386573,"Gene3710"
115.448568126525,-0.0944888491555668,0.309736944191926,-0.305061604459484,0.760319233399267,0.99333153611013,"Gene3711"
17.1959458881283,-0.0782427125485975,0.29051677295156,-0.269322530860012,0.787681495399175,0.99333153611013,"Gene3712"
448.508362119353,0.586774162141456,0.19399236039274,3.02472819524194,0.00248856660866709,0.105896451432642,"Gene3713"
21.1562850253924,0.0260129016756227,0.275162058893416,0.0945366587974936,0.924682863319893,0.995069104386573,"Gene3714"
55.6543091425503,-0.0309836823247524,0.272021484546321,-0.113901600002026,0.90931579720515,0.995069104386573,"Gene3715"
540.716279840825,-0.34389540515901,0.190427136807778,-1.80591595779832,0.0709314680694103,0.772193421375786,"Gene3716"
75.1692819905971,-0.418027121150273,0.313363112098847,-1.33400232832259,0.182203093473928,0.88770084566211,"Gene3717"
54.5060545995511,-0.222535679372401,0.268493275960115,-0.828831480328985,0.407199772117151,0.985948027515532,"Gene3718"
13.9998463238385,-0.0126124656462588,0.366349758688359,-0.0344273889831814,0.972536343162873,0.999979708961714,"Gene3719"
16.4118172451738,0.0989969007929524,0.316646033427336,0.312642162990082,0.754552541317549,0.99333153611013,"Gene3720"
30.7699115923525,-0.466639239564089,0.274756001231608,-1.69837687792934,0.0894366532538108,0.772573314719356,"Gene3721"
32.0999478702057,-0.0198199824756266,0.252755734711248,-0.0784155599803473,0.937497496568357,0.995069104386573,"Gene3722"
416.335834560455,0.0668979836273197,0.25987596377927,0.257422743736857,0.796852447370422,0.99333153611013,"Gene3723"
30.491189208478,0.453348796660873,0.329637288950622,1.37529585352457,0.169039741507464,0.884104075288354,"Gene3724"
13.1655628730304,-0.0139282219663486,0.315402442844976,-0.0441601588139712,0.964776739713497,0.998072792424686,"Gene3725"
125.677846872762,0.117071439728423,0.303044124049838,0.386318131379343,0.699261073936401,0.992240177738971,"Gene3726"
61.7340736369941,0.037663554013134,0.328387820835461,0.114692298628229,0.908689018449246,0.995069104386573,"Gene3727"
62.5212763228139,0.0638875478107255,0.241465527775475,0.26458247849826,0.791331119369475,0.99333153611013,"Gene3728"
310.868775827322,-3.74983448295987e-05,0.264719582174991,-0.000141653082561949,0.999886977192812,0.999979708961714,"Gene3729"
103.707679871314,-2.32190162462381,0.215800132084582,-10.759500479424,5.34591511697851e-27,1.01826954609115e-24,"Gene3730"
199.852327552552,-0.0183893039142981,0.222274069833785,-0.0827325649278366,0.93406419055684,0.995069104386573,"Gene3731"
36.7678410880031,-0.174395476713668,0.232188095311421,-0.751095685934121,0.452595071857003,0.985948027515532,"Gene3732"
51.6619415664881,0.00722864892080979,0.255825300319418,0.0282561924554931,0.977457819991981,0.999979708961714,"Gene3733"
47.3440124627152,-0.360598492583306,0.288140423424216,-1.251467906856,0.210763815489911,0.919858845236042,"Gene3734"
18.8980770112127,-0.108740124786626,0.309875268395675,-0.35091579056828,0.725651524738248,0.99333153611013,"Gene3735"
13.8690426716008,0.115851867359575,0.291603069681167,0.397293030852675,0.69115138597405,0.992240177738971,"Gene3736"
94.5212505957636,-0.278961592654403,0.258820030316318,-1.07782072474634,0.281113768854318,0.956043291201446,"Gene3737"
42.3123137127277,0.266185725695229,0.296973365006679,0.89632861751505,0.370077279222178,0.982424481229659,"Gene3738"
49.5682892978232,0.244265556748287,0.25340320821396,0.963940269225172,0.335075873101645,0.97219299808852,"Gene3739"
205.612213247421,0.154891900010725,0.236885447891761,0.653868362912266,0.513196618076521,0.989592197216116,"Gene3740"
21.5805234822049,0.509678740613302,0.294651485411087,1.72976810180413,0.0836717156873238,0.772573314719356,"Gene3741"
584.000818075193,0.28069552108502,0.26716848079177,1.05063112330153,0.293428040942802,0.961193054182653,"Gene3742"
35.4604774284865,-0.0232591981461079,0.291572016910091,-0.0797717092078835,0.936418825379449,0.995069104386573,"Gene3743"
123.562991888301,0.187654949047964,0.247414370984839,0.758464224616374,0.448173122230701,0.985948027515532,"Gene3744"
14.1287164517914,-0.210249100530016,0.285885099840371,-0.735432174140634,0.462076333149068,0.985948027515532,"Gene3745"
75.716857338013,0.0602722430934565,0.283512254849392,0.212591315057878,0.831645746183237,0.993862929817308,"Gene3746"
21.8130490172367,0.740878360359216,0.281668554398451,2.63031974563679,0.00853045939169448,0.266576855990452,"Gene3747"
24.2298571968515,0.309146990147292,0.290134999637168,1.06552808359522,0.286637023912165,0.956043291201446,"Gene3748"
6.65476893447863,-2.55130844924852,0.460687417521977,-5.53804673670474,3.05863649495684e-08,1.8260516387802e-06,"Gene3749"
50.8759275397749,0.214426372912165,0.296932982424298,0.722137268691034,0.470210086811221,0.985948027515532,"Gene3750"
154.364421461498,-0.373154686222418,0.228998055035755,-1.62951028629547,0.103205039121719,0.792500650888625,"Gene3751"
50.1296235302157,-0.0320190728913123,0.230609023894223,-0.138845706688386,0.889572075044967,0.995069104386573,"Gene3752"
32.1171921846232,-0.651015713149135,0.282416112508917,-2.30516491203589,0.0211573391750212,0.468560310012651,"Gene3753"
29.9177239540804,-0.124565679196452,0.281180593001676,-0.443009518781792,0.657758849679997,0.991806639138922,"Gene3754"
119.651498208247,0.022403675490038,0.225712651960302,0.0992575085865291,0.920933814992169,0.995069104386573,"Gene3755"
192.055472795368,0.209109083243994,0.264662037978632,0.790098515227471,0.42947023692862,0.985948027515532,"Gene3756"
3.87932077916601,0.365475597991635,0.501978394756319,0.728070374759957,0.466570507720458,0.985948027515532,"Gene3757"
28.8962421372894,0.165390041672937,0.247688225034993,0.667734776853325,0.504302906791762,0.989592197216116,"Gene3758"
132.086359081677,-0.409612925227363,0.235723988131765,-1.73768027799698,0.0822671656980481,0.772573314719356,"Gene3759"
385.96569590334,0.242043653766766,0.251787660808954,0.96130069674232,0.336400997704171,0.97219299808852,"Gene3760"
105.074448172737,-0.323428512671449,0.243212380201643,-1.32981928141693,0.183577821512444,0.88770084566211,"Gene3761"
43.220847468049,-0.0194239314471519,0.270050557225848,-0.0719270185801074,0.942659988014781,0.995069104386573,"Gene3762"
102.813251224455,-0.299089767962756,0.268958411707828,-1.11202979696229,0.266125339052342,0.939142459455892,"Gene3763"
63.5136182088319,0.00552526390431641,0.242492936427759,0.02278525711186,0.981821568093311,0.999979708961714,"Gene3764"
103.074904638291,-0.182411369017368,0.250499122345092,-0.728191649175024,0.466496277070826,0.985948027515532,"Gene3765"
91.969690920483,-0.241351364236576,0.252793784650986,-0.954736148160416,0.339711144689827,0.97219299808852,"Gene3766"
326.328039540505,-0.198607911536704,0.222998278143204,-0.890625314197103,0.373130214048713,0.982954918160987,"Gene3767"
69.9984400162179,0.0903281455141691,0.262858409653268,0.343638027915179,0.731118522266875,0.99333153611013,"Gene3768"
32.9599196548384,-0.306467051480649,0.230377129888558,-1.33028418067756,0.183424657306251,0.88770084566211,"Gene3769"
171.431932832791,-0.0802126927736477,0.267668978431441,-0.299671232892581,0.764427943522783,0.99333153611013,"Gene3770"
17.5538968298995,-0.645298288607592,0.303932876824514,-2.12316053251514,0.0337404019767081,0.607935170751497,"Gene3771"
35.9599964583971,-0.286192552511324,0.270983249881629,-1.05612635702147,0.290910490152494,0.95773000873249,"Gene3772"
3.45303977178562,-0.049097427766594,0.514841720239826,-0.0953641203430896,0.924025613975286,0.995069104386573,"Gene3773"
74.605266876914,-0.220828126453012,0.211785954563432,-1.04269486098934,0.297089638749323,0.963794448497398,"Gene3774"
71.4059001191542,-2.0820528262131,0.191706209078109,-10.8606436704655,1.77493675486844e-27,3.54987350973688e-25,"Gene3775"
6.91419775968991,0.25919155919696,0.414408245576647,0.625449811782332,0.531675878261291,0.989592197216116,"Gene3776"
1088.9277792392,-0.00478079901955018,0.204714567582848,-0.0233534871308824,0.98136830676821,0.999979708961714,"Gene3777"
16.5264383047736,-0.178410466548662,0.316381692144352,-0.563908945993184,0.572816101444444,0.989592197216116,"Gene3778"
10.1845562136885,0.664390416395727,0.33594100308177,1.97769968625715,0.04796259568987,0.685085529328067,"Gene3779"
34.2659752352545,-0.490157240272988,0.23760431423884,-2.06291389044511,0.0391208101522641,0.641324756594494,"Gene3780"
72.4004307186195,-0.389505825299325,0.236263481283562,-1.64860783047484,0.0992280034841501,0.790394480732271,"Gene3781"
30.4508920721288,-0.163805721572933,0.30483699019296,-0.53735513353955,0.591022328597169,0.989592197216116,"Gene3782"
86.4223037711531,-0.0882665044397535,0.226203431456188,-0.39020851218541,0.696382367743302,0.992240177738971,"Gene3783"
17.5518745377151,-0.177979965110747,0.315607649358172,-0.563927919594761,0.572803188176955,0.989592197216116,"Gene3784"
143.701517543476,-0.0346387000811004,0.220886977542405,-0.156816397537291,0.875389549376828,0.995069104386573,"Gene3785"
60.1351670691503,-0.353634604372605,0.294791227564534,-1.19961033879541,0.230290709370587,0.92530269404883,"Gene3786"
476.855902009594,-0.309490248188241,0.205663049713144,-1.50484128587957,0.132364886453095,0.851547482013261,"Gene3787"
99.1759969317944,0.367744552058655,0.261526198276612,1.40614804360708,0.159680168582117,0.876928227579774,"Gene3788"
49.9644887625285,-0.0217272457938707,0.296432876065844,-0.0732956684232439,0.941570838528268,0.995069104386573,"Gene3789"
66.1315949397866,-0.439107678296464,0.261807068006264,-1.67721857794137,0.0934997474760921,0.777551211643128,"Gene3790"
95.7123395397882,-0.0769963395159057,0.305432876795847,-0.252089232579145,0.800972092422952,0.99333153611013,"Gene3791"
20.7538898153435,-0.372231967753123,0.319845288845152,-1.1637875583446,0.24451011541076,0.936290561093852,"Gene3792"
17.3549022106961,0.144190605947907,0.327251032531872,0.440611614980507,0.659494192709887,0.991806639138922,"Gene3793"
145.157828162971,0.0176627143980164,0.245530349075902,0.0719369905369873,0.942652052101979,0.995069104386573,"Gene3794"
64.1609933649412,-0.120032873586675,0.238306841977121,-0.503690421100872,0.614478940672127,0.989592197216116,"Gene3795"
9.75859173812665,0.0924299983474194,0.344088507195569,0.268622742156526,0.788220009631675,0.99333153611013,"Gene3796"
15.4561687887714,-0.170370683418069,0.298925840056283,-0.569942977783357,0.568716373961271,0.989592197216116,"Gene3797"
58.3982605688115,-0.0301206824204985,0.262137105166793,-0.114904307047006,0.908520971179824,0.995069104386573,"Gene3798"
208.552805900552,-0.0745017912811434,0.263521618929158,-0.282716050333508,0.777394511606866,0.99333153611013,"Gene3799"
62.2301445617599,0.809282045072477,0.300965139905255,2.68895608749652,0.00716758472731039,0.236944949663153,"Gene3800"
63.3597474207088,0.212918900218339,0.291693644903955,0.729940140754337,0.465426774653646,0.985948027515532,"Gene3801"
29.8748617910535,-0.190154143658109,0.291875508149291,-0.651490578513518,0.514729856929941,0.989592197216116,"Gene3802"
25.8844608251612,0.401219302405879,0.295112266573985,1.35954803595158,0.173972991688249,0.884104075288354,"Gene3803"
24.2665248665573,-0.468299393133446,0.348116417770012,-1.34523788373243,0.178548425846746,0.885127721440579,"Gene3804"
88.012356459406,-0.0830838967406198,0.259272945223909,-0.320449542735237,0.74862757423602,0.99333153611013,"Gene3805"
25.588611402484,0.236713643472775,0.358772891228275,0.659786871472856,0.509390609421307,0.989592197216116,"Gene3806"
66.2256773562557,-0.190754550645226,0.2571274848422,-0.741867602221879,0.458167556696416,0.985948027515532,"Gene3807"
30.97427246239,-0.106260250699094,0.268600038189269,-0.395607727442757,0.6923944355662,0.992240177738971,"Gene3808"
64.3883402120395,-0.455333913853744,0.258426468904498,-1.76194766652178,0.0780781399757912,0.772573314719356,"Gene3809"
196.697843119686,-0.0931813761664813,0.27191552808578,-0.342685012593638,0.731835438984684,0.99333153611013,"Gene3810"
130.137818189724,0.320754555811357,0.259416052962295,1.23644836990091,0.216291945944572,0.919858845236042,"Gene3811"
44.6640377529333,0.470751085316471,0.267967919578625,1.75674418809804,0.0789614220273798,0.772573314719356,"Gene3812"
15.8663969622288,-0.130517323732756,0.35587040717097,-0.366755203868503,0.713801624730959,0.992240177738971,"Gene3813"
104.374287560237,0.247147240751256,0.281447397210147,0.878129423832334,0.379873486836044,0.985240646476599,"Gene3814"
61.1620871231041,-0.357239958076599,0.251153061412798,-1.42239937696573,0.154910343910067,0.872600384978322,"Gene3815"
15.9983533181617,-0.484541586430854,0.29942198833267,-1.61825652527732,0.105607325672663,0.794679342487159,"Gene3816"
159.257803324138,-0.37746144299068,0.247136990334852,-1.52733689311037,0.126677259993652,0.84159426347677,"Gene3817"
147.947675568194,-0.258393692426362,0.235237201612395,-1.09843889765413,0.272012885045851,0.945966523915443,"Gene3818"
22.0090911890318,0.118538033248543,0.273269200306636,0.433777509926223,0.664450014756334,0.992240177738971,"Gene3819"
1310.82239736819,0.363132840294808,0.308636831813927,1.17657001000365,0.239367173693425,0.92910568183392,"Gene3820"
1.09114176025041,-0.999414230931587,0.827468345112479,-1.20779753912609,0.227125148297306,0.923969630274923,"Gene3821"
77.578522883839,-1.7711390952238,0.214305418801683,-8.2645558153749,1.40215847239717e-16,1.16846539366431e-14,"Gene3822"
27.539158569968,-0.00333138632582283,0.297352503395861,-0.0112034917741648,0.991061093885979,0.999979708961714,"Gene3823"
65.0458490837977,-0.458319386498286,0.219487950913635,-2.08813005265435,0.036786104793837,0.626045953549491,"Gene3824"
16.1780379072465,0.470602034872491,0.294577114769729,1.59755123964861,0.110142885535985,0.805619966539059,"Gene3825"
41.0531235243384,0.162680185031239,0.328657110389594,0.494984529129451,0.620611041196328,0.989592197216116,"Gene3826"
27.871023968846,-0.477212879148651,0.312606594207636,-1.52656050125316,0.126870335219123,0.84159426347677,"Gene3827"
106.44294564428,0.111493333175345,0.195432583866724,0.57049510869374,0.568341938694802,0.989592197216116,"Gene3828"
116.635926821779,-0.400682775293274,0.294878285236418,-1.35880732951234,0.174207650139626,0.884104075288354,"Gene3829"
126.78799787083,-0.0763574191546302,0.236816926873234,-0.322432269360136,0.747125241055807,0.99333153611013,"Gene3830"
80.9484120316888,-0.166924700981042,0.237327440313556,-0.703351878571233,0.481836487644066,0.988475261094077,"Gene3831"
47.6399751760355,-0.271699098007995,0.293102404202752,-0.926976695216897,0.353938634381079,0.97219299808852,"Gene3832"
41.2210570161048,-0.495936429392983,0.251882136299869,-1.96892259482254,0.0489619804681628,0.685085529328067,"Gene3833"
415.372371568575,0.39357702825466,0.273583895049763,1.43859721049396,0.150264677167054,0.872600384978322,"Gene3834"
174.914653531368,0.23369468226591,0.220930933381138,1.05777257484697,0.290159138879639,0.956043291201446,"Gene3835"
53.079940625207,0.26571381362225,0.269249809332008,0.986867230403873,0.323707730811505,0.97219299808852,"Gene3836"
282.967788083907,0.535003850215739,0.306602596567656,1.74494233318629,0.0809949074697092,0.772573314719356,"Gene3837"
90.6293117042429,-0.231014067561076,0.249325165759044,-0.926557360777352,0.354156402075098,0.97219299808852,"Gene3838"
46.1617838653931,0.23589563577472,0.319431530619672,0.738485757235989,0.460219319007249,0.985948027515532,"Gene3839"
14.4113013463268,0.344891446627548,0.312480713985708,1.10372074560519,0.269714293567463,0.943034028647173,"Gene3840"
84.671450327368,0.00755775804301301,0.242192901670459,0.0312055307603379,0.975105629154998,0.999979708961714,"Gene3841"
108.472949551223,0.622476514426092,0.234088099271903,2.6591548923769,0.00783369392694229,0.250047989490917,"Gene3842"
24.1276569549707,-0.087085521408005,0.27564563714835,-0.315932885094555,0.752053450626393,0.99333153611013,"Gene3843"
15.3912293475367,-0.181871895558444,0.305975439263877,-0.594400308717574,0.552244402045469,0.989592197216116,"Gene3844"
7.81173307926347,-1.48047670765784,0.365433568562874,-4.051288209455,5.09364193056237e-05,0.00261212406695506,"Gene3845"
18.4697024284396,-0.521092086431439,0.335170111879772,-1.55470928928877,0.120015321243839,0.83055585635875,"Gene3846"
165.45754149501,0.126110150312355,0.209461594934658,0.602068127819301,0.547128789137034,0.989592197216116,"Gene3847"
89.3082917690155,0.0181669281862968,0.281799946747704,0.0644674649373221,0.948598012422309,0.996539932531957,"Gene3848"
16.2425071499464,0.0878369782855807,0.280917539082958,0.312678868583003,0.75452465156059,0.99333153611013,"Gene3849"
8.83034261968724,-0.231832470713649,0.382644510710759,-0.605869061816728,0.54460170516309,0.989592197216116,"Gene3850"
1.87638346743155,-0.0915323724038249,0.625630916771806,-0.146304106702595,0.883681324064012,0.995069104386573,"Gene3851"
16.1846717301301,-0.0303605139681509,0.297268110033633,-0.10213175562194,0.918652095455694,0.995069104386573,"Gene3852"
78.4335987004823,-0.0155095850154759,0.279644207271961,-0.0554618497796825,0.955770522611214,0.997727678819377,"Gene3853"
14.3171624917141,0.344076259960923,0.315701718514169,1.08987769081618,0.275767025038498,0.950990735044977,"Gene3854"
77.2884026009128,0.126674463889718,0.239520387938869,0.528867145631244,0.596897614550666,0.989592197216116,"Gene3855"
449.144042062973,0.00529689689065491,0.264533603472698,0.0200235313061147,0.984024601059448,0.999979708961714,"Gene3856"
3.94229320792247,-0.132370535364849,0.455350474594293,-0.290700334687887,0.771280515604748,0.99333153611013,"Gene3857"
43.1836287038992,0.209453972850004,0.234625584327497,0.892715828285981,0.37200937179212,0.982851708829908,"Gene3858"
14.8994070790313,0.143589103743938,0.302787904958559,0.474223380103608,0.635340622628334,0.989592197216116,"Gene3859"
186.883549178563,0.173034896253123,0.202865667405569,0.852953082037249,0.393685323144301,0.985240646476599,"Gene3860"
52.0430331271839,-0.450202887072889,0.328677399513985,-1.36974093058605,0.170767786946808,0.884104075288354,"Gene3861"
67.8649171944909,-0.182852792089711,0.226738012958567,-0.806449653958663,0.41998362635425,0.985948027515532,"Gene3862"
69.994952176822,-0.12867856481448,0.25793904563814,-0.498871989295494,0.617869568225526,0.989592197216116,"Gene3863"
71.4650495044126,0.0392757718355107,0.278294212287479,0.141130394026803,0.887766932989486,0.995069104386573,"Gene3864"
84.5334604489634,-1.07426300437241,0.262029982163224,-4.09977131434992,4.13558586902438e-05,0.00214835629559708,"Gene3865"
11.9219253148026,0.703813003128066,0.343112836035381,2.05125815536522,0.0402418131606998,0.644046884929053,"Gene3866"
258.501751513118,0.0536000379768006,0.246203337366279,0.217706382659872,0.827657890316084,0.993862929817308,"Gene3867"
208.097955441644,-1.6757978941839,0.163808663049982,-10.2302153193972,1.45196190369181e-24,2.41993650615302e-22,"Gene3868"
38.9754341174715,-0.210709039237202,0.290756801245427,-0.724691695377892,0.468641190993488,0.985948027515532,"Gene3869"
42.9870442067701,-0.0460539740609242,0.293153694821784,-0.157098391984865,0.875167304857637,0.995069104386573,"Gene3870"
5.93833478057023,-0.354439753725031,0.395171028981165,-0.896927476285022,0.369757617438401,0.982424481229659,"Gene3871"
57.4093132492448,0.114063148881618,0.300392924221882,0.379713167935231,0.70415834441991,0.992240177738971,"Gene3872"
3.21428315135545,0.276539068726473,0.844103847204251,0.327612615014605,0.74320458251006,0.99333153611013,"Gene3873"
44.8812313013551,-0.11335973257118,0.248473300662362,-0.456225003929975,0.648228186919659,0.990448176597679,"Gene3874"
8.36415170136596,-0.0798804739036069,0.352901160708189,-0.226353672918802,0.820926356495286,0.993862929817308,"Gene3875"
19.0860171515266,-0.265374200649074,0.284856311255882,-0.931607235518443,0.351539542449012,0.97219299808852,"Gene3876"
48.2726849669574,0.170734361922109,0.310805820340489,0.549328071575588,0.582780326160058,0.989592197216116,"Gene3877"
93.7496797388446,-0.675838142151295,0.287825246936336,-2.34808499026766,0.0188702149422604,0.43996843547195,"Gene3878"
242.449522597978,-0.156124163567664,0.19923524443469,-0.783617195896493,0.433264762649909,0.985948027515532,"Gene3879"
33.9709850339797,0.0500700818682582,0.297085442738823,0.168537648316469,0.86616032817885,0.995069104386573,"Gene3880"
49.0244131803075,0.206214246677077,0.219908010459981,0.937729581772576,0.348383397497482,0.97219299808852,"Gene3881"
37.1112216735658,-0.585565858948474,0.234457127076237,-2.49753917166301,0.0125058647504826,0.337996344607637,"Gene3882"
30.3805853127384,-0.244633637365485,0.298624212671241,-0.819202284962757,0.412671011468261,0.985948027515532,"Gene3883"
36.9677220452954,0.431303081529525,0.251418988553338,1.7154753664838,0.086258107967097,0.772573314719356,"Gene3884"
109.1697486837,-0.127396504993004,0.24318936931983,-0.523857211971542,0.6003778571127,0.989592197216116,"Gene3885"
462.814591465565,-0.12196383459727,0.289027371531177,-0.421980222672835,0.673039453187971,0.992240177738971,"Gene3886"
354.603614683313,-0.0468095985371249,0.274752497706353,-0.170370056424941,0.864719119365005,0.995069104386573,"Gene3887"
45.1362451552459,0.154800919431045,0.274185960128587,0.564583683856192,0.572356965681198,0.989592197216116,"Gene3888"
106.947818658391,0.50398084417288,0.261494238706366,1.92731146455125,0.0539408256929729,0.702630642532373,"Gene3889"
26.4416459880483,0.127605291103079,0.287826261073643,0.443341377632079,0.657518831148844,0.991806639138922,"Gene3890"
6.42057857763643,-0.549040232015056,0.412589289657416,-1.33071857602251,0.183281628400631,0.88770084566211,"Gene3891"
96.4239330163078,-0.295738569191093,0.253851816149193,-1.16500474047144,0.244017073980762,0.936290561093852,"Gene3892"
77.5039943402818,0.136352662799066,0.26971095707917,0.505551069469681,0.613171838631604,0.989592197216116,"Gene3893"
381.408808441384,-0.17445891444649,0.267771433830351,-0.651521754770225,0.51470973852013,0.989592197216116,"Gene3894"
39.6324885966906,0.35967960821691,0.24735717087967,1.45409007928814,0.145921333688578,0.872600384978322,"Gene3895"
6.18316696611547,0.00184222121783621,0.377800368612764,0.00487617633778553,0.996109389602237,0.999979708961714,"Gene3896"
66.2052621006807,-0.264214368652206,0.26137115489277,-1.01087807015507,0.312074791244916,0.97219299808852,"Gene3897"
9.33277946841579,0.338109030614183,0.35110819327432,0.962976760699002,0.335559185787316,0.97219299808852,"Gene3898"
11.4540708284593,-0.167046125264669,0.352420153701454,-0.473997084191102,0.635501986498784,0.989592197216116,"Gene3899"
33.1842107122658,-0.163737570018186,0.356493148551477,-0.45930074864971,0.646018210230594,0.990448176597679,"Gene3900"
29.2201192107519,-0.275378757187491,0.276282257627152,-0.996729792034349,0.318895684737727,0.97219299808852,"Gene3901"
10.3001113927193,0.103205120892614,0.331525572446789,0.311303650366757,0.755569792476912,0.99333153611013,"Gene3902"
205.015618809918,0.00978611093410367,0.243433853209842,0.0402002876965019,0.967933448268324,0.999049200813736,"Gene3903"
80.4793325538821,0.479553234501692,0.283378406889418,1.69227161577214,0.0905941971795824,0.772573314719356,"Gene3904"
19.4140010094718,-0.0546110282456665,0.308185734758834,-0.177201674465567,0.85934998044555,0.995069104386573,"Gene3905"
21.1156486339956,-0.350972576636297,0.289845037324156,-1.21089731215159,0.225934762890671,0.923969630274923,"Gene3906"
13.5167553405487,0.301914438280351,0.333303101823386,0.905825468256017,0.365028238522799,0.979941579926978,"Gene3907"
85.6358980493725,0.132951287609353,0.239533145182547,0.555043384530484,0.578864985975834,0.989592197216116,"Gene3908"
157.156227950499,0.117745867535847,0.315191502662094,0.373569295305776,0.708724781432747,0.992240177738971,"Gene3909"
31.9161935687534,0.272551439942141,0.307689419462706,0.885800494596392,0.375725043277048,0.984862498760283,"Gene3910"
205.212909051805,-0.083007796496792,0.224331666796907,-0.370022644069867,0.711365618449243,0.992240177738971,"Gene3911"
30.9734279348121,0.0755508958737223,0.261744546687965,0.288643629178602,0.772854104596688,0.99333153611013,"Gene3912"
71.0245044044002,-0.0740693639847443,0.273772519087081,-0.270550763209307,0.78673656904468,0.99333153611013,"Gene3913"
200.623418396121,-0.248907979335066,0.258236504595626,-0.963876039620472,0.335108077834315,0.97219299808852,"Gene3914"
21.9820278422291,0.153491543486768,0.262315463773634,0.585141040786007,0.558452885039371,0.989592197216116,"Gene3915"
61.791409944643,0.18069181120926,0.347204014308138,0.520419706463702,0.602771077901738,0.989592197216116,"Gene3916"
101.196934416359,0.0153178183153517,0.292451865042033,0.0523772290292974,0.9582281178093,0.998072792424686,"Gene3917"
26.8001246937338,0.790200814135985,0.262079604798762,3.01511754317068,0.00256879682305125,0.10731579633975,"Gene3918"
70.406395311513,0.0501410307023901,0.261652161734678,0.191632396116927,0.848030164355871,0.995069104386573,"Gene3919"
88.6863330016189,0.302545962875238,0.31509004929031,0.960188884278239,0.336960160233102,0.97219299808852,"Gene3920"
246.498889699198,0.0229679810085612,0.253495925827073,0.0906049315531379,0.927806513240463,0.995069104386573,"Gene3921"
139.098213461545,0.0699474549035061,0.265819158128523,0.263139253754188,0.792443249601093,0.99333153611013,"Gene3922"
31.2063448499798,0.369711402085767,0.245475339058493,1.5061040490005,0.132040465371242,0.851547482013261,"Gene3923"
104.070971614442,0.0605631924161937,0.28092927409877,0.215581635664287,0.829313871823881,0.993862929817308,"Gene3924"
370.257560165273,-0.129773459632192,0.253510926707304,-0.511904797626431,0.608717640297218,0.989592197216116,"Gene3925"
23.886784498972,0.413739601608273,0.318401258233535,1.29942828713576,0.193796989252403,0.900602206913939,"Gene3926"
260.004878004746,-0.215900407309977,0.230652030572988,-0.936043817926227,0.349250627606635,0.97219299808852,"Gene3927"
10.4702390428744,0.0856781092408278,0.34993276393486,0.244841632653685,0.806579056596412,0.993862929817308,"Gene3928"
15.3530038177535,-0.265258785162227,0.331095317866969,-0.801155349677297,0.423041716488173,0.985948027515532,"Gene3929"
76.2922489838906,-0.236751327564361,0.221434980058448,-1.0691685997482,0.28499370494892,0.956043291201446,"Gene3930"
7.56496949629505,-0.777432603483254,0.393277506536846,-1.97680414099762,0.0480637734469411,0.685085529328067,"Gene3931"
70.2068433960533,-0.400863755245488,0.301321031619671,-1.33035438346521,0.183401536753031,0.88770084566211,"Gene3932"
4.47956096433741,0.635900575577438,0.446267741931913,1.42493063205643,0.154177253936816,0.872600384978322,"Gene3933"
22.4815153037865,0.0850326181955288,0.357310775015006,0.237979440144109,0.81189704054541,0.993862929817308,"Gene3934"
15.9971115687472,-0.0418113764769793,0.328602553012726,-0.127239962360731,0.898750477020838,0.995069104386573,"Gene3935"
145.865317962476,0.549781282233666,0.235801874636333,2.33153906465574,0.0197249526874442,0.452983493087253,"Gene3936"
12.4215841022605,-0.639492405462393,0.338229528339401,-1.89070542894967,0.0586636773478728,0.711494966081943,"Gene3937"
237.038100016875,-0.0632470402668955,0.253241624204759,-0.249749781322508,0.802780857854152,0.99333153611013,"Gene3938"
16.5265883259799,-0.131893718046093,0.356198682521086,-0.37028131915756,0.711172891351543,0.992240177738971,"Gene3939"
38.0299472279363,0.294829722178034,0.319348170024898,0.923223459069916,0.35589076602592,0.97219299808852,"Gene3940"
20.7159158949253,-0.0482717529172169,0.286931853220663,-0.168234207444699,0.866399030797465,0.995069104386573,"Gene3941"
176.11342128721,-0.442569691978932,0.278382428503444,-1.58979032677508,0.111882075026508,0.80982593218475,"Gene3942"
10.4737993761372,0.663906502327635,0.339747107224278,1.95411966197954,0.0506870673294546,0.689619963666049,"Gene3943"
123.875599654785,-0.098079786320306,0.267286025695741,-0.366946929099664,0.713658605078174,0.992240177738971,"Gene3944"
150.342131386537,0.234280856732754,0.287070302642495,0.816109693605322,0.414437400244996,0.985948027515532,"Gene3945"
36.7405760208519,0.510058031092798,0.250632902034373,2.03508009903204,0.0418428140695886,0.653793969837322,"Gene3946"
9.88882783133851,-0.445415356792316,0.331585934926642,-1.34328784751035,0.179178785589142,0.885127721440579,"Gene3947"
122.417842029732,-0.35583460602017,0.257168419803472,-1.38366369514615,0.166461454988559,0.884104075288354,"Gene3948"
14.8510436645099,0.175450340177842,0.329693361093477,0.532162187300148,0.594613669505775,0.989592197216116,"Gene3949"
21.4122692176166,-0.090581145738617,0.265973073125618,-0.340565098091099,0.73343100796743,0.99333153611013,"Gene3950"
24.6796854871455,-0.507559296708058,0.347517302234836,-1.46052957203574,0.144144586276655,0.872600384978322,"Gene3951"
17.5169812023345,0.639750620774556,0.33405084872874,1.91512945771335,0.0554759959181663,0.710307158506038,"Gene3952"
378.590673731321,0.093031160070484,0.297623703341485,0.312579808079811,0.754599920751679,0.99333153611013,"Gene3953"
123.101058116176,0.0955241050675461,0.212346178280877,0.449850832451495,0.652818002031774,0.991806639138922,"Gene3954"
76.0259954437184,-0.0665353707351419,0.261588744498562,-0.254351045809265,0.799224367262109,0.99333153611013,"Gene3955"
28.4048095609839,-0.42586878915017,0.257676414513937,-1.65272708390289,0.0983864197127507,0.785797863323545,"Gene3956"
176.884411418569,-0.0875251503096855,0.259342429587376,-0.337488742003927,0.735748497449791,0.99333153611013,"Gene3957"
14.8469784168893,-0.536216631208413,0.318646785730299,-1.68279315913848,0.0924151397912208,0.777551211643128,"Gene3958"
38.6763570583409,-0.143328638317374,0.263178891979414,-0.54460537180385,0.586024959399072,0.989592197216116,"Gene3959"
184.340850292013,-0.0944943171244653,0.275108800040775,-0.343479805482267,0.73123753067273,0.99333153611013,"Gene3960"
18.1994052879182,0.21083971463394,0.314146790401083,0.671150306405338,0.502124782111176,0.989592197216116,"Gene3961"
58.3637627298547,0.507119374524439,0.261305718462766,1.94071288415641,0.0522931127175249,0.697241502900332,"Gene3962"
19.1512544282642,-0.271043907081571,0.297675493392457,-0.91053483776115,0.362540517781521,0.979139537995581,"Gene3963"
38.3784392488736,0.427702395845749,0.248769006806518,1.71927524789452,0.0855642647765141,0.772573314719356,"Gene3964"
47.1045642725663,0.471384877114464,0.302604675656147,1.5577580752589,0.119290607813009,0.827638425511026,"Gene3965"
46.0264187609467,-0.0883717149469075,0.302826998443393,-0.291822444501846,0.77042238358613,0.99333153611013,"Gene3966"
205.031385437845,0.168931912595006,0.239529919457301,0.705264348511252,0.480645742622089,0.988475261094077,"Gene3967"
107.733212143522,-0.090210156675652,0.265659080353199,-0.33957113965657,0.73417951517834,0.99333153611013,"Gene3968"
136.074970831375,-0.206225941367565,0.250368700536495,-0.823688987184338,0.410116298520474,0.985948027515532,"Gene3969"
147.171102648573,0.254864481606407,0.276060150621778,0.923220830794916,0.355892135417886,0.97219299808852,"Gene3970"
251.972177240269,0.211141758406316,0.245388749107206,0.860437812143019,0.38954774990885,0.985240646476599,"Gene3971"
68.6272972555501,-0.212048631799768,0.254402086437921,-0.833517660050766,0.404552842128211,0.985948027515532,"Gene3972"
109.238773733532,-0.0261672345970448,0.272421190653825,-0.0960543287188563,0.923477423918527,0.995069104386573,"Gene3973"
37.3596578501159,-0.0674982746219958,0.253494294127491,-0.266271376459656,0.790030215857405,0.99333153611013,"Gene3974"
53.2148849638953,0.400037954035253,0.312299482354075,1.28094337851544,0.20021355481904,0.914217145292419,"Gene3975"
104.592584212966,0.0511800445296305,0.276347356366586,0.185201860450361,0.853070709907494,0.995069104386573,"Gene3976"
35.5549160068821,-0.508748599278373,0.300370534401429,-1.6937367052071,0.0903153263110458,0.772573314719356,"Gene3977"
35.2436277620166,0.112453385532584,0.308353987518419,0.36468925353484,0.715343381383138,0.992464638104643,"Gene3978"
73.5061371335114,-0.145374393253184,0.247363177598262,-0.587696174768921,0.556736243585427,0.989592197216116,"Gene3979"
184.352227331292,-2.70196046630493,0.185122859270631,-14.5954987782192,3.00010500218232e-48,2.40008400174585e-45,"Gene3980"
9.75118408954213,0.127754129977025,0.323839080805684,0.394498803724317,0.693212810236329,0.992240177738971,"Gene3981"
31.6663268813544,-0.0105397315969881,0.289855895573957,-0.0363619707514241,0.970993737057117,0.999979708961714,"Gene3982"
71.1219157856763,-0.0357096386453508,0.347393660638279,-0.102793006008631,0.918127256256962,0.995069104386573,"Gene3983"
89.4742777893977,-0.072665636919684,0.222692567507748,-0.326304724638624,0.744193813947591,0.99333153611013,"Gene3984"
8.8368941635546,-0.116106760625139,0.372086061247321,-0.312042757624193,0.755008028617399,0.99333153611013,"Gene3985"
20.9349931051898,0.0543937516108201,0.344650319296195,0.157823012385124,0.874596264651037,0.995069104386573,"Gene3986"
10.7754691308938,-0.029507935460388,0.338984094184063,-0.0870481416876323,0.930633245773059,0.995069104386573,"Gene3987"
48.3681243234309,0.324638462079062,0.289698149472045,1.12060937451859,0.262454172878867,0.939142459455892,"Gene3988"
252.053678717254,-0.244331283248498,0.225710163913829,-1.08250013651037,0.279030354775574,0.951510161212528,"Gene3989"
47.9613926148149,-0.386333349897077,0.245581785952051,-1.5731351915997,0.115687517813734,0.815371191858224,"Gene3990"
43.1812947102806,0.119277170045936,0.252597508992803,0.472202479436699,0.63678227013808,0.989592197216116,"Gene3991"
717.700446635066,0.16614818225455,0.323742978121604,0.513210149664285,0.607804326923117,0.989592197216116,"Gene3992"
25.8627683479351,-0.205592095891739,0.29728405389979,-0.691567856381025,0.489208753520286,0.989592197216116,"Gene3993"
57.6648048604688,0.264718286972307,0.248190803133365,1.06659184639514,0.286156183975872,0.956043291201446,"Gene3994"
35.8078257957784,0.288168229713191,0.286190821624512,1.00690940428297,0.313978312300775,0.97219299808852,"Gene3995"
19.1708895393047,-0.785252047795677,0.303757668787,-2.58512666011508,0.00973432304392129,0.294979486179433,"Gene3996"
114.732405059465,-0.466853009854404,0.275528654865497,-1.69439004477522,0.0901911899896414,0.772573314719356,"Gene3997"
27.1744842528845,0.294646510918149,0.291237230302714,1.01170619776837,0.311678551270885,0.97219299808852,"Gene3998"
149.02881391518,0.053648738123859,0.269922918962456,0.198755771944364,0.842453794537216,0.994542863052211,"Gene3999"
34.6172192388329,-0.227084411795895,0.262722603123158,-0.864350494005433,0.387395379644453,0.985240646476599,"Gene4000"
