"baseMean","log2FoldChange","lfcSE","stat","pvalue","padj","gene"
260.537501864307,0.0502386474242072,0.27617808127957,0.181906714651086,0.8556559348888,0.994277373720757,"Gene0001"
30.2735814015973,-0.0242048867325193,0.288637708530124,-0.0838590593577732,0.933168490755245,0.995673949128029,"Gene0002"
91.8945649703946,-0.121332004792027,0.298891599722137,-0.40593982870319,0.684786812504397,0.994277373720757,"Gene0003"
118.61440071703,0.0583316796192313,0.328570093825839,0.177531920023587,0.859090594874625,0.994277373720757,"Gene0004"
101.9121110519,0.276197300939367,0.304878190867345,0.905926724878602,0.364974637882804,0.965773320271778,"Gene0005"
53.3915166901171,-0.127884891680322,0.296072698349873,-0.431937468037661,0.665786862037669,0.994277373720757,"Gene0006"
354.970630814197,0.152426873944034,0.302487326506828,0.503911604179532,0.614323495716715,0.994277373720757,"Gene0007"
44.5966197941017,0.0602242320809182,0.29669166550649,0.202985924724605,0.839146033642401,0.994277373720757,"Gene0008"
644.116393900874,-0.25212197775535,0.28198092896356,-0.894110033192814,0.37126302163387,0.965773320271778,"Gene0009"
48.2902792762283,0.192642404067555,0.2944780796876,0.654182492197457,0.512994239789821,0.993765320745238,"Gene0010"
204.653108011623,-0.140867830365906,0.29381594595783,-0.479442427492087,0.631623916398388,0.994277373720757,"Gene0011"
1017.91714929282,0.135716683381157,0.26568715070747,0.510813876470018,0.609481391542445,0.994277373720757,"Gene0012"
10.7353235870492,-0.239962116045317,0.385065698072974,-0.623171882736336,0.533171576602221,0.994277373720757,"Gene0013"
40.3971829299986,-0.464702949289004,0.322792878194798,-1.43963197666513,0.149971547797168,0.922991707713332,"Gene0014"
46.7977316127128,0.0572981876594951,0.327939955936725,0.174721581259682,0.861298409226169,0.994277373720757,"Gene0015"
122.13888805436,-0.085579683025667,0.298259090058967,-0.286930678319804,0.774165399787437,0.994277373720757,"Gene0016"
38.7732054700093,0.227143820055556,0.28795685023035,0.788812003860485,0.430221892562378,0.984915063210876,"Gene0017"
1.86430336180575,-0.381534504477189,1.07612524769472,-0.354544701273867,0.722930709988342,0.994277373720757,"Gene0018"
3.07129563973521,-0.152776131306269,0.641029827191178,-0.23832920844837,0.81162576885972,0.994277373720757,"Gene0019"
246.195319996556,-0.0848517305780573,0.340073026052557,-0.249510323012046,0.802966056756675,0.994277373720757,"Gene0020"
36.4746271243091,0.447858902151293,0.331722572558429,1.35010077456338,0.176983659954031,0.922991707713332,"Gene0021"
6.77582146314619,-0.0699315827718551,0.453575290674417,-0.154178554717728,0.877468950854604,0.994277373720757,"Gene0022"
37.8658898730251,0.326394678309184,0.281369272351484,1.16002247004945,0.246039657703594,0.95794362182403,"Gene0023"
218.223008406826,0.110129635041753,0.237739637795372,0.463236320468128,0.643194984813943,0.994277373720757,"Gene0024"
458.999328847346,0.155343343126028,0.289375896219097,0.536821985368167,0.591390583717302,0.994277373720757,"Gene0025"
29.9722925262735,0.0542307015164864,0.345574919667117,0.156928927506444,0.875300861455168,0.994277373720757,"Gene0026"
37.4621805454061,-0.75168055804611,0.306753428598576,-2.45043897791204,0.014268214512513,0.498590546462874,"Gene0027"
5.98099188608556,0.313333856542984,0.469693220055934,0.66710321367992,0.504706207538871,0.991483155252957,"Gene0028"
101.315825020178,0.384657359187909,0.31280816156569,1.22969093025768,0.218812864456382,0.937201247950648,"Gene0029"
23.5073245567874,0.448698283841952,0.371968015434311,1.20628189850692,0.227708814780453,0.940987103757509,"Gene0030"
81.9011693668833,-0.194920507018265,0.270719944029587,-0.720007931875761,0.471520111896546,0.984915063210876,"Gene0031"
135.507429469909,-0.678158060617177,0.312518524548151,-2.16997716086648,0.030008576185298,0.701954998486502,"Gene0032"
183.175261274552,-0.022547843224109,0.26390284852067,-0.0854399387899863,0.931911642666615,0.995673949128029,"Gene0033"
24.6302848454815,-0.318156413858616,0.35627616644621,-0.893005044463592,0.37185447125807,0.965773320271778,"Gene0034"
87.1274027355433,0.493412372352317,0.286452890683221,1.72249046318044,0.0849807089115139,0.873824605647375,"Gene0035"
6.45851381772574,-0.218694424597611,0.446924063656535,-0.489332399800426,0.624606386494835,0.994277373720757,"Gene0036"
16.9500790004735,0.136214272799769,0.343996029277895,0.395976293929048,0.692122516599816,0.994277373720757,"Gene0037"
21.7368564586456,-0.33628140967194,0.360617457926334,-0.93251561254318,0.351070121969468,0.963476060844946,"Gene0038"
2.2578700080989,-0.629976280899932,0.698706777932314,-0.901631844425816,0.367252469009218,0.965773320271778,"Gene0039"
70.697587722728,0.271112759383515,0.327235711609319,0.828493803595592,0.407390902683228,0.982830442885154,"Gene0040"
60.9497199123023,-0.48254368149046,0.305838865829622,-1.57777096178246,0.114618237168789,0.913292726444535,"Gene0041"
31.3191645755518,0.029824736387032,0.317857353794198,0.0938305690619399,0.92524374820232,0.995212746821085,"Gene0042"
134.758458330055,0.237158072051256,0.238355445585885,0.994976521171203,0.31974768367422,0.95794362182403,"Gene0043"
79.2724794816529,2.42686364111483,0.277929925741466,8.7319263466876,2.5037125423228e-18,5.00742508464559e-16,"Gene0044"
10.0917179532944,-0.779120786728963,0.427749139175183,-1.82144326048515,0.0685395042229133,0.870665779712065,"Gene0045"
84.22367357306,-0.1034815278161,0.299537970613438,-0.345470484440339,0.729740695933676,0.994277373720757,"Gene0046"
21.2429762597669,-0.409955234613914,0.335679862516984,-1.22126847747137,0.221984384458375,0.937201247950648,"Gene0047"
275.348745058491,0.442804838775958,0.246988486726417,1.79281570831454,0.0730023969109644,0.873824605647375,"Gene0048"
29.0591039634741,-0.00203416187187427,0.328657037165743,-0.00618931482318583,0.99506167278991,0.999775694831997,"Gene0049"
124.811905217552,0.117676574111917,0.300474295470107,0.391636076316631,0.695327127940394,0.994277373720757,"Gene0050"
68.1378317487713,-0.277957917158829,0.319538525057406,-0.869872942891293,0.384369843339739,0.978706191438438,"Gene0051"
18.4130400588037,-0.460793956901333,0.318749826688008,-1.44562888610558,0.148281320137139,0.922991707713332,"Gene0052"
359.14512663329,0.602978014822604,0.368569917840672,1.63599356766621,0.101840933619689,0.897257944015366,"Gene0053"
86.847628539188,1.22695028156099,0.326375980410252,3.75931549870406,0.000170378870694891,0.0170378870694891,"Gene0054"
54.7249170194987,0.00655587992693229,0.338511496256217,0.0193667866510808,0.984548505849674,0.999775694831997,"Gene0055"
88.4328644719084,-0.483731629509366,0.272818513202695,-1.77308945727583,0.0762138846720898,0.873824605647375,"Gene0056"
123.389873680037,-0.419090088191856,0.330118562643851,-1.26951385234278,0.204257853140116,0.937201247950648,"Gene0057"
61.6090621990177,0.100782003031706,0.309619203952083,0.325503075213977,0.744800355557932,0.994277373720757,"Gene0058"
1.85840500276914,0.905568673470889,0.765095000222706,1.18360291624869,0.236570285463394,0.948275547579697,"Gene0059"
78.057069687115,-0.181361905055941,0.286013034353796,-0.634103636100716,0.526013189958855,0.994277373720757,"Gene0060"
28.913466620093,-0.260243834190639,0.293412283182825,-0.88695616750469,0.375102499829946,0.968905346852459,"Gene0061"
62.6689978896927,-0.0400460092584067,0.284305405989295,-0.140855602513287,0.887984016432351,0.994277373720757,"Gene0062"
106.259350085182,0.621731895081452,0.325749639587831,1.90861882723225,0.0563112813886908,0.848989930934339,"Gene0063"
319.600939959616,-0.0814395990476862,0.269558903691015,-0.302121717860366,0.762559277113458,0.994277373720757,"Gene0064"
22.2086329199207,0.241349845451614,0.328097819591825,0.735603320228915,0.46197214139633,0.984915063210876,"Gene0065"
224.867816022692,0.103665272578502,0.212485176551833,0.487870609426792,0.625641493525024,0.994277373720757,"Gene0066"
77.1548775553238,-0.142433357380219,0.28652628212637,-0.497103987540661,0.619115722823233,0.994277373720757,"Gene0067"
145.35335457964,0.0974646115107663,0.302176443778104,0.322542056197925,0.747042082399137,0.994277373720757,"Gene0068"
151.535522720206,-0.224288843726927,0.317296785232599,-0.706873987275062,0.479644790627418,0.984915063210876,"Gene0069"
123.468078260336,-0.0387880122727827,0.293206506330567,-0.132289057150227,0.894755662434791,0.994277373720757,"Gene0070"
13.1653135833076,-0.446728289200787,0.338988643263025,-1.31782671213019,0.187561663691476,0.930856805539278,"Gene0071"
45.5655268559199,0.612466965403089,0.298795389418979,2.04978720252029,0.0403852009784254,0.790097230158619,"Gene0072"
109.091683202256,0.260162730896368,0.233558612645304,1.11390767375154,0.265318797006696,0.95794362182403,"Gene0073"
17.7611999628112,-0.476354841471495,0.362243757141946,-1.31501187275074,0.18850591230449,0.930893394096245,"Gene0074"
26.9382837895332,-0.771193397669233,0.412954610687212,-1.86750160359237,0.0618315730937314,0.852351786208883,"Gene0075"
109.070465018978,0.276447322989302,0.313277855508012,0.882434931575405,0.377541652583178,0.971168238156084,"Gene0076"
136.289865721084,0.36920494010115,0.228535767534505,1.61552366215676,0.106197340379163,0.899911941041004,"Gene0077"
91.0753213087927,-0.0519774732166006,0.288957439374984,-0.179879339078544,0.857247295647564,0.994277373720757,"Gene0078"
16.877727249579,0.543645912220972,0.349396472823884,1.5559570702793,0.119718301048427,0.918151637607358,"Gene0079"
12.7630486208385,-0.368269652259164,0.36041160310393,-1.02180298605139,0.306874155798608,0.95794362182403,"Gene0080"
346.392636396866,-0.293877751626645,0.31942979021188,-0.920007340053394,0.35756892353089,0.963476060844946,"Gene0081"
61.9609180379538,-0.489077684983473,0.378961547704936,-1.29057337860641,0.196851652088783,0.934488841358812,"Gene0082"
58.06778434173,-0.261988326479216,0.356240378561417,-0.735425690757424,0.462080280415372,0.984915063210876,"Gene0083"
44.5921106423173,0.69077652568922,0.28591301852307,2.41603732931623,0.0156904526659966,0.510773317817695,"Gene0084"
11.0718022723194,-0.188687405635191,0.416019766616373,-0.453553943289398,0.65014990925231,0.994277373720757,"Gene0085"
121.5451486828,-0.130940864012462,0.333770987486641,-0.392307507007938,0.694831017539388,0.994277373720757,"Gene0086"
33.4671885963759,0.266698688970001,0.316866328604023,0.841675700112919,0.399969503584726,0.980918463727102,"Gene0087"
53.1224261084245,-0.378928934438648,0.286929913439663,-1.32063237985931,0.186623970852219,0.930856805539278,"Gene0088"
156.772338663686,-0.229983532761932,0.395037410700048,-0.582181653009463,0.560444330102363,0.994277373720757,"Gene0089"
167.953699571629,-0.176215341614788,0.306371859114641,-0.575168170223002,0.565177567304374,0.994277373720757,"Gene0090"
246.703092072189,0.00304236831736066,0.281573825563413,0.0108048690650598,0.991379129532687,0.999775694831997,"Gene0091"
34.0658261956461,-0.00285499062072001,0.341280433806894,-0.0083655268158017,0.993325353161679,0.999775694831997,"Gene0092"
112.157658857517,-0.00470762234531995,0.395408096454471,-0.0119057307817722,0.990500825637014,0.999775694831997,"Gene0093"
328.37139226832,-0.458592526014906,0.238787180371719,-1.92050731241525,0.0547938503931902,0.848989930934339,"Gene0094"
11.229213696444,0.0197547717108479,0.391563839328721,0.0504509602947876,0.959763027616973,0.997510641223454,"Gene0095"
19.8640073051927,-0.18860830258678,0.334926592132979,-0.56313325671046,0.573344147045466,0.994277373720757,"Gene0096"
13.8873384071776,-0.135557802464603,0.361034556289767,-0.37547043656343,0.70731062906153,0.994277373720757,"Gene0097"
10.5023124400546,0.0410802902263525,0.4098596351722,0.100230143934747,0.920161615107678,0.995212746821085,"Gene0098"
52.6933533986845,0.265625713073795,0.31527640980761,0.84251693057494,0.399498666947063,0.980364826863959,"Gene0099"
108.244405581751,0.0323490415283816,0.305866241744121,0.105762052536167,0.915771145561294,0.994566617513272,"Gene0100"
249.217868452424,-0.225149662023977,0.261491132574109,-0.861022168543966,0.389225833581827,0.978706191438438,"Gene0101"
195.37977029222,0.0535894512506792,0.320395317813556,0.167260406975934,0.867165155883835,0.994277373720757,"Gene0102"
16.5526940904304,-0.440192930839235,0.397333713313994,-1.10786705504491,0.267919235485788,0.95794362182403,"Gene0103"
522.478631150594,-0.110708983420562,0.284750929035428,-0.388792351953267,0.697429758869221,0.994277373720757,"Gene0104"
22.8561660776194,-0.33909140846538,0.294125754276855,-1.1528790102012,0.248960048492339,0.95794362182403,"Gene0105"
51.5161249713698,0.575655914969428,0.267083658154229,2.15533933804745,0.0311352895926922,0.71729061192902,"Gene0106"
33.60373750847,0.0125925541736214,0.345416797008388,0.03645611412845,0.970918671280892,0.998127746690025,"Gene0107"
47.3400398896875,-0.091810861445413,0.342049421137685,-0.268414023739734,0.788380646066094,0.994277373720757,"Gene0108"
64.408186387131,-0.32506570920308,0.361015818784042,-0.90041957246625,0.367897008763432,0.965773320271778,"Gene0109"
58.0323895940146,-0.345794695002064,0.334967422033252,-1.03232336118865,0.301920660813021,0.95794362182403,"Gene0110"
46.1983187217809,-0.524119531066545,0.3449371193372,-1.51946398831661,0.128645745952211,0.921592508351087,"Gene0111"
64.0969380427978,-0.31981031010918,0.314745242984677,-1.01609259309679,0.309585295879172,0.95794362182403,"Gene0112"
36.1962775533811,-0.441244243931741,0.274170055159497,-1.60938160688281,0.10753292462624,0.899911941041004,"Gene0113"
27.4499295396818,0.270425257278638,0.392953569341089,0.688186285550458,0.491335479195868,0.9852420159146,"Gene0114"
8.15963542661059,0.728292436573428,0.454979472965042,1.60071493297761,0.109440072164601,0.899911941041004,"Gene0115"
32.8570821065697,0.105759985766167,0.302381248278276,0.349757090984814,0.726521003922786,0.994277373720757,"Gene0116"
32.0786786108741,-0.0519573260473564,0.31129122166253,-0.166909062741522,0.867441602147072,0.994277373720757,"Gene0117"
1436.99943892207,-0.105839029188663,0.301004439535234,-0.351619495553233,0.725123642426945,0.994277373720757,"Gene0118"
10.8992369464081,0.106527559155584,0.380812667085287,0.27973743618073,0.779678954557403,0.994277373720757,"Gene0119"
75.8169611344153,0.0492646042378866,0.280440931512831,0.175668380404137,0.860554477738209,0.994277373720757,"Gene0120"
7.99730307528392,-0.143710064495299,0.479756957315874,-0.299547640328809,0.764522227957914,0.994277373720757,"Gene0121"
7.82580245108312,1.29987528181759,0.473965070887631,2.742555014409,0.00609632369136001,0.363959623364777,"Gene0122"
67.7215191727979,-0.204872409378439,0.340493025047951,-0.601693410164825,0.547378237326098,0.994277373720757,"Gene0123"
14.5441985181957,1.29783030584797,0.382821985317785,3.39016659341189,0.000698501619609063,0.0607392712703533,"Gene0124"
54.0559459346263,0.0483048377808219,0.322480703867516,0.149791405195726,0.880929190510666,0.994277373720757,"Gene0125"
29.4012119949794,-0.305404071068996,0.340221612066692,-0.897662171470546,0.369365682700057,0.965773320271778,"Gene0126"
25.7971763865379,0.447834254057414,0.405011066663326,1.10573337599608,0.268841939359848,0.95794362182403,"Gene0127"
5.41818170987858,-0.042407055039619,0.490177988785362,-0.086513584881079,0.9310581573874,0.995673949128029,"Gene0128"
10.5041678341356,0.0434147006774044,0.411239803655652,0.105570278682842,0.9159233071146,0.994566617513272,"Gene0129"
60.2691706820335,0.373645157828683,0.379883297383793,0.98357880012606,0.32532265299343,0.95794362182403,"Gene0130"
82.7142656526183,0.264442531761656,0.320002982624592,0.826375209358232,0.40859128179128,0.982830442885154,"Gene0131"
28.0928959133282,0.349492036143266,0.348715541437646,1.00222672813038,0.316234101591731,0.95794362182403,"Gene0132"
48.8917259270743,0.496498661563681,0.283905191236694,1.74881853833291,0.080322391268416,0.873824605647375,"Gene0133"
276.891778611236,-0.101941201165771,0.342377921797282,-0.297744669488733,0.765898047428437,0.994277373720757,"Gene0134"
323.962027029732,-0.205549292956532,0.303728580369877,-0.676753214024891,0.498562547218719,0.989702326985051,"Gene0135"
15.1920695372433,-0.496463158179381,0.38472883367121,-1.29042357819133,0.196903630025183,0.934488841358812,"Gene0136"
46.9229957345468,0.55832509101564,0.319529766458062,1.74733358085723,0.0805794913151626,0.873824605647375,"Gene0137"
206.137222511509,-0.349390113063999,0.302050758018795,-1.15672648979831,0.247384123429701,0.95794362182403,"Gene0138"
31.0281425730007,0.180857033166836,0.282526601459808,0.640141608727646,0.522080540250489,0.994277373720757,"Gene0139"
53.8765544618453,0.11640487187627,0.307092500494924,0.379054752846999,0.704647205374601,0.994277373720757,"Gene0140"
49.8372186848229,0.529949175845843,0.347791065287265,1.5237573035642,0.127569348903455,0.921592508351087,"Gene0141"
17.6117233873089,0.728730572194111,0.323052808693698,2.25576299782323,0.0240854778274101,0.635257707151625,"Gene0142"
28.5118725393837,-0.779645787116826,0.311725644847139,-2.50106399651251,0.0123820801223999,0.498590546462874,"Gene0143"
58.0584122776991,0.44609193652588,0.314823331158071,1.41695958455474,0.156494744066933,0.922991707713332,"Gene0144"
25.8229222146993,0.0875179677503064,0.346910870164921,0.252277963237936,0.800826220167604,0.994277373720757,"Gene0145"
212.112264175253,0.077246883157245,0.230586482127114,0.33500178520726,0.737623739553644,0.994277373720757,"Gene0146"
25.7063641141199,-0.741758871878802,0.354769498876465,-2.09081917760098,0.0365442763176134,0.764949169179802,"Gene0147"
29.6569353644427,-0.00679147653932604,0.369071460537173,-0.0184015218338509,0.98531853840115,0.999775694831997,"Gene0148"
134.543130338112,-0.110599191173797,0.272548410016878,-0.405796501131479,0.684892129718743,0.994277373720757,"Gene0149"
13.799482241695,0.0825057383611822,0.340952807180881,0.24198580162272,0.808791164998262,0.994277373720757,"Gene0150"
39.1633098198086,-0.043188042606132,0.286166297093138,-0.150919388638123,0.880039305746326,0.994277373720757,"Gene0151"
9.3792998239892,-1.39242673189607,0.452194274072229,-3.07926661555572,0.00207510884563424,0.15962375735648,"Gene0152"
211.399645215297,0.108211375266901,0.251880980007356,0.429613126262019,0.667477087073573,0.994277373720757,"Gene0153"
34.6325836499587,-0.168838009342424,0.325550940350601,-0.518622397958962,0.604024086775572,0.994277373720757,"Gene0154"
32.4751882556489,-0.115300398100581,0.335894048300648,-0.343264189061722,0.73139971888737,0.994277373720757,"Gene0155"
12.0316897344742,0.289121458748601,0.361533864607058,0.799707820076109,0.423880101062169,0.984915063210876,"Gene0156"
54.6970729457207,-0.225980947059066,0.296622958913342,-0.761845771773472,0.446152058485935,0.984915063210876,"Gene0157"
19.780258789554,0.130573928032426,0.401809514743273,0.324964748820977,0.745207751336738,0.994277373720757,"Gene0158"
27.5436812122134,-0.177830894664768,0.370680114108053,-0.479742203308296,0.63141071459179,0.994277373720757,"Gene0159"
224.553008589956,-0.0315907382067637,0.219585644055657,-0.143865225537042,0.885606895974549,0.994277373720757,"Gene0160"
34.9514920596559,-0.424524576976701,0.314349934765305,-1.35048406258984,0.176860762465854,0.922991707713332,"Gene0161"
19.7143856495941,0.0941748597449329,0.330799166947719,0.284688926558925,0.775882475075947,0.994277373720757,"Gene0162"
61.8375056635693,-0.467191522926712,0.323367179175567,-1.44477100031558,0.148522219248685,0.922991707713332,"Gene0163"
29.5644942313693,0.0608524943934226,0.314727291190625,0.193349913073046,0.846684938765296,0.994277373720757,"Gene0164"
79.7195967370898,0.0617791866598318,0.259977421107699,0.237632892874336,0.81216583634614,0.994277373720757,"Gene0165"
324.979737121954,0.178229363036424,0.248300395566659,0.717797338299351,0.472882254788677,0.984915063210876,"Gene0166"
17.5277518074151,0.413584158732702,0.364166772192467,1.13569987795075,0.256082191696068,0.95794362182403,"Gene0167"
86.8720321835086,0.0237707316290202,0.336679128673325,0.0706035201014334,0.94371330877109,0.997510641223454,"Gene0168"
60.654049714592,0.0210395743912897,0.319471156587803,0.065857508439912,0.94749127045374,0.997510641223454,"Gene0169"
153.20189995522,-0.49258939102365,0.248636366171309,-1.98116389251063,0.0475728970149765,0.803270269707907,"Gene0170"
42.8183875419905,-0.506637005857846,0.320313125259624,-1.58169293077579,0.113719687310098,0.907941615250285,"Gene0171"
139.747446204463,0.438042450107721,0.296438157581418,1.47768578000088,0.139491902269949,0.922991707713332,"Gene0172"
6.61728717269613,1.10495729253315,0.461799662882603,2.39272000684428,0.01672399814084,0.510773317817695,"Gene0173"
388.381870260373,0.0474134564152825,0.35404925712147,0.133917683660089,0.893467666704343,0.994277373720757,"Gene0174"
136.984358489793,-0.0973869243945393,0.312912758662246,-0.311227080707366,0.755627997199178,0.994277373720757,"Gene0175"
41.6083864190626,0.239884454204601,0.329403165437019,0.728239675190573,0.466466882720895,0.984915063210876,"Gene0176"
9.69908835416517,0.0485223413823987,0.415831735616796,0.116687441641332,0.90710774240468,0.994566617513272,"Gene0177"
108.812041848623,-0.38349631479259,0.30852101773014,-1.24301520076026,0.21386223204635,0.937201247950648,"Gene0178"
95.4887610452963,0.37382285989001,0.329218505678815,1.13548556184357,0.256171927989532,0.95794362182403,"Gene0179"
55.4862759557954,0.348935817857784,0.325233764466033,1.0728769764439,0.283326317402899,0.95794362182403,"Gene0180"
72.7208471981419,0.0766091539801821,0.306267424725073,0.250138107403854,0.802480547018735,0.994277373720757,"Gene0181"
23.4145671324231,-0.0203965690995801,0.377957325250853,-0.0539652699839664,0.956962834440217,0.997510641223454,"Gene0182"
70.5184034773139,-0.250130382660567,0.267512227285263,-0.935024111603837,0.349775873587545,0.963476060844946,"Gene0183"
79.9635315563506,-0.106576935936186,0.35310668358242,-0.301826447618938,0.762784368274507,0.994277373720757,"Gene0184"
35.882109119847,-0.0399632103153551,0.310940505349643,-0.128523655258159,0.897734579273703,0.994277373720757,"Gene0185"
10.2657097748658,0.204107692721805,0.450183992272966,0.453387273259699,0.650269899064157,0.994277373720757,"Gene0186"
117.993573105341,-0.1902940794411,0.287762229381959,-0.661289286817814,0.508426810543976,0.991959161080563,"Gene0187"
99.7993823504294,0.0893327896798198,0.348455934898956,0.25636753670367,0.797667052354909,0.994277373720757,"Gene0188"
18.2529930887768,0.049061842163676,0.360478020806765,0.13610217359126,0.891740509241822,0.994277373720757,"Gene0189"
8.47904691304888,-0.416281335630501,0.472966176762346,-0.880150328042742,0.378777878038624,0.973096668050414,"Gene0190"
80.8608723190155,0.0316732430079053,0.290659338835783,0.108970326344134,0.913226026294516,0.994566617513272,"Gene0191"
36.5324910106483,0.358726906344032,0.374948989695585,0.956735225864393,0.338700913498046,0.963476060844946,"Gene0192"
76.7987096401902,-0.335672145207588,0.301942433269344,-1.11170908167172,0.266263253783994,0.95794362182403,"Gene0193"
11.8745603582999,-0.217642796256337,0.365317751734602,-0.595762990500531,0.551333570973302,0.994277373720757,"Gene0194"
16.8081397981528,0.0547555299342334,0.326599969139569,0.167653199963513,0.866856115959192,0.994277373720757,"Gene0195"
174.466915977271,-0.0283550223276472,0.304795369006579,-0.0930297019277716,0.925879964810412,0.995212746821085,"Gene0196"
89.5331910727347,0.712796190562494,0.283401314504951,2.51514779247801,0.0118982494592417,0.495760394135072,"Gene0197"
101.036651830883,0.0130578402670544,0.319246959266736,0.0409020035681668,0.967374020169362,0.997510641223454,"Gene0198"
344.777708729528,-0.513652094457089,0.354348271345773,-1.4495685064479,0.147178883646352,0.922991707713332,"Gene0199"
60.113162668063,-0.0154130347449505,0.304511264284154,-0.0506156472772311,0.959631794083427,0.997510641223454,"Gene0200"
4.84734368841105,-0.387048526669926,0.527943842143549,-0.733124426830016,0.463482543079051,0.984915063210876,"Gene0201"
102.495949155736,-0.542832795315834,0.232949169813506,-2.33026284554014,0.0197922632039018,0.56148264408232,"Gene0202"
206.347824627935,-0.891931432379641,0.350018181128264,-2.54824314984024,0.0108266980339937,0.471476176672064,"Gene0203"
656.721082950633,-0.318794390542543,0.292347222743613,-1.09046491890954,0.275508398461891,0.95794362182403,"Gene0204"
9.45818906576626,-0.0267206857545792,0.422358901602458,-0.0632653547804937,0.949555203355479,0.997510641223454,"Gene0205"
10.8229600931672,0.343511728013625,0.398432040292906,0.862158896059397,0.388600085212962,0.978706191438438,"Gene0206"
24.47337634616,0.411489614725085,0.348115261899504,1.18204991208882,0.237185896928568,0.948275547579697,"Gene0207"
16.7016903670096,-0.407974080439094,0.388922803964601,-1.04898472468132,0.294185148894023,0.95794362182403,"Gene0208"
21.2483557197341,0.163401238605559,0.335952536757391,0.486381916275156,0.626696409621759,0.994277373720757,"Gene0209"
48.9177116930309,0.370426282966685,0.326975980225922,1.13288530463535,0.257262421980088,0.95794362182403,"Gene0210"
14.9398768496834,-0.328779838493954,0.383658749276177,-0.856959053101852,0.391467514651482,0.979250711187414,"Gene0211"
628.283839273641,0.216267705865304,0.223958447114409,0.965659963496818,0.334214359528118,0.96235339928662,"Gene0212"
56.2691820018623,-0.646242884190811,0.316299084016215,-2.04313865214254,0.041038714604733,0.796868244752098,"Gene0213"
53.2433037466759,0.506441931153391,0.316499208140166,1.60013648732134,0.109568308129869,0.899911941041004,"Gene0214"
92.8326207039447,-0.20284980826295,0.301857105638617,-0.672006073316695,0.50157982993684,0.991483155252957,"Gene0215"
56.0049848115526,-0.109248175967487,0.383589493497227,-0.284804922500508,0.775793600737411,0.994277373720757,"Gene0216"
37.5773177447536,0.33080054169206,0.353321992469465,0.936257999056337,0.349140367581094,0.963476060844946,"Gene0217"
349.474711394313,-0.0574457956658662,0.280417810269457,-0.204857871226745,0.837683170989892,0.994277373720757,"Gene0218"
34.7409231328684,0.0806359143428386,0.370133660184342,0.217856204438901,0.827541151307357,0.994277373720757,"Gene0219"
11.0718404514124,0.399676824271549,0.388826425999868,1.02790550627771,0.303994279186489,0.95794362182403,"Gene0220"
85.5350900958503,0.184252324442578,0.287660116048669,0.640520927869625,0.521833987864223,0.994277373720757,"Gene0221"
36.7625044053315,-0.21023334116271,0.29069869742952,-0.723200148544461,0.469556927583621,0.984915063210876,"Gene0222"
33.1898174980211,-0.0918923844730404,0.322895261627093,-0.284588829238273,0.775959170490378,0.994277373720757,"Gene0223"
11.5292411909507,0.805865417467345,0.425958892139452,1.89188541978722,0.0585062488208833,0.848989930934339,"Gene0224"
71.8255235472788,-0.147310467380371,0.303944460731785,-0.484662451244226,0.627915805886949,0.994277373720757,"Gene0225"
46.1001866794455,0.347715240004535,0.279583624544103,1.24368957792693,0.213613833220173,0.937201247950648,"Gene0226"
82.8235532248503,-0.0505482565108119,0.298585521949815,-0.169292389599881,0.865566661804618,0.994277373720757,"Gene0227"
38.9197302844152,-0.761486024190949,0.316439194924261,-2.40642131697121,0.0161096738688082,0.510773317817695,"Gene0228"
28.5387923384485,0.172376354074808,0.294049042073174,0.586216342891239,0.557730140532992,0.994277373720757,"Gene0229"
249.373427822548,0.412937282126203,0.263347859078309,1.56802976705959,0.116874185586024,0.916850469645478,"Gene0230"
37.7032830042628,0.376844007683932,0.277956998155037,1.35576369792905,0.175174365086173,0.922991707713332,"Gene0231"
155.259061324282,0.504945353487016,0.278797066723748,1.81115733899507,0.0701164998058031,0.873824605647375,"Gene0232"
12.3608511902694,-0.398576338284563,0.359702498303212,-1.10807219901092,0.267830636332019,0.95794362182403,"Gene0233"
36.737809620932,-0.235454010802611,0.294353863178457,-0.799901208226588,0.423768037713108,0.984915063210876,"Gene0234"
41.5039948242972,-0.340363789444532,0.281796860228545,-1.20783386006674,0.227111174363575,0.940987103757509,"Gene0235"
29.5562508851219,-0.239375028524601,0.318079167691261,-0.75256430737692,0.45171177275059,0.984915063210876,"Gene0236"
237.312289879399,0.431187501445683,0.245844549164926,1.75390303714409,0.079447123105634,0.873824605647375,"Gene0237"
39.8021823257947,0.202018360445427,0.309850721528542,0.651986090104419,0.514410145771248,0.993765320745238,"Gene0238"
77.5739117426252,0.26288700122537,0.375472695706989,0.700149449563496,0.483833976900212,0.984915063210876,"Gene0239"
20.4973399413519,0.0657531896222897,0.326525051288572,0.201372572679513,0.840407259750184,0.994277373720757,"Gene0240"
25.686301763907,0.160386569526936,0.3364230109831,0.476740782558993,0.633546718294836,0.994277373720757,"Gene0241"
173.904645954732,-0.0415465722831704,0.27308274834905,-0.1521391319457,0.879077200603867,0.994277373720757,"Gene0242"
249.090954156534,-0.148711999759973,0.287013981655407,-0.518135036147886,0.604364056707695,0.994277373720757,"Gene0243"
229.656379575754,-0.251945690899005,0.326472851025758,-0.771720190844068,0.440280169509188,0.984915063210876,"Gene0244"
9.2073069538306,-0.255193180034616,0.422773997779284,-0.603616072357988,0.54609892464569,0.994277373720757,"Gene0245"
560.236539979068,0.054842724718461,0.316938410615091,0.173039060213706,0.862620725089407,0.994277373720757,"Gene0246"
200.835825663141,-0.0786768260787297,0.309721155830862,-0.254024707700932,0.799476470049517,0.994277373720757,"Gene0247"
49.6548589965134,0.246208179414151,0.354621864497316,0.694283697828831,0.487504312427465,0.9852420159146,"Gene0248"
126.099702357573,-0.261429202936877,0.319593543282503,-0.818005270856764,0.413354177584108,0.982830442885154,"Gene0249"
19.3682061437587,-0.169662982617939,0.327634267330304,-0.517842605416158,0.604568089404518,0.994277373720757,"Gene0250"
15.2777707174326,0.106574433477815,0.393817834386293,0.270618606300284,0.786684383884613,0.994277373720757,"Gene0251"
60.9783030950671,0.287084508257996,0.312169273312902,0.919643708720295,0.357758977804525,0.963476060844946,"Gene0252"
12.5939624721507,0.407294436040326,0.36799512483892,1.10679302128964,0.26838342618412,0.95794362182403,"Gene0253"
68.5096422725344,-0.0124608381245732,0.265727243568463,-0.0468933405443719,0.962598235732782,0.997510641223454,"Gene0254"
282.752672073647,-0.0611688286000588,0.35702142400591,-0.171330974801799,0.863963526169329,0.994277373720757,"Gene0255"
14.0460639673303,-0.368480181484305,0.383730370408982,-0.960258061126559,0.336925351777533,0.963476060844946,"Gene0256"
19.7909219141996,-0.247495709396504,0.404677711147317,-0.611587202801013,0.540810907090794,0.994277373720757,"Gene0257"
54.0766632051216,-0.409261130931278,0.266915559139663,-1.53329814211817,0.125202412181786,0.918506127595565,"Gene0258"
14.6266781905853,0.208358062053547,0.397574222966251,0.524073367984006,0.600227511119346,0.994277373720757,"Gene0259"
34.1253039665123,-0.0386739826661728,0.35747712197963,-0.10818589579105,0.91384823281453,0.994566617513272,"Gene0260"
154.251807307404,0.168270550467143,0.271549002680983,0.619669189744101,0.535475604131241,0.994277373720757,"Gene0261"
217.216579283568,0.0723145511468872,0.332165477152287,0.217706402744958,0.827657874665813,0.994277373720757,"Gene0262"
83.9930758517558,0.204197275733712,0.3321711692623,0.614735096327601,0.53872967805988,0.994277373720757,"Gene0263"
5.97887857247739,0.715505777616073,0.473886531454238,1.50986729971069,0.131077288159314,0.921592508351087,"Gene0264"
49.5931574678577,0.0930962105825461,0.338180434544675,0.275285619961694,0.783096811443252,0.994277373720757,"Gene0265"
176.911907857359,0.0280124118821737,0.269423135866156,0.10397181293328,0.917191717331649,0.994707139491256,"Gene0266"
124.154350626773,-0.136088962961819,0.267664268369759,-0.508431565373612,0.611150720758802,0.994277373720757,"Gene0267"
44.7532466547849,-0.231281120517565,0.267494922450476,-0.864618731446703,0.387248088030966,0.978706191438438,"Gene0268"
4.84250904294762,1.58300062724214,0.54350686692118,2.91256785072359,0.00358470313225057,0.247220905672453,"Gene0269"
50.3499101784959,0.00476784813813964,0.288670845166576,0.016516555855817,0.986822294226656,0.999775694831997,"Gene0270"
105.438613340986,0.674048995122645,0.249121783470106,2.70570074496729,0.00681604378001928,0.389488216001102,"Gene0271"
49.3871209494438,-0.207777609278689,0.300395231938549,-0.691680783139706,0.489137817666382,0.9852420159146,"Gene0272"
58.081325631485,0.262165773166145,0.293010665287995,0.894731162459451,0.370930816131543,0.965773320271778,"Gene0273"
95.1274688332478,0.0525809445839696,0.295203143608941,0.178117834184125,0.858630436333295,0.994277373720757,"Gene0274"
29.696305015881,0.169735788025414,0.362066922487804,0.468796726470178,0.639214940050427,0.994277373720757,"Gene0275"
240.675567386963,0.0560109422781915,0.25822558571711,0.216907019971105,0.828280806698351,0.994277373720757,"Gene0276"
98.0661596314194,0.146781776023443,0.247907838366729,0.592082029315709,0.553795660074433,0.994277373720757,"Gene0277"
12.3571737734102,0.591369112068291,0.349853452120887,1.69033379114393,0.0909641138696603,0.873824605647375,"Gene0278"
214.443275379858,-0.120046710554376,0.305210635118329,-0.393324139926626,0.694080090976659,0.994277373720757,"Gene0279"
209.699458314221,-0.0297489758330346,0.223687611157175,-0.132993399496458,0.894198600568366,0.994277373720757,"Gene0280"
144.232397422752,-0.046335104089524,0.279741909733366,-0.165635188998631,0.86844405296645,0.994277373720757,"Gene0281"
8.87453793819444,0.806082321642283,0.423858405984739,1.90177264449795,0.057200884034781,0.848989930934339,"Gene0282"
21.4117378325781,0.0544548074063114,0.347767225742444,0.15658406938738,0.875572658444798,0.994277373720757,"Gene0283"
106.715219944877,-0.350190612476233,0.34049882901332,-1.0284634854428,0.30373185857799,0.95794362182403,"Gene0284"
57.6444702938125,0.12731044615176,0.369814731487734,0.344254664057326,0.730654775696774,0.994277373720757,"Gene0285"
86.802024842802,-0.0300981921481106,0.265279921687694,-0.113458236705695,0.909667271505139,0.994566617513272,"Gene0286"
892.349348291683,-0.282128236778929,0.339830654917176,-0.83020243376128,0.406424339457055,0.982830442885154,"Gene0287"
20.9036266785429,0.164223908882567,0.335011160551226,0.490204292335674,0.623989343760005,0.994277373720757,"Gene0288"
5.58101976870918,-0.0434128748232949,0.468787222761431,-0.0926067791855923,0.926215957884474,0.995212746821085,"Gene0289"
308.269444165959,2.82026556788881,0.22983715309904,12.2707122406512,1.30103807579374e-34,1.04083046063499e-31,"Gene0290"
27.0635468012203,0.33666759299008,0.293820959629099,1.14582565319734,0.251867298430259,0.95794362182403,"Gene0291"
95.2123835447511,-0.431521225867859,0.296193489157603,-1.45688964026569,0.1451468461758,0.922991707713332,"Gene0292"
20.7831024838015,-0.189455139582953,0.413837466224084,-0.457800839811752,0.647095532400073,0.994277373720757,"Gene0293"
910.597525716705,-0.106379803311915,0.286698056362731,-0.371051707366034,0.710599019366632,0.994277373720757,"Gene0294"
46.2519009705057,0.0933813980059705,0.317885475491292,0.293757988979048,0.768942839308855,0.994277373720757,"Gene0295"
23.8258461664982,-0.207780364600876,0.31396115108838,-0.661802786365712,0.508097620175553,0.991959161080563,"Gene0296"
38.5497344685624,0.369210804508703,0.365468382258365,1.0102400711854,0.31238028535489,0.95794362182403,"Gene0297"
131.568054503636,-0.36651290496349,0.298674255288,-1.2271325649078,0.219772769986689,0.937201247950648,"Gene0298"
49.6161038693777,-0.170432967953964,0.274183397666884,-0.621602071475639,0.534203558582391,0.994277373720757,"Gene0299"
8.07801425229895,-0.290163607466276,0.404879521943723,-0.716666543354119,0.473579874374871,0.984915063210876,"Gene0300"
43.7627688187805,-0.235313806306016,0.298299172118108,-0.788851690854999,0.4301986936744,0.984915063210876,"Gene0301"
145.286928809455,-0.0420776008866871,0.279790101012132,-0.150389884182723,0.880457021758769,0.994277373720757,"Gene0302"
55.589502161335,-0.0511994918006117,0.350699835806214,-0.145992346083968,0.883927430629873,0.994277373720757,"Gene0303"
129.363903862349,-0.422797171727785,0.317366713105922,-1.33220389621225,0.182793196600607,0.927884246703589,"Gene0304"
40.4096731364408,0.350714066933139,0.321324709422265,1.09146311083177,0.275069155379156,0.95794362182403,"Gene0305"
46.2361139641102,0.091426037779008,0.347180663877735,0.263338507271261,0.792289682246829,0.994277373720757,"Gene0306"
91.3663897721949,0.10059666530167,0.283689922006341,0.354600771822346,0.722888697856641,0.994277373720757,"Gene0307"
209.047511098751,-0.369115804568728,0.341304968876909,-1.08148382891504,0.279481950183155,0.95794362182403,"Gene0308"
12.2830743630522,0.305328562552577,0.426360881185314,0.716127055802451,0.4739128989095,0.984915063210876,"Gene0309"
55.2742746169216,-0.563019248483658,0.283380411501356,-1.98679663672154,0.0469449374907115,0.803270269707907,"Gene0310"
50.134289910625,0.141258762172733,0.357205603713247,0.395455056427757,0.692507083968409,0.994277373720757,"Gene0311"
22.444688908724,0.416010158218617,0.356982986882853,1.16535009651632,0.243877308575573,0.957320151425211,"Gene0312"
11.1478202127967,-0.29503305930577,0.369250129020413,-0.799005974861718,0.424286947496319,0.984915063210876,"Gene0313"
21.9661363251178,0.51261356540716,0.35787135711228,1.43239618153159,0.15203047073789,0.922991707713332,"Gene0314"
113.281859189705,0.225594533874246,0.265920113374534,0.848354534041991,0.39624055522566,0.980364826863959,"Gene0315"
38.1185483056571,-0.0360579017052904,0.343410706319299,-0.104999352209375,0.916376322741382,0.994707139491256,"Gene0316"
25.5333588393641,-0.94567130436227,0.325634051654653,-2.90409218433086,0.0036831969503488,0.249708267820258,"Gene0317"
70.8521094033828,-0.110897725664999,0.29219918508903,-0.379527840336755,0.704295934364288,0.994277373720757,"Gene0318"
11.5448220641405,0.342169153114212,0.39647206349725,0.863034711944048,0.388118382133006,0.978706191438438,"Gene0319"
198.96258997038,-0.145746856482536,0.266030997811748,-0.54785666964145,0.583790323232981,0.994277373720757,"Gene0320"
26.0138180107937,-0.111092508850867,0.310744153944641,-0.357504742858841,0.720713976203524,0.994277373720757,"Gene0321"
64.6205697361837,-0.183986619395751,0.268953827623094,-0.684082546888255,0.493923042139882,0.987260751081597,"Gene0322"
57.3896314082982,-0.289422523237124,0.319112222293013,-0.906961573447264,0.36442711813716,0.965773320271778,"Gene0323"
59.313517381301,-0.427598484358037,0.316195570822572,-1.35232281478724,0.176272069007666,0.922991707713332,"Gene0324"
391.672194804259,-0.100015861621387,0.25511376881526,-0.392044153813639,0.695025589832172,0.994277373720757,"Gene0325"
16.1629150010181,0.523656772225589,0.334836923523986,1.5639158510787,0.117837331479605,0.916850469645478,"Gene0326"
140.127705745051,-2.15740582357265,0.230584739436564,-9.35623853011388,8.26259168514128e-21,2.06564792128532e-18,"Gene0327"
49.5632050608124,0.313731014661244,0.337878590795286,0.928531795763666,0.353131782469854,0.963476060844946,"Gene0328"
24.0756593634331,0.231231079007007,0.296113932788397,0.780885508593223,0.434869835934514,0.984915063210876,"Gene0329"
50.901300422956,0.0379118446788141,0.316783939671013,0.119677293988408,0.904738787834992,0.994566617513272,"Gene0330"
135.257280441976,-0.223213819388507,0.322583226301404,-0.691957303384239,0.488964142640295,0.9852420159146,"Gene0331"
27.6258052519501,-0.037151001324926,0.350770979214386,-0.105912414442416,0.915651844170983,0.994566617513272,"Gene0332"
22.4506586352936,0.143402616384206,0.293764009518212,0.488155838488838,0.625439462196854,0.994277373720757,"Gene0333"
67.0216368644022,0.410512415569791,0.351926729396209,1.16647126029357,0.243423961808527,0.957320151425211,"Gene0334"
161.752468216411,0.590486808513265,0.282503354933618,2.09019396832302,0.0366003791486225,0.764949169179802,"Gene0335"
52.3117922905765,0.26321832782619,0.322450857507038,0.816305249926168,0.414325572493717,0.982830442885154,"Gene0336"
10.1824913418171,-0.0465819764175281,0.372734583173021,-0.124973583135174,0.900544463955639,0.994566617513272,"Gene0337"
11.3773974669761,-0.310085587031706,0.432690872188243,-0.71664462313132,0.473593403173716,0.984915063210876,"Gene0338"
24.6278463620341,0.272726236759447,0.311378161694613,0.875868221699267,0.381101677055733,0.975099538521405,"Gene0339"
30.8085250289654,0.0515036626960647,0.329660362813837,0.156232500190353,0.875849759821616,0.994277373720757,"Gene0340"
45.8526758638626,-0.218685694917799,0.336119734378903,-0.650618433106573,0.515292828317477,0.993765320745238,"Gene0341"
121.688475646803,0.525079747546086,0.349458516506274,1.5025524425491,0.132954494899243,0.92169493864293,"Gene0342"
19.3226386974456,-2.8585642998892,0.396424792641581,-7.21086156302469,5.55989580523023e-13,8.55368585420036e-11,"Gene0343"
12.5904853404495,0.482917386355276,0.369188223683292,1.30805197830348,0.190855679866677,0.932804035662126,"Gene0344"
100.620076246904,0.00789324899986782,0.292532157122499,0.0269825002403496,0.978473691735261,0.999285978601505,"Gene0345"
81.9272895438672,-0.34617009625817,0.324143481831577,-1.06795328507651,0.285541584641384,0.95794362182403,"Gene0346"
208.63779696527,0.165527995192897,0.289299441890893,0.572168387574439,0.567207901858087,0.994277373720757,"Gene0347"
9.21185866659305,-0.15527493711106,0.432129007087024,-0.359325420336317,0.719351659765876,0.994277373720757,"Gene0348"
51.3551145074893,0.0451022523006493,0.305517651884572,0.147625683892364,0.882638184371939,0.994277373720757,"Gene0349"
292.59513503696,0.183415619654,0.266981291427108,0.686998023994788,0.492083973632453,0.9852420159146,"Gene0350"
120.065577970637,0.0904184972704687,0.272335676486795,0.332011209243284,0.739880794908193,0.994277373720757,"Gene0351"
18.7460498623346,0.449632321966061,0.362025291190795,1.24199146553298,0.214239710922428,0.937201247950648,"Gene0352"
148.317817325771,-0.380005369897879,0.320850452031065,-1.18436912739985,0.236266975582157,0.948275547579697,"Gene0353"
16.8757637275053,0.345324700395049,0.32436304708042,1.06462404858786,0.287046092657432,0.95794362182403,"Gene0354"
24.7330404262309,0.204583130347496,0.329714532077908,0.620485633612155,0.534938109487378,0.994277373720757,"Gene0355"
191.288921678416,0.494979695771274,0.278309092965024,1.77852505822898,0.0753176601587502,0.873824605647375,"Gene0356"
34.9569429709722,-0.304743360574643,0.370990037833533,-0.821432732679968,0.411399825233953,0.982830442885154,"Gene0357"
156.134719213393,0.0392433968509146,0.274106564155964,0.14316839500635,0.886157189781623,0.994277373720757,"Gene0358"
41.9027700522834,-0.0607525258577216,0.336479622681129,-0.180553358249854,0.856718168785768,0.994277373720757,"Gene0359"
8.23813087759274,0.0553165158374751,0.426155204318119,0.129803684847603,0.896721747496196,0.994277373720757,"Gene0360"
17.7748063585686,-0.367943807707177,0.359595657867856,-1.02321537998768,0.306206022630378,0.95794362182403,"Gene0361"
12.6007853167696,-0.261345571175629,0.348136875929102,-0.750697754950993,0.452834574459486,0.984915063210876,"Gene0362"
27.3035625237075,0.660874359081323,0.342458604680746,1.92979341166626,0.0536324401539759,0.848989930934339,"Gene0363"
29.4258813900412,-0.497414670727695,0.328003876208852,-1.51649022102096,0.129395441179625,0.921592508351087,"Gene0364"
41.4559972187612,0.289402400808326,0.317125544795428,0.912579908991607,0.36146352487069,0.965162789083707,"Gene0365"
34.403040137004,0.103732985441865,0.369536266963077,0.280711244648229,0.77893188342142,0.994277373720757,"Gene0366"
529.079601635539,0.0012366588334108,0.351494486370178,0.0035182879998533,0.99719281811584,0.999775694831997,"Gene0367"
9.45293302852679,0.121919765529834,0.42219670896425,0.288774788957812,0.772753726059476,0.994277373720757,"Gene0368"
33.9848364292482,0.128459162215652,0.322226522870542,0.39866104463183,0.690142975188405,0.994277373720757,"Gene0369"
80.7381459015412,0.424550453379827,0.306802954968277,1.38378867121318,0.166423172911373,0.922991707713332,"Gene0370"
360.183491590385,-0.0337110691845214,0.28818009803535,-0.116979171755248,0.906876558679723,0.994566617513272,"Gene0371"
63.2404151694775,-0.00347382585040087,0.318787854069742,-0.0108969830752739,0.991305637512827,0.999775694831997,"Gene0372"
214.332418703671,-0.218467664065527,0.269736169157163,-0.809930921567425,0.417979878839876,0.984915063210876,"Gene0373"
6.94666928235747,0.0662437102659052,0.418325460576394,0.158354478770263,0.874177481787288,0.994277373720757,"Gene0374"
364.414844834873,0.366202099906851,0.355587361938197,1.0298512801771,0.30307982410254,0.95794362182403,"Gene0375"
19.2276254923771,0.338547243245595,0.343649928517609,0.985151502012454,0.32454965872427,0.95794362182403,"Gene0376"
45.5742262100514,-0.318349842585686,0.287172690362452,-1.10856586740154,0.267617509567403,0.95794362182403,"Gene0377"
16.6346245919335,0.5952513975641,0.386007716196953,1.54207123999662,0.123056282872257,0.918506127595565,"Gene0378"
64.1283955849837,-0.0602501546257451,0.344229733431724,-0.175028908819393,0.861056918247643,0.994277373720757,"Gene0379"
516.609896553997,0.0858703010492895,0.257361689131557,0.333656113849155,0.738639069567668,0.994277373720757,"Gene0380"
926.880415379804,0.575951710198426,0.27706036668823,2.0787950188723,0.0376361949275062,0.769053724317108,"Gene0381"
14.3748872699794,-0.195009065533684,0.334723605673289,-0.582597289908571,0.560164430231599,0.994277373720757,"Gene0382"
96.4998469840296,0.201612244323305,0.307267535937728,0.656145608445158,0.511730441474616,0.993765320745238,"Gene0383"
301.287014290416,-0.263309826948381,0.252484754682382,-1.04287416196521,0.29700657779713,0.95794362182403,"Gene0384"
37.8161816530091,-0.286744394999883,0.338481280369486,-0.84714993599313,0.396911554412579,0.980364826863959,"Gene0385"
43.6549941102405,0.140117885977856,0.367571908999134,0.38119856971493,0.703055910346658,0.994277373720757,"Gene0386"
41.8716023233611,0.33314816477186,0.306149844110122,1.08818662227385,0.276512729257424,0.95794362182403,"Gene0387"
106.988687569726,0.162997935952936,0.310201593722244,0.525458086778515,0.599264782642343,0.994277373720757,"Gene0388"
319.825855476596,-0.655199892248708,0.332067060159193,-1.97309510896565,0.0484847274254564,0.804725766397617,"Gene0389"
112.385148203098,-0.276039068154683,0.296828097754758,-0.929962730087463,0.352390381735609,0.963476060844946,"Gene0390"
83.4088545134029,0.218973859199635,0.291727710475147,0.750610419706051,0.4528871484737,0.984915063210876,"Gene0391"
41.8528511959626,-0.31597817099673,0.312616690347723,-1.0107527229121,0.312134795927014,0.95794362182403,"Gene0392"
87.8845122390413,-0.261023785934164,0.265812179332404,-0.98198580136446,0.32610684323888,0.95794362182403,"Gene0393"
23.9949867571958,-0.164029132271744,0.435260947584967,-0.376852398961716,0.706283297842969,0.994277373720757,"Gene0394"
32.6008988912347,0.592626135546457,0.335705260401856,1.76531679854243,0.0775105378166808,0.873824605647375,"Gene0395"
177.530377371894,-0.104728527584028,0.335114338599897,-0.312515805863702,0.754648552826592,0.994277373720757,"Gene0396"
92.943258128004,0.491637859585393,0.273895175252164,1.79498546892169,0.0726560151428992,0.873824605647375,"Gene0397"
67.2593573110633,-0.303591393185553,0.2814747404289,-1.07857420073628,0.280777587446084,0.95794362182403,"Gene0398"
39.7517243956397,-0.162605972208651,0.335477641873107,-0.484699878360763,0.627889252794579,0.994277373720757,"Gene0399"
187.155735977302,-0.346695116339841,0.311312345152387,-1.11365682003434,0.265426440326864,0.95794362182403,"Gene0400"
281.434710857306,-0.227680909159726,0.285817759372688,-0.796594689075441,0.425686462850288,0.984915063210876,"Gene0401"
17.9931004608219,0.350302179117817,0.372863704128914,0.939491227595333,0.347478594114506,0.963476060844946,"Gene0402"
51.16848358498,-0.402736385159864,0.309793895415094,-1.30001394837118,0.193596188589104,0.934198910468991,"Gene0403"
58.1302134161304,-0.346832975153667,0.30623571463588,-1.13256866713296,0.257395432873502,0.95794362182403,"Gene0404"
26.8105408263614,0.0361520148795715,0.380346212879348,0.0950502822307305,0.924274888232499,0.995212746821085,"Gene0405"
14.2192226064078,0.0316441572736988,0.38143345695459,0.0829611474734006,0.933882432900856,0.995673949128029,"Gene0406"
50.2858365820558,-0.572231565995626,0.364344143849133,-1.5705798368275,0.1162802764959,0.916850469645478,"Gene0407"
100.680112716531,0.0272939542101062,0.332410475787713,0.0821091878811211,0.934559886924837,0.995673949128029,"Gene0408"
289.607500429426,0.0594013989241444,0.340576532258903,0.174414245544634,0.86153991958112,0.994277373720757,"Gene0409"
5.49813176778814,-0.173641969153855,0.503424307907871,-0.344921702083628,0.7301532347873,0.994277373720757,"Gene0410"
25.2846739881965,0.119474424607568,0.31394681820259,0.380556252462068,0.703532548291164,0.994277373720757,"Gene0411"
45.1602861518364,-0.109555260730011,0.268350329043667,-0.408254616718521,0.683086754280172,0.994277373720757,"Gene0412"
9.20245261919265,0.30263212677469,0.406767529131425,0.743992833992684,0.456880810409922,0.984915063210876,"Gene0413"
23.184333811709,-0.212659418337061,0.330611318605902,-0.643230907017303,0.520074281316306,0.994277373720757,"Gene0414"
26.6476724268272,-0.0908780249499777,0.304015605857352,-0.29892552618703,0.764996870012127,0.994277373720757,"Gene0415"
22.7884702784815,0.41137852313095,0.304617486514493,1.35047573216509,0.176863432857422,0.922991707713332,"Gene0416"
3.3164611279012,0.352495065463327,0.600469437027167,0.58703248446495,0.557181889997021,0.994277373720757,"Gene0417"
63.6344710090015,-0.0574165540817072,0.389239645538997,-0.147509522063715,0.882729864425899,0.994277373720757,"Gene0418"
23.9747465039746,0.222830501920839,0.376682873373775,0.591559950483144,0.554145299074793,0.994277373720757,"Gene0419"
373.545411654496,0.445260004073298,0.251388503407981,1.7712027321738,0.076526995098757,0.873824605647375,"Gene0420"
127.59782877498,0.0890700569507317,0.306900375771227,0.290224659148437,0.77164437240694,0.994277373720757,"Gene0421"
9.44327271229248,-0.07539660418101,0.409011857092674,-0.184338431450232,0.853747966547162,0.994277373720757,"Gene0422"
73.5976873151392,-0.357503546651857,0.279828776003564,-1.27757963908367,0.201397683512959,0.937201247950648,"Gene0423"
25.8477208932503,0.269547369133507,0.302047986244727,0.892399159765008,0.372179021328437,0.965773320271778,"Gene0424"
176.470748661922,0.00597731139734495,0.275621074600428,0.0216866994151675,0.982697873608126,0.999775694831997,"Gene0425"
58.3150458940538,0.261252481569552,0.320459157389138,0.815244237980411,0.41493252030712,0.982830442885154,"Gene0426"
24.8133706009039,-0.124363996332407,0.324547295535804,-0.383192212793181,0.701577251481093,0.994277373720757,"Gene0427"
86.308084441234,-0.207691883088211,0.261017426277173,-0.795701214476246,0.426205720793641,0.984915063210876,"Gene0428"
65.7325183389716,0.0677380742491827,0.343289002631063,0.197320839671586,0.843576472232295,0.994277373720757,"Gene0429"
36.2836976827258,-0.343084981774918,0.306575964105374,-1.11908636665657,0.263103295449969,0.95794362182403,"Gene0430"
551.512193179537,0.0383973752348594,0.320046142184738,0.119974497966907,0.904503349691078,0.994566617513272,"Gene0431"
25.3625097426922,-0.0376406797126463,0.341751661267161,-0.110140444008613,0.912297993574829,0.994566617513272,"Gene0432"
30.6735836030498,-0.213842018753825,0.405785376502917,-0.52698305837615,0.598205353395037,0.994277373720757,"Gene0433"
7.83263816504054,0.265338721766952,0.435871501377733,0.608754463020066,0.542687201135637,0.994277373720757,"Gene0434"
43.5631068247234,-0.255138583824651,0.366534047004101,-0.696084268051083,0.486376058097644,0.985065434121811,"Gene0435"
184.374817862237,-0.273061468952464,0.299907487881587,-0.910485666367482,0.362566437557086,0.965556424919003,"Gene0436"
4.19815643807382,0.220456802350455,0.515917526862728,0.427310162713491,0.669153431639903,0.994277373720757,"Gene0437"
32.8649108831336,0.148338282568755,0.366661125291543,0.404565066587866,0.685797241023783,0.994277373720757,"Gene0438"
9.76638627297502,0.213433876759544,0.421916318650318,0.505867792557313,0.612949463557003,0.994277373720757,"Gene0439"
340.871549161794,0.23844616485955,0.337444031256113,0.706624336995826,0.479799960817086,0.984915063210876,"Gene0440"
266.331084519925,-0.273319352707999,0.281264659372419,-0.971751493123424,0.331174192739875,0.95794362182403,"Gene0441"
48.8429638659072,-1.86911843520507,0.319571622786547,-5.84882480774435,4.95058159707868e-09,6.38784722203701e-07,"Gene0442"
284.499305613218,0.0168477422869208,0.345627490235176,0.0487453769243211,0.961122213278691,0.997510641223454,"Gene0443"
20.663875546172,-0.158404259068927,0.421728039441095,-0.37560760550533,0.707208635755171,0.994277373720757,"Gene0444"
159.737049444856,0.12948775577195,0.27201617457657,0.476029618361903,0.634053277163256,0.994277373720757,"Gene0445"
26.1404601784882,0.338245697706193,0.337570193904673,1.00200107655746,0.316343072898574,0.95794362182403,"Gene0446"
68.1411569127394,-0.3731422021721,0.275980609031187,-1.35205949244765,0.176356284348455,0.922991707713332,"Gene0447"
38.3024198582101,-0.144359775677119,0.34160262250859,-0.422595630610209,0.672590315071903,0.994277373720757,"Gene0448"
35.6088376772176,0.229273302895267,0.264690477723385,0.866193997106573,0.386383784735435,0.978706191438438,"Gene0449"
98.2882466384369,0.0698899233372457,0.38892411410828,0.179700668593122,0.857387568527673,0.994277373720757,"Gene0450"
11.4666939428729,0.366124351241006,0.384025899104186,0.953384529780571,0.340395276790528,0.963476060844946,"Gene0451"
42.7537085981015,0.334342886241017,0.342276390891994,0.976821350048998,0.328657604339957,0.95794362182403,"Gene0452"
57.2590665437793,-0.242559282609631,0.303592440763418,-0.798963511738592,0.424311569890107,0.984915063210876,"Gene0453"
30.8418267027932,0.42596787418587,0.340821110082051,1.24982831633674,0.211362269791565,0.937201247950648,"Gene0454"
56.2477711721667,-0.302098952936161,0.293485747948565,-1.0293479497652,0.303316198694651,0.95794362182403,"Gene0455"
28.0952504834609,0.0346141274561623,0.432470510186577,0.080038122001033,0.936206936240906,0.996212859840198,"Gene0456"
431.833649146814,-0.017579509168009,0.213335229542018,-0.0824032167858452,0.934326078126492,0.995673949128029,"Gene0457"
124.586569308844,-0.149099949898653,0.297982239329392,-0.500365223894557,0.616817935597434,0.994277373720757,"Gene0458"
1940.74335517353,0.0490015191413782,0.285304424288026,0.1717516973796,0.863632741015817,0.994277373720757,"Gene0459"
18.6665182742336,0.0621218304890398,0.402175572232155,0.154464454775936,0.877243535801453,0.994277373720757,"Gene0460"
149.702195979244,-0.073880945107947,0.254588188419404,-0.290197850759034,0.771664880349171,0.994277373720757,"Gene0461"
645.276139249591,-0.362152476580792,0.262693890385363,-1.3786101993066,0.168014970180228,0.922991707713332,"Gene0462"
93.439152053168,-0.361020545353858,0.289694568338725,-1.2462109573685,0.212686957363872,0.937201247950648,"Gene0463"
15.5138775507377,0.270871123032716,0.333026921540144,0.813361039341871,0.416011090144016,0.982896846176056,"Gene0464"
16.4859180498468,-0.693087544003421,0.349424581187711,-1.98351112462547,0.0473103656893992,0.803270269707907,"Gene0465"
53.476055769149,0.068901556598623,0.273815556719988,0.251634923245372,0.801323262165687,0.994277373720757,"Gene0466"
223.40947759862,-0.194837631599558,0.24854121010102,-0.783924853026852,0.433084205727762,0.984915063210876,"Gene0467"
122.421259891046,0.472761009413153,0.30341085406067,1.55815457188167,0.11919661087315,0.918137676080839,"Gene0468"
3.47051204568162,-0.0684382005985992,0.568751597078837,-0.120330564257058,0.904221293235331,0.994566617513272,"Gene0469"
19.1496249085004,-0.382850474661124,0.344293027255782,-1.11199020704157,0.266142360940996,0.95794362182403,"Gene0470"
50.9810245717104,-0.457192807850769,0.328223148057955,-1.39293285850162,0.163640094991674,0.922991707713332,"Gene0471"
9.29699106905288,0.479609942953803,0.448380649999984,1.0696490648154,0.284777301269805,0.95794362182403,"Gene0472"
129.004685495644,0.715668369128759,0.300588048696088,2.38089429115108,0.0172706671774783,0.510773317817695,"Gene0473"
3.47445222428129,-0.899557362135396,0.650695270540938,-1.38245566375113,0.166831834813066,0.922991707713332,"Gene0474"
56.5371650470964,-0.576831893367108,0.303429516389786,-1.90104080918123,0.057296667535782,0.848989930934339,"Gene0475"
34.2695777025698,0.0570902476160111,0.354322045769208,0.161125304783314,0.871994710298432,0.994277373720757,"Gene0476"
27.3074799642607,0.000165176562125524,0.346843564469723,0.000476227841730485,0.999620025172021,0.999775694831997,"Gene0477"
30.545771782839,0.136109358332714,0.310544371100066,0.438292788404321,0.661174052983342,0.994277373720757,"Gene0478"
77.7834898119127,0.21019591823064,0.325107448244788,0.646542917935162,0.517927811925766,0.994202950165992,"Gene0479"
90.8344955844082,0.129910739219877,0.307123027927431,0.422992505956189,0.67230072873758,0.994277373720757,"Gene0480"
43.0126614184235,0.80195176858196,0.315384042889743,2.54277851610368,0.0109974915201798,0.471476176672064,"Gene0481"
6.05860114356442,-0.506400500540998,0.447852831131528,-1.1307297070369,0.258168873781304,0.95794362182403,"Gene0482"
10.8294492083445,-0.614019685240403,0.38267793822997,-1.60453379695855,0.108596440955559,0.899911941041004,"Gene0483"
9.20599450936774,0.151164224185648,0.377983378853195,0.399922940115201,0.689213275363226,0.994277373720757,"Gene0484"
127.974216936745,0.396008495619815,0.393113868708862,1.00736332941003,0.313760206758868,0.95794362182403,"Gene0485"
34.9832564225811,0.217891160839377,0.29572010211419,0.736815520086759,0.461234543724079,0.984915063210876,"Gene0486"
79.9659078880799,-0.2415958684491,0.292562308357989,-0.825792870602713,0.408921599040815,0.982830442885154,"Gene0487"
5.89383471164311,-0.520394104787547,0.463631781777049,-1.12242974973142,0.261679761260771,0.95794362182403,"Gene0488"
33.1108342086288,0.069918123412338,0.306649004508272,0.228007012527093,0.819640788895553,0.994277373720757,"Gene0489"
101.495024693779,-0.221871774356816,0.360395012900957,-0.615634973888471,0.538135463168901,0.994277373720757,"Gene0490"
34.9556250818867,-0.223050472600008,0.312616352308106,-0.713495858272235,0.475538975110263,0.984915063210876,"Gene0491"
53.9894919546974,-0.463797072048455,0.260632986909522,-1.77950257773572,0.0751574026584153,0.873824605647375,"Gene0492"
42.4676081862953,-0.144700088402745,0.34026940190985,-0.425251543602151,0.670653313347962,0.994277373720757,"Gene0493"
213.878331676868,-0.915059602238908,0.312351094738336,-2.9295866659455,0.00339413149631181,0.238184666407847,"Gene0494"
21.8785550733545,0.0309229225768329,0.363164970795322,0.0851484175610674,0.932143398395684,0.995673949128029,"Gene0495"
108.889868716553,-0.200916332151354,0.33804013468551,-0.594356443320769,0.552273734413052,0.994277373720757,"Gene0496"
137.848145905676,-0.0945698532162056,0.287045724342405,-0.329459194812451,0.741808631695897,0.994277373720757,"Gene0497"
12.9190319046558,-0.255110025243007,0.412260060640101,-0.618808489104928,0.536042529127061,0.994277373720757,"Gene0498"
56.6414804867873,0.0782589708612503,0.306196577115752,0.255584081306258,0.798272011513246,0.994277373720757,"Gene0499"
47.9804492276469,0.358951395622594,0.316574128317336,1.13386206741057,0.256852410763953,0.95794362182403,"Gene0500"
191.561509687817,0.294399311480268,0.319493782920825,0.921455525014784,0.356812651039808,0.963476060844946,"Gene0501"
154.336018745935,0.10005812892898,0.304420615708951,0.328683813663404,0.742394690018497,0.994277373720757,"Gene0502"
67.1164320975198,-0.758439863704899,0.315257878974258,-2.40577607821446,0.016138153059601,0.510773317817695,"Gene0503"
70.1645396457391,-0.343509025082638,0.301978324513645,-1.1375287469254,0.255317314227996,0.95794362182403,"Gene0504"
20.1962594109082,-0.681131798837145,0.374800072540489,-1.81732034954066,0.0691680758207506,0.870665779712065,"Gene0505"
42.5667706758828,0.480633692672032,0.347551615626611,1.38291313019933,0.166691503783395,0.922991707713332,"Gene0506"
14.5254022440521,-0.00219303835525565,0.417262320440943,-0.00525577855421535,0.995806514742854,0.999775694831997,"Gene0507"
16.0640303101532,1.07431159101081,0.417387135166156,2.57389722992575,0.0100560138075138,0.471476176672064,"Gene0508"
8.64371487533775,0.405449009799305,0.430420916558974,0.941982590067166,0.346201553488642,0.963476060844946,"Gene0509"
122.717452728278,0.137258771796207,0.350370133445411,0.391753630500566,0.69524025943136,0.994277373720757,"Gene0510"
216.36877511717,0.684340190322933,0.337661532037734,2.02670462990868,0.0426926287066424,0.803270269707907,"Gene0511"
27.0424717422198,-0.236030660101004,0.344276967526119,-0.685583650271629,0.492975694504881,0.985951389009763,"Gene0512"
13.2477642979819,-0.176777777879414,0.337710326147574,-0.523459794362832,0.60065432292464,0.994277373720757,"Gene0513"
52.4516692660327,-0.129483007805687,0.315949278776614,-0.409822134448471,0.681936427946893,0.994277373720757,"Gene0514"
631.439294721879,0.378870795394675,0.278533634260574,1.36023355455964,0.173756027389015,0.922991707713332,"Gene0515"
607.049975672542,-0.348545243113422,0.32787751821901,-1.06303489487988,0.28776612705346,0.95794362182403,"Gene0516"
6.1398293455019,0.151380262767893,0.454265820215526,0.333241586822604,0.738951928611003,0.994277373720757,"Gene0517"
36.2730930509234,-0.0329442893201669,0.357139338106287,-0.0922449190135489,0.926503449945286,0.995212746821085,"Gene0518"
373.077321132812,-0.00657163758196078,0.304081081670874,-0.0216114647641041,0.982757888109104,0.999775694831997,"Gene0519"
47.942243653735,-0.547311599327938,0.328317548857407,-1.66701902238447,0.0955106224499954,0.881945157618555,"Gene0520"
403.948816273071,0.398742904465319,0.296288925395271,1.3457907815264,0.178369999229034,0.926422752380889,"Gene0521"
41.1133065696995,0.071493827822214,0.331377742391181,0.215747223414353,0.829184788987681,0.994277373720757,"Gene0522"
105.67436804695,-0.164229432439377,0.28691789733403,-0.572391732845377,0.567056615373755,0.994277373720757,"Gene0523"
62.3369265808978,0.25413786596334,0.286630334194892,0.886639813183696,0.375272851707029,0.968905346852459,"Gene0524"
2891.34547985688,0.103913571321788,0.344376895161448,0.301743737114165,0.762847423954327,0.994277373720757,"Gene0525"
184.305565672347,-0.394153687278048,0.272404983374163,-1.44694007574985,0.147913707614747,0.922991707713332,"Gene0526"
12.362496639703,0.169255820417756,0.39505998875685,0.428430682009483,0.668337590569427,0.994277373720757,"Gene0527"
24.7881427953728,-0.0847718944703077,0.334813054094987,-0.253191724257734,0.800120061301403,0.994277373720757,"Gene0528"
77.1712462035235,0.111867403759838,0.287758097204471,0.388755016267531,0.697457380128778,0.994277373720757,"Gene0529"
4.43250418348862,-0.158376924108145,0.597391276828419,-0.265114222874121,0.790921470986464,0.994277373720757,"Gene0530"
5.17332680002251,-0.17945773511982,0.543609322771449,-0.330122622262807,0.741307310445836,0.994277373720757,"Gene0531"
12.3510423541982,-0.323072806475695,0.431792018811848,-0.748213937267036,0.454331125669043,0.984915063210876,"Gene0532"
35.5161504031319,-0.118616013106122,0.291195760093996,-0.407341140777026,0.683757450362729,0.994277373720757,"Gene0533"
252.867351171219,-0.026838280153413,0.318565382094665,-0.084247321466454,0.932859794802403,0.995673949128029,"Gene0534"
39.2675701288272,-0.227004807814697,0.301461541298714,-0.753014155095032,0.451441408006424,0.984915063210876,"Gene0535"
60.3753200909227,-0.194248521152634,0.285909780505867,-0.679404953579919,0.496881312075414,0.987824005818103,"Gene0536"
52.9906500575926,-0.169608150361133,0.270177305671775,-0.627766088418918,0.530157184271248,0.994277373720757,"Gene0537"
23.0833503005599,0.0372148011333081,0.321931081272227,0.115598658527286,0.907970626119766,0.994566617513272,"Gene0538"
297.193094574775,-0.357129723186318,0.330154480344453,-1.08170491223903,0.279383669733926,0.95794362182403,"Gene0539"
13.4975390711439,-0.0529397131986168,0.35446865244758,-0.149349492072351,0.881277864127444,0.994277373720757,"Gene0540"
44.1035497729704,-0.0666126681152188,0.328462985651132,-0.202801140539987,0.83929046643954,0.994277373720757,"Gene0541"
36.2561278453852,-0.110404848061719,0.281171429401212,-0.392660265293807,0.694570421902409,0.994277373720757,"Gene0542"
107.463101956383,-0.361681330627171,0.338948734704494,-1.06706794743605,0.285941154366486,0.95794362182403,"Gene0543"
406.494464225176,-0.599572878034764,0.322758924167746,-1.85764926432569,0.0632188377378133,0.853251143667034,"Gene0544"
90.1055008613798,0.376789884658874,0.282280763990203,1.33480538784411,0.181940049643151,0.927288356916086,"Gene0545"
290.913630558021,-0.0962516204592213,0.366375499141035,-0.262713038084922,0.792771766751646,0.994277373720757,"Gene0546"
114.369070991407,0.121705513800068,0.324118564418982,0.375496892682585,0.707290956946827,0.994277373720757,"Gene0547"
20.9215614901335,-0.485477125979188,0.351192461423914,-1.38236773081864,0.166858819026044,0.922991707713332,"Gene0548"
51.1263119129974,0.277877948698802,0.270848358670106,1.02595396945808,0.304913281616506,0.95794362182403,"Gene0549"
242.184550764886,-0.124004023262862,0.34979449821506,-0.354505356418219,0.722960190513535,0.994277373720757,"Gene0550"
8.24234591876984,0.169759400885428,0.46205649923117,0.367399660361657,0.713320924898149,0.994277373720757,"Gene0551"
78.2942810614992,0.234947987927448,0.2811606508348,0.835636093563799,0.403359657112433,0.982830442885154,"Gene0552"
42.6118599303165,-0.631622381665555,0.34209144525805,-1.84635538368725,0.0648406209626387,0.861669381563305,"Gene0553"
161.204166111684,0.0825092185339595,0.279159452676762,0.295563047365251,0.767563797314528,0.994277373720757,"Gene0554"
126.768334819979,-0.329693762190496,0.283744138760533,-1.16194034396863,0.245259697962262,0.95794362182403,"Gene0555"
79.3002780959387,0.908762227171399,0.249665739756122,3.63991562502366,0.000272727393314692,0.0253699900757853,"Gene0556"
331.310151761628,0.247349234857916,0.310692452075717,0.79612244586372,0.425960868995836,0.984915063210876,"Gene0557"
9.28092263403109,-0.278356146920395,0.430955782064269,-0.645904193667097,0.518341403541394,0.994202950165992,"Gene0558"
157.579079633767,0.286643213096832,0.352025738937304,0.814267769061861,0.415491569729699,0.982830442885154,"Gene0559"
8.15916822227071,-0.374190759459383,0.443134765382055,-0.844417519660794,0.398436135724524,0.980364826863959,"Gene0560"
126.725264050762,0.235658174289241,0.309711722170609,0.760895237150326,0.446719643587325,0.984915063210876,"Gene0561"
56.5495494171451,-0.223550239682853,0.251012087036114,-0.890595518018579,0.37314620455739,0.966700011806709,"Gene0562"
167.381763156521,0.102848555649629,0.278352824208402,0.369489894496728,0.711762604148313,0.994277373720757,"Gene0563"
60.8135101096683,-0.150754130107152,0.260683808868384,-0.578302621714667,0.563059824700956,0.994277373720757,"Gene0564"
6.62239160985607,0.945348359899163,0.474778299420252,1.99113641262358,0.0464658922509709,0.803270269707907,"Gene0565"
3.95347675600756,1.04226939240899,0.556650468802742,1.87239470874916,0.061152016534264,0.852351786208883,"Gene0566"
88.4330559275933,0.0422257153916466,0.292914205898041,0.144157280669223,0.885376273603231,0.994277373720757,"Gene0567"
45.5247405000488,0.609514978036005,0.322982930721271,1.88714300373355,0.0591410939503389,0.848989930934339,"Gene0568"
29.4543173308923,-0.169212043417527,0.338847575782095,-0.499375104062553,0.617515154555175,0.994277373720757,"Gene0569"
46.7695439159769,-0.481465813603833,0.299329773649742,-1.6084795298954,0.107730195895447,0.899911941041004,"Gene0570"
27.778479394699,0.472255861498068,0.285855141345679,1.65208104802628,0.0985180298593356,0.884430499924414,"Gene0571"
49.7723133791589,0.59898480064552,0.314930094591818,1.90196113655593,0.0571762355435767,0.848989930934339,"Gene0572"
19.6241194287917,-0.0365640571408844,0.346648247506783,-0.10547884607485,0.915995854729723,0.994566617513272,"Gene0573"
4.59733305545113,0.667203326567341,0.564875894254282,1.18115029045122,0.237543024668714,0.948275547579697,"Gene0574"
44.8578190442749,-0.309171344540683,0.282255337879055,-1.09536048764882,0.27335873734411,0.95794362182403,"Gene0575"
171.526232453769,0.897114479136052,0.387789506215783,2.31340576461308,0.0207003404475567,0.574703987523734,"Gene0576"
465.509948155689,-0.212980888918108,0.265030551995004,-0.803608819115024,0.421622928222607,0.984915063210876,"Gene0577"
48.2645413913983,0.260356929858717,0.29816171378482,0.873207114869933,0.382550197495096,0.97702042679757,"Gene0578"
46.836423409069,0.0887500859697568,0.255470862397057,0.347398075604489,0.728292278872966,0.994277373720757,"Gene0579"
157.740072528948,-0.112912178528581,0.346530996889944,-0.325835724774836,0.744548647999745,0.994277373720757,"Gene0580"
58.5729240388158,0.0351031461806586,0.298784049739243,0.11748668046803,0.906474398391488,0.994566617513272,"Gene0581"
25.1959409473048,-0.296840106896823,0.318707522088247,-0.931387200878902,0.35165330917626,0.963476060844946,"Gene0582"
7.75078643605779,0.118437188591122,0.407870773174413,0.29037919944432,0.771526154934092,0.994277373720757,"Gene0583"
11.1563065784279,-0.253423735802032,0.379082260577133,-0.668519110908032,0.503802287033999,0.991483155252957,"Gene0584"
90.6784073246454,-0.917244763240145,0.372212485495733,-2.46430412461449,0.0137279574461191,0.498590546462874,"Gene0585"
10.5108929267836,0.177382587988858,0.409963205578931,0.432679288226286,0.665247778663384,0.994277373720757,"Gene0586"
174.337765809318,0.039918330779221,0.276346351854312,0.144450362783387,0.885144850032672,0.994277373720757,"Gene0587"
11.7868874996779,0.682683917336542,0.366964718352051,1.86035300723816,0.0628355986134806,0.853251143667034,"Gene0588"
41.7320495184776,-0.286388350079281,0.395424834737695,-0.724254839151054,0.468909296886776,0.984915063210876,"Gene0589"
46.2792068594942,-0.361753522687964,0.381828105556539,-0.947425077995985,0.343422217228656,0.963476060844946,"Gene0590"
56.9353697394303,0.0319415709189538,0.354198320373135,0.0901799051031765,0.928144252659123,0.995312957908507,"Gene0591"
73.8403102264191,0.144244922395223,0.266241904933529,0.541781439068487,0.587969079288575,0.994277373720757,"Gene0592"
125.26011165029,0.313597593694779,0.271419278130538,1.15539911481142,0.24792702424761,0.95794362182403,"Gene0593"
50.3334526972908,-0.313412549323474,0.292365468375997,-1.07198894269007,0.283724998634479,0.95794362182403,"Gene0594"
32.7063015891208,-0.481074486991511,0.371867121581003,-1.29367308662893,0.195778365400254,0.934198910468991,"Gene0595"
58.4783225226386,0.16682222860539,0.287876161480469,0.579493028347567,0.562256549397985,0.994277373720757,"Gene0596"
32.4726980851576,-0.18839161342619,0.363156194779602,-0.518761943577815,0.603926759485106,0.994277373720757,"Gene0597"
379.176260827394,0.024544693615776,0.324842053314175,0.0755588550354264,0.939770071768179,0.997386881575259,"Gene0598"
4.83930984068337,0.483584346640304,0.520049078589388,0.929882133340197,0.352432114605914,0.963476060844946,"Gene0599"
141.084034387158,0.333163628838627,0.300966638102211,1.10697860380618,0.268303179121143,0.95794362182403,"Gene0600"
40.618321034042,0.386408962286718,0.313175245670565,1.23384260930121,0.217261558432049,0.937201247950648,"Gene0601"
97.4069943914212,-0.292136433612883,0.314238992114419,-0.929663221127286,0.352545482794339,0.963476060844946,"Gene0602"
178.179643515806,0.457124866563828,0.33247573671304,1.37491195923982,0.169158741150179,0.922991707713332,"Gene0603"
127.683888759578,0.0364749677218039,0.338435190992281,0.107775339836441,0.914173904886708,0.994566617513272,"Gene0604"
31.4710470478,0.220986334146588,0.312728218732737,0.706640209962781,0.479790094155743,0.984915063210876,"Gene0605"
381.389005134545,-0.0221039822488954,0.336053319362915,-0.0657752236781942,0.947556782149327,0.997510641223454,"Gene0606"
7.4298981532741,-0.380102231656095,0.411168235216216,-0.924444543864667,0.355254912058635,0.963476060844946,"Gene0607"
165.06071750159,0.135614234916403,0.383134179995217,0.353960158078552,0.723368741968789,0.994277373720757,"Gene0608"
26.7927943099275,0.0143624871712893,0.334625982559512,0.0429210160592806,0.9657644957936,0.997510641223454,"Gene0609"
5.17266664605155,0.361821717438299,0.477568985302419,0.757632360085478,0.448671102089707,0.984915063210876,"Gene0610"
6.38254947162673,0.628051516330913,0.47557259300295,1.32062176326258,0.186627512525247,0.930856805539278,"Gene0611"
71.1906922029829,0.505221476988067,0.284952305172465,1.77300364944332,0.0762281021478914,0.873824605647375,"Gene0612"
665.684418504498,-0.383927387624882,0.324823415173585,-1.18195724104345,0.237222667524276,0.948275547579697,"Gene0613"
68.6311657146558,-0.174336838042704,0.349046500404413,-0.499465938895573,0.617451176441306,0.994277373720757,"Gene0614"
191.923457471844,-0.193271052563045,0.307052465465704,-0.629439832928593,0.529061147132761,0.994277373720757,"Gene0615"
146.245229128809,0.366818682994633,0.328842778009851,1.11548346968302,0.264643298233958,0.95794362182403,"Gene0616"
22.667553060806,-0.260083405602352,0.389864480500726,-0.667112339314193,0.504700378922394,0.991483155252957,"Gene0617"
156.468615885294,-0.068762972732925,0.306866924509728,-0.224080756969118,0.822694465492899,0.994277373720757,"Gene0618"
81.2085923589731,-0.332537031778677,0.320874896714518,-1.03634480348438,0.300041311107294,0.95794362182403,"Gene0619"
68.188581804176,0.0183837185910389,0.256613858681027,0.0716396171490099,0.94288871113149,0.997510641223454,"Gene0620"
203.760281268797,0.243428635234866,0.306479390536097,0.794274077643714,0.427035891573557,0.984915063210876,"Gene0621"
111.963663733403,-0.172436307252086,0.327814266159895,-0.526018312967438,0.59887548316134,0.994277373720757,"Gene0622"
24.8055952070257,-0.180113883099949,0.324935371139279,-0.554306791742735,0.579368902998875,0.994277373720757,"Gene0623"
82.6840754010208,-0.0830888109072877,0.31089076364847,-0.267260467735342,0.789268622166725,0.994277373720757,"Gene0624"
21.2395910904062,-0.187821468571666,0.331164070029746,-0.567155333472001,0.570608651713547,0.994277373720757,"Gene0625"
108.679592080159,0.168566528908395,0.324115157698336,0.520082214313731,0.6030062741733,0.994277373720757,"Gene0626"
26.7358741304901,-0.431750517851915,0.29212369635722,-1.47797156901628,0.139415388273365,0.922991707713332,"Gene0627"
86.4671306101766,0.034079856268245,0.252405526260115,0.135020246082584,0.892595866851398,0.994277373720757,"Gene0628"
87.597146484272,0.0430070936202635,0.342658055148926,0.125510236733153,0.900119621382159,0.994566617513272,"Gene0629"
33.764894050978,0.415967948805887,0.290915029937336,1.42986063282976,0.15275702270573,0.922991707713332,"Gene0630"
99.0042533835708,-0.133918269392835,0.239983810423625,-0.558030431954722,0.576823603746925,0.994277373720757,"Gene0631"
87.6368639706529,-0.1533338816657,0.32192520601759,-0.476302814441071,0.633858660598498,0.994277373720757,"Gene0632"
42.1643508255409,0.299729772652955,0.325790098504051,0.920008846276301,0.357568136425926,0.963476060844946,"Gene0633"
200.701566592767,0.0310320159404813,0.271274817736684,0.114393279108579,0.908926041517975,0.994566617513272,"Gene0634"
242.354229556714,0.274852194474659,0.283683631454041,0.968868711479348,0.332610698280468,0.959915435152867,"Gene0635"
28.4041023881737,-0.0017777419182588,0.358460612947151,-0.00495937867104215,0.996043004547879,0.999775694831997,"Gene0636"
20.8915202080041,0.481870099256251,0.355609518889374,1.3550539950708,0.175400354570185,0.922991707713332,"Gene0637"
80.0088970785772,0.249666721100366,0.317126470147874,0.787278088088792,0.431119093803297,0.984915063210876,"Gene0638"
21.0742523265478,0.343768188186012,0.368854005305321,0.931989847586055,0.351341772203031,0.963476060844946,"Gene0639"
36.5919460299808,0.00624357704961176,0.372963519021209,0.0167404497522898,0.986643677439888,0.999775694831997,"Gene0640"
126.332840133551,-0.170306299181577,0.316231445062729,-0.538549539713844,0.590197713554529,0.994277373720757,"Gene0641"
29.4022017984895,-0.46555229702285,0.278910806800647,-1.66917984413421,0.0950817433750738,0.880386512732165,"Gene0642"
5.24479597468654,0.311264885015579,0.508481907466961,0.612145447939667,0.540441530527039,0.994277373720757,"Gene0643"
131.532620801334,-0.136839418083364,0.276068138584977,-0.495672621928603,0.620125406277918,0.994277373720757,"Gene0644"
7.34816125684008,0.159384923792024,0.446354730314702,0.357081292002102,0.721030949317804,0.994277373720757,"Gene0645"
11.7151261914146,-0.103225647007474,0.386483468092895,-0.267089424333832,0.789400310070092,0.994277373720757,"Gene0646"
1.04950785588894,2.35399241681181,1.11071637641597,2.11934609662244,0.0340612286516765,0.736458997874086,"Gene0647"
149.655818202606,-0.278182742339156,0.264081401400893,-1.05339770564477,0.292158755289393,0.95794362182403,"Gene0648"
72.3096115221781,-0.101373113218346,0.27754007397946,-0.365255769247393,0.71492049185379,0.994277373720757,"Gene0649"
102.912847929629,0.0817217264090232,0.298227285814398,0.274024981268424,0.78406542389955,0.994277373720757,"Gene0650"
143.434099631734,0.767966435679827,0.356450086886297,2.1544851970391,0.0312021416189124,0.71729061192902,"Gene0651"
63.7919019790243,0.0977851996905364,0.304287524258889,0.321357899666436,0.747939183632318,0.994277373720757,"Gene0652"
15.5126102558304,0.30192628402996,0.349258154146816,0.864478840207809,0.387324899318409,0.978706191438438,"Gene0653"
113.304432627259,-0.263435198514231,0.329674950325717,-0.799075568992906,0.42424659489702,0.984915063210876,"Gene0654"
214.243167931872,-0.429139109372907,0.270462650429481,-1.58668529163437,0.112583939200834,0.90247646653975,"Gene0655"
8.07551707214136,-0.469046601365318,0.445066091450793,-1.05388078394459,0.291937501685777,0.95794362182403,"Gene0656"
29.5803543686786,-0.659146842971829,0.337547127038223,-1.95275500862784,0.0508486320606873,0.822107009743037,"Gene0657"
38.8341466844542,0.172541551146322,0.289449416745745,0.596102604338235,0.551106684472629,0.994277373720757,"Gene0658"
8.40338334753672,-0.0562794242550789,0.405266016806508,-0.138870326948606,0.889552619394058,0.994277373720757,"Gene0659"
94.801107973121,-0.844326985837956,0.317508153102808,-2.65922930667096,0.00783196378165617,0.420969319782974,"Gene0660"
23.8250055223708,0.185000924618719,0.331830943017459,0.557515591934973,0.577175209133003,0.994277373720757,"Gene0661"
255.832811086407,-0.656062201449891,0.34569571199007,-1.89780254337878,0.057722098059835,0.848989930934339,"Gene0662"
66.9863484747273,-0.0545286555759298,0.292045507860125,-0.186712872166643,0.851885763056945,0.994277373720757,"Gene0663"
95.3738224581344,-0.166515955073119,0.244911335321896,-0.679903014102068,0.496565873026966,0.987824005818103,"Gene0664"
364.866084180733,-0.517325262465087,0.321034795953715,-1.61143050219289,0.107085923484171,0.899911941041004,"Gene0665"
84.337534447592,-0.71802934077363,0.264386925723091,-2.71582771655534,0.00661103106239286,0.383248177530021,"Gene0666"
189.53060253008,-0.344330453248045,0.34683570100583,-0.992776845778794,0.320818716043567,0.95794362182403,"Gene0667"
70.3652503446317,-0.460281059782739,0.28978555100476,-1.58835062061179,0.112207076791277,0.90247646653975,"Gene0668"
8.2332058594536,-1.00004531347962,0.512451219150501,-1.95149367609548,0.0509983477537705,0.822107009743037,"Gene0669"
56.8285460988953,-0.192103456493635,0.325076513184052,-0.590948434299433,0.55455497208179,0.994277373720757,"Gene0670"
138.601512336229,-0.531946368247089,0.3410442438725,-1.55975764964372,0.11881716294161,0.917507049742163,"Gene0671"
90.410535126295,0.009477951916082,0.29408108703348,0.0322290427163817,0.974289395466301,0.998762776352692,"Gene0672"
45.4897206808828,0.188087515442212,0.343389186400549,0.547738609400519,0.583871397250228,0.994277373720757,"Gene0673"
12.6027203897854,-0.680613406734418,0.415387564798266,-1.63850212286677,0.101316991571221,0.895934246784897,"Gene0674"
120.28326036618,0.607976184786043,0.38249963693295,1.58948173039081,0.111951675510765,0.90247646653975,"Gene0675"
15.6634886040811,-0.152560756643044,0.353378136024906,-0.431720984097022,0.665944214264111,0.994277373720757,"Gene0676"
8.47344458324718,-0.0296495148726455,0.428641160864295,-0.0691709466558492,0.944853548910437,0.997510641223454,"Gene0677"
114.002648968909,-0.230395623199024,0.350069708522517,-0.658142128810338,0.510446807152477,0.993570427547401,"Gene0678"
13.0744843417924,-0.432399236370479,0.380752389799602,-1.13564418229406,0.256105509923182,0.95794362182403,"Gene0679"
75.5624560101129,0.0665426236341634,0.360907399455668,0.184375891806389,0.853718581143693,0.994277373720757,"Gene0680"
48.8215590752631,-0.522236852773263,0.322167643588675,-1.62100963012917,0.105015573394886,0.899911941041004,"Gene0681"
9.59611903935983,-0.269050895717976,0.422531105940336,-0.636759973255004,0.5242812020189,0.994277373720757,"Gene0682"
265.455238162496,-0.378051610371814,0.311910025583517,-1.21205341080192,0.225491936065,0.939836788924798,"Gene0683"
31.3386710494509,0.357451234893127,0.301291832701882,1.186395368529,0.235466199888597,0.948275547579697,"Gene0684"
229.744589672751,-0.233774201982208,0.348206669614787,-0.671366238449215,0.501987247093507,0.991483155252957,"Gene0685"
30.226871624486,-0.185936281897542,0.395563931343896,-0.470053680743437,0.638316665806873,0.994277373720757,"Gene0686"
24.6331075421514,-0.22225443399842,0.368344657171242,-0.603387152959557,0.546251166669646,0.994277373720757,"Gene0687"
46.427269148238,-0.00846712045648054,0.300639790586504,-0.0281636720141483,0.977531611256266,0.999185276544855,"Gene0688"
27.2008987226542,0.492033493599894,0.31411595574315,1.56640719646291,0.117253319273768,0.916850469645478,"Gene0689"
30.2033059396235,-0.404929871111487,0.291282174201163,-1.39016358354918,0.164479208960182,0.922991707713332,"Gene0690"
15.1889824674417,0.720373422120769,0.404859471511955,1.77931720216529,0.0751877722779056,0.873824605647375,"Gene0691"
12.5974582943219,-0.487911322887238,0.384531777686166,-1.2688452585717,0.20449625957918,0.937201247950648,"Gene0692"
99.0247036338302,-0.305807470172942,0.285876503642414,-1.06971879911984,0.284745901858022,0.95794362182403,"Gene0693"
25.4460036401793,-0.397829090489017,0.328039963233211,-1.21274580867512,0.225227020010174,0.939836788924798,"Gene0694"
11.0715747106294,-0.489859181275267,0.377598975040175,-1.29730008198022,0.194527956206571,0.934198910468991,"Gene0695"
27.6835079499313,0.431609402948175,0.327992948332703,1.31591061680499,0.188204044912333,0.930893394096245,"Gene0696"
23.3398034466936,-0.787945174407921,0.321146142359027,-2.45354083539648,0.0141457477330512,0.498590546462874,"Gene0697"
3.79887314348823,0.184156354295546,0.546570031892453,0.336930939403905,0.736168961311265,0.994277373720757,"Gene0698"
34.9737277015612,-0.247606222873679,0.275676117660294,-0.89817799588572,0.369090662421879,0.965773320271778,"Gene0699"
67.8644509328352,-0.430643103442223,0.342498391011226,-1.25735803362682,0.208624018313861,0.937201247950648,"Gene0700"
71.3485324356672,0.393072548072073,0.287651312339897,1.36648967416358,0.171785319676077,0.922991707713332,"Gene0701"
81.7463245654547,0.36932968084697,0.371357745318261,0.994538785047951,0.319960632849507,0.95794362182403,"Gene0702"
14.8744746758859,0.124982577334102,0.3422361043221,0.365194015931392,0.714966584882182,0.994277373720757,"Gene0703"
41.7205592906239,0.0784461410872264,0.389434906776656,0.201435823348563,0.840357806265366,0.994277373720757,"Gene0704"
14.8533530055999,-0.410791831407806,0.38925089642833,-1.05533946145566,0.291270099466401,0.95794362182403,"Gene0705"
26.8710651163981,-0.237648004586214,0.354201034456765,-0.670941023508562,0.502258101066016,0.991483155252957,"Gene0706"
12.4460045603584,-0.149576570069765,0.360570892550401,-0.414832625594861,0.678264434131483,0.994277373720757,"Gene0707"
13.0145435596348,-0.0194633658696766,0.348344927533596,-0.055873831743393,0.955442317498346,0.997510641223454,"Gene0708"
118.836605695524,-0.137440425134413,0.25320159687712,-0.542810261979166,0.587260446939111,0.994277373720757,"Gene0709"
40.8750656924523,-0.183516630713111,0.282053814122601,-0.650644031473163,0.515276299974036,0.993765320745238,"Gene0710"
38.8579013626975,-0.114982666556517,0.285748871518798,-0.40239062343577,0.687396569608219,0.994277373720757,"Gene0711"
404.164587281903,-0.481103547552102,0.292579776585822,-1.64434997239455,0.100103932510996,0.891794498984376,"Gene0712"
44.9566186681902,-0.518756638540731,0.337939790176885,-1.53505640241181,0.124769974165996,0.918506127595565,"Gene0713"
29.1715275545269,0.0862867435430094,0.330785334206238,0.260854199446495,0.794204945798483,0.994277373720757,"Gene0714"
125.448366389205,0.391919611304358,0.265308052758891,1.47722471002616,0.139615412190079,0.922991707713332,"Gene0715"
27.7997990703985,0.473934466137404,0.325105847778584,1.45778511637287,0.14489978200395,0.922991707713332,"Gene0716"
246.39494452403,0.120802342968658,0.294620696852606,0.410026669066951,0.68178638420218,0.994277373720757,"Gene0717"
31.8815520157655,-0.201308396936666,0.348652054837256,-0.577390536334665,0.563675665750595,0.994277373720757,"Gene0718"
29.961686435056,0.193098250579382,0.323953534138837,0.596067738827709,0.551129975029291,0.994277373720757,"Gene0719"
13.1672874502583,-0.125861908481657,0.353345597813673,-0.356200584528088,0.721690354224622,0.994277373720757,"Gene0720"
112.025255705148,-0.221108889895798,0.41066140028609,-0.538421409321063,0.590286149081945,0.994277373720757,"Gene0721"
279.110140932405,-0.108566601131905,0.321753778960348,-0.337421370722375,0.735799276787156,0.994277373720757,"Gene0722"
33.1007449414009,0.854357121931298,0.335451566431728,2.54688666688691,0.0108688725499979,0.471476176672064,"Gene0723"
75.8699700146629,0.213018629191437,0.261494519140948,0.814619862363608,0.415289937481765,0.982830442885154,"Gene0724"
83.2155491253461,0.505077983584614,0.335081890025984,1.50732701055688,0.131726857438466,0.921592508351087,"Gene0725"
327.792619161715,0.180516577959482,0.241849342202783,0.746400946619592,0.455425247601749,0.984915063210876,"Gene0726"
127.861674284524,0.124137611305625,0.288250232527842,0.430659188778398,0.666716197330479,0.994277373720757,"Gene0727"
14.2141042871067,0.0330698846384341,0.351164909684098,0.0941719509166881,0.924972565659594,0.995212746821085,"Gene0728"
21.3187493781643,0.327858277340369,0.313633373703493,1.04535519759553,0.295858835257538,0.95794362182403,"Gene0729"
17.6807608668743,0.437544811233633,0.350945795981302,1.24675894751834,0.212485897318231,0.937201247950648,"Gene0730"
57.9318809815011,0.231342981788947,0.308995207463216,0.748694401082212,0.454041419053482,0.984915063210876,"Gene0731"
48.3429046031359,0.428138672708579,0.330699805933001,1.29464446312774,0.195442906534497,0.934198910468991,"Gene0732"
83.4451609226289,0.098239303172818,0.316402881282639,0.310488016969296,0.756189870614717,0.994277373720757,"Gene0733"
24.3174925748209,-0.298901704299872,0.300851075356617,-0.993520478348184,0.320456375836486,0.95794362182403,"Gene0734"
37.3699277320385,0.0668834540766637,0.371098989678091,0.180230763049723,0.856971408437966,0.994277373720757,"Gene0735"
119.67906004119,-0.00168171777427089,0.282967203255196,-0.00594315438299831,0.995258076790332,0.999775694831997,"Gene0736"
46.2410888805185,0.0282209082113347,0.344334772443602,0.0819577645645908,0.934680299411352,0.995673949128029,"Gene0737"
24.2477569501961,-0.234223446723249,0.402706960824953,-0.581622543209677,0.560820954910685,0.994277373720757,"Gene0738"
153.549819468255,-0.369248167164181,0.259823428173986,-1.42115039340071,0.15527304249805,0.922991707713332,"Gene0739"
56.8307386135695,-0.738803470682346,0.302088789530014,-2.4456500747074,0.0144591258474233,0.498590546462874,"Gene0740"
16.7934487528256,-0.223666134026726,0.385593942204216,-0.580056140789342,0.561876759317127,0.994277373720757,"Gene0741"
1115.20411778553,1.92810179987013,0.192694931910174,10.0059808566679,1.4346288924108e-23,5.21683233603928e-21,"Gene0742"
14.6959493384409,-0.00242960027483879,0.400388038374605,-0.00606811403432998,0.995158375211893,0.999775694831997,"Gene0743"
7.18646957279971,-0.0976554113720712,0.457372149418063,-0.21351411863692,0.830925977931107,0.994277373720757,"Gene0744"
4.60728039139516,-0.88691339342719,0.525914756463269,-1.68642043701456,0.0917148478041891,0.873824605647375,"Gene0745"
115.224395141074,-0.400693299329053,0.29513120548332,-1.35767852360058,0.174565714377666,0.922991707713332,"Gene0746"
27.8415685006119,-0.0911349608982953,0.362921831779475,-0.251114573216616,0.801725529034892,0.994277373720757,"Gene0747"
32.7897305865126,0.197882805012678,0.302096698954344,0.65503133830199,0.512447577390179,0.993765320745238,"Gene0748"
65.1320987468032,-0.0727728506170431,0.306054990711896,-0.237777042771858,0.812054025280397,0.994277373720757,"Gene0749"
31.9141525891045,0.226366065452581,0.369512990096922,0.612606515925748,0.540136548765207,0.994277373720757,"Gene0750"
7.03429091616566,-0.231837216719657,0.449202607069914,-0.516108350821691,0.605778735796929,0.994277373720757,"Gene0751"
4.92824832397898,0.14099791571403,0.509260713577152,0.276867843827244,0.781881584629548,0.994277373720757,"Gene0752"
31.1761537894951,0.60582689885282,0.319960353476869,1.89344364784438,0.0582988955453511,0.848989930934339,"Gene0753"
65.9418040039875,0.203668459997817,0.29159578928143,0.698461594729166,0.484888567752431,0.984915063210876,"Gene0754"
4.36502706457313,0.429803718527171,0.523158520833926,0.821555420414551,0.411329970016898,0.982830442885154,"Gene0755"
69.0649529877454,-0.508747389751104,0.30645006080428,-1.66013146943386,0.0968880073534933,0.884430499924414,"Gene0756"
78.083350316433,0.102253177646601,0.282749509271115,0.361638744874197,0.717622007352521,0.994277373720757,"Gene0757"
293.495574882316,-0.124603270602872,0.358381122453879,-0.34768368866557,0.728077747867943,0.994277373720757,"Gene0758"
75.5453963455838,-0.0894733436201914,0.33829481798814,-0.264483340750813,0.791407500072666,0.994277373720757,"Gene0759"
64.8131962432313,-0.196114190284441,0.271065192706516,-0.723494552459103,0.469376099704513,0.984915063210876,"Gene0760"
122.327999394398,0.0695647367966326,0.342125409762604,0.203331102606212,0.838876246891683,0.994277373720757,"Gene0761"
56.4164458621503,0.3824363291256,0.312545366915769,1.22361861543341,0.221096133812831,0.937201247950648,"Gene0762"
56.3851237700738,0.281626147799728,0.311478921240503,0.904157965740081,0.365911645422094,0.965773320271778,"Gene0763"
58.0374285715642,-0.140782286590525,0.296588450158877,-0.474672181317617,0.635020649073333,0.994277373720757,"Gene0764"
129.746179706976,0.318449576327517,0.321953931135873,0.989115353255689,0.322606706624313,0.95794362182403,"Gene0765"
26.7246637055543,0.39179591772477,0.317907090266951,1.2324227100307,0.217791221892586,0.937201247950648,"Gene0766"
27.9399049169068,-0.421787311602112,0.328864578618304,-1.28255622230346,0.199647595800923,0.937201247950648,"Gene0767"
20.9920900896061,-0.157267480013821,0.382027086009388,-0.411665784373091,0.68058440697266,0.994277373720757,"Gene0768"
17.8674962475805,-0.0151104830521636,0.371651394505025,-0.0406576788775089,0.967568801040172,0.997510641223454,"Gene0769"
70.7241038339054,0.0949434179784529,0.295979005731605,0.320777542122524,0.748378979535414,0.994277373720757,"Gene0770"
318.445046781878,-0.089863695434096,0.255312218541635,-0.351975694494391,0.724856490565268,0.994277373720757,"Gene0771"
14.2890201220804,-0.148189629320629,0.363403965967469,-0.407782091552339,0.683433662468582,0.994277373720757,"Gene0772"
46.9444147865901,-0.173645005929255,0.371444571014028,-0.467485647872606,0.640152458034071,0.994277373720757,"Gene0773"
14.9416154467414,0.293702247932117,0.40501765459445,0.72515912479471,0.468354415810229,0.984915063210876,"Gene0774"
133.355851101293,-0.0775756456148272,0.309653253260225,-0.250524238961038,0.802181962234582,0.994277373720757,"Gene0775"
35.793376965965,0.162828304538111,0.335544106113513,0.485266471892751,0.627487335445209,0.994277373720757,"Gene0776"
72.244126401571,0.125029666297151,0.369440457809771,0.33842981637255,0.735039308108124,0.994277373720757,"Gene0777"
67.9419019691077,-0.155845651068736,0.330149903669684,-0.472045120523979,0.636894582896995,0.994277373720757,"Gene0778"
16.1882500612107,-0.800761080087806,0.421705172645702,-1.89886473306451,0.057582263324082,0.848989930934339,"Gene0779"
49.8869678897973,0.0655340368875203,0.295691565388195,0.221629713385584,0.8246021497352,0.994277373720757,"Gene0780"
38.3785457241876,0.0417167785574906,0.295881571598357,0.140991472811692,0.887876678761538,0.994277373720757,"Gene0781"
111.902480478886,0.356743347221175,0.284205553971224,1.25523003416497,0.209395265559742,0.937201247950648,"Gene0782"
12.8421377218546,0.0539320675823408,0.410434435485302,0.131402394437423,0.895456994601196,0.994277373720757,"Gene0783"
11.2206262548431,-0.0220325351696212,0.387769457354101,-0.0568186450783348,0.954689661305892,0.997510641223454,"Gene0784"
145.643742452197,-0.269598976551593,0.299947203629986,-0.898821436869166,0.368747779832044,0.965773320271778,"Gene0785"
34.6634104538176,-0.374970201076553,0.376307682584851,-0.996445776766739,0.319033600494037,0.95794362182403,"Gene0786"
27.4838882604948,-0.168878096676804,0.302269438683855,-0.558700533577377,0.576366115129347,0.994277373720757,"Gene0787"
59.0201714690653,0.0548750838558487,0.324956641817361,0.168868940634519,0.865899730081435,0.994277373720757,"Gene0788"
36.764092770335,-0.0332476606500046,0.29304199437774,-0.113456983257994,0.909668265195377,0.994566617513272,"Gene0789"
463.548339614626,-0.387510331143213,0.377703828325712,-1.02596347212304,0.304908802233655,0.95794362182403,"Gene0790"
74.5925183304216,0.632842734344943,0.26055689445478,2.4288082480764,0.0151485417974605,0.50507907055879,"Gene0791"
79.7488288561655,0.0032982762175543,0.361046574123865,0.00913532063157801,0.992711170090657,0.999775694831997,"Gene0792"
177.450199405702,-0.206075489962014,0.258420355713402,-0.797442946756716,0.42519382535622,0.984915063210876,"Gene0793"
52.579056424258,-0.0328496284019116,0.303000126023753,-0.108414570096042,0.913666843992136,0.994566617513272,"Gene0794"
57.8554614891828,-0.0167267874797219,0.331313285822969,-0.0504863167143243,0.95973485317988,0.997510641223454,"Gene0795"
14.9345468560787,0.106915090674103,0.336014291245175,0.318186141065328,0.750343744742571,0.994277373720757,"Gene0796"
3.14902583352968,0.222011913615554,0.603759067644766,0.367716073369484,0.713084954209183,0.994277373720757,"Gene0797"
14.1185464124796,-0.418222226890981,0.430410801467475,-0.971681531841353,0.331209007245658,0.95794362182403,"Gene0798"
57.467521680582,-0.386305242207797,0.347138244428251,-1.1128282417976,0.265782203566385,0.95794362182403,"Gene0799"
13.1669610545552,0.0160066144382637,0.355226229848136,0.0450603392804262,0.964059213961693,0.997510641223454,"Gene0800"
120.329432754904,-0.695739303272789,0.215173158645038,-3.2333926204082,0.0012232931404218,0.10194109503515,"Gene0801"
126.34419570146,-0.693619243936547,0.282270182334268,-2.45728839723905,0.0139990254082676,0.498590546462874,"Gene0802"
69.6242349937519,0.164105620534545,0.339733800606435,0.483041782247194,0.62906606950964,0.994277373720757,"Gene0803"
35.2246262656135,-0.467500945051093,0.347952112708268,-1.34357840627068,0.179084756123643,0.926422752380889,"Gene0804"
8.08049742989912,0.113321362538405,0.42558253474414,0.26627352695884,0.79002855976951,0.994277373720757,"Gene0805"
37.4672668243788,-0.349699275262879,0.278995555600438,-1.25342238699924,0.210052028396562,0.937201247950648,"Gene0806"
30.5140669083499,0.135561631609662,0.334799583046296,0.404903824479724,0.685548207050367,0.994277373720757,"Gene0807"
106.030655754055,0.0234571386750038,0.250671163165756,0.093577332066285,0.92544491697514,0.995212746821085,"Gene0808"
236.304156388474,-0.250142033898581,0.318021846653819,-0.786556132952941,0.431541747165299,0.984915063210876,"Gene0809"
107.686001442517,0.20620014040804,0.349769264754712,0.589531903418229,0.555504517140671,0.994277373720757,"Gene0810"
14.214061623737,0.394400920167111,0.361737316692395,1.09029647196308,0.275582568810768,0.95794362182403,"Gene0811"
470.964684230523,0.0252632221110381,0.259327081036238,0.0974183722351305,0.922394155188426,0.995212746821085,"Gene0812"
176.412780284443,-0.0499942777882796,0.33783288775069,-0.14798523057108,0.882354424196803,0.994277373720757,"Gene0813"
75.0374782442468,0.344330995992694,0.257325707608111,1.33811347180704,0.180859449839586,0.92644015237123,"Gene0814"
3.9571791391421,0.535241753615202,0.531235256139474,1.00754185161739,0.313674456312561,0.95794362182403,"Gene0815"
16.4152866727943,-0.473209811927782,0.422669521754891,-1.11957401130569,0.262895335486792,0.95794362182403,"Gene0816"
48.2396240557528,-0.0360275967462493,0.301263112004572,-0.119588477017732,0.90480914821891,0.994566617513272,"Gene0817"
151.903417850542,-0.370884719594057,0.390764031491636,-0.94912706826753,0.342555988951792,0.963476060844946,"Gene0818"
10.4919975521726,-0.0905633985573122,0.374406603130416,-0.241885153200053,0.808869154618178,0.994277373720757,"Gene0819"
2591.2067184357,-0.0665361235536316,0.298204629682068,-0.223122369443323,0.823440268867905,0.994277373720757,"Gene0820"
2.4223094767547,-0.193128096900516,0.660531559183916,-0.292382845626823,0.769993922688554,0.994277373720757,"Gene0821"
39.2469128314522,-0.235543182831162,0.377819541074578,-0.623427740558997,0.533003473208644,0.994277373720757,"Gene0822"
39.0009291742394,0.0876760452978367,0.363827309875344,0.240982584094297,0.809568614694356,0.994277373720757,"Gene0823"
21.8850352526598,0.222903994727285,0.347309462394488,0.641802250910463,0.521001587972901,0.994277373720757,"Gene0824"
35.3746960946973,0.155963836313252,0.335092443348681,0.465435253492014,0.641619793267986,0.994277373720757,"Gene0825"
150.703856572644,0.142769045091239,0.277828264250583,0.513875164848134,0.607339272016842,0.994277373720757,"Gene0826"
19.475851154172,0.349788478526914,0.34855348102545,1.0035432080547,0.315598840395035,0.95794362182403,"Gene0827"
3.47745647596229,-0.0660577051968392,0.59438105668192,-0.111136962482621,0.911507738459971,0.994566617513272,"Gene0828"
54.8842858340678,-0.241096909824252,0.316815417639455,-0.761001189969321,0.446656356491781,0.984915063210876,"Gene0829"
48.9917521021086,-0.206378917091859,0.327939857714361,-0.629319407925148,0.529139967897559,0.994277373720757,"Gene0830"
52.8034159218179,0.793589400044131,0.310809523294118,2.55329821182203,0.0106708090099126,0.471476176672064,"Gene0831"
103.936280165553,-0.170039516088447,0.228501206799606,-0.744151501298504,0.456784824966842,0.984915063210876,"Gene0832"
60.8914023679955,-0.085667635306561,0.239167701834949,-0.358190653040939,0.720200641625188,0.994277373720757,"Gene0833"
122.298180174631,0.0550804166396477,0.385534358398964,0.142867724859554,0.886394648874227,0.994277373720757,"Gene0834"
4.68551641430706,0.299457397285452,0.539895736987398,0.554657828854911,0.579128726208638,0.994277373720757,"Gene0835"
16.5596942809462,0.294193488363809,0.353984659680277,0.831091066572005,0.405922186012586,0.982830442885154,"Gene0836"
67.2123795557971,-0.225293175438229,0.274303965195979,-0.821326717888551,0.41146019297941,0.982830442885154,"Gene0837"
31.4284508424241,0.200321530521123,0.284071250477655,0.705180584745165,0.480697862156119,0.984915063210876,"Gene0838"
167.377113809258,0.177208911035041,0.298391220078278,0.593881116839002,0.552591629679204,0.994277373720757,"Gene0839"
17.3634975024651,0.172751204875944,0.37959963018782,0.455087916683347,0.649045990695201,0.994277373720757,"Gene0840"
141.668297277594,-0.0536368848536238,0.292024065722364,-0.183672824090526,0.85427012941193,0.994277373720757,"Gene0841"
22.6343702546405,0.32806675541739,0.350295068802886,0.936544029976042,0.348993153901681,0.963476060844946,"Gene0842"
14.4617479080061,-0.505695586456144,0.366032928204614,-1.38155763454554,0.167107569763417,0.922991707713332,"Gene0843"
37.924640762431,-0.384541917569659,0.340433111057688,-1.12956673448987,0.258658834738858,0.95794362182403,"Gene0844"
52.998121758945,0.0824641764778648,0.41502006142116,0.198699253707113,0.842498007839671,0.994277373720757,"Gene0845"
13.5682622178049,0.308547986862264,0.362651822015149,0.850810524397074,0.394874614423401,0.980364826863959,"Gene0846"
18.2478338114873,-0.000670951130048631,0.345285658338439,-0.00194317694304866,0.998449570093954,0.999775694831997,"Gene0847"
9.7815294054503,-0.26448932654834,0.426436171838355,-0.620231922184587,0.535105107789974,0.994277373720757,"Gene0848"
202.053739029202,-0.0449982059365974,0.352358893639136,-0.127705605701787,0.898381953712457,0.994277373720757,"Gene0849"
108.341663976736,0.0133451145100273,0.267282023588099,0.0499289639118908,0.960178996217714,0.997510641223454,"Gene0850"
16.1520639414114,-0.321169778007788,0.386263944365544,-0.83147749794593,0.4057039349287,0.982830442885154,"Gene0851"
112.320256963283,0.289665563757727,0.303045858496145,0.955847293855732,0.339149390467913,0.963476060844946,"Gene0852"
41.9816494196123,-0.0129156835523226,0.300986269838775,-0.0429112050833446,0.965772316614344,0.997510641223454,"Gene0853"
15.2650563091382,-0.323836037533054,0.409644326864313,-0.790529774968222,0.429218440490506,0.984915063210876,"Gene0854"
92.3016253431572,-0.0291379058573468,0.33573028451282,-0.0867896260822253,0.93083873369529,0.995673949128029,"Gene0855"
33.9393666175518,0.248713829214948,0.296943029328075,0.837580965539888,0.402266086824468,0.982830442885154,"Gene0856"
157.394681243509,0.192764295363239,0.275255929620239,0.700309328955017,0.483734146996382,0.984915063210876,"Gene0857"
48.3001050316054,-0.437854586327052,0.310652460158293,-1.40946762856455,0.158696938958279,0.922991707713332,"Gene0858"
197.815611211564,-0.366707875495275,0.321261749476819,-1.14146136629233,0.25367798023569,0.95794362182403,"Gene0859"
30.0994942585823,0.239251275110284,0.313527626155905,0.763094716863366,0.445406910580609,0.984915063210876,"Gene0860"
68.3761971395987,0.136013002528703,0.280974085194825,0.484076680717344,0.628331450175435,0.994277373720757,"Gene0861"
51.3862662028624,-2.37264151327629,0.28462259096733,-8.3360969528544,7.67829689399983e-17,1.33535598156519e-14,"Gene0862"
72.0403420014136,-0.20021936036842,0.384768588414828,-0.520363060803079,0.602810551041555,0.994277373720757,"Gene0863"
64.8687696284307,-0.277283252475656,0.277038847710377,-1.00088220394829,0.316883761127704,0.95794362182403,"Gene0864"
62.7074521246341,-0.255137333919043,0.27024659971079,-0.944090819984721,0.345123240031137,0.963476060844946,"Gene0865"
52.7590348427486,-0.405815460331371,0.256121427148176,-1.58446509083596,0.113087919679897,0.904703357439174,"Gene0866"
285.391041447683,-0.299815858916262,0.285391411218979,-1.05054268324219,0.293468677466212,0.95794362182403,"Gene0867"
172.145181217127,-0.481652995081669,0.29611094764159,-1.62659637854612,0.103822848977392,0.899911941041004,"Gene0868"
25.3787409117876,-0.108834492915818,0.32238773304109,-0.337588815458889,0.735673071837766,0.994277373720757,"Gene0869"
282.880342653617,-0.381044426561132,0.297664436513937,-1.28011404729329,0.200505028989543,0.937201247950648,"Gene0870"
57.6622185362696,-0.640044775538994,0.332675785296316,-1.92392955492358,0.0543634140574616,0.848989930934339,"Gene0871"
26.8229237601593,-0.708573641075873,0.314237693360197,-2.25489702873953,0.0241397928717618,0.635257707151625,"Gene0872"
54.8683725792706,0.241320732796521,0.337224765904429,0.715607977810598,0.47423344614183,0.984915063210876,"Gene0873"
37.3973380525459,0.243009872799603,0.342647853950958,0.709211716920266,0.478193103501897,0.984915063210876,"Gene0874"
64.334665495891,0.230725722274105,0.356348714998837,0.647471739234018,0.517326679203097,0.994202950165992,"Gene0875"
17.5425416674122,-0.281276968931272,0.381233247338487,-0.737808076538335,0.460631084680289,0.984915063210876,"Gene0876"
19.0581845316458,-0.222851126138061,0.31340829922231,-0.71105687593801,0.477048991628268,0.984915063210876,"Gene0877"
243.422284802517,-0.329135362093988,0.272126970217656,-1.20949188472842,0.226473926978033,0.940987103757509,"Gene0878"
185.778783214085,0.299994236768034,0.352567791440238,0.850883841494879,0.394833881690291,0.980364826863959,"Gene0879"
20.9178354608652,-0.212655253844138,0.327030645914989,-0.650260935788315,0.51552368581203,0.993765320745238,"Gene0880"
18.7347867339974,0.173091586012931,0.371026586629566,0.466520708354915,0.640842828289846,0.994277373720757,"Gene0881"
415.18412894842,0.381777154833684,0.331482617685356,1.15172601658428,0.249433677868265,0.95794362182403,"Gene0882"
466.850520475795,-0.311438735727293,0.341038471748057,-0.913207047084617,0.361133658328875,0.964952994866733,"Gene0883"
21.4178949577027,0.448591821864763,0.37450212056479,1.1978351983381,0.230981181353146,0.942780332053657,"Gene0884"
10.909871770377,0.0198910859051095,0.377021953965131,0.0527584287756069,0.95792438437397,0.997510641223454,"Gene0885"
1302.64228470806,0.108198792212987,0.255398234492283,0.423647377312845,0.67182299785801,0.994277373720757,"Gene0886"
77.0649553397369,-0.25155352810613,0.270576095514111,-0.92969605326059,0.352528478528519,0.963476060844946,"Gene0887"
63.8269891499942,0.0372481728488536,0.413649390895802,0.0900476917618293,0.928249316191615,0.995312957908507,"Gene0888"
55.6181714122899,0.70258870115845,0.269940271636365,2.60275614638524,0.00924777046927342,0.464933034791288,"Gene0889"
303.251101188261,0.515011293277438,0.305924674957529,1.68345784251936,0.0922864938790233,0.873824605647375,"Gene0890"
41.6015441832866,0.0392147272572758,0.306211472562084,0.128064199976456,0.898098166994432,0.994277373720757,"Gene0891"
215.967616986692,-0.186425217308468,0.249190641208536,-0.748122868516791,0.454386049393032,0.984915063210876,"Gene0892"
42.9572369759789,0.368936635691505,0.271142088130398,1.36067638276089,0.173615981285292,0.922991707713332,"Gene0893"
104.433830261486,-0.29899938545077,0.312096564219735,-0.958034851163104,0.3380451849821,0.963476060844946,"Gene0894"
15.1119255656863,0.0460141123913763,0.360946081683839,0.127481955689108,0.898558953927135,0.994277373720757,"Gene0895"
54.9775870053296,-0.00316564095710263,0.316985557112183,-0.00998670408185912,0.992031895448831,0.999775694831997,"Gene0896"
220.399086590585,-0.269401138774262,0.222301379997229,-1.21187344306014,0.225560829341951,0.939836788924798,"Gene0897"
22.2230514774665,-2.82712475076721,0.356996255847299,-7.91920000409326,2.39043571893943e-15,3.98405953156572e-13,"Gene0898"
255.709705863106,-0.504444367903029,0.268341616462292,-1.87985887002329,0.0601273146740055,0.852351786208883,"Gene0899"
1121.44343983983,-0.229403463659694,0.266235132811325,-0.861657367445444,0.388876092286287,0.978706191438438,"Gene0900"
187.75694542131,-0.560451738110227,0.317628570280219,-1.76448780289438,0.0776498870912162,0.873824605647375,"Gene0901"
34.6277318462126,0.0327236067561401,0.315411755144383,0.103748849630416,0.917368659395811,0.994707139491256,"Gene0902"
65.883216674224,0.160383325698433,0.307014294685277,0.522396932243312,0.601393991516975,0.994277373720757,"Gene0903"
32.0483604175403,0.121020467500059,0.358662586070839,0.337421499203033,0.735799179947129,0.994277373720757,"Gene0904"
572.838265694752,-0.432376531705142,0.291519501377262,-1.48318218734051,0.138026012477095,0.922991707713332,"Gene0905"
0.886887564573997,0.804504411607274,1.06632478698335,0.754464701025316,0.450570233494431,0.984915063210876,"Gene0906"
44.9716132501132,0.0346061377230049,0.26100084469582,0.132590136876132,0.894517533178476,0.994277373720757,"Gene0907"
60.4424792344084,0.122212869203122,0.292680794554798,0.417563678508603,0.676266157435621,0.994277373720757,"Gene0908"
57.9519311303353,0.238019560286116,0.333265333840188,0.714204377465356,0.475100810443926,0.984915063210876,"Gene0909"
7.26884119157971,-0.322348784218816,0.468682704727411,-0.687776145710979,0.491593760092829,0.9852420159146,"Gene0910"
61.8807211779123,-0.389295398949542,0.31344727104887,-1.2419805016865,0.214243756188118,0.937201247950648,"Gene0911"
57.3117699221011,0.0475703527873922,0.302321999979114,0.1573499539917,0.874969052960141,0.994277373720757,"Gene0912"
216.688675004372,-0.0306318740540631,0.298165221436522,-0.102734564100007,0.918173640587364,0.994804415363627,"Gene0913"
84.0109855100556,-0.409448566135728,0.287282682973419,-1.42524624839156,0.154086031811756,0.922991707713332,"Gene0914"
214.154813737161,0.240565108660533,0.261900986141219,0.918534566077647,0.358339071027562,0.963924871627605,"Gene0915"
21.4075921930103,0.608572784759862,0.334749800194243,1.81799297387699,0.0690652066697486,0.870665779712065,"Gene0916"
151.566019341697,2.44616964442554,0.238481467671238,10.2572735244893,1.09762088329276e-24,4.87831503685673e-22,"Gene0917"
70.1566834998813,0.335484010572451,0.310705774493499,1.07974823164888,0.280254309628717,0.95794362182403,"Gene0918"
68.644016102934,-0.404912112665384,0.259979950203533,-1.55747438349914,0.119357897890509,0.918137676080839,"Gene0919"
20.6633276918237,0.476067730814193,0.345103975971764,1.37949071572895,0.167743506821068,0.922991707713332,"Gene0920"
302.167708362429,0.170521879522984,0.302083317867317,0.564486250769668,0.572423254725072,0.994277373720757,"Gene0921"
23.9736015725835,0.104011055049605,0.316570372846755,0.328555872472485,0.742491406503002,0.994277373720757,"Gene0922"
5.33292275441889,0.44032452139325,0.492916121894938,0.893305172694478,0.371693768659614,0.965773320271778,"Gene0923"
87.3465146885048,0.196726884023836,0.304544642382387,0.645970595591124,0.518298398509882,0.994202950165992,"Gene0924"
119.96625396903,0.180958496930752,0.261107764954886,0.69304142280877,0.488283556577465,0.9852420159146,"Gene0925"
176.611485329793,-0.111754984214395,0.258838637213447,-0.431755418810361,0.665919184269897,0.994277373720757,"Gene0926"
15.341738069874,-0.244428771409975,0.367649927686578,-0.664841070275827,0.506152150756635,0.991483155252957,"Gene0927"
33.4330705635948,0.208424356789947,0.282744153656506,0.737148245488227,0.461032202595774,0.984915063210876,"Gene0928"
10.3366312925552,0.0435294157445903,0.410902007804186,0.105936244938803,0.915632936555306,0.994566617513272,"Gene0929"
128.432425364135,0.568050753852555,0.28545175045772,1.990006202245,0.0465902522789461,0.803270269707907,"Gene0930"
78.9829948080964,0.121231915692012,0.378499305125506,0.320296270165707,0.748743750329058,0.994277373720757,"Gene0931"
147.233585777457,-0.440021729044074,0.298963175200695,-1.47182584861392,0.141067911530304,0.922991707713332,"Gene0932"
110.399549685047,0.107153366037286,0.297807917024296,0.359806975945988,0.718991486060268,0.994277373720757,"Gene0933"
23.9035745999256,0.191396158889249,0.360883444515631,0.530354500318339,0.595866166248237,0.994277373720757,"Gene0934"
77.9484299209232,0.330651575823076,0.295253194988675,1.11989160976144,0.262759954120401,0.95794362182403,"Gene0935"
5.0100694861188,0.564736446810462,0.501461338129303,1.12618142989289,0.260088732135785,0.95794362182403,"Gene0936"
106.45714885118,-0.0891621539908927,0.288823534975576,-0.30870806286071,0.757543609944209,0.994277373720757,"Gene0937"
145.88907020399,-0.269651454246596,0.275679546384112,-0.978133698286353,0.328008203048648,0.95794362182403,"Gene0938"
18.5801985897561,-0.178036835245293,0.330869426394086,-0.538087901277527,0.590516364757812,0.994277373720757,"Gene0939"
4.76888528441195,0.543982068637254,0.532700279753704,1.02117849250758,0.307169880208859,0.95794362182403,"Gene0940"
9.37551942046689,-0.711395950538798,0.417151359468555,-1.70536649202128,0.088126093632703,0.873824605647375,"Gene0941"
14.7941382645498,-0.0501347306527464,0.362302195643063,-0.138378213700197,0.889941514307991,0.994277373720757,"Gene0942"
276.499747882762,0.259941135380928,0.313636294477255,0.828798005709698,0.407218716912209,0.982830442885154,"Gene0943"
51.1622505752292,-0.064984289816432,0.35415132462376,-0.183493002279377,0.854411208935108,0.994277373720757,"Gene0944"
13.3332246659324,-0.405020177831704,0.370949529417915,-1.09184712666236,0.274900300950198,0.95794362182403,"Gene0945"
84.7587121555724,0.00192204180095517,0.331773953399939,0.00579322692833041,0.995377699531878,0.999775694831997,"Gene0946"
5.08850440396091,0.0452771405001897,0.491791427488345,0.0920657375656729,0.926645810265713,0.995212746821085,"Gene0947"
47.8335969721783,-0.603595632133832,0.272988759481022,-2.21106404996794,0.0270314020003177,0.662350229029724,"Gene0948"
208.070979417772,-0.499478194256083,0.325667076667302,-1.53370797984085,0.125101509740638,0.918506127595565,"Gene0949"
30.0252898736788,-0.406655018411328,0.355756297964302,-1.14307187459021,0.253008750578623,0.95794362182403,"Gene0950"
234.546120169199,0.077105373940238,0.296198964962768,0.260316149146335,0.794619916687198,0.994277373720757,"Gene0951"
464.594056230482,-0.0913310183581838,0.261834024778235,-0.348812643565091,0.727229970702923,0.994277373720757,"Gene0952"
10.5880391573849,0.19794671448905,0.369589630085102,0.535585141940997,0.592245299726557,0.994277373720757,"Gene0953"
12.5172268870931,0.467651607591563,0.357400731626001,1.30847971537152,0.190710650308726,0.932804035662126,"Gene0954"
21.4771556560678,0.370816814553786,0.333430659983756,1.1121257252463,0.266084097304321,0.95794362182403,"Gene0955"
103.596071733928,0.364898415296963,0.278139293593191,1.31192687873388,0.189544807412588,0.932523081212241,"Gene0956"
169.206055717766,0.340931976814542,0.34063910489062,1.00085977188091,0.316894607479623,0.95794362182403,"Gene0957"
184.601464659379,0.183095331034433,0.28960440005893,0.632225653329771,0.527239436648419,0.994277373720757,"Gene0958"
265.670315789695,0.220004808970696,0.216792301456814,1.01481836528462,0.310192417643382,0.95794362182403,"Gene0959"
161.312392944428,0.460949441458733,0.318237050971331,1.44844681048863,0.147492131322796,0.922991707713332,"Gene0960"
149.418526133253,-0.0889779576988969,0.220514512076593,-0.403501596611435,0.686579260420901,0.994277373720757,"Gene0961"
65.8079749839169,0.0101306653681892,0.295293698680758,0.0343070827906202,0.97263227694567,0.998595766884672,"Gene0962"
22.6871627806455,0.442967067130688,0.329463927453066,1.3445085492517,0.178783993731323,0.926422752380889,"Gene0963"
25.4039705645288,0.352567358783832,0.380486256270191,0.926623111804246,0.354122250824591,0.963476060844946,"Gene0964"
69.6791395565362,0.258242781408839,0.387929938952844,0.665694383129914,0.505606464436314,0.991483155252957,"Gene0965"
395.649855782002,-0.012318859734511,0.224361552555561,-0.0549062867242387,0.956213123354787,0.997510641223454,"Gene0966"
481.266943147805,0.6150968829996,0.275159122613546,2.23542246085546,0.0253896268964512,0.646869475068822,"Gene0967"
4.92815838411451,0.427635981052183,0.497462291404731,0.859634968199554,0.38999029293649,0.978706191438438,"Gene0968"
21.4110564427691,0.0543624972229586,0.392820639098668,0.138390124683097,0.889932101282078,0.994277373720757,"Gene0969"
281.073121655638,0.128264563222251,0.264832041540696,0.484324187043438,0.628155813106617,0.994277373720757,"Gene0970"
12.1984030962697,0.52092020343194,0.344280673439714,1.51306838756709,0.130262288528085,0.921592508351087,"Gene0971"
8.55035404377853,0.32573960095301,0.41766463076077,0.779907076066462,0.435445573115691,0.984915063210876,"Gene0972"
102.074959357821,-0.438101036608048,0.249184150325184,-1.75814166365047,0.0787234082144405,0.873824605647375,"Gene0973"
389.846590184839,-0.380375448147433,0.374522092579672,-1.01562886591668,0.309806153565798,0.95794362182403,"Gene0974"
483.456556523187,-0.190172146608261,0.270872769192982,-0.70207185157388,0.482634355570886,0.984915063210876,"Gene0975"
88.1657898421162,0.144452761981005,0.274416670269233,0.526399368665471,0.598610754250504,0.994277373720757,"Gene0976"
142.720650656235,-0.0610909747704175,0.282872879753429,-0.215966178248224,0.829014111274777,0.994277373720757,"Gene0977"
103.767708191152,0.283188720593557,0.310466114894221,0.912140510696448,0.361694755209119,0.965162789083707,"Gene0978"
57.4075328912836,0.271772146146074,0.333958775553691,0.813789503496309,0.415765549285156,0.982896846176056,"Gene0979"
1.2952091909789,-0.362709690017278,0.908756061577224,-0.39912767061797,0.68979913453403,0.994277373720757,"Gene0980"
143.33250149471,-0.372999929230929,0.271023458598844,-1.37626436899333,0.168739799940297,0.922991707713332,"Gene0981"
29.9973452239414,-0.478407667317148,0.322469513930263,-1.48357487033831,0.137921740214268,0.922991707713332,"Gene0982"
176.743726124214,0.10454243523529,0.283534080405682,0.368712061300394,0.712342357617603,0.994277373720757,"Gene0983"
24.8126222710858,0.462426834188591,0.365087401351199,1.26661953405441,0.205291364296348,0.937201247950648,"Gene0984"
6.70568498980359,-0.599514953058283,0.441457855598298,-1.35803439774738,0.174452769632754,0.922991707713332,"Gene0985"
250.280361976132,0.208814829422425,0.360597867587592,0.579079490456783,0.562535538160148,0.994277373720757,"Gene0986"
79.7057629639466,0.132699248528374,0.400269434088452,0.331524811107736,0.740248103053876,0.994277373720757,"Gene0987"
3449.32541031627,0.495360965480137,0.294509155590923,1.68198833916118,0.0925711011072111,0.873824605647375,"Gene0988"
161.744408438722,-0.490377103780399,0.28491165451853,-1.72115494751903,0.0852227106327117,0.873824605647375,"Gene0989"
185.62359581629,0.334640979308815,0.296057517657915,1.13032420847182,0.258339637422145,0.95794362182403,"Gene0990"
118.898111648005,-0.248107879292394,0.351969316703963,-0.704913376017587,0.480864145483984,0.984915063210876,"Gene0991"
24.7202481574613,0.571833931315391,0.32549135177916,1.75683294867806,0.0789462872044379,0.873824605647375,"Gene0992"
36.8480875177316,0.127147764582988,0.337466086082603,0.37677197747173,0.706343067394728,0.994277373720757,"Gene0993"
192.14199162184,0.00377718536712891,0.289945161980478,0.0130272405351714,0.98960605989881,0.999775694831997,"Gene0994"
175.997105392005,-0.152059517654238,0.25294770666821,-0.601150014985881,0.547740073454825,0.994277373720757,"Gene0995"
103.720107808329,0.0406108366545191,0.277955045397997,0.146105772594879,0.88383788945005,0.994277373720757,"Gene0996"
18.752115449052,0.605027260305098,0.372740127981185,1.62318788583889,0.104549246685365,0.899911941041004,"Gene0997"
391.670361357549,0.441345933030799,0.396166817851734,1.11404063425618,0.26526175479407,0.95794362182403,"Gene0998"
10.2505101412022,-0.252284815341148,0.374036764551942,-0.674492026588241,0.499998553232914,0.991483155252957,"Gene0999"
24.3935557416994,-0.0210762588439622,0.328954229050835,-0.0640704906113403,0.948914098634127,0.997510641223454,"Gene1000"
855.013536067568,0.133431984580586,0.241271942873441,0.553035645137476,0.580239002263604,0.994277373720757,"Gene1001"
108.495813543829,0.422770521130428,0.356562138665526,1.18568539753743,0.235746563359877,0.948275547579697,"Gene1002"
185.19325538473,0.125907076141775,0.306275171647467,0.411091357698096,0.681005546807581,0.994277373720757,"Gene1003"
86.6382916166052,-0.161969673754606,0.315180697357255,-0.513894648729121,0.607325649047282,0.994277373720757,"Gene1004"
17.5880325474661,-0.0806471439904419,0.381058884012069,-0.211639584783667,0.832388224597461,0.994277373720757,"Gene1005"
30.609328120911,0.344549822431145,0.36814153539317,0.935916731219068,0.349316062044786,0.963476060844946,"Gene1006"
61.7744670754253,-0.125808359706839,0.288733932859565,-0.435724192376204,0.66303685100796,0.994277373720757,"Gene1007"
0.970985276608769,0.00081127628942688,1.00099164858318,0.000810472585435828,0.999353336507922,0.999775694831997,"Gene1008"
17.2028703805079,-0.620186053761308,0.379830495292413,-1.63279689610982,0.102511720103756,0.897257944015366,"Gene1009"
114.808665722931,-0.113527522892221,0.270009237010703,-0.420457922658849,0.674150961766771,0.994277373720757,"Gene1010"
29.7405076052455,-0.126605124726184,0.416484140195911,-0.303985464288341,0.761138965282316,0.994277373720757,"Gene1011"
38.3187763291891,0.591269432153085,0.320644785360578,1.84400139702312,0.0651829365833485,0.863016508035341,"Gene1012"
165.39674623848,-0.270044187087525,0.314083775310144,-0.859783944015792,0.389908151511368,0.978706191438438,"Gene1013"
27.3597423584166,-0.458200294973513,0.310681097631749,-1.47482514535409,0.140259559054078,0.922991707713332,"Gene1014"
105.661973972091,0.178295329054623,0.313053511895627,0.56953626865578,0.568992264800999,0.994277373720757,"Gene1015"
8.48132476933587,-0.819662173227583,0.413407238719347,-1.9826991316522,0.047401046651898,0.803270269707907,"Gene1016"
14.2992600329247,-0.147792897064634,0.346215235848837,-0.426881551594001,0.669465603300881,0.994277373720757,"Gene1017"
7.35667295008492,0.15772697196651,0.450136042851499,0.350398450582515,0.726039689037062,0.994277373720757,"Gene1018"
51.3731824787839,-0.0187553008973015,0.274151564155147,-0.0684121608246142,0.945457541573031,0.997510641223454,"Gene1019"
36.0967834819949,0.0687473836991568,0.316668482007213,0.217095756620297,0.828133720838404,0.994277373720757,"Gene1020"
279.835525903879,-0.213335531613294,0.265281694507943,-0.804184894886918,0.421290201079314,0.984915063210876,"Gene1021"
50.9679582983738,-0.134361758628019,0.27051441758553,-0.496689824621038,0.619407799043469,0.994277373720757,"Gene1022"
289.954819105305,-0.0300143619603145,0.260431923190833,-0.11524839809412,0.908248238082024,0.994566617513272,"Gene1023"
667.904641944853,0.223541177682868,0.272606240912756,0.8200148937691,0.412207616692056,0.982830442885154,"Gene1024"
31.2733166356977,-0.173094124274159,0.286311561142839,-0.60456561231142,0.545467661150829,0.994277373720757,"Gene1025"
92.8257323743467,-0.280946416144666,0.356437371770587,-0.788206956944713,0.430575660460473,0.984915063210876,"Gene1026"
18.4209385574176,0.0496785211474543,0.347665281890288,0.142891809263633,0.886375627451979,0.994277373720757,"Gene1027"
123.940964000041,-0.485159982005582,0.255101990717902,-1.90182750295384,0.057193709461935,0.848989930934339,"Gene1028"
15.0134121133377,-0.0321148186493806,0.368880324309275,-0.0870602646251608,0.930623609650999,0.995673949128029,"Gene1029"
17.5309228058806,0.0649321155992599,0.326468240905901,0.198892594939964,0.842346762178549,0.994277373720757,"Gene1030"
64.695709673537,-0.162918997292382,0.326643626116458,-0.498766803532534,0.617943676427194,0.994277373720757,"Gene1031"
42.9272381474769,0.0594586609652013,0.343365944490858,0.173164118105441,0.862522427123856,0.994277373720757,"Gene1032"
65.0678287222687,-0.519301421258576,0.280832245049102,-1.84915169256215,0.0644359119050533,0.861669381563305,"Gene1033"
60.0189656604888,0.301154757247581,0.369248342541745,0.81558865010622,0.414735443085958,0.982830442885154,"Gene1034"
28.0527486624674,-0.207966220998065,0.368475995528993,-0.564395573989844,0.572484950360446,0.994277373720757,"Gene1035"
44.3050311407176,0.223633896127851,0.347873164466899,0.64286044159388,0.520314659846661,0.994277373720757,"Gene1036"
402.028816861523,0.2280057059116,0.234830972164323,0.970935408605527,0.331580444278684,0.958324983464404,"Gene1037"
59.1132915691396,0.282564872552191,0.264531385669307,1.06817144527957,0.28544318278112,0.95794362182403,"Gene1038"
9.28898777225094,-0.128967057706219,0.457864551395452,-0.281670763358204,0.778195974592996,0.994277373720757,"Gene1039"
20.3641576160389,0.0672557738795974,0.311092146362535,0.216192451869936,0.828837736965736,0.994277373720757,"Gene1040"
14.7974225985847,0.394650930848154,0.46617673423525,0.846569341336966,0.39723520867901,0.980364826863959,"Gene1041"
17.2068100837175,-0.0966283343453105,0.335960852305831,-0.28761783904914,0.773639288058511,0.994277373720757,"Gene1042"
10.0136452556719,-0.141188828731231,0.399261528734619,-0.353624926445333,0.723619991299897,0.994277373720757,"Gene1043"
1.61320954330776,-0.00157011730256295,0.78503096113917,-0.00200007054535088,0.998404175655306,0.999775694831997,"Gene1044"
124.184844374079,-0.268194999496191,0.291110078893427,-0.921283799295642,0.356902277103566,0.963476060844946,"Gene1045"
91.8472679074792,-0.819992843486688,0.322293315615623,-2.5442440278986,0.0109514545786964,0.471476176672064,"Gene1046"
42.8907359198115,0.0456069527220547,0.335218797383299,0.136051298668393,0.891780727470229,0.994277373720757,"Gene1047"
22.7566956561112,-0.248237951718244,0.372418691577653,-0.666556102935246,0.505055716424097,0.991483155252957,"Gene1048"
16.7210546924852,-0.409492344202515,0.393564148489967,-1.0404716633201,0.298120822453667,0.95794362182403,"Gene1049"
94.1675708009778,-0.0320665233881105,0.23877858227299,-0.134293968424059,0.893170122540756,0.994277373720757,"Gene1050"
64.4680567718583,0.165189302959286,0.268587380430833,0.615030023727514,0.538534892825814,0.994277373720757,"Gene1051"
90.1949862676666,0.204259880206575,0.341380681244593,0.598334620054926,0.549616680830317,0.994277373720757,"Gene1052"
63.9596146084859,0.433237423069917,0.297780298082901,1.45488948012707,0.145699860638246,0.922991707713332,"Gene1053"
115.932416655616,0.119271022600665,0.303589053669762,0.392869970636048,0.694415521888057,0.994277373720757,"Gene1054"
92.2641595712804,0.232803520276426,0.291440528424484,0.798802834784006,0.424404746557523,0.984915063210876,"Gene1055"
94.1775954370669,-0.172356305018075,0.290849298240256,-0.592596599204102,0.553451155595325,0.994277373720757,"Gene1056"
95.0006941636559,0.530504474170574,0.282704454702154,1.87653383364437,0.0605820133448912,0.852351786208883,"Gene1057"
351.915330190164,-0.67065339876174,0.240039302958831,-2.79393162075947,0.00520714879736775,0.330612622055095,"Gene1058"
17.2037115192851,-0.12372830205254,0.344939571057962,-0.358695587383765,0.719822829779298,0.994277373720757,"Gene1059"
272.554879881268,0.0140418313326394,0.337403892847137,0.0416172771871399,0.966803799970238,0.997510641223454,"Gene1060"
35.0406205976976,0.0364027767624043,0.327725726620271,0.111076957972797,0.911555320529134,0.994566617513272,"Gene1061"
48.7937872050513,0.431267169563733,0.25990815757215,1.6593060163724,0.0970541435554092,0.884430499924414,"Gene1062"
68.6908252860855,0.642058169985307,0.362096993804705,1.77316625371267,0.076201162126084,0.873824605647375,"Gene1063"
31.0835415132946,0.139847748679928,0.29661904669883,0.471472584907608,0.637303292699416,0.994277373720757,"Gene1064"
1.77670233335574,0.805406578924202,0.826037001582171,0.975024820173365,0.329547948374106,0.95794362182403,"Gene1065"
21.9788480542888,-2.66707971917439,0.368474052070379,-7.23817512844832,4.54761990374874e-13,7.27619184599798e-11,"Gene1066"
46.7284781385246,-0.167890608508171,0.328675027096348,-0.510810358764967,0.609483854968141,0.994277373720757,"Gene1067"
7.26724315161003,0.191667423140507,0.411349134323917,0.465948283701938,0.641252518975717,0.994277373720757,"Gene1068"
101.315656042379,0.610324055176752,0.349262791615628,1.74746371450992,0.0805569337689885,0.873824605647375,"Gene1069"
22.5967775899825,0.14107721450793,0.366588570440647,0.384838006101368,0.700357438843529,0.994277373720757,"Gene1070"
299.459519163937,-0.49530111554142,0.269164085808496,-1.84014562735467,0.0657468601027282,0.863016508035341,"Gene1071"
76.4294704117461,0.662897661944624,0.310920252341155,2.13205044365287,0.0330026999119946,0.735970949597725,"Gene1072"
17.121300499365,0.465078924684473,0.323877125332565,1.43597336245009,0.151009921176347,0.922991707713332,"Gene1073"
64.1163743863603,-0.259367261791157,0.381967004329999,-0.679030541515251,0.497118510550433,0.987824005818103,"Gene1074"
83.048507519185,-0.260218395122048,0.325958558041713,-0.798317420120467,0.424686311467551,0.984915063210876,"Gene1075"
152.556061740374,0.98815699575003,0.280735046707468,3.51989182447787,0.000431722838270843,0.0392475307518948,"Gene1076"
33.4953905824607,-0.261685986599648,0.3191759188201,-0.819880107393519,0.412284458035183,0.982830442885154,"Gene1077"
4.92481123929104,-0.238314434393768,0.511990492319227,-0.465466523243909,0.641597404987715,0.994277373720757,"Gene1078"
11.3887783394775,0.558103426283734,0.370061153899939,1.50813837227195,0.131519116105608,0.921592508351087,"Gene1079"
16.6132020919682,0.506956561775823,0.379084693924039,1.33731741191695,0.181119049788575,0.92644015237123,"Gene1080"
93.1955988729822,-0.486511467272554,0.319762170499639,-1.52147912466432,0.128139646026864,0.921592508351087,"Gene1081"
36.8223564008002,0.136276546415418,0.293917213142558,0.46365622808665,0.642894062496999,0.994277373720757,"Gene1082"
24.6501863277206,-0.0481101202442317,0.334038452284231,-0.14402569499183,0.885480179499586,0.994277373720757,"Gene1083"
19.4084942791496,-0.413378627387409,0.38008088356797,-1.08760699435041,0.276768641684324,0.95794362182403,"Gene1084"
68.4518214782583,-0.202213091090659,0.269422837846549,-0.750541760701929,0.452928482196402,0.984915063210876,"Gene1085"
15.1147927247385,-0.421968604598248,0.412527451511455,-1.0228861207956,0.306361692491058,0.95794362182403,"Gene1086"
27.2213224715689,-0.951491724908483,0.310495160160432,-3.06443335354036,0.00218082758806891,0.164590761363692,"Gene1087"
19.533818853624,-0.266780849441469,0.385790906062999,-0.691516687534112,0.489240897467904,0.9852420159146,"Gene1088"
8.0760578969791,0.113925440032338,0.457785521716693,0.248862042655081,0.803467497281848,0.994277373720757,"Gene1089"
188.501256114603,0.227422014701433,0.263598142064408,0.862760309766769,0.388269265543092,0.978706191438438,"Gene1090"
10.5849927693814,-0.56067264528427,0.422469561151203,-1.32713145949846,0.184465200288365,0.928101397035513,"Gene1091"
60.5301790528722,-0.21998673445961,0.388290667685123,-0.566551691213974,0.571018804163299,0.994277373720757,"Gene1092"
29.633359601716,0.482087246062752,0.290300514145222,1.66064895710653,0.0967839703601896,0.884430499924414,"Gene1093"
18.074584886067,-0.339722094677028,0.36433491932079,-0.932444508229828,0.351106852089096,0.963476060844946,"Gene1094"
70.0505738786237,0.0210972029418658,0.305656059445216,0.0690226883777749,0.944971559850938,0.997510641223454,"Gene1095"
90.51071239388,-0.248443961499163,0.315866024571257,-0.786548543283152,0.431546191652254,0.984915063210876,"Gene1096"
248.617166522763,0.212010499658266,0.296235472466645,0.715682351924067,0.474187510441933,0.984915063210876,"Gene1097"
83.7755017070832,0.0463723499266691,0.308149225381958,0.150486667195706,0.880380668989422,0.994277373720757,"Gene1098"
39.5536731518772,0.127952402046831,0.273932276286525,0.467095019912864,0.640431897059166,0.994277373720757,"Gene1099"
1216.38615261156,0.0310354697896921,0.290104962453071,0.106980141005732,0.914804734510755,0.994566617513272,"Gene1100"
23.0343501804356,0.33461917636262,0.344021057107272,0.97267062422368,0.330717029629982,0.95794362182403,"Gene1101"
17.6031633771359,-9.40929511030201e-05,0.334701659551353,-0.000281124841834205,0.999775694831997,0.999775694831997,"Gene1102"
25.2784861204894,-0.418351193505004,0.276312196549405,-1.51405257795127,0.130012504816395,0.921592508351087,"Gene1103"
43.7078962108488,0.069646983908653,0.274573048475261,0.25365557288092,0.799761659351378,0.994277373720757,"Gene1104"
107.791312065912,-0.373826962685883,0.316969296229337,-1.17937909801651,0.238247254392532,0.949192248575825,"Gene1105"
103.032414984854,1.00157874789829,0.316707926898673,3.16246820124186,0.00156437819795538,0.127704342690235,"Gene1106"
44.9840399071857,0.139509747876773,0.346995194417974,0.402050950909498,0.687646529346486,0.994277373720757,"Gene1107"
19.306473908656,-0.133947850548662,0.32594505003266,-0.410952246506706,0.681107550879901,0.994277373720757,"Gene1108"
213.344531851108,0.423295261479138,0.303871227022932,1.3930086952497,0.16361716128276,0.922991707713332,"Gene1109"
169.199536203493,-0.0503822080037167,0.34957280928256,-0.144125076853425,0.885401702984698,0.994277373720757,"Gene1110"
21.958044773347,0.0179411995897208,0.339856284103744,0.0527905483255507,0.957898792344575,0.997510641223454,"Gene1111"
122.535805994935,0.0226834486204607,0.325381469352277,0.069713400291712,0.944421775842146,0.997510641223454,"Gene1112"
89.9655237608831,0.0535197614436599,0.344248209660837,0.155468525156279,0.876451965498672,0.994277373720757,"Gene1113"
186.790887630839,0.384523889106204,0.272902782038264,1.40901417799504,0.158830975834786,0.922991707713332,"Gene1114"
63.7879590964721,-0.314818258039703,0.311444073666754,-1.01083399768447,0.312095888206403,0.95794362182403,"Gene1115"
11.549347103796,0.219848049437513,0.400441511698839,0.549014133187207,0.582995750756099,0.994277373720757,"Gene1116"
127.207418318377,-0.489072111147918,0.324489616003432,-1.5072041970759,0.131758324792785,0.921592508351087,"Gene1117"
22.7720142633731,0.515307403258719,0.359162245313781,1.43474825091519,0.15135884916292,0.922991707713332,"Gene1118"
104.056846963512,-0.34981872439285,0.312746796670703,-1.11853655454441,0.263337903374358,0.95794362182403,"Gene1119"
460.313394782289,-0.202727117866065,0.283950524696956,-0.713952256585628,0.475256702431266,0.984915063210876,"Gene1120"
10.4861786169243,0.356374836967123,0.432136718106259,0.824680759665261,0.40955285786798,0.982830442885154,"Gene1121"
356.980173012127,0.199944106282972,0.326818693244491,0.61178907576561,0.540677318338537,0.994277373720757,"Gene1122"
306.606096261835,0.179422177977051,0.27087415817159,0.662382041860904,0.507726409742392,0.991959161080563,"Gene1123"
21.4741423967992,-0.0877229548185442,0.344923578498744,-0.254325770364416,0.799243892307091,0.994277373720757,"Gene1124"
33.7701283758081,0.232644375716956,0.357965916029662,0.649906500309594,0.515752619078222,0.993765320745238,"Gene1125"
23.554192028586,-0.604462186079441,0.380325618597574,-1.58932808236362,0.111986341848413,0.90247646653975,"Gene1126"
26.3112051413608,-0.232343121945623,0.347034317734026,-0.66951050680727,0.503169880671134,0.991483155252957,"Gene1127"
118.647057598545,0.215935282933865,0.313868255410754,0.687980639046387,0.491464973632002,0.9852420159146,"Gene1128"
17.1125785430068,0.577700540786129,0.372679829373527,1.5501255910663,0.121111374821299,0.918506127595565,"Gene1129"
44.2032050343958,0.60377924002116,0.303670299952987,1.98827228120312,0.0467815846689437,0.803270269707907,"Gene1130"
40.2757015527526,0.104544406754364,0.35973214898066,0.290617358083236,0.771343982983978,0.994277373720757,"Gene1131"
49.6177916514252,-0.282778122675162,0.31547053884384,-0.896369352623256,0.370055529994977,0.965773320271778,"Gene1132"
49.3859890690982,-0.297517089710796,0.299780427182323,-0.99245001585727,0.320978050876214,0.95794362182403,"Gene1133"
345.097003106114,-0.0620288357040942,0.290283298665013,-0.213683790935818,0.83079365236278,0.994277373720757,"Gene1134"
27.1255257850353,-0.121898763751822,0.301838865158417,-0.403853770414372,0.686320253283455,0.994277373720757,"Gene1135"
18.8020553802257,0.460837429833963,0.379098775287741,1.21561307995306,0.224132349130514,0.938774237195871,"Gene1136"
139.544402563627,-0.195117390797938,0.32301497597789,-0.604050602320351,0.545809999918886,0.994277373720757,"Gene1137"
86.517565744235,-0.0616340415932737,0.283647004882928,-0.217291353450788,0.827981295075163,0.994277373720757,"Gene1138"
64.8678007699677,0.12282901347039,0.328214613385348,0.374233835000454,0.708230353178116,0.994277373720757,"Gene1139"
119.284095750047,0.112709045341839,0.259670953684445,0.434045640232847,0.664255298754034,0.994277373720757,"Gene1140"
8.87743140129021,0.260307362160295,0.411950833889524,0.631889392485374,0.527459155211742,0.994277373720757,"Gene1141"
184.293615756362,0.289033342356143,0.30813169221321,0.93801887199629,0.348234711745344,0.963476060844946,"Gene1142"
78.8035631707668,0.354885145734354,0.321640629562926,1.10335919382014,0.269871210048828,0.95794362182403,"Gene1143"
197.771216172576,-0.00511471663394602,0.300897753636796,-0.0169981881623478,0.986438061200937,0.999775694831997,"Gene1144"
22.9509518780887,0.264131541057934,0.36886576512947,0.716064124208506,0.473951754832616,0.984915063210876,"Gene1145"
4.60233396016746,-0.564558157813853,0.558721614885164,-1.01044624509451,0.312281541217837,0.95794362182403,"Gene1146"
24.077914636426,0.563599482629453,0.4160878423795,1.35452042868249,0.175570400396065,0.922991707713332,"Gene1147"
16.1699822426471,0.0582416030436342,0.391548500707518,0.14874684218786,0.881753397640855,0.994277373720757,"Gene1148"
861.43199681025,-0.431538457417214,0.260191048617507,-1.65854459525084,0.0972075941550117,0.884430499924414,"Gene1149"
33.2514074232695,0.0762285642533872,0.380604319894388,0.200282971760645,0.84125927930782,0.994277373720757,"Gene1150"
38.6141766562967,0.241966669420981,0.284364602366675,0.850902916210988,0.394823284779005,0.980364826863959,"Gene1151"
196.023400670794,0.159680180285165,0.293374260572343,0.544288309320817,0.586243090513674,0.994277373720757,"Gene1152"
111.19595020521,0.0801677327935596,0.278682548946136,0.287666856416813,0.773601762800067,0.994277373720757,"Gene1153"
113.423287996638,-0.0980872167670174,0.302087699808883,-0.324697817319515,0.745409786759074,0.994277373720757,"Gene1154"
1215.12795784939,-0.459555455975941,0.365097888781752,-1.25871847002285,0.208132037668286,0.937201247950648,"Gene1155"
54.3675736103307,0.285362612319524,0.329879823146351,0.865050216159851,0.387011227522847,0.978706191438438,"Gene1156"
428.086424829003,-0.0139109150731401,0.32278501387605,-0.04309653321911,0.965624582823991,0.997510641223454,"Gene1157"
73.6279526805862,0.0546697823576076,0.297996935587866,0.183457532037231,0.854439037726769,0.994277373720757,"Gene1158"
7.51270680541676,0.0909775909221703,0.423133576115996,0.215009150909901,0.829760184014595,0.994277373720757,"Gene1159"
3.06598686079423,-0.153659294380382,0.621771107306028,-0.24713160932509,0.804806371565841,0.994277373720757,"Gene1160"
113.427456711384,-0.245900364330319,0.28669544547564,-0.857705862478422,0.391054902052045,0.978860831169073,"Gene1161"
15.4199042727498,0.0712954068079219,0.410074818041182,0.173859509707231,0.86197587449987,0.994277373720757,"Gene1162"
62.7159068575498,0.358762713967916,0.297911464689649,1.20425950824571,0.228489291864384,0.940987103757509,"Gene1163"
471.058179040594,0.340156349978777,0.283565363676832,1.19956945928855,0.23030659364465,0.940987103757509,"Gene1164"
84.481618653344,-0.196270192111038,0.258023656311283,-0.760667432269292,0.446855731896128,0.984915063210876,"Gene1165"
39.3697784658281,-0.210258322408437,0.293683136257437,-0.715935974696648,0.474030883739493,0.984915063210876,"Gene1166"
5.16814728941358,-0.362711209206182,0.493370607467302,-0.735169877808785,0.462236041564463,0.984915063210876,"Gene1167"
20.0239083505479,0.326505239248108,0.320721460570326,1.01803365034413,0.308661964649255,0.95794362182403,"Gene1168"
26.9789794092519,0.121600254737936,0.301970190294448,0.402689598663248,0.687176586647418,0.994277373720757,"Gene1169"
131.848986235002,-0.190953411570434,0.271038454604024,-0.704525163594992,0.481105784922179,0.984915063210876,"Gene1170"
97.4562951593604,-0.157281540259324,0.334965517900735,-0.46954546618716,0.638679794222093,0.994277373720757,"Gene1171"
41.1856609176858,-0.0127786931142152,0.275822568618445,-0.0463293963877643,0.963047709529438,0.997510641223454,"Gene1172"
65.8596191878878,0.190811255711997,0.356392740020521,0.535396023221489,0.592376039453244,0.994277373720757,"Gene1173"
40.0122445031551,-0.0531712547169429,0.326590265575304,-0.162807224591582,0.870670219766722,0.994277373720757,"Gene1174"
64.5020635287382,-0.419888043415102,0.271001063602653,-1.54939629325865,0.121286484296933,0.918506127595565,"Gene1175"
79.4415095055826,0.513599778934421,0.348279396109731,1.47467747064946,0.140299275877084,0.922991707713332,"Gene1176"
73.2417951956879,0.302913590099053,0.322193054668156,0.94016176236648,0.347134592178685,0.963476060844946,"Gene1177"
492.493261059369,-0.244142653977396,0.301885404394987,-0.808726259776243,0.418672619968731,0.984915063210876,"Gene1178"
12.8520918400545,-0.311239992865245,0.394314503834126,-0.789319159804916,0.429925491067726,0.984915063210876,"Gene1179"
276.288128408112,-0.0999250296312259,0.326178241112003,-0.306350997818133,0.759337413847715,0.994277373720757,"Gene1180"
115.61494841304,0.0319467423048458,0.271038625515388,0.117867858295467,0.906172361044142,0.994566617513272,"Gene1181"
7.81991012643786,0.144495031236333,0.513418104967789,0.28143735064699,0.778374973639887,0.994277373720757,"Gene1182"
34.0835477128039,0.456330834676078,0.348679440266768,1.30874029832946,0.190622336203103,0.932804035662126,"Gene1183"
29.1382183657927,-0.344851578151912,0.33450217645264,-1.03093971408206,0.302569091399272,0.95794362182403,"Gene1184"
15.3337027555052,-0.243453373994357,0.390363434284568,-0.623658244119462,0.532852050999304,0.994277373720757,"Gene1185"
9.12249144573272,0.0756841192933075,0.453063053538097,0.167049859180238,0.867330818106415,0.994277373720757,"Gene1186"
24.3289419853343,-0.145490320895999,0.365283161091394,-0.398294628368039,0.690413019582876,0.994277373720757,"Gene1187"
31.2455898675692,-0.00827206703439532,0.323569224230066,-0.0255650612448657,0.979604254043563,0.999596177595472,"Gene1188"
30.7858765123945,0.0496137947686074,0.32515213329754,0.152586403987105,0.878724447483711,0.994277373720757,"Gene1189"
5.65165845770662,0.0797300068101444,0.498283703204264,0.160009260382052,0.872873779479526,0.994277373720757,"Gene1190"
83.363525638602,-0.146663837464023,0.25517779507504,-0.574751566533811,0.565459327010472,0.994277373720757,"Gene1191"
130.607986040312,0.151761835183084,0.298649459243689,0.508160421811614,0.611340844411892,0.994277373720757,"Gene1192"
128.200388865668,-0.25222752962038,0.287517953024372,-0.877258365841938,0.38034632061466,0.974622218102909,"Gene1193"
130.416345787371,-0.063424062670238,0.266729274123761,-0.237784408474075,0.812048312115167,0.994277373720757,"Gene1194"
59.7695280506684,-0.417974982375183,0.348388948337475,-1.19973662875868,0.230241642652156,0.940987103757509,"Gene1195"
268.160229185752,0.0702944953642905,0.306121799705454,0.229629171891472,0.818379936638958,0.994277373720757,"Gene1196"
17.0489826956968,0.203493592172163,0.371577033123784,0.547648465949115,0.583933303853312,0.994277373720757,"Gene1197"
13.8145533810336,0.388403924615891,0.376850450443227,1.0306579815921,0.30270123556864,0.95794362182403,"Gene1198"
79.6749514432634,-0.195019519985179,0.280971121220918,-0.694090976815522,0.487625156883717,0.9852420159146,"Gene1199"
83.5490672167779,0.0774007069826915,0.293160709795709,0.264021420321396,0.791763413181349,0.994277373720757,"Gene1200"
18.4718321975146,-0.013441680694481,0.387293408196498,-0.034706711784935,0.972313608922809,0.998524887212127,"Gene1201"
50.1355558640363,0.367550492183795,0.274256078653972,1.34017263714885,0.180189225338083,0.926422752380889,"Gene1202"
80.5806338649943,0.215206608576856,0.30348620455401,0.709114962550321,0.478253138507825,0.984915063210876,"Gene1203"
85.8453495819541,0.44370814229725,0.312728688815954,1.4188277512281,0.155949239919663,0.922991707713332,"Gene1204"
129.740901181494,0.281870642892065,0.325054349392869,0.867149273401627,0.385860225912332,0.978706191438438,"Gene1205"
199.348529646488,0.290387139484854,0.29407678051142,0.987453477217244,0.323420379155186,0.95794362182403,"Gene1206"
2.91014105374821,-0.323239815564252,0.638916223453393,-0.505918935376403,0.612913558911342,0.994277373720757,"Gene1207"
448.393171958922,-0.727716764913756,0.295120336151422,-2.4658306316796,0.0136695952711376,0.498590546462874,"Gene1208"
86.2375677840989,-0.493331832221205,0.267130754876279,-1.84678036211027,0.0647789791381485,0.861669381563305,"Gene1209"
29.6508584518516,-0.389725458240231,0.319259381264599,-1.22071732613311,0.222193065350446,0.937201247950648,"Gene1210"
15.3460151194811,-0.492936763135234,0.367486572765426,-1.34137353489072,0.179799205683005,0.926422752380889,"Gene1211"
160.046199150526,0.18466040593653,0.308606923315262,0.598367670928392,0.549594632329813,0.994277373720757,"Gene1212"
68.1116485656229,0.532971047363572,0.384534245913131,1.38601711818399,0.165741676476644,0.922991707713332,"Gene1213"
205.613243450805,0.371435498172695,0.279218659701744,1.33026746339036,0.183430163288109,0.927994141293304,"Gene1214"
52.6528795950308,-0.494883194416363,0.326201879897806,-1.51710711958926,0.129239641016527,0.921592508351087,"Gene1215"
125.344112901363,2.47835101583027,0.22339112499647,11.0942232636567,1.33817384717583e-28,7.6467076981476e-26,"Gene1216"
872.288993371154,0.257791498140466,0.259523952334811,0.993324492098866,0.320551845547067,0.95794362182403,"Gene1217"
4.12167470680861,0.397257690535569,0.524248581412086,0.757765885537618,0.448591148464707,0.984915063210876,"Gene1218"
74.1824534246397,-0.361159633711279,0.29650686086643,-1.21804815124994,0.223205675245375,0.937838971619224,"Gene1219"
76.6441152325212,0.272204758284977,0.349941626194573,0.777857613697053,0.436652958551493,0.984915063210876,"Gene1220"
92.0592362166268,-0.344420858534752,0.326522465243778,-1.05481519710324,0.291509852797981,0.95794362182403,"Gene1221"
114.600537197333,0.14106058195359,0.312825792553365,0.450923757923596,0.652044499816474,0.994277373720757,"Gene1222"
39.9829711504441,0.282703674767534,0.402103731706429,0.703061554708308,0.482017389720553,0.984915063210876,"Gene1223"
229.968539777814,-0.551861196995625,0.343515001038721,-1.60651265687643,0.108161316259554,0.899911941041004,"Gene1224"
2.91152009151866,0.485926954698493,0.62788628703799,0.773909169112165,0.438984506950216,0.984915063210876,"Gene1225"
20.862141411565,0.404724029651728,0.322852964421818,1.25358622732961,0.209992439784547,0.937201247950648,"Gene1226"
43.6369679981134,-0.800615359163308,0.32289125050989,-2.4795201415307,0.0131559299586073,0.498590546462874,"Gene1227"
65.3811362842657,-0.358352361302418,0.328940934787112,-1.08941248535802,0.275972028034477,0.95794362182403,"Gene1228"
111.276374530634,0.370378190200915,0.260907168537623,1.4195784357972,0.155730447043823,0.922991707713332,"Gene1229"
133.41254106057,-0.119282888981663,0.310031582126926,-0.384744315928526,0.700426858484115,0.994277373720757,"Gene1230"
10.5074126307223,0.087849469941669,0.404190937546819,0.21734646124146,0.827938351545406,0.994277373720757,"Gene1231"
62.4080971229603,0.0174435420934749,0.304983311661168,0.0571950707678537,0.954389804692059,0.997510641223454,"Gene1232"
93.0924619577136,-0.37627505407567,0.293221238271543,-1.2832462487837,0.199405817584689,0.937201247950648,"Gene1233"
278.760755453421,0.00647219061245909,0.27694529819435,0.0233699241498484,0.981355195502902,0.999775694831997,"Gene1234"
48.4564541576267,0.573536193414012,0.298835826072235,1.91923505609189,0.0549545928411713,0.848989930934339,"Gene1235"
382.835874407706,0.303174327670134,0.236701603810668,1.28082920769999,0.200253662566048,0.937201247950648,"Gene1236"
32.4892457586487,0.331879400783329,0.317642130211789,1.04482173243847,0.29610536865158,0.95794362182403,"Gene1237"
57.5027564245291,-0.121269680613664,0.301593002675103,-0.402097129369755,0.687612545328952,0.994277373720757,"Gene1238"
69.3116007835831,0.0727470224528692,0.341794888436438,0.212838239874373,0.83145313592491,0.994277373720757,"Gene1239"
27.4777811889509,-0.102818756160818,0.330560319561234,-0.311043855164752,0.755767282433167,0.994277373720757,"Gene1240"
104.358751242132,0.259919362045812,0.366008792692753,0.710145131032417,0.477614142078503,0.984915063210876,"Gene1241"
12.0300759443856,-0.372080950590446,0.400367279495836,-0.929349049350361,0.352708223425837,0.963476060844946,"Gene1242"
44.2911277291493,-0.0559036981025977,0.331776616941516,-0.168498005127505,0.866191512912616,0.994277373720757,"Gene1243"
31.5144738865864,-0.329364201715641,0.346064631125454,-0.95174187736117,0.341227905529908,0.963476060844946,"Gene1244"
29.2759007668098,-0.34478717178145,0.372853474403524,-0.924725650828455,0.355108633155229,0.963476060844946,"Gene1245"
218.4694679064,0.0821121464977084,0.319012296342412,0.257394926274482,0.796873919224388,0.994277373720757,"Gene1246"
161.822379563262,-0.461548860536498,0.340536254889753,-1.35535894903737,0.175303221956558,0.922991707713332,"Gene1247"
316.311355865039,-0.0322776563426033,0.349958778498224,-0.0922327380416522,0.92651312769784,0.995212746821085,"Gene1248"
32.6592671985256,-0.0859810939587272,0.326596916979911,-0.263263642393831,0.79234738066587,0.994277373720757,"Gene1249"
59.2761334364708,-0.231518606745695,0.294305830264971,-0.786659939890599,0.431480960809598,0.984915063210876,"Gene1250"
11.3116388466181,0.415378160813886,0.380436807073718,1.09184535536646,0.274901079638813,0.95794362182403,"Gene1251"
29.1181691628079,0.237778044930812,0.388400440189813,0.612198186012891,0.540406641613075,0.994277373720757,"Gene1252"
349.809131220963,0.167965013798494,0.240981601775634,0.697003474791729,0.485800619224966,0.984915063210876,"Gene1253"
30.0460234144497,0.170588148668085,0.31998629249783,0.533110800892329,0.593956882781569,0.994277373720757,"Gene1254"
14.2960103018064,0.211994952934361,0.341017721069155,0.621653772917478,0.534169554394845,0.994277373720757,"Gene1255"
55.855899511826,-0.143377133985761,0.307452380206561,-0.46633932022069,0.640972637958518,0.994277373720757,"Gene1256"
278.122462771466,0.102224209191188,0.257241669760979,0.397385887310447,0.691082920871738,0.994277373720757,"Gene1257"
5.01118016246856,-1.64923661190453,0.529881828382349,-3.11246116316049,0.00185534423598206,0.145517194978985,"Gene1258"
35.0536800024451,0.523225346755171,0.27576626323179,1.89735082393086,0.0577816513372695,0.848989930934339,"Gene1259"
99.5165864349831,0.284438304924842,0.301748133868546,0.942634843431228,0.345867711141109,0.963476060844946,"Gene1260"
604.158620228363,0.118933047750971,0.259511553562103,0.458295771877878,0.64673996137197,0.994277373720757,"Gene1261"
21.6460445258075,-0.636240116133844,0.316923804896091,-2.00754915315512,0.0446912224064897,0.803270269707907,"Gene1262"
337.484754896171,0.351484042740319,0.25516376653187,1.37748414485965,0.16836261344489,0.922991707713332,"Gene1263"
27.2363622254829,0.128774541249634,0.313492729701353,0.410773613066913,0.681238543417478,0.994277373720757,"Gene1264"
12.3686819230053,0.553319743392222,0.401025807172838,1.37976093681609,0.167660263707541,0.922991707713332,"Gene1265"
12.2952059436363,0.619103794227463,0.438569898489989,1.41164224074442,0.158055328183487,0.922991707713332,"Gene1266"
43.0517297238287,-0.677904097370894,0.283637280633077,-2.39003877014268,0.0168465943121428,0.510773317817695,"Gene1267"
60.4313621084872,-0.0783393916111722,0.263739996173362,-0.297032656206145,0.766441577582492,0.994277373720757,"Gene1268"
42.4004424080293,-0.173542479003163,0.298165480457223,-0.58203410648692,0.560543707767146,0.994277373720757,"Gene1269"
157.70470746392,-0.0977000590357247,0.351769201501024,-0.27773909318619,0.781212648731732,0.994277373720757,"Gene1270"
65.5756003321221,0.233628831520564,0.27840856845095,0.839158194090296,0.401380543534015,0.982830442885154,"Gene1271"
42.1788967264866,-0.0771873500908401,0.347198292751901,-0.222314889508965,0.824068761957738,0.994277373720757,"Gene1272"
27.4555161125247,-0.0671355881939094,0.348700375216525,-0.192530874542999,0.847326385886443,0.994277373720757,"Gene1273"
10.7569746205764,-0.150367970536988,0.455637958715864,-0.330016337885399,0.741387617223659,0.994277373720757,"Gene1274"
4.43955932565734,-0.1576766506036,0.52329254845912,-0.301316445395396,0.763173201705683,0.994277373720757,"Gene1275"
68.7238910960974,-0.334598018888838,0.337494988590922,-0.99141625861119,0.321482364441566,0.95794362182403,"Gene1276"
56.0362166797554,0.192345449249234,0.334481801137461,0.57505505111229,0.565254065970567,0.994277373720757,"Gene1277"
363.7796455349,0.0420021827054361,0.315286150196665,0.133219244420463,0.894019991652944,0.994277373720757,"Gene1278"
75.4859843551284,-0.321889712269748,0.302910706908769,-1.06265544574063,0.287938232833418,0.95794362182403,"Gene1279"
146.676036592417,-0.0703651724718367,0.31822480463545,-0.221117811832566,0.825000701660999,0.994277373720757,"Gene1280"
46.7370239959982,-0.296074418446214,0.299936515048897,-0.987123619803166,0.32358203987077,0.95794362182403,"Gene1281"
19.4552680586949,0.619528033995052,0.328750408183876,1.88449358106512,0.0594982422544937,0.848989930934339,"Gene1282"
77.6741748387966,-0.518062526392299,0.264829865026901,-1.95620885257663,0.0504405561068991,0.822107009743037,"Gene1283"
74.7714246324453,-0.245963745223522,0.256714366605663,-0.958122244873598,0.338001119590076,0.963476060844946,"Gene1284"
18.6786526338356,0.13581343477628,0.422267460990193,0.321628937398599,0.74773381887957,0.994277373720757,"Gene1285"
68.1998554690284,0.0332683692966371,0.274002846440586,0.121416144864214,0.90336142973191,0.994566617513272,"Gene1286"
701.89331622475,-0.300427131005373,0.333996755829032,-0.8994911649955,0.368391099673607,0.965773320271778,"Gene1287"
12.3628875864809,0.322409429990749,0.414075848326871,0.778624088541961,0.436201184980052,0.984915063210876,"Gene1288"
287.782358111643,-0.151358731484152,0.272329346574622,-0.555792952129298,0.578352404095033,0.994277373720757,"Gene1289"
34.8844202805271,-0.228410643438397,0.277917265034514,-0.821865613170996,0.411153385703507,0.982830442885154,"Gene1290"
277.747282622656,-0.163908143159938,0.316235409162768,-0.518310531998564,0.604241625828506,0.994277373720757,"Gene1291"
18.080653793108,-0.285215203722591,0.345107231061332,-0.82645386144315,0.408546680523104,0.982830442885154,"Gene1292"
42.0679340197256,0.845589126444936,0.30532635785154,2.76945997192974,0.00561493031975273,0.345534173523245,"Gene1293"
82.3768744577309,-0.136105724922007,0.314379841906868,-0.432934007780076,0.665062712944582,0.994277373720757,"Gene1294"
45.3513960018368,0.0292392939725804,0.296999412558154,0.0984489959785869,0.921575770443464,0.995212746821085,"Gene1295"
124.9020149697,0.0365174596637606,0.22955541589905,0.159079059497423,0.873606586219246,0.994277373720757,"Gene1296"
44.0966163346612,0.533323275772445,0.300986264192438,1.77191898508518,0.0764080064514323,0.873824605647375,"Gene1297"
239.080434555225,-0.187701383680022,0.367452913626052,-0.51081751353601,0.609478844533722,0.994277373720757,"Gene1298"
69.6750187440841,0.343490463435869,0.316398199652556,1.08562711106784,0.277644000205578,0.95794362182403,"Gene1299"
136.353364349319,-0.183990475138086,0.329962940045432,-0.557609515519388,0.577111057331948,0.994277373720757,"Gene1300"
13.737562994444,-0.170938101508342,0.339543375675629,-0.503435242016448,0.614658299150061,0.994277373720757,"Gene1301"
26.3172080285443,-0.485385543402088,0.35754124506061,-1.35756517634715,0.174601699164089,0.922991707713332,"Gene1302"
174.644512259395,0.326748217623365,0.335046318983887,0.975232972606033,0.329444709948422,0.95794362182403,"Gene1303"
103.308573920269,0.128266941924143,0.287638350944436,0.445931293594855,0.655646876566803,0.994277373720757,"Gene1304"
53.2226876207917,-0.144724987435677,0.362583246409134,-0.399149681815058,0.689782916820245,0.994277373720757,"Gene1305"
45.7024453274916,0.315749106552472,0.257143961587369,1.22790791820787,0.219481536738909,0.937201247950648,"Gene1306"
142.892271844105,-0.130737273288205,0.290605581946036,-0.449878740844292,0.652797877351325,0.994277373720757,"Gene1307"
37.7809275595618,-0.731935229500374,0.282687485457152,-2.58920280222775,0.00961984212350541,0.469260591390508,"Gene1308"
55.9247293602556,-0.467468007524984,0.33484190736341,-1.39608572656239,0.162688681496732,0.922991707713332,"Gene1309"
7.59048319290102,-1.09320985312192,0.456695017405622,-2.39374158126837,0.0166774944210269,0.510773317817695,"Gene1310"
399.421533470099,0.163617473417168,0.309763846092608,0.528200677648653,0.597360059113897,0.994277373720757,"Gene1311"
122.451229250792,0.304014668607173,0.271104472026251,1.1213930420806,0.262120596553181,0.95794362182403,"Gene1312"
158.037313019611,0.683658985738996,0.303084035162207,2.25567468564654,0.0240910120599554,0.635257707151625,"Gene1313"
3.79809330604356,-0.431927369473522,0.568453262660327,-0.759829167752734,0.447356705593302,0.984915063210876,"Gene1314"
45.4084314814388,0.0406210096719643,0.372114288152692,0.109162724908042,0.913073424791767,0.994566617513272,"Gene1315"
31.5987940765584,0.0364168523221825,0.359639291438721,0.101259381800299,0.919344559038182,0.995066989634656,"Gene1316"
12.6680193397962,0.53714224718675,0.379740955541844,1.414496485954,0.157216178426558,0.922991707713332,"Gene1317"
129.142076835514,0.657723380789106,0.292148030987659,2.25133600444115,0.0243642640438056,0.636974223367467,"Gene1318"
279.144910693914,0.115060710337321,0.256297481692802,0.448934221192359,0.653479108734756,0.994277373720757,"Gene1319"
33.3451003075594,0.500005870502714,0.280825375512071,1.78048678681896,0.0749963298389009,0.873824605647375,"Gene1320"
33.5328914562701,-0.215948384070773,0.351327549364111,-0.614663963761541,0.538776662954304,0.994277373720757,"Gene1321"
450.120090309959,0.068523573932668,0.281214273110749,0.243670327166082,0.807486156243766,0.994277373720757,"Gene1322"
6.45784189980976,-0.0723292341357367,0.482173815616993,-0.150006557372228,0.880759441766441,0.994277373720757,"Gene1323"
120.68120353141,0.0531142267001168,0.314208405714732,0.169041393336685,0.865764082700628,0.994277373720757,"Gene1324"
35.9081929973936,0.330074252764506,0.30838442164405,1.07033374450247,0.284469110502393,0.95794362182403,"Gene1325"
49.1290825284536,-0.152772857920738,0.29911957605701,-0.510741757308524,0.609531897001463,0.994277373720757,"Gene1326"
27.3677357260441,0.315602361304193,0.288820970861114,1.0927266131792,0.274513851301673,0.95794362182403,"Gene1327"
203.830527507634,-0.0351112608671165,0.26362048458544,-0.133188666739352,0.894044173624242,0.994277373720757,"Gene1328"
13.3189362944439,0.0178583271801392,0.384059563553606,0.0464988477696026,0.962912652441365,0.997510641223454,"Gene1329"
159.615627832637,0.202785669375839,0.238845816252679,0.849023326250389,0.395868312695867,0.980364826863959,"Gene1330"
277.469242403293,0.482398200093849,0.275924410653452,1.74829837980417,0.0804123736558714,0.873824605647375,"Gene1331"
7.10482496153435,-0.0662276166392317,0.424842194849259,-0.15588756823632,0.876121644619197,0.994277373720757,"Gene1332"
14.3003075631455,-0.645677491909225,0.363101166230314,-1.77823028940555,0.0753660401575097,0.873824605647375,"Gene1333"
123.025390454738,-0.598817744157431,0.282453487457287,-2.120057888285,0.0340011637475794,0.736458997874086,"Gene1334"
17.6762241090921,-0.280220420099967,0.375543030325839,-0.746173933402077,0.455562352240058,0.984915063210876,"Gene1335"
20.586417739943,-0.0356300638990388,0.329837214545751,-0.108023177275821,0.913977306979114,0.994566617513272,"Gene1336"
35.3240251858435,0.242624690678105,0.310876997888735,0.780452372886533,0.435124650920343,0.984915063210876,"Gene1337"
37.0141190857494,-0.484747823137768,0.304089149159297,-1.59409773245093,0.110914146733304,0.899911941041004,"Gene1338"
139.947509259453,0.424662972772992,0.345859360479894,1.22784871915496,0.219503762935246,0.937201247950648,"Gene1339"
25.3618385685903,0.427056155182639,0.355496768682933,1.20129405610302,0.229637155298848,0.940987103757509,"Gene1340"
56.6927754724404,0.447993986843275,0.31090308283787,1.4409441770537,0.149600454114262,0.922991707713332,"Gene1341"
142.563971829751,0.302669208263563,0.294790495461246,1.02672648176797,0.304549275939712,0.95794362182403,"Gene1342"
8.31891871572261,-0.197569826062065,0.394801754022132,-0.500427933891575,0.616773788324535,0.994277373720757,"Gene1343"
21.2463335799992,0.340470968642928,0.319880074564426,1.06437066799656,0.287160816056607,0.95794362182403,"Gene1344"
144.176081485344,-0.372498031173029,0.301690574362601,-1.23470225067531,0.216941337956973,0.937201247950648,"Gene1345"
29.078866535894,0.191359917891915,0.296896804417987,0.644533437357272,0.519229582150526,0.994277373720757,"Gene1346"
2.18335830645907,-0.322146567406035,0.68675432005766,-0.469085607468749,0.639008446212943,0.994277373720757,"Gene1347"
17.1221130218071,0.328484712055856,0.361993185174882,0.907433414519012,0.364177646004638,0.965773320271778,"Gene1348"
144.022927161134,0.209211921250468,0.291450403168206,0.717830268808119,0.47286194750009,0.984915063210876,"Gene1349"
29.4641316539395,-0.0896055695439416,0.369440208233184,-0.242544172364109,0.808358533801272,0.994277373720757,"Gene1350"
33.2603577989167,-0.309736506121888,0.303066641931253,-1.02200791267601,0.306777155383292,0.95794362182403,"Gene1351"
49.2425956046859,0.283764397477111,0.307073581497408,0.92409251259378,0.355438151276357,0.963476060844946,"Gene1352"
97.0408312026617,0.142089388069331,0.263294924341868,0.539658667649966,0.589432449199636,0.994277373720757,"Gene1353"
30.0584390768449,-0.517986874522231,0.315752488788228,-1.64048390088744,0.100904593132396,0.895934246784897,"Gene1354"
92.3424331595549,-0.0964282591684514,0.371545949796791,-0.259532526787577,0.795224388785182,0.994277373720757,"Gene1355"
92.2480190038796,-0.0743884312234809,0.267120977966947,-0.278482176089838,0.780642245530308,0.994277373720757,"Gene1356"
13.9666817257369,-0.117432962934723,0.402123714182318,-0.292031926476936,0.7702622136099,0.994277373720757,"Gene1357"
37.2654665908847,-0.142176268297684,0.327937703020501,-0.433546576036108,0.664617736906363,0.994277373720757,"Gene1358"
35.1065787033899,-0.114578565661784,0.296036708160022,-0.387041750240813,0.698725299759885,0.994277373720757,"Gene1359"
96.5189087395245,-0.0513312314948934,0.331295824545681,-0.154940774050762,0.876868008729824,0.994277373720757,"Gene1360"
6.94862794037876,-0.0677534945287043,0.45337886712851,-0.149441227725993,0.881205481937682,0.994277373720757,"Gene1361"
282.009809628433,-0.172393524378799,0.347484132820685,-0.49611912630198,0.619810365691223,0.994277373720757,"Gene1362"
283.540798398897,0.427448204346833,0.29985218905854,1.42552971078488,0.154004138062396,0.922991707713332,"Gene1363"
17.5376175339251,-0.280904252565855,0.341720339219568,-0.822029655031343,0.411060019322723,0.982830442885154,"Gene1364"
20.7503014257727,-0.0144882409739425,0.394756247422045,-0.0367017395381528,0.970722821628249,0.998127746690025,"Gene1365"
19.3772209964722,0.166425898784088,0.303435235808591,0.548472554087524,0.583367469737006,0.994277373720757,"Gene1366"
41.1918157065585,-0.298070876975503,0.334267918212397,-0.891712487903508,0.372547058294838,0.965773320271778,"Gene1367"
22.2822465701569,0.207530127366241,0.349800379287241,0.593281596175246,0.552992713191796,0.994277373720757,"Gene1368"
60.8137352950917,-0.183882565454961,0.33116494324555,-0.555259755615547,0.578717001565421,0.994277373720757,"Gene1369"
5.57382802046543,-0.465748640474456,0.470662276195716,-0.989560166663503,0.322389147873771,0.95794362182403,"Gene1370"
69.8570444188865,0.470727295366047,0.369499650544083,1.2739587024586,0.202678052401054,0.937201247950648,"Gene1371"
58.2452913567986,0.0261936915358904,0.314174310847196,0.0833731168702399,0.933554863703803,0.995673949128029,"Gene1372"
7.83956109049433,0.761717920424292,0.471067759924238,1.61700287140602,0.105877661095871,0.899911941041004,"Gene1373"
69.2336391125998,-0.206965031138478,0.335973095689981,-0.616016680482816,0.537883510775465,0.994277373720757,"Gene1374"
53.8299912515576,0.148291795824778,0.283151486847378,0.523718937434749,0.600474042051026,0.994277373720757,"Gene1375"
34.3091056866037,0.373614220141228,0.311207482045154,1.20053096951897,0.229933192382669,0.940987103757509,"Gene1376"
56.4900195290005,-0.0383064519394829,0.335899746092262,-0.114041324487817,0.909205034909498,0.994566617513272,"Gene1377"
95.5825347126274,0.733031291743228,0.28899636854788,2.53647232810049,0.0111975591959615,0.471476176672064,"Gene1378"
88.8698087882235,-0.0685573406055247,0.301870048299251,-0.227108787346674,0.820339151257427,0.994277373720757,"Gene1379"
31.9260532123896,-0.407938089179012,0.369364263627104,-1.10443302005754,0.269405343683998,0.95794362182403,"Gene1380"
208.268665729756,0.0190754616874895,0.30183659685898,0.0631979749506707,0.949608857313316,0.997510641223454,"Gene1381"
33.6116097834924,-1.73812311911655,0.298680282713305,-5.81934335714059,5.90792608194714e-09,7.38490760243393e-07,"Gene1382"
43.6480027549078,0.553949588726991,0.374480397312326,1.47924856067962,0.13907389526902,0.922991707713332,"Gene1383"
159.313864800409,-0.255301150861871,0.261100524167262,-0.977788733577281,0.328178824385457,0.95794362182403,"Gene1384"
199.648460616251,-0.0559723049135272,0.262535995948058,-0.213198592868771,0.831172065767024,0.994277373720757,"Gene1385"
23.3557565767167,-0.599166258007729,0.363015026644266,-1.6505274273257,0.0988351083665533,0.884430499924414,"Gene1386"
14.620957678281,-0.0495466647670381,0.357416279470168,-0.138624532829019,0.889746856089217,0.994277373720757,"Gene1387"
30.4296541105792,0.790291984624398,0.329176563399535,2.40081485893997,0.0163586107511976,0.510773317817695,"Gene1388"
13.2458035406023,0.495944896568445,0.371582725242262,1.33468232745508,0.181980340044782,0.927288356916086,"Gene1389"
4.6084553213818,-0.672317888556397,0.536598683595967,-1.25292496815482,0.210233014261987,0.937201247950648,"Gene1390"
82.2233204394836,-0.367217696630438,0.278431397267947,-1.31888034263984,0.187209118866422,0.930856805539278,"Gene1391"
42.9749173635469,0.358560832577302,0.263077863329361,1.3629456619404,0.172899636411435,0.922991707713332,"Gene1392"
120.983690800243,0.441272933836271,0.286853588827043,1.53832111928826,0.12397011841406,0.918506127595565,"Gene1393"
48.3884982760948,-0.0838782666785113,0.338394721572145,-0.247871084657651,0.804234152962374,0.994277373720757,"Gene1394"
102.654118582164,-0.404605930506286,0.325090231239446,-1.24459578180395,0.213280371701395,0.937201247950648,"Gene1395"
31.8957455640074,0.477181617346565,0.303333328311494,1.57312623707655,0.115689590814722,0.916850469645478,"Gene1396"
14.773896020012,0.331427937070239,0.370417852612277,0.894740722491988,0.370925704474765,0.965773320271778,"Gene1397"
150.806761999133,0.132529686687743,0.275900750595291,0.480352758743109,0.630976579856836,0.994277373720757,"Gene1398"
125.382389460959,0.455408313262614,0.379394982933809,1.2003540735858,0.230001857350236,0.940987103757509,"Gene1399"
5.25436776429764,0.39989917801865,0.500670985566358,0.798726488147269,0.424449024211955,0.984915063210876,"Gene1400"
146.70585610081,-0.39489376298408,0.347416593296731,-1.13665774923651,0.255681388340483,0.95794362182403,"Gene1401"
4.60061061202488,0.252656333238969,0.515501771977276,0.49011729342825,0.624050901488294,0.994277373720757,"Gene1402"
49.1671041783702,0.192078212585533,0.259817472083829,0.739281354117556,0.459736169179307,0.984915063210876,"Gene1403"
38.4300286341564,0.729161467083135,0.287000102021035,2.5406313863599,0.0110652510351983,0.471476176672064,"Gene1404"
41.2957524448267,0.672804695781941,0.391201372578165,1.71984237005076,0.0854610984869218,0.873824605647375,"Gene1405"
471.385930684497,2.13252872545003,0.219826976929177,9.70094187364945,2.98728081425165e-22,7.96608217133774e-20,"Gene1406"
10.5006914859215,-0.0437108089837121,0.413921489638794,-0.105601690363687,0.915898383536366,0.994566617513272,"Gene1407"
38.9945121995982,-0.222844525025461,0.30885038791002,-0.721529043668821,0.470584077912258,0.984915063210876,"Gene1408"
1037.6575039044,0.0196717809823823,0.258552307103536,0.0760843374509315,0.939352000922248,0.997386881575259,"Gene1409"
9.2104584170615,0.0495871820802071,0.433097706266693,0.11449421542231,0.908846031670372,0.994566617513272,"Gene1410"
22.6213719496383,-0.0199473620797623,0.354809577893728,-0.056219908713222,0.955166621384313,0.997510641223454,"Gene1411"
52.1160246774761,-0.631319678516652,0.296747801773644,-2.12746202244226,0.0333817135634406,0.735970949597725,"Gene1412"
73.0815043385726,0.218520511750565,0.283467366794686,0.770884191085169,0.440775578381037,0.984915063210876,"Gene1413"
24.9635370853976,0.0268702797794341,0.312276384067328,0.0860464676497625,0.931429478333954,0.995673949128029,"Gene1414"
39.6717910929957,-0.518109999655311,0.363459899743863,-1.42549425678165,0.154014379096611,0.922991707713332,"Gene1415"
202.747754940669,-0.18859642740253,0.351492878613492,-0.536558317046058,0.591572743174822,0.994277373720757,"Gene1416"
49.374056325988,0.0590186792529121,0.278528182649964,0.211894820450119,0.832189091532136,0.994277373720757,"Gene1417"
82.0106422380452,0.226758206826899,0.325339480196304,0.69698951596676,0.485809354928764,0.984915063210876,"Gene1418"
80.7571695651168,0.115770728456417,0.308121865802092,0.375730323958174,0.707117391704554,0.994277373720757,"Gene1419"
82.2465566714093,0.198966160090299,0.27999044925264,0.71061766792898,0.477321191591549,0.984915063210876,"Gene1420"
115.150634210932,-0.196469870201497,0.309720596316985,-0.634345511851006,0.52585536092128,0.994277373720757,"Gene1421"
57.2866157836857,-0.069399161756452,0.297999964238391,-0.232883121089689,0.815852165545523,0.994277373720757,"Gene1422"
20.8480152904469,-0.16054901838664,0.368436012472349,-0.43575821296429,0.663012164932879,0.994277373720757,"Gene1423"
46.4240202771467,-0.166517762112713,0.333933439398633,-0.49865554768216,0.618022065515346,0.994277373720757,"Gene1424"
19.2053554327651,0.438636778114891,0.364481035829935,1.20345569452222,0.228800026613769,0.940987103757509,"Gene1425"
60.3177926305706,0.646012484992536,0.352431268541156,1.83301693878248,0.0668000521040102,0.863016508035341,"Gene1426"
34.9629733947417,0.00420981165847749,0.357084762092142,0.0117893903783864,0.990593645334088,0.999775694831997,"Gene1427"
40.3917878431438,0.172285672531356,0.337168007128787,0.510978707613703,0.609365966340935,0.994277373720757,"Gene1428"
15.5859448862864,-0.410600674733449,0.383952496548745,-1.06940488321925,0.284887267890184,0.95794362182403,"Gene1429"
42.522403223436,-0.436899804098605,0.348753044098012,-1.2527483601715,0.210297300224007,0.937201247950648,"Gene1430"
13.5748714534822,0.101219193510567,0.347414510414242,0.291349930634383,0.770783703763105,0.994277373720757,"Gene1431"
34.713303116602,0.336405095384566,0.339200932188082,0.991757579245197,0.321315795606207,0.95794362182403,"Gene1432"
117.824318216084,-0.161796646225934,0.298037593388387,-0.542873281140375,0.587217053473012,0.994277373720757,"Gene1433"
63.540934238182,0.199889455144726,0.27420331208805,0.728982642924966,0.466012279887705,0.984915063210876,"Gene1434"
170.890049398046,-0.0626844762429474,0.282574808185546,-0.22183320815275,0.824443727076619,0.994277373720757,"Gene1435"
82.8289572048354,0.264379818740911,0.264789489063449,0.99845284522438,0.318059819389079,0.95794362182403,"Gene1436"
64.9638647995798,-0.0631729049279671,0.283515823171179,-0.222819679767309,0.823675850789163,0.994277373720757,"Gene1437"
148.720981249408,-0.184071626568539,0.310257433519258,-0.593286757002435,0.552989259953371,0.994277373720757,"Gene1438"
245.678937926126,-0.16864650978747,0.347253386609418,-0.485658358681924,0.627209412261175,0.994277373720757,"Gene1439"
12.0318842761564,0.212471433216857,0.428413556780518,0.495949369141251,0.619930133220579,0.994277373720757,"Gene1440"
147.766743170927,0.749610023864945,0.226009673957694,3.31671654021882,0.000910819747298589,0.0775165742381777,"Gene1441"
124.226682928279,0.211737136393448,0.335546515425372,0.631021711326756,0.528026328505565,0.994277373720757,"Gene1442"
179.542269383323,-0.260116129265545,0.301879276920862,-0.86165612929348,0.388876773828144,0.978706191438438,"Gene1443"
16.9437318226306,0.553442968305813,0.389328147157248,1.42153340914825,0.1551617481631,0.922991707713332,"Gene1444"
865.425257927527,-0.249553932891656,0.270063638989808,-0.924056025554307,0.355457146909811,0.963476060844946,"Gene1445"
1.61797378248145,1.22129450204912,0.837210168795982,1.45876692325118,0.144629269358656,0.922991707713332,"Gene1446"
50.49493951877,-0.44950951969325,0.368546369149489,-1.21968239907126,0.222585296388279,0.937201247950648,"Gene1447"
55.8058554887865,-0.179874090082414,0.349367848301419,-0.514855877428157,0.60665373527023,0.994277373720757,"Gene1448"
47.6961924240574,-0.059585602981021,0.265118808079611,-0.224750569047249,0.822173322414164,0.994277373720757,"Gene1449"
141.89035408683,0.0713318181320053,0.308645017830577,0.2311128124905,0.817227161620725,0.994277373720757,"Gene1450"
57.408984857364,-0.489587880100054,0.300593144720591,-1.62873933986465,0.103368210940901,0.899911941041004,"Gene1451"
24.9966157922275,0.641228219062456,0.357743255730662,1.79242573770622,0.0730647950533889,0.873824605647375,"Gene1452"
1213.9262405158,3.00874777573013,0.18928042925183,15.8957150912159,6.78497750170939e-57,2.71399100068376e-53,"Gene1453"
37.9637009923738,0.206081682579021,0.309670032079389,0.665487975039795,0.505738432251258,0.991483155252957,"Gene1454"
100.465622458172,-0.0829618281714445,0.269201212649141,-0.308177765452979,0.757947070253552,0.994277373720757,"Gene1455"
23.8972732491018,0.331183692164261,0.330601262669398,1.00176172798059,0.316458685671811,0.95794362182403,"Gene1456"
12.9174565250858,-0.511852099253717,0.350484197296017,-1.46041420184605,0.144176271980008,0.922991707713332,"Gene1457"
23.6743276476751,-0.758140533971917,0.338974439738626,-2.23657139032813,0.0253143665313619,0.646869475068822,"Gene1458"
14.4698334441673,0.606486646530504,0.414750932041014,1.4622912202896,0.143661423417726,0.922991707713332,"Gene1459"
85.5961765253283,-0.363123686821886,0.29012436257277,-1.25161390653915,0.210710584764295,0.937201247950648,"Gene1460"
6.78297906984668,-0.00214587994017292,0.464045639239809,-0.0046242864035707,0.996310366423734,0.999775694831997,"Gene1461"
18.9995613748633,0.558247317615906,0.370046636521367,1.50858638485064,0.131404515689535,0.921592508351087,"Gene1462"
53.119034617098,0.277385262669063,0.349208710865869,0.794325152947307,0.427006164630963,0.984915063210876,"Gene1463"
7.50802652120221,-0.343549501110725,0.418261398270435,-0.821375107842479,0.411432637753247,0.982830442885154,"Gene1464"
25.4779565571211,0.0811507343221174,0.400810917093925,0.202466377189773,0.839552141180991,0.994277373720757,"Gene1465"
33.9273683565462,-0.417057533019354,0.325327199282348,-1.28196330936779,0.199855517418757,0.937201247950648,"Gene1466"
249.378853019126,0.230976786324004,0.249377584728346,0.926213102014014,0.354335244916964,0.963476060844946,"Gene1467"
46.6627228799417,-0.160919205573473,0.295396549483839,-0.544756551336349,0.585920964894276,0.994277373720757,"Gene1468"
31.5409715904412,-0.0529660179454414,0.391168058722941,-0.135404762133087,0.892291859171905,0.994277373720757,"Gene1469"
21.8943686948074,-0.202198924782241,0.348928991046142,-0.579484450907956,0.562262335393914,0.994277373720757,"Gene1470"
79.7254233513302,-0.428386246860819,0.290045051644153,-1.47696450752206,0.139685151531567,0.922991707713332,"Gene1471"
37.0024838111361,0.288516494067019,0.353245586753264,0.816758948692946,0.414066196226036,0.982830442885154,"Gene1472"
25.9288502499498,-0.843527777027757,0.342200431960804,-2.46501084815806,0.0137009103390426,0.498590546462874,"Gene1473"
24.2993798451203,0.277446189003341,0.295899891590666,0.937635318187772,0.348431854623657,0.963476060844946,"Gene1474"
196.667249382295,-0.175150920263439,0.267874203508884,-0.653855122923886,0.513205148872998,0.993765320745238,"Gene1475"
263.996108647518,-0.161266831828327,0.33788794349241,-0.477279035651505,0.633163437336449,0.994277373720757,"Gene1476"
25.1105293660826,-0.325357718081821,0.356103412016801,-0.913660771288736,0.360895123000612,0.964952994866733,"Gene1477"
58.4571979807559,-0.332371400381627,0.305579721612175,-1.08767492367656,0.276738641753887,0.95794362182403,"Gene1478"
34.3000037438137,0.141646931224081,0.282178191142172,0.501976891448402,0.61568377621706,0.994277373720757,"Gene1479"
491.218314398752,-0.156774093230147,0.323904953542026,-0.484012644807565,0.628376895186441,0.994277373720757,"Gene1480"
114.428049212679,0.14225425687065,0.339341824658147,0.419206376973887,0.675065312005081,0.994277373720757,"Gene1481"
5.24826509936864,0.769599996348392,0.507880180515463,1.51531803341352,0.129691883626766,0.921592508351087,"Gene1482"
31.2697313084802,0.244456679595678,0.311313587816688,0.785242563005707,0.432311364626338,0.984915063210876,"Gene1483"
2.74677137661198,0.51503728539953,0.642599262748979,0.801490626049351,0.42284766867989,0.984915063210876,"Gene1484"
41.6856652614807,-0.0702726976762293,0.349721462353964,-0.200939047901796,0.840746234547963,0.994277373720757,"Gene1485"
137.831651164259,-0.0423964735475878,0.26943984377921,-0.157350423578516,0.874968682893796,0.994277373720757,"Gene1486"
18.350883907587,0.267216724490881,0.341905404301655,0.78155162547569,0.434478125621277,0.984915063210876,"Gene1487"
11.7063194791733,0.0561264173099162,0.370298253028421,0.151570840129263,0.879525433840282,0.994277373720757,"Gene1488"
267.795770126733,-0.404464248684927,0.330420571917535,-1.2240891853001,0.220918585295297,0.937201247950648,"Gene1489"
15.0487407835878,-0.21853259294756,0.39613178904391,-0.551666387277332,0.581176943157989,0.994277373720757,"Gene1490"
177.657888837838,-0.117800976135412,0.283651429350624,-0.415301895023407,0.677920914142356,0.994277373720757,"Gene1491"
65.4962455916774,0.257068170187652,0.393757919353386,0.652858412625198,0.513847561774258,0.993765320745238,"Gene1492"
173.264404262539,-0.0147645699498356,0.288126641192972,-0.0512433348360422,0.959131620978029,0.997510641223454,"Gene1493"
163.116223395342,-0.0955373138630332,0.234574245961861,-0.407279637503626,0.683802616524365,0.994277373720757,"Gene1494"
202.527148888785,-0.0469069999466701,0.337135158740668,-0.139134109067373,0.88934417521253,0.994277373720757,"Gene1495"
262.460698110725,-0.920784661908665,0.321978069231945,-2.85977446881748,0.00423942384420944,0.274530507825942,"Gene1496"
75.5977733719245,0.266692096895306,0.333991650806979,0.798499292574933,0.424580803514243,0.984915063210876,"Gene1497"
60.6135870799284,-0.472791072823556,0.31792742682267,-1.48710376310901,0.136987407809778,0.922991707713332,"Gene1498"
21.804711693408,0.257644197680543,0.359106247369189,0.71745952505155,0.473090602127167,0.984915063210876,"Gene1499"
9.28237126270713,-0.278455568768743,0.415050375835797,-0.670895835735628,0.502286889376467,0.991483155252957,"Gene1500"
30.1220716002148,-0.133560567643093,0.340312707163237,-0.39246423901247,0.694715229337188,0.994277373720757,"Gene1501"
41.8596119662178,0.144761690990179,0.348779045297378,0.415052718739887,0.678103310691638,0.994277373720757,"Gene1502"
18.6810055102909,0.75222132751008,0.378738848530267,1.98612138794092,0.0470198469508651,0.803270269707907,"Gene1503"
158.607460344095,0.440959245190522,0.240203940868493,1.83577023589275,0.0663916452374721,0.863016508035341,"Gene1504"
18.6700280638144,0.111944553110719,0.370021786867273,0.302535031946303,0.762244232197086,0.994277373720757,"Gene1505"
74.6688003481115,-0.0875790231204183,0.277395912603585,-0.315718506081861,0.752216178813723,0.994277373720757,"Gene1506"
176.622075246707,0.342154766065679,0.322803441408137,1.05994770245672,0.28916839219318,0.95794362182403,"Gene1507"
12.1908519334287,-0.0965116590912406,0.371471050098526,-0.259809368901406,0.795010823728518,0.994277373720757,"Gene1508"
200.972902812093,0.342063458081357,0.30984062246213,1.10399809864559,0.269593962475288,0.95794362182403,"Gene1509"
4.51804466632874,0.412939504701475,0.512661262958368,0.805482166369587,0.420541493423309,0.984915063210876,"Gene1510"
77.7943290678094,-0.299342790995291,0.266926254240643,-1.12144379295648,0.262099004013062,0.95794362182403,"Gene1511"
322.361011797748,0.952201489949305,0.258633048817648,3.68166981869616,0.000231711371559628,0.022605987469232,"Gene1512"
103.941567337683,-0.207071571566498,0.310695705851926,-0.666477095326146,0.505106199120108,0.991483155252957,"Gene1513"
171.171431800535,0.470138726200494,0.267027106766166,1.76064045292672,0.0782992772234332,0.873824605647375,"Gene1514"
24.498694460823,-0.433152122447726,0.327657942117019,-1.32196436213053,0.18618001836275,0.930856805539278,"Gene1515"
60.4153956832475,0.129910983684619,0.300857834709641,0.431801896766279,0.66588540084223,0.994277373720757,"Gene1516"
185.551870434247,-0.162613304727679,0.294695892782151,-0.551800376966528,0.58108512898872,0.994277373720757,"Gene1517"
9.94276733771974,-0.946517273665437,0.432785237952272,-2.18703687340145,0.0287398322924819,0.684281721249569,"Gene1518"
171.153407146873,0.469149147835958,0.31100741183083,1.50848220971386,0.131431156500189,0.921592508351087,"Gene1519"
9.44361729308216,-0.422181154160116,0.439672542790603,-0.96021723685662,0.33694589348299,0.963476060844946,"Gene1520"
29.3974076203405,-0.464297292625721,0.31776056579584,-1.46115453773465,0.14397303612083,0.922991707713332,"Gene1521"
1034.63380474894,-0.229853263864928,0.272473903623321,-0.843579002643448,0.398904701731865,0.980364826863959,"Gene1522"
126.646037292913,-0.158404068422193,0.329803693984154,-0.480298041870336,0.631015481034497,0.994277373720757,"Gene1523"
55.2447717534218,-0.136279175903491,0.31409197000427,-0.433883030825775,0.664373382864809,0.994277373720757,"Gene1524"
182.713821326508,0.269270452942727,0.356048537142464,0.756274566113399,0.449484593952817,0.984915063210876,"Gene1525"
33.0905031063407,0.598066398687615,0.315281850302656,1.89692618878473,0.0578376804671121,0.848989930934339,"Gene1526"
115.925924684141,0.0022409583005942,0.32550705107288,0.00688451538363897,0.994506994858403,0.999775694831997,"Gene1527"
34.8983131314978,0.238997336799431,0.328945966979305,0.726554999272775,0.467498603801933,0.984915063210876,"Gene1528"
3.70742392079508,-0.127331899324386,0.564507533809032,-0.22556279889696,0.821541477344382,0.994277373720757,"Gene1529"
89.1255641040079,-0.146057091755939,0.243673666829455,-0.599396289539003,0.548908650711242,0.994277373720757,"Gene1530"
28.1329730347377,-0.0351211664049892,0.367946005397238,-0.0954519573247495,0.923955848454548,0.995212746821085,"Gene1531"
25.3797797245333,-0.162821314797757,0.393431349626005,-0.413849366484229,0.678984427542492,0.994277373720757,"Gene1532"
46.9783338617071,0.459052719994766,0.277389808868323,1.65490117271279,0.0979445463544467,0.884430499924414,"Gene1533"
290.321554210623,0.338366377176745,0.316908114531465,1.06771130703613,0.285650756434076,0.95794362182403,"Gene1534"
70.1924427726069,-0.600467161581745,0.350693459505891,-1.71222800227804,0.0868546589054075,0.873824605647375,"Gene1535"
154.992928914015,0.255016934027255,0.288723175186202,0.883257583541021,0.377097115663635,0.971168238156084,"Gene1536"
98.7136829384632,-0.21165226265174,0.302892952547724,-0.69876918849207,0.484696286939009,0.984915063210876,"Gene1537"
65.9587188770417,-0.463385014804426,0.350947888275569,-1.32038125968312,0.186707757288229,0.930856805539278,"Gene1538"
117.005639821704,-0.144378492743045,0.24913007293706,-0.579530568272747,0.562231226812025,0.994277373720757,"Gene1539"
44.2567851993861,-0.0120652981393604,0.294232898356783,-0.0410059453131925,0.967291156175872,0.997510641223454,"Gene1540"
12.6827805781947,-0.166811882385428,0.396578280486109,-0.420627882548073,0.674026830086059,0.994277373720757,"Gene1541"
68.7094507739986,-0.275357276934742,0.337316106335455,-0.816318200533549,0.414318167393954,0.982830442885154,"Gene1542"
2.50192543093266,0.469419109873726,0.672574174066277,0.697944000786846,0.48521221562378,0.984915063210876,"Gene1543"
15.7607403836815,0.0713940640300551,0.351861998070879,0.202903594083705,0.839210385043391,0.994277373720757,"Gene1544"
46.8848173760065,-0.309698519160352,0.311484721331925,-0.994265522353922,0.32009361626267,0.95794362182403,"Gene1545"
46.3592496780533,-0.11280382588611,0.299183078707755,-0.377039458158322,0.706144281756598,0.994277373720757,"Gene1546"
34.8875254492584,-0.349075055963379,0.27960546275746,-1.2484557795145,0.211864192813415,0.937201247950648,"Gene1547"
200.974242045385,-0.294638961282795,0.296929152008353,-0.992287080234234,0.32105750391594,0.95794362182403,"Gene1548"
11.0731971290134,0.105638161157564,0.371386155467201,0.284442916362007,0.77607097408487,0.994277373720757,"Gene1549"
2.17958434526015,0.763635186142511,0.735750829216928,1.03789918518374,0.299316992932385,0.95794362182403,"Gene1550"
119.618714533173,0.0321920969890337,0.232794695314738,0.138285354593283,0.890014899646714,0.994277373720757,"Gene1551"
50.8331082249976,0.433453947984316,0.34908916412032,1.24167116179784,0.214357914203331,0.937201247950648,"Gene1552"
49.5231767608923,-0.11843279458926,0.311390860442207,-0.380334844834795,0.703696873050196,0.994277373720757,"Gene1553"
31.0568135443386,-0.0309147752656064,0.338045998918578,-0.091451386392692,0.927133932337917,0.995212746821085,"Gene1554"
7.66662319824587,0.643696329114181,0.49659552541218,1.29621854441782,0.194900202345381,0.934198910468991,"Gene1555"
15.1836463742473,-0.309621709362241,0.360382445015681,-0.859147590690131,0.390259093836077,0.978706191438438,"Gene1556"
93.6738183276303,0.367023879550862,0.305961848470617,1.19957400370494,0.230304827812963,0.940987103757509,"Gene1557"
51.286454827352,-0.0336891239410897,0.322749361631356,-0.104381690395315,0.916866452250372,0.994707139491256,"Gene1558"
7.02627434378454,-0.236070364817109,0.466541399133819,-0.506000893501407,0.612856022420158,0.994277373720757,"Gene1559"
95.5951028758007,-0.340906241803774,0.305437030678676,-1.11612609985857,0.264368161580249,0.95794362182403,"Gene1560"
126.997042181663,0.371414956119096,0.253060793349833,1.46769063355322,0.142188276129512,0.922991707713332,"Gene1561"
37.696000579539,0.0553828280075718,0.311123090993748,0.178009378316072,0.858715610541475,0.994277373720757,"Gene1562"
52.5872387829285,-0.213308893385091,0.339871820074779,-0.627615709175767,0.530255715260027,0.994277373720757,"Gene1563"
296.077572447833,-0.521243933069503,0.242776811471467,-2.14700872752324,0.0317925868100705,0.724144835733456,"Gene1564"
90.3713943370599,-0.134032631864004,0.302631163345815,-0.442891043943301,0.657844545733604,0.994277373720757,"Gene1565"
262.316831198654,-0.158087491679074,0.3147573617313,-0.502251927673828,0.615490319844418,0.994277373720757,"Gene1566"
57.051379088799,0.649822472041116,0.303156678857282,2.14352022357072,0.0320713489561682,0.724776247597022,"Gene1567"
323.370037285059,-0.589663062748902,0.226717276102034,-2.60087397346607,0.00929866069582577,0.464933034791288,"Gene1568"
43.4734910899398,0.733714214304435,0.302159163458649,2.42823750868917,0.015172403618109,0.50507907055879,"Gene1569"
135.527816328989,-0.128145992753218,0.261315990875459,-0.490387106904188,0.623859998396674,0.994277373720757,"Gene1570"
35.6639233200469,-0.106480748365784,0.30061357657834,-0.354211375207249,0.723180479349392,0.994277373720757,"Gene1571"
11.7976256174241,-0.159583925221375,0.42143698982603,-0.378666156682762,0.704935788070578,0.994277373720757,"Gene1572"
169.479231576573,0.110719878130045,0.313410078881656,0.353274784669109,0.72388244728445,0.994277373720757,"Gene1573"
845.805810517177,-0.365795054803713,0.309684689553402,-1.18118546748703,0.237529053115542,0.948275547579697,"Gene1574"
38.5374890156383,0.101617841682007,0.283650496602208,0.358250180765649,0.720156097072193,0.994277373720757,"Gene1575"
286.012484109461,0.0131810912397019,0.30788530383805,0.0428116934306006,0.965851642527211,0.997510641223454,"Gene1576"
46.0020995970897,-0.0968359816368463,0.338493601026281,-0.28607920901089,0.774817455191683,0.994277373720757,"Gene1577"
173.331062751984,-0.151433871950682,0.28243687121982,-0.536168919081465,0.591841812091699,0.994277373720757,"Gene1578"
18.07556275195,0.100684152395101,0.382036036420752,0.263546217624907,0.792129605673317,0.994277373720757,"Gene1579"
76.2578737737084,-0.0671967594061098,0.280695766333906,-0.239393562231982,0.810800421499697,0.994277373720757,"Gene1580"
21.9574968800042,0.25190550007767,0.3812753868192,0.660691743516932,0.508810019784413,0.991959161080563,"Gene1581"
9.29651934616505,0.431558965742029,0.480621713045269,0.897918163138379,0.369229180606626,0.965773320271778,"Gene1582"
118.311165198438,0.031234017602032,0.27512934767485,0.113524848824723,0.909614463910912,0.994566617513272,"Gene1583"
392.556188237401,0.0300685637569383,0.258036592305505,0.11652829348071,0.907233863881604,0.994566617513272,"Gene1584"
22.423158270714,0.562153821123767,0.399947214791217,1.40557003607895,0.15985183887477,0.922991707713332,"Gene1585"
19.8680442056231,-0.404363550280691,0.350442046398456,-1.15386710709059,0.248554656405795,0.95794362182403,"Gene1586"
18.1834939894784,0.47862536479196,0.331554371531419,1.44358031710224,0.148857064870463,0.922991707713332,"Gene1587"
30.7896246665481,-0.234989913393992,0.30354832794414,-0.774143329945256,0.438846036280925,0.984915063210876,"Gene1588"
141.988764097688,0.2297482764923,0.351274982204887,0.654041102073973,0.513085325453996,0.993765320745238,"Gene1589"
130.110529631335,-0.186595796884127,0.330388179220858,-0.564777460634847,0.572225139605814,0.994277373720757,"Gene1590"
58.1187401722796,-2.2635758396243,0.262594450711731,-8.62004445824786,6.69281222083011e-18,1.27482137539621e-15,"Gene1591"
147.803878883356,0.32731589460784,0.324355178583616,1.00912800602461,0.312913248241373,0.95794362182403,"Gene1592"
34.0777783186779,0.119694423332176,0.347409433456223,0.344534177271436,0.730444597767309,0.994277373720757,"Gene1593"
45.3534908835588,-0.230352310976729,0.310816708625962,-0.741119459101973,0.458621011954381,0.984915063210876,"Gene1594"
139.378916419402,0.0510817249975923,0.302130791218091,0.169071562655523,0.865740352605567,0.994277373720757,"Gene1595"
42.3480122146044,0.122547843122185,0.312201065952327,0.392528586500401,0.694667693693365,0.994277373720757,"Gene1596"
15.2696253092698,-0.230884640282437,0.353306973464264,-0.653495848153108,0.513436665176843,0.993765320745238,"Gene1597"
9.28800605107396,-0.0753866644147186,0.411298370142997,-0.183289480064092,0.854570888268349,0.994277373720757,"Gene1598"
1543.76827695651,-0.345084578921051,0.280212593178298,-1.2315098868575,0.218132221174089,0.937201247950648,"Gene1599"
6.38655338471288,-0.0368691909141951,0.488390352677228,-0.0754912350583664,0.939823871048438,0.997386881575259,"Gene1600"
67.7127371814578,-0.136709453274918,0.343040368960569,-0.398522930957529,0.690244758680746,0.994277373720757,"Gene1601"
455.225768254578,0.269987756458469,0.235462184562696,1.14662894578972,0.251535008069797,0.95794362182403,"Gene1602"
142.388797269756,-0.0508410564644667,0.264958701154741,-0.191882947202306,0.84783389539343,0.994277373720757,"Gene1603"
41.9913165666916,-0.0893931170780327,0.302001228618289,-0.296002494715079,0.767228176219414,0.994277373720757,"Gene1604"
366.19128535991,2.67660357080983,0.211236128231371,12.6711448141963,8.54580169646936e-37,8.54580169646936e-34,"Gene1605"
416.479583230305,0.0696883063347447,0.291931335182584,0.238714717935844,0.811326803389777,0.994277373720757,"Gene1606"
65.6113076813879,-0.464828554724028,0.342036407895043,-1.3590031470178,0.174145591480274,0.922991707713332,"Gene1607"
26.3698640598673,-0.538574265117543,0.391972982642508,-1.37400864081681,0.169438999887567,0.922991707713332,"Gene1608"
318.291234103452,-0.195900153312146,0.329701517297208,-0.594174254695809,0.552395570372494,0.994277373720757,"Gene1609"
500.809058331121,0.161726420913402,0.277252572769926,0.583318016845271,0.55967923606359,0.994277373720757,"Gene1610"
17.8428330331893,0.0121857653398862,0.340217608402442,0.035817562168833,0.971427829466067,0.998127746690025,"Gene1611"
120.613045851669,0.438562519006326,0.291520278335483,1.50439798394273,0.132478923075469,0.921592508351087,"Gene1612"
59.4351235100581,0.289147679306221,0.38443012709284,0.752146252149463,0.451963111834059,0.984915063210876,"Gene1613"
98.4474609115121,-0.051256410671426,0.236286438405616,-0.216924894282074,0.828266876668626,0.994277373720757,"Gene1614"
100.199352191012,0.301420581353588,0.299575322795579,1.00615958130593,0.31433881157848,0.95794362182403,"Gene1615"
58.1983190116287,-0.0156628093522207,0.324108266533973,-0.0483258558003456,0.961456548674026,0.997510641223454,"Gene1616"
80.5819658514639,0.189717975321726,0.260934200902397,0.727072091989546,0.46718179391393,0.984915063210876,"Gene1617"
11.3077211816424,0.164074551206895,0.377174647741482,0.435009490137718,0.663555538980381,0.994277373720757,"Gene1618"
10.4240333696322,-0.0685029421356972,0.369459218848074,-0.185414082640245,0.852904263577562,0.994277373720757,"Gene1619"
123.609725426801,-0.0468509940798156,0.308058151337104,-0.152084903049838,0.879119971313531,0.994277373720757,"Gene1620"
54.9725430820168,0.454379760819034,0.317148280400641,1.43270447578979,0.151942309874386,0.922991707713332,"Gene1621"
47.0229290899891,-0.119932498927684,0.344566724625161,-0.348067559507244,0.727789446582525,0.994277373720757,"Gene1622"
9.53330061868914,-0.19813542454411,0.383544486916437,-0.516590464217201,0.605442073739016,0.994277373720757,"Gene1623"
30.2088348103512,0.386511845668574,0.289319813091955,1.33593286107139,0.181571218967391,0.927288356916086,"Gene1624"
65.1695569884307,-0.199345352759511,0.335705728405121,-0.593809803921326,0.552639331039557,0.994277373720757,"Gene1625"
27.3135928625949,0.358853756750479,0.338116342355188,1.06133218598912,0.288538963507404,0.95794362182403,"Gene1626"
59.1939483668694,-0.132352509980696,0.311041341347535,-0.425514207877643,0.670461866531886,0.994277373720757,"Gene1627"
65.7854632847842,-0.0497942241939592,0.259357241513659,-0.191990876766542,0.847749351775547,0.994277373720757,"Gene1628"
38.0548127784236,-0.0559121373922299,0.282646760621881,-0.197816303534531,0.843188789855483,0.994277373720757,"Gene1629"
90.9359693174936,0.134218708315928,0.377615209743419,0.355437770653165,0.722261656841127,0.994277373720757,"Gene1630"
47.749441774299,-0.182179592023705,0.279008875102773,-0.652952677425043,0.513786787069435,0.993765320745238,"Gene1631"
33.1539839821211,-0.483728064791183,0.361380521089093,-1.33855600001176,0.180715258246463,0.92644015237123,"Gene1632"
47.939249368174,0.133711724216075,0.333532351104817,0.400895816472249,0.688496830150437,0.994277373720757,"Gene1633"
126.263166790853,0.0126578061167512,0.286071554456891,0.0442469931719782,0.96470752357561,0.997510641223454,"Gene1634"
142.949621192429,-0.361312513073165,0.347052708675735,-1.04108829593015,0.29783457101905,0.95794362182403,"Gene1635"
932.858935424885,-0.0705095707839756,0.220688963225238,-0.319497494362746,0.749349291118246,0.994277373720757,"Gene1636"
15.3505301474756,0.304228872162987,0.351596968782195,0.865277289553223,0.386886612674019,0.978706191438438,"Gene1637"
17.8394448125792,0.169047040604996,0.357059311373622,0.473442465215834,0.635897539493268,0.994277373720757,"Gene1638"
131.302375914392,0.170419273249904,0.289431218985549,0.58880750268482,0.555990412311148,0.994277373720757,"Gene1639"
383.589067089301,-0.0264327037534876,0.260704828696043,-0.101389390774598,0.919241358010395,0.995066989634656,"Gene1640"
245.30666768875,0.301091842509534,0.269608425547209,1.11677460338424,0.264090710286919,0.95794362182403,"Gene1641"
31.6959859115303,0.419620947989252,0.415376175191745,1.0102191051173,0.312390327914901,0.95794362182403,"Gene1642"
25.4959977160604,-0.130876907877181,0.319645204852553,-0.409444302277436,0.682213633433665,0.994277373720757,"Gene1643"
392.266998409278,0.274599828911978,0.247349715096956,1.11016836548342,0.2669264818297,0.95794362182403,"Gene1644"
379.066395229382,0.357107825313715,0.319113510337206,1.11906206959511,0.26311366009512,0.95794362182403,"Gene1645"
72.630504569567,0.3661161795809,0.337665391379673,1.08425734152079,0.278250713674403,0.95794362182403,"Gene1646"
474.545738994176,0.28398815349078,0.2535792515393,1.11991873060154,0.262748395664383,0.95794362182403,"Gene1647"
49.1419560006936,0.104171643481363,0.319145840730573,0.326407648750483,0.744115951295393,0.994277373720757,"Gene1648"
15.8242763589855,-0.0319868010073776,0.39704988411761,-0.0805611644452785,0.935790952058783,0.996153761063347,"Gene1649"
59.1018605657196,-0.0101260926471033,0.269498222560582,-0.0375738754448629,0.970027437583432,0.998127746690025,"Gene1650"
53.8118546145579,0.286501288171611,0.264587142416858,1.08282392543561,0.278886583747732,0.95794362182403,"Gene1651"
9.29333155095179,-0.635883911670168,0.485015947192266,-1.31105774016559,0.189838256806284,0.932523081212241,"Gene1652"
46.4430993748914,0.155674039802572,0.273708722228695,0.568758052483615,0.569520345297161,0.994277373720757,"Gene1653"
35.2153093239278,-0.61830926803828,0.360066728594145,-1.71720744777621,0.0859412752268727,0.873824605647375,"Gene1654"
99.5751927246343,0.47955256087332,0.315094979563311,1.52193018605986,0.12802657461396,0.921592508351087,"Gene1655"
16.7301280844004,-2.39938089062201,0.367726430578876,-6.52490735257974,6.80435802087429e-11,9.38532140810247e-09,"Gene1656"
75.9687276014863,0.533951259786276,0.251285319389892,2.12488043902717,0.0335965905674881,0.735970949597725,"Gene1657"
120.500606570191,0.0893486218848053,0.276133635065024,0.323570223032647,0.74626343469948,0.994277373720757,"Gene1658"
37.2871969403765,-0.213681428804496,0.313021427259145,-0.682641538873289,0.494833379192551,0.987301698596324,"Gene1659"
50.5174805308155,-0.328814235970124,0.32559756671589,-1.00987927915641,0.312553131189729,0.95794362182403,"Gene1660"
1043.51697368818,-0.149019888480353,0.304645646794618,-0.489158108931777,0.624729764610294,0.994277373720757,"Gene1661"
318.216692020449,0.191773339308177,0.272893153567326,0.702741482522627,0.482216870906004,0.984915063210876,"Gene1662"
313.835127283274,-0.0137210535720125,0.250562061468718,-0.0547610978756475,0.956328793270276,0.997510641223454,"Gene1663"
50.6616937763786,0.093233635349834,0.354524428531894,0.262982259744187,0.792564252659007,0.994277373720757,"Gene1664"
17.6847347281888,0.464262250894065,0.34384379446353,1.35021267904053,0.176947772323629,0.922991707713332,"Gene1665"
107.129441801857,-0.210803844899808,0.332239564214525,-0.634493502898086,0.525758805575979,0.994277373720757,"Gene1666"
75.1878974498567,-0.195299581972813,0.329447299537847,-0.592809782465304,0.553308460195549,0.994277373720757,"Gene1667"
4320.07305736504,0.68733031176539,0.231075299680583,2.97448629392882,0.00293479566333672,0.209628261666908,"Gene1668"
4.68755200206033,-0.301614998548002,0.497154851163771,-0.606682199403188,0.544061837582658,0.994277373720757,"Gene1669"
33.6798075321556,0.640504093405295,0.349633639665978,1.83192925605557,0.0669619611463967,0.863016508035341,"Gene1670"
308.21736189584,-0.523166518249841,0.281379705395203,-1.85929016278926,0.0629860206070272,0.853251143667034,"Gene1671"
2.74496551301634,-0.877949021483081,0.663619974426575,-1.32296955383494,0.18584550300055,0.930856805539278,"Gene1672"
44.7629787814529,0.302335399150992,0.243492662475436,1.24166123150217,0.214361579581189,0.937201247950648,"Gene1673"
94.7567070563159,-0.26346137650772,0.380796472034844,-0.691869268378128,0.489019431485926,0.9852420159146,"Gene1674"
35.8476619769282,0.0380094271918223,0.264746904522799,0.143568920136512,0.885840884487976,0.994277373720757,"Gene1675"
13.7118714229372,-0.103386908233068,0.432437218743055,-0.239079579074109,0.81104387620797,0.994277373720757,"Gene1676"
45.3434809336572,0.00476284846467899,0.42449458703723,0.0112200452258329,0.991047886972571,0.999775694831997,"Gene1677"
247.940426210249,0.283286700214641,0.309182287843442,0.916244918784245,0.359538450633858,0.964952994866733,"Gene1678"
7.67052824059777,-0.091900969995189,0.448896951488115,-0.204726206516959,0.837786044211385,0.994277373720757,"Gene1679"
286.754004744809,0.10430185001424,0.362863690964725,0.287440856198478,0.773774781728361,0.994277373720757,"Gene1680"
176.650815269224,-0.247180025312198,0.284218563764421,-0.869682901913039,0.384473718682588,0.978706191438438,"Gene1681"
11.0653648955062,-0.020462671413674,0.409640848223222,-0.0499527122415376,0.960160071406931,0.997510641223454,"Gene1682"
9.20807092839609,-0.0519689892340486,0.38551768055362,-0.134803127989925,0.892767532636233,0.994277373720757,"Gene1683"
45.3450180408537,-0.0830338889938475,0.307086086653483,-0.270392872235671,0.78685802308216,0.994277373720757,"Gene1684"
79.8253214527466,-0.31671347404109,0.324415375766303,-0.976259134737312,0.328936065368913,0.95794362182403,"Gene1685"
206.026023969037,-0.113605691569681,0.287497497443361,-0.395153671179564,0.692729481222337,0.994277373720757,"Gene1686"
27.95265706825,-2.89629576730209,0.338869716737257,-8.54693005674431,1.26405742641828e-17,2.29828622985142e-15,"Gene1687"
89.3198512216697,0.0334954525029989,0.266586772590822,0.125645590655056,0.900012472774014,0.994566617513272,"Gene1688"
563.464261265675,1.73422711901807,0.178386281884155,9.72175158706591,2.43555238756936e-22,6.95872110734103e-20,"Gene1689"
237.495390869713,0.312391896339322,0.27674773836117,1.12879656465931,0.258983662184542,0.95794362182403,"Gene1690"
150.533118925317,-0.225554893523575,0.300779891307984,-0.749900176314042,0.453314828301181,0.984915063210876,"Gene1691"
75.3075775747921,-0.168020610434582,0.310166452719214,-0.541711100480253,0.588017541516703,0.994277373720757,"Gene1692"
88.0542695545947,-0.070607399520198,0.312512369067186,-0.225934735738471,0.821252181037012,0.994277373720757,"Gene1693"
199.162204966679,-0.0525916740762924,0.287317626946699,-0.183043674121841,0.854763750482847,0.994277373720757,"Gene1694"
200.263541371894,0.402921764424843,0.287178346911282,1.40303671484438,0.160605890914543,0.922991707713332,"Gene1695"
58.5509382799465,-0.576708848624216,0.314635713618594,-1.83294147378104,0.0668112751714627,0.863016508035341,"Gene1696"
85.1522659719955,-0.180631892447332,0.246510306803471,-0.732755943512492,0.463707296394849,0.984915063210876,"Gene1697"
432.941994506014,-0.176114989059084,0.313772306292003,-0.561282769471654,0.574604785876863,0.994277373720757,"Gene1698"
324.508083461647,-0.276995008199658,0.289238556514644,-0.957669722658962,0.33822932887947,0.963476060844946,"Gene1699"
16.7282713018359,0.350210363167085,0.338676913719638,1.03405443058039,0.301110717994686,0.95794362182403,"Gene1700"
293.233321279698,-0.142721699569249,0.31785257824156,-0.449018536702836,0.653418284725981,0.994277373720757,"Gene1701"
45.9660984025364,-0.229672974457079,0.277283468442253,-0.828296673246894,0.407502506415175,0.982830442885154,"Gene1702"
5.89384755413202,-0.199912773062032,0.478662415039731,-0.417648778723181,0.676203927216291,0.994277373720757,"Gene1703"
280.388442939575,-0.0858732975716764,0.289026882835945,-0.297111800567074,0.766381155404001,0.994277373720757,"Gene1704"
64.76448801767,0.071489956930985,0.266027017506293,0.268731941594218,0.788135969805818,0.994277373720757,"Gene1705"
175.334564133426,-0.170485578805166,0.261842203589878,-0.651100458473824,0.514981640584054,0.993765320745238,"Gene1706"
549.072378978076,-0.0920354598164157,0.28659250321289,-0.321137010859104,0.748106563874322,0.994277373720757,"Gene1707"
242.006596380168,-0.153504942587747,0.321069643734764,-0.478104814899778,0.632575605260738,0.994277373720757,"Gene1708"
31.58406754525,-0.12371298228161,0.336326071927168,-0.367836431986158,0.712995201813552,0.994277373720757,"Gene1709"
37.0952771045729,0.697291473065088,0.321787011497275,2.16693479895472,0.030239826062217,0.703251768888767,"Gene1710"
18.4976555285831,0.112629821649915,0.322839539449429,0.348872451751089,0.727185067657157,0.994277373720757,"Gene1711"
19.4589359485355,-0.229754636755732,0.391712619790717,-0.586538766298835,0.557513518307851,0.994277373720757,"Gene1712"
101.421761685615,0.0851178945654301,0.310383974672371,0.274234179310569,0.783904663266786,0.994277373720757,"Gene1713"
38.7506179017007,0.0230946805958947,0.325911913663538,0.0708617256003013,0.943507805311714,0.997510641223454,"Gene1714"
123.500527299805,0.451364720015049,0.304367257604056,1.48296082689097,0.138084818863918,0.922991707713332,"Gene1715"
143.90672861879,0.199892360423078,0.393816189533363,0.507577813547818,0.611749453181725,0.994277373720757,"Gene1716"
73.2911835732978,0.161824978829258,0.300342630745536,0.538801229873902,0.590024014910324,0.994277373720757,"Gene1717"
36.3325173123139,0.035057497611013,0.336576740912928,0.104159002538094,0.917043168182524,0.994707139491256,"Gene1718"
6.69505394758832,0.0333863108086722,0.444596192064273,0.0750935599642871,0.940140271762777,0.997386881575259,"Gene1719"
55.4057861333878,-0.111334491303662,0.290107927708847,-0.383769213695525,0.701149507972408,0.994277373720757,"Gene1720"
17.9198430111863,0.363271159697266,0.383185962165628,0.948028361070926,0.343115016243157,0.963476060844946,"Gene1721"
123.661385184178,-0.574926414337737,0.34792216084439,-1.65245701205815,0.0984414215412046,0.884430499924414,"Gene1722"
120.582213074284,0.242976605341433,0.295892181105509,0.821166022142345,0.411551707590984,0.982830442885154,"Gene1723"
80.050317195711,-0.20230111110263,0.267085701948122,-0.757438940486317,0.448786934039714,0.984915063210876,"Gene1724"
14.6996971446148,0.315461494301253,0.358909450439325,0.878944519056576,0.379431358593313,0.974056235053783,"Gene1725"
26.221280045639,0.292310853537847,0.382219829220174,0.764771556028988,0.444407588098668,0.984915063210876,"Gene1726"
29.0986870204911,-0.111926023134915,0.365216039175509,-0.306465245577913,0.759250437597107,0.994277373720757,"Gene1727"
68.5140503828281,0.433828134684539,0.307808446785144,1.40940945323492,0.158714130397197,0.922991707713332,"Gene1728"
861.422465410615,0.038487191307867,0.279487915593763,0.137706101625547,0.890472696946776,0.994277373720757,"Gene1729"
22.2799310802591,0.502169438170882,0.356742401923672,1.40765279221932,0.159233906916154,0.922991707713332,"Gene1730"
3.95758593954863,-0.536076295874678,0.540943241862557,-0.991002852774126,0.321684187269356,0.95794362182403,"Gene1731"
45.5464398715881,0.255841566638173,0.330334060916767,0.77449345044269,0.438639039853515,0.984915063210876,"Gene1732"
20.2064034006109,0.230737201060721,0.324953765077228,0.710061632939948,0.477665917162393,0.984915063210876,"Gene1733"
3.5513572938834,0.3930406727994,0.578831481418643,0.679024354093712,0.49712243092796,0.987824005818103,"Gene1734"
18.0176267762999,-0.431058034005799,0.34118978262197,-1.26339666649221,0.206446661547048,0.937201247950648,"Gene1735"
39.960817621562,0.0743713233393284,0.291452928426172,0.255174390392743,0.798588409973582,0.994277373720757,"Gene1736"
12.2755661785437,0.225388048928476,0.3777738874038,0.596621567672199,0.550760068311254,0.994277373720757,"Gene1737"
138.980271010234,-0.407411885066307,0.309027694420666,-1.31836690504417,0.187380853939979,0.930856805539278,"Gene1738"
168.813517543563,0.178636865691848,0.291578005940162,0.612655488591648,0.540104159968625,0.994277373720757,"Gene1739"
32.0879085273809,-0.314439800873128,0.328170340519484,-0.958160327272048,0.33798191895265,0.963476060844946,"Gene1740"
8.32922436656665,0.139347229746694,0.480829970737594,0.289805624081492,0.771964945034546,0.994277373720757,"Gene1741"
109.142103604627,-0.041684687438206,0.306356847433471,-0.136065793167095,0.89176926908426,0.994277373720757,"Gene1742"
19.794569664112,-0.179781993497469,0.365054961057774,-0.492479250183416,0.622380587068367,0.994277373720757,"Gene1743"
16.6592615071967,0.426984317114538,0.62716030496165,0.680821655542513,0.495984345645421,0.987824005818103,"Gene1744"
64.5860520323963,-0.163044766635972,0.305503425413308,-0.533692106448211,0.593554571301661,0.994277373720757,"Gene1745"
15.3385885180972,-0.493542839070003,0.385102362906791,-1.28158870629796,0.199986964029723,0.937201247950648,"Gene1746"
36.4862803101872,0.0259892518197376,0.315925908694149,0.0822637558507368,0.934436975340463,0.995673949128029,"Gene1747"
18.4440464452438,-0.100390435129922,0.420997200002006,-0.238458676517193,0.811525362345408,0.994277373720757,"Gene1748"
83.0373266329563,-0.169838621259286,0.292527248552995,-0.580590772652476,0.561516292687329,0.994277373720757,"Gene1749"
21.1564261093273,0.533696839784755,0.375957819320263,1.41956573944834,0.155734145556102,0.922991707713332,"Gene1750"
16.076547489295,0.724652857638924,0.432230427463387,1.67654290766077,0.0936318990268076,0.875644203642267,"Gene1751"
13.6512776249847,0.221562524595171,0.355472974614474,0.623289364924197,0.533094385270201,0.994277373720757,"Gene1752"
54.7480336062315,0.332950275121007,0.246269577526245,1.35197484994071,0.176383360952037,0.922991707713332,"Gene1753"
237.063531169958,0.173344883150047,0.305606474001596,0.567216004557357,0.570567435731826,0.994277373720757,"Gene1754"
18.9185896433286,-0.321970289318554,0.380508694397637,-0.846157509825756,0.397464881880075,0.980364826863959,"Gene1755"
70.3431480901528,0.25587540614768,0.297795543336797,0.859231818181688,0.390212632218458,0.978706191438438,"Gene1756"
23.3493359092274,-0.495626202767077,0.329020084294325,-1.50637066375472,0.131972047236819,0.921592508351087,"Gene1757"
18.9893240182585,0.407325547097031,0.323200146793013,1.26028886786952,0.207565174338729,0.937201247950648,"Gene1758"
214.070631921245,0.524083456357929,0.294055330661488,1.78226136958301,0.074706619167234,0.873824605647375,"Gene1759"
23.9021186984258,-0.393734644124397,0.313639644832628,-1.25537268840651,0.209343499138263,0.937201247950648,"Gene1760"
347.712763812716,0.382887808883663,0.294950074274406,1.2981444735201,0.194237694367366,0.934198910468991,"Gene1761"
19.0761070215602,0.543313355756068,0.380651132565677,1.4273262556557,0.153485876027158,0.922991707713332,"Gene1762"
113.126262423219,0.312751003379556,0.262893256524217,1.18965015502688,0.23418392408707,0.948113052984091,"Gene1763"
171.691146759648,0.0149525558684566,0.2369570573296,0.0631023867234226,0.949684973758474,0.997510641223454,"Gene1764"
788.441436373926,-0.126514803043216,0.328036048044767,-0.38567347642827,0.699738508669697,0.994277373720757,"Gene1765"
18.3466152539265,0.0635117794550247,0.337808664465604,0.188011102543793,0.850867947814206,0.994277373720757,"Gene1766"
72.9966380562412,-0.337785867635608,0.41435590563489,-0.815207079329642,0.414953786291414,0.982830442885154,"Gene1767"
158.947378097225,-0.0628148743930723,0.261835910363203,-0.239901678520488,0.81040647958177,0.994277373720757,"Gene1768"
28.6473745235781,0.0577886769404337,0.358818544193311,0.161052648687244,0.872051934168175,0.994277373720757,"Gene1769"
102.424898888782,0.0858410004711837,0.270520559847227,0.317317842753472,0.751002439863042,0.994277373720757,"Gene1770"
34.6348921261047,0.0865759432507479,0.364964672444447,0.237217324819092,0.812488196590502,0.994277373720757,"Gene1771"
15.0325508510052,-0.662750775335412,0.398047051877396,-1.66500611475336,0.0959115358910178,0.881945157618555,"Gene1772"
2.98906721527279,0.390414898642783,0.608858340691141,0.641224522274929,0.521376819483214,0.994277373720757,"Gene1773"
93.419461880919,-0.342132202879789,0.322148084536486,-1.0620339505419,0.288220272777398,0.95794362182403,"Gene1774"
34.8442131031091,-0.0551723886150376,0.367239461489987,-0.150235457788737,0.880578852079789,0.994277373720757,"Gene1775"
395.604861597647,0.343058317812329,0.325208193758729,1.05488829739279,0.291476415069065,0.95794362182403,"Gene1776"
12.2758119345519,-0.26768675883924,0.364380321244632,-0.734635607995758,0.462561445926652,0.984915063210876,"Gene1777"
32.3252554248076,0.1864170952979,0.310202957375674,0.600952024684077,0.547871940677932,0.994277373720757,"Gene1778"
132.154269291633,-0.121770796321964,0.346251531120552,-0.351683055170572,0.725075969786457,0.994277373720757,"Gene1779"
36.4291938651622,0.352829840582292,0.265956296047637,1.32664594080185,0.184625831261298,0.928101397035513,"Gene1780"
103.047959198474,-0.17353460171801,0.277174324263998,-0.626084693013357,0.531259391675671,0.994277373720757,"Gene1781"
292.690928781947,0.0711743429103034,0.301599662122301,0.235989465006236,0.813440845040706,0.994277373720757,"Gene1782"
679.275385139761,-0.0451524314428961,0.288722372703965,-0.156387019890531,0.875727967918853,0.994277373720757,"Gene1783"
55.2768832354782,-0.374981305165196,0.249201652208308,-1.50473041347154,0.132393400546894,0.921592508351087,"Gene1784"
20.4345964590242,-0.616758517953298,0.368691431408034,-1.67283116832386,0.0943605371560079,0.877772438660539,"Gene1785"
15.7551162973277,0.160946141310404,0.352962403534497,0.455986642482941,0.648399583591958,0.994277373720757,"Gene1786"
106.42347587404,3.15424311529615,0.239845255692426,13.1511590929324,1.67585586621034e-39,3.35171173242067e-36,"Gene1787"
30.3008406052976,-0.0880791594376712,0.366187033019151,-0.24053052537517,0.80991900190566,0.994277373720757,"Gene1788"
10.0868401571714,-0.351140256456244,0.402707385509707,-0.871948886688049,0.383236262411347,0.97702042679757,"Gene1789"
105.371434249547,0.373493260887067,0.332381432976113,1.12368870169083,0.261145111153435,0.95794362182403,"Gene1790"
262.943460787049,0.165285966174635,0.317735893555215,0.520199226864849,0.602924724145833,0.994277373720757,"Gene1791"
32.5974424500804,0.0276776863673696,0.337448534777163,0.082020466871035,0.934630438080376,0.995673949128029,"Gene1792"
14.2033874255192,-0.36588230414917,0.407567032123416,-0.897723013176338,0.369333237316929,0.965773320271778,"Gene1793"
10.4268789770482,0.381747274008869,0.371416537046399,1.02781442378582,0.30403713006701,0.95794362182403,"Gene1794"
117.953135875678,0.193723013740563,0.284615105297881,0.680649094635405,0.49609355411058,0.987824005818103,"Gene1795"
49.6661902156334,0.135095130570222,0.329913803723997,0.409486141668815,0.682182934864805,0.994277373720757,"Gene1796"
5.98200851989382,0.312862370999913,0.468011551978496,0.668492838856867,0.503819051544954,0.991483155252957,"Gene1797"
47.4902369412987,-0.079125506798018,0.326981401568197,-0.241987790187862,0.808789624134432,0.994277373720757,"Gene1798"
52.1705356955521,-0.163554208740626,0.329670759229213,-0.496113786745978,0.619814132715533,0.994277373720757,"Gene1799"
20.7558090173933,0.145847605536611,0.334255261604521,0.436336005113279,0.662592962349506,0.994277373720757,"Gene1800"
12.7595142478387,-0.0380785023203307,0.392537285744114,-0.0970060773924879,0.922721568153055,0.995212746821085,"Gene1801"
32.1978602368914,-0.0665620768547973,0.332284726493355,-0.200316389974453,0.841233144978723,0.994277373720757,"Gene1802"
19.4658909162038,-0.0606871819305794,0.352382691007817,-0.172219531433322,0.863264943425809,0.994277373720757,"Gene1803"
22.9519691740651,-0.619983646948896,0.328753178703754,-1.88586358128441,0.0593133402675261,0.848989930934339,"Gene1804"
2.82415887453155,0.582946819939276,0.622615117566535,0.93628760929818,0.349125126026156,0.963476060844946,"Gene1805"
43.5360523318478,-0.0493476647698762,0.288947694893776,-0.170784074910228,0.864393551479984,0.994277373720757,"Gene1806"
141.308661769355,0.227783512159015,0.281920816333729,0.807969823304471,0.419107954126146,0.984915063210876,"Gene1807"
280.77503177849,-0.200667740031109,0.270878289323375,-0.74080407304829,0.45881224521291,0.984915063210876,"Gene1808"
578.844223883136,0.203376098954563,0.242865429886621,0.837402420960065,0.402366405391798,0.982830442885154,"Gene1809"
74.2434795772961,-0.250785161640483,0.337315842018904,-0.743472823984436,0.457195468757668,0.984915063210876,"Gene1810"
13.6505568541643,0.120452117229006,0.383474897443572,0.314106915555614,0.75343983730895,0.994277373720757,"Gene1811"
88.5482650561564,0.314390061198089,0.333294627380826,0.943279715213842,0.345537848628064,0.963476060844946,"Gene1812"
185.955494821762,0.145975297956843,0.344208990004052,0.424089149894443,0.671500798100984,0.994277373720757,"Gene1813"
517.109603603994,0.0844852016586503,0.276397950099646,0.305665080468911,0.759859663277118,0.994277373720757,"Gene1814"
133.511019501483,-0.327305584109795,0.310562105524502,-1.05391346299966,0.291922538492129,0.95794362182403,"Gene1815"
273.591418866822,0.286128785982049,0.24169758612063,1.18382972115925,0.236480474530978,0.948275547579697,"Gene1816"
106.992341913579,0.0520041121026856,0.357216779176955,0.145581381206408,0.884251867019281,0.994277373720757,"Gene1817"
11.7112494938134,-0.462051670502522,0.387772927652875,-1.19155216249686,0.233436891863732,0.948113052984091,"Gene1818"
19.1505114686502,-0.184849487882141,0.341710515442333,-0.540953466541289,0.58853965692322,0.994277373720757,"Gene1819"
558.21487123308,0.0926303767953164,0.281171828856341,0.329444017105441,0.741820102065731,0.994277373720757,"Gene1820"
133.416157858512,0.246546323958852,0.308719766605941,0.798608805226102,0.424517280362042,0.984915063210876,"Gene1821"
20.5833326501008,-0.378471399838875,0.400479369128317,-0.945045934982007,0.344635425300895,0.963476060844946,"Gene1822"
23.4096669904508,-0.0795819347044403,0.419556552310629,-0.189681067465536,0.849559057441343,0.994277373720757,"Gene1823"
16.5616348279516,-0.355209920664224,0.350903817628124,-1.01227146249137,0.311408275689781,0.95794362182403,"Gene1824"
57.5796682643177,0.123273175230974,0.277070281297052,0.44491662784581,0.656380005721526,0.994277373720757,"Gene1825"
37.7913935463009,0.409223723846219,0.265752141456587,1.53986990134215,0.123592068808528,0.918506127595565,"Gene1826"
15.978985331828,-0.0591932965381501,0.328527402390465,-0.180177653697809,0.857013101089895,0.994277373720757,"Gene1827"
231.632722229086,-0.023028202074388,0.326515252761672,-0.0705271863400408,0.943774062850771,0.997510641223454,"Gene1828"
49.7230547729011,0.167126914819849,0.30223239227742,0.552974860042278,0.580280624970479,0.994277373720757,"Gene1829"
125.380453094485,0.0139288794354812,0.296462765240764,0.0469835711886763,0.96252632136,0.997510641223454,"Gene1830"
39.7442395539097,0.293602547087589,0.278853302390994,1.05289248708955,0.292390269780879,0.95794362182403,"Gene1831"
61.5468895576396,-0.00948746562826858,0.309451909773422,-0.0306589338395591,0.975541541802492,0.998762776352692,"Gene1832"
209.611309137875,-0.0588848514550516,0.295964277101349,-0.198959320468555,0.842294565936753,0.994277373720757,"Gene1833"
98.213914588937,-0.30704324687031,0.242909080708094,-1.26402539573762,0.206220911910193,0.937201247950648,"Gene1834"
148.985685813955,-0.102269261211685,0.35304147464766,-0.289680585868137,0.772060610035063,0.994277373720757,"Gene1835"
5.16594643359016,0.451856886587327,0.549634597353759,0.822104155675085,0.411017620550067,0.982830442885154,"Gene1836"
63.7910432285282,-0.0366407791370604,0.299699247104087,-0.122258495779053,0.902694300923848,0.994566617513272,"Gene1837"
44.1727822174878,-0.281979270376229,0.359314730185959,-0.784769581336935,0.43258867795286,0.984915063210876,"Gene1838"
24.3805918365146,0.3823360572447,0.331602302505928,1.1529957854797,0.248912114365194,0.95794362182403,"Gene1839"
29.9697035732776,0.242129187380363,0.298372781211997,0.811498912189068,0.41707921733945,0.9842577400341,"Gene1840"
448.607995078336,-0.147001344464197,0.348146291999994,-0.42224015548096,0.672849734325244,0.994277373720757,"Gene1841"
83.4141346084618,-0.443785390947221,0.320834051039466,-1.38322409828198,0.166596162821963,0.922991707713332,"Gene1842"
43.6042404860428,-0.292166652665009,0.333687427922442,-0.87556985435159,0.381263919561869,0.975099538521405,"Gene1843"
164.191327638264,0.212992063887849,0.354416169320529,0.60096598949249,0.547862639200386,0.994277373720757,"Gene1844"
24.1412649482469,0.260108431433085,0.281353199332915,0.92449075414745,0.355230863122147,0.963476060844946,"Gene1845"
62.8755083364444,-0.190559133474444,0.318263149652224,-0.598747086122517,0.549341552675012,0.994277373720757,"Gene1846"
337.009637785437,-0.328186812006712,0.302715440747369,-1.08414295351587,0.278301420467553,0.95794362182403,"Gene1847"
36.6483983813122,0.201717040248575,0.340869394928625,0.591772224933284,0.554003124702233,0.994277373720757,"Gene1848"
21.6440125795974,0.52166668465788,0.418051089870341,1.2478539042194,0.212084564074406,0.937201247950648,"Gene1849"
29.423497491823,0.190133899541882,0.344570946124354,0.551798988511537,0.581086080369225,0.994277373720757,"Gene1850"
12.7787911698056,0.219317507115181,0.438766110609779,0.499850607902199,0.617180272935834,0.994277373720757,"Gene1851"
64.3973282430726,-0.471256747580526,0.301330068254887,-1.56392208155577,0.117835868112104,0.916850469645478,"Gene1852"
78.8585100487479,-0.416315488768748,0.294721488917229,-1.4125725623138,0.15778144126187,0.922991707713332,"Gene1853"
143.856775533507,-0.144973103976059,0.296449934846229,-0.489030648805026,0.624819998545259,0.994277373720757,"Gene1854"
539.787599488833,-0.239729309457377,0.215288386322178,-1.11352643564629,0.265482401180804,0.95794362182403,"Gene1855"
278.881034791086,-0.575023651807704,0.267934775748032,-2.14613295419502,0.0318623727722721,0.724144835733456,"Gene1856"
11.6330857708522,-0.244240837648883,0.448391178823883,-0.544704822894866,0.58595654727679,0.994277373720757,"Gene1857"
525.852487097319,-0.182689858893454,0.332174299228282,-0.549981920087994,0.582331774427792,0.994277373720757,"Gene1858"
64.1457397889609,-0.00191495797407033,0.323420222055084,-0.00592095930768417,0.995275785586668,0.999775694831997,"Gene1859"
33.6884046588345,-0.259561317235727,0.339247565094352,-0.765108858374673,0.444206725400403,0.984915063210876,"Gene1860"
476.735977110646,0.0297309098929998,0.318788061707006,0.0932623064169983,0.925695176648882,0.995212746821085,"Gene1861"
73.5431491218986,0.00608702882492627,0.286816125661038,0.0212227566037203,0.983067961224698,0.999775694831997,"Gene1862"
382.849466155625,0.281733198531617,0.322923623231698,0.872445303666969,0.382965494776973,0.97702042679757,"Gene1863"
54.3230314927973,0.055178045450695,0.309648600253366,0.178195688291652,0.858569295778519,0.994277373720757,"Gene1864"
17.849980521787,0.169671232628337,0.322916714908532,0.525433416094294,0.599281928861527,0.994277373720757,"Gene1865"
4.12340023019338,0.396576771552188,0.544653812855909,0.728126311046508,0.466536268959909,0.984915063210876,"Gene1866"
191.228365107436,0.260415455508708,0.294724391963787,0.883589762535519,0.3769177074169,0.971168238156084,"Gene1867"
17.2635554344396,-0.29873134598753,0.578306467205131,-0.516562347004787,0.605461705819472,0.994277373720757,"Gene1868"
150.6928367725,0.0980120076814373,0.280667179364485,0.349210790885369,0.726931065600318,0.994277373720757,"Gene1869"
50.0993527959611,0.0534115363378369,0.275804821352077,0.193657007430101,0.846444457568824,0.994277373720757,"Gene1870"
94.2818910685343,0.180352357790572,0.324132706895693,0.556415177961692,0.577927065361281,0.994277373720757,"Gene1871"
279.512031056948,-0.283357879390136,0.284476417104015,-0.996068082812395,0.319217066415348,0.95794362182403,"Gene1872"
32.6908009555133,-0.11016779710985,0.325006809494446,-0.338970735047729,0.734631776440109,0.994277373720757,"Gene1873"
28.4957263441583,-0.158205118208276,0.321794638798022,-0.491633791038934,0.622978251031282,0.994277373720757,"Gene1874"
34.0621242211115,-0.0306617320130952,0.323400547627941,-0.0948103898957225,0.924465434107491,0.995212746821085,"Gene1875"
225.496060649553,-0.445666926377892,0.37010586399818,-1.20416067328261,0.228527482834217,0.940987103757509,"Gene1876"
33.7916494611337,-0.0846998593304558,0.346900389730637,-0.244161903064519,0.80710543119722,0.994277373720757,"Gene1877"
51.2209198483182,0.216685207721827,0.373052368517375,0.58084394044461,0.561345637546412,0.994277373720757,"Gene1878"
149.141467201325,-0.263722955474022,0.297551795928098,-0.886309405901719,0.375450821905328,0.968905346852459,"Gene1879"
133.281354132756,-0.272091878391935,0.290904646118636,-0.935330122850535,0.349618195997047,0.963476060844946,"Gene1880"
148.165851091514,0.0707882462807541,0.258024495881505,0.274346999647905,0.783817969013273,0.994277373720757,"Gene1881"
56.3439867428664,0.0587686484001465,0.348904186209844,0.168437785280114,0.866238884371789,0.994277373720757,"Gene1882"
120.880390946244,0.372110138305371,0.320930186524149,1.15947378567136,0.246263115857245,0.95794362182403,"Gene1883"
77.2104302850132,-0.0563390109279589,0.24462037531858,-0.230312012458431,0.817849326901072,0.994277373720757,"Gene1884"
30.1922981494987,0.23068956643266,0.301632298576802,0.764803926904139,0.444388309075814,0.984915063210876,"Gene1885"
442.311190174315,-0.459970252345977,0.28407039331417,-1.6192122205332,0.105401609520552,0.899911941041004,"Gene1886"
7.09734036142736,0.664486710381489,0.453523962736577,1.46516339814099,0.142876343062092,0.922991707713332,"Gene1887"
135.143971344585,0.10932084932566,0.256688177888337,0.425889693187257,0.670188225562776,0.994277373720757,"Gene1888"
67.380078626723,-0.656836699889998,0.269974079581333,-2.43296208624398,0.0149758689283844,0.50507907055879,"Gene1889"
49.4919583733395,-0.273924269698993,0.350248907298136,-0.782084580397634,0.434164868064872,0.984915063210876,"Gene1890"
30.1990566430371,-0.0166524873878035,0.283741824593755,-0.0586888711653475,0.953199923583061,0.997510641223454,"Gene1891"
39.897259886219,0.26753019629629,0.287040143436163,0.932030597162057,0.351320713107579,0.963476060844946,"Gene1892"
349.104043218557,0.616045895862869,0.296421114167664,2.07827940189988,0.0376836324915383,0.769053724317108,"Gene1893"
42.964013781506,0.345317031200474,0.352955415742682,0.978358783570058,0.327896905730488,0.95794362182403,"Gene1894"
34.6091771443857,-0.379043443519257,0.364204967188713,-1.04074210312144,0.297995257041842,0.95794362182403,"Gene1895"
18.0077377622937,0.0656062889181754,0.354777007855191,0.184922606216223,0.853289739583932,0.994277373720757,"Gene1896"
29.4650739708742,-0.456185173132073,0.333535877112735,-1.3677244471601,0.171398344607536,0.922991707713332,"Gene1897"
44.0571050238544,-0.609662450233621,0.323697230587436,-1.88343424850199,0.0596415426481373,0.848989930934339,"Gene1898"
11.8801723725922,-0.298665062507652,0.413332920516695,-0.722577485805631,0.469939504430767,0.984915063210876,"Gene1899"
202.171858921188,-0.199482208676328,0.277159856398475,-0.719737018442996,0.471686929294571,0.984915063210876,"Gene1900"
62.1810947662367,-0.319174873300266,0.305905889353596,-1.04337603298422,0.296774169246686,0.95794362182403,"Gene1901"
342.475861369504,0.201594749162525,0.273820866169636,0.736228586164918,0.461591598254947,0.984915063210876,"Gene1902"
175.611054044615,0.0679899911424582,0.341684063417745,0.198984964245561,0.842274506200773,0.994277373720757,"Gene1903"
254.87508121043,-0.0326449879252153,0.267590596791546,-0.121996020475435,0.90290216993081,0.994566617513272,"Gene1904"
12.8393114233586,-0.309306465410592,0.396135462158728,-0.780809836425741,0.434914347877177,0.984915063210876,"Gene1905"
86.3431413516947,-0.0181529888792736,0.237549946796106,-0.0764175665964459,0.939086894346728,0.997386881575259,"Gene1906"
38.6802966123372,-0.456510181687655,0.271512397881327,-1.68136035499634,0.0926929411821323,0.873824605647375,"Gene1907"
52.5722148866063,-0.490516905904051,0.385548631196391,-1.27225689890776,0.203281857140211,0.937201247950648,"Gene1908"
23.5722287071715,-0.238086205370965,0.327615072986056,-0.726725431772482,0.467394170880247,0.984915063210876,"Gene1909"
52.7918011513341,0.271944522177521,0.309742611303363,0.877969359892747,0.379960346750101,0.974257299359232,"Gene1910"
59.7794116153503,-0.416726761898739,0.245602432592802,-1.69675339734787,0.0897432927525281,0.873824605647375,"Gene1911"
4.52427718559604,-0.103075964071151,0.537595546902845,-0.191735152318475,0.847949669239247,0.994277373720757,"Gene1912"
138.153892369018,0.163798988535285,0.336436586194528,0.486864375804172,0.626354445906262,0.994277373720757,"Gene1913"
65.8925996887266,0.497151642642314,0.31115437098744,1.59776525415541,0.110095230109066,0.899911941041004,"Gene1914"
18.1799758199543,-0.559466562162117,0.332609309656043,-1.68205322557168,0.0925585193251185,0.873824605647375,"Gene1915"
12.2848674018544,0.695223244057553,0.410499075695387,1.6936048951629,0.0903403872417071,0.873824605647375,"Gene1916"
19.541707117075,-0.0957558064276741,0.373793597035897,-0.256172944606321,0.797817298811088,0.994277373720757,"Gene1917"
6.04843269752267,-0.349794956565455,0.475214210799245,-0.736078485483732,0.461682935067406,0.984915063210876,"Gene1918"
59.49866165167,-0.135406773526916,0.313927936627603,-0.431330753744106,0.666227891916769,0.994277373720757,"Gene1919"
325.718610014248,0.205023875977479,0.334156080301227,0.613557220903055,0.53950795970177,0.994277373720757,"Gene1920"
70.4179089923377,-0.343379672937213,0.290348215284158,-1.1826477824262,0.236948767012909,0.948275547579697,"Gene1921"
97.0780619699549,-0.214388078410229,0.278921907400258,-0.768631192897223,0.442112282492939,0.984915063210876,"Gene1922"
10.3394857320267,-0.182568868485878,0.381672096871792,-0.478339574682625,0.632408533537201,0.994277373720757,"Gene1923"
6.87110645155443,-0.377388626991107,0.497405990276931,-0.758713474240622,0.448023974838511,0.984915063210876,"Gene1924"
18.7266851145081,0.527909069771814,0.34330694530581,1.53771741874189,0.124117722755162,0.918506127595565,"Gene1925"
113.065708557092,-0.471539945356865,0.279514796257367,-1.68699457656863,0.0916043948078123,0.873824605647375,"Gene1926"
15.6667183161748,0.238208054986769,0.341469926621261,0.697596000162484,0.485429883725156,0.984915063210876,"Gene1927"
100.816094663859,0.066240133390027,0.337915189629683,0.196025912485966,0.844589884214758,0.994277373720757,"Gene1928"
40.0127405192731,0.415455259364101,0.283379107459575,1.46607582714391,0.142627630330985,0.922991707713332,"Gene1929"
81.215066521065,-0.0759696074720816,0.305537263371605,-0.248642691348861,0.803637182380423,0.994277373720757,"Gene1930"
10.340020549366,-0.0921194068777754,0.380452932224809,-0.242130889461359,0.808678743872892,0.994277373720757,"Gene1931"
15.7486702555745,0.161797965047532,0.334274988960221,0.484026536208445,0.628367036616001,0.994277373720757,"Gene1932"
38.7926807191519,-0.473642684301625,0.333472617567182,-1.42033456227093,0.155510303655868,0.922991707713332,"Gene1933"
37.3213363999317,-0.874559881103708,0.348945649796453,-2.50629254617118,0.0122004628794328,0.498590546462874,"Gene1934"
6.94841548857616,0.612721002511583,0.452161987239671,1.35509180294452,0.175388309990417,0.922991707713332,"Gene1935"
119.135846171474,0.0706053594793051,0.344045731546359,0.205220855849482,0.837399575598666,0.994277373720757,"Gene1936"
5.33044545808727,-0.444844370958555,0.53827483875668,-0.826426091150882,0.408562427902375,0.982830442885154,"Gene1937"
34.4852172705389,0.567352382442418,0.304867100945412,1.86098264024889,0.0627466282393057,0.853251143667034,"Gene1938"
57.6152999534566,0.0460769799945958,0.309247531239874,0.148997082724826,0.881555934918815,0.994277373720757,"Gene1939"
29.4824853285651,0.699163292620263,0.428118495162439,1.63310695641632,0.102446503801458,0.897257944015366,"Gene1940"
8.95987392678323,0.497537050416101,0.424945133513929,1.17082656365988,0.241668498064049,0.955211454798614,"Gene1941"
33.1320245863685,0.439521276960846,0.340053417304432,1.29250657277579,0.196181771198488,0.934198910468991,"Gene1942"
47.1171576587853,-0.216632749366432,0.331310825956504,-0.65386559204942,0.513198403394258,0.993765320745238,"Gene1943"
16.5589780317438,-0.384008279360287,0.372976071959323,-1.02957886103258,0.303207742678596,0.95794362182403,"Gene1944"
8.79761609943862,-0.0807831253591133,0.42053773576961,-0.192094831183877,0.84766792363451,0.994277373720757,"Gene1945"
10.5760140583104,0.376391882600846,0.42841777235511,0.87856271818915,0.379638417612212,0.974056235053783,"Gene1946"
26.8051410357741,0.31187185075598,0.348953620839513,0.893734387984506,0.371464021710617,0.965773320271778,"Gene1947"
34.3955543823669,0.14552428419132,0.322821660191141,0.450788475919354,0.652142007828345,0.994277373720757,"Gene1948"
284.660821003304,0.427056049535975,0.25102593749543,1.70124272334905,0.0888974183523291,0.873824605647375,"Gene1949"
13.5801057448572,-0.000902328572073553,0.373645840881005,-0.00241493005768775,0.998073166464398,0.999775694831997,"Gene1950"
97.2845670257472,0.250427594380388,0.337984218620508,0.740944637600286,0.458727008855765,0.984915063210876,"Gene1951"
32.6903275977104,-0.165912903661912,0.298645079900872,-0.555552107930197,0.578517078943288,0.994277373720757,"Gene1952"
57.0689717957319,-0.559470825375905,0.289698155167846,-1.93121984174099,0.0534558712640612,0.848989930934339,"Gene1953"
23.5983588777834,-0.399265602890559,0.324473272569567,-1.23050382464077,0.218508495671762,0.937201247950648,"Gene1954"
128.043555997374,0.191944659849055,0.351911902624566,0.545433838462205,0.585455172724903,0.994277373720757,"Gene1955"
6.6268262469375,-0.213544484812327,0.481404111319137,-0.443586749243115,0.657341387639917,0.994277373720757,"Gene1956"
68.9952474814006,0.0301886449506664,0.365684829524579,0.082553725266411,0.934206397502362,0.995673949128029,"Gene1957"
54.491885528468,-0.0503801102120614,0.303277958967041,-0.166118600849383,0.868063616172966,0.994277373720757,"Gene1958"
165.966651993432,-0.331901885260054,0.334334713543836,-0.992723375153018,0.320844780295263,0.95794362182403,"Gene1959"
38.8530483974595,0.366361100490879,0.292311895566382,1.25332258470364,0.210088332418724,0.937201247950648,"Gene1960"
94.4568242021064,-0.22686385546606,0.294098105259899,-0.77138836125985,0.440476771666673,0.984915063210876,"Gene1961"
95.3078377137249,0.292548698972548,0.255416390312038,1.1453795060495,0.252051984015543,0.95794362182403,"Gene1962"
26.1634965087519,-0.0183427131695935,0.362969309776712,-0.050535162823759,0.959695929308909,0.997510641223454,"Gene1963"
40.2111050813529,-0.0701202387110137,0.306657088031279,-0.228660094443542,0.819133113076492,0.994277373720757,"Gene1964"
52.2708900819516,-0.0405795909606403,0.286277837268262,-0.141748978362633,0.887278286365805,0.994277373720757,"Gene1965"
201.55743242379,-0.114655675935258,0.253427588193113,-0.452419867752874,0.650966536813312,0.994277373720757,"Gene1966"
64.3187960504268,0.0572959815750736,0.294769818267354,0.194375332969492,0.845882003006182,0.994277373720757,"Gene1967"
61.0412717344341,0.0681491314630692,0.309448183486875,0.220227925383701,0.825693649153234,0.994277373720757,"Gene1968"
844.21603506713,0.379454538329731,0.289532990573432,1.3105744446538,0.190001577796994,0.932523081212241,"Gene1969"
90.6423035392025,-0.541286563321899,0.280112955229101,-1.93238675047781,0.0533117881605383,0.848989930934339,"Gene1970"
81.4888294020335,-0.0392718336701012,0.284049718529784,-0.13825690049393,0.890037386738246,0.994277373720757,"Gene1971"
112.235163519472,-0.223128806608569,0.304537680077661,-0.732680456985384,0.463753346261097,0.984915063210876,"Gene1972"
339.169372492221,0.162986823311984,0.277772904856374,0.586762857220573,0.557362985518691,0.994277373720757,"Gene1973"
162.660962303319,-0.00921710309049324,0.2999437110196,-0.0307294427316428,0.975485310341114,0.998762776352692,"Gene1974"
81.7448083545464,0.393797377549312,0.269702138350913,1.46011959696418,0.144257207599518,0.922991707713332,"Gene1975"
27.3776301062213,-0.00907198075268781,0.307133165848148,-0.0295376135222503,0.97643582076643,0.999185276544855,"Gene1976"
65.2056208526565,0.493368335067198,0.281515634034037,1.75254328861731,0.0796804331269034,0.873824605647375,"Gene1977"
65.6971092168961,-0.346906193587239,0.279929117141121,-1.239264414971,0.215247592435612,0.937201247950648,"Gene1978"
7.2703288101023,0.451611371611353,0.432440924570901,1.04433078820991,0.296332373051534,0.95794362182403,"Gene1979"
8.64295151108229,-0.687607866416503,0.398540628258819,-1.7253143535719,0.0844708365971582,0.873824605647375,"Gene1980"
6.70133328868148,-1.13375544313079,0.457438560284685,-2.47848682110489,0.0131940985268737,0.498590546462874,"Gene1981"
305.443918158981,0.248200122618659,0.267110764513862,0.929202995882179,0.352783895141939,0.963476060844946,"Gene1982"
99.6308473595944,-0.289009879847131,0.281600530789111,-1.02631155927603,0.304744750400272,0.95794362182403,"Gene1983"
3.47535315718824,-0.757106064383595,0.615577979504001,-1.22991089608766,0.218730473496448,0.937201247950648,"Gene1984"
104.351752591671,-0.0190090336229107,0.265357513890395,-0.0716355581728971,0.942891941426373,0.997510641223454,"Gene1985"
52.0896429269323,-0.121176007540438,0.299345365244057,-0.404803352948669,0.685622063980641,0.994277373720757,"Gene1986"
39.8268877498442,0.273902622543592,0.324012248128265,0.845346508120778,0.397917401248621,0.980364826863959,"Gene1987"
16.6431387581187,0.168243225518914,0.373822484156685,0.450061814495877,0.652665869610907,0.994277373720757,"Gene1988"
12.9128583763053,-0.11008148214654,0.385865682333636,-0.285284458262237,0.775426218849473,0.994277373720757,"Gene1989"
179.436570129241,0.215417737909677,0.296553566160579,0.726404139052003,0.467591054553066,0.984915063210876,"Gene1990"
28.8208024882419,0.463527823387114,0.332313480701157,1.39485109785226,0.163060746369073,0.922991707713332,"Gene1991"
46.0890424138806,-0.0717872825126262,0.352282977911216,-0.203777323952105,0.838527513886714,0.994277373720757,"Gene1992"
84.2419269598559,0.0624111806318269,0.241591764997513,0.258333228504165,0.796149743717744,0.994277373720757,"Gene1993"
105.556631108418,0.742722637525506,0.32587339178381,2.27917545970811,0.0226566372679224,0.608231872964358,"Gene1994"
29.1579659991767,-0.279749016693024,0.331638801503287,-0.843535242031237,0.398929164406858,0.980364826863959,"Gene1995"
25.8786754519221,-0.0195851853032594,0.359673950314446,-0.0544526098877524,0.956574564365276,0.997510641223454,"Gene1996"
71.6558844714404,0.7416019352245,0.320901294595853,2.31099701906308,0.0208330195477354,0.574703987523734,"Gene1997"
12.2791185891706,-0.656889968036686,0.404723732909987,-1.62305769249955,0.104577072534829,0.899911941041004,"Gene1998"
79.890371431875,-0.686028730435028,0.312275301086808,-2.1968715682843,0.0280296199254451,0.675412528323979,"Gene1999"
65.5805078465625,0.55235332139882,0.29233308850087,1.88946562372181,0.0588294648292741,0.848989930934339,"Gene2000"
67.5396583669999,-0.124159161283742,0.295540171454635,-0.420109255106121,0.67440564190372,0.994277373720757,"Gene2001"
33.9899556243998,-0.21628317803336,0.327012126834125,-0.661391918786756,0.508361007083814,0.991959161080563,"Gene2002"
6.45699738976395,-0.144190228718129,0.497181679130856,-0.290015169042821,0.771804632867966,0.994277373720757,"Gene2003"
5.98145625266177,-0.00250542926435135,0.541688927501397,-0.00462521779041697,0.996309623292497,0.999775694831997,"Gene2004"
12.6839536207721,0.277285815978535,0.392426203411615,0.706593529096451,0.479819111371868,0.984915063210876,"Gene2005"
74.2781230918188,-0.270604857434186,0.268052641760119,-1.00952132259286,0.312724680877084,0.95794362182403,"Gene2006"
42.9908718290182,-0.81319098271793,0.305419275786866,-2.66253981718367,0.00775533936449335,0.420969319782974,"Gene2007"
19.9653231531041,-0.107791454953666,0.388134027360166,-0.277717096042296,0.781229535912877,0.994277373720757,"Gene2008"
17.7064690140123,0.656138655791686,0.378306224972097,1.73441147007317,0.082845101361578,0.873824605647375,"Gene2009"
107.03262646602,0.0499060740262072,0.322679377836471,0.154661492038388,0.877088189527647,0.994277373720757,"Gene2010"
9.27862956411301,0.223992179143604,0.436088907101286,0.513638791301747,0.607504553322785,0.994277373720757,"Gene2011"
146.213835520874,-0.0131284878256062,0.313813223613222,-0.041835355675729,0.966629949921287,0.997510641223454,"Gene2012"
83.0344071943003,-0.0387810503717844,0.325827244686073,-0.119023350576926,0.905256856194131,0.994566617513272,"Gene2013"
21.0862216688682,0.166368606684529,0.334933753817449,0.49672093298547,0.619385858696559,0.994277373720757,"Gene2014"
48.9173830859803,0.073796376548955,0.335777483318263,0.219777621237955,0.826044349190384,0.994277373720757,"Gene2015"
149.782821670562,-0.252855273237654,0.294636453118148,-0.85819412554583,0.390785279269141,0.978798445257712,"Gene2016"
275.660412386169,-0.176554365800781,0.262654182165529,-0.672193240347926,0.50146068376126,0.991483155252957,"Gene2017"
352.201953635239,0.238973097819453,0.327814490356699,0.728988817911689,0.466008502603519,0.984915063210876,"Gene2018"
78.3946815529625,-0.102380405286011,0.311773428699749,-0.328380791502946,0.742623764648731,0.994277373720757,"Gene2019"
40.1767512715107,-0.0080291054961362,0.41175005636623,-0.0194999499623498,0.984442276960498,0.999775694831997,"Gene2020"
84.4154726305722,0.58006050738929,0.278251648127178,2.08466153316068,0.0371000347052204,0.764949169179802,"Gene2021"
39.4805378374343,0.204827980776924,0.356582664729735,0.574419345180925,0.565684065148524,0.994277373720757,"Gene2022"
13.818040482663,0.25302115114039,0.44921442096217,0.563252512237797,0.573262949581566,0.994277373720757,"Gene2023"
152.999608764568,-0.274049665277452,0.283914678355799,-0.965253599653681,0.3344178062521,0.96235339928662,"Gene2024"
110.763289940617,0.10908065270551,0.353102130311331,0.308920970285094,0.757381644519173,0.994277373720757,"Gene2025"
269.978779330042,0.0185294867384832,0.347533369716791,0.0533171440589521,0.95747922064611,0.997510641223454,"Gene2026"
427.475480509896,-0.0678924559089327,0.270225428080617,-0.251243772250323,0.801625644259998,0.994277373720757,"Gene2027"
279.709651028928,0.0190141662143901,0.298546661495976,0.0636890934204816,0.949217789305564,0.997510641223454,"Gene2028"
161.769248266383,-0.301569998500601,0.319871272014444,-0.942785504310571,0.345790627668829,0.963476060844946,"Gene2029"
52.3280646024674,-0.296981879805309,0.343861476251757,-0.863667204138549,0.387770734615911,0.978706191438438,"Gene2030"
30.1580800428957,-2.21933854771432,0.324802135020642,-6.83289396349958,8.32184697617874e-12,1.18883528231125e-09,"Gene2031"
28.7563341382965,-0.245133424075408,0.307435269758507,-0.797349712893911,0.425247955931274,0.984915063210876,"Gene2032"
22.6495695649875,-0.47785595446959,0.340460148899223,-1.4035591419865,0.160450169025509,0.922991707713332,"Gene2033"
30.3005709343099,0.143982374551207,0.408410141506131,0.352543582831294,0.724430639352906,0.994277373720757,"Gene2034"
112.034824351465,-0.270256997589934,0.367198643244717,-0.735996721561476,0.461732692958622,0.984915063210876,"Gene2035"
90.3177720757104,-0.464390014000715,0.348825498335923,-1.33129606699079,0.183091611842571,0.927994141293304,"Gene2036"
13.9699675838368,0.0839762246652676,0.415176513565881,0.202266317870464,0.839708530181368,0.994277373720757,"Gene2037"
243.906082193265,-0.0437083143360354,0.328215351386433,-0.133169622174602,0.894059234826508,0.994277373720757,"Gene2038"
264.104966298635,-0.0268315860682599,0.242728591027358,-0.110541514515015,0.911979927764156,0.994566617513272,"Gene2039"
305.18524769915,-0.184359526756097,0.336933122329113,-0.547169496075891,0.584262290790275,0.994277373720757,"Gene2040"
11.8797987019882,0.137164321767377,0.424251503977996,0.323308981774384,0.746461252498116,0.994277373720757,"Gene2041"
26.024668283382,-0.198207050312475,0.326384898230301,-0.607280089817814,0.543665049212058,0.994277373720757,"Gene2042"
29.8232073706916,0.162408401296222,0.325732655322247,0.498594165007962,0.618065316624995,0.994277373720757,"Gene2043"
27.7970727705249,-0.267944111422011,0.379567318958091,-0.705919867278129,0.480237971737349,0.984915063210876,"Gene2044"
25.4579328766036,-0.878700365275843,0.439953867709786,-1.99725568921575,0.0457974142341002,0.803270269707907,"Gene2045"
15.913027394666,-1.97356108998792,0.350157164595174,-5.63621507579208,1.7382826051618e-08,1.98660869161348e-06,"Gene2046"
18.3373550449345,0.739304458304655,0.357931921281508,2.06548903394175,0.0388767520676877,0.77366670781468,"Gene2047"
118.244389002246,3.14153720769217,0.268852442597141,11.6849866690614,1.52103427547891e-31,1.01402285031927e-28,"Gene2048"
31.5687883387418,0.107628856114453,0.314871806279357,0.341818015992717,0.732487850568609,0.994277373720757,"Gene2049"
62.546854813703,0.147250979652473,0.318950205282597,0.461673882673959,0.644315203024306,0.994277373720757,"Gene2050"
103.798764947252,-0.170200466906764,0.281042057445657,-0.60560497049334,0.544777100929767,0.994277373720757,"Gene2051"
161.665617765442,-0.191629257801093,0.32774969606323,-0.584681725422937,0.558761744087585,0.994277373720757,"Gene2052"
21.4308286559358,0.492189106339597,0.363150071416454,1.3553325335166,0.175311634125605,0.922991707713332,"Gene2053"
53.4839800847656,0.139236050757815,0.355740784959388,0.391397491220217,0.695503446436121,0.994277373720757,"Gene2054"
955.79805357895,-0.197346337949825,0.306070907750759,-0.644773263163348,0.519074130846256,0.994277373720757,"Gene2055"
33.0405580688781,-0.507407704584279,0.330274167136436,-1.53632271328889,0.124459251532619,0.918506127595565,"Gene2056"
149.119911338274,-0.0200566260997968,0.330676315555584,-0.0606533493821556,0.951635285034442,0.997510641223454,"Gene2057"
24.623260580315,0.0247053526315828,0.313634060355115,0.0787712680300408,0.937214557805371,0.996506706863765,"Gene2058"
238.273663196434,-0.107198845250237,0.313687711819574,-0.341737470774422,0.732548470356877,0.994277373720757,"Gene2059"
112.920111728148,0.121383855353285,0.291404261710531,0.416547975794061,0.677009068850911,0.994277373720757,"Gene2060"
14.4486791944497,0.437372755997336,0.364192748012628,1.20093757600624,0.229775416886939,0.940987103757509,"Gene2061"
193.125326280499,0.610597434849436,0.350926973053565,1.73995583621392,0.0818667730693412,0.873824605647375,"Gene2062"
184.495290439498,-0.313254069210428,0.314670669522821,-0.99549814949534,0.319494043840825,0.95794362182403,"Gene2063"
161.645060849788,-0.1531866477739,0.319973615394666,-0.478747747950887,0.632118093139017,0.994277373720757,"Gene2064"
1.53198988934211,-1.11739339045323,0.842396762881001,-1.32644549420126,0.184692178010067,0.928101397035513,"Gene2065"
59.7219140470288,-0.0549027039898935,0.292529643363062,-0.187682531447772,0.851125524805426,0.994277373720757,"Gene2066"
370.370663923392,0.220459853936706,0.264301190286762,0.834123575824654,0.404211351163615,0.982830442885154,"Gene2067"
44.2209631368029,-0.329193935219909,0.294842286567085,-1.11650855463369,0.2642045104557,0.95794362182403,"Gene2068"
20.1186794827961,0.598426946908335,0.362102763703929,1.65264396434609,0.0984033449179326,0.884430499924414,"Gene2069"
44.0328141616981,-0.187755606891532,0.36672947451912,-0.511973048083275,0.608669872484213,0.994277373720757,"Gene2070"
2.50284182525602,-0.0953922370024669,0.645284611775831,-0.147829709963091,0.882477161777576,0.994277373720757,"Gene2071"
14.5256461052009,0.581998370173532,0.418076288069318,1.39208653248719,0.163896195939599,0.922991707713332,"Gene2072"
52.6409861140824,0.453828890747588,0.307722666727412,1.47479838119823,0.1402667565797,0.922991707713332,"Gene2073"
122.145180164411,0.584836368704205,0.288305686168721,2.02852873446953,0.0425063136920906,0.803270269707907,"Gene2074"
72.8896892067165,0.0533144240213456,0.30445910638032,0.175111937544569,0.860991678399184,0.994277373720757,"Gene2075"
106.736267434832,-0.153355880963828,0.345479987972268,-0.443892226186307,0.657120505207236,0.994277373720757,"Gene2076"
17.6118689212672,0.10405122467872,0.334932082745435,0.310663654033419,0.756056330795902,0.994277373720757,"Gene2077"
310.71495214228,-0.445428710870832,0.23533952716662,-1.89270674685885,0.058396878682071,0.848989930934339,"Gene2078"
227.550441624513,0.0394804182856759,0.282584857221005,0.139711726502029,0.888887760875635,0.994277373720757,"Gene2079"
110.870694113957,0.49112703604869,0.362464157750364,1.35496717550467,0.17542801530293,0.922991707713332,"Gene2080"
41.6564891065819,-0.317690156937327,0.306884242930364,-1.03521169384189,0.300570058811927,0.95794362182403,"Gene2081"
151.507927998627,-0.20245948615564,0.286267043474111,-0.707239938270957,0.479417383186226,0.984915063210876,"Gene2082"
19.460787404528,-0.0619364751912419,0.364256413970017,-0.170035372929192,0.864982318116848,0.994277373720757,"Gene2083"
15.8306030383186,0.386018017453446,0.388766372358624,0.992930574502872,0.320743788697899,0.95794362182403,"Gene2084"
4.28382110854953,0.495261999280896,0.580260226488101,0.853517054371211,0.393372634233848,0.980364826863959,"Gene2085"
61.8706873695945,-0.409996968995477,0.331765092908924,-1.23580502517795,0.2165310466315,0.937201247950648,"Gene2086"
4.03669859296531,-0.116401030773618,0.541534420361254,-0.214946689253783,0.829808882783981,0.994277373720757,"Gene2087"
58.3266756067103,0.0953860230856269,0.297202312981023,0.320946435876889,0.748250983116906,0.994277373720757,"Gene2088"
86.0293650532696,-0.52442684086617,0.307299825426992,-1.70656407024469,0.0879031081563867,0.873824605647375,"Gene2089"
156.415804371263,-0.114222468581972,0.305625394852784,-0.373733565684198,0.70860255019161,0.994277373720757,"Gene2090"
174.420651073072,0.285026180448645,0.268112594391767,1.06308389240441,0.287743908430991,0.95794362182403,"Gene2091"
125.832405759627,0.114443163907412,0.236899136032845,0.483088143856909,0.629033152007115,0.994277373720757,"Gene2092"
17.9165644893445,-0.00155832424691984,0.345306795845085,-0.00451286874648986,0.996399263924339,0.999775694831997,"Gene2093"
157.586001299098,-0.550753855983,0.332357266448822,-1.65711393004193,0.0974964433284213,0.884430499924414,"Gene2094"
62.7814332929644,-0.0491738982592372,0.329112712024545,-0.14941354880139,0.88122732133716,0.994277373720757,"Gene2095"
5.57853740897798,-0.210343560586813,0.517334145064909,-0.40659129615429,0.684308190948301,0.994277373720757,"Gene2096"
48.9268352683426,0.626312571419305,0.337721695156505,1.85452276357035,0.063664406545838,0.854555792561583,"Gene2097"
7.02647439934768,-0.167106807739213,0.424112446816448,-0.39401533483297,0.693569717610878,0.994277373720757,"Gene2098"
11.233101812459,-0.023363596764696,0.433368571019188,-0.0539116085639296,0.957005587821127,0.997510641223454,"Gene2099"
21.474209901117,0.216725391397129,0.328078341548231,0.660590365015815,0.508875049634329,0.991959161080563,"Gene2100"
27.3769342948878,-0.213754533595913,0.313165967844376,-0.682559906069153,0.494884976421407,0.987301698596324,"Gene2101"
168.82185483494,0.408165870069874,0.330198952901417,1.23612103092203,0.216413578539754,0.937201247950648,"Gene2102"
51.6735213808588,0.105677571226551,0.329549322897355,0.320673003656773,0.748458207663914,0.994277373720757,"Gene2103"
18.9083492333969,-1.22854688154973,0.335611715227227,-3.66061977520044,0.000251605901990814,0.023962466856268,"Gene2104"
70.2922649753939,2.65731880385346,0.269484814313458,9.86073671951895,6.15957655263131e-23,1.89525432388656e-20,"Gene2105"
28.8216123105852,0.119497654403666,0.329830402536891,0.362300301865896,0.717127632619406,0.994277373720757,"Gene2106"
50.2849551923468,-0.671011092699319,0.339414613723379,-1.9769658275415,0.0480454930171629,0.804108669743312,"Gene2107"
119.173891479399,0.0706873634196351,0.285431824713953,0.247650602698122,0.804404754697028,0.994277373720757,"Gene2108"
27.9766946450087,-0.151031077502952,0.379431616374202,-0.398045579190751,0.690596588341833,0.994277373720757,"Gene2109"
30.8638651616756,-0.0164222683607965,0.282160835618537,-0.0582017994268998,0.953587887418638,0.997510641223454,"Gene2110"
99.349930975944,0.212557335138859,0.276926802399482,0.767557828628785,0.442749924628498,0.984915063210876,"Gene2111"
16.955089078937,0.64070766100261,0.320486149136386,1.99917426300364,0.0455895022303713,0.803270269707907,"Gene2112"
53.1124166268697,-0.818253996796339,0.346806555473938,-2.35939599145735,0.0183047112708486,0.527834822264115,"Gene2113"
45.9302166086906,0.287882835758171,0.303798845439914,0.947610038943051,0.343328013610395,0.963476060844946,"Gene2114"
21.0826511364876,0.0310175401566529,0.321482109233445,0.0964829434229247,0.923137019899202,0.995212746821085,"Gene2115"
24.6309998791898,0.331510541329487,0.297899074276416,1.11282837026168,0.265782148382857,0.95794362182403,"Gene2116"
32.1346544705243,-0.191100172172884,0.27216644040546,-0.702144510866927,0.482589046285118,0.984915063210876,"Gene2117"
17.7661694890565,0.156760488427631,0.329703794403212,0.475458551247124,0.634460169719694,0.994277373720757,"Gene2118"
47.9705798405194,0.0640632317042175,0.37027303101634,0.173016197070508,0.862638696200221,0.994277373720757,"Gene2119"
12.3599674215336,-0.516308672112167,0.369190716776548,-1.39848768847745,0.16196666719167,0.922991707713332,"Gene2120"
75.0819207492193,-0.132602863592743,0.310769937699665,-0.426691412220488,0.669604106391955,0.994277373720757,"Gene2121"
30.6800215562406,-0.41518710949325,0.298013030896961,-1.39318441292187,0.163564032001324,0.922991707713332,"Gene2122"
158.639227752315,0.439039194572868,0.329387997420912,1.3328937241506,0.182566682386416,0.927884246703589,"Gene2123"
107.606551309591,-0.184895831741582,0.334463714446478,-0.552812827686182,0.580391583762528,0.994277373720757,"Gene2124"
24.1536530250144,0.221826016713792,0.295730809746032,0.750094374354474,0.453197867463803,0.984915063210876,"Gene2125"
31.1048748878948,-0.555832489400505,0.313050822901845,-1.7755343501358,0.0758096989835501,0.873824605647375,"Gene2126"
108.056672569677,-0.382587800403573,0.305887005176215,-1.2507487860858,0.211026145141625,0.937201247950648,"Gene2127"
119.120623887154,-0.44691738451425,0.296702493847369,-1.5062811866494,0.131995005605937,0.921592508351087,"Gene2128"
91.3469569359766,0.075149011615982,0.375677940411163,0.200035731493137,0.84145263614298,0.994277373720757,"Gene2129"
73.4715490351078,0.0252166337838279,0.317623173570028,0.0793916687513617,0.93672109509914,0.996246844029929,"Gene2130"
6.22032645191055,-0.493241496634991,0.466776963113808,-1.05669631454098,0.29065020753667,0.95794362182403,"Gene2131"
58.8632074926293,0.0447071529481128,0.312591549005244,0.143020990459863,0.88627360362118,0.994277373720757,"Gene2132"
9.9267755418223,-0.0255656300627196,0.406953018817017,-0.062822067611237,0.949908193162799,0.997510641223454,"Gene2133"
64.2602088002682,-0.581660796894779,0.332679210410254,-1.74841342258052,0.0803924653206896,0.873824605647375,"Gene2134"
26.5152716154978,0.195504423163056,0.351507933217066,0.55618779745243,0.578082480187415,0.994277373720757,"Gene2135"
55.8077434804944,0.0918696980008417,0.322263825859326,0.285076048346005,0.775585879662859,0.994277373720757,"Gene2136"
14.6229772096905,0.110593031761711,0.425511785767663,0.259905919085628,0.794936345372022,0.994277373720757,"Gene2137"
40.5261724297051,0.0995247713120346,0.325468360519719,0.30578938964485,0.759765007596557,0.994277373720757,"Gene2138"
281.450803879583,-0.101429160512977,0.322165158802115,-0.314835908669064,0.75288624595945,0.994277373720757,"Gene2139"
436.446033039061,0.253934885746096,0.312913280514675,0.811518403208797,0.417068028807402,0.9842577400341,"Gene2140"
4.12087786236612,0.28279190102188,0.539726354974635,0.523954219421377,0.600310382067716,0.994277373720757,"Gene2141"
8.80413693557319,0.29026836196192,0.447434299332398,0.648739630365887,0.516506684080377,0.994202950165992,"Gene2142"
9.61622770498508,-0.120315784741786,0.407632690861633,-0.295157349837345,0.76787368120933,0.994277373720757,"Gene2143"
9.94958359131916,-0.0260925485611424,0.635237138543774,-0.0410752882316632,0.967235875107286,0.997510641223454,"Gene2144"
777.435165960953,0.323139341208435,0.336374758612859,0.960652762832132,0.336726789726389,0.963476060844946,"Gene2145"
181.832510700946,-0.491758252390366,0.206166221128311,-2.38525132632815,0.0170674568695692,0.510773317817695,"Gene2146"
45.2878188623607,-0.10846562568036,0.282092119999342,-0.384504273570679,0.700604729048615,0.994277373720757,"Gene2147"
153.765300137952,0.576060024854791,0.324784866244786,1.77366646271204,0.0761183369652728,0.873824605647375,"Gene2148"
754.382134132294,0.361897098988446,0.304422484506253,1.18879884833544,0.234518831346271,0.948275547579697,"Gene2149"
119.558609249498,-0.000543169539419767,0.31442212297872,-0.00172751692620729,0.99862164160163,0.999775694831997,"Gene2150"
481.285321153175,0.0786798870565057,0.317048640437621,0.24816345828799,0.804007938182628,0.994277373720757,"Gene2151"
17.4472381332314,-0.539886632118176,0.387330005926254,-1.39386730658034,0.163357678514328,0.922991707713332,"Gene2152"
13.3453613137789,0.0168155363135878,0.406978069284053,0.0413180404122742,0.967042351181479,0.997510641223454,"Gene2153"
191.243145601798,-0.0168921922103255,0.27450397949578,-0.0615371487194967,0.950931430052686,0.997510641223454,"Gene2154"
135.297419997144,0.141612658653039,0.297817912684993,0.475500809794556,0.634430056182135,0.994277373720757,"Gene2155"
159.466080367223,-0.0420983954789995,0.269421210725918,-0.156254941344712,0.87583207159742,0.994277373720757,"Gene2156"
100.442830445473,-0.105962618601112,0.3390875041767,-0.312493433983619,0.754665552325972,0.994277373720757,"Gene2157"
24.7167561603338,-0.152147860315067,0.381074251655876,-0.399260405692438,0.68970133831392,0.994277373720757,"Gene2158"
178.756895027902,0.0256920014037785,0.317948577126541,0.0808055240755277,0.935596614861905,0.996153761063347,"Gene2159"
503.290499063843,-0.0654710908052359,0.31117679263221,-0.210398372743106,0.833356762594151,0.994277373720757,"Gene2160"
193.287596044115,0.431852459388758,0.254696786826044,1.69555519239318,0.089970149535961,0.873824605647375,"Gene2161"
8.48897992935775,-0.819539427204334,0.437589637401982,-1.87284925682891,0.0610892039262569,0.852351786208883,"Gene2162"
92.8092326588384,0.0867922960255341,0.343391283180522,0.252750434494597,0.800461071769555,0.994277373720757,"Gene2163"
49.9105178613959,-0.10350394102803,0.244105978770906,-0.424012314443018,0.671556832472312,0.994277373720757,"Gene2164"
59.5192932604553,-0.216020432920834,0.250859022882949,-0.861122834802835,0.389170393856613,0.978706191438438,"Gene2165"
38.7563510942263,0.265706784818629,0.314730587175685,0.844235659466773,0.398537731624443,0.980364826863959,"Gene2166"
11.6997538652762,0.0180951137156005,0.389207835538923,0.0464921619333404,0.962917981203836,0.997510641223454,"Gene2167"
71.8519494191758,0.048771194396735,0.396522215036686,0.122997382106883,0.902109171003021,0.994566617513272,"Gene2168"
215.236902280902,-0.232892463723911,0.221554838300621,-1.0511729985689,0.293179142010736,0.95794362182403,"Gene2169"
352.858775335787,-0.23632856941711,0.304798205657682,-0.775360763384974,0.438126513318968,0.984915063210876,"Gene2170"
104.616239185884,0.514593843989772,0.341951185301184,1.50487515794551,0.13235617620587,0.921592508351087,"Gene2171"
24.3257528984689,0.0670970453583847,0.340043252992219,0.197319149161063,0.843577795059973,0.994277373720757,"Gene2172"
25.2802355261142,-0.176478114398968,0.333378383495434,-0.529362799557114,0.59655379901983,0.994277373720757,"Gene2173"
23.2717979320188,0.000800173233637831,0.339327320471218,0.00235811614734306,0.998118497277204,0.999775694831997,"Gene2174"
140.370314614402,0.350425744248924,0.283928903748415,1.23420243456239,0.217127480476871,0.937201247950648,"Gene2175"
39.6995468250941,-0.194975442392687,0.31236745923078,-0.624186152017319,0.532505340194035,0.994277373720757,"Gene2176"
1509.0153847402,-0.0276798316712144,0.216029619913572,-0.128129798507669,0.89804625460224,0.994277373720757,"Gene2177"
38.8080160017401,-0.309418914166192,0.336434626457961,-0.919699964964381,0.357729570957345,0.963476060844946,"Gene2178"
51.1381224972954,-0.251311375441764,0.276455999809769,-0.909046559360958,0.363325549693107,0.965773320271778,"Gene2179"
41.3358684676425,-0.148816290249841,0.307436237696984,-0.484055787842805,0.628346277277955,0.994277373720757,"Gene2180"
28.2858410989878,0.065487984828714,0.306108370730044,0.213937255856579,0.830595986783608,0.994277373720757,"Gene2181"
147.625878867253,0.266232840484823,0.325279502486988,0.81847407675334,0.413086538498171,0.982830442885154,"Gene2182"
16.9643469209663,-2.64341973741539,0.381785061101737,-6.92384277631799,4.39553740709767e-12,6.51190726977432e-10,"Gene2183"
49.3706671374995,0.0143595359592637,0.325851701525258,0.0440677028600711,0.964850437147706,0.997510641223454,"Gene2184"
43.3534760272376,0.484086869362558,0.308347022081737,1.5699417691611,0.116428659013138,0.916850469645478,"Gene2185"
1.53600219618442,0.14975722354185,0.819040353536156,0.182844743723899,0.854919839951277,0.994277373720757,"Gene2186"
101.675121769581,-0.220315502165389,0.322209712461329,-0.683764311393408,0.494124005916339,0.987260751081597,"Gene2187"
66.4703248443488,0.12026390519675,0.351304773117638,0.342334959270474,0.732098829450589,0.994277373720757,"Gene2188"
19.4423603631931,0.643344280306515,0.377507983504043,1.70418721833369,0.0883461163285122,0.873824605647375,"Gene2189"
285.322232855647,-0.0141351255079928,0.291293198848398,-0.0485254223712563,0.961297504180928,0.997510641223454,"Gene2190"
10.2591050417669,-0.0679671079997224,0.384954244832622,-0.176558925929689,0.859854859486958,0.994277373720757,"Gene2191"
7.26563816876678,0.451727470210425,0.495926966279493,0.910874989515778,0.36236124496112,0.965556424919003,"Gene2192"
26.7258924232499,-0.0112708434704688,0.304569021945662,-0.0370058760358093,0.97048032055212,0.998127746690025,"Gene2193"
15.7430777351348,-0.461707875457822,0.449312361040172,-1.02758774405617,0.304143791754597,0.95794362182403,"Gene2194"
151.185641716635,0.547429512038169,0.299516018113941,1.82771364111123,0.0675925397859871,0.86657102289727,"Gene2195"
62.8790129900362,-0.198417113310144,0.320753500151339,-0.618596876469085,0.536181960085236,0.994277373720757,"Gene2196"
35.9389338171874,0.00409142262854154,0.289669860919903,0.0141244332964031,0.988730707447212,0.999775694831997,"Gene2197"
55.9224588111061,0.125765186431533,0.419294094972586,0.299945045588481,0.76421907385353,0.994277373720757,"Gene2198"
14.6834065569631,-0.131180061998403,0.38963958419846,-0.336670264825013,0.736365481295539,0.994277373720757,"Gene2199"
62.5956915736668,0.203704368150864,0.292489960168345,0.696449095324914,0.486147625996075,0.985065434121811,"Gene2200"
65.1844933656586,0.312435068000796,0.299175640755457,1.04431987581561,0.2963374200827,0.95794362182403,"Gene2201"
51.0449224981018,0.218388406516101,0.33623872464382,0.64950402945836,0.516012642796965,0.993765320745238,"Gene2202"
60.0503909805596,-0.0356072547757208,0.246113788800919,-0.144678016413471,0.884965096877361,0.994277373720757,"Gene2203"
12.0434521590411,0.0981546884867342,0.415449037451551,0.236261682272356,0.813229618434316,0.994277373720757,"Gene2204"
174.641358965166,0.523667604489788,0.330025738906124,1.58674776769076,0.112569782934728,0.90247646653975,"Gene2205"
9.12869433613024,0.703846084841845,0.411599233735775,1.71002768507017,0.0872607536940516,0.873824605647375,"Gene2206"
867.815289334347,0.383365292722701,0.324892192519912,1.17997693249955,0.238009389585456,0.949189988376695,"Gene2207"
368.763078877955,-0.174528649232341,0.3739823827952,-0.466676125029977,0.640731613726159,0.994277373720757,"Gene2208"
105.469408212285,0.148244170851387,0.308900348203468,0.479909367903143,0.631291839751291,0.994277373720757,"Gene2209"
12.2800498720992,-0.384073445034041,0.367638264412263,-1.04470476066482,0.296159443879226,0.95794362182403,"Gene2210"
89.2567560242712,0.128333191547503,0.30697414551935,0.418058632691639,0.675904249174707,0.994277373720757,"Gene2211"
8.1588531697776,1.38355476575029,0.477598732978104,2.89689789820635,0.00376872387953296,0.25124825863553,"Gene2212"
44.1306365892973,0.0100039963216379,0.31985861863218,0.0312763069021504,0.975049185515262,0.998762776352692,"Gene2213"
151.748181027891,0.183626237068594,0.274805978584725,0.668203210185913,0.504003886586873,0.991483155252957,"Gene2214"
136.197458699816,-0.106732912402997,0.270637277614936,-0.394376241675241,0.693303281800383,0.994277373720757,"Gene2215"
54.4065350161753,-0.397156847008444,0.277960359265642,-1.42882549172736,0.153054396801024,0.922991707713332,"Gene2216"
38.8578709899497,0.112233036617529,0.319565910166001,0.351204659343133,0.725434814853527,0.994277373720757,"Gene2217"
65.5474857400397,-0.122124195330941,0.307087958422812,-0.397684741395151,0.690862586354504,0.994277373720757,"Gene2218"
5.25119060395653,-0.131607398669684,0.525440164716602,-0.250470762433373,0.802223312422693,0.994277373720757,"Gene2219"
29.7300385624459,0.0936430268065725,0.316885081685937,0.295510998209066,0.767603551938658,0.994277373720757,"Gene2220"
409.611656526604,-0.287129850764805,0.268671867722414,-1.06870084016932,0.28520449284045,0.95794362182403,"Gene2221"
5.74117514821749,0.618719863179634,0.505878766422608,1.22305956337127,0.221307200047631,0.937201247950648,"Gene2222"
397.156738443499,-0.00362038901737118,0.271450570863391,-0.0133371943402291,0.989358774030654,0.999775694831997,"Gene2223"
104.806574906102,-0.00413065980905558,0.290891136895871,-0.0142000194751008,0.988670404449982,0.999775694831997,"Gene2224"
27.3081549808054,-0.117639035857522,0.397831862775852,-0.295700387185433,0.767458901471737,0.994277373720757,"Gene2225"
798.6010321939,0.311780638109314,0.334718774478114,0.93147042198465,0.351610277787419,0.963476060844946,"Gene2226"
43.6012844690061,0.36473351668883,0.317884576059962,1.14737720593286,0.251225757662242,0.95794362182403,"Gene2227"
562.746750987834,-0.192298844769137,0.307832259594817,-0.624687110513531,0.532176434408531,0.994277373720757,"Gene2228"
61.6345558881506,-0.901874723363984,0.384842949573859,-2.34348771196832,0.01910439154501,0.545839758428856,"Gene2229"
94.413799271228,-0.383858610407265,0.280560763730854,-1.36818350970668,0.171254641979785,0.922991707713332,"Gene2230"
34.3521155384191,-0.104719670515694,0.354026502765553,-0.295796133051209,0.767385776305404,0.994277373720757,"Gene2231"
17.1446614302025,0.245700485446001,0.60958998534018,0.403058598984182,0.686905116443653,0.994277373720757,"Gene2232"
4.12578257779728,0.752618125495464,0.56599401951982,1.32972805284051,0.183607888500592,0.927994141293304,"Gene2233"
20.1100233400163,-0.315881040213825,0.332814634812658,-0.949120042126859,0.34255956203355,0.963476060844946,"Gene2234"
143.25032590709,0.0780711045933885,0.25374903311913,0.307670550045941,0.758333031039503,0.994277373720757,"Gene2235"
14.3820235244417,0.694527519928409,0.386398270693073,1.79743951411235,0.0722658724353895,0.873824605647375,"Gene2236"
10.5830512510754,0.196526525754268,0.403504712624833,0.487048898328464,0.626223678947011,0.994277373720757,"Gene2237"
35.3122513343644,-0.244736700153105,0.310769170308488,-0.787519237864443,0.430977971271139,0.984915063210876,"Gene2238"
69.7917810296452,0.0540877729801457,0.257214259382798,0.210282948969986,0.833446842524314,0.994277373720757,"Gene2239"
30.762303979732,-0.0526798032664048,0.335101137164603,-0.157205683371132,0.87508274931441,0.994277373720757,"Gene2240"
206.82338369246,0.0458807313942836,0.312951649253102,0.146606453437084,0.883442659622417,0.994277373720757,"Gene2241"
89.8966423510291,-0.309743048416248,0.290528222538314,-1.06613755355695,0.286361465806797,0.95794362182403,"Gene2242"
54.0531104950787,-0.297869524928687,0.384216079823421,-0.775265639755584,0.438182708486965,0.984915063210876,"Gene2243"
13.7179044044033,0.762432358069536,0.381147283904374,2.00036151447644,0.0454612409742766,0.803270269707907,"Gene2244"
21.6439890612407,-0.302361851954018,0.333477049804268,-0.906694635002582,0.364568301307691,0.965773320271778,"Gene2245"
82.5861291865514,0.123072883668242,0.321847789292222,0.382394683955707,0.702168632910896,0.994277373720757,"Gene2246"
36.329880570774,0.102468488767814,0.308757685887223,0.33187348348388,0.739984793799987,0.994277373720757,"Gene2247"
242.595247640126,0.564025025756836,0.243331765793079,2.3179259967088,0.0204533433104479,0.572636161651604,"Gene2248"
4.84714723343813,-0.291781267607965,0.501537481904207,-0.581773602443726,0.560719187048248,0.994277373720757,"Gene2249"
76.221821241329,0.0953284421669318,0.343419110807378,0.27758630538299,0.781329945876106,0.994277373720757,"Gene2250"
28.0326077955266,-0.0419362958669408,0.353925505361621,-0.118489047078121,0.905680173125646,0.994566617513272,"Gene2251"
284.124043578284,0.172118971382403,0.260014871383574,0.661958181339918,0.507998022795882,0.991959161080563,"Gene2252"
86.387003561548,-0.519434399831921,0.307688479083604,-1.68818280547573,0.0913761428435609,0.873824605647375,"Gene2253"
15.9965004003878,0.114415779176505,0.399458092632952,0.286427490859818,0.774550721642971,0.994277373720757,"Gene2254"
10.8960000903165,-0.279058397224595,0.395365727459782,-0.70582343850981,0.480297944220065,0.984915063210876,"Gene2255"
62.3264622593238,-0.000743639066121387,0.266867271698688,-0.00278655026293748,0.997776657444626,0.999775694831997,"Gene2256"
35.6239925421557,-0.152239827117055,0.324329552442522,-0.469398566891418,0.638784772552159,0.994277373720757,"Gene2257"
40.9996963809969,-0.0373609399965417,0.363802329578868,-0.102695714015328,0.918204475380628,0.994804415363627,"Gene2258"
39.5167838266405,0.134659920677302,0.321958906854352,0.418251888084027,0.6757629620273,0.994277373720757,"Gene2259"
101.927664397446,0.380475138300246,0.250933144701142,1.5162410639431,0.129458408118081,0.921592508351087,"Gene2260"
16.0126129004673,-0.62311509316201,0.425089286271577,-1.46584520778517,0.142690461865177,0.922991707713332,"Gene2261"
3545.44338405639,0.303609980992333,0.244723428459657,1.2406249083029,0.214744346009016,0.937201247950648,"Gene2262"
70.808127396248,0.403564955463266,0.328278586615029,1.229336825239,0.21894554575403,0.937201247950648,"Gene2263"
32.1454694582727,-0.0749517885867845,0.370706443401504,-0.202186365845294,0.83977103150095,0.994277373720757,"Gene2264"
45.7223671308427,0.245312937645223,0.273370872527357,0.897363114721278,0.36952518806005,0.965773320271778,"Gene2265"
105.431909787221,0.102226632224126,0.279421849784505,0.365850531384588,0.714476611240216,0.994277373720757,"Gene2266"
113.130468412142,0.282511384506505,0.27595287538215,1.0237667721899,0.305945448337675,0.95794362182403,"Gene2267"
7.18628998257015,-0.833058827377978,0.478500446673799,-1.74097816035245,0.0816874067966875,0.873824605647375,"Gene2268"
4.69098728013215,-0.400618584796264,0.525997581122846,-0.761635792965178,0.446277406094901,0.984915063210876,"Gene2269"
45.2427630871202,-0.397477703869645,0.304744560484709,-1.30429794460462,0.192132015852349,0.932804035662126,"Gene2270"
118.650915044621,-0.22612436615505,0.329369645240701,-0.686536751101639,0.492374697453321,0.9852420159146,"Gene2271"
67.870016210484,-0.194621309995322,0.301413642193003,-0.645695093889285,0.518476838511565,0.994202950165992,"Gene2272"
163.536596973409,0.379726373886856,0.343565249098878,1.10525256813028,0.26905016432048,0.95794362182403,"Gene2273"
84.8800840009215,-0.267518217953388,0.28772236337347,-0.929779023141636,0.35248550946665,0.963476060844946,"Gene2274"
69.6981224246245,0.282718610667753,0.341755170582512,0.827254815738023,0.408092648161923,0.982830442885154,"Gene2275"
452.570890407585,0.12463838296347,0.231772451249893,0.537761853452923,0.59074147069632,0.994277373720757,"Gene2276"
16.0781421948695,0.0129732618357496,0.371749939804092,0.0348978182554283,0.972161220335064,0.998524887212127,"Gene2277"
23.5106242312968,-0.471593926945151,0.338356179029949,-1.3937795618132,0.163384181807388,0.922991707713332,"Gene2278"
78.3769008369846,-0.0865943073290804,0.344727890705577,-0.251196116310293,0.801662487059488,0.994277373720757,"Gene2279"
84.563283430559,0.0511675362135727,0.388975731866523,0.131544289326335,0.895344753124613,0.994277373720757,"Gene2280"
2.42897217460741,-1.22552922308166,0.742422070244801,-1.65071766074729,0.0987962399070777,0.884430499924414,"Gene2281"
101.53018034872,-0.167938805336704,0.286928213079599,-0.585299031887515,0.558346665708759,0.994277373720757,"Gene2282"
11.9558270190165,-0.352985452699632,0.360468914810672,-0.979239646461692,0.327461583428846,0.95794362182403,"Gene2283"
16.2322406957978,0.215755830207937,0.405289628056472,0.532349745150336,0.594483784722929,0.994277373720757,"Gene2284"
417.609949874279,-0.356728616313997,0.297068365874809,-1.20083003541458,0.229817138365237,0.940987103757509,"Gene2285"
212.824550893886,-0.0583208595402676,0.330954657501432,-0.176220090028542,0.860121038199866,0.994277373720757,"Gene2286"
19.3822591965341,-0.38848646516208,0.319363281879722,-1.2164406091881,0.223817122307221,0.938436571518747,"Gene2287"
341.670141431816,-0.242599777115805,0.308854222371148,-0.785483116446678,0.432170365523985,0.984915063210876,"Gene2288"
31.2390202696728,-0.233360193431042,0.310433690388,-0.751723155883545,0.452217562119981,0.984915063210876,"Gene2289"
165.585877634357,0.158693700323463,0.318449068688562,0.498333064615313,0.618249306483102,0.994277373720757,"Gene2290"
301.477021983564,-0.206913745850643,0.300275215550634,-0.689080334090217,0.490772714957498,0.9852420159146,"Gene2291"
259.917767946191,0.0473397976062245,0.245410680156866,0.192900315405853,0.847037038014672,0.994277373720757,"Gene2292"
287.77751693528,0.273714961628838,0.289740082679169,0.944691390634843,0.344816453657939,0.963476060844946,"Gene2293"
33.607490056029,-0.113491418340904,0.295717454885737,-0.383783292010126,0.701139072590035,0.994277373720757,"Gene2294"
30.5536447045159,-0.0314284998878411,0.31030668415033,-0.101282058985927,0.919326557807107,0.995066989634656,"Gene2295"
211.65033948562,0.095892488243721,0.326042058134826,0.294110792921284,0.768673243878889,0.994277373720757,"Gene2296"
50.8486535029596,0.133391093440272,0.299932345737699,0.444737272707916,0.65650963011524,0.994277373720757,"Gene2297"
24.6369954899835,-0.624199754583363,0.351472462291566,-1.77595635946453,0.0757401104155784,0.873824605647375,"Gene2298"
19.464603357307,-0.0853150708578203,0.368635956425051,-0.231434479927533,0.81697728104637,0.994277373720757,"Gene2299"
253.841723469461,-0.512944342107176,0.252474945228048,-2.03166433660916,0.04218764867148,0.803270269707907,"Gene2300"
158.854302513571,-0.108874765819247,0.279758999157428,-0.389173417645738,0.697147866146879,0.994277373720757,"Gene2301"
275.199880678948,0.0331346211340047,0.281371541678569,0.117761096009691,0.90625695588281,0.994566617513272,"Gene2302"
25.4294746563461,0.228122772832567,0.316422569653299,0.720943430433924,0.470944320388071,0.984915063210876,"Gene2303"
67.0202984465284,0.132901209223552,0.280682684784463,0.47349272480277,0.63586169018832,0.994277373720757,"Gene2304"
14.5345912295482,-0.163019962117919,0.38995890742138,-0.418043950312342,0.675914983786776,0.994277373720757,"Gene2305"
60.4016334558468,-0.0864280662235793,0.284750014948811,-0.303522604692808,0.761491623420715,0.994277373720757,"Gene2306"
18.4069235957948,0.508765290394164,0.325162624629365,1.56464873837846,0.117665294221719,0.916850469645478,"Gene2307"
97.5395339820504,-0.295067723846295,0.280228023177319,-1.05295580542131,0.292361247643202,0.95794362182403,"Gene2308"
50.8905822749802,-0.111136564228415,0.268167694430153,-0.41442935348561,0.678559695440093,0.994277373720757,"Gene2309"
277.98451352351,0.0491930430961559,0.325008103005602,0.151359435784,0.879692186298972,0.994277373720757,"Gene2310"
77.9606664134367,0.102987795965537,0.251822978671601,0.408969016683113,0.682562398826386,0.994277373720757,"Gene2311"
36.9639024070401,0.162251818917782,0.329399501321603,0.492568501976481,0.622317508549998,0.994277373720757,"Gene2312"
6.94169964178035,-0.201762508073816,0.479230529546669,-0.421013469790155,0.673745246003463,0.994277373720757,"Gene2313"
31.5439208035911,0.0910069511288882,0.391912953016907,0.232212154327449,0.816373237962802,0.994277373720757,"Gene2314"
21.8844816445541,0.308616865625665,0.323761113762034,0.953224005315537,0.340476586098164,0.963476060844946,"Gene2315"
223.147674309939,0.0237138173806101,0.275438017695724,0.086094931916068,0.931390952411941,0.995673949128029,"Gene2316"
89.375350615209,-0.426844579747754,0.305978213320023,-1.39501625006653,0.163010939334506,0.922991707713332,"Gene2317"
21.6543694308502,-0.522095301614772,0.33716732035255,-1.54847540108234,0.121507879759208,0.918506127595565,"Gene2318"
77.6644082739329,0.08190183160919,0.254979965243199,0.321208890004642,0.748052095579303,0.994277373720757,"Gene2319"
50.4406897621245,-0.808581771783853,0.338052260331666,-2.39188393827199,0.0167621420105217,0.510773317817695,"Gene2320"
73.6450371538163,-0.109385037601665,0.225022751157624,-0.486106569397699,0.626891609409869,0.994277373720757,"Gene2321"
39.7284041900923,-0.462393796432291,0.291208129311076,-1.58784645719265,0.11232106336176,0.90247646653975,"Gene2322"
252.82290003675,0.602209785230836,0.293948777782061,2.04868953623384,0.0404924830456292,0.790097230158619,"Gene2323"
260.91199001587,-0.217855386535887,0.297530370382325,-0.732212265443503,0.464039019117334,0.984915063210876,"Gene2324"
14.8635183037789,0.187144970088434,0.357832688430378,0.522995735547079,0.600977220864011,0.994277373720757,"Gene2325"
180.077125150072,0.147423956676058,0.22637354187261,0.651241993461497,0.514890286443018,0.993765320745238,"Gene2326"
23.4307877882061,-0.120598092405438,0.346541665964566,-0.34800459583919,0.727836732000221,0.994277373720757,"Gene2327"
80.7900824387047,-0.483727322891233,0.318633567243829,-1.51813045648473,0.128981514627701,0.921592508351087,"Gene2328"
167.463344206216,-0.37630863272563,0.379313549769823,-0.992078012910384,0.321159471184798,0.95794362182403,"Gene2329"
93.0995532116171,-0.0691786948351668,0.254860492811455,-0.27143749928454,0.786054563970613,0.994277373720757,"Gene2330"
53.49843857185,0.134191029023913,0.28468444400509,0.471367620710296,0.637378234326455,0.994277373720757,"Gene2331"
58.6226805695081,-0.233071834264911,0.285741335489582,-0.81567419661412,0.414686500812155,0.982830442885154,"Gene2332"
736.201830270267,-0.167166522960181,0.253480552320748,-0.659484609094007,0.509584626159482,0.992375123971728,"Gene2333"
270.738165289651,0.0633894669789986,0.240276762473991,0.263818549602191,0.79191974029457,0.994277373720757,"Gene2334"
53.2069408832205,-0.0308958487851318,0.283479776166036,-0.108987841048089,0.913212134321657,0.994566617513272,"Gene2335"
26.2597423751511,-0.421028325593171,0.272835061986087,-1.54316062799377,0.122791807508912,0.918506127595565,"Gene2336"
474.090166380889,-0.0889114536634338,0.296397770954114,-0.299973422125359,0.764197428658012,0.994277373720757,"Gene2337"
50.7050340512689,-0.383931649024576,0.338076360753458,-1.13563589056899,0.256108981564692,0.95794362182403,"Gene2338"
93.9075612181396,0.10912737887639,0.271749850848509,0.401572911762977,0.687998368756841,0.994277373720757,"Gene2339"
812.648967995993,2.09801552545433,0.210387894591746,9.97213042853766,2.01851888667124e-23,6.72839628890413e-21,"Gene2340"
22.526824619428,-0.050635739250607,0.400302343070581,-0.126493736864485,0.899341106483516,0.994566617513272,"Gene2341"
30.6851984311412,-0.153294931609547,0.347487522785874,-0.441152333702667,0.65910271859265,0.994277373720757,"Gene2342"
36.906925447066,0.0570422401522481,0.318394900645701,0.179155633575058,0.857815499306421,0.994277373720757,"Gene2343"
65.7674749387983,-0.0873552391200045,0.338334169736463,-0.258192186701236,0.796258587662255,0.994277373720757,"Gene2344"
2.66347877143756,-1.20178266697496,0.664698239737589,-1.80801241093914,0.0706045689906615,0.873824605647375,"Gene2345"
30.1275814948409,0.223640089438937,0.313180855253311,0.714092466661317,0.475170003936775,0.984915063210876,"Gene2346"
115.615134211575,-0.403476656299835,0.274696721128549,-1.46880768959387,0.141884957791133,0.922991707713332,"Gene2347"
79.1084317692007,0.395324668618775,0.303111302300169,1.30422279083242,0.192157631346398,0.932804035662126,"Gene2348"
80.454008835248,0.146990024475037,0.337462988513337,0.435573765059655,0.66314600871076,0.994277373720757,"Gene2349"
7.02917638951304,0.56996883732593,0.442488965093691,1.28809729120645,0.197712098162963,0.937024161909778,"Gene2350"
62.3836633767942,-0.148381135593369,0.320246585989791,-0.463334012241739,0.643124969819225,0.994277373720757,"Gene2351"
46.0357569001758,-0.629178639760411,0.338869369605303,-1.85669964946447,0.0633538974172773,0.853251143667034,"Gene2352"
47.4211608183696,-0.214463300151299,0.291535998775052,-0.735632309740172,0.46195449421723,0.984915063210876,"Gene2353"
191.422051969498,0.407356750388911,0.253670765889797,1.60584822992919,0.108307260670712,0.899911941041004,"Gene2354"
248.046415137148,0.0682815186434433,0.285498602068761,0.239165859827916,0.810976974441741,0.994277373720757,"Gene2355"
42.5647275306894,-0.146993564379784,0.363974601901278,-0.403856652667357,0.686318133674945,0.994277373720757,"Gene2356"
25.382738253247,-0.464413160431874,0.328523621477876,-1.41363704181359,0.157468499430907,0.922991707713332,"Gene2357"
49.0706458953307,0.584779362160785,0.318507686680369,1.83599764343404,0.0663580051822598,0.863016508035341,"Gene2358"
156.50578105655,0.327725528395346,0.294258188730506,1.113734607724,0.265393057795037,0.95794362182403,"Gene2359"
43.2912366724008,0.256967147004367,0.304458911625255,0.84401256521818,0.398662384167313,0.980364826863959,"Gene2360"
35.9212148530066,-0.08300267494598,0.382637431384733,-0.216922517605244,0.828268728886778,0.994277373720757,"Gene2361"
48.2927906951365,-0.0806376430852741,0.341723404914457,-0.235973427414081,0.813453289811299,0.994277373720757,"Gene2362"
301.781434674551,-0.390032380249812,0.291605127543532,-1.33753608359162,0.181047712091487,0.92644015237123,"Gene2363"
17.2030059056537,0.503288380098452,0.356021697316995,1.41364524659949,0.157466089168474,0.922991707713332,"Gene2364"
36.1803672576927,0.230428953318658,0.338193049119307,0.681353309651753,0.495647958851971,0.987824005818103,"Gene2365"
16.7929524719807,-0.00097448374989779,0.318700232773736,-0.00305768132459957,0.997560327080833,0.999775694831997,"Gene2366"
760.478581544395,-0.298314807208782,0.304225344433518,-0.980571844743108,0.32680392433065,0.95794362182403,"Gene2367"
29.9814273058894,0.163201191756858,0.37145669610834,0.439354555905646,0.660404649317899,0.994277373720757,"Gene2368"
143.832682179306,-0.399638033267743,0.320975983899121,-1.24507144868927,0.213105488019821,0.937201247950648,"Gene2369"
151.028149966916,2.21609304180017,0.218564748563822,10.1392976514374,3.6974837244978e-24,1.47899348979912e-21,"Gene2370"
52.3625788763058,0.143633919130115,0.293870740106249,0.488765635796828,0.62500762946881,0.994277373720757,"Gene2371"
31.7990056476782,0.0734475120556357,0.32715040786142,0.224506863787093,0.822362926693488,0.994277373720757,"Gene2372"
22.0537417447,-0.182375064442957,0.305309432521613,-0.597345004825707,0.550277062932825,0.994277373720757,"Gene2373"
287.63511817496,-0.311560960543978,0.311885549946443,-0.998959267582225,0.317814423501477,0.95794362182403,"Gene2374"
130.229064120261,-0.215606191358089,0.297339067555805,-0.725118946293941,0.468379062124891,0.984915063210876,"Gene2375"
51.5190367960458,0.00818341177104199,0.265069908493833,0.0308726547556505,0.975371097868135,0.998762776352692,"Gene2376"
11.2376482690754,-0.228402416715421,0.440041526063593,-0.51904741527147,0.603727676750657,0.994277373720757,"Gene2377"
27.6158518527028,-0.442769505100199,0.312123441879641,-1.41857177542895,0.156023899365151,0.922991707713332,"Gene2378"
168.656167888516,-0.0472822908766014,0.271350297226909,-0.174248163203827,0.861670435689651,0.994277373720757,"Gene2379"
12.9935694039686,0.0530718425778033,0.372579182022044,0.142444465871051,0.886728941761567,0.994277373720757,"Gene2380"
22.9924152379146,-0.957263897621172,0.365752524350832,-2.61724481415461,0.00886427403636754,0.460481768122989,"Gene2381"
134.791702457875,0.673334935263376,0.283784693494045,2.37269645157062,0.0176587696774331,0.515584516129434,"Gene2382"
85.820272800332,-0.154053163515402,0.301389564564219,-0.511142991092435,0.609250934321999,0.994277373720757,"Gene2383"
27.946427994195,0.031665417029443,0.329741842428015,0.0960309337640574,0.923496004498467,0.995212746821085,"Gene2384"
327.661063660601,-0.0143327384575307,0.285869046960814,-0.050137426943937,0.960012874840964,0.997510641223454,"Gene2385"
9.76431504789891,-0.118597784643368,0.436960906149232,-0.27141509222993,0.786071795630408,0.994277373720757,"Gene2386"
318.527885151861,0.33877025346953,0.276940673940363,1.2232592946693,0.22123177630555,0.937201247950648,"Gene2387"
141.996379492452,0.00790886419283084,0.283284729071442,0.0279184275790464,0.977727211088927,0.999185276544855,"Gene2388"
3.07449726683198,-1.11499712437588,0.656183266779149,-1.69921602824285,0.0892784874527649,0.873824605647375,"Gene2389"
76.2885101460796,-0.145329075854872,0.285759537503891,-0.50857121734001,0.611052808164342,0.994277373720757,"Gene2390"
154.837842219082,-0.0230170443175397,0.277632712288722,-0.0829046553188705,0.933927352377762,0.995673949128029,"Gene2391"
20.4405983667655,-0.239812218610077,0.320146399562618,-0.749070484433704,0.453814723716871,0.984915063210876,"Gene2392"
54.945703867895,0.188638072285972,0.336577030865139,0.560460325534087,0.575165494005845,0.994277373720757,"Gene2393"
5.89006471654576,0.118277707991873,0.46295279203895,0.255485462072604,0.798348170717896,0.994277373720757,"Gene2394"
19.2259743142089,-0.245451399012922,0.35582423940628,-0.689810788108413,0.490313183532787,0.9852420159146,"Gene2395"
67.8796020522239,-0.177380666056759,0.33992566899567,-0.521821922365676,0.601794324528453,0.994277373720757,"Gene2396"
68.3245363786726,0.595500268739595,0.285650638690055,2.08471534133604,0.0370951472531363,0.764949169179802,"Gene2397"
47.7347892601454,0.0026660430917139,0.348323942242872,0.0076539185751836,0.993893116165333,0.999775694831997,"Gene2398"
21.3998015859562,-0.583795034323397,0.343424192251329,-1.69992402252243,0.0891452176633849,0.873824605647375,"Gene2399"
104.893762605772,0.325172403345348,0.338488036043278,0.960661437687483,0.336722426524061,0.963476060844946,"Gene2400"
265.893490713942,0.525759448385725,0.276271998720964,1.90305007680762,0.0570340112645783,0.848989930934339,"Gene2401"
25.6108860414112,0.0639222179876259,0.374654714667333,0.170616344824018,0.864525445064967,0.994277373720757,"Gene2402"
65.346726514373,0.00391475958031713,0.41408654810869,0.00945396463178414,0.992456939945332,0.999775694831997,"Gene2403"
31.5096935219454,0.508914598002185,0.314541796303629,1.61795540046744,0.105672209605789,0.899911941041004,"Gene2404"
44.4752006798632,0.21410471059558,0.291074469216621,0.735566781833554,0.461994384446304,0.984915063210876,"Gene2405"
65.8746366488885,-0.290727919868232,0.319138940247816,-0.910976014529839,0.362308011659952,0.965556424919003,"Gene2406"
42.9768798011907,0.523876855170695,0.375371814817843,1.39562118009558,0.162828600934681,0.922991707713332,"Gene2407"
35.9415527743879,0.72048419242415,0.271966265293356,2.64916750482638,0.00806903274770139,0.424685934089547,"Gene2408"
30.1398766775511,-0.493397738832986,0.3228797128487,-1.52811625877588,0.126483675364818,0.921592508351087,"Gene2409"
61.9485901876315,-0.192264588314405,0.339568416672666,-0.566202800008172,0.571255926736542,0.994277373720757,"Gene2410"
38.611830889535,-0.147061147255343,0.327663216538498,-0.448817993087314,0.653562957809215,0.994277373720757,"Gene2411"
29.7893832218602,-0.323195852562856,0.309142923453299,-1.04545770918052,0.295811476718717,0.95794362182403,"Gene2412"
98.1742422579188,0.00371251377018287,0.33444917941128,0.011100382356201,0.991143358183022,0.999775694831997,"Gene2413"
79.5594079399235,0.352966679650801,0.337957900710495,1.04441020289436,0.296295645137173,0.95794362182403,"Gene2414"
61.4512651803441,-0.0808142948311736,0.323889216285125,-0.249512150352148,0.802964643435847,0.994277373720757,"Gene2415"
14.3746752436702,-0.525147723397641,0.376749666873488,-1.39389034569202,0.163350720091552,0.922991707713332,"Gene2416"
108.342262913503,0.407172972466047,0.262095850907582,1.55352696754296,0.120297291761103,0.918506127595565,"Gene2417"
76.9032872691432,-0.0101504762367628,0.351334753454175,-0.0288911818058634,0.976951378587216,0.999185276544855,"Gene2418"
42.3236449188486,0.263189790817096,0.311776337589299,0.844162173602134,0.398578788807834,0.980364826863959,"Gene2419"
126.362136924806,0.0992458960472924,0.307651692819972,0.322591743726786,0.747004447269312,0.994277373720757,"Gene2420"
226.301792846908,0.0856219466156073,0.271643729184428,0.315199422687486,0.752610243869243,0.994277373720757,"Gene2421"
84.5978249899109,0.596136274403701,0.349603010203033,1.70518061059455,0.0881607450520584,0.873824605647375,"Gene2422"
131.779697189035,0.368668486867614,0.263384647765661,1.39973415305369,0.161592942462177,0.922991707713332,"Gene2423"
231.558799983471,-0.112997753335698,0.268934637935958,-0.420168090666722,0.674362663539163,0.994277373720757,"Gene2424"
433.407023170096,0.277649806725741,0.254779540044478,1.08976492648221,0.275816707575639,0.95794362182403,"Gene2425"
24.9455037523027,0.155247962340558,0.367510600567599,0.422431249876294,0.672710272285794,0.994277373720757,"Gene2426"
28.9982442807652,0.0698311984728792,0.295179866097071,0.236571685583443,0.812989088343921,0.994277373720757,"Gene2427"
44.1267932993005,0.179172460749716,0.280196253087262,0.639453450128455,0.522527986997623,0.994277373720757,"Gene2428"
195.612662080842,0.248826143014864,0.303210970567312,0.820637005809211,0.411853062389319,0.982830442885154,"Gene2429"
95.2514110231035,0.385427323054796,0.307366562377293,1.2539663393238,0.20985424044984,0.937201247950648,"Gene2430"
152.651565301672,-0.27467944444701,0.289575570501958,-0.948558761261779,0.342845073437462,0.963476060844946,"Gene2431"
85.8122242177645,0.214443527779287,0.272014752029191,0.78835256610007,0.430490508096447,0.984915063210876,"Gene2432"
34.8225283093857,0.589965729787763,0.289442118373256,2.03828569630271,0.0415213695085667,0.802345304513366,"Gene2433"
6.05946432325651,-2.00124701578076,0.577204235118377,-3.46713848239581,0.000526030807614656,0.0467582940101916,"Gene2434"
7.25446670849843,0.856282192324133,0.485596914126772,1.76336003671677,0.0778397854704683,0.873824605647375,"Gene2435"
538.147371972452,0.36274204400411,0.325556462657018,1.1142216039688,0.265184129428005,0.95794362182403,"Gene2436"
56.9930673961305,0.326741339086613,0.293195787274609,1.11441348500886,0.265101840838762,0.95794362182403,"Gene2437"
117.508412332062,0.0960914982010022,0.320855659330476,0.299485127990307,0.764569917759333,0.994277373720757,"Gene2438"
129.711136825075,0.174171832612644,0.333241514265088,0.522659468154057,0.601211248906843,0.994277373720757,"Gene2439"
306.3101618084,-0.23767444704835,0.307050952430435,-0.774055397539262,0.438898032039031,0.984915063210876,"Gene2440"
111.148291006412,0.208396389964527,0.273377296746855,0.762303206756414,0.445879060439038,0.984915063210876,"Gene2441"
68.2190783242968,-0.428166292633627,0.298010316549858,-1.43674990044176,0.15078907048374,0.922991707713332,"Gene2442"
117.471066426618,0.0963268579354825,0.314255858523897,0.306523666377909,0.759205963309651,0.994277373720757,"Gene2443"
80.438137001385,0.155904419183961,0.253073139607252,0.616044908700745,0.53786488057787,0.994277373720757,"Gene2444"
27.0246083829574,-0.218052724643171,0.353500110671078,-0.616839197671606,0.537340794696428,0.994277373720757,"Gene2445"
148.507910000005,0.0119896876940854,0.282555024425426,0.0424331073866634,0.96615343623063,0.997510641223454,"Gene2446"
64.8999285901389,-0.526476518408896,0.27945537397068,-1.88393771401989,0.0595734010775576,0.848989930934339,"Gene2447"
51.8265023792131,0.636289948822756,0.292495004416159,2.17538740565103,0.0296010974897356,0.696496411523191,"Gene2448"
17.5270095359244,0.251048388849783,0.418404455688464,0.600013660076097,0.548497131790589,0.994277373720757,"Gene2449"
198.980114255645,0.341306032996558,0.320925411231235,1.06350578998133,0.287552640874999,0.95794362182403,"Gene2450"
20.51456985748,-0.160140830679089,0.360747343922127,-0.443914094939693,0.657104693629001,0.994277373720757,"Gene2451"
48.5038865797849,-0.232698105975023,0.338905939496893,-0.686615602902871,0.492324993454913,0.9852420159146,"Gene2452"
53.8834917810788,0.0201949011899897,0.335572211649645,0.0601804931663242,0.952011881749939,0.997510641223454,"Gene2453"
51.7364190327591,0.211647558510282,0.298005053600238,0.710214662313074,0.477571029808771,0.984915063210876,"Gene2454"
92.2127910518087,0.216688135001155,0.306680080559175,0.706560838923949,0.479839432425766,0.984915063210876,"Gene2455"
142.519439180349,-0.475445814647295,0.319949250484464,-1.48600383944447,0.137278105443266,0.922991707713332,"Gene2456"
108.3880793233,-0.182966954801919,0.327415538721764,-0.558821843081197,0.576283313579702,0.994277373720757,"Gene2457"
8.56052295070838,-0.110972371212286,0.403465056205256,-0.275048283625908,0.783279143314132,0.994277373720757,"Gene2458"
3.14606962259837,0.0714003878838772,0.638486312210565,0.111827593667083,0.91096010816333,0.994566617513272,"Gene2459"
31.1137366208272,0.336633761678745,0.337901917932294,0.996246969353387,0.319130163159809,0.95794362182403,"Gene2460"
39.9243740472699,0.317427310084228,0.344977219654384,0.920139916491422,0.357499647409621,0.963476060844946,"Gene2461"
38.2911919201673,-0.467070366822832,0.329989252600838,-1.41541084487321,0.156948071754976,0.922991707713332,"Gene2462"
10.9106822296115,0.81298833111341,0.411050742360387,1.97782961403978,0.0479479314638802,0.804108669743312,"Gene2463"
20.1105870373517,0.218684562979664,0.302721423616185,0.722395396953903,0.470051416121194,0.984915063210876,"Gene2464"
7.41331285363097,0.634023524177643,0.50419439692094,1.25749815557165,0.208573306493872,0.937201247950648,"Gene2465"
1458.01382433009,-0.223165944142946,0.349852827150229,-0.637885210077543,0.523548406004477,0.994277373720757,"Gene2466"
89.2250582008441,-0.130770273233199,0.327414953546395,-0.399402262531875,0.689596827111534,0.994277373720757,"Gene2467"
50.7184877934284,-0.0397114690043621,0.3539985123593,-0.112179762394187,0.910680875143594,0.994566617513272,"Gene2468"
4.68075126216152,-0.401825452051553,0.508642447885556,-0.78999590718776,0.429530158564424,0.984915063210876,"Gene2469"
40.2533692996833,0.453376952445141,0.342420872357643,1.32403421941992,0.185491680249312,0.930856805539278,"Gene2470"
135.677808155521,-0.225838582688076,0.284359191647122,-0.794201802937788,0.427077959092167,0.984915063210876,"Gene2471"
129.386061529009,0.224610699525269,0.285054103224382,0.787958134910499,0.430721194428366,0.984915063210876,"Gene2472"
93.1241976398138,-0.363054890245097,0.379512852393139,-0.956633979470628,0.338752031821899,0.963476060844946,"Gene2473"
277.84942128355,0.174564092522766,0.306190259669536,0.570116412949154,0.568598743789517,0.994277373720757,"Gene2474"
4.93129022392354,0.525960288747161,0.5293339859049,0.993626524561858,0.320404725873801,0.95794362182403,"Gene2475"
16.322633450387,-0.00106356635593629,0.332737460707213,-0.0031964130328931,0.997449635733975,0.999775694831997,"Gene2476"
55.0008699332591,-0.370803623477466,0.328659418619221,-1.12823063168341,0.259222530599296,0.95794362182403,"Gene2477"
53.1409755684963,-0.300484392058365,0.279243957052438,-1.07606408113583,0.281898598298885,0.95794362182403,"Gene2478"
22.7809751997899,-0.393327911768569,0.32748701822593,-1.20104886569035,0.229732246582662,0.940987103757509,"Gene2479"
247.383845824031,-0.118194057823113,0.29871015967314,-0.395681412217266,0.692340069644142,0.994277373720757,"Gene2480"
4.11532819432379,0.872297481598484,0.545055273342623,1.60038352853465,0.109513526890776,0.899911941041004,"Gene2481"
14.7931224885767,0.172571630208533,0.367813744922176,0.469182113477153,0.638939469384591,0.994277373720757,"Gene2482"
429.991523556459,0.61028105718375,0.306366814127508,1.99199465817389,0.0463716439927993,0.803270269707907,"Gene2483"
147.422046177866,-0.396699208777969,0.303666049213172,-1.30636668078586,0.191427890984924,0.932804035662126,"Gene2484"
10.0182070238878,0.565163758422161,0.459099013998146,1.23102803793964,0.218312377984383,0.937201247950648,"Gene2485"
534.960744582059,2.57193524289631,0.197476282644698,13.0240209530568,8.93396291697962e-39,1.19119505559728e-35,"Gene2486"
77.9669145687503,-0.14197417138534,0.333674701587492,-0.425486771127337,0.670481863220306,0.994277373720757,"Gene2487"
10.8307950859333,0.656927916259632,0.372559026204502,1.76328546633852,0.07785235528715,0.873824605647375,"Gene2488"
74.520383990896,-0.183477631323891,0.336365874587816,-0.545470409412741,0.585430026598583,0.994277373720757,"Gene2489"
133.85190461,0.56849608460919,0.274972978987581,2.06746163460252,0.0386906757113359,0.77366670781468,"Gene2490"
15.0193470033892,0.183423859887112,0.400507923110182,0.457978105558355,0.64696817118512,0.994277373720757,"Gene2491"
85.0556336881147,0.0244923589459988,0.313749381999388,0.0780634492087908,0.937777581742476,0.996618216543728,"Gene2492"
11.9389260083487,0.34990423595005,0.413090266577243,0.847040621046977,0.396972480202928,0.980364826863959,"Gene2493"
90.5083444291423,-0.254487214287544,0.253687064064311,-1.00315408365887,0.315786523226405,0.95794362182403,"Gene2494"
16.6197009135432,0.563883776503669,0.391612334743809,1.43990300221917,0.149894843590654,0.922991707713332,"Gene2495"
32.6885541141462,0.232791538566171,0.310725714306046,0.749186590772097,0.453744750094647,0.984915063210876,"Gene2496"
14.8718205352425,0.737085545924048,0.368463209750384,2.00043186516067,0.0454536503965964,0.803270269707907,"Gene2497"
126.873526149966,-0.199363304392357,0.289939493826051,-0.687603133197042,0.491702734608464,0.9852420159146,"Gene2498"
45.0715070069627,-0.269738092044887,0.312157732961596,-0.864108313081811,0.387528392725998,0.978706191438438,"Gene2499"
107.039182340728,-0.212335650369412,0.28574744087426,-0.743088546024277,0.457428073749662,0.984915063210876,"Gene2500"
100.167167528361,0.571925380381405,0.314268316760395,1.819863313862,0.068779822941081,0.870665779712065,"Gene2501"
55.8920597335408,0.394552187746342,0.330028029210856,1.19551114700704,0.231887383687843,0.945514306576324,"Gene2502"
54.6431594199672,-0.447762253787215,0.273927203895367,-1.63460308950639,0.102132279582697,0.897257944015366,"Gene2503"
71.0081705306778,0.167858957791302,0.304682737679525,0.550930318762794,0.581681442683571,0.994277373720757,"Gene2504"
105.391141966053,-0.22412036851942,0.289111965334889,-0.775202673676317,0.438219908563009,0.984915063210876,"Gene2505"
52.6079242036097,-0.111898027623598,0.2971759775232,-0.376537930677328,0.706517022150243,0.994277373720757,"Gene2506"
87.8171880253079,0.151010053544884,0.260024717916624,0.580752686724593,0.561407146888401,0.994277373720757,"Gene2507"
125.808411456845,0.153193298825366,0.307892024921169,0.497555267514931,0.618797539344297,0.994277373720757,"Gene2508"
122.306842820155,-0.26529828851037,0.27192061484882,-0.975646104131783,0.329239869063418,0.95794362182403,"Gene2509"
241.799548372679,-0.0447231479626022,0.241044790730153,-0.185538745007226,0.852806493662244,0.994277373720757,"Gene2510"
5.25048106247086,-0.586032195024748,0.492507645238839,-1.18989461522076,0.23408781518226,0.948113052984091,"Gene2511"
95.1236105262587,-0.201490180318854,0.269155434619312,-0.748601567729209,0.454097386920763,0.984915063210876,"Gene2512"
57.0417239582694,0.0140704296237841,0.323945679605188,0.0434345339654862,0.96535514954319,0.997510641223454,"Gene2513"
22.2315947713668,0.498620903831334,0.356646110360061,1.39808311193395,0.162088110623432,0.922991707713332,"Gene2514"
19.5346728150627,0.236452943292228,0.335374427361567,0.705041660905493,0.480784310207038,0.984915063210876,"Gene2515"
95.1326735769767,0.161046907473599,0.266026072065103,0.605380165272623,0.54492642700851,0.994277373720757,"Gene2516"
30.7757318262667,0.513196167100735,0.321067704496591,1.59840482213989,0.10995291214991,0.899911941041004,"Gene2517"
36.8212134636103,0.0267990810639948,0.362506397572841,0.0739271947845,0.941068316742283,0.997510641223454,"Gene2518"
95.7089704435304,0.20364008419123,0.30340209152792,0.671188794927902,0.502100265903268,0.991483155252957,"Gene2519"
186.79970774877,0.282914772216668,0.285266370154314,0.991756483821159,0.321316330096976,0.95794362182403,"Gene2520"
597.154355389939,-0.146027947037827,0.238441530753818,-0.612426646382318,0.54025551648509,0.994277373720757,"Gene2521"
141.617391322254,-0.464376719818952,0.300157871956086,-1.54710824937782,0.121837145054906,0.918506127595565,"Gene2522"
603.961250226526,0.131767241087674,0.284994743274429,0.462349724678227,0.643830546469222,0.994277373720757,"Gene2523"
188.747096256077,0.159838920210538,0.276051836633701,0.579017774921133,0.562577179594111,0.994277373720757,"Gene2524"
89.904069331031,-0.555545528558855,0.265959643738255,-2.08883393266084,0.0367226747202215,0.764949169179802,"Gene2525"
87.3310058381653,-0.343879915821599,0.327687205343137,-1.04941514412046,0.29398709116081,0.95794362182403,"Gene2526"
488.167292805235,0.174934961359113,0.307225293740102,0.569402861429437,0.569082775417805,0.994277373720757,"Gene2527"
14.5546942963431,-0.163029100497235,0.428578571496943,-0.380394894517954,0.703652303887416,0.994277373720757,"Gene2528"
55.6475030642542,-0.281694618672021,0.282205402604165,-0.998190027804462,0.318187221125445,0.95794362182403,"Gene2529"
68.2341904398194,0.604879060801713,0.346503770044382,1.74566372170853,0.0808694025170935,0.873824605647375,"Gene2530"
2.66695403846219,-0.806956382989672,0.644712863608908,-1.25165236888958,0.210696563209927,0.937201247950648,"Gene2531"
43.6497758638686,0.1698664086732,0.311672179577961,0.545016269669043,0.585742327905109,0.994277373720757,"Gene2532"
77.9830374735447,-0.557845310191083,0.328281256279042,-1.69929077436243,0.0892644099934815,0.873824605647375,"Gene2533"
1.1335176910625,-0.415592713417846,0.940789283226136,-0.44174898760826,0.658670856410226,0.994277373720757,"Gene2534"
88.4663128133382,0.458396886366382,0.305844183823951,1.49879223019733,0.133927540907194,0.922991707713332,"Gene2535"
49.0899559116244,0.103031852579469,0.257031175624162,0.400853524204882,0.688527969200526,0.994277373720757,"Gene2536"
81.6402033012985,-0.540008229791747,0.253662425520314,-2.128845960075,0.0332670069941875,0.735970949597725,"Gene2537"
137.013564750937,0.319872165266528,0.328866667273331,0.972650004084094,0.330727281322872,0.95794362182403,"Gene2538"
243.950778924697,-0.344776228945422,0.274883305197503,-1.25426398193845,0.209746070919854,0.937201247950648,"Gene2539"
7.59700279670131,-0.122165684095948,0.417931390707761,-0.292310381110791,0.770049322289135,0.994277373720757,"Gene2540"
48.6877615887477,-0.12881898836087,0.286711686477308,-0.449298003662177,0.653216697707619,0.994277373720757,"Gene2541"
21.8029469766134,-0.345589716407785,0.388384976452557,-0.889812267107607,0.373566698573872,0.967162973654038,"Gene2542"
56.831564003326,-0.0212686952391613,0.340369326305232,-0.0624871091353521,0.950174927298409,0.997510641223454,"Gene2543"
47.2243091431994,-0.175460116035963,0.331295219368319,-0.529618617408706,0.596376383577492,0.994277373720757,"Gene2544"
12.0444453418329,0.0583438630402954,0.374031291164633,0.155986582990499,0.876043596985219,0.994277373720757,"Gene2545"
5.25161743530446,0.400723987208336,0.489948948346519,0.817889268995678,0.413420418346119,0.982830442885154,"Gene2546"
683.096652811264,-0.274854628112745,0.267737541229658,-1.02658232704461,0.304617179346363,0.95794362182403,"Gene2547"
10.3487258058863,-0.45520883383571,0.383664502334364,-1.18647628609382,0.235434260992529,0.948275547579697,"Gene2548"
66.8383026042863,0.0602465401150459,0.30691184484987,0.19629916904809,0.844376011742144,0.994277373720757,"Gene2549"
11.4708976435209,0.160310782558504,0.374643839210409,0.427901825094392,0.66872259828745,0.994277373720757,"Gene2550"
365.981608343713,-0.129994390544945,0.286159134094957,-0.454273077656883,0.649632290944014,0.994277373720757,"Gene2551"
6.13919148904046,-0.000188782792953514,0.447203858473012,-0.000422140349142149,0.999663180742931,0.999775694831997,"Gene2552"
17.4362778911842,0.0497571102473448,0.417574182923679,0.119157534833611,0.905150549178119,0.994566617513272,"Gene2553"
10.6538217604572,-0.0899790140081225,0.390454356358716,-0.23044694608416,0.817744484918296,0.994277373720757,"Gene2554"
70.3915089050569,0.540470546393579,0.276926065556244,1.95167813224071,0.0509764304462891,0.822107009743037,"Gene2555"
29.3317779434869,-0.474866531305884,0.287474528884568,-1.65185602059569,0.0985639053471701,0.884430499924414,"Gene2556"
963.499701694234,-0.277766624602785,0.296346217760296,-0.937304436351743,0.34860198160073,0.963476060844946,"Gene2557"
49.964057481131,-0.144018051072225,0.366695612729036,-0.392745498099661,0.694507462678619,0.994277373720757,"Gene2558"
274.200673788733,0.133178530042011,0.25974262581403,0.512732669982953,0.608138333409648,0.994277373720757,"Gene2559"
131.46897309749,0.273694426336,0.281467002303331,0.972385480700311,0.330858812369852,0.95794362182403,"Gene2560"
122.79994712846,0.52771847861099,0.348874482935201,1.51263134572386,0.130373327389148,0.921592508351087,"Gene2561"
94.2018881319575,0.0779333988193401,0.229046740755808,0.340251070860801,0.733667460981119,0.994277373720757,"Gene2562"
65.6934527706898,0.202877547607885,0.327994058491324,0.618540313019883,0.536219232671244,0.994277373720757,"Gene2563"
18.0179263902665,0.0655505708211737,0.34568896312752,0.189622978495246,0.849604579659051,0.994277373720757,"Gene2564"
32.6472413158482,0.299813871584099,0.289208874271923,1.03666898997783,0.299890148772914,0.95794362182403,"Gene2565"
103.340366896884,0.13234431102764,0.269070287327324,0.491857768251622,0.622819894976734,0.994277373720757,"Gene2566"
2.25981663429531,-0.208456336125703,0.727267075173375,-0.286629689754632,0.774395878725089,0.994277373720757,"Gene2567"
7.51033809549306,-0.600559639500332,0.438880467789302,-1.36838999130089,0.171190035442026,0.922991707713332,"Gene2568"
29.2878993633662,0.276213399358355,0.374066929112884,0.738406359560862,0.460267551187771,0.984915063210876,"Gene2569"
6.37826444344631,0.630436124635479,0.469195418649644,1.34365362400573,0.179060420441093,0.926422752380889,"Gene2570"
65.8302390036507,-0.187257689170839,0.312173675885003,-0.599850992047836,0.548605546170512,0.994277373720757,"Gene2571"
92.3222834390819,-0.145619211826051,0.228200006784542,-0.638120979389539,0.523394930878681,0.994277373720757,"Gene2572"
164.831542136516,-0.207195401807315,0.203853941868779,-1.01639144138153,0.309443019604397,0.95794362182403,"Gene2573"
227.073813623563,0.281214623685103,0.31083667552689,0.904702198376123,0.365623176155018,0.965773320271778,"Gene2574"
112.872148019153,0.0324190825791958,0.320546980158785,0.101136758683975,0.919441898422422,0.995066989634656,"Gene2575"
107.182634669957,0.282976956788138,0.284627252760793,0.994201904572917,0.320124581070109,0.95794362182403,"Gene2576"
71.5093984164937,0.0156364004147443,0.282169454991123,0.0554149293559653,0.955807902207217,0.997510641223454,"Gene2577"
60.1808843698392,-0.0834184179668745,0.285120996723272,-0.292571991980784,0.769849324584104,0.994277373720757,"Gene2578"
22.5395518414052,0.40556848546281,0.320587647329678,1.26507832987633,0.2058432501684,0.937201247950648,"Gene2579"
727.477906350062,0.0636435706463228,0.291402844021359,0.218404082019384,0.827114285316826,0.994277373720757,"Gene2580"
20.6030565119535,-0.240360478816474,0.344498784068007,-0.697710673977371,0.485358151487614,0.984915063210876,"Gene2581"
420.517192710041,0.16551892460523,0.356387934586535,0.464434703148011,0.642336331653323,0.994277373720757,"Gene2582"
138.101955860742,-0.344509410422467,0.271424461748568,-1.26926441413228,0.204346773887515,0.937201247950648,"Gene2583"
668.645772511676,-0.267467786772547,0.320344171110858,-0.834938827964463,0.40375215159073,0.982830442885154,"Gene2584"
124.51841789988,0.112333175097141,0.289549827370117,0.387958010949013,0.698047107050956,0.994277373720757,"Gene2585"
33.0818136420955,0.21764825748656,0.380238748355443,0.572398942579898,0.567051732067187,0.994277373720757,"Gene2586"
37.3220254801822,0.186310405009457,0.31627491219154,0.589077406483082,0.555809348841517,0.994277373720757,"Gene2587"
8.79318860717696,-0.241691508190217,0.443428119626499,-0.54505228128923,0.585717560731392,0.994277373720757,"Gene2588"
185.658953108669,-0.370156520565764,0.299751906333486,-1.23487628517015,0.21687655063694,0.937201247950648,"Gene2589"
51.9028059411673,0.14568378597255,0.30812155423122,0.472812706452943,0.636346807950021,0.994277373720757,"Gene2590"
50.0602480542627,0.0269686649478901,0.270712018538407,0.0996212325315138,0.920645036556729,0.995212746821085,"Gene2591"
56.1939862197742,0.189889987345875,0.306699685339703,0.61913981794781,0.535824254176676,0.994277373720757,"Gene2592"
21.1563745762905,0.533259847351023,0.348508871474264,1.53011843025753,0.125987417065664,0.921297382564271,"Gene2593"
34.1850030380655,-0.171578855978064,0.286171733681677,-0.599566049975152,0.548795478793986,0.994277373720757,"Gene2594"
133.163348746265,0.190559188086931,0.275384128947155,0.691975927645048,0.488952446430686,0.9852420159146,"Gene2595"
282.737533533323,0.0615860435824213,0.259420048988039,0.237398935905917,0.812347315164422,0.994277373720757,"Gene2596"
60.3688776679299,-0.00433745861368278,0.346415909627,-0.0125209567261305,0.990009982972172,0.999775694831997,"Gene2597"
68.637815783395,-0.215051112443246,0.352962142942797,-0.609275291254388,0.542341982002901,0.994277373720757,"Gene2598"
66.9828695547116,-0.284271760895235,0.312821905984984,-0.908733549206366,0.363490790478251,0.965773320271778,"Gene2599"
70.797986720794,-0.153193765945007,0.287364726535134,-0.533098713234997,0.593965249763043,0.994277373720757,"Gene2600"
40.4033556465468,-0.360725225025727,0.382387584541985,-0.943349731026951,0.345502046460716,0.963476060844946,"Gene2601"
111.258155667997,-0.0929185057829132,0.303718299765659,-0.305936474208524,0.759653014160332,0.994277373720757,"Gene2602"
121.57700200279,-0.626107105536339,0.320611027737285,-1.95285580148348,0.050836684207053,0.822107009743037,"Gene2603"
78.1742859253533,0.0510973509982991,0.392315710854269,0.130245487459665,0.89637220727186,0.994277373720757,"Gene2604"
107.362190731047,0.059546725246508,0.352468739531417,0.16894186226464,0.865842371100254,0.994277373720757,"Gene2605"
27.1368543811332,-0.0716904307934118,0.36671175505195,-0.195495316977924,0.845005203465255,0.994277373720757,"Gene2606"
56.187535809276,0.224283262162663,0.306442668230108,0.731893059990745,0.464233842426876,0.984915063210876,"Gene2607"
118.241407319785,-0.324690798391717,0.267921955789773,-1.21188574275148,0.225556120430622,0.939836788924798,"Gene2608"
41.901776828261,0.25798594885286,0.312162805211681,0.826446791692292,0.408550689450872,0.982830442885154,"Gene2609"
47.5538774748491,-0.0659243016961648,0.266058483934033,-0.247781242384701,0.804303668851952,0.994277373720757,"Gene2610"
34.8926528247214,0.159318123384699,0.341200794231717,0.466933624065667,0.640547367836016,0.994277373720757,"Gene2611"
112.196071355913,-0.22189230833611,0.263231177669886,-0.84295602937423,0.399253035875593,0.980364826863959,"Gene2612"
85.7303235393049,-0.399987383346518,0.320888453966731,-1.24649976776038,0.212580974417943,0.937201247950648,"Gene2613"
1460.57281489735,0.507330199244592,0.220821910983711,2.29746313209841,0.0215923639106504,0.58754731729661,"Gene2614"
42.4082733058,-0.449405224975349,0.286433680362516,-1.56896781274665,0.116655439172754,0.916850469645478,"Gene2615"
57.7036912367518,-0.00859741538869104,0.269648104883133,-0.0318838339042554,0.974564690761218,0.998762776352692,"Gene2616"
17.0714696066868,-0.151046410894392,0.370128641910282,-0.408091657308179,0.68320638469874,0.994277373720757,"Gene2617"
146.953225194378,0.145873488522121,0.266574260809812,0.547215204044756,0.584230891930812,0.994277373720757,"Gene2618"
39.0622387622397,-0.179642941330174,0.356164433404477,-0.504382033919044,0.613992940654151,0.994277373720757,"Gene2619"
58.543119428519,0.171159169602547,0.285864000721662,0.598743350580896,0.549344044096807,0.994277373720757,"Gene2620"
142.237691607881,-0.275602246429167,0.28820141716896,-0.956283453205899,0.33892904738354,0.963476060844946,"Gene2621"
355.11923364022,-0.555852139281374,0.277347668296965,-2.00417094794612,0.0450517515004883,0.803270269707907,"Gene2622"
38.2937837700043,0.0754554351816311,0.375698199468458,0.200840555766267,0.840823250070535,0.994277373720757,"Gene2623"
34.973982357517,-0.170073130700695,0.309068273183,-0.550276898204931,0.582129466964613,0.994277373720757,"Gene2624"
78.245118362579,0.415281370705804,0.286799761373076,1.4479836688762,0.147621617978705,0.922991707713332,"Gene2625"
250.524849350061,0.041233595638081,0.311038473584445,0.13256750897373,0.894535429654791,0.994277373720757,"Gene2626"
54.8104976235728,-0.514757886571728,0.356238075632752,-1.44498278477789,0.14846272122466,0.922991707713332,"Gene2627"
65.3271680268498,0.102976199919613,0.263601117745153,0.390651605730935,0.696054774824484,0.994277373720757,"Gene2628"
149.239559584941,-0.170526440488861,0.249675916386326,-0.682991146911436,0.494612436755557,0.987301698596324,"Gene2629"
129.180224078318,0.126990779522806,0.300787712632575,0.422194039814156,0.672883391550291,0.994277373720757,"Gene2630"
160.823920992777,-0.0955959739386027,0.247836044470147,-0.385722642333883,0.699702091966126,0.994277373720757,"Gene2631"
5.16699644757982,-0.091430249606903,0.489660387439785,-0.186721760534788,0.851878793717556,0.994277373720757,"Gene2632"
13.4918535604461,-0.579891754077671,0.360987666338994,-1.60640323243927,0.108185341124263,0.899911941041004,"Gene2633"
13.24149792765,0.570042025827188,0.383720451779172,1.48556591962746,0.137393975125472,0.922991707713332,"Gene2634"
84.3501500450882,0.0728250105357615,0.267919617488887,0.271816641193816,0.785763008997514,0.994277373720757,"Gene2635"
8.81474312762124,0.0795386143848376,0.452819994340647,0.175651727792307,0.860567561180595,0.994277373720757,"Gene2636"
36.2632103395639,0.132874069583104,0.348578585451895,0.381188274692338,0.703063548951466,0.994277373720757,"Gene2637"
92.0262335430229,-0.100234270267237,0.260238729411541,-0.385162771482512,0.700116823635241,0.994277373720757,"Gene2638"
565.55851191583,-0.369919473889479,0.275720038672918,-1.34164885392428,0.179709877855743,0.926422752380889,"Gene2639"
40.0608607960329,0.480972098083328,0.370526493431535,1.29807748328312,0.194260710824402,0.934198910468991,"Gene2640"
40.7308388465717,-0.209621605892098,0.350141683941892,-0.598676522978297,0.549388615749218,0.994277373720757,"Gene2641"
54.1065112446428,0.388307501637783,0.340352151750991,1.14089921171375,0.253911867515308,0.95794362182403,"Gene2642"
22.1963238718201,0.114140555414241,0.31486904029364,0.362501677865173,0.716977169919711,0.994277373720757,"Gene2643"
1.12897042100984,1.87154780571023,1.10534492708204,1.69317989331245,0.0904212305878526,0.873824605647375,"Gene2644"
283.630260830157,-0.0786678932847732,0.32431164252231,-0.242568822608215,0.808339435896649,0.994277373720757,"Gene2645"
28.4883407361998,0.350057476334566,0.309259280216649,1.13192230186055,0.257667101629363,0.95794362182403,"Gene2646"
21.2338796162296,-0.209802541843672,0.33495360486036,-0.626362991170486,0.531076878285376,0.994277373720757,"Gene2647"
80.5627306345765,0.272195884319585,0.300079499785419,0.907079239049074,0.364364895905565,0.965773320271778,"Gene2648"
26.4351429461721,-0.221194612104969,0.320748923181782,-0.689619188462897,0.490433697213507,0.9852420159146,"Gene2649"
143.990887186583,-0.061176756409742,0.252081203786306,-0.242686703692524,0.808248108493432,0.994277373720757,"Gene2650"
30.2008047329999,0.466785508989503,0.39833602319345,1.1718385529064,0.241261880984533,0.955211454798614,"Gene2651"
152.894510776545,0.399613224323693,0.245914848508098,1.62500648801015,0.104161176394996,0.899911941041004,"Gene2652"
33.6777092691787,0.496469028108117,0.363467105264571,1.36592561174616,0.171962312981885,0.922991707713332,"Gene2653"
14.7052628995035,-0.415266308490455,0.355902122685042,-1.16679919006257,0.243291474184009,0.957320151425211,"Gene2654"
117.594719553095,0.0178260264438936,0.291881948354313,0.0610727266430837,0.951301289579725,0.997510641223454,"Gene2655"
988.945081685925,0.221342877991932,0.292730937639883,0.756130799759292,0.449570777288639,0.984915063210876,"Gene2656"
14.6936686082381,-0.160950334246387,0.352385447210373,-0.45674512248033,0.647854254120824,0.994277373720757,"Gene2657"
30.7862783785765,0.575790662682142,0.355409738641772,1.62007564813101,0.105216027766523,0.899911941041004,"Gene2658"
12.6816477719137,-0.50184971251566,0.374304978531131,-1.3407508350144,0.180001363655043,0.926422752380889,"Gene2659"
421.315663538334,0.0913938475373323,0.290017167634809,0.315132542954891,0.752661020682544,0.994277373720757,"Gene2660"
63.5413212861128,0.0763156458299022,0.29586949217583,0.257936853403423,0.796455642043687,0.994277373720757,"Gene2661"
3.15008225374896,0.0732722581653516,0.600548457963662,0.122008902352032,0.902891967890246,0.994566617513272,"Gene2662"
2.91054508928629,0.821502050259401,0.694340033346689,1.18314083994235,0.236753334521257,0.948275547579697,"Gene2663"
181.622723935668,-0.272721809041626,0.313944004376653,-0.868695707641,0.385013589813469,0.978706191438438,"Gene2664"
69.0997304827684,-0.184195802122252,0.276868731676514,-0.665282067089691,0.505870098362527,0.991483155252957,"Gene2665"
4.12411804498084,0.281615075288744,0.557059414780607,0.505538669335039,0.613180545639186,0.994277373720757,"Gene2666"
10.8955169448376,0.27768634729304,0.37399731623262,0.7424821923597,0.457795237160061,0.984915063210876,"Gene2667"
75.9022903564587,-0.330705762340677,0.302122533811811,-1.09460806570181,0.273688380470893,0.95794362182403,"Gene2668"
58.9087927764942,0.152326671105156,0.273849683039319,0.556241911309005,0.578045491524902,0.994277373720757,"Gene2669"
6.54777955020045,-0.0385615451886216,0.479376295423236,-0.0804410763668988,0.935886458519015,0.996153761063347,"Gene2670"
130.003346380951,-0.827656410197526,0.2179587077441,-3.79730830102578,0.000146275817755125,0.0150026479748846,"Gene2671"
30.6939648255366,0.0598468310387143,0.315509320675214,0.189683242671365,0.849557352821225,0.994277373720757,"Gene2672"
237.152465915337,0.125956696804538,0.284698401329969,0.442421510679832,0.658184216051824,0.994277373720757,"Gene2673"
91.9510371039462,0.035001347580165,0.324671966181191,0.107805265702034,0.914150165811129,0.994566617513272,"Gene2674"
182.265186663941,0.515109708095827,0.343633646239714,1.49900835885114,0.133871463587168,0.922991707713332,"Gene2675"
4.52105847865012,-0.630446535945709,0.512286836394464,-1.23065144594163,0.218453255070884,0.937201247950648,"Gene2676"
128.265914621539,-0.174821768586807,0.303829926960904,-0.575393511546026,0.565025191347586,0.994277373720757,"Gene2677"
166.947064673025,-0.420972279673007,0.284657498958237,-1.47887296562937,0.139174269935829,0.922991707713332,"Gene2678"
104.500328687963,0.261207983607444,0.279104343014293,0.935879323074768,0.349335324242961,0.963476060844946,"Gene2679"
12.9172838122717,-0.0733424850747591,0.394958869404096,-0.185696513627904,0.852682762492299,0.994277373720757,"Gene2680"
55.5904700271347,0.0594473110702389,0.321443004214488,0.184938885870329,0.853276970523761,0.994277373720757,"Gene2681"
4.44171642810505,-0.266140544113308,0.521208993853603,-0.510621549612134,0.609616083269563,0.994277373720757,"Gene2682"
26.2529426981984,0.38310643781467,0.278285098527259,1.37666889043699,0.168614641155452,0.922991707713332,"Gene2683"
17.1270929285542,0.109100127579212,0.337537201995654,0.323224008891964,0.746525599491418,0.994277373720757,"Gene2684"
84.9191206044085,-0.129745551621258,0.316338254457709,-0.410148155630679,0.681697269308801,0.994277373720757,"Gene2685"
690.126523924141,-0.243604672790943,0.329552831654826,-0.739197632038842,0.459786998525044,0.984915063210876,"Gene2686"
82.903442784724,-0.25271456432433,0.277768324669813,-0.90980339325852,0.362926204752249,0.965773320271778,"Gene2687"
34.4181825414694,-0.450905759344444,0.324793151537773,-1.38828592046838,0.165049997791472,0.922991707713332,"Gene2688"
142.458072243141,-0.39334365605765,0.358190152813061,-1.09814201470507,0.272142481527434,0.95794362182403,"Gene2689"
132.914242115305,0.0821328153322816,0.268161275238064,0.306281416880073,0.759390386961042,0.994277373720757,"Gene2690"
73.6098057363473,-0.0875016215826285,0.336605870878862,-0.259952749350942,0.794900221399399,0.994277373720757,"Gene2691"
27.7587430963498,-0.120421976410746,0.412896250221816,-0.291651901285256,0.770552788207858,0.994277373720757,"Gene2692"
105.220519071469,-0.166560430898838,0.382009857287526,-0.436010819410542,0.662828879676237,0.994277373720757,"Gene2693"
122.923887595965,0.212418064205798,0.283947588692244,0.748088987774523,0.454406483883568,0.984915063210876,"Gene2694"
78.0174819592991,-0.230828061931275,0.345874790174542,-0.667374635239504,0.504532863560075,0.991483155252957,"Gene2695"
538.154322243331,0.0827504847681253,0.272363754374381,0.303823410564313,0.761262430268461,0.994277373720757,"Gene2696"
819.235524871445,-0.0295872006347315,0.306656170459748,-0.0964833043808427,0.923136733233845,0.995212746821085,"Gene2697"
18.2546147783181,-0.544857285603555,0.366247312021799,-1.48767586196271,0.136836396273321,0.922991707713332,"Gene2698"
98.4466117841035,0.273347812228034,0.244464925935178,1.11814736278575,0.263504060927856,0.95794362182403,"Gene2699"
11.9562238266825,-0.196201968459447,0.342685536795499,-0.572542308888083,0.566954631201684,0.994277373720757,"Gene2700"
26.4150692709614,0.272130236098351,0.414612961802003,0.656347633020469,0.511600476084812,0.993765320745238,"Gene2701"
29.168441758929,-0.267751956407003,0.348780316838673,-0.767680810757593,0.442676839274741,0.984915063210876,"Gene2702"
43.6488359074888,-0.0650768825683357,0.278640958546794,-0.233551028921712,0.815333549550283,0.994277373720757,"Gene2703"
500.74028783596,-0.0532173436806485,0.333640571502132,-0.15950501295766,0.873271009112754,0.994277373720757,"Gene2704"
20.0977571814762,0.173701014402219,0.366563691370445,0.473863119810956,0.635597520070384,0.994277373720757,"Gene2705"
99.8768786017039,0.041919588442169,0.288038443503658,0.145534699925,0.884288720804522,0.994277373720757,"Gene2706"
126.554320442038,0.307435654437523,0.290652936663141,1.05774143542831,0.29017333911024,0.95794362182403,"Gene2707"
73.2169217399506,-0.48287719765693,0.349321543599607,-1.38232870690164,0.166870795450189,0.922991707713332,"Gene2708"
99.04616050671,-0.103045568433999,0.363747658842337,-0.28328860936714,0.776955608216625,0.994277373720757,"Gene2709"
18.3288680674265,0.215489919672034,0.36476431135865,0.590764811583105,0.554678015350275,0.994277373720757,"Gene2710"
28.4232340497252,0.477578519999976,0.325054937241955,1.46922401503008,0.141772038635977,0.922991707713332,"Gene2711"
22.210967692868,0.136259717187526,0.350388622241603,0.38888168318882,0.69736367248468,0.994277373720757,"Gene2712"
4.03978226555448,-0.465611184265858,0.552371333773918,-0.842931477063996,0.399266767994228,0.980364826863959,"Gene2713"
94.4541965355188,0.134355310950579,0.339681990942537,0.395532629144614,0.692449846041542,0.994277373720757,"Gene2714"
34.6566305456976,-0.610566771168698,0.39802950160278,-1.53397365951538,0.125036133024463,0.918506127595565,"Gene2715"
40.6088556213864,-0.51615752599714,0.29850823802837,-1.72912322087435,0.0837870440317294,0.873824605647375,"Gene2716"
110.136594671414,-0.354787369193341,0.310600637187543,-1.14226220656179,0.253345045660726,0.95794362182403,"Gene2717"
61.2022433245848,0.390322155813517,0.314357343413833,1.2416511463506,0.214365302164261,0.937201247950648,"Gene2718"
53.7391476292537,0.536713408234054,0.361419481192962,1.48501515873601,0.13753980860664,0.922991707713332,"Gene2719"
24.3876289318015,0.402607062714843,0.290885047997238,1.38407616853055,0.166335133223756,0.922991707713332,"Gene2720"
346.224083470906,-0.163721963357864,0.292885636665565,-0.558996218530209,0.576164300937831,0.994277373720757,"Gene2721"
51.8671484980252,0.0822239395046337,0.413082133728506,0.199049856653144,0.842223744846987,0.994277373720757,"Gene2722"
63.0131602005065,0.25717093253638,0.270847489789205,0.949504581846156,0.34236404279164,0.963476060844946,"Gene2723"
160.720767310662,0.187366568295041,0.28978231520158,0.64657695955222,0.517905773830092,0.994202950165992,"Gene2724"
65.1302239590444,0.219905054836768,0.309091499193034,0.7114561720749,0.47680160088037,0.984915063210876,"Gene2725"
15.7431114451719,0.307534469763668,0.376860059474966,0.816044210660367,0.414474850277495,0.982830442885154,"Gene2726"
33.128562950959,0.0687184353786982,0.328464822231855,0.209210943539615,0.834283569746632,0.994277373720757,"Gene2727"
22.0366459986248,-0.416821072987824,0.369195967382898,-1.12899681960917,0.258899175319321,0.95794362182403,"Gene2728"
7.43880756735798,0.252156596116858,0.476466954585796,0.529221583343726,0.59665174593784,0.994277373720757,"Gene2729"
46.3554841993923,0.525785082524613,0.365242039352148,1.43955247719356,0.14999405299129,0.922991707713332,"Gene2730"
122.431502065792,0.284814231440993,0.242049441471736,1.17667791220353,0.239324087098125,0.951275491193598,"Gene2731"
24.9661291293765,0.136564968869007,0.365088411644705,0.37405999345142,0.708359682228673,0.994277373720757,"Gene2732"
82.4318032128708,0.300509579450875,0.397647005014439,0.75571945887022,0.449817414759288,0.984915063210876,"Gene2733"
144.983660073538,-0.376916739065998,0.307535214540159,-1.22560513803137,0.220347303387725,0.937201247950648,"Gene2734"
49.4950008070639,0.248193184973689,0.345416904139068,0.718532249000078,0.472429170898094,0.984915063210876,"Gene2735"
23.160061263835,0.556797528261314,0.337916854316577,1.64773529685997,0.0994070015732855,0.887562514047192,"Gene2736"
28.099881306735,-0.118766015323199,0.304875876905964,-0.389555305354093,0.696865407276784,0.994277373720757,"Gene2737"
32.8860912899205,-0.105972246108503,0.296935806616267,-0.356886046570502,0.721177115961597,0.994277373720757,"Gene2738"
348.718370889657,0.140704468820464,0.255020858947761,0.551737098686842,0.581128488514253,0.994277373720757,"Gene2739"
58.4381822552671,-0.00392825434066175,0.321880356873775,-0.0122040822211534,0.990262792926898,0.999775694831997,"Gene2740"
22.6882454934975,0.48483162971454,0.314094657182063,1.5435844533755,0.122689033674364,0.918506127595565,"Gene2741"
33.979503770343,0.323510926148155,0.296838618669951,1.0898545734976,0.275777209738694,0.95794362182403,"Gene2742"
52.0186541920612,-0.207244006296754,0.281169067356467,-0.737079680368996,0.461073895213888,0.984915063210876,"Gene2743"
67.3463996128922,-0.0126661248690032,0.298008505921177,-0.0425025615622976,0.966098069765916,0.997510641223454,"Gene2744"
235.957165302633,-0.117124301310484,0.277877672938209,-0.421495905273859,0.673393000606627,0.994277373720757,"Gene2745"
37.9061357454046,-0.0308525552631893,0.322803642057346,-0.095576849959172,0.923856652067807,0.995212746821085,"Gene2746"
177.701534823537,0.259217428647708,0.288920827805859,0.897191907611072,0.369616522613404,0.965773320271778,"Gene2747"
27.0841807310578,0.198389501164151,0.351691261326455,0.564101309813316,0.572685186709938,0.994277373720757,"Gene2748"
73.0122819949295,-0.0987265639598919,0.310654286120998,-0.317802033870663,0.750635107822969,0.994277373720757,"Gene2749"
35.3679811459431,0.0659212869160987,0.336671204769276,0.195803163389857,0.844764233975485,0.994277373720757,"Gene2750"
170.473293745375,0.11660484784175,0.34385816118256,0.33910740242644,0.734528822162527,0.994277373720757,"Gene2751"
305.758648185291,-0.00823818853564697,0.347896712275005,-0.0236799838715775,0.981107872085759,0.999775694831997,"Gene2752"
353.678403303805,-0.247698523247532,0.274512358558193,-0.902321937520432,0.366885875365806,0.965773320271778,"Gene2753"
123.211606903309,-0.152786432812373,0.335831522874853,-0.454949647086313,0.649145464364785,0.994277373720757,"Gene2754"
114.426626084,2.73410179567916,0.247870892371763,11.0303463610341,2.72812334116967e-28,1.36406167058483e-25,"Gene2755"
42.90608500216,-0.422313550429305,0.308289405208306,-1.36986073246323,0.17073037946085,0.922991707713332,"Gene2756"
82.63974053622,0.0515031892340184,0.261739429454613,0.196772757323327,0.844005370803892,0.994277373720757,"Gene2757"
5.56699686923199,-0.727354721549658,0.511744168388204,-1.42132488551954,0.155222332149098,0.922991707713332,"Gene2758"
299.992482099888,-0.335088748480253,0.347725288307629,-0.9636594166364,0.335216707330251,0.963476060844946,"Gene2759"
14.5274165867492,-0.519422508337682,0.364464530266624,-1.42516614156581,0.154109181084481,0.922991707713332,"Gene2760"
27.3731280753497,0.349354535700012,0.345202777914411,1.01202701151678,0.311525138464909,0.95794362182403,"Gene2761"
300.966077401754,-0.00553087033247816,0.321386235082639,-0.0172094188509847,0.986269548146234,0.999775694831997,"Gene2762"
82.5861691430031,-0.145891344517715,0.310882191575957,-0.469281768049006,0.638868245425591,0.994277373720757,"Gene2763"
108.721544877472,0.312232442480248,0.297057413531991,1.05108449833932,0.293219783033551,0.95794362182403,"Gene2764"
18.3429981977977,0.0377277806617842,0.342298984392271,0.110218792289925,0.912235858980678,0.994566617513272,"Gene2765"
8.15696253493195,-0.491723637468839,0.403623726606369,-1.21827237859183,0.223120482874241,0.937838971619224,"Gene2766"
20.1925371972899,0.0440602656011144,0.356819451250222,0.123480559837017,0.901726567476946,0.994566617513272,"Gene2767"
92.474798169062,-0.438194772595657,0.338837804706917,-1.29322869676446,0.195931973307452,0.934198910468991,"Gene2768"
99.7630593642331,-0.303055535027628,0.287290555680173,-1.05487468709207,0.291482640533689,0.95794362182403,"Gene2769"
48.7972129991984,-0.0863621424004316,0.320384111645067,-0.269558131197551,0.787500214730904,0.994277373720757,"Gene2770"
32.4484647512158,0.213127825236989,0.297564878919786,0.716239853341166,0.473843258583527,0.984915063210876,"Gene2771"
80.8086469209617,0.246767786061129,0.336686599331712,0.73293022814373,0.463600985377171,0.984915063210876,"Gene2772"
23.8866895340002,-0.234388837615552,0.374506620543961,-0.625860331321003,0.531406555629986,0.994277373720757,"Gene2773"
103.364556876278,-0.747080383280103,0.269469147060389,-2.77241528920815,0.00556419995227032,0.345534173523245,"Gene2774"
16.9542272136162,0.108891183900864,0.412880320282962,0.263735466554173,0.791983764433188,0.994277373720757,"Gene2775"
433.504573679342,0.30622352520318,0.283222677565419,1.08121117925823,0.279603186309119,0.95794362182403,"Gene2776"
2.90685504996014,0.822266988848073,0.635912561106709,1.29305039582336,0.195993629674908,0.934198910468991,"Gene2777"
295.019972689636,0.0133622748230671,0.328141893492533,0.0407210267511032,0.967518298573722,0.997510641223454,"Gene2778"
21.2514207398296,-0.520960775609303,0.322650435411371,-1.61462907975032,0.106391044120123,0.899911941041004,"Gene2779"
245.492032745393,-0.165407641275925,0.286274160747528,-0.57779451992456,0.56340285554478,0.994277373720757,"Gene2780"
10.580342738493,-0.242532091817359,0.378825569202801,-0.64022101868082,0.522028919883422,0.994277373720757,"Gene2781"
31.349260780292,0.266748093024064,0.335989067250602,0.793918966491567,0.427242607362042,0.984915063210876,"Gene2782"
87.7893346137168,0.0821883696474849,0.328142130332595,0.250465764832395,0.802227176795774,0.994277373720757,"Gene2783"
13.5705318759821,0.0693459115777869,0.371962664338214,0.186432452034306,0.852105645469767,0.994277373720757,"Gene2784"
32.3231544248093,0.0417324340566265,0.326354195227992,0.127874667054524,0.898248159195201,0.994277373720757,"Gene2785"
82.2613654255034,-0.61341717249034,0.297878669250884,-2.05928532591133,0.0394669133658318,0.777673169770085,"Gene2786"
96.6214534377686,-0.341637091955189,0.292300493689218,-1.16878725602984,0.242489356150684,0.957320151425211,"Gene2787"
15.3379597324988,-0.0928809226556918,0.352198479991552,-0.263717556810352,0.791997565939279,0.994277373720757,"Gene2788"
13.2364488087322,-0.175701625651373,0.401858751868917,-0.437222344503488,0.661950106488136,0.994277373720757,"Gene2789"
67.5377838282826,0.0521176347822689,0.299985289474576,0.17373396833409,0.862074540594126,0.994277373720757,"Gene2790"
281.8063177604,-0.358725254790112,0.317600545459705,-1.12948563822799,0.258693024657085,0.95794362182403,"Gene2791"
108.348585970427,-0.217192514713098,0.290249366026773,-0.748296258786879,0.454281480635539,0.984915063210876,"Gene2792"
7.11152621745852,-0.132527844406353,0.437486489112977,-0.3029301423115,0.761943099728402,0.994277373720757,"Gene2793"
25.3652713755586,-0.277681523472678,0.303155680340873,-0.915970049317395,0.359682604105114,0.964952994866733,"Gene2794"
7.43279092562909,0.000290160967256915,0.418464044244123,0.000693395218174686,0.999446750705217,0.999775694831997,"Gene2795"
136.12872419416,-0.114298844855013,0.355463195752345,-0.321549027355975,0.747794364700257,0.994277373720757,"Gene2796"
17.2842831868672,0.405430907695805,0.320898114486143,1.26342564631464,0.206436252195579,0.937201247950648,"Gene2797"
46.1328537060725,0.319110932478231,0.322524039796189,0.98941751033469,0.322458910819775,0.95794362182403,"Gene2798"
114.586052093844,-0.310844545584063,0.301639411299216,-1.03051701448826,0.302767369365092,0.95794362182403,"Gene2799"
45.7045415434098,-0.232875395712092,0.386736649044546,-0.60215497105698,0.547070985938289,0.994277373720757,"Gene2800"
21.0022139459558,0.0891624224364711,0.334100274101864,0.266873239407419,0.789566761459614,0.994277373720757,"Gene2801"
66.2437759863373,-0.29203444246206,0.294513431113513,-0.991582765369716,0.321401099970844,0.95794362182403,"Gene2802"
10.5774896986905,-0.112900302524842,0.399299212109613,-0.282746118952645,0.777371460304064,0.994277373720757,"Gene2803"
1001.01712998549,0.650238256766546,0.284912036632162,2.28224214200554,0.0224750483303286,0.607433738657529,"Gene2804"
2.66985489160742,-0.0889102889341349,0.637326724494911,-0.139505038023625,0.889051075102935,0.994277373720757,"Gene2805"
722.997848394219,-0.0552616573965991,0.256517428344432,-0.215430420276933,0.829431754805259,0.994277373720757,"Gene2806"
85.8617219736888,0.0567249037188011,0.358327013822972,0.158304848729115,0.874216587588506,0.994277373720757,"Gene2807"
22.3150993803989,-0.3798253110562,0.358677006619288,-1.05896197427386,0.289617097802885,0.95794362182403,"Gene2808"
68.1581888172242,-0.349998038130254,0.291033005148451,-1.20260599979623,0.229128824814284,0.940987103757509,"Gene2809"
42.8670177344777,0.142835598082126,0.30869210051991,0.462712190696029,0.643570678958875,0.994277373720757,"Gene2810"
830.515196064464,-0.31523107908394,0.314001520357193,-1.00391577316361,0.31541921311928,0.95794362182403,"Gene2811"
718.682092180155,0.1045030919301,0.346504023862521,0.301592722546743,0.762962556391253,0.994277373720757,"Gene2812"
182.03225588783,-0.310405864605702,0.31827878780678,-0.975264065647197,0.329429290372781,0.95794362182403,"Gene2813"
37.0699894396248,-0.04618368576595,0.279776882970592,-0.165073272943728,0.868886309494508,0.994277373720757,"Gene2814"
57.7377442823656,-0.263608085769854,0.268023060948516,-0.983527629439655,0.325347823854561,0.95794362182403,"Gene2815"
16.1596740960051,0.555840699581938,0.412759159585201,1.34664655326008,0.178094093292977,0.926367195282063,"Gene2816"
19.8720639428395,-0.399928242110155,0.424804859209336,-0.941439895142719,0.346479477001535,0.963476060844946,"Gene2817"
39.2722755899126,-0.678697391320624,0.382090767621948,-1.77627267872682,0.0756879841327142,0.873824605647375,"Gene2818"
306.563337174109,-0.34963946306621,0.248455362847158,-1.40725263105428,0.159352490073558,0.922991707713332,"Gene2819"
38.3628004757012,-0.0568407677196692,0.326936096516352,-0.173858953860808,0.861976311348683,0.994277373720757,"Gene2820"
72.4153083645588,-0.18872610087676,0.302211149656529,-0.624484242527955,0.532309615589324,0.994277373720757,"Gene2821"
250.277543057474,0.138352157944653,0.312990551675769,0.442033017303262,0.65846531374929,0.994277373720757,"Gene2822"
81.6400619109608,-0.118364855829302,0.34848572024354,-0.33965482357952,0.734116486676259,0.994277373720757,"Gene2823"
83.3944753334561,-0.543797678284877,0.254755028002235,-2.13459056156531,0.0327944690870411,0.735970949597725,"Gene2824"
21.6351055569981,0.107283354877699,0.322912333318517,0.33223678320108,0.739710470730514,0.994277373720757,"Gene2825"
58.3964638076084,0.122244836301199,0.263542193640923,0.463852996790936,0.642753070458414,0.994277373720757,"Gene2826"
16.9540682990113,-0.111150789715289,0.32968068835147,-0.33714680186785,0.736006237800209,0.994277373720757,"Gene2827"
22.2967356181109,-0.230800488013639,0.32722742367263,-0.705321349363861,0.480610277282438,0.984915063210876,"Gene2828"
10.2562176037262,0.066030555856209,0.40296026258554,0.163863690758322,0.869838451248468,0.994277373720757,"Gene2829"
34.5517638731403,-0.124589489565583,0.324917925633985,-0.383449110486845,0.701386795860111,0.994277373720757,"Gene2830"
88.6628347733722,-0.138520452972168,0.262047560373737,-0.528608061737372,0.597077366679957,0.994277373720757,"Gene2831"
46.4725966233738,0.0378657894423408,0.320423081711192,0.118174350112738,0.905929513171041,0.994566617513272,"Gene2832"
15.6646580323489,-0.792129353365335,0.419584196676889,-1.88789129723905,0.0590405451184948,0.848989930934339,"Gene2833"
18.2442105355979,-0.130432416930002,0.377354911067036,-0.34564918357941,0.729606378426848,0.994277373720757,"Gene2834"
11.5384593941675,0.260670472914801,0.434003956023698,0.600617734693108,0.548094623015627,0.994277373720757,"Gene2835"
75.278584702474,0.40321716834676,0.342543700192393,1.17712621227682,0.239145134271415,0.951275491193598,"Gene2836"
74.7352639801643,0.0555474242343919,0.333141374340631,0.166738293447741,0.867575973473834,0.994277373720757,"Gene2837"
9.93379717996712,-0.0246486149032619,0.435022961542699,-0.0566604917033617,0.954815646481593,0.997510641223454,"Gene2838"
7.43284728823306,0.0616543451435852,0.456590652551024,0.13503199156425,0.892586580355894,0.994277373720757,"Gene2839"
47.0366877630238,0.310873803289067,0.359023342688404,0.865887440524652,0.386551891238941,0.978706191438438,"Gene2840"
18.4204645140253,-1.98542198664577,0.344620503332186,-5.76118358440208,8.3526128292164e-09,9.82660332848988e-07,"Gene2841"
8.56329147755035,0.43731120030994,0.445686687722298,0.981207678750376,0.326490338276036,0.95794362182403,"Gene2842"
197.406337136521,-0.000761173696169734,0.237053472860641,-0.0032109788858365,0.997438013924438,0.999775694831997,"Gene2843"
50.3460688558177,0.15079956539843,0.308028093528061,0.489564324056345,0.624442226811758,0.994277373720757,"Gene2844"
62.2629359402715,0.456223097321113,0.349672091119671,1.30471693025388,0.191989254339646,0.932804035662126,"Gene2845"
108.136530031911,-1.11088127866049,0.268695623957599,-4.13434823499692,3.55963386564544e-05,0.0038482528277248,"Gene2846"
98.9020742944034,0.0887612428807089,0.342165112413697,0.259410558413072,0.795318484046918,0.994277373720757,"Gene2847"
36.4376690227691,0.59209425010891,0.338236479407533,1.75053338760516,0.0800263181693697,0.873824605647375,"Gene2848"
13.9019878711202,0.335485291067271,0.35839610633586,0.936074039690825,0.349235068161862,0.963476060844946,"Gene2849"
214.921908351698,0.398304108284023,0.248359863417621,1.60373782946671,0.108771853602522,0.899911941041004,"Gene2850"
5.24821637815863,-0.678683718617278,0.538513887280213,-1.26029009585063,0.207564731515533,0.937201247950648,"Gene2851"
321.873212775523,0.0134835913240971,0.299435458446664,0.0450300421801876,0.964083363037704,0.997510641223454,"Gene2852"
31.752816764492,-0.0969512293706219,0.2843283642071,-0.340983319202034,0.733116139377653,0.994277373720757,"Gene2853"
489.687264600355,0.14566082820653,0.307839150689139,0.473171875248645,0.636090561352965,0.994277373720757,"Gene2854"
114.557681525427,2.18850579999344,0.242496341664977,9.02490233447309,1.79855730487077e-19,3.99679401082394e-17,"Gene2855"
25.6664165389194,-0.477327513168139,0.363765134079882,-1.31218599158906,0.189457387218822,0.932523081212241,"Gene2856"
54.6460002264212,-0.0323484127923876,0.332635625922682,-0.0972487919856987,0.922528821236506,0.995212746821085,"Gene2857"
221.59584146178,-0.613462943637893,0.252900781630947,-2.42570600091346,0.0152786418844034,0.50507907055879,"Gene2858"
4.92537388297495,-1.14576999307797,0.511531014341369,-2.23988372347906,0.0250984725885465,0.646869475068822,"Gene2859"
37.4231029972013,-0.257986536695059,0.330315444387778,-0.781030802762563,0.434784378255774,0.984915063210876,"Gene2860"
72.4978203876031,0.410813348953475,0.27656674108332,1.48540401981925,0.137436831462684,0.922991707713332,"Gene2861"
58.0786367015508,-0.55432063306776,0.36168801136338,-1.53259332809582,0.125376086416795,0.918506127595565,"Gene2862"
53.2215090425439,0.294506974834237,0.3061309274087,0.962029473229456,0.336034799085256,0.963476060844946,"Gene2863"
35.5523830900977,-0.851610561912615,0.346472774142737,-2.45794366965693,0.0139735090050723,0.498590546462874,"Gene2864"
12.2028150507432,-1.19069031329179,0.399881685976727,-2.97760651474567,0.00290508681910413,0.209628261666908,"Gene2865"
1673.25375075229,0.225280790651978,0.305653310728573,0.737046787142551,0.461093897454453,0.984915063210876,"Gene2866"
10.5747492470544,-0.290321900406322,0.400897936932674,-0.724179083154218,0.468955798227792,0.984915063210876,"Gene2867"
210.60099425313,0.17023640191783,0.378797308818344,0.44941291280258,0.65313381800291,0.994277373720757,"Gene2868"
12.4457903033305,-0.075045670596313,0.359834217763635,-0.208556237543836,0.834794676626473,0.994277373720757,"Gene2869"
3.96094177839334,0.29648231748952,0.543966177540909,0.545038147095501,0.585727281536581,0.994277373720757,"Gene2870"
60.5064253925948,-0.134711499345799,0.281775106367014,-0.478081620064537,0.632592113369825,0.994277373720757,"Gene2871"
660.005674210993,0.0786375777588455,0.310972852076923,0.252876021921661,0.800364019127917,0.994277373720757,"Gene2872"
119.637750634651,0.0119043460501682,0.215433548345254,0.0552576241797319,0.955933221561164,0.997510641223454,"Gene2873"
6.62024287472442,-0.427564570167939,0.461575225284553,-0.926316116521102,0.354281722776543,0.963476060844946,"Gene2874"
27.0597011927841,0.0255606049659035,0.320529348518404,0.0797449752543825,0.936440088249786,0.996212859840198,"Gene2875"
24.2427184288735,-0.369668577783076,0.33159216055344,-1.11482906340754,0.264923679482007,0.95794362182403,"Gene2876"
12.1177154406819,0.268576428130754,0.438867581478633,0.61197600247862,0.540553634928415,0.994277373720757,"Gene2877"
195.12019156454,-0.368022865785923,0.282565440770424,-1.30243410086703,0.192768031657473,0.934198910468991,"Gene2878"
1055.76485237133,-0.354069251439055,0.226526841514809,-1.563034424845,0.118044497966855,0.916850469645478,"Gene2879"
10.2620324937442,-0.390245268195405,0.414407312436404,-0.941694937526694,0.346348847668947,0.963476060844946,"Gene2880"
160.940783134589,-0.468380165171109,0.361569370148056,-1.29540885882926,0.195179223639325,0.934198910468991,"Gene2881"
15.9096116426486,-0.341051061807218,0.372458043526069,-0.915676457349343,0.359836616559334,0.964952994866733,"Gene2882"
188.573567941535,-0.415671345956336,0.294566079124095,-1.41113106842564,0.158205970651224,0.922991707713332,"Gene2883"
61.333869926503,-0.0955703834285297,0.352719708896063,-0.270952773599311,0.786427355130855,0.994277373720757,"Gene2884"
35.3685703964984,0.0753020552974315,0.363944132413404,0.206905534643696,0.836083634027699,0.994277373720757,"Gene2885"
113.305219912981,-0.0430817330391894,0.336096085443935,-0.128182787318944,0.898004321421663,0.994277373720757,"Gene2886"
671.388679857387,-0.108731950248468,0.323854563997136,-0.335743146264352,0.737064566476304,0.994277373720757,"Gene2887"
270.815040683553,-0.274305573807738,0.268097636996255,-1.02315550737797,0.306234325793084,0.95794362182403,"Gene2888"
41.4181193593146,-0.347791550564043,0.320114209762986,-1.08646083165614,0.277275160842479,0.95794362182403,"Gene2889"
121.814208113061,0.328625506922553,0.268511631813403,1.22387810428609,0.220998214640188,0.937201247950648,"Gene2890"
13.4994034588453,-0.121457929779621,0.376039442043898,-0.32299252737813,0.746700901313399,0.994277373720757,"Gene2891"
82.4463042820579,-0.284027583471481,0.27594550700193,-1.02928866846705,0.303344046507665,0.95794362182403,"Gene2892"
214.584127195814,-0.226049292231043,0.267150262014724,-0.846150366936883,0.397468866084708,0.980364826863959,"Gene2893"
80.9930523035592,0.53051974375334,0.323923251144364,1.63779457596547,0.10146455344839,0.895934246784897,"Gene2894"
30.8192727247859,0.161751842458739,0.358760597083944,0.45086289791432,0.652088365510072,0.994277373720757,"Gene2895"
49.0267279113002,-0.360365046478826,0.291989375575759,-1.23417177686086,0.217138901818133,0.937201247950648,"Gene2896"
23.8453137560353,-0.423114343924624,0.324167312029361,-1.30523445215938,0.191813026142201,0.932804035662126,"Gene2897"
83.8855926734033,0.307162698735837,0.254188853928334,1.20840349208403,0.226892097234695,0.940987103757509,"Gene2898"
48.5572450658122,-0.549756043926287,0.316333279586727,-1.73790138250555,0.0822281920531523,0.873824605647375,"Gene2899"
42.571594501007,-0.336954875134596,0.326717928535122,-1.03133267477966,0.302384840700649,0.95794362182403,"Gene2900"
24.7065243566086,0.225033694935832,0.322778074239965,0.697177760496004,0.485691555001663,0.984915063210876,"Gene2901"
187.169396540152,0.124938631246279,0.360030632953687,0.34702222480705,0.728574622099802,0.994277373720757,"Gene2902"
77.2900050293865,0.0187730192031648,0.346623370108993,0.0541597042266993,0.956807924906702,0.997510641223454,"Gene2903"
13.3344459341794,-0.298666098485693,0.357261354773544,-0.835987700586892,0.403161822375061,0.982830442885154,"Gene2904"
61.875125763566,-0.442126258216848,0.301749164221709,-1.46521121063321,0.142863301925979,0.922991707713332,"Gene2905"
24.7251461442717,0.20689613569615,0.292001999428857,0.708543558266142,0.478607772470982,0.984915063210876,"Gene2906"
49.225160004355,0.329816620220047,0.328788827266706,1.00312599719974,0.315800072748214,0.95794362182403,"Gene2907"
550.214017087572,-0.47212497299807,0.277793813708644,-1.69955178877109,0.0892152653470295,0.873824605647375,"Gene2908"
14.9515138658941,0.108190219990053,0.347884652572317,0.310994518413147,0.755804788828175,0.994277373720757,"Gene2909"
72.1172501775191,-0.092726906750455,0.299773697504259,-0.309323024409563,0.757075818261848,0.994277373720757,"Gene2910"
10.1835453562231,0.226765723504612,0.399959013086652,0.566972404883604,0.570732930060058,0.994277373720757,"Gene2911"
110.367245009525,-0.00383532171217673,0.365801772484404,-0.0104846996397216,0.991634573300154,0.999775694831997,"Gene2912"
8.48171040465167,0.190278645926925,0.426111704639519,0.446546395828052,0.655202606530116,0.994277373720757,"Gene2913"
6.70555094967471,-0.175459785093538,0.443560601298452,-0.395571167907853,0.692421410422037,0.994277373720757,"Gene2914"
118.243691684611,0.403843287243667,0.284405154138809,1.41995769544515,0.155619997474471,0.922991707713332,"Gene2915"
19.8000771297011,-0.10580035361792,0.330524184680731,-0.320098675139664,0.748893529954231,0.994277373720757,"Gene2916"
3.95206698085301,-0.535491340856287,0.572258890938612,-0.935750146193413,0.349401845175752,0.963476060844946,"Gene2917"
9.53733122978005,0.698752589080392,0.493109188101394,1.41703421055848,0.156472925581507,0.922991707713332,"Gene2918"
176.717305151536,0.371106487253316,0.300052349208671,1.23680580482718,0.216159186514394,0.937201247950648,"Gene2919"
67.9138050768404,0.0840490682703719,0.330437805622335,0.254356695391064,0.79922000303012,0.994277373720757,"Gene2920"
71.9609122861716,0.0863833676418378,0.33199220957232,0.260196971950393,0.794711839877036,0.994277373720757,"Gene2921"
141.147700699307,0.0854260251985243,0.295478511552126,0.28911078761629,0.772496598618076,0.994277373720757,"Gene2922"
65.9000889410174,-0.119685361454601,0.296299998685872,-0.4039330475377,0.686261953795602,0.994277373720757,"Gene2923"
1.210690324408,-0.193140777548362,0.888122001937125,-0.217470997370962,0.827841306889808,0.994277373720757,"Gene2924"
56.0473267974419,-0.0761205397422448,0.287348764899276,-0.264906444852572,0.791081533382253,0.994277373720757,"Gene2925"
10.7378142564623,0.151058621781271,0.392839640600704,0.38452998671489,0.70058567491159,0.994277373720757,"Gene2926"
19.5358958280523,0.140787772075177,0.30795380794688,0.457171720050502,0.647547623371669,0.994277373720757,"Gene2927"
7.34859044686968,0.676683088886587,0.441304917368206,1.53336856729831,0.12518506892226,0.918506127595565,"Gene2928"
91.1056433740827,-0.121423459004422,0.314379934159086,-0.386231580998352,0.699325166682903,0.994277373720757,"Gene2929"
707.33221665477,0.226831238407385,0.319814659296192,0.709258415191369,0.478164129220142,0.984915063210876,"Gene2930"
80.5131954233114,-0.097175368493746,0.29760992443263,-0.326519247229417,0.74403152939294,0.994277373720757,"Gene2931"
508.770420097672,0.140030671326638,0.319674844001473,0.438040946775259,0.661356601133944,0.994277373720757,"Gene2932"
38.6143096526456,-0.0375502750626791,0.311873729263169,-0.120402174147195,0.904164569212133,0.994566617513272,"Gene2933"
27.7156740643909,-0.626191429811427,0.362741834384515,-1.72627298661022,0.0842983128005074,0.873824605647375,"Gene2934"
141.265849844924,0.104548611896301,0.294514045091389,0.3549868457508,0.722599445881608,0.994277373720757,"Gene2935"
10.8154042043872,0.701465039229572,0.433950398991092,1.61646363469289,0.105994109711316,0.899911941041004,"Gene2936"
8.96175402534338,-1.00021417699912,0.407175945929015,-2.45646676086679,0.0140310781587272,0.498590546462874,"Gene2937"
2.10423478244567,-0.676235485822828,0.758031222250459,-0.8920945021436,0.372342281494012,0.965773320271778,"Gene2938"
2.18224280321039,0.763881728476971,0.713722018278631,1.07027905671079,0.284493718493935,0.95794362182403,"Gene2939"
33.099086721051,0.0419322226094005,0.29996357028128,0.139791050526836,0.888825084507957,0.994277373720757,"Gene2940"
54.5437597437278,0.683934191215326,0.267583418501562,2.55596626668903,0.0105893384017484,0.471476176672064,"Gene2941"
29.1459556511986,0.358965352251461,0.347212809420761,1.03384824093992,0.301207115208154,0.95794362182403,"Gene2942"
6.45090682766385,0.21515030059178,0.469050304787552,0.458693445875126,0.646454321292124,0.994277373720757,"Gene2943"
15.4261182079795,-0.199931656686499,0.357494783131975,-0.559257550375751,0.575985961578638,0.994277373720757,"Gene2944"
17.6102675230723,0.1324361576996,0.385891848736906,0.343195012107893,0.731451756831008,0.994277373720757,"Gene2945"
166.415189497948,-0.0482927147831743,0.289141213380874,-0.167021208144272,0.867353361629824,0.994277373720757,"Gene2946"
77.80410262672,-0.267310491646271,0.305165218356226,-0.87595333795293,0.381055401363735,0.975099538521405,"Gene2947"
21.1746795602605,0.265495054279277,0.335700319197574,0.790869233946191,0.429020303452715,0.984915063210876,"Gene2948"
6.21338362140143,-0.342152950285737,0.481798682789431,-0.710157504592586,0.47760646980373,0.984915063210876,"Gene2949"
50.5567763946732,-0.0925946275951858,0.354807171488543,-0.260971691205446,0.794114338111129,0.994277373720757,"Gene2950"
6.6196165567958,-0.427756492100221,0.448613462217415,-0.953507926369169,0.340332782058953,0.963476060844946,"Gene2951"
27.4529437272586,-0.308044028190947,0.316051411835285,-0.974664300349617,0.329726806810274,0.95794362182403,"Gene2952"
38.4891029337983,0.406644878954551,0.358256032457821,1.13506777866309,0.256346920763491,0.95794362182403,"Gene2953"
203.565731056204,-0.272309720741195,0.330823062278383,-0.823127985291577,0.41043521592681,0.982830442885154,"Gene2954"
139.791779733805,0.146487658499217,0.321930252491798,0.455029179039174,0.649088246862943,0.994277373720757,"Gene2955"
72.0333100099984,0.38768262642466,0.305823679187851,1.26766713242806,0.204916846949563,0.937201247950648,"Gene2956"
35.1370001266836,-0.139678946968916,0.361103321578639,-0.386811581677732,0.698895702457701,0.994277373720757,"Gene2957"
30.6986994446085,-0.539432890027844,0.365212589383502,-1.47703804772567,0.139665438606704,0.922991707713332,"Gene2958"
109.999208413281,0.0935793610522542,0.251544381933615,0.372019284759661,0.709878491049711,0.994277373720757,"Gene2959"
9.05943284354415,0.205015245587568,0.422488397459123,0.485256510759928,0.627494400495202,0.994277373720757,"Gene2960"
35.3901909743598,0.105006173894724,0.313354515737463,0.335103432760806,0.737547063458415,0.994277373720757,"Gene2961"
238.729382900615,0.343269408481454,0.300427961339607,1.14260139752244,0.25320412504931,0.95794362182403,"Gene2962"
20.5989897538817,-0.468340423759226,0.299536799104564,-1.56354886998621,0.117923550390317,0.916850469645478,"Gene2963"
7.42058174518384,0.059903057304316,0.485609782408443,0.123356364460409,0.901824909214606,0.994566617513272,"Gene2964"
57.0132900081759,-0.208309349582058,0.374800976494547,-0.555786571129941,0.57835676675625,0.994277373720757,"Gene2965"
76.8617556206577,-0.254460108473154,0.329732976297945,-0.771715681367657,0.440282840943203,0.984915063210876,"Gene2966"
446.059361978782,0.185207198253125,0.375111317694613,0.493739296887615,0.621490308612505,0.994277373720757,"Gene2967"
18.011581303041,-0.301070028367022,0.351546899403075,-0.8564149730185,0.391768285529704,0.979250711187414,"Gene2968"
28.2452503723452,-0.101838925119408,0.35180759578196,-0.289473355153266,0.772219167006818,0.994277373720757,"Gene2969"
222.283045802734,0.0856175955195986,0.256303421137543,0.334047806071432,0.738343484562732,0.994277373720757,"Gene2970"
39.106071986217,0.398239763725005,0.328415195290086,1.21261065089648,0.225278714811916,0.939836788924798,"Gene2971"
68.7424945009159,-0.162714520326399,0.319818138184787,-0.508772020404872,0.610912033584131,0.994277373720757,"Gene2972"
94.4658207304892,0.074411369407332,0.349407240706354,0.212964588990496,0.831354582973753,0.994277373720757,"Gene2973"
231.197045466596,-0.164255506594717,0.312169321677735,-0.526174403403693,0.598767036818304,0.994277373720757,"Gene2974"
134.769718904298,0.0956074451325787,0.353691182650551,0.270313340626982,0.786919202925754,0.994277373720757,"Gene2975"
55.6015869550497,-0.0484341719927193,0.285326583538599,-0.169749945455633,0.865206793230788,0.994277373720757,"Gene2976"
8.73411648006854,-0.266261798520769,0.429825669342721,-0.619464628364168,0.535610316936739,0.994277373720757,"Gene2977"
40.8521377766881,-0.448649727592199,0.347030317207262,-1.29282574272681,0.196071334833208,0.934198910468991,"Gene2978"
124.287945938692,-0.343708979458542,0.274943595880152,-1.25010723875294,0.211260375838996,0.937201247950648,"Gene2979"
214.892011878799,0.328040331981374,0.332456303508722,0.98671713701698,0.323781326535053,0.95794362182403,"Gene2980"
123.34044129629,-0.552425807489178,0.314442604324333,-1.75684147088216,0.0789448341829686,0.873824605647375,"Gene2981"
7.17864523324743,-0.491744949486908,0.484879431432779,-1.01415922724097,0.310506780488358,0.95794362182403,"Gene2982"
64.5631059246964,-0.487800869277796,0.292801034616935,-1.66598068861326,0.0957172608502931,0.881945157618555,"Gene2983"
16.3699690992227,-0.2166267415592,0.4123436298475,-0.52535488820166,0.599336507524671,0.994277373720757,"Gene2984"
27.0291431753719,0.0581800939196047,0.374199568697036,0.15547878401407,0.87644387844779,0.994277373720757,"Gene2985"
12.9286976596393,-0.587185786178448,0.376456079572049,-1.55977235603673,0.118813686332192,0.917507049742163,"Gene2986"
340.713302321641,-0.201944173819725,0.275492312265164,-0.733030160294824,0.463540034385182,0.984915063210876,"Gene2987"
47.8855225043912,-0.506457788198544,0.298213548389947,-1.69830576421798,0.0894500673645182,0.873824605647375,"Gene2988"
604.089670197357,-0.156163481327664,0.272545840469996,-0.572980607806618,0.566657824248584,0.994277373720757,"Gene2989"
8.23971412709362,-0.575962382063623,0.433505675289194,-1.32861555198648,0.183974838511398,0.927994141293304,"Gene2990"
21.3065149948884,-0.113346222079303,0.357271559010319,-0.31725509411744,0.751050048306873,0.994277373720757,"Gene2991"
169.06521986483,-0.00416125910446611,0.264515528900712,-0.0157316249891252,0.987448497023051,0.999775694831997,"Gene2992"
29.9471338504657,-0.0280484646282181,0.374429864087918,-0.0749097957144576,0.940286482605075,0.997386881575259,"Gene2993"
522.273571490943,-0.465234831165036,0.301743567715326,-1.54182186777864,0.123116886556966,0.918506127595565,"Gene2994"
22.0565059104749,-0.137786223021556,0.342936743789491,-0.40178320205354,0.687843585634363,0.994277373720757,"Gene2995"
3.63276283615263,-0.587782889545222,0.596726204682433,-0.985012699179231,0.324617833165665,0.95794362182403,"Gene2996"
45.7831729403154,-0.181885196305477,0.317956075744603,-0.572045040748258,0.567291461087375,0.994277373720757,"Gene2997"
36.0330513928569,0.35143394619669,0.305276765017161,1.15119781938509,0.249650862118815,0.95794362182403,"Gene2998"
40.6026023169288,0.198105294552834,0.365331434044875,0.542261837037818,0.587638141709193,0.994277373720757,"Gene2999"
19.3949115590921,-0.637257895800584,0.346424552850046,-1.83952866665438,0.0658374654877385,0.863016508035341,"Gene3000"
27.9297315431136,0.0670285680446263,0.306573691225373,0.218637704288041,0.826932279521434,0.994277373720757,"Gene3001"
24.4113453196311,-0.522022806452433,0.318720371509282,-1.63787085205889,0.101448637522855,0.895934246784897,"Gene3002"
31.4711691447459,-0.350470911579418,0.356057202733925,-0.98431069190115,0.32496277406325,0.95794362182403,"Gene3003"
13.1661843732142,-0.19690267667975,0.382064881135553,-0.515364500643258,0.606298334215634,0.994277373720757,"Gene3004"
229.1975797708,-0.233144271729946,0.222177484682804,-1.04936047891081,0.294012240427633,0.95794362182403,"Gene3005"
17.5334365592594,-0.146744591536249,0.327159094989925,-0.4485419900699,0.65376208894385,0.994277373720757,"Gene3006"
254.151263291769,0.281962164155331,0.252073013998294,1.11857338349292,0.263322183744854,0.95794362182403,"Gene3007"
11.5580010849514,-0.46926187055885,0.380551504206683,-1.23311001368158,0.217534721961445,0.937201247950648,"Gene3008"
157.315480043207,-0.179993643799602,0.307011725637176,-0.586276121623826,0.557689974717211,0.994277373720757,"Gene3009"
29.1214372815955,-0.0418976268680075,0.317807718585219,-0.13183325771483,0.895116180274783,0.994277373720757,"Gene3010"
59.0877021227843,-0.552154761398554,0.266439990952787,-2.07234191618178,0.0382335660026823,0.77239527278146,"Gene3011"
138.059232740638,0.772918621862532,0.298218746514862,2.59178415473627,0.00954796552273176,0.469260591390508,"Gene3012"
17.2809864379488,0.213251355659666,0.343064690546661,0.621606832576847,0.534200427146697,0.994277373720757,"Gene3013"
74.1761964060624,-0.347951785173488,0.298784782823704,-1.16455658111208,0.244198527683253,0.957641285032365,"Gene3014"
53.0139300136072,-0.618066724108693,0.252451218548764,-2.44826199557165,0.0143547232725067,0.498590546462874,"Gene3015"
19.3692636611703,-0.0259302912631757,0.333926021847596,-0.0776528020179582,0.938104239211284,0.996657890264313,"Gene3016"
92.1181118418632,-0.596208976067788,0.249324827993335,-2.39129404346255,0.0167891006547653,0.510773317817695,"Gene3017"
2.98280546413647,0.71546130249247,0.643053116309649,1.11260063025331,0.265879989658804,0.95794362182403,"Gene3018"
404.013440450285,-0.232930499899887,0.224153524882753,-1.03915608742591,0.298732149449005,0.95794362182403,"Gene3019"
242.995375979551,0.405027940384892,0.328097137358403,1.23447569108917,0.217025699501883,0.937201247950648,"Gene3020"
38.9097998759144,0.335667524016839,0.329290781045168,1.01936508198447,0.308029676947769,0.95794362182403,"Gene3021"
30.308932324767,-0.265110107984539,0.436211079046663,-0.607756475520832,0.543349000221156,0.994277373720757,"Gene3022"
76.4467159900092,0.0785557338711678,0.340456009057503,0.230736811162877,0.817519273881098,0.994277373720757,"Gene3023"
28.7251142119302,-0.0342819464159701,0.34735287229532,-0.0986948695412645,0.921380542490996,0.995212746821085,"Gene3024"
42.5164670860564,0.124820856473438,0.333240046852828,0.374567395642468,0.707982225010656,0.994277373720757,"Gene3025"
55.1834561193643,-0.114553507706771,0.32945175263857,-0.347709510692583,0.728058353357241,0.994277373720757,"Gene3026"
44.0237899389312,0.153370549034833,0.256534773423578,0.597854813162484,0.54993681292667,0.994277373720757,"Gene3027"
454.264170305809,-0.118477731706512,0.2996650428935,-0.395367209209714,0.692571905175005,0.994277373720757,"Gene3028"
36.3605627387734,-0.375038513699719,0.332418166339597,-1.12821305113807,0.259229953421219,0.95794362182403,"Gene3029"
14.2070726730658,0.0971528045332192,0.360311034586092,0.269635940083888,0.787440347876014,0.994277373720757,"Gene3030"
13.2443461895111,-0.00173671108232315,0.351312979547634,-0.00494348681497454,0.996055684259045,0.999775694831997,"Gene3031"
25.2864629182816,0.120021998137378,0.34896277013681,0.343939263464477,0.730891963165958,0.994277373720757,"Gene3032"
16.7140511546784,-0.155053290330467,0.33448035399257,-0.463564716072715,0.642959638615056,0.994277373720757,"Gene3033"
153.191292955565,0.0881941738375674,0.294459021447641,0.299512554935423,0.764548994010998,0.994277373720757,"Gene3034"
68.9356255098688,0.0474885767335283,0.287353686148127,0.165261762847366,0.868737953769787,0.994277373720757,"Gene3035"
50.8164630592319,-0.171143883132259,0.265890665000357,-0.643662624003852,0.519794231634455,0.994277373720757,"Gene3036"
54.6504863932859,-0.0755766355229737,0.338726177169262,-0.223120150189066,0.823441996044964,0.994277373720757,"Gene3037"
24.6346711494753,-0.585646964787912,0.3138121324679,-1.86623429815232,0.0620085924466962,0.852351786208883,"Gene3038"
998.626513018253,0.0316237189233825,0.247022896659554,0.128019383429732,0.898133633498895,0.994277373720757,"Gene3039"
149.342572646171,0.158886606805041,0.292069461580852,0.544002806541476,0.586439541548751,0.994277373720757,"Gene3040"
144.373201665913,0.130562644045242,0.273284185347054,0.477754114748482,0.632825223309665,0.994277373720757,"Gene3041"
68.8158440523755,0.0510612221889945,0.293489200961802,0.173979901208154,0.861881257841351,0.994277373720757,"Gene3042"
72.6704859340339,0.166250870049074,0.330043377525573,0.503724302228099,0.614455128277337,0.994277373720757,"Gene3043"
110.510870993974,0.0153512880531299,0.253774134119744,0.0604919335312809,0.951763840195799,0.997510641223454,"Gene3044"
73.221560574689,0.405595125494771,0.28630147426732,1.41667145281993,0.1565790071067,0.922991707713332,"Gene3045"
117.741534800627,-0.305230380308949,0.302979959596327,-1.0074276223273,0.313729322850025,0.95794362182403,"Gene3046"
29.2603831836187,0.0635666890901698,0.356099061950174,0.178508442965413,0.858323691158544,0.994277373720757,"Gene3047"
261.946916214817,0.486259057539868,0.249363664649231,1.94999964499185,0.051176161356504,0.822107009743037,"Gene3048"
10.9039770234,-0.453766103440347,0.371697436452099,-1.22079427765659,0.222163920975002,0.937201247950648,"Gene3049"
453.496332610699,-0.218947884640264,0.311310537267303,-0.703310227023466,0.481862438637503,0.984915063210876,"Gene3050"
42.0074134822664,0.211898084946219,0.326187727900893,0.649620040305748,0.515937684874136,0.993765320745238,"Gene3051"
65.3768646568291,0.441400766225123,0.297036385580694,1.48601581372667,0.137274938213724,0.922991707713332,"Gene3052"
39.8867244149311,-0.049855725161508,0.316886877487865,-0.157329724590496,0.874984995129927,0.994277373720757,"Gene3053"
23.2683307448457,0.140399054476903,0.325889740089548,0.430817657648025,0.666600959392155,0.994277373720757,"Gene3054"
25.5132460634097,0.533202199652447,0.316806398628128,1.68305375763047,0.0923646851950003,0.873824605647375,"Gene3055"
333.932632197977,0.0166646336647043,0.307188980845097,0.0542488002624926,0.956736940911043,0.997510641223454,"Gene3056"
700.480782333015,0.610510715323159,0.344184912353488,1.7737869773215,0.0760983930041689,0.873824605647375,"Gene3057"
14.6117662556345,0.331382467624707,0.398776809696667,0.830997338778993,0.405975132735296,0.982830442885154,"Gene3058"
82.0776600804847,-0.235348588446884,0.265471778049512,-0.886529597142302,0.375332212554755,0.968905346852459,"Gene3059"
26.6271020265266,0.209757076928373,0.334905398404339,0.626317395681773,0.531106778522419,0.994277373720757,"Gene3060"
53.7992374010059,0.291598200232482,0.351375980345432,0.829875166611607,0.406609366732657,0.982830442885154,"Gene3061"
81.6518448247636,0.367076376037623,0.345242167344531,1.06324316887775,0.287671690250661,0.95794362182403,"Gene3062"
30.4096143355288,0.359483424486489,0.40778894928588,0.881542830221409,0.378024082759807,0.971784274446804,"Gene3063"
75.6367574412816,0.098781543103473,0.294712626067179,0.33517920294652,0.737489909212446,0.994277373720757,"Gene3064"
411.666950551796,-0.347231409111113,0.297345726514914,-1.16776996656683,0.242899565725103,0.957320151425211,"Gene3065"
13.8042670423015,0.0135284808022244,0.357743833873006,0.0378161117572939,0.969834298235965,0.998127746690025,"Gene3066"
29.1697675963479,-0.346256963222343,0.330308519608644,-1.04828347640743,0.294508020231001,0.95794362182403,"Gene3067"
78.3769797665051,0.12410727962237,0.247579362570058,0.501282814262241,0.61617209847438,0.994277373720757,"Gene3068"
70.5288341750074,-0.210583436697583,0.354122835367038,-0.59466212191405,0.552069345993181,0.994277373720757,"Gene3069"
52.0307709870509,0.176616035686485,0.302652195159207,0.583561059564025,0.559515665410892,0.994277373720757,"Gene3070"
85.6395694469499,0.0827228020812471,0.261512524682784,0.31632443678019,0.75175626483523,0.994277373720757,"Gene3071"
40.2748837162846,-0.0330193107848393,0.31951378150828,-0.103342367984786,0.917691250816077,0.994787263757265,"Gene3072"
59.7166988487863,0.169624389020173,0.331931993828918,0.511021510953235,0.609335994322804,0.994277373720757,"Gene3073"
44.6023309430194,0.303308208454817,0.261170830946053,1.16134028963391,0.245503541004494,0.95794362182403,"Gene3074"
162.619217094631,0.213255524141675,0.288422346302215,0.739386274592682,0.459672474305454,0.984915063210876,"Gene3075"
138.638372629768,0.231070858150461,0.324997903317519,0.710991842691082,0.477089290741229,0.984915063210876,"Gene3076"
56.9472261861009,0.332753960764354,0.272788352491151,1.21982466526004,0.222531349005432,0.937201247950648,"Gene3077"
300.442266241874,-0.50634913192635,0.299153672704376,-1.69260543368533,0.090530596112372,0.873824605647375,"Gene3078"
80.150954393465,-0.521787391033133,0.311855834394855,-1.67316860383787,0.0942941091483962,0.877772438660539,"Gene3079"
96.9101531876181,0.102698870203967,0.327042532742878,0.314022978426203,0.753503586615788,0.994277373720757,"Gene3080"
70.000784337725,0.267248162574218,0.316479344439473,0.844441089978716,0.398422969346942,0.980364826863959,"Gene3081"
23.0842159159465,-0.0440854121819861,0.355935215214805,-0.123857967117361,0.901427733989024,0.994566617513272,"Gene3082"
133.666060872051,0.336529037447979,0.268950741551336,1.25126644197686,0.210837284509476,0.937201247950648,"Gene3083"
5.25015317852028,0.402522233940327,0.518702783877375,0.776017107391284,0.43773888496526,0.984915063210876,"Gene3084"
8.57222844840712,-3.26471569930873,0.563060637354256,-5.79816006078701,6.70464450923962e-09,8.12684182938135e-07,"Gene3085"
92.3049045196971,0.22451192000395,0.352772289307467,0.636421643107775,0.524501637908322,0.994277373720757,"Gene3086"
294.007114187683,-0.610182601680862,0.302110709009361,-2.0197317853501,0.0434112162151045,0.803270269707907,"Gene3087"
8.80076117772393,1.01903130549201,0.401245909423539,2.53966777370024,0.0110957812951815,0.471476176672064,"Gene3088"
199.033607764808,0.0184699672235502,0.318467996635732,0.0579963054958907,0.953751571362416,0.997510641223454,"Gene3089"
10.6682113501182,-0.90381405613991,0.368597262999768,-2.45203680782751,0.0142050130614203,0.498590546462874,"Gene3090"
25.420812915496,-0.284759686009317,0.364653727447249,-0.780904360974921,0.43485874698078,0.984915063210876,"Gene3091"
11.3844121511684,0.818159216622501,0.373568177415939,2.19012021388413,0.0285155196086787,0.683006457692903,"Gene3092"
44.8206416665261,-0.362515122322602,0.368350358859766,-0.984158461104186,0.32503760621036,0.95794362182403,"Gene3093"
53.3549765020477,0.247516350202907,0.294643036118379,0.840054981321404,0.400877559886439,0.98254303893735,"Gene3094"
79.7017246662535,0.272233259687228,0.289128353382764,0.941565420693386,0.346415180556106,0.963476060844946,"Gene3095"
31.2613439758033,-0.199741526831399,0.331011404742885,-0.603427930184307,0.546224046383196,0.994277373720757,"Gene3096"
49.4870136230122,0.585367764148476,0.280129290203449,2.08963426753176,0.0366506658431992,0.764949169179802,"Gene3097"
78.7881891296286,0.0551531379570538,0.279333569415745,0.197445434404509,0.843478977833421,0.994277373720757,"Gene3098"
14.5464002221636,0.192934514255765,0.380877273540322,0.506552970363403,0.61246851393283,0.994277373720757,"Gene3099"
23.5852021433216,-0.0208824126354243,0.322492055112637,-0.0647532623032547,0.948370454583317,0.997510641223454,"Gene3100"
241.905734790362,-0.0874480882927556,0.264644582350856,-0.330435966290896,0.741070569105107,0.994277373720757,"Gene3101"
2.09878507115065,0.221065399015818,0.720501268482118,0.306821665257491,0.758979116643728,0.994277373720757,"Gene3102"
167.313539520052,-0.427819936734877,0.302794041098231,-1.41290738477936,0.157682957471152,0.922991707713332,"Gene3103"
171.351240576904,-0.414341350125525,0.259502659537484,-1.59667477344553,0.110338221674893,0.899911941041004,"Gene3104"
295.242446452532,-0.0121226450478061,0.306466285683378,-0.0395562109573466,0.968446938687802,0.997884532393408,"Gene3105"
38.1306906653138,0.453771801408646,0.371191015380421,1.22247517479266,0.221527986238447,0.937201247950648,"Gene3106"
153.487525626333,0.30774669133866,0.242372101139899,1.26972819846549,0.20418146465406,0.937201247950648,"Gene3107"
74.5044679478473,-0.152571827192134,0.334472241397422,-0.45615691919512,0.648277142167956,0.994277373720757,"Gene3108"
26.8992365713479,-0.518540760212209,0.302499494169998,-1.71418719768437,0.0864943513535326,0.873824605647375,"Gene3109"
121.940799265142,0.124405588537385,0.342990573270354,0.36270847723656,0.716822666454043,0.994277373720757,"Gene3110"
85.2106031842431,0.128233265347804,0.22274950329362,0.575683731957738,0.564828973213945,0.994277373720757,"Gene3111"
35.4527650849939,0.551684352142801,0.320745477732334,1.72000664216126,0.0854312342176124,0.873824605647375,"Gene3112"
33.7735076641841,-0.734096725030817,0.281651883831275,-2.60639735493685,0.00915002442378519,0.464933034791288,"Gene3113"
47.9938771213376,-0.245750509777996,0.2522005856234,-0.974424818128554,0.329845651709936,0.95794362182403,"Gene3114"
88.005652955006,0.00966888327007987,0.269249131088126,0.0359105458613912,0.971353686910934,0.998127746690025,"Gene3115"
41.7457331710903,0.341207337779322,0.346296359930846,0.985304430712064,0.324474557011005,0.95794362182403,"Gene3116"
11.3193582069325,-0.0843261022857499,0.376996000308492,-0.22367903695728,0.823007058764832,0.994277373720757,"Gene3117"
69.7642942170526,-0.110990706826352,0.305140025668748,-0.363736964965849,0.716054437339513,0.994277373720757,"Gene3118"
32.4001569314498,-0.369362815793905,0.346875795215461,-1.0648272980952,0.286954089527965,0.95794362182403,"Gene3119"
127.561972194059,-0.572806437725492,0.29734657336322,-1.92639326980166,0.0540552871600009,0.848989930934339,"Gene3120"
12.2634803534757,0.0716160187964162,0.6283559471116,0.113973646824889,0.909258684078369,0.994566617513272,"Gene3121"
5.80982271795794,0.484096630583168,0.480393086787812,1.00770940277288,0.31359398967521,0.95794362182403,"Gene3122"
31.9941291714523,-0.14790971012096,0.280298371560322,-0.527686655108264,0.597716837028184,0.994277373720757,"Gene3123"
28.0442925225118,0.392238675150766,0.308720340294908,1.27053071649272,0.203895648563774,0.937201247950648,"Gene3124"
135.959989292693,-0.0236640080177339,0.37520808609226,-0.063069024615624,0.949711539952417,0.997510641223454,"Gene3125"
5.41222722374585,-0.217037561651263,0.48799616669995,-0.444752595330757,0.656498555672778,0.994277373720757,"Gene3126"
15.9135031437801,0.190982497140728,0.34806587129496,0.548696418957101,0.583213804141216,0.994277373720757,"Gene3127"
54.0187037266001,0.78884032145781,0.362180170195446,2.17803288631766,0.0294035884682154,0.695942922324624,"Gene3128"
24.7066674379672,0.244950160647446,0.383424017143063,0.638849288765471,0.522920980359702,0.994277373720757,"Gene3129"
36.0219068826032,-0.325710652376307,0.323159828624079,-1.00789338131255,0.313505649415766,0.95794362182403,"Gene3130"
12.5279220758339,-0.170075120513309,0.379540329170716,-0.448108165171585,0.654075135507792,0.994277373720757,"Gene3131"
19.9607258364091,0.675562963967619,0.387187534391479,1.74479523218474,0.0810205190486339,0.873824605647375,"Gene3132"
17.0569125713758,-0.711834462530236,0.380524983606968,-1.87066419603467,0.0613916404614691,0.852351786208883,"Gene3133"
4.764076053921,-0.245666950888512,0.522913857855359,-0.469803863864065,0.63849515361316,0.994277373720757,"Gene3134"
95.0734528759567,0.253605227446857,0.347204103621265,0.73042116957089,0.465132782250827,0.984915063210876,"Gene3135"
28.3363377274674,0.32103325638302,0.316098968314214,1.015609946768,0.309815166330067,0.95794362182403,"Gene3136"
24.8615097042692,-0.000602439067863447,0.332788613871524,-0.00181027548044665,0.998555609932253,0.999775694831997,"Gene3137"
190.836460465775,0.0590199935058204,0.298162401247527,0.197945794838241,0.8430874738988,0.994277373720757,"Gene3138"
127.444850613402,-0.206817540362545,0.296614524072605,-0.697260328061078,0.485639890631535,0.984915063210876,"Gene3139"
21.8055706192289,-0.790468816919192,0.297548437106241,-2.65660550802003,0.00789317474593077,0.420969319782974,"Gene3140"
143.612777519319,0.201666170614313,0.288911312423208,0.698021025631925,0.485164045119659,0.984915063210876,"Gene3141"
38.3425099683459,0.32346555579954,0.353574702004799,0.914843607207932,0.360273738371678,0.964952994866733,"Gene3142"
26.8868693923383,-0.0622920527990471,0.280697633689313,-0.221918695859027,0.824377176197318,0.994277373720757,"Gene3143"
62.8462953745314,-0.364049748643695,0.355250286790026,-1.02476975299072,0.30547184148227,0.95794362182403,"Gene3144"
56.2990526913212,0.13629574589146,0.28836163261252,0.472655618768134,0.636458894798508,0.994277373720757,"Gene3145"
45.3602703451255,0.0505688043943991,0.305395870723543,0.165584440531536,0.868483992903597,0.994277373720757,"Gene3146"
36.0295996461476,0.0625863785404793,0.273076094780953,0.229190250397724,0.818721049979604,0.994277373720757,"Gene3147"
80.8583457089615,-0.40993795956994,0.302516637441229,-1.35509227868362,0.175388158436565,0.922991707713332,"Gene3148"
181.301144691838,-0.193733127099077,0.303638527537891,-0.638038685900625,0.523448497583766,0.994277373720757,"Gene3149"
37.1275771616372,-0.2448695396859,0.399866656189163,-0.612377991252314,0.54028769978229,0.994277373720757,"Gene3150"
301.737282857616,0.035987835735919,0.307439630576223,0.117056593089408,0.906815206884515,0.994566617513272,"Gene3151"
17.3591898953409,0.0656070329745072,0.340901697939738,0.192451470236164,0.84738857841236,0.994277373720757,"Gene3152"
609.46872295383,0.266673405645994,0.296089650727391,0.900650883915963,0.367773970933574,0.965773320271778,"Gene3153"
147.707752042413,-0.677636632653927,0.335388215362669,-2.02045451096477,0.0433362640440028,0.803270269707907,"Gene3154"
34.9121321696742,0.173327727012296,0.332175862457784,0.521795068822391,0.601813023422355,0.994277373720757,"Gene3155"
4.92666951450518,0.235744021855715,0.501777865200015,0.469817499346536,0.638485410867146,0.994277373720757,"Gene3156"
32.6468076807746,-0.230112391055519,0.318508898639833,-0.72246769882473,0.470006977675834,0.984915063210876,"Gene3157"
37.3259371538663,0.0485919596789245,0.274856638871586,0.176790198259052,0.859673188438458,0.994277373720757,"Gene3158"
319.508545673202,0.0329548608182751,0.345802824539666,0.0952995709683538,0.924076883422174,0.995212746821085,"Gene3159"
82.7548808680021,-0.153273911788389,0.299701589317312,-0.511421751674827,0.609055767029872,0.994277373720757,"Gene3160"
5.58419248824929,-0.211249394346515,0.520289220153224,-0.406023008288164,0.684725694888582,0.994277373720757,"Gene3161"
80.4102156481327,-0.00551133834855832,0.312847009604258,-0.0176167205674429,0.985944617662961,0.999775694831997,"Gene3162"
19.1468431299625,-0.0878607388698679,0.361564075436477,-0.243001849018886,0.808003965068879,0.994277373720757,"Gene3163"
7.67070546865636,-0.0321626196828136,0.431252707523697,-0.0745795194365156,0.940549269855483,0.997401134523311,"Gene3164"
182.871073336989,-0.0723575815569684,0.285061085514761,-0.253831845992958,0.799625469445792,0.994277373720757,"Gene3165"
90.995389468454,0.278824258538109,0.353338501955578,0.789113716719055,0.43004554563835,0.984915063210876,"Gene3166"
34.2375062510956,-0.112397724166516,0.361883454567554,-0.310590945089849,0.756111611747018,0.994277373720757,"Gene3167"
309.714829074364,-0.342801937142172,0.315734194231078,-1.08572952630935,0.277598673540787,0.95794362182403,"Gene3168"
37.6291834897988,0.098256334543035,0.304068972327567,0.323138312307595,0.746590496308879,0.994277373720757,"Gene3169"
6.30591889638148,-0.602131314237855,0.477387792598681,-1.26130438099418,0.207199203405126,0.937201247950648,"Gene3170"
157.732495608871,0.129557956722318,0.302057860757794,0.428917679537578,0.667983133615884,0.994277373720757,"Gene3171"
20.2326626731431,0.284827660887415,0.399294595563137,0.713327112493757,0.475643364076873,0.984915063210876,"Gene3172"
58.3952307143171,0.314011133601358,0.322568470361739,0.973471254798137,0.330319139960485,0.95794362182403,"Gene3173"
16.5627113050567,-0.0702868346276755,0.388541756302434,-0.180899050070092,0.856446814485706,0.994277373720757,"Gene3174"
8.89225365029691,-0.107379000659562,0.448888271202435,-0.239210974196154,0.810941993482917,0.994277373720757,"Gene3175"
92.3926090519307,0.247639988764996,0.26680421060925,0.928171216636755,0.353318762498383,0.963476060844946,"Gene3176"
14.3889216118947,0.000612445202743083,0.365287488448791,0.00167661149672511,0.998662258199036,0.999775694831997,"Gene3177"
28.5256842686188,-0.126191074773822,0.37345320398666,-0.337903312722228,0.735436051057846,0.994277373720757,"Gene3178"
130.028710251391,0.40920753969991,0.298303677869387,1.37178174477314,0.170131391847374,0.922991707713332,"Gene3179"
2.1756631872509,0.105231902521115,0.715939391008305,0.146984373038771,0.883144354854833,0.994277373720757,"Gene3180"
17.5159089208616,0.118209780983518,0.343775773114052,0.343857218071911,0.730953667138219,0.994277373720757,"Gene3181"
335.23420103323,0.639242487358363,0.232043523756761,2.7548387346007,0.00587210705532938,0.355885276080569,"Gene3182"
51.9943791453769,-0.0564228342421933,0.350294419019459,-0.161072604011596,0.872036217307648,0.994277373720757,"Gene3183"
18.2483100485793,2.30473359301641,0.371200349302289,6.20886698341854,5.33679704291038e-10,7.11572939054718e-08,"Gene3184"
55.5159161254717,0.471785192265698,0.353886516755164,1.33315390648834,0.182481302112659,0.927884246703589,"Gene3185"
51.8558183780199,0.169876446794135,0.293824294785359,0.578156571151584,0.563158416373186,0.994277373720757,"Gene3186"
16.7900941889142,0.361735955719812,0.347174136820487,1.04194384706386,0.297437713767382,0.95794362182403,"Gene3187"
21.0001723070408,0.109479136853605,0.340776697946839,0.321263565006677,0.748010665014275,0.994277373720757,"Gene3188"
49.9803621556025,0.501234169537314,0.313820299620214,1.59720123313855,0.110220857941564,0.899911941041004,"Gene3189"
159.367214475501,-0.478662257596901,0.27558084559568,-1.73692136172328,0.082401052286456,0.873824605647375,"Gene3190"
16.96958463714,-0.002342051442652,0.385625967108173,-0.00607337586785235,0.995154176953526,0.999775694831997,"Gene3191"
102.563798678733,-0.574803295018806,0.312885493704743,-1.83710432916786,0.0661944952055261,0.863016508035341,"Gene3192"
5.81314879387696,-0.24209671298439,0.494344135852055,-0.489733154348256,0.62432273776323,0.994277373720757,"Gene3193"
591.489886150483,-0.317264044672381,0.335605169689672,-0.945349098661828,0.344480679723654,0.963476060844946,"Gene3194"
137.575352398127,0.261109527031292,0.333263597635305,0.783492493281633,0.433337960157533,0.984915063210876,"Gene3195"
21.3261312174707,-0.738364893780155,0.351387145005246,-2.10128601536955,0.0356158666158846,0.761836719056355,"Gene3196"
46.7489878226478,0.35436110938162,0.341883160402711,1.03649769986978,0.299970011942432,0.95794362182403,"Gene3197"
11.1407079586087,-0.00242377309879736,0.385654451209439,-0.00628483112588547,0.994985463289041,0.999775694831997,"Gene3198"
18.7359790384724,-0.606896666647546,0.361122613902888,-1.68058338991407,0.0928438643500336,0.873824605647375,"Gene3199"
81.4328543799782,0.0146526492152767,0.314234568953158,0.0466296539686599,0.962808397280598,0.997510641223454,"Gene3200"
4.44198654579475,-0.478871082078807,0.53124915873773,-0.901405817218844,0.367372589571326,0.965773320271778,"Gene3201"
126.686400606318,0.123023123235943,0.263550750021055,0.466791019286097,0.640649401771394,0.994277373720757,"Gene3202"
128.194960140616,0.192138926285578,0.283143848945954,0.678591207263885,0.497396915597581,0.987878680432138,"Gene3203"
62.3475837496517,0.598506518998502,0.268802602279235,2.22656519662993,0.0259763471486547,0.653493010029048,"Gene3204"
22.2955330635788,-0.379093809735778,0.322649771503054,-1.17493903054628,0.240019109011237,0.952456781790622,"Gene3205"
94.4819006318392,0.285997828952191,0.258185830413849,1.1077208555317,0.26798238954601,0.95794362182403,"Gene3206"
43.9326666829254,0.438063301995964,0.326814476604993,1.34040360312873,0.180114164950818,0.926422752380889,"Gene3207"
461.218828076562,-0.0155790523259834,0.277636358374194,-0.0561131561342057,0.955251663372944,0.997510641223454,"Gene3208"
96.7333044804959,0.136191458425961,0.283739062394416,0.479988399470519,0.631235641786568,0.994277373720757,"Gene3209"
425.06846671306,-0.0648318029235558,0.256433321416359,-0.252821289236009,0.800406315592409,0.994277373720757,"Gene3210"
24.8078372553858,-0.00953177855425908,0.369674403219442,-0.0257842535789554,0.979429421497954,0.999596177595472,"Gene3211"
187.458344817706,0.169011049065493,0.252515049001292,0.669310798441277,0.503297239874598,0.991483155252957,"Gene3212"
169.879039903201,0.0173421278585866,0.2675455192179,0.0648193545131378,0.948317831182635,0.997510641223454,"Gene3213"
120.317487475038,-0.0883133855616539,0.283612954845447,-0.311386994327462,0.755506439820276,0.994277373720757,"Gene3214"
423.479979250882,0.229213715695548,0.233152656800611,0.983105742138587,0.325555398500433,0.95794362182403,"Gene3215"
220.004510105689,-0.608073527821156,0.302867531546375,-2.00772108095069,0.0446729391834607,0.803270269707907,"Gene3216"
199.988290811088,-0.217898040232057,0.234905249157535,-0.92759970674784,0.353615249896967,0.963476060844946,"Gene3217"
266.460930599528,-0.158817349130216,0.28593746271325,-0.555426867200974,0.578602719766877,0.994277373720757,"Gene3218"
24.5581314749148,-0.0203505247775016,0.326621340536728,-0.0623061700256945,0.950319015055705,0.997510641223454,"Gene3219"
131.858755915323,-0.12825409277827,0.279685924941038,-0.458564701835845,0.646546789471145,0.994277373720757,"Gene3220"
204.625364079409,0.474096066898228,0.280250584385324,1.69168627404673,0.0907058068972049,0.873824605647375,"Gene3221"
4.52480323649494,0.102522646574749,0.497774088067302,0.205962200589451,0.836820437801785,0.994277373720757,"Gene3222"
234.816086968118,-0.432500780425733,0.316931348729338,-1.36465131063792,0.172362669550511,0.922991707713332,"Gene3223"
15.2656388826677,0.0141330299663443,0.340279067305421,0.0415336449528323,0.966870471192615,0.997510641223454,"Gene3224"
11.8856065572318,-0.297252866610611,0.397117874568842,-0.748525527674482,0.454143233252608,0.984915063210876,"Gene3225"
47.5393248994344,-0.0189613323684103,0.287497174761331,-0.0659531085275925,0.9474151580968,0.997510641223454,"Gene3226"
6.9475890688773,0.132517699360459,0.458402484800594,0.289085909772291,0.772515635863158,0.994277373720757,"Gene3227"
24.0710482188139,0.332217464589288,0.393997599746873,0.843196671255673,0.399118459802326,0.980364826863959,"Gene3228"
158.194614250786,-0.180641072216019,0.302602776856865,-0.596957748016518,0.550535590368574,0.994277373720757,"Gene3229"
57.4202393251396,-0.109687374449171,0.303644857086889,-0.361235739348563,0.717923227225949,0.994277373720757,"Gene3230"
238.686553822777,0.0684496890902187,0.243688269816221,0.280890373352154,0.778794484481734,0.994277373720757,"Gene3231"
71.5922064885458,0.28571245623944,0.271644131989305,1.05178953856691,0.292896119788141,0.95794362182403,"Gene3232"
5.65596249780481,0.247059341692891,0.459338441995019,0.537859057952675,0.590674355827721,0.994277373720757,"Gene3233"
14.5521333540404,-0.721721338159805,0.394166396519779,-1.83100676397611,0.0670995334997478,0.863016508035341,"Gene3234"
62.8258583942703,0.320012379227594,0.25280673551431,1.26583802673042,0.205571077700417,0.937201247950648,"Gene3235"
27.6828652201842,0.0924128957179671,0.312225011600763,0.295981719222846,0.76724404219661,0.994277373720757,"Gene3236"
151.207593544,-0.231691295467315,0.323127297160723,-0.717027925226855,0.473356866098509,0.984915063210876,"Gene3237"
69.8585630824508,-0.0771993824091202,0.290638147599311,-0.265620267149347,0.790531675223993,0.994277373720757,"Gene3238"
11.3021019698176,-0.126623378070694,0.385182192414669,-0.328736324171438,0.742354996147408,0.994277373720757,"Gene3239"
28.0660204796377,0.51652825667429,0.359124997111129,1.43829658427941,0.15034992064379,0.922991707713332,"Gene3240"
188.197432849782,0.173395956287268,0.262785021283528,0.659839573200729,0.509356785098781,0.992375123971728,"Gene3241"
18.6452554648832,-1.03000394257365,0.381705916145247,-2.69842278834816,0.00696688972381432,0.391364188161364,"Gene3242"
9.77018257222204,-0.0713351676068331,0.426423453469339,-0.167287157932935,0.867144108239693,0.994277373720757,"Gene3243"
90.2464026193752,0.0657552935546046,0.293881123807163,0.223747931485901,0.822953447374586,0.994277373720757,"Gene3244"
69.3092224845069,0.137747475681687,0.343931409674222,0.400508565972978,0.688781975568128,0.994277373720757,"Gene3245"
16.4088299839294,-0.0130947790760751,0.399368800345342,-0.0327886882118777,0.973843098863063,0.998762776352692,"Gene3246"
53.211850922803,-0.171079824912153,0.277003827577819,-0.617608162342418,0.536833662798609,0.994277373720757,"Gene3247"
63.2530043876192,-0.222874623745268,0.336129357671027,-0.663062058278759,0.507290809337524,0.991959161080563,"Gene3248"
19.9642555979432,-0.0128737707303878,0.353715143533611,-0.036395870987538,0.970966706474521,0.998127746690025,"Gene3249"
86.2062280134455,-0.431923715136978,0.31809581141379,-1.35784156734813,0.174513961966043,0.922991707713332,"Gene3250"
22.6978637777386,-0.134124855574419,0.325906354103853,-0.411544156428688,0.68067356996506,0.994277373720757,"Gene3251"
36.9105642068757,0.0938628496476414,0.331623670885147,0.283040258848559,0.777145976156711,0.994277373720757,"Gene3252"
117.810526723209,-0.484397686459623,0.286230312722608,-1.69233538492851,0.090582044706317,0.873824605647375,"Gene3253"
34.4871306588412,-0.430798510445007,0.297437291365764,-1.44836751460074,0.147514294966283,0.922991707713332,"Gene3254"
7.35780937619704,0.0301388777861217,0.436501670197299,0.0690464203092258,0.944952669576259,0.997510641223454,"Gene3255"
33.2910034477264,-0.184661858166821,0.354755027538189,-0.52053344937287,0.60269182045038,0.994277373720757,"Gene3256"
6.62132258708483,-0.142843457869074,0.473682572488041,-0.301559453873891,0.762987920896813,0.994277373720757,"Gene3257"
31.4993542255692,-0.253645813566166,0.314260843304677,-0.807118732639101,0.419598080576183,0.984915063210876,"Gene3258"
25.1979940678466,-0.298470076578576,0.316423858503339,-0.943260340703503,0.345547756085764,0.963476060844946,"Gene3259"
2158.53364841743,0.17897595860802,0.335806829592842,0.532972955984916,0.594052301142119,0.994277373720757,"Gene3260"
101.673434700926,0.24044917499627,0.316766085371137,0.759074869756176,0.447807771049089,0.984915063210876,"Gene3261"
75.308405486397,0.228706202181561,0.261444426005845,0.874779415555214,0.381693939489156,0.975575564189536,"Gene3262"
64.717310572364,0.00799188829237881,0.289185556344243,0.0276358487381208,0.977952589418277,0.999185276544855,"Gene3263"
25.2860382941679,-0.120060509458653,0.337824276438037,-0.355393374107245,0.722294912009824,0.994277373720757,"Gene3264"
2.26285370649682,-0.000929560616986279,0.680466299357799,-0.00136606415022106,0.998910038844474,0.999775694831997,"Gene3265"
394.841533219989,0.345468753332376,0.334755114259844,1.03200440744937,0.302070052791536,0.95794362182403,"Gene3266"
25.92821679781,0.388285680689851,0.295186366723851,1.31539164562128,0.188378311818071,0.930893394096245,"Gene3267"
22.0544144853631,-0.0535593382009732,0.37290249145024,-0.143628265911224,0.885794019105234,0.994277373720757,"Gene3268"
26.3271445569115,0.319997899745701,0.372705515897321,0.858581067616554,0.390571686980086,0.978798445257712,"Gene3269"
187.495595329278,0.2764018585792,0.243944340317274,1.1330529669994,0.257192010850899,0.95794362182403,"Gene3270"
139.27355964192,-0.0715108575522989,0.291311937418334,-0.245478637731233,0.806085846860152,0.994277373720757,"Gene3271"
276.313504185437,0.300601508478291,0.308267999712124,0.975130434423967,0.329495563715762,0.95794362182403,"Gene3272"
82.7049131534359,0.0736868767794861,0.330882308701333,0.222698146264443,0.823770444202637,0.994277373720757,"Gene3273"
46.3599203948066,0.434833328896762,0.24292112992205,1.79001855061474,0.0734509292460933,0.873824605647375,"Gene3274"
42.0304690655542,0.169689053230874,0.332541790880134,0.510278881886575,0.609856095571441,0.994277373720757,"Gene3275"
10.9208303158625,0.0224219966226135,0.458556180651446,0.0488969456060101,0.961001423005755,0.997510641223454,"Gene3276"
73.9442748592688,-0.555826398316825,0.250504515235609,-2.21882786341815,0.0264984376280033,0.658346276472132,"Gene3277"
36.6127318618772,-0.251045476259314,0.284458354812911,-0.882538593125263,0.377485619153654,0.971168238156084,"Gene3278"
32.9523028678384,0.0685662836724669,0.303799611459292,0.225695758276684,0.821438057379547,0.994277373720757,"Gene3279"
156.374056804758,-0.316886375098083,0.301125999322056,-1.05233814353961,0.292644437349508,0.95794362182403,"Gene3280"
216.37670783289,0.310451518173957,0.312132655124578,0.994614030531504,0.319924020946201,0.95794362182403,"Gene3281"
856.322930524787,-0.112502925013628,0.338464127640492,-0.332392462970628,0.739592929016879,0.994277373720757,"Gene3282"
86.3766405825681,0.131592412936284,0.285787215124676,0.460455912553247,0.645189009646683,0.994277373720757,"Gene3283"
54.5200382229025,0.0889604241753837,0.239439303953992,0.371536429927467,0.710238027407148,0.994277373720757,"Gene3284"
19.6178575487414,0.0342286056912235,0.312696567964587,0.109462684269371,0.912835517512892,0.994566617513272,"Gene3285"
53.305303401606,-0.587074334005922,0.284910900868909,-2.06055413188996,0.0393455965079507,0.777673169770085,"Gene3286"
404.732759443109,0.219002264506852,0.268850050832226,0.814588890085496,0.415307671966822,0.982830442885154,"Gene3287"
38.0540674325082,-0.30230029835395,0.306618610683575,-0.985916339781208,0.32417416797453,0.95794362182403,"Gene3288"
407.998777539809,0.240719283413113,0.358022760256513,0.67235748710681,0.501356140445672,0.991483155252957,"Gene3289"
44.2796943467022,0.104259069611313,0.365939152666645,0.284908211793036,0.77571446451264,0.994277373720757,"Gene3290"
68.178756121355,-0.185510731524992,0.291683593023896,-0.635999884675701,0.524776497197003,0.994277373720757,"Gene3291"
988.11049380175,0.41186083984345,0.285744606261119,1.4413599795724,0.149483010371775,0.922991707713332,"Gene3292"
52.4952896631442,-0.0204287270287257,0.308685662187831,-0.06617970813395,0.947234751915493,0.997510641223454,"Gene3293"
7.83964841591777,0.44912498620363,0.425836528613357,1.05468872683634,0.29156770925321,0.95794362182403,"Gene3294"
24.1612218213335,-0.824462482971031,0.346578886189743,-2.37885952036807,0.0173662928058016,0.510773317817695,"Gene3295"
16.4687788155451,0.483873257972282,0.39292425145662,1.23146702240572,0.218148243283281,0.937201247950648,"Gene3296"
59.204068955806,0.109060226593901,0.325445581485438,0.335110484819352,0.73754174395542,0.994277373720757,"Gene3297"
27.7876344690128,-0.000589609898996705,0.297843957832917,-0.00197959328531171,0.998420514112593,0.999775694831997,"Gene3298"
80.4720700220221,-0.116859766479356,0.293924532051747,-0.397584256283794,0.690936667542027,0.994277373720757,"Gene3299"
427.617628212586,-0.0111274838144798,0.284617577625224,-0.0390962635102324,0.968813639980262,0.998005294854764,"Gene3300"
16.7314108201148,-0.210232299419291,0.358144312020841,-0.587004434701332,0.557200728324989,0.994277373720757,"Gene3301"
14.0668029549191,-0.402676217809636,0.389501023043596,-1.03382582839728,0.301217594696769,0.95794362182403,"Gene3302"
39.7561202564047,0.221305575764528,0.278850579245991,0.793634986747869,0.427407958382748,0.984915063210876,"Gene3303"
167.819932396338,0.0310166036953638,0.315235420351631,0.0983918737963081,0.921621127142249,0.995212746821085,"Gene3304"
79.5734338622896,-0.27841316061704,0.301875144227963,-0.922279180450824,0.356382970837081,0.963476060844946,"Gene3305"
53.7175828789673,-0.593291582837514,0.355342966798116,-1.66963085883894,0.0949924210468789,0.880386512732165,"Gene3306"
328.84505958927,-0.574060356952314,0.318184028359694,-1.80417716097102,0.0712035385263243,0.873824605647375,"Gene3307"
39.3763124121996,0.127488419197618,0.330345546188059,0.385924437815914,0.69955263126894,0.994277373720757,"Gene3308"
429.652313435434,0.174358355970766,0.202652192479788,0.86038228275352,0.389578348939904,0.978706191438438,"Gene3309"
8.48032321278351,-0.87835978968079,0.44339708937621,-1.98097779783919,0.0475937634801935,0.803270269707907,"Gene3310"
65.318674865077,0.0648776048483021,0.389336494480919,0.16663633070103,0.86765620558595,0.994277373720757,"Gene3311"
178.29344599601,-0.167909900290889,0.308345497155033,-0.544551166921907,0.586062248343201,0.994277373720757,"Gene3312"
205.478543789437,0.456375718882728,0.266120193720325,1.71492329275226,0.0863592914884233,0.873824605647375,"Gene3313"
8.1645837482793,0.0852347732873954,0.428929424421207,0.19871514620945,0.842485575342072,0.994277373720757,"Gene3314"
28.575663717801,-0.312803249852826,0.313214953820776,-0.998685554559488,0.317947040562945,0.95794362182403,"Gene3315"
6.85926464654167,-0.376091355756005,0.460165663803785,-0.817295564052276,0.41375954119587,0.982830442885154,"Gene3316"
41.6365389306048,0.0506941136214445,0.320178326595923,0.158330871925077,0.874196082672398,0.994277373720757,"Gene3317"
26.3237769828512,-0.0375305115780372,0.294169740820001,-0.127581142348022,0.898480455387797,0.994277373720757,"Gene3318"
203.050641195519,0.353382526605111,0.250062414032841,1.41317729804328,0.157603599810592,0.922991707713332,"Gene3319"
85.119747819966,0.158522822140036,0.30556521585551,0.518785561688394,0.603910287528105,0.994277373720757,"Gene3320"
35.7064140534932,0.206080997522074,0.315395934613369,0.65340410229035,0.513495794833631,0.993765320745238,"Gene3321"
257.99514789675,-0.404937593619723,0.283914473752343,-1.42626611552374,0.153791541536264,0.922991707713332,"Gene3322"
37.7003503319268,-0.17976179512848,0.283339749900948,-0.634439026614949,0.525794347052312,0.994277373720757,"Gene3323"
244.542314802918,0.00737421869816875,0.266573502549875,0.0276629846088662,0.977930946400485,0.999185276544855,"Gene3324"
106.800414952445,-0.12579219643059,0.304197248456983,-0.413521808854818,0.679224347358653,0.994277373720757,"Gene3325"
134.385033736737,0.126768007150127,0.370001011901213,0.342615298533219,0.731887891385526,0.994277373720757,"Gene3326"
170.260888837904,-0.211468402203739,0.272169866991086,-0.776972133401767,0.437175211421536,0.984915063210876,"Gene3327"
28.5186257239826,-0.139583561578046,0.274170595990572,-0.509112077003496,0.610673667011566,0.994277373720757,"Gene3328"
9.54022960199046,0.697893058839749,0.40366138114513,1.72890717675277,0.0838257094078526,0.873824605647375,"Gene3329"
159.736396307864,-0.00431862970658971,0.314405343890087,-0.0137358661056966,0.989040709128333,0.999775694831997,"Gene3330"
9.19576203940296,0.508613961473717,0.435951961096448,1.16667432850748,0.243341913799051,0.957320151425211,"Gene3331"
14.6199331672558,0.398544855055958,0.361747372525128,1.10172149219487,0.270582770343754,0.95794362182403,"Gene3332"
39.1017470706925,-0.118385725277391,0.351170425760876,-0.337117583352545,0.736028262888572,0.994277373720757,"Gene3333"
97.626898278294,-0.400289842595479,0.325559118019411,-1.22954578888991,0.218867241181235,0.937201247950648,"Gene3334"
115.556124035311,-0.081278945967212,0.355798755670442,-0.228440781964107,0.81930358805863,0.994277373720757,"Gene3335"
3.3923903052642,-3.24960378259256,0.844564785219801,-3.84766667929073,0.000119248144491204,0.012552436262232,"Gene3336"
65.1599357384573,-0.0130732849540733,0.358881077857591,-0.0364279026136368,0.970941165871405,0.998127746690025,"Gene3337"
7.11415268792595,-0.0666757653853753,0.435685525433492,-0.153036448293836,0.878369532240145,0.994277373720757,"Gene3338"
822.383731339396,0.0686989046838653,0.317558033719617,0.216334960508421,0.828726659675209,0.994277373720757,"Gene3339"
13.7313521217542,-0.34185588452049,0.345467178556354,-0.989546636381045,0.322395764138686,0.95794362182403,"Gene3340"
417.914411762756,0.0634262899285968,0.365425165939484,0.173568478146633,0.862204606745188,0.994277373720757,"Gene3341"
37.4834841411267,-0.0621702864277293,0.326877978089268,-0.190194172122391,0.849156977744067,0.994277373720757,"Gene3342"
116.295085027417,0.401014625818222,0.323734443053885,1.23871473802828,0.21545115874522,0.937201247950648,"Gene3343"
20.4526143693104,0.377835555700912,0.355007970846939,1.0643016121568,0.287192087908333,0.95794362182403,"Gene3344"
55.2210336111904,-0.323227815883982,0.353525055538094,-0.914299597215259,0.360559442184052,0.964952994866733,"Gene3345"
96.5075781316663,-0.158677089219067,0.285861098042354,-0.5550845858556,0.578836805453207,0.994277373720757,"Gene3346"
340.944338426034,0.147595287694591,0.23792098038264,0.620354234658995,0.535024595814957,0.994277373720757,"Gene3347"
28.3313235378282,-0.0760354882546091,0.304109928467579,-0.250026326459497,0.802566989496121,0.994277373720757,"Gene3348"
10.8155539347941,0.432769581020965,0.417107226153358,1.03754994851575,0.299479630194241,0.95794362182403,"Gene3349"
12.3632912705967,-0.555725344050054,0.354222715011177,-1.56885857540931,0.116680896083918,0.916850469645478,"Gene3350"
68.4780944074547,-0.15573486435615,0.291051508526828,-0.535076643802364,0.592596859803379,0.994277373720757,"Gene3351"
64.9798905981941,0.318378358156757,0.300371401725536,1.05994897093324,0.289167815081804,0.95794362182403,"Gene3352"
42.3167864726534,-0.81543138576969,0.325648585094145,-2.50402250491568,0.0122790223520402,0.498590546462874,"Gene3353"
49.2594073519856,0.160803383288472,0.285075881194782,0.564072213385882,0.572704987604331,0.994277373720757,"Gene3354"
41.2193955691896,0.489447526372687,0.282356791907615,1.73343634862104,0.0830181416926092,0.873824605647375,"Gene3355"
39.8019119840257,0.22661201503592,0.302499001020429,0.749133102163917,0.453776985232961,0.984915063210876,"Gene3356"
861.975012168791,0.356089258368857,0.330400874126352,1.07774914128309,0.281145721741857,0.95794362182403,"Gene3357"
58.0420880134486,0.284299482688771,0.292478950050592,0.972033996428097,0.331033636015153,0.95794362182403,"Gene3358"
234.714043844421,0.172150715331177,0.311274721290958,0.553050741214101,0.580228665413976,0.994277373720757,"Gene3359"
1121.70986394339,0.160909636810834,0.264657648793183,0.60799163577765,0.543193021368561,0.994277373720757,"Gene3360"
12.3585977027314,0.129547622910018,0.354238773087781,0.365707067526218,0.714583671807851,0.994277373720757,"Gene3361"
52.9207168807756,0.107804454833654,0.30747881445429,0.350607748455724,0.7258826427,0.994277373720757,"Gene3362"
58.948509898729,-0.0158599704439744,0.267390111903546,-0.0593139751169839,0.952702030179176,0.997510641223454,"Gene3363"
182.662427884179,0.194283812272361,0.282987729238786,0.686545006014816,0.492369493867244,0.9852420159146,"Gene3364"
43.6806303055388,0.477738738858877,0.309879555429171,1.54169170081978,0.123148529640114,0.918506127595565,"Gene3365"
76.5401212445518,-0.267704345123003,0.332814523733321,-0.804364972177446,0.421186224496028,0.984915063210876,"Gene3366"
64.2198719274137,0.321899781426614,0.300782828935997,1.07020664233167,0.284526305175215,0.95794362182403,"Gene3367"
66.9366743048714,-0.0459039150858032,0.334256880051887,-0.137331249782136,0.890768970683201,0.994277373720757,"Gene3368"
20.4554995265846,-0.219374162030504,0.338573371284465,-0.647936845116473,0.51702579866549,0.994202950165992,"Gene3369"
1055.95600073051,0.60481117021235,0.342197826294647,1.76743136203203,0.0771560145313279,0.873824605647375,"Gene3370"
14.7016988664052,0.509391291558427,0.373408396620145,1.36416667693901,0.172515113357628,0.922991707713332,"Gene3371"
36.0333859803833,0.323559427094109,0.305099815180637,1.06050351719336,0.288915590715296,0.95794362182403,"Gene3372"
88.0446660552569,0.0722697548075016,0.317180207730457,0.227850770779863,0.8197622552524,0.994277373720757,"Gene3373"
67.477583383877,0.0885866374034397,0.293166983742492,0.302171261826847,0.762521510597694,0.994277373720757,"Gene3374"
10.9892355993675,0.3836122722908,0.408713243241912,0.938585374058325,0.347943664988957,0.963476060844946,"Gene3375"
43.3642926119937,-0.0604985705994274,0.334340117521981,-0.180949181473713,0.8564074647401,0.994277373720757,"Gene3376"
8.79232168872249,0.67104992817234,0.420517191465471,1.59577287633302,0.110539511120045,0.899911941041004,"Gene3377"
166.106274234057,-0.0580414122920912,0.3107958666096,-0.186750914435418,0.851855934323903,0.994277373720757,"Gene3378"
20.0365896939063,0.493909599895815,0.356463221776048,1.38558361627029,0.165874083877071,0.922991707713332,"Gene3379"
14.3824212187806,-0.261380071330132,0.384197076356438,-0.680328111314511,0.496296728655665,0.987824005818103,"Gene3380"
46.6266665485132,-0.449722798521094,0.295671198634215,-1.52102335499191,0.128253976548824,0.921592508351087,"Gene3381"
12.3573239029176,-0.0555210936083441,0.418463205415864,-0.132678555461448,0.89444760316735,0.994277373720757,"Gene3382"
67.9889435241128,0.0913647573309045,0.334520025583033,0.273121936935361,0.784759484338596,0.994277373720757,"Gene3383"
21.4172079379473,-0.384521333811268,0.329806476094432,-1.16589988882198,0.243654923952094,0.957320151425211,"Gene3384"
23.8328024180086,0.0490088912131726,0.313066414781078,0.156544710321111,0.875603679891434,0.994277373720757,"Gene3385"
7.19045535587481,0.0958285755457241,0.47160962809798,0.203194697131618,0.838982857457607,0.994277373720757,"Gene3386"
1.93967396419837,-0.485524276777775,0.727797539341309,-0.667114479690598,0.504699011851797,0.991483155252957,"Gene3387"
226.433514046044,0.263909829152191,0.229094254654652,1.15197052649802,0.249333184947693,0.95794362182403,"Gene3388"
395.45715599373,-0.749195452028754,0.307916552978071,-2.4331119739513,0.0149696707189286,0.50507907055879,"Gene3389"
237.517867326352,-0.391893071092129,0.304584041787294,-1.2866500450664,0.198216292125267,0.937201247950648,"Gene3390"
39.4948726029536,-0.304945283849561,0.331403799635947,-0.920162304066968,0.357487949902455,0.963476060844946,"Gene3391"
61.7009501677942,0.0748088135875411,0.305909280735725,0.244545747051618,0.806808176174681,0.994277373720757,"Gene3392"
80.7209615544446,0.357708535342527,0.309579630003024,1.15546534938049,0.247899914337604,0.95794362182403,"Gene3393"
36.006657898036,0.0785263046155935,0.332273585337333,0.236330265422307,0.813176403576981,0.994277373720757,"Gene3394"
117.254571149922,-0.179637154233538,0.371585228605971,-0.4834345942853,0.628787189869318,0.994277373720757,"Gene3395"
181.216840886948,-0.352270777242103,0.269777209841467,-1.30578404843431,0.191626006169319,0.932804035662126,"Gene3396"
181.286325132856,0.350500643674374,0.282348961211238,1.24137394439411,0.214467639879128,0.937201247950648,"Gene3397"
218.116718260787,-0.169858106851642,0.268804388118942,-0.631902284186234,0.52745073069401,0.994277373720757,"Gene3398"
33.5370417931416,-0.413940752734252,0.347559145747736,-1.19099369934203,0.233656058360354,0.948113052984091,"Gene3399"
70.881126827582,0.197664147810942,0.282075574369846,0.700748897711267,0.48345973454521,0.984915063210876,"Gene3400"
49.7447359201076,0.1027059239878,0.279897246226231,0.366941530767283,0.713662631888986,0.994277373720757,"Gene3401"
11.0619095022044,-0.0643995291279195,0.37115078976077,-0.173513113549964,0.862248121095829,0.994277373720757,"Gene3402"
19.6332939255946,0.688770771900841,0.324280987316926,2.12399369324632,0.0336706709440959,0.735970949597725,"Gene3403"
41.1876627496643,-0.136203026495396,0.315887930704865,-0.431175151869449,0.666341019897591,0.994277373720757,"Gene3404"
72.260768699232,0.319963776134276,0.283535724402926,1.12847781988693,0.259118178889072,0.95794362182403,"Gene3405"
221.95060107388,-0.301228169181055,0.261218556422877,-1.1531652777891,0.248842552337102,0.95794362182403,"Gene3406"
142.487058482786,0.515134440820066,0.318348863604132,1.6181444312006,0.105631475101852,0.899911941041004,"Gene3407"
13.4199182858685,0.314721595133893,0.411889602378839,0.764092109429908,0.444812354157568,0.984915063210876,"Gene3408"
81.8611787591855,-0.14474225944061,0.279346957684229,-0.518145107577029,0.604357030292137,0.994277373720757,"Gene3409"
17.5196256975828,0.386336581706683,0.324646134217469,1.19002366265014,0.234037091785538,0.948113052984091,"Gene3410"
165.314451363461,0.029434747629607,0.32893752204888,0.0894843113253371,0.928697021309886,0.995312957908507,"Gene3411"
17.7526926728667,0.181568603814673,0.397983182989372,0.456221799250051,0.648230491159809,0.994277373720757,"Gene3412"
15.8304418269772,-0.179768127827138,0.376072258632913,-0.47801485938002,0.632639628963241,0.994277373720757,"Gene3413"
53.3470981854264,0.275501845490272,0.34279692011338,0.803688216916155,0.421577060858097,0.984915063210876,"Gene3414"
22.9513975182817,-0.493684140540577,0.343256319125223,-1.4382375881636,0.150366653498754,0.922991707713332,"Gene3415"
195.672340595285,0.0344049436434789,0.271072660007424,0.126921481651955,0.899002544239441,0.994471840972833,"Gene3416"
12.6028861694427,0.0731444299782361,0.407174076289078,0.179639211427366,0.857435819136405,0.994277373720757,"Gene3417"
89.5754501048544,0.233516867438271,0.387362662795409,0.6028378309698,0.546616577057495,0.994277373720757,"Gene3418"
166.964404510747,-0.0400166490794695,0.303051357220361,-0.132045767577183,0.894948091371378,0.994277373720757,"Gene3419"
35.1345247061245,0.244992263344538,0.270736985468713,0.904908736131476,0.365513738457973,0.965773320271778,"Gene3420"
85.4116776569804,-0.150778148865917,0.333948029780261,-0.451501836873031,0.651627901456528,0.994277373720757,"Gene3421"
26.2486461417375,-0.116937641976178,0.325032024978489,-0.359772677735116,0.719017136930012,0.994277373720757,"Gene3422"
14.3935738683525,0.162402321557031,0.406415139652534,0.3995971254808,0.689453273993287,0.994277373720757,"Gene3423"
2.58535495902038,-0.546835965269512,0.686651968051618,-0.79638010333119,0.425811139297481,0.984915063210876,"Gene3424"
17.8581944792657,0.300457415707528,0.310857771140996,0.966543041869938,0.333772520094867,0.962271851923063,"Gene3425"
107.005629299277,0.396119623665916,0.218008137404146,1.81699466993558,0.0692179294871091,0.870665779712065,"Gene3426"
67.2076597016273,-0.391214605110828,0.271576999086663,-1.44052922900878,0.149717726680428,0.922991707713332,"Gene3427"
14.3861415501434,0.159790058947583,0.36461287660271,0.438245792184936,0.661208116803266,0.994277373720757,"Gene3428"
49.2696060052795,-0.889149737700615,0.282063719791505,-3.15230097070922,0.00161989211245927,0.129591368996742,"Gene3429"
2.7440107739427,-1.70237873131104,0.714445699409744,-2.38279652703837,0.0171816881379036,0.510773317817695,"Gene3430"
141.675027646973,0.327346469084756,0.342188861150542,0.956625145494565,0.33875649224573,0.963476060844946,"Gene3431"
17.1080917236843,-0.0836235183390774,0.374962002206291,-0.223018646814966,0.823520993900656,0.994277373720757,"Gene3432"
39.3152487353719,0.073831659153143,0.333991213490529,0.221058687087997,0.825046737406315,0.994277373720757,"Gene3433"
56.0759970371159,-2.37960081522089,0.268317174091559,-8.86861164693426,7.40634848886926e-19,1.55923126081458e-16,"Gene3434"
17.3541763189492,0.582847228888434,0.364604571502394,1.59857356282382,0.109915387879976,0.899911941041004,"Gene3435"
282.72180125725,0.0136434152503176,0.239796701418918,0.0568957586555078,0.954628232944545,0.997510641223454,"Gene3436"
74.2154041640485,0.477286678543647,0.319735252945593,1.49275587895484,0.13550110039874,0.922991707713332,"Gene3437"
81.1964622399409,0.355104867186318,0.29328865358867,1.21076919560735,0.225983874252745,0.940619663903204,"Gene3438"
162.9535152962,0.0864405364264133,0.368511241930934,0.234566891293411,0.814544909531838,0.994277373720757,"Gene3439"
157.078154152232,0.42111506280631,0.308272170514951,1.3660495597214,0.171923408497307,0.922991707713332,"Gene3440"
97.3908644942394,-0.130560686567445,0.367621093454835,-0.355150150227942,0.722477107815824,0.994277373720757,"Gene3441"
903.887538361391,-0.500901864976204,0.288206697930296,-1.73799522555631,0.0822116550545778,0.873824605647375,"Gene3442"
21.5568661062173,0.203527338670847,0.335003781328258,0.607537436932445,0.543494305827052,0.994277373720757,"Gene3443"
341.874105885988,0.430075715449302,0.291015510181887,1.47784465226785,0.139449363573831,0.922991707713332,"Gene3444"
11.3721786676585,-0.144769706195486,0.422598944860657,-0.342569966054271,0.731921999916957,0.994277373720757,"Gene3445"
25.0454858529156,0.0725779473599912,0.329325718346982,0.220383478473193,0.825572511390842,0.994277373720757,"Gene3446"
33.6331398263029,-0.257707322181788,0.357166225223308,-0.72153329173458,0.470581465252418,0.984915063210876,"Gene3447"
19.7949328712125,0.199113228973242,0.332138700847819,0.59948819112312,0.548847382482699,0.994277373720757,"Gene3448"
65.3851018293458,0.0846728390963683,0.277259590304651,0.305391921712538,0.760067673653184,0.994277373720757,"Gene3449"
126.110937526743,0.0641833380922774,0.268243034959148,0.23927308346348,0.81089383556906,0.994277373720757,"Gene3450"
16.8108268939293,-0.392917387982292,0.388154652300083,-1.01227020120456,0.311408878589138,0.95794362182403,"Gene3451"
76.92779167956,-0.0526072090295855,0.318580315482144,-0.165130130372208,0.868841557937347,0.994277373720757,"Gene3452"
120.252935488079,0.252689705463061,0.239873295681922,1.05342991492531,0.292143999685347,0.95794362182403,"Gene3453"
49.9514430979955,-0.655271555343292,0.29483273887481,-2.22251964908663,0.026248207637977,0.656205190949425,"Gene3454"
23.016814815941,-0.031240370557511,0.320877789694112,-0.0973590929658672,0.9224412294326,0.995212746821085,"Gene3455"
12.2024607142812,0.805350856578916,0.430379419454487,1.87125782547807,0.0613093531909344,0.852351786208883,"Gene3456"
21.4132753031269,-0.0981897789969166,0.310181020581994,-0.316556373477277,0.751580243386149,0.994277373720757,"Gene3457"
98.716994682211,-0.0243615422056399,0.287841574515094,-0.0846352450881358,0.932551378054844,0.995673949128029,"Gene3458"
504.356614987104,-0.139037550634613,0.324855858917967,-0.42799766979029,0.668652816902405,0.994277373720757,"Gene3459"
21.888702260032,0.178981531268784,0.323456512771802,0.553340323046935,0.580030394584212,0.994277373720757,"Gene3460"
314.589181979335,0.386962713690324,0.284494713901596,1.36017540847585,0.173774422576149,0.922991707713332,"Gene3461"
16.4813854795854,0.227384384167871,0.366628399821738,0.62020395659046,0.535123516951957,0.994277373720757,"Gene3462"
25.9458549560887,0.296526497932339,0.357277172387926,0.829962059849643,0.406560234936192,0.982830442885154,"Gene3463"
44.6720284410091,-0.415575370881394,0.329148823344987,-1.26257589700031,0.206741634537722,0.937201247950648,"Gene3464"
30.3611369684567,-0.293863540870313,0.271953604739405,-1.080564977809,0.279890668360184,0.95794362182403,"Gene3465"
67.665059019521,0.435714401194853,0.297078067964607,1.46666633514919,0.142466845055436,0.922991707713332,"Gene3466"
146.565364189665,0.168429247015543,0.280278687547829,0.60093490692831,0.547883342331521,0.994277373720757,"Gene3467"
193.284760993636,-0.0163187952255896,0.269555009530494,-0.0605397586712019,0.951725751063328,0.997510641223454,"Gene3468"
125.322707216919,0.341781259174958,0.321400552575345,1.06341217037838,0.28759507597886,0.95794362182403,"Gene3469"
11.2412674831664,0.609644512888177,0.441370326226084,1.38125396444504,0.167200887442456,0.922991707713332,"Gene3470"
24.4782791162678,0.161184179663874,0.32490232448292,0.496100420089014,0.619823562854545,0.994277373720757,"Gene3471"
33.2592900277463,-0.0834835280019999,0.357202491228583,-0.23371485376505,0.81520635544607,0.994277373720757,"Gene3472"
120.774222587046,-0.0868669782573547,0.26950769457062,-0.322317247363759,0.747212368270403,0.994277373720757,"Gene3473"
9.53089024981113,0.145956228441893,0.399173681598823,0.365645920986801,0.714629304402989,0.994277373720757,"Gene3474"
26.5628708489773,0.112098835829181,0.322091968459827,0.348033626436613,0.727814930029761,0.994277373720757,"Gene3475"
102.591851453236,-0.341614949041595,0.279013380868681,-1.22436761985396,0.220813578601897,0.937201247950648,"Gene3476"
198.076436348016,0.0745975717160849,0.296863255765444,0.251285971797822,0.801593020164941,0.994277373720757,"Gene3477"
67.3498282069239,0.191981614715587,0.259942550073918,0.738554017651185,0.460177854705377,0.984915063210876,"Gene3478"
437.243504402809,-0.590125045028215,0.206438876260799,-2.85859454244799,0.00425522287130211,0.274530507825942,"Gene3479"
3.14750646040078,-0.226020819212593,0.872903450714615,-0.258929918340405,0.795689313674569,0.994277373720757,"Gene3480"
71.2774699952464,0.63118186174066,0.314320486446858,2.00808375195542,0.0446343925523053,0.803270269707907,"Gene3481"
45.5578027447242,-0.226396870596935,0.261377808631516,-0.866167146255722,0.386398507159314,0.978706191438438,"Gene3482"
15.266002896045,0.0122582855025359,0.375297874509199,0.0326628162191616,0.97394347641731,0.998762776352692,"Gene3483"
30.9318299633704,0.323293900880508,0.353713564369391,0.913999160470092,0.360717286836424,0.964952994866733,"Gene3484"
59.5069269957692,0.550855940590716,0.322499704620696,1.70808200038074,0.087621128256625,0.873824605647375,"Gene3485"
238.843896678916,-0.589922102398842,0.301385349395443,-1.95736821176671,0.0503041930540628,0.822107009743037,"Gene3486"
53.865642167586,0.0448024336844058,0.272501603890482,0.164411632976707,0.869407106396977,0.994277373720757,"Gene3487"
104.191840471034,0.153228776791422,0.278402013934819,0.550386739757193,0.582054141746178,0.994277373720757,"Gene3488"
17.5276784795753,-0.199838062562084,0.370992199648369,-0.538658394304497,0.590122586969493,0.994277373720757,"Gene3489"
33.7728681326474,-0.11129499446274,0.29966784543017,-0.371394516161643,0.710343709444444,0.994277373720757,"Gene3490"
52.0528027800405,-0.000295602303510156,0.303058771923786,-0.000975395965718804,0.999221746741688,0.999775694831997,"Gene3491"
56.5154674491834,-0.485195995294337,0.255557676794357,-1.89857726592485,0.0576200798611768,0.848989930934339,"Gene3492"
97.3832500620431,0.0519741749822054,0.303920125070604,0.171012613824541,0.864213847305761,0.994277373720757,"Gene3493"
44.8102153141232,-0.329634213873175,0.254558807043626,-1.29492362767352,0.195346576787994,0.934198910468991,"Gene3494"
133.420475536552,-0.23305452849031,0.318798050743874,-0.731041259338026,0.464753951764553,0.984915063210876,"Gene3495"
83.5590963366624,-0.369308414972364,0.262981030555467,-1.40431579491613,0.160224832910992,0.922991707713332,"Gene3496"
9.68300473965503,0.0464700415833322,0.400037505022899,0.116164212104743,0.907522399292447,0.994566617513272,"Gene3497"
64.8089577689825,-0.410771940059817,0.313355397638756,-1.3108819671055,0.18989764416583,0.932523081212241,"Gene3498"
7.26904121790943,-0.000915783355967853,0.469096617611943,-0.00195222758294418,0.998442348741814,0.999775694831997,"Gene3499"
22.290993782695,-0.336986639143728,0.286485419513174,-1.17627849862786,0.239483604907988,0.951275491193598,"Gene3500"
67.4134023674612,0.276641327951243,0.324607932862046,0.852232185184493,0.394085236377943,0.980364826863959,"Gene3501"
11.8632124755093,0.739425837821176,0.389984585031033,1.8960386287123,0.0579549367716044,0.848989930934339,"Gene3502"
48.644418424295,-0.125480115123775,0.266242675946609,-0.47129978196635,0.637426671346318,0.994277373720757,"Gene3503"
50.2685335581442,-0.337271755774614,0.365409023965639,-0.922997883616387,0.356008308141484,0.963476060844946,"Gene3504"
35.6378906820463,0.255893105534121,0.295600496766194,0.865672109260764,0.386669999177772,0.978706191438438,"Gene3505"
20.3377260362414,-0.0929445624705063,0.353953159058924,-0.262590006874422,0.792866603199152,0.994277373720757,"Gene3506"
98.6516267306269,0.17962181598551,0.308636721877636,0.581984589820534,0.560577060860229,0.994277373720757,"Gene3507"
134.20401626818,0.550832335625482,0.328614595985541,1.67622601781729,0.0936939297897225,0.875644203642267,"Gene3508"
32.7982363965748,-0.328766141377032,0.330157676589618,-0.995785240473703,0.319354503098509,0.95794362182403,"Gene3509"
83.2424140134182,0.275825726601589,0.245749273925694,1.12238674074369,0.261698039616701,0.95794362182403,"Gene3510"
16.6347594802856,0.195140557310446,0.34668601159978,0.562874043893411,0.573520655981126,0.994277373720757,"Gene3511"
47.8241033634838,-0.0125493397672989,0.312783759570851,-0.0401214557447515,0.967996296361358,0.997677192848604,"Gene3512"
121.336830743062,-0.396441877925737,0.257079292082728,-1.54209961725802,0.12304938796485,0.918506127595565,"Gene3513"
76.7812255826372,-0.279822782904378,0.313320483560243,-0.893088060265859,0.371810016430919,0.965773320271778,"Gene3514"
67.4206345002074,-0.227649263810717,0.257653305001879,-0.883548781992363,0.376939837960435,0.971168238156084,"Gene3515"
233.646276558924,0.640698762663171,0.26540068502048,2.41408104358785,0.0157749531192882,0.510773317817695,"Gene3516"
19.2814532313056,0.00976578874651337,0.368339786440407,0.0265129891095633,0.978848173430301,0.999334531322411,"Gene3517"
115.047141334203,0.42485174413892,0.308540218734776,1.3769736272344,0.168520401722185,0.922991707713332,"Gene3518"
70.1225940761756,0.548209458644184,0.310242736411218,1.76703398437522,0.0772225370226491,0.873824605647375,"Gene3519"
18.9066484852432,-0.705435557728148,0.31555679888691,-2.23552640987768,0.025382809781998,0.646869475068822,"Gene3520"
48.7986974509702,-0.12415466169548,0.290236138152549,-0.427771202048671,0.668817705258314,0.994277373720757,"Gene3521"
35.7867508711667,-0.305848873358767,0.314037674029797,-0.973924145577983,0.330094203934335,0.95794362182403,"Gene3522"
119.251198828479,0.0992663628284142,0.278829453070027,0.356011037340033,0.721832299412009,0.994277373720757,"Gene3523"
93.4393177929791,-0.634012761393011,0.305465982809785,-2.07555929979874,0.037934729002162,0.770248304612425,"Gene3524"
6.29847596115193,0.753998677946506,0.469394121686899,1.60632322202247,0.108202910617779,0.899911941041004,"Gene3525"
361.766757613094,0.239048872668745,0.341804579634056,0.699372936795278,0.484318996283917,0.984915063210876,"Gene3526"
4.36914080673159,-0.000759650611296974,0.528644513916615,-0.00143697814183086,0.998853457721006,0.999775694831997,"Gene3527"
98.8337895645555,0.302863595452845,0.299259399000783,1.01204372014412,0.311517149780834,0.95794362182403,"Gene3528"
17.2023954422865,0.0122257830138818,0.366377124901447,0.0333693950384333,0.973380015285974,0.998762776352692,"Gene3529"
195.296003089454,-0.431916768760453,0.304866972360243,-1.41673847257578,0.156559404361626,0.922991707713332,"Gene3530"
96.7403586113733,-0.250197261235241,0.303848026240818,-0.823428950092781,0.410264105649217,0.982830442885154,"Gene3531"
286.860488009102,0.251981898840653,0.234072111919914,1.07651397158695,0.281697455776025,0.95794362182403,"Gene3532"
40.9666656400707,0.836438660879307,0.339862913751377,2.46110601373586,0.0138509431648799,0.498590546462874,"Gene3533"
2.6626380165183,0.26013708941149,0.646448094733455,0.40240986326791,0.687382412336563,0.994277373720757,"Gene3534"
35.6271889400395,-0.701901735206787,0.275744140527766,-2.54548195970136,0.010912700247067,0.471476176672064,"Gene3535"
67.6269285223594,0.192429712381211,0.337761965613349,0.56971989735959,0.568867692487983,0.994277373720757,"Gene3536"
228.731393053864,0.116394391588863,0.313978875271,0.370707715569724,0.710855242984904,0.994277373720757,"Gene3537"
10.9171755409662,0.105785896637564,0.39704394386657,0.266433724205385,0.789905195395519,0.994277373720757,"Gene3538"
46.7024538051332,-0.226727298589652,0.367751758091763,-0.616522677596766,0.537549609473002,0.994277373720757,"Gene3539"
31.0092848053213,0.360057033193047,0.329112578547644,1.09402391966287,0.273944487623685,0.95794362182403,"Gene3540"
320.302013143405,0.18665880087764,0.352875960142798,0.528964344304171,0.59683018456752,0.994277373720757,"Gene3541"
7.91248221823713,0.976546529334609,0.423813431514052,2.30418966630186,0.0212119990333567,0.58115065844813,"Gene3542"
177.604702465485,-0.278556028071291,0.319408315017414,-0.872100114413442,0.383153763747429,0.97702042679757,"Gene3543"
214.868477645547,0.436758303171402,0.280776968194432,1.55553465079428,0.11981878870776,0.918151637607358,"Gene3544"
46.0639749912652,0.089363903988893,0.343353794115027,0.260267704975338,0.794657282071598,0.994277373720757,"Gene3545"
133.22871504394,-0.283396454520872,0.261881089642115,-1.08215700075236,0.2791827713278,0.95794362182403,"Gene3546"
95.5500950864551,0.255867267027462,0.264798518237853,0.966271521193452,0.333908332617303,0.962271851923063,"Gene3547"
20.9156122313325,0.279680448600814,0.39576939632881,0.706675279077041,0.479768295531256,0.984915063210876,"Gene3548"
25.7902221148242,-0.788868095662712,0.30912123575055,-2.55196992127484,0.0107115765755604,0.471476176672064,"Gene3549"
4.68421477036995,0.502290869875525,0.514264631379774,0.976716731477094,0.328709409556796,0.95794362182403,"Gene3550"
360.105652612764,-0.232069661193222,0.325167639639664,-0.713692363269577,0.475417429664524,0.984915063210876,"Gene3551"
251.68473034872,0.262371242842062,0.345606934360946,0.759160817554795,0.447756361763168,0.984915063210876,"Gene3552"
255.057522595844,-0.245364784102078,0.274782554162951,-0.892941638342048,0.371888427352988,0.965773320271778,"Gene3553"
68.0247017191552,0.143159651148227,0.291871035545312,0.490489407010728,0.62378762386106,0.994277373720757,"Gene3554"
27.8684108498556,0.139944438833341,0.313596058864216,0.44625700763011,0.655411607822823,0.994277373720757,"Gene3555"
7.34504182299919,0.349678823461817,0.440905854340878,0.793091813182117,0.427724332304817,0.984915063210876,"Gene3556"
50.0727365566411,1.24322992077245,0.258357678066038,4.81204944276776,1.49390381955443e-06,0.000165989313283826,"Gene3557"
16.2368998832717,-0.0723321711005726,0.32715087779959,-0.221097285714399,0.825016683651673,0.994277373720757,"Gene3558"
7.90967854271048,0.354263138809908,0.416046294176948,0.8514993253593,0.394492037921243,0.980364826863959,"Gene3559"
61.8217719754008,0.0221876629071775,0.308591288140436,0.0718998356722249,0.942681620827426,0.997510641223454,"Gene3560"
30.0274086082833,-0.234434216432199,0.298312679980557,-0.785867420880261,0.431945162828524,0.984915063210876,"Gene3561"
91.0785947032196,-0.277426770472233,0.333192413146655,-0.83263231552071,0.405052127858904,0.982830442885154,"Gene3562"
18.8903043084619,-0.172075924994159,0.352149515932859,-0.488644502430518,0.625093400769876,0.994277373720757,"Gene3563"
610.944139785208,0.152567742091813,0.295519736869132,0.516269213380411,0.60566639539723,0.994277373720757,"Gene3564"
1192.30556919976,-0.0322146445539933,0.350509333091245,-0.0919080934875054,0.92677106100872,0.995212746821085,"Gene3565"
373.033230032894,-0.379883729466571,0.294413074515277,-1.29030862536256,0.19694352331637,0.934488841358812,"Gene3566"
47.926286010554,-0.0358088322513993,0.33013218877792,-0.108468163567921,0.913624333277655,0.994566617513272,"Gene3567"
109.414894911792,-0.0615633989618336,0.318126482581254,-0.193518623354814,0.846552822388984,0.994277373720757,"Gene3568"
8.80134279107074,0.182920662779407,0.417909408110728,0.437704103399703,0.661600794533088,0.994277373720757,"Gene3569"
8.72366820349996,-0.269284711523232,0.401295659278383,-0.671038186676289,0.502196203130397,0.991483155252957,"Gene3570"
26.8422272061417,0.455067833739959,0.38127779292205,1.19353353955496,0.232660484872071,0.946736459296322,"Gene3571"
426.593528695397,0.037848865916415,0.218528292506139,0.173198927618728,0.862495066539594,0.994277373720757,"Gene3572"
39.4257428505083,-0.0850710524886664,0.305711521355077,-0.278272314080889,0.780803327266579,0.994277373720757,"Gene3573"
161.369832195496,0.0668182670264054,0.275790053469043,0.242279466521462,0.808563623221692,0.994277373720757,"Gene3574"
56.4861424864137,0.0585974954757101,0.353714042825189,0.165663469303281,0.868421796014415,0.994277373720757,"Gene3575"
35.7971164050173,0.360737565674836,0.283522142685296,1.2723435364103,0.203251086299781,0.937201247950648,"Gene3576"
72.2609053252034,0.0401293726191827,0.298273986906022,0.134538626835824,0.892976668924518,0.994277373720757,"Gene3577"
45.7833867027293,0.00423892032759376,0.283592892761633,0.0149472022599546,0.988074302162198,0.999775694831997,"Gene3578"
294.615667981632,0.0165787131442306,0.252345292741641,0.0656985234957581,0.947617847955095,0.997510641223454,"Gene3579"
9.12359113042732,0.28069462496154,0.398558915178204,0.704273858322891,0.481262242942642,0.984915063210876,"Gene3580"
75.8110018961547,0.276795895635693,0.307785820802596,0.899313343655361,0.368485781850711,0.965773320271778,"Gene3581"
38.2887838112771,0.290938832016444,0.279737318422635,1.04004297194586,0.298319936599454,0.95794362182403,"Gene3582"
42.3557250818553,-0.154310152730682,0.374201640026684,-0.41237166336224,0.680067029497029,0.994277373720757,"Gene3583"
25.7835146423029,-0.300522113853676,0.383176244681163,-0.784292131950238,0.432868715157777,0.984915063210876,"Gene3584"
132.073466423305,0.228084940907078,0.312202387758286,0.730567573633248,0.465043324363405,0.984915063210876,"Gene3585"
11.394214405495,0.265788277285571,0.38451707653119,0.69122619906326,0.489423402053173,0.9852420159146,"Gene3586"
113.919492415719,-0.0475767378368204,0.33051283368849,-0.143948231316372,0.8855413491799,0.994277373720757,"Gene3587"
3.96112673057266,-0.4163218581002,0.556302935061129,-0.748372571599775,0.45423546196015,0.984915063210876,"Gene3588"
323.595121057012,-0.0996421545496944,0.27091599358945,-0.367797239393307,0.713024427611367,0.994277373720757,"Gene3589"
116.152647413634,-0.0908606774507359,0.274082250545341,-0.331508798070472,0.740260196457766,0.994277373720757,"Gene3590"
61.16279147315,-0.593143082443937,0.310684750340143,-1.90914771901277,0.056243038390361,0.848989930934339,"Gene3591"
2.33751436759556,0.0964734467299452,0.695735394631776,0.138663991331079,0.88971567390009,0.994277373720757,"Gene3592"
51.6994443368837,0.187107991945412,0.290364349221578,0.644390375220027,0.519322324214537,0.994277373720757,"Gene3593"
23.0940936121532,0.12036581504164,0.375004280000202,0.320971843418894,0.74823172856834,0.994277373720757,"Gene3594"
230.961979523933,0.00975290349728914,0.30451488123489,0.0320276745022722,0.974449981152916,0.998762776352692,"Gene3595"
6.38127177989435,0.552264401563686,0.485986152716125,1.1363788833841,0.25579802954058,0.95794362182403,"Gene3596"
7.42598624503495,-0.0638291759716176,0.455442829600374,-0.140147504413724,0.888543447841106,0.994277373720757,"Gene3597"
38.3339909553732,-0.155187020575317,0.307273946755219,-0.505044512279925,0.613527572517442,0.994277373720757,"Gene3598"
52.3792606517322,0.0981496826748051,0.348504945156607,0.281630674223861,0.778226717226883,0.994277373720757,"Gene3599"
21.8844498599459,0.351471071822507,0.362762718584322,0.968873188496656,0.332608464243533,0.959915435152867,"Gene3600"
44.316157851925,0.491418597668615,0.354056077927072,1.38796825786969,0.165146711006435,0.922991707713332,"Gene3601"
36.480062093577,-0.194558272180601,0.35996289102438,-0.54049535947144,0.588855460405785,0.994277373720757,"Gene3602"
26.0247039223265,-0.398562151147848,0.32276372093412,-1.23484185271616,0.216889367602618,0.937201247950648,"Gene3603"
31.2509258047453,-0.220819219770602,0.330916681259009,-0.667295522638723,0.504583385755719,0.991483155252957,"Gene3604"
39.5962835879868,-0.539303202639922,0.3654711898116,-1.47563807401052,0.140041078310435,0.922991707713332,"Gene3605"
122.556702275688,0.00294377407645388,0.309485724548948,0.00951182507931247,0.992410776063272,0.999775694831997,"Gene3606"
502.537300802978,-0.142556110899695,0.284984954033854,-0.500223288569686,0.616917861903054,0.994277373720757,"Gene3607"
166.461320565326,0.386495611490358,0.266340923967302,1.45113115075702,0.146743343845995,0.922991707713332,"Gene3608"
67.611773734167,0.0431690228413763,0.282323186646112,0.15290640260266,0.878472086741464,0.994277373720757,"Gene3609"
11.7067102264279,0.018465643599082,0.359198771250876,0.0514078696170844,0.959000514019122,0.997510641223454,"Gene3610"
166.433912121289,-0.00888719101213396,0.330552958015885,-0.0268858311402764,0.978550794545524,0.999285978601505,"Gene3611"
292.341139216134,-0.159345629500984,0.276026654584116,-0.57728348641209,0.563747967254255,0.994277373720757,"Gene3612"
33.4193709092882,-0.0293832014985903,0.321987838743511,-0.0912556250983019,0.927289476850546,0.995212746821085,"Gene3613"
42.7815517401243,-0.00262496305572168,0.350997187613827,-0.00747858714642953,0.994033006400892,0.999775694831997,"Gene3614"
182.957536602632,0.186892076233548,0.244649704849482,0.763917031285735,0.444916687351676,0.984915063210876,"Gene3615"
61.72166121626,-0.0924136706403491,0.338524283054511,-0.272989783204025,0.784861069225342,0.994277373720757,"Gene3616"
660.478038301531,-0.0267749232343037,0.221091341399468,-0.121103445593226,0.903609100076809,0.994566617513272,"Gene3617"
49.9316941700827,0.148458486109349,0.303000668212155,0.489960919839956,0.624161553187683,0.994277373720757,"Gene3618"
5.64878750697472,-0.333248653390067,0.501538904409338,-0.664452249786153,0.506400900867934,0.991484876882885,"Gene3619"
166.152219211359,-0.220723330303338,0.268976019502704,-0.820605980828409,0.41187073986983,0.982830442885154,"Gene3620"
86.6398364859529,-0.0528344190960484,0.272367032114286,-0.193982431302034,0.846189638399115,0.994277373720757,"Gene3621"
36.7920868124648,-0.196970423984133,0.350958864119245,-0.561235073741316,0.57463729577958,0.994277373720757,"Gene3622"
12.0352842340249,-0.570619908654698,0.372075450397683,-1.53361343255731,0.125124781745527,0.918506127595565,"Gene3623"
145.015035190077,0.341940598196757,0.33807578436612,1.01143179727552,0.311809808820537,0.95794362182403,"Gene3624"
108.124009360124,0.0636255012461099,0.311283469535418,0.204397301729736,0.838043038585937,0.994277373720757,"Gene3625"
77.5025374175421,0.312421701861207,0.318804456962398,0.979979090750467,0.327096439963582,0.95794362182403,"Gene3626"
329.912091115706,0.030528292314898,0.372537378293662,0.0819469242381185,0.934688919743937,0.995673949128029,"Gene3627"
16.7206471600938,0.0674192309305047,0.367832372897562,0.183287921069634,0.85457211144625,0.994277373720757,"Gene3628"
71.4883564781475,0.17908172787522,0.252338995235974,0.709687092586513,0.47789819805632,0.984915063210876,"Gene3629"
34.7878705205856,-0.0209630665829302,0.354728072544251,-0.0590961590171727,0.952875517957216,0.997510641223454,"Gene3630"
111.445221977611,0.17012288866115,0.305720817984222,0.55646484849432,0.577893118114463,0.994277373720757,"Gene3631"
83.8383836164314,-0.0246320308423969,0.268087916803159,-0.0918804216770526,0.926793046892298,0.995212746821085,"Gene3632"
41.2247697482332,-0.0345563053716938,0.271119863716337,-0.127457667239937,0.898578176500134,0.994277373720757,"Gene3633"
10.4254475910353,-0.614769553320846,0.404636686016697,-1.51931244636449,0.128683868307744,0.921592508351087,"Gene3634"
61.223374831109,0.0610818572777497,0.305613403304802,0.199866421489472,0.841585052318216,0.994277373720757,"Gene3635"
319.119895960286,-0.211864948674026,0.272626299143205,-0.777125865479096,0.437084515045314,0.984915063210876,"Gene3636"
5.24641011088651,0.132176174344496,0.566895664753267,0.233157849958199,0.815638834737618,0.994277373720757,"Gene3637"
28.0572352273836,-0.616402138128797,0.345225370197214,-1.78550648747707,0.0741791999931546,0.873824605647375,"Gene3638"
102.959819335111,-0.418620104092452,0.287870676417872,-1.45419502014434,0.145892245264775,0.922991707713332,"Gene3639"
16.6312074306544,-0.511212336196706,0.357598620849121,-1.42957021193993,0.152840410068434,0.922991707713332,"Gene3640"
14.201335080916,-0.429236303113327,0.387234922379821,-1.10846485765121,0.267661108058552,0.95794362182403,"Gene3641"
13.9104032663732,0.648127960491736,0.456261153607428,1.42051970755633,0.155456435318667,0.922991707713332,"Gene3642"
21.0224925210386,-0.267317131459095,0.331641926579605,-0.806041426113024,0.420218963270422,0.984915063210876,"Gene3643"
82.1756054717531,0.0744563083250772,0.293399382941408,0.253771182402064,0.799672337895758,0.994277373720757,"Gene3644"
538.991368952368,0.170513803889212,0.273487830300809,0.623478579290582,0.53297007440024,0.994277373720757,"Gene3645"
106.323677446162,-0.267457030603402,0.252378567177463,-1.0597454197263,0.289260433517667,0.95794362182403,"Gene3646"
19.9405384562955,-0.152895662365222,0.382940993403259,-0.399266897509231,0.689696555422112,0.994277373720757,"Gene3647"
26.9568981274702,0.120086883477332,0.378449950355352,0.317312456679078,0.751006526330938,0.994277373720757,"Gene3648"
9.2852754917386,-0.225958634407118,0.404361254711015,-0.558803870980675,0.57629558034169,0.994277373720757,"Gene3649"
21.2553683162937,-0.0993814151677025,0.330181032761508,-0.300990684826788,0.763421597785412,0.994277373720757,"Gene3650"
27.1193157150059,0.173206745442518,0.362317494856098,0.478052393002195,0.632612914965285,0.994277373720757,"Gene3651"
282.735940491832,-0.154477924941207,0.250123819427444,-0.617605813372038,0.536835211577096,0.994277373720757,"Gene3652"
110.152544878172,-0.00330122984420111,0.341272057538533,-0.00967330835114846,0.992281936981837,0.999775694831997,"Gene3653"
8.73449689086822,-0.429268099826782,0.464567971861218,-0.924015700236476,0.355478141546622,0.963476060844946,"Gene3654"
147.776296360096,0.0871490778578654,0.291238606268631,0.299236007802761,0.764759976983763,0.994277373720757,"Gene3655"
237.659286272748,-0.105171757741023,0.341108797060317,-0.308323205520922,0.757836410128974,0.994277373720757,"Gene3656"
41.8600548482416,-0.259023717157784,0.337856481023024,-0.766667895117668,0.443278996515921,0.984915063210876,"Gene3657"
278.823964520991,-0.299005776404304,0.282614072601005,-1.05800030993659,0.290055301102002,0.95794362182403,"Gene3658"
78.3585883925176,0.534400123764018,0.28351416089531,1.88491510292267,0.0594413007177355,0.848989930934339,"Gene3659"
113.803565553101,-0.441627141664949,0.276410215883831,-1.59772365957181,0.110104490858054,0.899911941041004,"Gene3660"
33.9866619464192,-0.242484632095166,0.318308610630811,-0.761790991499161,0.446184757835781,0.984915063210876,"Gene3661"
314.917370269025,0.00810844894064637,0.290776527674024,0.0278855002689089,0.977753473056596,0.999185276544855,"Gene3662"
62.7917281425,0.0579681211944819,0.269806855636395,0.214850438317263,0.829883926937495,0.994277373720757,"Gene3663"
39.7741505703022,0.210599678646157,0.276137481108441,0.762662416564353,0.445664750074255,0.984915063210876,"Gene3664"
94.8470626270628,0.0874502980703768,0.227370048273572,0.384616613904909,0.700521483201616,0.994277373720757,"Gene3665"
46.7892851123516,-0.0671232986918575,0.263926966648885,-0.254325276208531,0.799244274039145,0.994277373720757,"Gene3666"
40.4920606556013,0.0800631157740882,0.348801874932265,0.229537515501131,0.818451165713724,0.994277373720757,"Gene3667"
147.022680605092,0.762955248347057,0.329202329343222,2.31758763636089,0.0204717427790448,0.572636161651604,"Gene3668"
45.3189614493967,0.0963602772437759,0.248269446918734,0.388127812099721,0.697921451046947,0.994277373720757,"Gene3669"
32.1054790247169,0.319502528455683,0.359497376453848,0.888747872397063,0.37413859659224,0.96801706750903,"Gene3670"
23.8296737750968,-0.424334130079123,0.304401855620059,-1.39399324361793,0.163319644916501,0.922991707713332,"Gene3671"
11.1410107549743,-0.0832731363530994,0.437398841756497,-0.190382617426907,0.849009317850563,0.994277373720757,"Gene3672"
311.788895689686,-0.0645222759643772,0.303038459675237,-0.212917779589841,0.831391094234431,0.994277373720757,"Gene3673"
24.5583926036256,0.556884683100534,0.319545035387687,1.74274240382078,0.0813786210877795,0.873824605647375,"Gene3674"
41.6688430397186,0.221231489383166,0.268421174075108,0.824195371864601,0.40982855633081,0.982830442885154,"Gene3675"
70.0514100072218,0.163560848213503,0.297754037874839,0.54931529856282,0.582789090279569,0.994277373720757,"Gene3676"
23.6933568097061,0.16664438026198,0.374451090465172,0.44503644001934,0.656293420263095,0.994277373720757,"Gene3677"
4.68769524633182,-0.605231636887148,0.54761877465765,-1.10520614868531,0.269070273192752,0.95794362182403,"Gene3678"
72.9686043259105,0.316717179712023,0.275849768084383,1.14815097330492,0.250906244417326,0.95794362182403,"Gene3679"
114.055589047448,0.0290924882250297,0.31996570304194,0.0909237707305661,0.927553162111234,0.995228714711625,"Gene3680"
37.3043484938849,0.287371205867971,0.272986943709281,1.05269212499045,0.292482119068231,0.95794362182403,"Gene3681"
28.0699225724512,0.115322652807353,0.341066445710257,0.338123712425591,0.73526996188838,0.994277373720757,"Gene3682"
21.0774878714927,0.0978777882508902,0.32330647300567,0.302739958593942,0.762088043321206,0.994277373720757,"Gene3683"
555.441586494,0.115318025175266,0.311261751005584,0.370485691874158,0.711020635544974,0.994277373720757,"Gene3684"
34.5598179941939,-0.476621823428035,0.344559348261205,-1.3832793271559,0.166579234266104,0.922991707713332,"Gene3685"
50.7599014128716,-0.350029916854669,0.364584806563348,-0.960078178117526,0.337015870248416,0.963476060844946,"Gene3686"
54.0453287709479,-0.0488411281024948,0.293875338003772,-0.166196756877462,0.868002111592657,0.994277373720757,"Gene3687"
38.9329942146605,0.0358565517229856,0.313875268241298,0.114238219289773,0.909048955597565,0.994566617513272,"Gene3688"
864.86079723043,0.258636802442282,0.251417765363528,1.02871331335046,0.303614411960483,0.95794362182403,"Gene3689"
43.9656751015488,0.154496281630584,0.367472350953733,0.420429676490235,0.674171592460984,0.994277373720757,"Gene3690"
12.4454931588498,-0.0767741648380454,0.383478951290462,-0.200204377788375,0.841320743507745,0.994277373720757,"Gene3691"
67.452742349318,0.16125243412769,0.282707561536857,0.570385996225527,0.568415925487765,0.994277373720757,"Gene3692"
182.539876664764,-0.354410144613101,0.317314756329068,-1.11690407566664,0.264035341810448,0.95794362182403,"Gene3693"
16.64107466815,-0.0302497916965387,0.387753402696049,-0.0780129625844982,0.937817741767648,0.996618216543728,"Gene3694"
406.582532661229,-0.133020109805735,0.279927990683939,-0.475194029295644,0.634648682413205,0.994277373720757,"Gene3695"
62.813090047481,-0.48037005605994,0.285380861334457,-1.68325953539317,0.0923248600989805,0.873824605647375,"Gene3696"
44.3978450919893,-0.323294862244436,0.319319979373038,-1.0124479616941,0.311323916064529,0.95794362182403,"Gene3697"
159.76312603876,-0.307253070890984,0.278367939632098,-1.10376601305833,0.269694651526341,0.95794362182403,"Gene3698"
8.64973867606868,0.574461872773241,0.457788921886906,1.25486189225688,0.209528899857697,0.937201247950648,"Gene3699"
298.931659646493,-0.7564714779912,0.339539268130927,-2.22793517272796,0.0258848382851512,0.653493010029048,"Gene3700"
27.633346842634,-0.442212591714466,0.285856349440577,-1.54697487944515,0.121869303225661,0.918506127595565,"Gene3701"
18.6553497970141,0.0616098904452999,0.378747581962278,0.162667415924086,0.870780303551536,0.994277373720757,"Gene3702"
20.2406183429261,0.238437385831999,0.380793338510352,0.6261595509122,0.531210295270108,0.994277373720757,"Gene3703"
44.5519308841781,0.757959743606789,0.293839149674512,2.57950563921243,0.00989418430853949,0.471476176672064,"Gene3704"
15.7583029469939,0.46385059601539,0.38615549421941,1.20120159614208,0.229673010411663,0.940987103757509,"Gene3705"
2.90652632136597,-1.00193677556749,0.628323828896199,-1.59461845864994,0.110797582302966,0.899911941041004,"Gene3706"
51.5095895085866,-0.779928517854679,0.330669365471322,-2.35863554140554,0.018342260073678,0.527834822264115,"Gene3707"
161.36627687904,0.518069482381796,0.285676278151333,1.81348442976898,0.0697571379483295,0.873824605647375,"Gene3708"
37.1565133659188,0.076037185007056,0.305225812713541,0.249117806685694,0.803269655838743,0.994277373720757,"Gene3709"
86.3438503011222,-0.0948389053055986,0.324505587519897,-0.292256617306423,0.770090425830598,0.994277373720757,"Gene3710"
121.484408477139,0.270658719012758,0.316242542466093,0.855858028784275,0.392076312981017,0.979250711187414,"Gene3711"
15.5095173810903,-0.333630196543896,0.392803736682997,-0.849355964281839,0.395683248637722,0.980364826863959,"Gene3712"
448.057509555337,0.299463866745125,0.255111866604439,1.17385314423439,0.240453853028049,0.953236285542316,"Gene3713"
24.3142059373304,-0.03193035614303,0.337448357537019,-0.0946229413474838,0.92461432703211,0.995212746821085,"Gene3714"
48.7306214574612,-0.235842329721729,0.286471571951596,-0.823266085758689,0.410356695138397,0.982830442885154,"Gene3715"
551.461364820156,0.0253836089027306,0.289499823727243,0.0876809131553951,0.930130290283099,0.995673949128029,"Gene3716"
71.7262113314397,-0.594265001473025,0.318289406858825,-1.86705868516889,0.0618933930794896,0.852351786208883,"Gene3717"
52.9764543920231,-0.673476260671894,0.275306670174346,-2.44627658401954,0.0144340224281588,0.498590546462874,"Gene3718"
14.8703708418481,0.668766995128997,0.340733260891954,1.96272883186788,0.0496776911059197,0.821118861254871,"Gene3719"
11.9418562767141,0.271505541829986,0.409513698059446,0.662995018522125,0.507333744496717,0.991959161080563,"Gene3720"
27.4478645002148,-0.103341664214901,0.373417273644054,-0.276745805587471,0.781975297175395,0.994277373720757,"Gene3721"
36.4160317627321,0.2261345165877,0.40504773458684,0.558291029126144,0.576645669736183,0.994277373720757,"Gene3722"
328.584792868811,0.106790895727877,0.240812331971339,0.443461075492543,0.657432267751629,0.994277373720757,"Gene3723"
25.1186055343121,0.808467955366771,0.365415791665946,2.21246036379799,0.0269348719851191,0.662350229029724,"Gene3724"
12.200776743003,0.325082011422553,0.435840096171483,0.745874494517936,0.455743233884432,0.984915063210876,"Gene3725"
127.135910423635,-0.0858755723457283,0.311021188554063,-0.276108430891682,0.782464785376624,0.994277373720757,"Gene3726"
58.177932831194,0.0874350403941489,0.280851467764044,0.311321286978664,0.755556386134838,0.994277373720757,"Gene3727"
53.6945294969219,-0.0938822337158386,0.340138209670707,-0.276012018193215,0.782538835480463,0.994277373720757,"Gene3728"
371.67047213501,0.21607350357621,0.272036602841521,0.794280994980986,0.427031865461528,0.984915063210876,"Gene3729"
163.157566049226,0.0387129549828533,0.298728230656101,0.129592556076228,0.896888792971491,0.994277373720757,"Gene3730"
198.476774539233,0.294249938969747,0.31824819407795,0.924592643242698,0.35517784122981,0.963476060844946,"Gene3731"
34.6957333841044,-0.176000904772436,0.341112469358489,-0.515961510007039,0.605881292077691,0.994277373720757,"Gene3732"
44.8236889341805,-0.161256652148665,0.353979599290287,-0.455553519106688,0.648711073854835,0.994277373720757,"Gene3733"
51.2776201851382,-0.584861114038671,0.290113902761553,-2.01597065315195,0.0438030446171093,0.803270269707907,"Gene3734"
17.6920943494788,-0.173572009126136,0.359360354841312,-0.483002665118088,0.629093843885629,0.994277373720757,"Gene3735"
13.3348494154669,0.0158616899839793,0.356781951553794,0.0444576580034424,0.964539602601731,0.997510641223454,"Gene3736"
93.6607101525067,0.0448859836793017,0.296506601305862,0.151382746561516,0.879673798858441,0.994277373720757,"Gene3737"
46.1354959066814,-0.0161124912434737,0.299549421156165,-0.0537890915672101,0.957103200606813,0.997510641223454,"Gene3738"
44.7411369746377,-0.208500005697901,0.328535850788287,-0.634633953030169,0.525667178613515,0.994277373720757,"Gene3739"
207.527571888335,0.0183337385360398,0.253406086502054,0.0723492430237707,0.942323977076218,0.997510641223454,"Gene3740"
26.6430739823836,-0.141162710408515,0.311889473383071,-0.452604920830833,0.650833254757302,0.994277373720757,"Gene3741"
565.925665538572,-0.0828390629484387,0.258517389714565,-0.32043903522275,0.748635538438835,0.994277373720757,"Gene3742"
29.2288261462002,-0.319513035334407,0.348834815529548,-0.915943653300118,0.359696449231825,0.964952994866733,"Gene3743"
133.144013496901,-0.230858986638797,0.334820460070663,-0.689500834537039,0.490508148247639,0.9852420159146,"Gene3744"
14.1308203546151,0.21254700335134,0.341085183499984,0.623149329356166,0.533186395882111,0.994277373720757,"Gene3745"
73.6509400513757,0.00194855184795389,0.264949311384914,0.00735443258096664,0.994132064687395,0.999775694831997,"Gene3746"
19.7833450187257,-0.20211756398845,0.340026531197076,-0.594417039390685,0.552233214607271,0.994277373720757,"Gene3747"
75.0405480338821,2.35427692490944,0.260610787078669,9.033689477323,1.6597923105564e-19,3.90539367189741e-17,"Gene3748"
10.1769600861791,0.181419089383665,0.373078544513568,0.486275858131174,0.626771593605461,0.994277373720757,"Gene3749"
51.7928883662825,-0.167949760765831,0.28194347881357,-0.595685920712088,0.551385065534202,0.994277373720757,"Gene3750"
95.7485413576014,-0.177874318607708,0.303034345189375,-0.586977421640273,0.557218870692771,0.994277373720757,"Gene3751"
41.8522037853335,-0.213478802630258,0.305606289319258,-0.698541915173881,0.484838354424449,0.984915063210876,"Gene3752"
43.6728045867069,0.324563112646444,0.311853688120581,1.04075444674859,0.297989526729316,0.95794362182403,"Gene3753"
29.0792775105826,-0.308385487712691,0.344478268873385,-0.895224795228056,0.370666932633256,0.965773320271778,"Gene3754"
105.282948574588,0.117568583870968,0.361152262862175,0.325537442128213,0.74477434971518,0.994277373720757,"Gene3755"
183.968056609275,0.638372333865458,0.259562270315256,2.45941882497064,0.0139162164361831,0.498590546462874,"Gene3756"
3.31770743691773,-1.27514966455208,0.633504358460838,-2.01285065765006,0.0441303427845333,0.803270269707907,"Gene3757"
27.9436222116641,0.60814359399827,0.338654630124095,1.79576341175499,0.072532152026563,0.873824605647375,"Gene3758"
158.542516086728,0.529026819575787,0.313951568639277,1.68505869191444,0.0919772483581197,0.873824605647375,"Gene3759"
380.889055938403,-0.601066176296003,0.287898442093817,-2.08777154862176,0.0368184472015341,0.764949169179802,"Gene3760"
121.964365266771,-0.634834159641466,0.231918018729561,-2.73732141693459,0.00619417406724302,0.36436318042606,"Gene3761"
53.199380929723,-0.486898199755098,0.338363475452213,-1.43897978085363,0.15015625147533,0.922991707713332,"Gene3762"
127.683223798267,-0.118974437246719,0.31710771655998,-0.37518619394497,0.707521997155798,0.994277373720757,"Gene3763"
68.049738517208,0.180577768146586,0.258868031511957,0.697566891871101,0.485448092830657,0.984915063210876,"Gene3764"
109.408038443325,0.396051735967987,0.323552141284364,1.22407391400913,0.220924345629448,0.937201247950648,"Gene3765"
69.0509868078818,0.613366843943503,0.310758297416854,1.97377463141628,0.0484073746558471,0.804725766397617,"Gene3766"
324.055069166605,-0.026912358305812,0.301507522458596,-0.0892593262229725,0.928875817968114,0.995312957908507,"Gene3767"
85.4578474261456,-0.0177736471821586,0.300573176208807,-0.0591325127755623,0.952846562491402,0.997510641223454,"Gene3768"
31.6652001224052,0.159961174185107,0.309449467014595,0.516921795756597,0.605210751965837,0.994277373720757,"Gene3769"
204.774151368556,0.30156386369316,0.25987869682541,1.16040240072373,0.245885009790942,0.95794362182403,"Gene3770"
18.7514549454248,0.399325035520221,0.394142916552262,1.0131478170743,0.310989561306366,0.95794362182403,"Gene3771"
30.9045600429491,0.143457272840662,0.401938080659578,0.356913862466699,0.721156291516921,0.994277373720757,"Gene3772"
3.46900632142756,-1.05190130806954,0.591607668730039,-1.77803866256091,0.0753975052106794,0.873824605647375,"Gene3773"
67.8744821345755,0.301225384680436,0.273461764381955,1.10152651637141,0.270667570424323,0.95794362182403,"Gene3774"
98.9958635914548,-0.305561404905285,0.260947897005987,-1.17096711033573,0.24161199761464,0.955211454798614,"Gene3775"
7.51530436350479,0.0273249400295125,0.441322562977927,0.0619160276898852,0.95062970373602,0.997510641223454,"Gene3776"
1133.65843448985,0.279551217161139,0.297890290160375,0.938436821860281,0.348019970373403,0.963476060844946,"Gene3777"
15.5766212339734,0.313589207787606,0.375722655504223,0.834629488516645,0.403926353593498,0.982830442885154,"Gene3778"
15.1147640853926,0.356300598156169,0.339928786651355,1.04816247445853,0.294563756417087,0.95794362182403,"Gene3779"
39.8997202245291,-0.151171357057628,0.317438536802653,-0.476222447911573,0.633915908637577,0.994277373720757,"Gene3780"
67.8150922858398,0.0491211300513016,0.312871583858082,0.157000931326454,0.875244114112733,0.994277373720757,"Gene3781"
28.0157224357068,-0.496999311712982,0.295935341029454,-1.67941858510071,0.0930704937085448,0.873901349376008,"Gene3782"
79.3713491868976,0.660451833940882,0.265652815582401,2.4861465612286,0.0129134771003443,0.498590546462874,"Gene3783"
16.4000939205346,-0.27247828206796,0.366259850607705,-0.743947996527217,0.456907936791128,0.984915063210876,"Gene3784"
107.44818271437,-0.415866426307695,0.273676920247732,-1.51955241944134,0.128623504004238,0.921592508351087,"Gene3785"
57.3429313218194,-0.209479838431935,0.530219291985978,-0.395081509854746,0.692782734210941,0.994277373720757,"Gene3786"
586.974457817335,-0.546159483854902,0.314403250551994,-1.73713052551466,0.0823641343792871,0.873824605647375,"Gene3787"
96.4538924187053,-0.428750937467008,0.303896098499067,-1.41084712697726,0.158289695145888,0.922991707713332,"Gene3788"
47.9204944464709,0.00345418093044011,0.265536014188281,0.0130083331294974,0.989621144547684,0.999775694831997,"Gene3789"
62.7048816846594,0.492849015650269,0.336358279362015,1.46525013918217,0.142852684611923,0.922991707713332,"Gene3790"
95.1416485013068,-0.0593689734619105,0.269297193590111,-0.220458938581715,0.825513747941886,0.994277373720757,"Gene3791"
23.1231706165439,-0.122622785697709,0.341105739186545,-0.359486140544382,0.719231444092951,0.994277373720757,"Gene3792"
17.6861630391943,-0.440166070877366,0.322536976807231,-1.36469956168913,0.172347497472907,0.922991707713332,"Gene3793"
170.007671089009,-0.0105289538626835,0.359267263983784,-0.0293067443605402,0.976619947992254,0.999185276544855,"Gene3794"
53.4250639111906,0.206322015399182,0.31029982578482,0.664911799023236,0.506106908550645,0.991483155252957,"Gene3795"
9.28639930232544,0.17409736933228,0.402992108535071,0.432011857416133,0.665732795213738,0.994277373720757,"Gene3796"
13.5671732346746,-0.311337976060435,0.340896111697711,-0.913292834318137,0.36108855003532,0.964952994866733,"Gene3797"
67.2242222812523,-0.11717771383192,0.303408872589331,-0.386203978914362,0.69934560717494,0.994277373720757,"Gene3798"
183.257421856915,0.392016498902202,0.28624186611017,1.36952886811925,0.170834017352385,0.922991707713332,"Gene3799"
72.3160876137469,0.107901731695181,0.344467974288661,0.31324169371043,0.754097044137849,0.994277373720757,"Gene3800"
52.9159432506799,-0.199551072638651,0.304621180991122,-0.655079439943695,0.512416608716302,0.993765320745238,"Gene3801"
28.5207712853145,0.236456099556812,0.307172496989251,0.769782782880743,0.44142875437704,0.984915063210876,"Gene3802"
23.9826653133938,0.144505090941368,0.320771224995436,0.450492686628683,0.652355226341391,0.994277373720757,"Gene3803"
24.5580155994305,0.0933901664843418,0.330749382947768,0.282359306771828,0.777668014467624,0.994277373720757,"Gene3804"
90.5575471141941,0.549751121206878,0.311003085210549,1.76767095681606,0.0771159280482022,0.873824605647375,"Gene3805"
30.7787072506663,-0.624235325546225,0.371369949302055,-1.6808988630324,0.0927825608607483,0.873824605647375,"Gene3806"
63.8269049644552,-0.47336125175201,0.273435042834892,-1.7311652772971,0.0834222904300065,0.873824605647375,"Gene3807"
43.2250631290497,0.41694011824265,0.256234059209118,1.62718461210645,0.103697894884912,0.899911941041004,"Gene3808"
61.3563777904407,0.272232639418648,0.338916767992439,0.803243348009034,0.421834095189363,0.984915063210876,"Gene3809"
165.038943219674,0.156483764463396,0.34882841552587,0.448598100093112,0.653721604590274,0.994277373720757,"Gene3810"
149.673769750152,8.44784063652432e-05,0.250699717468406,0.000336970488911258,0.99973113645454,0.999775694831997,"Gene3811"
49.5630958948705,-0.00245152695967055,0.351784389874105,-0.00696883383753295,0.994439720079772,0.999775694831997,"Gene3812"
14.7849103860017,-0.366597695190827,0.352478176828062,-1.04005785121174,0.298313024144085,0.95794362182403,"Gene3813"
89.0553877938842,0.0595330954951828,0.367013865906458,0.162209390503944,0.8711409651818,0.994277373720757,"Gene3814"
61.4243336511296,0.0610044329471341,0.305736525219584,0.199532695360228,0.841846070318193,0.994277373720757,"Gene3815"
12.1895439844499,0.480036311830202,0.378461608348621,1.26838839459778,0.204659284001997,0.937201247950648,"Gene3816"
179.390346608468,-0.185617512726782,0.286531076739146,-0.647809357502138,0.517108262356432,0.994202950165992,"Gene3817"
168.23597844463,0.568818158669574,0.304141343965112,1.87024279979121,0.0614501087253241,0.852351786208883,"Gene3818"
23.5250680180414,0.0699991917747975,0.339429434617732,0.206226050647703,0.836614339709643,0.994277373720757,"Gene3819"
1319.38641801428,-0.282163269360967,0.257510380348201,-1.09573551551371,0.273194535526536,0.95794362182403,"Gene3820"
1.77796249121426,-0.263762365335273,0.775095420576115,-0.340296637463324,0.73363314913897,0.994277373720757,"Gene3821"
98.185901354376,-0.156309179077918,0.347876002953303,-0.44932440798137,0.653197652871974,0.994277373720757,"Gene3822"
26.9028123732027,-0.113213998385085,0.322302101051321,-0.351266709139627,0.725388267850204,0.994277373720757,"Gene3823"
67.5754963640442,0.217820041461228,0.353946681379208,0.615403542173242,0.538288252726009,0.994277373720757,"Gene3824"
15.5933358699562,0.55835610885942,0.37800328831119,1.47711971330724,0.139643550131038,0.922991707713332,"Gene3825"
42.0993671883614,0.169015896169039,0.322841114430317,0.523526554129523,0.600607877094072,0.994277373720757,"Gene3826"
21.4895895130851,0.107301524840874,0.314168437755552,0.341541389731718,0.732696051471274,0.994277373720757,"Gene3827"
96.643450234796,0.20428858500405,0.339533619149355,0.601674100832373,0.547391093003081,0.994277373720757,"Gene3828"
86.8451580324508,0.257728148572107,0.309369574090322,0.833075292972611,0.404802266853383,0.982830442885154,"Gene3829"
128.354966938616,0.601998182079905,0.296199894958223,2.03240511670273,0.0421126605316692,0.803270269707907,"Gene3830"
77.3952129736413,-0.301335200877877,0.283423087947883,-1.06319920179999,0.287691624316594,0.95794362182403,"Gene3831"
43.3309687483804,0.378173546753428,0.341301952768489,1.10803217996807,0.267847918482974,0.95794362182403,"Gene3832"
48.1236006424565,0.182334739346002,0.284018703408106,0.641981451073683,0.520885226733646,0.994277373720757,"Gene3833"
503.659884516906,-0.0596354976663052,0.367531799847778,-0.162259422697586,0.871101567171423,0.994277373720757,"Gene3834"
166.840655927146,-0.134579529756762,0.367594743535595,-0.366108417281355,0.714284176827282,0.994277373720757,"Gene3835"
42.3965876574712,-0.427016928843928,0.24217309260956,-1.76327156845777,0.0778546981402196,0.873824605647375,"Gene3836"
326.378597696162,0.0620980027245501,0.219468011405263,0.282947853434011,0.777216811027524,0.994277373720757,"Gene3837"
99.9416862356128,-0.274780325161663,0.34730403071932,-0.791180927536461,0.428838419487599,0.984915063210876,"Gene3838"
37.9302478257483,0.415630964856382,0.315874161488982,1.31581185019111,0.188237200885493,0.930893394096245,"Gene3839"
13.0764074776851,-0.397695375206401,0.417284411965829,-0.953055910554761,0.340561743270059,0.963476060844946,"Gene3840"
69.8993388004256,0.123650657714743,0.302884180494733,0.408244027511674,0.683094527699637,0.994277373720757,"Gene3841"
108.56777453858,-0.216887017313487,0.277594043173067,-0.781310055627771,0.434620157314405,0.984915063210876,"Gene3842"
20.1133415486099,0.150994834319255,0.331821489405738,0.455048389390553,0.64907442671162,0.994277373720757,"Gene3843"
16.2283202403578,-0.0431875229692812,0.366282950687879,-0.117907543575739,0.906140916036305,0.994566617513272,"Gene3844"
10.0917057876497,-0.348504555505612,0.462580775917913,-0.753391782903351,0.451214519130329,0.984915063210876,"Gene3845"
20.7457111111841,0.120741856359863,0.397270070414657,0.303928902154236,0.761182057973955,0.994277373720757,"Gene3846"
162.930399076218,-0.603134750974323,0.296300755436903,-2.03554915033877,0.0417956483181586,0.803270269707907,"Gene3847"
97.010395130368,0.0402750749395902,0.333456268462216,0.12078068025329,0.903864752988093,0.994566617513272,"Gene3848"
15.9194030549056,0.191583831360376,0.397332892829584,0.48217460677877,0.629681914092188,0.994277373720757,"Gene3849"
9.36091508803362,-0.453592857256969,0.421890033009417,-1.07514475756019,0.282309923594586,0.95794362182403,"Gene3850"
1.37332913456528,0.171120809759742,0.872922476822302,0.196032081087742,0.84458505604647,0.994277373720757,"Gene3851"
18.3461270929663,-0.165440202130498,0.409507428880992,-0.403998048539864,0.68621415419648,0.994277373720757,"Gene3852"
99.0570286193646,-0.451465286438483,0.330660872943244,-1.36534232919652,0.172145480714676,0.922991707713332,"Gene3853"
16.2524441805738,-0.216526962456975,0.391231177088255,-0.55345017252582,0.579955191176006,0.994277373720757,"Gene3854"
80.9354096175414,-0.0129550552369053,0.272956669672082,-0.0474619479072225,0.962145057310062,0.997510641223454,"Gene3855"
467.703989022309,-0.0825118594355637,0.321171426099746,-0.256909091937519,0.797248951749418,0.994277373720757,"Gene3856"
3.79761374308867,0.0601732273358021,0.547067117493799,0.109992403878093,0.91241539918896,0.994566617513272,"Gene3857"
45.2856044124281,0.145853359782291,0.349468001891218,0.417358267403527,0.67641637507558,0.994277373720757,"Gene3858"
16.0792825614099,0.541594099114415,0.378053570905292,1.43258559314096,0.151976301344457,0.922991707713332,"Gene3859"
213.32415545715,-0.218807354925309,0.365505385262662,-0.598643313471478,0.549410765981504,0.994277373720757,"Gene3860"
43.9603776649591,0.286105720338839,0.368868635790809,0.775630380515989,0.437967257015728,0.984915063210876,"Gene3861"
85.8874547437467,0.123140774139418,0.308070474126656,0.399716248330864,0.689365523171513,0.994277373720757,"Gene3862"
66.8737854322153,-0.0543891990683845,0.325456663957653,-0.167116562945724,0.867278333933658,0.994277373720757,"Gene3863"
87.6478173513786,0.268129124171121,0.265342248067714,1.01050294901661,0.312254387266505,0.95794362182403,"Gene3864"
73.4411779856154,-0.1441640905424,0.302977147758189,-0.475824964387942,0.634199083003271,0.994277373720757,"Gene3865"
17.0502845675462,-0.0698186084357553,0.376182156509867,-0.185597873869182,0.852760121004552,0.994277373720757,"Gene3866"
229.646152695421,-0.399684528052429,0.349770628119093,-1.14270466391575,0.25316123273461,0.95794362182403,"Gene3867"
289.412465269739,-0.00315009881990966,0.270429197088776,-0.0116485159658095,0.9907060391348,0.999775694831997,"Gene3868"
40.4624031060616,-0.0749132399415029,0.366139342836886,-0.204603087341194,0.837882243083462,0.994277373720757,"Gene3869"
42.9101791665373,0.454689134859195,0.342181825678794,1.32879393567212,0.183915963469263,0.927994141293304,"Gene3870"
5.97753503297386,-0.156413879542654,0.460378901061989,-0.339750321271984,0.734044562546314,0.994277373720757,"Gene3871"
60.4503703112115,0.00761116116755208,0.314369720724108,0.0242108595892149,0.980684415970642,0.999775694831997,"Gene3872"
2.50532323661336,-0.281116447286581,0.644313066807461,-0.436304122589813,0.662616091160145,0.994277373720757,"Gene3873"
39.9346512495474,0.566859197940708,0.373919707626654,1.51599176608979,0.129521434445738,0.921592508351087,"Gene3874"
9.20504606564564,0.45807120033424,0.386310352788506,1.18575957653669,0.23571725945379,0.948275547579697,"Gene3875"
32.427794623194,-0.0879012050571672,0.327878381046573,-0.2680908841156,0.788629362507118,0.994277373720757,"Gene3876"
47.57224674282,-0.309764680329194,0.334862207301722,-0.925051180977514,0.354939285380861,0.963476060844946,"Gene3877"
96.2479821894979,-0.272544277424336,0.323089722517922,-0.843556010696743,0.398917554376387,0.980364826863959,"Gene3878"
282.260188620876,-0.205429205161753,0.240084797053688,-0.855652701390393,0.392189909830559,0.979250711187414,"Gene3879"
30.3585377035734,0.135655753482461,0.319059934797542,0.425173262724261,0.6707103736826,0.994277373720757,"Gene3880"
46.1845062952257,0.0182411038144533,0.271034657249633,0.0673017391929052,0.946341492354443,0.997510641223454,"Gene3881"
36.3747729140033,-0.232463118856566,0.297583941191314,-0.781168224084772,0.434703560073098,0.984915063210876,"Gene3882"
32.9405207755896,0.411511111239245,0.263804890963672,1.55990705758338,0.118781846430976,0.917507049742163,"Gene3883"
38.3852816104943,-0.153946474140623,0.307865528828757,-0.500044531540432,0.617043721778397,0.994277373720757,"Gene3884"
136.587956973478,-0.429928437974261,0.285972399409731,-1.50339137225014,0.13273815012309,0.92169493864293,"Gene3885"
445.089468954634,-0.505067593816283,0.339475502401179,-1.48778804433261,0.136806799619286,0.922991707713332,"Gene3886"
337.714561915761,0.0724305387608229,0.246350809803081,0.294013804211643,0.768747355096495,0.994277373720757,"Gene3887"
50.3159532010081,-0.0355794999824417,0.336049597366898,-0.105875740549083,0.915680942100413,0.994566617513272,"Gene3888"
106.04981941519,0.0239926903236201,0.277836496284227,0.086355430782123,0.931183875607204,0.995673949128029,"Gene3889"
24.3816235200741,-0.000821062089483848,0.325147945962821,-0.00252519537545451,0.997985187738194,0.999775694831997,"Gene3890"
7.7642214962429,-0.304525737191065,0.440792534014645,-0.690859562473776,0.489653800376362,0.9852420159146,"Gene3891"
96.4750820191575,-0.120843756649068,0.265818220589635,-0.454610509321045,0.649389472751342,0.994277373720757,"Gene3892"
77.52063193506,0.128961505378741,0.379537165740416,0.339786237079463,0.734017513143609,0.994277373720757,"Gene3893"
345.588952251343,0.0160896346104694,0.25103681992739,0.0640927279716306,0.948896392180385,0.997510641223454,"Gene3894"
40.4243199489312,0.014520284875022,0.338717184499182,0.0428684623618706,0.965806389018737,0.997510641223454,"Gene3895"
7.02807993270477,-0.100796435505372,0.437079853322937,-0.230613318685495,0.81761521967607,0.994277373720757,"Gene3896"
63.1196403378246,0.270951540197038,0.294732311144427,0.919314001050478,0.357931356603897,0.963476060844946,"Gene3897"
9.93573629478042,-0.401265704958407,0.446388145232075,-0.898916580210236,0.368697095820443,0.965773320271778,"Gene3898"
12.1841497131278,0.59780621203392,0.38826812181958,1.5396736905218,0.123639913001569,0.918506127595565,"Gene3899"
31.7048490913024,-0.496586859161086,0.368058198372963,-1.34920743881347,0.177270346103285,0.923283052621276,"Gene3900"
25.4492356856996,0.0997524062066443,0.284939921735025,0.350082240492111,0.72627697863552,0.994277373720757,"Gene3901"
8.72581010607816,0.267617803999933,0.436828555283593,0.612638072220789,0.540115678431627,0.994277373720757,"Gene3902"
181.782894584916,0.280796477231335,0.34087885312259,0.823742730471908,0.410085754360146,0.982830442885154,"Gene3903"
83.5031155454879,-0.210769113037865,0.278575764847511,-0.756595295191014,0.449292360887993,0.984915063210876,"Gene3904"
18.4267323969851,-0.152516718351179,0.377530404009361,-0.403985259813398,0.686223558506125,0.994277373720757,"Gene3905"
17.7738761131729,-0.237918650578136,0.330173996329615,-0.720585670655359,0.47116447269867,0.984915063210876,"Gene3906"
12.6000610508651,-0.410891282925225,0.353518753111643,-1.16228991901729,0.245117720102276,0.95794362182403,"Gene3907"
83.3390706298853,-0.0959055284407641,0.334276685966699,-0.286904628611516,0.774185346300563,0.994277373720757,"Gene3908"
141.307368107351,0.414260797977346,0.318310536962404,1.30143601883426,0.193109251406923,0.934198910468991,"Gene3909"
36.6713718360007,0.0125264573546149,0.30825284765989,0.0406369558293128,0.967585321986751,0.997510641223454,"Gene3910"
185.687355646041,-0.136598004313857,0.25962058617988,-0.526144734220784,0.598787649275185,0.994277373720757,"Gene3911"
40.9389771066314,0.266364497417599,0.361966422105098,0.735881786682023,0.46180264228399,0.984915063210876,"Gene3912"
63.3840052009317,-0.640489776057499,0.289911070833271,-2.20926291023169,0.0271563593902187,0.662350229029724,"Gene3913"
192.232129097052,0.00919347299721129,0.253454684453527,0.036272649752098,0.971064957919648,0.998127746690025,"Gene3914"
22.2198907535847,-0.263430135719993,0.373534114942529,-0.705237152864937,0.48066266397373,0.984915063210876,"Gene3915"
65.9374169319074,-0.378045299753448,0.278802982667507,-1.3559585917497,0.175112343416962,0.922991707713332,"Gene3916"
97.4096311016781,-0.0887919537122076,0.295384843719663,-0.300597527598526,0.763721417006937,0.994277373720757,"Gene3917"
31.0495294384905,-0.0608061479592115,0.339330673707406,-0.17919437489946,0.857785080420875,0.994277373720757,"Gene3918"
73.3451688598911,0.346605365965105,0.307526338645749,1.12707538317352,0.2597106103274,0.95794362182403,"Gene3919"
90.5049358063116,-0.507069980087336,0.390134150731023,-1.29973235908008,0.19369271562526,0.934198910468991,"Gene3920"
196.441643052817,-0.201313110171909,0.321784234911667,-0.62561520525445,0.531567363034566,0.994277373720757,"Gene3921"
132.717138340624,0.336760141169777,0.289429944181372,1.16352902641872,0.244614928381237,0.95794362182403,"Gene3922"
34.5561663166137,-0.244546282803397,0.295896355646813,-0.826459258914605,0.408543619883181,0.982830442885154,"Gene3923"
105.876276059126,-0.285815862332673,0.275629576901472,-1.03695643096692,0.299756162690342,0.95794362182403,"Gene3924"
369.597240346742,-0.0526237935266647,0.290800145216515,-0.180962060687706,0.856397355489837,0.994277373720757,"Gene3925"
24.238823694874,-0.252074220273363,0.325708639494136,-0.773925495697211,0.438974851433887,0.984915063210876,"Gene3926"
329.686486545542,0.253414784284182,0.32729033636866,0.774281291332525,0.438764464764333,0.984915063210876,"Gene3927"
13.9748436184477,0.69691985470418,0.391220840686233,1.78139756941815,0.0748475250313695,0.873824605647375,"Gene3928"
18.2716389451819,-0.180469382635555,0.372481510914397,-0.484505612620944,0.628027082065269,0.994277373720757,"Gene3929"
65.5534792009716,-0.67174157176468,0.282205609925268,-2.38032678351988,0.017297291086329,0.510773317817695,"Gene3930"
8.01248477971945,-0.265044082465764,0.474648781627873,-0.558400427273317,0.576570981124648,0.994277373720757,"Gene3931"
63.2479755082865,0.494722842821469,0.249019985807174,1.9866792667981,0.0469579508372861,0.803270269707907,"Gene3932"
4.03355994619871,-0.233735045698894,0.534193346148328,-0.437547654578973,0.661714223792096,0.994277373720757,"Gene3933"
21.3185052162909,0.242604679213629,0.395852275798054,0.612866703177412,0.53996448121392,0.994277373720757,"Gene3934"
16.3365696456372,0.171515708719947,0.35559972973049,0.482328006407485,0.629572955060686,0.994277373720757,"Gene3935"
191.767223616649,-0.348064560529253,0.328298911385558,-1.06020625855954,0.289050774468053,0.95794362182403,"Gene3936"
12.4379193708043,0.109721981941795,0.366360434516886,0.299491898153478,0.76456475285205,0.994277373720757,"Gene3937"
247.128856880127,-0.212697767231414,0.309269898333818,-0.687741575812311,0.49161553342323,0.9852420159146,"Gene3938"
19.2350989394736,0.341116361650557,0.403631117021595,0.845119088358854,0.398044351702889,0.980364826863959,"Gene3939"
27.071337325112,-0.879907205410636,0.288102643590137,-3.05414485075818,0.00225703074768085,0.167187462791174,"Gene3940"
20.925984478427,0.166445835013508,0.342557425293213,0.485891773827522,0.627043901114008,0.994277373720757,"Gene3941"
203.919321408159,0.341407040948024,0.302144311526628,1.12994694231712,0.258498582124632,0.95794362182403,"Gene3942"
9.77378302919781,0.505643982064704,0.39499582296474,1.28012488402907,0.200501218348044,0.937201247950648,"Gene3943"
143.056687478353,0.36409062372314,0.329855030269594,1.10378981768313,0.269684322834014,0.95794362182403,"Gene3944"
193.583101827453,0.199356365141668,0.402130154281918,0.495750848373105,0.620070206918947,0.994277373720757,"Gene3945"
32.6272498251614,-0.6537888283935,0.29706950102471,-2.20079417825904,0.0277505979273914,0.672741767936761,"Gene3946"
10.5839524010408,-0.838367206370395,0.3964463945412,-2.11470508475836,0.0344550907295668,0.740969693108963,"Gene3947"
140.80134530717,0.431555913608377,0.254933409225627,1.69281819483468,0.0904900782801179,0.873824605647375,"Gene3948"
17.9495805704174,-0.183184720779695,0.405751360353736,-0.451470379840486,0.651650568484646,0.994277373720757,"Gene3949"
15.1867210987444,0.184828444772435,0.417016890016914,0.443215728660147,0.657609703227723,0.994277373720757,"Gene3950"
22.1129650965064,-0.296326133457671,0.385445138963609,-0.768789390506876,0.442018348170913,0.984915063210876,"Gene3951"
17.4508872105746,-0.160833386741085,0.338285742962306,-0.47543649144861,0.63447588982294,0.994277373720757,"Gene3952"
365.870516421131,0.675795341022804,0.326940286917931,2.06702987690362,0.0387313387977894,0.77366670781468,"Gene3953"
145.634037785017,0.00931715197192723,0.274813431218481,0.0339035538787765,0.972954059233463,0.998669806757467,"Gene3954"
65.7079368066672,-0.265784218121074,0.367456146052779,-0.723308674997365,0.469490264313801,0.984915063210876,"Gene3955"
29.9082123507326,0.0152360958951059,0.31622434339633,0.0481812871566634,0.961571763551014,0.997510641223454,"Gene3956"
168.933154803538,-0.0534045119146404,0.241788350634702,-0.220872973302691,0.825191341901578,0.994277373720757,"Gene3957"
14.6245762310784,0.464315714192777,0.352339200041458,1.3178088448238,0.187567646316165,0.930856805539278,"Gene3958"
36.2290070461476,0.724857871863944,0.363669168468934,1.99317933636122,0.0462418129680919,0.803270269707907,"Gene3959"
158.209798721552,-0.109319218409068,0.257827786175939,-0.424000919491548,0.671565142710286,0.994277373720757,"Gene3960"
17.5941853581534,0.236916530946048,0.350944947384069,0.675081754879264,0.49962382469211,0.991317112484345,"Gene3961"
53.9508793779134,-0.079174930158991,0.322245654192702,-0.245697433398573,0.805916459159824,0.994277373720757,"Gene3962"
19.9529069557573,-0.057620284379425,0.342448344701506,-0.168259783616853,0.866378910758852,0.994277373720757,"Gene3963"
31.9078691686626,-0.227114020282076,0.347652416955106,-0.653278991330599,0.513576433807561,0.993765320745238,"Gene3964"
48.8483016101544,-0.379495588556973,0.382601447649021,-0.99188225995711,0.321254963881813,0.95794362182403,"Gene3965"
36.3598123357444,-0.585008251778552,0.294115990474137,-1.9890392590878,0.0466968698282481,0.803270269707907,"Gene3966"
175.952650453025,0.336080211838581,0.270824328086958,1.24095281325934,0.214623180924484,0.937201247950648,"Gene3967"
110.52302398524,-0.164317814618402,0.239143114837528,-0.68711079024808,0.492012915103474,0.9852420159146,"Gene3968"
143.988610961635,0.337958687932936,0.264161559365715,1.2793636165096,0.200769039877161,0.937201247950648,"Gene3969"
136.004164881716,-0.093212070015821,0.352503292759329,-0.264428934226896,0.791449418444295,0.994277373720757,"Gene3970"
260.434491111357,0.0249397955890949,0.278458352079275,0.0895638267010741,0.928633830948735,0.995312957908507,"Gene3971"
59.4137733263507,-0.076348605638435,0.325098556002749,-0.234847569233096,0.814327045144628,0.994277373720757,"Gene3972"
118.307653686369,0.0893618629557831,0.264015736912847,0.338471728998797,0.735007728193401,0.994277373720757,"Gene3973"
35.2401067338766,-0.632863315307569,0.347849197697011,-1.8193611470072,0.0688563501830488,0.870665779712065,"Gene3974"
39.3580332652796,-0.293951446262999,0.310164109321243,-0.947728758515214,0.343267556500981,0.963476060844946,"Gene3975"
96.1466431493884,-0.33645969324942,0.295949207523739,-1.13688323771717,0.255587100320066,0.95794362182403,"Gene3976"
34.498215442667,0.0461883518202942,0.321937653208682,0.143469865546776,0.88591910882768,0.994277373720757,"Gene3977"
38.5483409130918,-0.138602186041221,0.340989619804809,-0.406470396725155,0.684397004035553,0.994277373720757,"Gene3978"
73.4976367027257,0.0434045276691544,0.252509371300658,0.171892739843994,0.863521854397786,0.994277373720757,"Gene3979"
296.880035987971,-0.362898589000347,0.298147295883002,-1.21717887101936,0.223536167386202,0.938242045692347,"Gene3980"
12.682891798353,0.575702775730742,0.367296283746501,1.56740702589868,0.117019582762512,0.916850469645478,"Gene3981"
26.2168858002171,0.275377216740645,0.380413094047806,0.723889952920598,0.469133298630203,0.984915063210876,"Gene3982"
75.8237642715557,-0.280502331491627,0.313764996089649,-0.893988606082374,0.371327987417327,0.965773320271778,"Gene3983"
70.7732724528265,0.739570733663721,0.274450708702871,2.69473063909776,0.00704455538690454,0.391364188161364,"Gene3984"
10.330398688549,-0.136290513155638,0.383400308860784,-0.355478360360753,0.722231253638394,0.994277373720757,"Gene3985"
22.5269975298979,-0.156485811204035,0.33363115009779,-0.469038371141807,0.639042209104199,0.994277373720757,"Gene3986"
15.7409211054195,0.708304290176139,0.375214023071784,1.88773405742522,0.0590616617808551,0.848989930934339,"Gene3987"
43.8350749892768,-0.554350083414829,0.297474931913253,-1.86351864962014,0.0623893311612091,0.853251143667034,"Gene3988"
240.071268263966,-0.10867285208071,0.303221809184556,-0.358393917551513,0.720048542856531,0.994277373720757,"Gene3989"
73.3384505904236,-0.349624564205825,0.292712506073688,-1.19442988239734,0.232309853491122,0.946272315646119,"Gene3990"
30.3688568926669,0.075344086885072,0.320182179381622,0.235316303457571,0.81396324203904,0.994277373720757,"Gene3991"
737.939293674511,-0.259739148128291,0.265878632636189,-0.976908695343342,0.328614356591427,0.95794362182403,"Gene3992"
27.1159277413551,0.240057326983328,0.330882462110113,0.725506348847949,0.468141451389362,0.984915063210876,"Gene3993"
70.0525407879058,-0.133959459339229,0.318408488907924,-0.420715728398707,0.673962674584756,0.994277373720757,"Gene3994"
40.8433497088581,0.0884162958837157,0.323360625827206,0.273429381383504,0.784523169904702,0.994277373720757,"Gene3995"
14.876343455126,-0.0633642563420988,0.349261422978399,-0.1814235760759,0.856035114895135,0.994277373720757,"Gene3996"
118.413962275049,0.474133743310084,0.269699722752448,1.75800604639583,0.078746480529653,0.873824605647375,"Gene3997"
29.3254493888589,-0.105004688991474,0.294333555949694,-0.356754052906631,0.721275936186888,0.994277373720757,"Gene3998"
163.054069447737,0.245178872124407,0.322652992976925,0.759884078130777,0.447323879623328,0.984915063210876,"Gene3999"
33.5460480494545,-0.35559544044806,0.395337331204712,-0.899473468302257,0.368400521719283,0.965773320271778,"Gene4000"
