"baseMean","log2FoldChange","lfcSE","stat","pvalue","padj","gene"
236.175151174801,0.231459976361753,0.274987575930246,0.841710668486587,0.399949925144299,0.971929674739245,"Gene0001"
26.2199943773199,0.268806246032885,0.31539407616378,0.852286920865619,0.394054863462345,0.971929674739245,"Gene0002"
88.7049268368252,-0.138481585677995,0.298019239352059,-0.464673307599456,0.642165426182825,0.975663866876592,"Gene0003"
107.205641909389,0.381919462334928,0.358575926164162,1.06510067873346,0.286830372168734,0.968409492958178,"Gene0004"
78.2572256050794,-0.143780432940071,0.262135108675185,-0.54849742816492,0.583350394710678,0.974750912565024,"Gene0005"
50.7485912256078,0.411813388634065,0.320063312681547,1.28666227061083,0.198212029035556,0.940037594405876,"Gene0006"
381.757791166062,-0.0913227013892118,0.32131981878495,-0.284211231459493,0.776248508765295,0.987834342341721,"Gene0007"
52.6075244984316,-0.712482534536913,0.344907303833291,-2.06572179428618,0.0388547561879567,0.838691002799528,"Gene0008"
548.84760311421,-0.179755450002974,0.22013609507892,-0.816565088694475,0.414177012812632,0.971929674739245,"Gene0009"
57.3016983234768,0.233236872229947,0.301610112186075,0.773305876714285,0.439341378647557,0.971929674739245,"Gene0010"
230.700051750951,-0.345480718648291,0.307485691366083,-1.12356681416103,0.261196841144486,0.968409492958178,"Gene0011"
784.665326249214,0.275524531773173,0.27589305740518,0.99866424463351,0.317957366984832,0.968409492958178,"Gene0012"
10.5516897364483,0.0991749037787187,0.413047214601191,0.240105489815432,0.8102484784294,0.988482483662903,"Gene0013"
33.3659751538862,0.0356520881555496,0.266095182307826,0.133982463892587,0.893416441184678,0.993324607337472,"Gene0014"
41.3110545399795,-0.411727662670134,0.277357037825374,-1.48446805568121,0.137684791683886,0.925479262652286,"Gene0015"
111.549161886522,-0.229611406488531,0.292385723703763,-0.7853030701361,0.432275896190668,0.971929674739245,"Gene0016"
34.0217518330766,-0.54553100442894,0.282475264486327,-1.93125230069604,0.0534518590282873,0.880959564882428,"Gene0017"
2.34797691621739,-0.0898356351386055,0.663470745573472,-0.135402556537675,0.892293602923833,0.993324607337472,"Gene0018"
3.23414261720224,-0.283124275701985,0.589867138359547,-0.479979739995974,0.631241799283411,0.97558828300122,"Gene0019"
251.610056966069,-0.0821873082521071,0.286093548324746,-0.287274245551374,0.773902340996042,0.987834342341721,"Gene0020"
34.8900472595024,-0.186265365491899,0.348245859443651,-0.534867423232171,0.592741536295783,0.974750912565024,"Gene0021"
6.87955038320142,-0.163705432748493,0.471768235921409,-0.347003931769082,0.728588364969987,0.983100626532256,"Gene0022"
41.4953453688895,-0.422565681747937,0.273551756859626,-1.54473759042527,0.122409748477663,0.904458312225088,"Gene0023"
219.937490191217,0.0628833626085831,0.264162090980453,0.238048398145199,0.81184355662938,0.988482483662903,"Gene0024"
585.932420538553,0.21075596010499,0.266579893089986,0.790592109787697,0.429182052619127,0.971929674739245,"Gene0025"
33.8840701450688,0.151429007343116,0.311767377214627,0.485711522148352,0.627171713201352,0.97558828300122,"Gene0026"
47.9834137870764,0.253908789001171,0.325261518339896,0.780629661624582,0.435020341028385,0.971929674739245,"Gene0027"
6.7313172604452,0.185940218329866,0.447224238706326,0.415765073171639,0.677581918805655,0.978688851838128,"Gene0028"
98.8583874232525,-0.40129542767008,0.354538668795512,-1.13188056195229,0.257684651839535,0.968409492958178,"Gene0029"
31.0700695194146,0.461157336451838,0.301583765266307,1.52911857189866,0.12623505208144,0.904458312225088,"Gene0030"
86.014040222432,-0.132592564246612,0.34909656684699,-0.379816293938886,0.704081786345262,0.983100626532256,"Gene0031"
110.198867128313,-0.00792508554629531,0.287417307840553,-0.0275734457532802,0.978002360829488,0.995280092384691,"Gene0032"
170.426340174695,-0.0220502899326737,0.279372383150738,-0.0789279515891745,0.937089930435971,0.993667447874791,"Gene0033"
21.6033443317294,-0.105503656777604,0.415914782168307,-0.253666523290125,0.799753198807079,0.988014235932843,"Gene0034"
100.744785247941,0.526873112196509,0.31511801660579,1.67198663494897,0.09452695756805,0.884805430774937,"Gene0035"
7.37907785791154,0.0407861191956597,0.413352908075149,0.0986714219227041,0.921399160110202,0.993667447874791,"Gene0036"
20.1696703440449,-0.734686438750633,0.33586095013441,-2.18747204298866,0.0287080819517956,0.809562793491777,"Gene0037"
16.6588484101018,-0.647341509970529,0.374330574546137,-1.72933111529938,0.0837498508398553,0.884805430774937,"Gene0038"
3.64496489929657,-0.18327711057392,0.580866402665089,-0.315523689669468,0.752364067215519,0.985695289546221,"Gene0039"
55.4546950978373,0.466350167481866,0.33531936233624,1.39076420828403,0.164296939876545,0.929409787345697,"Gene0040"
67.0054276027147,-0.111020882961201,0.280404523489127,-0.395931141123357,0.692155827057543,0.980594966894422,"Gene0041"
28.8221247878096,0.331279061583661,0.397446980519023,0.833517620768049,0.404552864273338,0.971929674739245,"Gene0042"
150.681942963234,0.458261731037428,0.336344633530543,1.36247671392032,0.173047488104176,0.929409787345697,"Gene0043"
25.163884682818,-0.3352014824065,0.350466235264168,-0.956444440799948,0.338847741372194,0.968409492958178,"Gene0044"
9.9564854708689,0.0325923351213054,0.375024471952126,0.0869072222184638,0.930745258743772,0.993667447874791,"Gene0045"
87.0575253275598,0.334705648908179,0.242487737973553,1.38029927494595,0.16749451812645,0.929409787345697,"Gene0046"
18.3294896273762,0.500873417535035,0.329531897594512,1.51995427814809,0.12852246727701,0.904635253826558,"Gene0047"
317.029754563402,0.573576356917278,0.233943850530317,2.45176932677248,0.0142155759108906,0.745692502351214,"Gene0048"
27.7706780223619,0.0521248190015191,0.343161211643989,0.15189601048383,0.879268954955734,0.993324607337472,"Gene0049"
105.346155159152,-0.00258120726345332,0.246977851446873,-0.0104511689948382,0.991661325418262,0.995483761612513,"Gene0050"
88.8473897098335,0.412820306207542,0.309677428824241,1.33306553136567,0.182510299577257,0.930256481101684,"Gene0051"
21.5568681724755,-0.295545259416803,0.384916729706613,-0.767816092696387,0.442596452405843,0.971929674739245,"Gene0052"
278.22278892627,-0.434712227444437,0.301755976896676,-1.44060850729491,0.149695315642827,0.929409787345697,"Gene0053"
108.508101814925,0.755049633517233,0.336365180865446,2.24473184642518,0.0247853523146222,0.809562793491777,"Gene0054"
58.1389076302195,-0.179195949903431,0.336627672748842,-0.532326853702041,0.594499636474742,0.974750912565024,"Gene0055"
67.4704290258473,0.256337487271989,0.280092837477288,0.915187584162251,0.360093161505549,0.968409492958178,"Gene0056"
130.226508824243,-0.0181003294172261,0.349757467639613,-0.0517510878020095,0.958727029566642,0.995137824442022,"Gene0057"
64.6688891019994,0.563233263974253,0.276499868556854,2.03701096464876,0.0416489432382341,0.855344093994589,"Gene0058"
76.1228887593798,-0.027851120083961,0.288795333121469,-0.0964389548228838,0.923171954815647,0.993667447874791,"Gene0060"
36.9086281912467,0.18172854937639,0.312366209013511,0.581780436335639,0.560714583300338,0.974750912565024,"Gene0061"
65.4559588755362,-0.554477453801327,0.313169356909143,-1.77053546769007,0.0766379813684371,0.884675367923901,"Gene0062"
106.763589958141,0.277994816113134,0.304450919632211,0.9131022381176,0.361188773349079,0.968409492958178,"Gene0063"
283.927097488331,0.195985293002064,0.294400393221855,0.665710024559554,0.505596464766484,0.971929674739245,"Gene0064"
21.1379821174472,-0.22626030742354,0.318129788315313,-0.711220123779428,0.476947840146843,0.971929674739245,"Gene0065"
295.382061906966,0.691259962284094,0.312462544791214,2.21229703786094,0.0269461476484064,0.809562793491777,"Gene0066"
84.9145992509718,-0.664499740286494,0.287288011622235,-2.31300894365292,0.0207221474196901,0.779008825025657,"Gene0067"
177.033603942559,0.597835869805631,0.255608406995507,2.33887404891241,0.0193419529349072,0.769535548841249,"Gene0068"
153.468446659141,-0.487870450449062,0.312079130940527,-1.56329085183859,0.117984199062538,0.902314116979042,"Gene0069"
132.083477939259,0.0634919593236948,0.348753939443726,0.182053740883806,0.85554055139957,0.993324607337472,"Gene0070"
14.0916114658702,-0.359069566359029,0.380344329269721,-0.944064466659617,0.345136705947862,0.968409492958178,"Gene0071"
59.2165073116673,-0.735616939340621,0.314681256486964,-2.33765730934501,0.0194050324329355,0.769535548841249,"Gene0072"
121.676055165942,0.188709184692022,0.345297697521817,0.546511563924051,0.584714340958532,0.974750912565024,"Gene0073"
20.6195664148358,-0.481654326996999,0.369031108143147,-1.30518624681951,0.191829436150649,0.933047627279128,"Gene0074"
23.0282258102455,-0.151291731216018,0.326310916314093,-0.463642874485973,0.642903631310878,0.975663866876592,"Gene0075"
115.624514886924,-0.161128778086795,0.295377397415012,-0.545501380596179,0.585408731255331,0.974750912565024,"Gene0076"
122.898503548947,0.0576934328933857,0.309287145720605,0.186536794986957,0.852023826961122,0.992827531387515,"Gene0077"
113.224682591709,0.320730249796719,0.338611990723177,0.947191058154002,0.343541430998378,0.968409492958178,"Gene0078"
20.5663621131066,-0.288830067139382,0.374345042766514,-0.771561084407174,0.440374430497161,0.971929674739245,"Gene0079"
13.4501509265825,0.390540577755883,0.38861431536493,1.00495674583975,0.314917678132807,0.968409492958178,"Gene0080"
318.270896866778,0.62003861959695,0.314996163281304,1.96840054538452,0.0490219692024945,0.866666402304388,"Gene0081"
78.8790987575117,-0.147863030703245,0.293212997766871,-0.504285389220052,0.614060843215583,0.974844740565644,"Gene0082"
48.2353378578899,-0.49657006711128,0.297636141510276,-1.66837960131981,0.0952403950401266,0.884805430774937,"Gene0083"
36.770269800856,-0.399089655790883,0.307880273706302,-1.29624951604268,0.194889535196987,0.935403690123011,"Gene0084"
13.7687409819816,-0.160806610287177,0.388345420202841,-0.414081387140306,0.678814503524965,0.978688851838128,"Gene0085"
103.257086044837,0.340203402806664,0.25552024871145,1.33141465117641,0.183052611195513,0.930256481101684,"Gene0086"
39.5588080482247,0.535918164002255,0.324180634045478,1.65314675745582,0.0983009992585772,0.884805430774937,"Gene0087"
40.1047268027808,0.189092996041639,0.294452282536672,0.642185533128236,0.520752725072527,0.971929674739245,"Gene0088"
134.949934671386,0.891249468481254,0.355536376366506,2.50677434919488,0.0121838464969993,0.745692502351214,"Gene0089"
169.248267068033,-0.00613734395408658,0.269186107248565,-0.0227996311429973,0.981810102254403,0.995280092384691,"Gene0090"
329.314512561828,0.274079329523262,0.339235835655974,0.807931535279225,0.41912999621351,0.971929674739245,"Gene0091"
26.2237884610018,-0.775766625414174,0.281478245475587,-2.7560446957577,0.00585050017727151,0.745692502351214,"Gene0092"
114.503443843464,0.334927208338495,0.327479299342939,1.0227431444079,0.306429306368981,0.968409492958178,"Gene0093"
378.008975626323,-0.350391807515372,0.304228303750872,-1.15173967443313,0.249428063782599,0.968409492958178,"Gene0094"
15.7331011784431,0.159631184575096,0.344248603242346,0.463709026185121,0.642856229447947,0.975663866876592,"Gene0095"
19.5827868276375,-0.328706292392378,0.337363396483217,-0.974338934866428,0.329888278698358,0.968409492958178,"Gene0096"
9.95396764782924,-0.440760454947772,0.408498139962083,-1.07897787487768,0.280597590884142,0.968409492958178,"Gene0097"
9.42548043841613,0.515490274810781,0.42008205533188,1.22711805531309,0.219778222630091,0.956527096344285,"Gene0098"
54.1750955161271,0.263385007947629,0.263330956319445,1.00020526120035,0.317211183654934,0.968409492958178,"Gene0099"
101.979185233202,-0.0783724414810657,0.299959201719168,-0.261277003778803,0.793878899132963,0.988014235932843,"Gene0100"
221.022611875112,-0.397059270917254,0.263079492305435,-1.5092748866045,0.131228549705049,0.910853718265256,"Gene0101"
218.415452334718,0.226479664642121,0.270730759509224,0.836549437724325,0.402845876759218,0.971929674739245,"Gene0102"
15.9595773828574,-0.153438922811736,0.362145779141322,-0.423693804123723,0.671789134370289,0.978688851838128,"Gene0103"
383.780641667984,0.345993239728108,0.306930239128046,1.12726996437704,0.259628357389818,0.968409492958178,"Gene0104"
19.1078195676342,-0.161705041065313,0.335240593006512,-0.482355193370546,0.62955364513019,0.97558828300122,"Gene0105"
52.1131488777166,-0.0422151924021638,0.333647842371078,-0.126526196309739,0.899315414019158,0.993324607337472,"Gene0106"
29.179729441871,-0.329042724380019,0.333680426376377,-0.986101366368049,0.324083373226256,0.968409492958178,"Gene0107"
40.9687889684559,0.200703280992909,0.299038068336019,0.671162979715966,0.502116709465379,0.971929674739245,"Gene0108"
71.1994218390406,-0.198661176541764,0.285358263379036,-0.696181614610844,0.486315100073198,0.971929674739245,"Gene0109"
59.2137568451447,-0.5753006866587,0.270389216226029,-2.1276761502862,0.0333639436497759,0.827722666639615,"Gene0110"
55.2879593795296,0.187126865097221,0.299423021348092,0.624958175409227,0.531998508852613,0.971929674739245,"Gene0111"
61.906283785325,0.406846579722686,0.296817059231642,1.37069810197525,0.17046908674975,0.929409787345697,"Gene0112"
31.009850082149,0.0579172606994531,0.363490650488217,0.159336314762601,0.873403911172298,0.993324607337472,"Gene0113"
28.5970879558126,0.049350887035728,0.327081176226534,0.150882687915822,0.880068257174109,0.993324607337472,"Gene0114"
6.47984708267597,-0.0660871806247173,0.521506658345881,-0.126723560604831,0.899159197505892,0.993324607337472,"Gene0115"
34.9478533834108,0.239111707255138,0.387675136272718,0.616783705950463,0.537377400774888,0.971929674739245,"Gene0116"
30.5222121527169,0.449767124466172,0.337363931055188,1.33318082659108,0.182472469822386,0.930256481101684,"Gene0117"
1425.65633629537,0.0724174847850391,0.236827874641611,0.305781086346477,0.759771330061607,0.98608504988653,"Gene0118"
11.1195625534793,0.629792327125911,0.377486356048427,1.66838434564537,0.0952394538322668,0.884805430774937,"Gene0119"
63.5544581501198,0.0106023307999583,0.305147706405589,0.0347449139462518,0.972283146380762,0.995280092384691,"Gene0120"
9.73197248281973,-0.424321273199207,0.395008376967925,-1.07420829010333,0.282729337640795,0.968409492958178,"Gene0121"
8.66327862472643,-0.017289064894991,0.412805720030978,-0.0418818443060662,0.966592889842385,0.995280092384691,"Gene0122"
61.3089912928156,0.169161607860057,0.30200453408733,0.560129364849672,0.575391202220063,0.974750912565024,"Gene0123"
15.7441368586341,0.279707786171548,0.368790950871766,0.758445361824529,0.448184410601996,0.971929674739245,"Gene0124"
41.8327497338304,-0.00908517086530365,0.337075393378698,-0.0269529341024802,0.97849727352361,0.995280092384691,"Gene0125"
41.155061787988,0.304735197729707,0.315229978726067,0.966707541462992,0.333690256018487,0.968409492958178,"Gene0126"
31.156774302155,0.174635160911756,0.368567663253058,0.47382116860277,0.635627437842579,0.97558828300122,"Gene0127"
4.46591119197373,0.16819423418133,0.519029618933128,0.324055175361774,0.745896262149076,0.985164603922037,"Gene0128"
14.4327225128252,0.634230096346841,0.373056400440612,1.7000917169569,0.089113675071627,0.884805430774937,"Gene0129"
68.2071652003987,-0.34025278471649,0.331937266563557,-1.02505147505437,0.305338900038454,0.968409492958178,"Gene0130"
115.940146522911,0.714322788092924,0.293489209082938,2.43389796280742,0.0149372052128961,0.745692502351214,"Gene0131"
26.7913818053126,0.385525508851575,0.370595102970246,1.04028765021897,0.298206280082954,0.968409492958178,"Gene0132"
46.5496655996834,0.411158258537569,0.322539876726933,1.2747517073235,0.202397138723168,0.946816229220249,"Gene0133"
192.110781885036,0.0287780797390064,0.283562673173109,0.10148754565252,0.919163443641911,0.993667447874791,"Gene0134"
292.969127175324,0.073804563751384,0.292952352885483,0.251933678034785,0.801092327667779,0.988014235932843,"Gene0135"
16.5255320968482,0.0372114099117232,0.405746590243589,0.091710961488015,0.926927688090342,0.993667447874791,"Gene0136"
44.6876310947678,0.460702921884166,0.333589498498773,1.38104743691702,0.167264375621454,0.929409787345697,"Gene0137"
205.41314821737,0.00858704850315831,0.320696659347885,0.0267762330939758,0.978638209663595,0.995280092384691,"Gene0138"
27.2580599428775,-0.439243006536607,0.32200572324918,-1.36408447062509,0.17254098174007,0.929409787345697,"Gene0139"
47.0496734656133,-0.0346580160933508,0.365444679215536,-0.0948379277754098,0.924443560618901,0.993667447874791,"Gene0140"
49.452421580781,-0.232285441287564,0.321879455650264,-0.721653517209724,0.470507527092603,0.971929674739245,"Gene0141"
21.1056047778904,0.414507598239855,0.31857313411874,1.30113796126122,0.193211235964002,0.933047627279128,"Gene0142"
25.5056939652044,-0.652232145526277,0.310899492890211,-2.09788745379717,0.035915088568285,0.827722666639615,"Gene0143"
43.4869433575828,-0.484005091440104,0.331226766486696,-1.4612499363319,0.143946863429973,0.929409787345697,"Gene0144"
27.6292984468494,0.323904976860738,0.303856628030271,1.0659796330935,0.286432848803222,0.968409492958178,"Gene0145"
226.790087232195,-0.153668185617221,0.328405203728561,-0.46792250510206,0.639840008949909,0.97558828300122,"Gene0146"
28.6944246125935,-0.102365288093065,0.317000569248201,-0.322918310007565,0.746757109182874,0.985695289546221,"Gene0147"
28.4506672942855,0.215092906054679,0.276258715282376,0.778592291051607,0.436219921614293,0.971929674739245,"Gene0148"
130.48819897273,-0.238252564353671,0.362664255157937,-0.656950777379243,0.511212566951998,0.971929674739245,"Gene0149"
13.6224993876443,-0.130120926514732,0.373099488615913,-0.34875664664522,0.727272013159132,0.983100626532256,"Gene0150"
54.7069461868244,-0.0186769377082898,0.285553157660282,-0.0654061676688216,0.947850613507606,0.994341115772533,"Gene0151"
7.36436832673827,0.619453482400755,0.449073386959403,1.37940367964124,0.167770325381356,0.929409787345697,"Gene0152"
216.90385590109,-0.22077000560129,0.365228775550219,-0.604470459012159,0.545530903672544,0.97254944614089,"Gene0153"
40.4644667205533,0.142633009454517,0.316436797332675,0.450747228694029,0.65217173901839,0.975663866876592,"Gene0154"
25.8278048240116,0.235409945924526,0.337389439320762,0.697739521422061,0.485340107366925,0.971929674739245,"Gene0155"
13.3018557628241,0.153811745600318,0.391645932647883,0.39273163022634,0.694517706367025,0.980686753497532,"Gene0156"
43.3200812118176,0.121971155972881,0.296310233420992,0.411633289085857,0.680608228175206,0.978688851838128,"Gene0157"
17.3928069540647,-0.305305931442935,0.353347528512113,-0.864038678092716,0.38756664351939,0.971929674739245,"Gene0158"
25.0527354841943,0.507961248114406,0.308966520420038,1.64406566583278,0.100162639106248,0.889113935687246,"Gene0159"
211.635644632266,0.326318824535228,0.368202227080692,0.886248915772352,0.375483409884152,0.968409492958178,"Gene0160"
50.0951980998716,0.141103572928725,0.311091835146362,0.4535753015258,0.650134533593546,0.975663866876592,"Gene0161"
13.6261099809411,0.710447268755487,0.35951455475946,1.97612936486209,0.0481401273594375,0.866666402304388,"Gene0162"
59.2539591694273,0.0647067109958346,0.296665132885086,0.21811363663319,0.82734057268643,0.989279079278785,"Gene0163"
32.878511725004,-0.0903497628816548,0.300583333328802,-0.300581412419241,0.763733707097264,0.987518551414897,"Gene0164"
94.2047467038006,0.0496321249653477,0.317044634671381,0.156546175325729,0.87560252522234,0.993324607337472,"Gene0165"
336.471276412228,-0.282079798368683,0.250405220176532,-1.12649328224796,0.259956782462954,0.968409492958178,"Gene0166"
17.6204832417298,-0.584346970146514,0.349334375931602,-1.67274396797676,0.0943777096314193,0.884805430774937,"Gene0167"
105.066265641126,0.0644688411307983,0.278381601455866,0.23158441791283,0.816860811234801,0.988493764049844,"Gene0168"
53.5646596268837,0.0419961897096647,0.298634548007827,0.140627365419771,0.888164328585856,0.993324607337472,"Gene0169"
141.163103281557,-0.171755656925415,0.314078439272184,-0.546855929758901,0.584477714765816,0.974750912565024,"Gene0170"
44.5113939830906,0.577164011059026,0.329690780205419,1.75062223668922,0.0800110023451656,0.884805430774937,"Gene0171"
172.680001979368,-0.269661446466311,0.284674759687652,-0.947261523157815,0.343505532121465,0.968409492958178,"Gene0172"
6.88191787322153,-0.229532061870194,0.458750190918297,-0.500342160971598,0.616834172035827,0.974844740565644,"Gene0173"
422.131606115299,-0.0501540963239985,0.256795452720162,-0.19530757181535,0.84515216976525,0.991530159859253,"Gene0174"
152.735275909863,-0.162306072894382,0.370028325589466,-0.438631482159708,0.660928581583194,0.977404581876242,"Gene0175"
46.8652456527946,-0.554738527195592,0.33069716626383,-1.67748194961254,0.0934482762501564,0.884805430774937,"Gene0176"
9.5367378201154,-0.486810715870033,0.451216233059696,-1.07888564329561,0.280638709640957,0.968409492958178,"Gene0177"
112.060652246088,-0.105150627465216,0.342786494503304,-0.3067525388291,0.759031736135005,0.98608504988653,"Gene0178"
92.0553535767109,-0.400673513415059,0.304833344949059,-1.31440185286166,0.18871100727708,0.932812699338567,"Gene0179"
48.5911201181798,-0.142466019831114,0.338999944606613,-0.420253814484943,0.674300045666865,0.978688851838128,"Gene0180"
59.7781575532971,1.10441277141626,0.2971799136367,3.71631029130185,0.000202153297914288,0.220667818136083,"Gene0181"
24.5861974492768,0.290522652190752,0.378152970115263,0.768267540255467,0.442328254879979,0.971929674739245,"Gene0182"
85.93201639575,0.141248815819245,0.281510434913112,0.50175339277509,0.615841001517833,0.974844740565644,"Gene0183"
65.6799791769097,-0.154104873004256,0.282438234261712,-0.545623270188907,0.585324925207154,0.974750912565024,"Gene0184"
35.0171275304022,-0.028748947007777,0.326146285508463,-0.0881473997563926,0.929759523411604,0.993667447874791,"Gene0185"
8.35179426477275,-0.413979785457343,0.439832797151566,-0.941220818771017,0.346591710064097,0.968409492958178,"Gene0186"
112.049370892059,0.0181758651611019,0.318872647145368,0.0570003897286802,0.954544884689017,0.995080860591229,"Gene0187"
106.222166220582,-0.31680117029788,0.276687246464612,-1.14497930188625,0.252217731514684,0.968409492958178,"Gene0188"
22.1888945043577,-0.142415849073034,0.358339446084059,-0.397432799066241,0.691048332766114,0.980588080757813,"Gene0189"
7.61950008600386,-1.22897083288947,0.490787990849337,-2.5040768229937,0.0122771373415456,0.745692502351214,"Gene0190"
63.4340829440365,-0.0559666885086284,0.322358339695632,-0.17361638157546,0.862166956910394,0.993324607337472,"Gene0191"
36.4986129616062,-0.202286921384141,0.327155788210144,-0.618319860672019,0.536364512585116,0.971929674739245,"Gene0192"
70.3352151248024,-0.114342816018825,0.293361205708007,-0.38976801906328,0.696708094235525,0.981479549243704,"Gene0193"
11.3348172751771,-0.407251312220566,0.358303960625612,-1.13660845810772,0.25570200264776,0.968409492958178,"Gene0194"
16.0112800840315,-0.285099636021169,0.3355566569753,-0.849631888072348,0.395529777367105,0.971929674739245,"Gene0195"
190.555303420748,-0.400034474981455,0.286635693249077,-1.3956198910435,0.16282898931797,0.929409787345697,"Gene0196"
71.4953020556002,-0.3562009958851,0.340331166191953,-1.04663055068015,0.295270005882569,0.968409492958178,"Gene0197"
107.294250622508,0.326731412297648,0.249404212974244,1.31004768685038,0.190179703941801,0.932812699338567,"Gene0198"
545.722632821326,0.197263740521873,0.222146926303196,0.887987710676847,0.374547361901829,0.968409492958178,"Gene0199"
62.4086287811323,0.114397928582616,0.329175160328816,0.347529043407597,0.728193903086691,0.983100626532256,"Gene0200"
5.66652538586354,0.00766103521598637,0.51181768587262,0.014968289348823,0.988057478981623,0.995483761612513,"Gene0201"
76.4967952917433,0.142719904202548,0.250779683235838,0.569104731136978,0.569285067846334,0.974750912565024,"Gene0202"
233.635716302354,0.743784833323018,0.289132196640833,2.57247322146888,0.0100974767074601,0.745692502351214,"Gene0203"
606.518587837147,-0.279184269433123,0.366063476520015,-0.762666278775447,0.445662446135788,0.971929674739245,"Gene0204"
9.08320652800742,-0.0930621791605358,0.394445547927857,-0.235931625162003,0.813485727535267,0.988482483662903,"Gene0205"
12.8020023563026,0.871220511354375,0.359028260269553,2.42660706068173,0.0152407528156317,0.745692502351214,"Gene0206"
23.6961050823694,0.371149724506195,0.378666771627806,0.980148648667278,0.327012748196242,0.968409492958178,"Gene0207"
17.0289081311597,0.767979943969446,0.377164696976067,2.03619254433609,0.0417310246364704,0.855344093994589,"Gene0208"
24.3053374550034,-0.34057422486136,0.338060641858082,-1.00743530210871,0.313725633904483,0.968409492958178,"Gene0209"
49.0759240341265,-0.114451472689389,0.29992700005361,-0.38159776435243,0.702759742758001,0.983100626532256,"Gene0210"
9.98182948182775,0.172285161164617,0.412847952043469,0.417308988240972,0.676452414962471,0.978688851838128,"Gene0211"
630.161074351974,0.00125113340390637,0.317947812163789,0.00393502756125855,0.996860310365264,0.998108570207945,"Gene0212"
61.9111959361994,-0.0672598385435851,0.299410220948097,-0.224641090509881,0.822258496145036,0.989279079278785,"Gene0213"
42.7096721095603,-0.149184395337928,0.369377103588772,-0.403881003691055,0.686300226033435,0.980098398362699,"Gene0214"
91.3488831389121,-0.152853647309726,0.277268078988234,-0.551284691218322,0.581438531130739,0.974750912565024,"Gene0215"
62.4151708043141,-0.559042188990731,0.275526097351771,-2.02899904714648,0.0424583873660624,0.855467264776451,"Gene0216"
41.155212873806,0.395742207461584,0.299348347792203,1.32201233238907,0.186164044349061,0.932812699338567,"Gene0217"
282.534263356262,-0.00206443589696599,0.253989572979007,-0.00812803404782534,0.993514838530603,0.996006099409567,"Gene0218"
45.8271449632479,-0.0827818895161738,0.257250168023259,-0.32179527870586,0.747607791264335,0.985695289546221,"Gene0219"
10.5914621463344,0.292177986661229,0.41765356599938,0.699570195125935,0.484195761345299,0.971929674739245,"Gene0220"
79.6096648840123,-0.123707310514566,0.291903017437138,-0.423795929212024,0.671714647176973,0.978688851838128,"Gene0221"
36.847500180158,-0.10552832559213,0.371554688549281,-0.284018285448532,0.776396367668419,0.987834342341721,"Gene0222"
26.1605427032154,-0.540688275419978,0.351867409994887,-1.53662504699664,0.124385155346604,0.904458312225088,"Gene0223"
12.8711691871119,0.84724894277716,0.389381217800766,2.17588549227526,0.029563823874387,0.809562793491777,"Gene0224"
98.8292074951926,0.305711886332509,0.328516876538684,0.930581982738746,0.352069838019603,0.968409492958178,"Gene0225"
39.2914513033911,-0.16552268694857,0.364412859232585,-0.454217469979362,0.649672310192058,0.975663866876592,"Gene0226"
106.779187735862,0.202655155481991,0.329843730255535,0.614397476420093,0.538952702979623,0.971929674739245,"Gene0227"
38.4260699896254,0.134189336763633,0.323377254864366,0.414962198933615,0.678169575683547,0.978688851838128,"Gene0228"
23.1763250521868,0.0902547841927493,0.29731648791765,0.303564678921365,0.761459564525682,0.98639675532867,"Gene0229"
235.314752045365,-0.0419828585142778,0.309948607190823,-0.135451031365438,0.892255278664946,0.993324607337472,"Gene0230"
31.7217799662107,-0.331840383914205,0.359548525777572,-0.922936294055317,0.356040405281074,0.968409492958178,"Gene0231"
150.405014571465,0.0785583047839501,0.297941752921986,0.263670009367637,0.792034206998498,0.988014235932843,"Gene0232"
12.4969634996828,-0.214256185332481,0.39408888010017,-0.54367478036432,0.586665290092413,0.974750912565024,"Gene0233"
26.1469349739205,-0.252143599693818,0.327539272389268,-0.769811808686425,0.441411533886342,0.971929674739245,"Gene0234"
38.6037222193233,0.354476794282607,0.342559579529019,1.0347887359331,0.300767584490339,0.968409492958178,"Gene0235"
34.7039442928598,0.126313815665021,0.374520929000792,0.337267708915553,0.735915099664549,0.983474604906779,"Gene0236"
315.535615362849,0.139280513306979,0.260852799171631,0.533942950772546,0.593381004839457,0.974750912565024,"Gene0237"
56.6589329840174,-0.247368769671577,0.291243512135598,-0.849353751634496,0.395684479477277,0.971929674739245,"Gene0238"
75.4726464217294,0.173870176732571,0.252625092402034,0.688253787774451,0.491292977423271,0.971929674739245,"Gene0239"
18.1588448398936,-0.198973238978059,0.367709431196037,-0.541115408247391,0.588428038519196,0.974750912565024,"Gene0240"
23.8148121208904,-0.0489101843203363,0.346364245812737,-0.1412102574432,0.887703843007225,0.993324607337472,"Gene0241"
167.8759216204,-0.130947401667415,0.325150089131136,-0.402729096637591,0.687147526415869,0.980098398362699,"Gene0242"
252.351862492604,0.23201247123006,0.338794716186096,0.684817265870872,0.49345923867856,0.971929674739245,"Gene0243"
243.211636976389,0.149506884261209,0.282450953021562,0.529319808136021,0.596583616897209,0.974750912565024,"Gene0244"
11.4771575863222,0.376241725515494,0.452415547325593,0.83162863818365,0.405618592091162,0.971929674739245,"Gene0245"
692.189099559053,-0.0518652171172568,0.308164408000965,-0.168303722852687,0.866344345228644,0.993324607337472,"Gene0246"
165.370384154987,0.413769006182058,0.339110973650042,1.22015811440258,0.222404941670243,0.956527096344285,"Gene0247"
61.1926096738017,0.585293933752343,0.298444117976688,1.96115084364994,0.0498614291398308,0.868048926519087,"Gene0248"
127.238340739434,0.473285472815501,0.332775133723253,1.42223809669956,0.154957142683278,0.929409787345697,"Gene0249"
15.0090084351406,0.0593095622334214,0.430154576406792,0.137879649517742,0.890335534110654,0.993324607337472,"Gene0250"
14.3305898521372,-0.0416530670469433,0.343486822034512,-0.121265400518796,0.903480824117751,0.993324607337472,"Gene0251"
50.3318096933956,-0.243777857005091,0.27069920100388,-0.900548860510295,0.367828235466069,0.968409492958178,"Gene0252"
11.1062845057658,-0.478109821731878,0.429556993057035,-1.11303000407305,0.265695543500069,0.968409492958178,"Gene0253"
54.8720261976403,0.755025100774564,0.33001444960431,2.28785467327218,0.0221459856736784,0.779008825025657,"Gene0254"
243.974126796055,0.0995001782506547,0.293253973500256,0.339296948181226,0.734386041441554,0.983100626532256,"Gene0255"
14.0660689124955,-0.494757331566928,0.386586173073331,-1.27981124527462,0.200611527995362,0.946473405648023,"Gene0256"
20.5148108848708,-0.184234201082346,0.30069371277931,-0.612697217309502,0.54007656283095,0.971929674739245,"Gene0257"
63.9751443920194,0.271528484146105,0.368699864524609,0.736448559578956,0.461457761863684,0.971929674739245,"Gene0258"
16.877290331051,0.124319495325372,0.409584224844219,0.303526082755399,0.76148897325931,0.98639675532867,"Gene0259"
39.817834210117,-0.157987102665416,0.353577942265515,-0.446823977913131,0.655002157197785,0.975663866876592,"Gene0260"
153.018019491848,0.173091257784273,0.33631826908567,0.514665047054528,0.606787102228914,0.974844740565644,"Gene0261"
163.221001894699,-0.576965143762184,0.323565729130278,-1.78314664322772,0.0745624353878596,0.881272202192133,"Gene0262"
87.2644997711221,-0.0316225152423499,0.258151648649852,-0.122495887234257,0.902506302976422,0.993324607337472,"Gene0263"
4.61212385987862,-0.557525990816318,0.5207886348131,-1.07054177750327,0.28437551457495,0.968409492958178,"Gene0264"
49.0931595292563,-0.00599396093194621,0.311310407287402,-0.019253969002111,0.984638504528527,0.995280092384691,"Gene0265"
195.558042653165,-0.23151118817312,0.281787812164202,-0.821579849018506,0.411316061843284,0.971929674739245,"Gene0266"
133.854235023816,0.217560179719705,0.307612417540272,0.707254217691723,0.479408510932695,0.971929674739245,"Gene0267"
39.8948552754995,0.153650763542613,0.338284219255759,0.454206122534039,0.649680476746658,0.975663866876592,"Gene0268"
2.03296375984599,0.357468063482357,0.750077048449182,0.476575125477361,0.633664699711045,0.97558828300122,"Gene0269"
60.581968063501,0.40507635519717,0.33661144881747,1.2033944674794,0.228823707817751,0.95949343556764,"Gene0270"
117.043911063363,0.21403099253091,0.275436146005804,0.777062109075545,0.437122127707035,0.971929674739245,"Gene0271"
56.6030575551393,-0.145059827055095,0.293039740530589,-0.495017593151168,0.62058770183282,0.974844740565644,"Gene0272"
61.0870255180808,-0.298387223875871,0.30870949478006,-0.966563157017432,0.333762460073001,0.968409492958178,"Gene0273"
74.4071737142978,0.229165148228818,0.334813609979729,0.684455892467133,0.493687332445937,0.971929674739245,"Gene0274"
40.4817345117436,0.662344806119006,0.304108827342628,2.17798612393703,0.0294070698350756,0.809562793491777,"Gene0275"
294.608571696393,0.0746888711138768,0.37078064272486,0.201436813327119,0.840357032240783,0.991530159859253,"Gene0276"
96.1546800147122,0.314222289704951,0.301203951077567,1.04322100882412,0.296845945502472,0.968409492958178,"Gene0277"
11.5659807506737,-0.0115717270670343,0.364843595000387,-0.0317169527589543,0.974697775341483,0.995280092384691,"Gene0278"
243.838217674232,0.354304947767355,0.26325834586543,1.34584507322122,0.178352485817411,0.930256481101684,"Gene0279"
218.52225272536,-0.31651490838123,0.309434575369364,-1.02288151866486,0.306363868695755,0.968409492958178,"Gene0280"
119.036638695912,0.505830180261203,0.298200568555568,1.69627503633329,0.0898338058106875,0.884805430774937,"Gene0281"
6.3089882409544,0.0828822968423898,0.456031142614263,0.181747010450329,0.855781271311207,0.993324607337472,"Gene0282"
26.0433094429701,0.851703938899404,0.30808195178949,2.76453694853689,0.00570036509832631,0.745692502351214,"Gene0283"
104.333013891976,0.450649571954765,0.34179382685267,1.31848364876706,0.187341795180243,0.932812699338567,"Gene0284"
50.2502720175882,0.450760516332843,0.309606821796902,1.45591274028366,0.145416743269708,0.929409787345697,"Gene0285"
90.969526922392,0.203626745299339,0.310764856972747,0.655243798423436,0.512310799231111,0.971929674739245,"Gene0286"
1166.01240220802,0.190550671955839,0.251060213001068,0.758983949221092,0.447862158405567,0.971929674739245,"Gene0287"
21.0058752432721,-0.311821482168051,0.421961541122368,-0.738980811707728,0.459918649099691,0.971929674739245,"Gene0288"
3.89140312525331,-0.353069786318593,0.553048445702791,-0.638406615300991,0.523209025789404,0.971929674739245,"Gene0289"
69.5248347444063,-0.344825377155003,0.308503574898643,-1.11773543391934,0.263680004414375,0.968409492958178,"Gene0290"
23.4582387848459,-0.0339702228923082,0.324372170262583,-0.104726070873494,0.916593174146309,0.993667447874791,"Gene0291"
88.0017958727128,0.326750116493145,0.407977495355735,0.800902305182878,0.423188205496294,0.971929674739245,"Gene0292"
19.4768426379853,-0.160136890741381,0.348402536718039,-0.459631816260223,0.645780518014448,0.975663866876592,"Gene0293"
698.849968339187,0.0329340112415543,0.337405575996614,0.0976095642292671,0.92224232961982,0.993667447874791,"Gene0294"
51.5360821731186,-0.0281408717385787,0.33474110186852,-0.0840675721669575,0.933002707009821,0.993667447874791,"Gene0295"
28.3151140722613,-0.0511480687888333,0.342064930071747,-0.149527368321871,0.881137515320113,0.993324607337472,"Gene0296"
39.1996737574601,0.332474898065247,0.342926874459791,0.969521267730886,0.332285174171279,0.968409492958178,"Gene0297"
138.264990908023,0.160938423009767,0.293406106539283,0.54851763280605,0.583336525230871,0.974750912565024,"Gene0298"
63.3851834899633,-0.130550425849435,0.358185325301654,-0.364477315589321,0.715501610119094,0.983100626532256,"Gene0299"
8.25927971553929,-0.0463996983331982,0.412733476663138,-0.112420486722642,0.910490012237836,0.993667447874791,"Gene0300"
54.5758772374044,-0.174750362828328,0.37145747358878,-0.470445139089554,0.638037020929593,0.97558828300122,"Gene0301"
154.211386070634,-0.399597001096678,0.280114178043471,-1.42655042985602,0.153709521070342,0.929409787345697,"Gene0302"
53.7473880380145,0.282736630037925,0.285406533929952,0.990645260095265,0.32185882907684,0.968409492958178,"Gene0303"
125.905359648518,0.274716136398747,0.310397529501514,0.885046143375982,0.376131744770263,0.968409492958178,"Gene0304"
48.4164315085844,-0.184507184610285,0.353551033418288,-0.521868605011242,0.601761818684471,0.974750912565024,"Gene0305"
48.0212928346644,0.519062315636844,0.305799156377078,1.69739616611889,0.0896217869131599,0.884805430774937,"Gene0306"
74.7304940122227,0.170261243681984,0.318224387898591,0.535035183212424,0.592625528607525,0.974750912565024,"Gene0307"
193.234119508541,-0.0697868994818888,0.24845061138205,-0.280888419206083,0.778795983353286,0.987834342341721,"Gene0308"
11.5680666245575,-0.13354764033414,0.375047361409341,-0.356082068761393,0.721779105369524,0.983100626532256,"Gene0309"
48.6396189140513,0.021326022457551,0.30769825239055,0.0693082339332972,0.944744271769562,0.993667447874791,"Gene0310"
50.2671412520417,-0.55207850717776,0.339169950873467,-1.62773413669456,0.103581271456954,0.897689379140202,"Gene0311"
21.1791251841375,0.184635349296419,0.409366144058429,0.451027404137421,0.651969798144874,0.975663866876592,"Gene0312"
14.2571236719488,0.0412243931580214,0.353157453582575,0.116730916308927,0.907073290077576,0.993324607337472,"Gene0313"
26.7996150847823,0.0151596523498026,0.322741789520831,0.0469714578093833,0.962535975779331,0.995280092384691,"Gene0314"
102.745722925078,0.33033993299941,0.310414077310611,1.06419121149863,0.287242087484581,0.968409492958178,"Gene0315"
28.8536584873969,0.0240593806816486,0.346238753389794,0.06948783302302,0.944601317084839,0.993667447874791,"Gene0316"
15.6433805042721,0.172415938355127,0.370770643654504,0.465020468329716,0.641916798829847,0.975663866876592,"Gene0317"
73.4395741999047,0.482612360529523,0.314575184207938,1.53417174894035,0.124987405810191,0.904458312225088,"Gene0318"
11.7662020452156,0.933472107482307,0.385000449059272,2.4246000485537,0.0153252599158051,0.745692502351214,"Gene0319"
207.795554428435,0.132690131947482,0.27230916253564,0.487277514689266,0.626061679978311,0.97558828300122,"Gene0320"
27.8249905898658,0.275847107607796,0.30615481384302,0.901005292535545,0.367585505697823,0.968409492958178,"Gene0321"
77.2746401594483,0.0698868090722488,0.295365465850822,0.236611307523494,0.812958347140501,0.988482483662903,"Gene0322"
51.1921108881912,-0.319291538196408,0.267434873628711,-1.19390389841114,0.232515562406831,0.960095473180256,"Gene0323"
57.0329248875471,-0.0997927369625157,0.283139482783846,-0.352450799095014,0.724500210705438,0.983100626532256,"Gene0324"
444.615473022761,-0.00318459754238247,0.292364462815917,-0.0108925603054144,0.991309166163189,0.995483761612513,"Gene0325"
18.7129365704642,0.709314163570907,0.339567169666345,2.08887733248144,0.0367187668011393,0.829387738253982,"Gene0326"
195.80655436367,0.228692017421675,0.308851300179639,0.74045994719355,0.459020955729798,0.971929674739245,"Gene0327"
54.2457360731279,-0.0938044211837582,0.318022012585221,-0.294962038700454,0.768022878927681,0.987834342341721,"Gene0328"
17.7116904397761,0.0211862442190771,0.385184383132964,0.0550028639446778,0.956136182150888,0.995080860591229,"Gene0329"
40.3680291374907,-0.137999397480947,0.300051969439268,-0.459918319279284,0.645574850437338,0.975663866876592,"Gene0330"
118.785347931875,0.21873220972181,0.28323876898864,0.772253779038926,0.439964135111572,0.971929674739245,"Gene0331"
34.1506203429419,-0.431568171472282,0.363228777377919,-1.18814421750306,0.234776596219286,0.965069894296684,"Gene0332"
21.1624740049618,0.109724115559166,0.317107011959795,0.346016049538122,0.729330653124347,0.983100626532256,"Gene0333"
65.1232172303785,-0.45497496480445,0.329554367847586,-1.38057634549353,0.167409260588457,0.929409787345697,"Gene0334"
179.900048338081,0.142102399144594,0.297737703059002,0.477273780527666,0.633167178945821,0.97558828300122,"Gene0335"
48.9235146373868,0.114306779918343,0.307646579969756,0.371552253009218,0.710226244430972,0.983100626532256,"Gene0336"
10.0499122506547,0.721647025861873,0.387626705352549,1.8617061618743,0.0626445195684143,0.880988181129152,"Gene0337"
15.228453598112,0.0402142356850572,0.365950268963393,0.109889892413442,0.912496698680424,0.993667447874791,"Gene0338"
22.4558242288713,0.0415220908051047,0.378060095751797,0.109829340022081,0.912544721823531,0.993667447874791,"Gene0339"
24.780293969332,0.04538260374282,0.308449056124718,0.147131601934518,0.883028146573444,0.993324607337472,"Gene0340"
40.6617892764385,0.59297473388521,0.355443162219536,1.66826878925572,0.0952623807235491,0.884805430774937,"Gene0341"
105.874282796822,-0.554595032442701,0.342791146714063,-1.61788026837611,0.105688403388259,0.900942935493092,"Gene0342"
31.3703367697389,0.0815941224563104,0.40784864860826,0.200059808300804,0.841433806203439,0.991530159859253,"Gene0343"
13.9279691134196,-0.0275510463076029,0.377926842377117,-0.072900474955179,0.941885315991459,0.993667447874791,"Gene0344"
119.1332066114,0.0225722130827845,0.28966706884442,0.0779246780548191,0.937887968846059,0.993667447874791,"Gene0345"
66.173074000057,-0.0248230704280534,0.311323008720276,-0.079734133786292,0.936448711032633,0.993667447874791,"Gene0346"
234.339225889033,-0.144106656485769,0.270196631299526,-0.533339945034399,0.593798281205982,0.974750912565024,"Gene0347"
7.19615122031726,-0.349120270729646,0.470862868958416,-0.741447868892119,0.458421929297666,0.971929674739245,"Gene0348"
57.0515269540203,-0.149535466683418,0.317838042793057,-0.470476930229462,0.638014312652527,0.97558828300122,"Gene0349"
259.204396765329,0.247283453079778,0.239904306164998,1.03075870972364,0.30265398550877,0.968409492958178,"Gene0350"
121.892067320821,-0.0971275620119356,0.349766609045345,-0.277692494080656,0.781248422931712,0.987834342341721,"Gene0351"
19.17817751983,-0.247828056468962,0.336067276147799,-0.737435847100955,0.460857342692885,0.971929674739245,"Gene0352"
118.38372257654,0.100012367157449,0.3359005716337,0.297743962360721,0.765898587172205,0.987834342341721,"Gene0353"
21.5124762965959,-0.431641824839365,0.366073621782539,-1.17911206695951,0.2383535542077,0.967234400368154,"Gene0354"
37.2258255761293,0.420979707565707,0.319105376848322,1.31924980933746,0.187085611238053,0.932812699338567,"Gene0355"
208.917613250043,0.646963497863018,0.269125549053489,2.40394678297316,0.0162191341861324,0.745692502351214,"Gene0356"
35.2667485324659,-0.0834395199984152,0.376406537844668,-0.22167393923654,0.824567718871504,0.989279079278785,"Gene0357"
129.811946999456,0.190063848772248,0.29505937448342,0.644154584496781,0.51947519756098,0.971929674739245,"Gene0358"
39.5503842303042,-0.0329752851416398,0.349207761701803,-0.0944288436801649,0.924768504225251,0.993667447874791,"Gene0359"
6.71094693672815,0.0408800412684104,0.451385911993737,0.090565611779611,0.927837757427282,0.993667447874791,"Gene0360"
18.8177793712831,0.384095231771396,0.332987658262157,1.1534818851124,0.248712648652886,0.968409492958178,"Gene0361"
12.9688722738949,-0.0985042473255889,0.386303363826689,-0.254991948166886,0.798729318155571,0.988014235932843,"Gene0362"
30.9044850019038,0.618236706822329,0.325293992680451,1.90054756845647,0.057361298701771,0.880959564882428,"Gene0363"
33.4981047907793,-0.357829659908229,0.366456163814608,-0.976459656684223,0.328836730812153,0.968409492958178,"Gene0364"
42.777036079732,0.22652512324756,0.306312386055154,0.739523223872416,0.459589342894499,0.971929674739245,"Gene0365"
42.5517333535415,-0.0940649501164396,0.358698198471914,-0.262239817532301,0.793136557269639,0.988014235932843,"Gene0366"
469.989996859303,-0.231246646891867,0.290642956782582,-0.795638227231682,0.426242340837378,0.971929674739245,"Gene0367"
10.9330279963342,-0.0980894660402372,0.391940172246348,-0.250266425812011,0.80238131876413,0.988014235932843,"Gene0368"
32.1120705588138,-0.889069557314952,0.380436085894746,-2.33697483040799,0.0194404928546689,0.769535548841249,"Gene0369"
62.2444796444641,0.325843297109994,0.389874249966468,0.835765114361923,0.403287055689987,0.971929674739245,"Gene0370"
332.421145813334,0.111186727513489,0.342382674430336,0.324744024207663,0.745374812382686,0.985164603922037,"Gene0371"
35.8967757391361,-0.153289835313852,0.308487284497898,-0.496908115883448,0.619253848058152,0.974844740565644,"Gene0372"
227.616818148741,0.66409382093841,0.316619153622109,2.09745308627481,0.0359534859546804,0.827722666639615,"Gene0373"
7.4542877167088,-0.118308165734466,0.424918493765397,-0.278425550947627,0.78068570781161,0.987834342341721,"Gene0374"
272.971779850094,-0.119490722011775,0.253583360220128,-0.471208843940112,0.6374916037365,0.97558828300122,"Gene0375"
26.9132066196661,-0.251694316019649,0.315751676588408,-0.797127409548929,0.425377039091925,0.971929674739245,"Gene0376"
36.8043793693201,-0.293478581970864,0.323569844970738,-0.90700226406266,0.36440559995988,0.968409492958178,"Gene0377"
13.6359974069786,0.114576988763208,0.393269575451769,0.291344654952237,0.770787738233389,0.987834342341721,"Gene0378"
62.3778672276006,-0.257598930984523,0.311358340015332,-0.827339106997545,0.408044883948176,0.971929674739245,"Gene0379"
532.005992605552,0.128315735113992,0.240967872780217,0.532501422839162,0.594378756621538,0.974750912565024,"Gene0380"
932.604224992951,0.313661878570171,0.324335747809621,0.967090062345779,0.333499012946395,0.968409492958178,"Gene0381"
16.4384827703555,-0.00747254962414028,0.349909270204064,-0.0213556777726476,0.982961929507427,0.995280092384691,"Gene0382"
103.279452732333,0.347499239424874,0.254860635397911,1.3634872991756,0.1727289845572,0.929409787345697,"Gene0383"
273.746568869902,-0.145962715122713,0.297962665727895,-0.489869141042015,0.624226500839597,0.97558828300122,"Gene0384"
41.8312010542027,-0.470718314630459,0.269040179913035,-1.7496208736651,0.0801837554403519,0.884805430774937,"Gene0385"
36.6715684030136,0.191416325070288,0.403730474234774,0.474119090051589,0.63541498614438,0.97558828300122,"Gene0386"
35.1396866803184,-0.205096515119732,0.32251036529881,-0.635937747085142,0.52481699839722,0.971929674739245,"Gene0387"
110.937686357576,-0.193591278753294,0.325334313383859,-0.595053367533591,0.551807798386112,0.97254944614089,"Gene0388"
267.278032781198,0.081224572531774,0.326843950512088,0.248511781859551,0.803738455344757,0.988014235932843,"Gene0389"
134.930101541166,0.314754427356319,0.26498641713194,1.18781343875297,0.234906918638053,0.965069894296684,"Gene0390"
81.7895509089795,-0.183318631764597,0.351919043337946,-0.520911372188964,0.602428512907645,0.974750912565024,"Gene0391"
42.7228322790598,0.0476516489083423,0.312407244499942,0.152530550258578,0.878768496714311,0.993324607337472,"Gene0392"
98.4980383862655,0.300313782201317,0.276868242021704,1.0846812187935,0.278062868928674,0.968409492958178,"Gene0393"
28.76936286533,0.611515071670269,0.304280059691991,2.0097112912666,0.0444617542126025,0.8599581518489,"Gene0394"
35.0789399953943,-0.117176047482428,0.379088029277088,-0.309099835481167,0.757245584329472,0.985695289546221,"Gene0395"
220.046356203895,0.0697547810902918,0.294352427048145,0.236977088280922,0.812674564945049,0.988482483662903,"Gene0396"
82.8367076381316,-0.343716834491661,0.302452642980467,-1.1364319091563,0.255775847608255,0.968409492958178,"Gene0397"
71.0350550648503,0.140490682721396,0.308262177987095,0.45575063291507,0.648569307472446,0.975663866876592,"Gene0398"
40.2776912520827,-0.00884032774048468,0.318432998322208,-0.0277619712374769,0.97785199681955,0.995280092384691,"Gene0399"
138.876494064344,0.164062086917426,0.267842577373816,0.612531765957626,0.540185987635202,0.971929674739245,"Gene0400"
275.407872459185,0.577466068882486,0.327202028311941,1.76486090829471,0.077587145044569,0.884675367923901,"Gene0401"
21.0725392343293,-0.302256180917962,0.365402165804924,-0.827187710428968,0.408130676221632,0.971929674739245,"Gene0402"
65.6800991781839,-0.100968095454505,0.334857408786427,-0.301525642871182,0.763013699143034,0.986994103961845,"Gene0403"
56.4629442754041,0.0446961076196864,0.292921368465268,0.15258739181053,0.878723668436827,0.993324607337472,"Gene0404"
24.9990326017668,-0.319582192011494,0.310588045580704,-1.02895844369662,0.303499203048154,0.968409492958178,"Gene0405"
15.6364553719044,-0.00715208808137891,0.352379756908644,-0.020296535034029,0.98380681986115,0.995280092384691,"Gene0406"
51.7207937616096,-0.7614852832197,0.303686421369276,-2.50747227941993,0.0121598119024574,0.745692502351214,"Gene0407"
119.347030512981,0.562547407595211,0.285704742462916,1.96898169328859,0.0489551933437822,0.866666402304388,"Gene0408"
367.236879529982,-0.624788151289871,0.259581206190396,-2.40690826758701,0.0160882103714164,0.745692502351214,"Gene0409"
4.77842661007001,1.43355301276161,0.544902272655903,2.63084425354723,0.00851730588493875,0.745692502351214,"Gene0410"
21.4994891272673,-0.252143568440005,0.377960427169399,-0.66711631778053,0.504697837854849,0.971929674739245,"Gene0411"
32.8416248780135,0.287609404101334,0.298167364193712,0.964590490575893,0.334749964288105,0.968409492958178,"Gene0412"
7.5983737753294,-0.0518854829501854,0.454383283428199,-0.114188802366855,0.909088128264007,0.993548101559487,"Gene0413"
21.2710889005807,0.297329434783574,0.345515575678808,0.860538440848675,0.389492302981417,0.971929674739245,"Gene0414"
20.7246302807314,-0.0386657169786447,0.337250045254784,-0.114649997895282,0.908722548374271,0.993548101559487,"Gene0415"
23.0012329991678,0.0123780815368998,0.416132729510721,0.0297455130516979,0.976270013798834,0.995280092384691,"Gene0416"
3.24052421196373,-0.280941166040495,0.626944707529887,-0.448111552209096,0.654072691197306,0.975663866876592,"Gene0417"
83.7002454048785,-0.266872210432044,0.251986219356401,-1.05907462365864,0.28956579584206,0.968409492958178,"Gene0418"
21.4483175801749,-0.243316017350399,0.333259713845925,-0.730109302869085,0.46532337536178,0.971929674739245,"Gene0419"
269.048982898153,0.0570230478752144,0.278251828133834,0.204933237124276,0.837624286811386,0.990969518481345,"Gene0420"
126.53045470849,0.162716381300966,0.288954516926782,0.56312108573889,0.573352434196763,0.974750912565024,"Gene0421"
7.13282471510081,0.272620211554292,0.432827342284284,0.629859033663436,0.528786817801244,0.971929674739245,"Gene0422"
60.6565616406735,0.00858862876075235,0.280851524376039,0.0305806734709149,0.975603955276906,0.995280092384691,"Gene0423"
24.6929206947641,0.184544284473984,0.36038682088102,0.51207278896281,0.608600067840887,0.974844740565644,"Gene0424"
152.485200876189,-0.195517999551557,0.28809286836986,-0.678663101443202,0.497351350749396,0.971929674739245,"Gene0425"
58.7589771291102,0.412982663442983,0.374033287868699,1.10413344704217,0.269535254228836,0.968409492958178,"Gene0426"
22.1791957548108,-0.0973934304000606,0.349265813383731,-0.278851884919685,0.780358494632001,0.987834342341721,"Gene0427"
90.8458717628538,0.158556372555101,0.361218242068456,0.438948962397784,0.6606985179841,0.977404581876242,"Gene0428"
68.8667703567288,-0.106403330898277,0.289669255441979,-0.367326973433638,0.713375136357057,0.983100626532256,"Gene0429"
43.1787486324763,-0.0921192413958331,0.289732998687735,-0.317945286912645,0.750526439600972,0.985695289546221,"Gene0430"
518.796882356466,-0.00246886392038861,0.283954852469671,-0.00869456499480778,0.993062828230972,0.995945293476205,"Gene0431"
29.7739356763437,0.383915148636436,0.391438723812089,0.980779686019862,0.326701397875453,0.968409492958178,"Gene0432"
33.9879758917483,0.574609067111408,0.311708857155842,1.84341591174012,0.0652683086473148,0.880988181129152,"Gene0433"
8.55234092909963,-0.214807921644072,0.465199984480845,-0.4617539312341,0.644257791087874,0.975663866876592,"Gene0434"
56.6547366596216,-0.0900175106458677,0.277534254713142,-0.324347388177036,0.745675046554995,0.985164603922037,"Gene0435"
158.234269362781,-0.402412262834576,0.260590016643709,-1.54423514767557,0.122531376974655,0.904458312225088,"Gene0436"
4.94159528164702,-0.134047012318243,0.519461912353713,-0.258049741723832,0.796368518479318,0.988014235932843,"Gene0437"
32.8105367365721,0.388078566923139,0.292409143018233,1.32717658181755,0.184450277092761,0.932812699338567,"Gene0438"
12.9542304830879,-0.317328246292635,0.378403655552844,-0.838597200730055,0.401695382036786,0.971929674739245,"Gene0439"
310.133083308841,0.217433772687558,0.299938513373427,0.724927820179099,0.468496312627129,0.971929674739245,"Gene0440"
242.194625261184,-0.292429799508313,0.297833856691214,-0.981855463838336,0.32617105921465,0.968409492958178,"Gene0441"
70.0257151619245,0.290605977104733,0.286034884439087,1.0159808922419,0.309638485733798,0.968409492958178,"Gene0442"
245.745256357084,-0.318851331023367,0.297507129584098,-1.07174349558986,0.2838352586659,0.968409492958178,"Gene0443"
20.2387427290324,-0.291909515807635,0.336071911755368,-0.868592422029367,0.385070100822586,0.971929674739245,"Gene0444"
148.848339448122,-0.205757647536524,0.283489006796156,-0.725804678854706,0.467958518207045,0.971929674739245,"Gene0445"
30.2243469596058,-0.24859379587035,0.356970406608176,-0.69639889264887,0.486179056339913,0.971929674739245,"Gene0446"
74.7184256401153,0.0669731122136607,0.317391953228063,0.211010744073707,0.832878887554582,0.989424480233546,"Gene0447"
39.790869106884,0.6459635938167,0.370185785291828,1.74497136162986,0.0809898541388093,0.884805430774937,"Gene0448"
35.9472990987047,-0.0678328193025797,0.301550631305146,-0.224946699693486,0.82202073903561,0.989279079278785,"Gene0449"
97.4063178202405,0.355930145828629,0.288688634787194,1.23292053423233,0.217605413500133,0.956527096344285,"Gene0450"
11.6743001962805,-0.110646083086186,0.375817477920419,-0.294414415472224,0.768441252844752,0.987834342341721,"Gene0451"
38.0116756275286,-0.30370464009199,0.363461136539105,-0.835590409978577,0.403385365644964,0.971929674739245,"Gene0452"
62.0426373848941,-0.150268602135592,0.309696390632988,-0.485212636248224,0.627525519412395,0.97558828300122,"Gene0453"
25.4562627889359,-0.435862128727795,0.305974228192239,-1.4245060157614,0.154300044900793,0.929409787345697,"Gene0454"
65.0434103472778,0.112143106957487,0.231422249679523,0.484582217625074,0.627972730161168,0.97558828300122,"Gene0455"
38.3788611087344,0.249139228319017,0.299200786476604,0.832682397840217,0.405023874353012,0.971929674739245,"Gene0456"
434.972349894509,-0.357031043023964,0.311097469928442,-1.14765010177064,0.251113037869236,0.968409492958178,"Gene0457"
114.559443168115,-0.559409856167667,0.317530901031715,-1.76174934266254,0.0781116570478082,0.884675367923901,"Gene0458"
1868.35346091589,-0.313494535837056,0.28428609535765,-1.10274312024533,0.270138735342943,0.968409492958178,"Gene0459"
17.7441424849437,0.532263544438758,0.428094584081938,1.24333164732792,0.213745646772073,0.956527096344285,"Gene0460"
124.108600736347,0.232227944751492,0.311306160252077,0.745979278288126,0.455679932697332,0.971929674739245,"Gene0461"
672.227710244013,-0.174105903976576,0.318612243253094,-0.546450764725551,0.584756122908281,0.974750912565024,"Gene0462"
72.7039245673074,0.417461538442278,0.310533705698836,1.34433567365194,0.178839864733489,0.930256481101684,"Gene0463"
13.8518682831059,-0.241881717041656,0.367674981890214,-0.657868304767826,0.510622758748112,0.971929674739245,"Gene0464"
15.0565484046325,-0.30004193015988,0.391698990137982,-0.766001285972643,0.443675537012928,0.971929674739245,"Gene0465"
48.9554533223799,0.164126531171055,0.304197040340756,0.539540197324746,0.589514168269043,0.974750912565024,"Gene0466"
243.445736238375,-0.757244263331568,0.278548757314207,-2.71853398533524,0.00655719191560491,0.745692502351214,"Gene0467"
149.453418908563,-0.054401354427342,0.322142624018805,-0.16887350623979,0.865896138829045,0.993324607337472,"Gene0468"
4.1355412760273,-0.503693633145636,0.547647315000549,-0.91974089774389,0.357708175106694,0.968409492958178,"Gene0469"
24.4469786023466,0.449522494609161,0.333537575360593,1.34774168734415,0.17774147901056,0.930256481101684,"Gene0470"
63.2232338936154,-0.187853824234851,0.305846643300544,-0.614209206966035,0.539077090088877,0.971929674739245,"Gene0471"
9.55643921884702,0.15018653943147,0.462491199230756,0.324733832084306,0.74538252684017,0.985164603922037,"Gene0472"
107.873602280713,-0.64913059760864,0.317200158428453,-2.04643844071426,0.0407132532700799,0.852207259548584,"Gene0473"
3.3989704930747,-0.690374970414522,0.574236160319895,-1.20224921055116,0.229266988323669,0.95949343556764,"Gene0474"
60.9529056986191,-0.161643656367589,0.336837918499804,-0.479885569556751,0.631308762756582,0.97558828300122,"Gene0475"
40.2581514606129,-0.578878455674597,0.347564207092539,-1.66552954493519,0.095807154245746,0.884805430774937,"Gene0476"
25.6970311994785,-0.562820745068416,0.322880153854432,-1.74312585753461,0.0813116327938018,0.884805430774937,"Gene0477"
39.5330595311491,0.372887335217109,0.331731556648534,1.12406350177948,0.260986087542165,0.968409492958178,"Gene0478"
73.1005183005651,-0.153151811709981,0.315659030440802,-0.485181150991032,0.627547851399391,0.97558828300122,"Gene0479"
79.6597800617296,-0.797936907462135,0.315846330243787,-2.52634534916471,0.0115256120466783,0.745692502351214,"Gene0480"
47.7604343127944,0.260139062620284,0.29236845747216,0.889764459782929,0.373592373781568,0.968409492958178,"Gene0481"
4.53377095912477,-0.619323124472506,0.513808087928455,-1.20535884705408,0.228064801083646,0.95949343556764,"Gene0482"
10.4753738417957,0.484566919011326,0.427552141166764,1.13335163680615,0.25706661524865,0.968409492958178,"Gene0483"
7.46474837843475,0.135638157283919,0.471261675109803,0.287819197799853,0.773485141193103,0.987834342341721,"Gene0484"
153.776775541159,-0.217048848590224,0.291587203062053,-0.744370282066299,0.456652492601506,0.971929674739245,"Gene0485"
42.3701331945658,0.200884217392216,0.350597214489068,0.572977220269613,0.56666011793277,0.974750912565024,"Gene0486"
79.6478981112855,0.301843052188688,0.318193136199484,0.948615849461486,0.342816026962138,0.968409492958178,"Gene0487"
7.77154026360445,-0.418002054797265,0.446050952354593,-0.937117279070327,0.348698234191675,0.968409492958178,"Gene0488"
30.4704734737879,0.132143377456696,0.347929095034825,0.379799733171121,0.704094080428317,0.983100626532256,"Gene0489"
106.354865497451,0.321225565503775,0.278743769718367,1.15240446747323,0.249154906051106,0.968409492958178,"Gene0490"
46.4969785451138,-0.300854530033729,0.305879802576703,-0.9835710873989,0.325326446802913,0.968409492958178,"Gene0491"
52.4948144423342,0.050336111834878,0.297426979213486,0.169238553839286,0.865609005569785,0.993324607337472,"Gene0492"
46.861474294605,0.149184498057328,0.285783715691354,0.522018890042173,0.601657178284917,0.974750912565024,"Gene0493"
216.314152100498,-0.488800953383439,0.25471558568152,-1.91900684866062,0.0549834671155806,0.880959564882428,"Gene0494"
25.5131018441896,-0.107673286936938,0.307009323216617,-0.350716668174167,0.725800919515505,0.983100626532256,"Gene0495"
122.562479287037,-0.408574032855892,0.296071790049235,-1.37998298584255,0.167591883492309,0.929409787345697,"Gene0496"
134.694573246691,-0.120440719423946,0.289513296022667,-0.41601101254609,0.67740194482772,0.978688851838128,"Gene0497"
12.2509877795084,0.259756246874555,0.402846202288401,0.64480252115817,0.519055167920481,0.971929674739245,"Gene0498"
56.685343414472,-0.0584080730509733,0.346634238841222,-0.168500587957578,0.866189481160837,0.993324607337472,"Gene0499"
70.431259840739,0.233462884034021,0.343746024579725,0.679172608088954,0.497028501074847,0.971929674739245,"Gene0500"
174.25471837587,-0.12203987347181,0.286251915060236,-0.426337317066086,0.66986206962475,0.978688851838128,"Gene0501"
156.385011505023,-0.291444996279555,0.270035224087593,-1.0792851090605,0.280460649014469,0.968409492958178,"Gene0502"
45.5966221297487,0.102133603753059,0.343403684164057,0.297415573748667,0.766149255204687,0.987834342341721,"Gene0503"
56.1665552274782,0.0567113364546199,0.36994377390337,0.153297177720399,0.878163926223282,0.993324607337472,"Gene0504"
22.7280495008086,0.173938413822453,0.335952830053314,0.517746535413469,0.604635125429346,0.974750912565024,"Gene0505"
35.3614658526358,-0.133978056736126,0.301841494165675,-0.44386891572498,0.657137359340267,0.976315171363787,"Gene0506"
19.693272323703,-0.241868973440923,0.364369519303041,-0.663801335258683,0.506817470977859,0.971929674739245,"Gene0507"
16.348303194202,-0.249044564301744,0.370754136461597,-0.671724304086192,0.501759225933465,0.971929674739245,"Gene0508"
11.6632927811392,-0.270695258851322,0.415053358041033,-0.652193877261825,0.51427610925837,0.971929674739245,"Gene0509"
143.511553739365,0.35856055286008,0.319172249431343,1.12340766936635,0.261264394065291,0.968409492958178,"Gene0510"
203.850818839493,0.210043526352439,0.275949407681317,0.761166795454802,0.446557448247871,0.971929674739245,"Gene0511"
35.1307810626992,-0.153396683873277,0.353486876851141,-0.433952980771829,0.66432258541467,0.978335395417781,"Gene0512"
11.0918545249247,-0.568772177986889,0.426109365618257,-1.33480327793696,0.181940740378369,0.930256481101684,"Gene0513"
46.2400442908216,0.12409741107278,0.394477002123738,0.31458718861855,0.75307510764685,0.985695289546221,"Gene0514"
797.772456773176,-0.232801727240329,0.261649257571738,-0.889747325870014,0.373601575917134,0.968409492958178,"Gene0515"
699.274161873414,-0.148650045080457,0.31720469000522,-0.468624991257256,0.639337710646656,0.97558828300122,"Gene0516"
6.31736805965,1.00793672726408,0.510600566045328,1.97402195432467,0.0483792466360972,0.866666402304388,"Gene0517"
35.912628860396,0.452341756511078,0.3308472126084,1.36722251018775,0.171555571723379,0.929409787345697,"Gene0518"
271.540469374005,-0.456400318039421,0.269662478848124,-1.69248728999658,0.0905531014754512,0.884805430774937,"Gene0519"
60.2977609499188,-0.201264061021657,0.34090735162022,-0.590377591052571,0.554937530699074,0.974369893603381,"Gene0520"
358.799345467668,-0.447175362271181,0.283689834425212,-1.57628264395589,0.114960679682977,0.902314116979042,"Gene0521"
37.2969227992044,0.46204093533561,0.319551899724995,1.44590263970654,0.14820451144863,0.929409787345697,"Gene0522"
118.820928673877,-0.00912160623162862,0.283795667201379,-0.0321414569911528,0.974359242577842,0.995280092384691,"Gene0523"
67.4045190560714,-0.271517316774936,0.337281634106839,-0.80501660724559,0.420810096424414,0.971929674739245,"Gene0524"
2331.65897288255,0.691394772311135,0.239829607265967,2.88285829340658,0.00394084679514656,0.745692502351214,"Gene0525"
155.880055227037,-0.195385806173021,0.281358068935613,-0.694438254115731,0.487407410596816,0.971929674739245,"Gene0526"
13.6862183084772,-0.148887859391791,0.413829090554433,-0.359781037124085,0.719010885099591,0.983100626532256,"Gene0527"
28.0691035780241,0.328807351821277,0.315699713757031,1.04151932197928,0.297634590418653,0.968409492958178,"Gene0528"
95.9799873384697,-0.26124306187664,0.326226730379938,-0.800802134062973,0.423246203374717,0.971929674739245,"Gene0529"
4.93726391148523,-0.322886355322149,0.50077179987623,-0.644777432359318,0.519071428651739,0.971929674739245,"Gene0530"
5.50047811956376,-0.508462688378441,0.475760244652694,-1.06873723496931,0.285188088362167,0.968409492958178,"Gene0531"
14.8284494682326,0.699759773321831,0.389041646921995,1.79867574296521,0.0720699881804654,0.881272202192133,"Gene0532"
40.1863468947984,0.691932167242932,0.302588739852908,2.28670824822923,0.0222128579422023,0.779008825025657,"Gene0533"
224.977581115693,-0.27719070162093,0.245305063869195,-1.12998360999485,0.258483130818546,0.968409492958178,"Gene0534"
36.2754140721903,0.0616929392179749,0.360272474251798,0.171239668936953,0.864035316826089,0.993324607337472,"Gene0535"
70.0816852684213,-0.0473828403993574,0.31144177811561,-0.15214028344575,0.879076292411544,0.993324607337472,"Gene0536"
45.4943870368073,-0.551422107999022,0.262786915754658,-2.09836211371284,0.035873169389248,0.827722666639615,"Gene0537"
19.4318800176971,0.518869438836763,0.345484921392511,1.50185842191146,0.13313367649438,0.916124679216059,"Gene0538"
287.987044429546,-0.0167073000359369,0.308517633325458,-0.054153468817493,0.956812892752906,0.995137824442022,"Gene0539"
11.0826999969198,-0.13999123052149,0.402785597179558,-0.347557687021971,0.728172388180927,0.983100626532256,"Gene0540"
54.5557163951004,0.421507647280786,0.327257888303188,1.28799843287591,0.197746508699798,0.938943636320416,"Gene0541"
39.0989383696544,-0.456397730536946,0.298957327063412,-1.52663169362676,0.126852621374328,0.904635253826558,"Gene0542"
112.374752756448,0.22455265309656,0.282896380163713,0.793762906993051,0.42733347048818,0.971929674739245,"Gene0543"
369.679860483491,0.0505590135265568,0.279754218405009,0.180726545661452,0.856582221451568,0.993324607337472,"Gene0544"
86.9226047972077,0.41809890820241,0.29750084701465,1.40537048011101,0.159911140105722,0.929409787345697,"Gene0545"
257.338970153947,-0.152602025435534,0.23523059103559,-0.648733758495065,0.516510480097116,0.971929674739245,"Gene0546"
162.10262759026,-0.44808392590229,0.325660604028207,-1.37592303262902,0.168845463503208,0.929409787345697,"Gene0547"
25.2901397507428,-0.269322535225651,0.328942603826422,-0.818752366196287,0.412927712924861,0.971929674739245,"Gene0548"
50.1586674693637,-0.301154829705214,0.294037984047184,-1.02420383094753,0.305739009673662,0.968409492958178,"Gene0549"
246.608850208121,-0.256837154933417,0.286808614455531,-0.895500141866344,0.370519789990017,0.968409492958178,"Gene0550"
6.46181974999235,-0.887251634800119,0.469681078466393,-1.88905126367275,0.0588849599560907,0.880959564882428,"Gene0551"
89.7626243649138,-0.0611811200261483,0.339222727734736,-0.180356783387434,0.856872479773574,0.993324607337472,"Gene0552"
44.3113619323657,0.337297031091713,0.352380915425803,0.957194377806008,0.338469154272136,0.968409492958178,"Gene0553"
140.964495548257,-0.367447867721708,0.346460287103273,-1.06057716107641,0.28888210641011,0.968409492958178,"Gene0554"
108.687884736191,-0.189149821847816,0.348643889109956,-0.542530151125527,0.587453342440595,0.974750912565024,"Gene0555"
65.7943151770258,-0.160739262974392,0.279261890644504,-0.575586101646108,0.564894977447422,0.974750912565024,"Gene0556"
366.911729081433,-0.447952810187393,0.268946800552285,-1.66558148030583,0.0957968023347694,0.884805430774937,"Gene0557"
10.3706000213883,0.0542245584838741,0.380993705605879,0.14232402710602,0.886824068820429,0.993324607337472,"Gene0558"
175.395473214734,-0.123859693300137,0.284787273859411,-0.434920042674667,0.663620465938771,0.978301852073454,"Gene0559"
6.97271129464468,-0.124535010217394,0.449558966743062,-0.277015963266439,0.78176784871666,0.987834342341721,"Gene0560"
111.034912662674,0.330516294627193,0.271895405010544,1.21560088378241,0.224136997332623,0.956527096344285,"Gene0561"
55.5245080714823,-0.293764827784698,0.276985081528385,-1.06057996395952,0.288880832050519,0.968409492958178,"Gene0562"
189.354514575399,0.284956628161136,0.29747238176694,0.957926334097094,0.338099906263499,0.968409492958178,"Gene0563"
62.5706760292685,-0.30096784156786,0.315596625168668,-0.953647211553705,0.340262249313543,0.968409492958178,"Gene0564"
8.49328860097403,0.31147907686701,0.429323030028122,0.725512155373094,0.468137890504325,0.971929674739245,"Gene0565"
4.2058571218611,-0.669730167191289,0.573219290400146,-1.16836641475163,0.24265899614162,0.967234400368154,"Gene0566"
105.950127458911,-0.464873906472294,0.285360719926416,-1.62907462033376,0.10329722320822,0.897689379140202,"Gene0567"
50.4514896609872,-0.517314405698199,0.284768575768229,-1.81661338264808,0.0692763328430385,0.881272202192133,"Gene0568"
29.6765796764885,-0.605100695662306,0.330630362695617,-1.83014255172738,0.0672286254997423,0.880988181129152,"Gene0569"
39.9525804257734,0.716598686717598,0.289285871391228,2.47712991744583,0.0132443682286874,0.745692502351214,"Gene0570"
24.9416949050431,-0.560794125439121,0.298823844540348,-1.87667127535199,0.0605631618925497,0.880988181129152,"Gene0571"
47.1508356883343,-0.210638091569045,0.338294608229995,-0.622646907295193,0.533516579241074,0.971929674739245,"Gene0572"
16.6554472403602,0.112094735451394,0.439818028884699,0.254866167573089,0.798826467876621,0.988014235932843,"Gene0573"
5.17265353431614,0.095081097062612,0.525051884283312,0.181088955032313,0.856297753879008,0.993324607337472,"Gene0574"
37.9616739906678,0.280226884928202,0.304877147696091,0.91914689915539,0.358018741295458,0.968409492958178,"Gene0575"
179.396896781378,0.685233992529791,0.289424770129381,2.36757203684907,0.0179052339708382,0.769535548841249,"Gene0576"
602.375177893232,0.188582992415614,0.301446747670863,0.625593057058024,0.531581893891468,0.971929674739245,"Gene0577"
52.0149405604974,-0.231211323352758,0.287402023489367,-0.804487458180031,0.42111550971357,0.971929674739245,"Gene0578"
49.830933488331,-0.435795352004688,0.259524540094144,-1.67920672105459,0.0931117625567426,0.884805430774937,"Gene0579"
174.8872306879,0.0829354388790591,0.278448745816901,0.297848132286416,0.765819076530491,0.987834342341721,"Gene0580"
66.2545392540539,-0.179970788644405,0.343459726459719,-0.523993862393972,0.600282808766812,0.974750912565024,"Gene0581"
34.748181783542,-0.138179349436366,0.407725431416959,-0.338902944945462,0.734682845853614,0.983100626532256,"Gene0582"
8.25486371816281,-0.331518354106496,0.48421473697764,-0.684651516754239,0.49356385016441,0.971929674739245,"Gene0583"
14.0821429869577,-0.0251830693265081,0.362826939521006,-0.0694079369072047,0.944664911419024,0.993667447874791,"Gene0584"
89.5415033418738,-0.112005390887001,0.300138657815854,-0.373178822421871,0.709015356827024,0.983100626532256,"Gene0585"
11.7755099376435,-0.00858486866150922,0.379316081461729,-0.0226324932716447,0.981943424578429,0.995280092384691,"Gene0586"
179.747062915872,0.415502501124352,0.291455327804497,1.42561298931912,0.153980084751978,0.929409787345697,"Gene0587"
10.6923489276087,0.672553762809181,0.435008074459826,1.54607190600848,0.122087202852354,0.904458312225088,"Gene0588"
46.1554144735993,0.620410801459369,0.291742363030272,2.12657083810277,0.0334557576450511,0.827722666639615,"Gene0589"
53.0355457329681,0.102972250303913,0.324878366304862,0.316956316528891,0.751276748877684,0.985695289546221,"Gene0590"
59.52191523512,-0.691089343465895,0.293129078894354,-2.35762806635424,0.018392110077274,0.769535548841249,"Gene0591"
59.1775889287533,0.026606191160445,0.295965795727535,0.0898961688969577,0.928369725604399,0.993667447874791,"Gene0592"
114.071780720087,0.314425279221698,0.302304084717396,1.04009603282613,0.298295286614229,0.968409492958178,"Gene0593"
43.0146373120153,-0.278361596167603,0.329825502068553,-0.843966262225977,0.398688258621769,0.971929674739245,"Gene0594"
38.0239882509588,0.0338099188217219,0.362545016170353,0.0932571606661814,0.9256992645483,0.993667447874791,"Gene0595"
64.9202410385406,0.659862190029706,0.287006598174709,2.29911853673841,0.0214982091790417,0.779008825025657,"Gene0596"
36.3230423903015,-0.247829892651437,0.34553498426717,-0.717235313168214,0.473228913365928,0.971929674739245,"Gene0597"
416.816338602285,-0.0120237183249613,0.292054828255236,-0.0411693872578383,0.967160858402339,0.995280092384691,"Gene0598"
5.59871192816476,-0.720263495416624,0.527135383464724,-1.36637288637792,0.171821954523989,0.929409787345697,"Gene0599"
196.582955372059,-0.10533327807381,0.308493860114716,-0.341443677467813,0.732769598654513,0.983100626532256,"Gene0600"
37.9146931268391,-0.758796006020639,0.314144554875799,-2.41543580572529,0.0157163925807676,0.745692502351214,"Gene0601"
91.7633776283325,0.494784999245606,0.321814929416318,1.53748305009655,0.124175062653827,0.904458312225088,"Gene0602"
153.710410276345,-0.164651578913341,0.297380624409042,-0.553672853571205,0.579802756838526,0.974750912565024,"Gene0603"
128.247762324106,-0.538494263576689,0.267438313777236,-2.01352699234123,0.0440592182646713,0.8599581518489,"Gene0604"
25.6833277049146,0.49652485449258,0.318675646806383,1.5580884810889,0.119212274899165,0.902314116979042,"Gene0605"
472.676962985071,-0.02536649146278,0.305669016420782,-0.0829867932308215,0.93386204086424,0.993667447874791,"Gene0606"
7.36047129344925,-0.154591374922544,0.505867796461997,-0.305596394954858,0.759911965657928,0.98608504988653,"Gene0607"
147.987544263397,0.250849644992309,0.285804151061132,0.877697696345404,0.380107794981032,0.969796403531695,"Gene0608"
30.3744607228825,-0.448108091295588,0.265888423308112,-1.68532381259909,0.0919261138788649,0.884805430774937,"Gene0609"
6.48213027994664,0.00848798927229197,0.489729128540119,0.017332008201339,0.986171750582825,0.995280092384691,"Gene0610"
5.74680026500488,-0.19195543050477,0.484400947993834,-0.396273853921553,0.691903013365511,0.980588080757813,"Gene0611"
69.188868103135,0.124101643805698,0.28346839151067,0.43779711432492,0.661533362996459,0.977404581876242,"Gene0612"
822.71684706247,-0.117710194202317,0.305295493970876,-0.38556151835489,0.699821437491908,0.983100626532256,"Gene0613"
76.6640405229473,-0.0810434001183591,0.35587237697114,-0.227731640224865,0.819854873318667,0.989070544214856,"Gene0614"
236.091631760243,0.124893039111057,0.281935848643314,0.442983890527037,0.657777386908312,0.976315171363787,"Gene0615"
139.934565955071,0.1220891316241,0.301903334954768,0.404398088687532,0.685920005469449,0.980098398362699,"Gene0616"
24.2266059402671,0.213035426513527,0.388311529317131,0.548619884885113,0.583266336628861,0.974750912565024,"Gene0617"
190.026374927337,-0.48184417043062,0.27180739571473,-1.77274120582182,0.0762715997848962,0.884675367923901,"Gene0618"
79.1811829302177,0.348629155247151,0.310070268175914,1.12435531887037,0.260862319095525,0.968409492958178,"Gene0619"
67.219781523773,0.033050083757526,0.338837462537273,0.097539638946772,0.922297856960525,0.993667447874791,"Gene0620"
191.423035007917,-0.350666612173144,0.286386396021043,-1.22445275699261,0.220781477773231,0.956527096344285,"Gene0621"
140.869390706131,-0.174721745401555,0.261166598835421,-0.669004942365002,0.503492325227459,0.971929674739245,"Gene0622"
31.8300452588704,-0.304455581188196,0.311877763141285,-0.976201631439409,0.32896455493927,0.968409492958178,"Gene0623"
103.42471050791,0.0254684380164758,0.310239411822744,0.0820928516684633,0.934572877480913,0.993667447874791,"Gene0624"
14.3477981131335,-0.498910403533854,0.385094297407896,-1.29555386016377,0.195129234007652,0.935403690123011,"Gene0625"
84.1434804597126,-0.652048124893499,0.268847543697244,-2.42534529394022,0.0152938326430761,0.745692502351214,"Gene0626"
25.0276811540267,0.701050763789626,0.329633605058805,2.12675756667638,0.033440231670141,0.827722666639615,"Gene0627"
96.1935879213683,-0.128570016607605,0.323524511837594,-0.39740425192928,0.691069380534816,0.980588080757813,"Gene0628"
84.6443449129474,-0.100243185431552,0.240354235637068,-0.417064359884708,0.67663133275316,0.978688851838128,"Gene0629"
42.141204599247,-0.132520204435422,0.384163614191846,-0.344957719939721,0.730126156511829,0.983100626532256,"Gene0630"
93.8891927908941,-0.0510855066286466,0.314077476259687,-0.162652563428037,0.87079199838835,0.993324607337472,"Gene0631"
113.081081846725,0.0869984647631168,0.325100393060083,0.267604920265471,0.7890034432363,0.988014235932843,"Gene0632"
40.4766642536603,-0.326612370021774,0.410737276880916,-0.795185605022328,0.426505544045597,0.971929674739245,"Gene0633"
236.030024001196,0.663522872255277,0.330415556172228,2.00814658953109,0.0446277166884564,0.8599581518489,"Gene0634"
276.14583764718,-0.267863663232519,0.317843267611696,-0.842753931034224,0.399366078030191,0.971929674739245,"Gene0635"
28.3139694797097,0.173872125327784,0.333221568768786,0.521791329325473,0.601815627362308,0.974750912565024,"Gene0636"
19.5580128656813,0.680114233334293,0.332900376959792,2.04299628479074,0.0410528058966397,0.854839156118571,"Gene0637"
96.4645379758125,-0.186807201531999,0.31335260276284,-0.596156533837324,0.55107065990871,0.97254944614089,"Gene0638"
15.0025693858458,-0.001874235433355,0.409738490735106,-0.00457422350043917,0.996350310418735,0.997847830925376,"Gene0639"
31.2335438589822,0.290550825784091,0.351609080296639,0.826346195436603,0.408607735458984,0.971929674739245,"Gene0640"
143.08158052462,-0.340801905814764,0.225242917089941,-1.5130416095556,0.130269089884172,0.909009346487062,"Gene0641"
26.9000413973661,0.394271560889588,0.342952227995718,1.14963988772952,0.250292222341826,0.968409492958178,"Gene0642"
5.43564733630744,-0.292305850442601,0.478434149387408,-0.610963600355185,0.541223678061257,0.971929674739245,"Gene0643"
107.590815675814,0.463771643078061,0.279338824507437,1.66024770776435,0.096864630728998,0.884805430774937,"Gene0644"
8.02101354066455,-0.138472461970738,0.493154180259662,-0.280789391053783,0.778871941127091,0.987834342341721,"Gene0645"
9.15589720645538,-0.0147817203335417,0.401627670994776,-0.0368045366419336,0.970640856783757,0.995280092384691,"Gene0646"
1.13015393271732,0.846690487028534,1.29373978232589,0.654451921936225,0.512820692385005,0.971929674739245,"Gene0647"
126.163009450328,0.00893929455441448,0.316702223618538,0.0282261818445004,0.977481755448211,0.995280092384691,"Gene0648"
76.4314435126933,-0.194600810456306,0.318244618154724,-0.61148185815257,0.54088062510565,0.971929674739245,"Gene0649"
96.5703289615765,0.173681334732789,0.310393787485624,0.559551581685034,0.575785338449943,0.974750912565024,"Gene0650"
140.748322776571,0.303037243297557,0.289518463292106,1.04669401685727,0.295240724122486,0.968409492958178,"Gene0651"
45.2233954567939,0.300803188892617,0.260953418690423,1.15270836612211,0.2490301063881,0.968409492958178,"Gene0652"
12.7931001059696,-0.138733605005591,0.367585156755004,-0.377418953012994,0.705862284104784,0.983100626532256,"Gene0653"
143.193787492843,-0.893758124515308,0.241950439221863,-3.69397190345974,0.000220778207239703,0.220667818136083,"Gene0654"
261.521543358035,-0.089435799317234,0.256506975986348,-0.348668097517917,0.727338497470238,0.983100626532256,"Gene0655"
7.86461729938668,-0.377606016151384,0.42497922188417,-0.888528183748008,0.374256702434043,0.968409492958178,"Gene0656"
27.0865473295945,0.804544156651896,0.332413806031063,2.42030909082252,0.0155073195958146,0.745692502351214,"Gene0657"
29.7256441413976,0.521781381788403,0.361809753515067,1.442142940369,0.14926205347058,0.929409787345697,"Gene0658"
12.6224312963195,-0.365862855295413,0.385214497198913,-0.949763983328209,0.342232190407216,0.968409492958178,"Gene0659"
136.910531199596,-0.182288261409303,0.263452553286872,-0.691920648082731,0.488987162952014,0.971929674739245,"Gene0660"
27.9895342859176,-0.0285330589718997,0.354525142475771,-0.0804824695158249,0.935853538301568,0.993667447874791,"Gene0661"
260.275897149282,-0.0450540041609936,0.256600775899973,-0.175580155605439,0.860623793671207,0.993324607337472,"Gene0662"
51.221537640532,0.0290099420493879,0.312844553043481,0.0927295737361165,0.926118401785254,0.993667447874791,"Gene0663"
120.205303792248,-0.316811391343736,0.313730799883663,-1.00981921909234,0.312581910479509,0.968409492958178,"Gene0664"
348.307907179093,-0.369004292675923,0.303998488366826,-1.21383594589016,0.224810376840632,0.956527096344285,"Gene0665"
68.5887072633357,0.042158583522326,0.317874539672373,0.132626487059259,0.894488783821328,0.993324607337472,"Gene0666"
191.199792134587,-0.00846016919714265,0.270300747635073,-0.0312990965476889,0.975031010906865,0.995280092384691,"Gene0667"
66.7853087613126,0.249717484355437,0.279232903812551,0.894298203921815,0.37116236069505,0.968409492958178,"Gene0668"
8.57087691501879,-0.264855898491586,0.424161211230862,-0.624422722961885,0.532350006017998,0.971929674739245,"Gene0669"
55.6974251188685,0.360611105875636,0.251320843918096,1.43486350059033,0.151325998380568,0.929409787345697,"Gene0670"
133.518948062095,0.147253563598738,0.340904087957391,0.431950125564769,0.665777662318191,0.978335395417781,"Gene0671"
109.079930224193,0.207760956646464,0.330500587491649,0.628625075142153,0.529594540187562,0.971929674739245,"Gene0672"
35.6990868246063,0.830840478606966,0.29982279608358,2.77110509761025,0.00558663917638113,0.745692502351214,"Gene0673"
10.6069548644328,-0.237195606275087,0.416169051154822,-0.569950133526018,0.568711520440796,0.974750912565024,"Gene0674"
115.594738395341,0.168448916604348,0.273321012555822,0.616304304704509,0.537693698300432,0.971929674739245,"Gene0675"
22.468207286593,-0.12703582222783,0.36513788181942,-0.347911921915175,0.727906331564764,0.983100626532256,"Gene0676"
10.5998247140432,-0.64173257176806,0.388544565520625,-1.65163182995027,0.0986096272034506,0.884805430774937,"Gene0677"
111.183841542727,-0.7522609820337,0.297579109465144,-2.52793612893654,0.0114735222725612,0.745692502351214,"Gene0678"
12.4677797939559,0.157715803394333,0.385412588776604,0.40921290063452,0.682383427887114,0.97889090229375,"Gene0679"
69.1270369745198,0.0933933922663929,0.265053526621939,0.352356723778308,0.724570752837167,0.983100626532256,"Gene0680"
46.3463094605933,0.20807431683304,0.312082129155062,0.66672935549493,0.504945024288476,0.971929674739245,"Gene0681"
12.8909943863232,0.244113630174971,0.364030608911427,0.670585451330459,0.50248465323508,0.971929674739245,"Gene0682"
245.113081628796,0.804764056390306,0.328943803062902,2.44650924837886,0.0144247096597523,0.745692502351214,"Gene0683"
29.4714854440773,-0.508567492415019,0.314591866188915,-1.61659453747485,0.105965831815564,0.900947872387212,"Gene0684"
188.152688277608,0.0536803421171673,0.304787951829437,0.17612356982932,0.860196864310057,0.993324607337472,"Gene0685"
31.3850004909612,-0.0407369776620355,0.305692991917352,-0.133261078072242,0.893986908199577,0.993324607337472,"Gene0686"
27.0019032967792,0.0882799568582275,0.341991266383689,0.258135120793359,0.796302627352994,0.988014235932843,"Gene0687"
62.7972841057842,0.035471695947199,0.369363207471685,0.0960347301237854,0.923492989376942,0.993667447874791,"Gene0688"
35.1423807484994,-0.723440923856715,0.322395419340166,-2.24395534321596,0.0248352747465057,0.809562793491777,"Gene0689"
36.1840516539134,0.182969931686125,0.361647884612946,0.505933919347956,0.612903039640018,0.974844740565644,"Gene0690"
17.1740996567018,0.0620698180707952,0.320129725571688,0.193889580106786,0.846262342749317,0.991895879892046,"Gene0691"
12.9619880120437,-0.57581069748571,0.372909030010279,-1.54410499920004,0.122562897973654,0.904458312225088,"Gene0692"
124.985591507966,0.253167347712392,0.280313382330971,0.903158263822998,0.366441905074692,0.968409492958178,"Gene0693"
17.01882595432,-0.269276738315196,0.376231969202725,-0.715719982238143,0.474164269754343,0.971929674739245,"Gene0694"
11.4082474538297,0.480044083905024,0.394589495001553,1.21656579809134,0.223769462308354,0.956527096344285,"Gene0695"
25.5930272884934,-0.154697080077892,0.325924043701483,-0.474641509478756,0.635042514441426,0.97558828300122,"Gene0696"
18.5507819145249,0.122057767860794,0.355858389145759,0.342995336301595,0.731601968673261,0.983100626532256,"Gene0697"
5.02266225575277,-0.654563033445397,0.508010809788758,-1.2884824905942,0.197578060031795,0.938943636320416,"Gene0698"
42.6171165882982,0.52563269124475,0.319263845133,1.64638965312775,0.0996835619526054,0.88760552491429,"Gene0699"
78.8658938260301,0.515985631871481,0.305072569394859,1.691353742144,0.0907692614845789,0.884805430774937,"Gene0700"
71.4535347933245,0.236817776938632,0.322928941829847,0.733343303318451,0.463349069935332,0.971929674739245,"Gene0701"
98.078851408077,-0.30541742976954,0.244062365643546,-1.25139092610289,0.210791886188747,0.956527096344285,"Gene0702"
14.0880311706052,-0.189812634527565,0.367702857426552,-0.51621201928103,0.605706336550222,0.974750912565024,"Gene0703"
42.8925507550843,-0.222005754510094,0.276034261992894,-0.804268835713621,0.421241731792857,0.971929674739245,"Gene0704"
17.3084403997204,-0.733349039056252,0.398229726314161,-1.84152259512068,0.0655450125318124,0.880988181129152,"Gene0705"
27.3755340826849,0.0755184068395016,0.357615567237875,0.211172034323856,0.832753032057926,0.989424480233546,"Gene0706"
9.89073541757712,0.199601890115743,0.377412350057663,0.528869524500846,0.596895964207564,0.974750912565024,"Gene0707"
11.4045843936089,0.440534552636355,0.395523921182299,1.11380002331973,0.265364986977144,0.968409492958178,"Gene0708"
95.6813195237946,0.207129498578938,0.306484830472662,0.675823003244573,0.499153027965889,0.971929674739245,"Gene0709"
42.2563318715687,0.0616186003435505,0.303407897987451,0.203088320219334,0.839066000620343,0.991307881347556,"Gene0710"
40.4751482201164,0.333145943485073,0.282344323554765,1.17992789545299,0.238028894000695,0.967234400368154,"Gene0711"
438.034543133401,0.196106818775753,0.323842688735699,0.605561976839327,0.544805657741557,0.97254944614089,"Gene0712"
42.5274348293715,0.0801573324323584,0.301849394651498,0.265554060576813,0.790582669842995,0.988014235932843,"Gene0713"
22.4314577247504,-0.293433017848573,0.351310875783074,-0.835251733082584,0.403575987377468,0.971929674739245,"Gene0714"
109.887436673847,0.0882103138212989,0.315282118497118,0.279782165388188,0.779644635439466,0.987834342341721,"Gene0715"
32.7622248520905,-0.0479449497762563,0.361342275509795,-0.132685691727086,0.894441959150644,0.993324607337472,"Gene0716"
292.119694050843,-0.100515234771765,0.292410782854197,-0.343746676475622,0.731036805035697,0.983100626532256,"Gene0717"
41.006775679585,-0.0675548776296624,0.365131935092633,-0.185014979893566,0.853217286156106,0.993324607337472,"Gene0718"
22.037412515089,0.0319767162728736,0.338154214843763,0.0945625246387887,0.924662317406408,0.993667447874791,"Gene0719"
16.6953085948361,0.0113328141819272,0.373079596838594,0.0303763976319243,0.975766868128899,0.995280092384691,"Gene0720"
84.736573178328,-0.119021042017407,0.2635498648908,-0.451607296656072,0.651551912534989,0.975663866876592,"Gene0721"
332.550117294961,-0.649331615914634,0.268803776519805,-2.41563427538673,0.0157078296703149,0.745692502351214,"Gene0722"
35.0866714777909,0.283075142620014,0.274470026418159,1.03135175200787,0.3023758977047,0.968409492958178,"Gene0723"
63.460891547488,0.0812235706226738,0.287474283071644,0.2825420408212,0.777527915194062,0.987834342341721,"Gene0724"
76.0973934391924,0.0911155303519764,0.315987104070301,0.288352053543631,0.773077265395423,0.987834342341721,"Gene0725"
316.055699982289,-0.351385413177467,0.314985962924636,-1.11555895988146,0.264610967519743,0.968409492958178,"Gene0726"
110.629878235674,0.0796580703096743,0.30994214644407,0.257009481361545,0.797171453800318,0.988014235932843,"Gene0727"
17.5940786214833,0.318823342952171,0.364993946821388,0.873503097047767,0.382388918892816,0.971929674739245,"Gene0728"
16.0592065333466,0.332845198541868,0.334919775391631,0.993805749907309,0.320317446279449,0.968409492958178,"Gene0729"
16.9385680780852,0.325479405384383,0.369586868441181,0.880657385791785,0.37850328831492,0.968427398130227,"Gene0730"
64.0908029923106,0.210715196164477,0.295170899072185,0.71387523914729,0.475304329634555,0.971929674739245,"Gene0731"
60.8462017647394,0.195041697794824,0.336865263783202,0.578990233674991,0.562595763028684,0.974750912565024,"Gene0732"
90.192786421329,-0.0277550100025114,0.278745083643533,-0.0995712987641615,0.920684680826349,0.993667447874791,"Gene0733"
23.7353654475783,-0.498407702349771,0.317675046737777,-1.56892304720798,0.116665870905472,0.902314116979042,"Gene0734"
32.2819340502372,0.0297377732459784,0.346406448712318,0.0858464770402555,0.931588459486958,0.993667447874791,"Gene0735"
135.997883181909,-0.250503037655709,0.290856813146791,-0.86125896431824,0.389095431167135,0.971929674739245,"Gene0736"
41.820454564448,-0.257632309739825,0.353001385364783,-0.72983370723487,0.465491838025472,0.971929674739245,"Gene0737"
26.7804731969386,0.136811289861304,0.334144403979513,0.409437621076222,0.68221853564056,0.97889090229375,"Gene0738"
167.536620068923,-0.320947022258732,0.266643055336756,-1.20365790833515,0.228721827385529,0.95949343556764,"Gene0739"
64.9086691874183,0.0432161424195634,0.35452354359917,0.121899217131893,0.902978835643003,0.993324607337472,"Gene0740"
21.331391030419,0.0196967296065368,0.376480170206535,0.052318106411106,0.958275226244193,0.995137824442022,"Gene0741"
406.708145477199,0.145346066706572,0.249315549591904,0.582980351383956,0.559906527443133,0.974750912565024,"Gene0742"
11.6501621281616,0.203293579905632,0.458122966630999,0.443753303617667,0.657220952791432,0.976315171363787,"Gene0743"
6.62957838924882,0.00967585537906221,0.492433469707011,0.0196490611915944,0.984323326203796,0.995280092384691,"Gene0744"
3.24077308246875,0.445068459424696,0.633271382235133,0.702808419754934,0.482175149360241,0.971929674739245,"Gene0745"
103.717740348053,0.155575585068978,0.274205350961908,0.567368888036728,0.570463582949121,0.974750912565024,"Gene0746"
23.3210396375043,0.0878685843703485,0.33099149280108,0.265470824119205,0.790646782747553,0.988014235932843,"Gene0747"
37.276589503643,-0.0755079482474269,0.344397280386469,-0.219246644929062,0.826457921864288,0.989279079278785,"Gene0748"
61.0123690061854,-0.177219951852526,0.298845521233645,-0.59301525122731,0.553170945603898,0.97254944614089,"Gene0749"
33.5752028571032,-0.325908850698766,0.374578441586566,-0.870068360897508,0.384263046849261,0.971929674739245,"Gene0750"
8.11203438194594,0.01221730547577,0.503032400803058,0.0242873132153434,0.980623432735013,0.995280092384691,"Gene0751"
4.60858350951222,0.261236869113084,0.543557032308183,0.480606180374038,0.630796422078729,0.97558828300122,"Gene0752"
30.2058570148245,0.214639559030955,0.291639753420626,0.735974970879177,0.461745929961969,0.971929674739245,"Gene0753"
61.4088874754867,-0.255033840900757,0.338967911404196,-0.75238343312281,0.451820506501862,0.971929674739245,"Gene0754"
4.13067145190596,-0.274393051282479,0.538745032546466,-0.509318944409595,0.610528681116012,0.974844740565644,"Gene0755"
92.2534458425991,0.00459779986705781,0.286352959370505,0.0160564077185207,0.987189390628553,0.995483761612513,"Gene0756"
96.869942701592,0.27859649871289,0.325104804665081,0.856943652370491,0.391476026344235,0.971929674739245,"Gene0757"
237.105410295226,0.225926673489399,0.324684421710547,0.695834657847582,0.486532381878408,0.971929674739245,"Gene0758"
53.0532849646289,-0.178830991979105,0.360225063415671,-0.496442391552163,0.619582322614878,0.974844740565644,"Gene0759"
65.4654115139718,0.141633998078214,0.300156144355542,0.471867728652742,0.637021203908063,0.97558828300122,"Gene0760"
125.351239416867,0.612911763224203,0.3302146533933,1.85610104495938,0.0634391568434284,0.880988181129152,"Gene0761"
49.2801338767325,-0.0470336248033831,0.310259039299136,-0.151594696192028,0.879506616884465,0.993324607337472,"Gene0762"
45.682359752509,-0.117064257501756,0.318232917072664,-0.367857161284878,0.712979744208616,0.983100626532256,"Gene0763"
69.949394662784,0.212398707648395,0.395132234756429,0.537538294690949,0.59089584020592,0.974750912565024,"Gene0764"
111.564424583749,0.609205564711257,0.264471383468253,2.30348386552145,0.0212516339249728,0.779008825025657,"Gene0765"
31.0225909953223,-0.241825808228349,0.348016969208646,-0.694867864570616,0.487138113266548,0.971929674739245,"Gene0766"
29.3244930010461,0.119389865797312,0.314880955961458,0.379158737729206,0.704569990415423,0.983100626532256,"Gene0767"
17.7440047163908,-0.241636033206809,0.307487927058892,-0.785839091368714,0.431961761622645,0.971929674739245,"Gene0768"
18.5454405168438,0.302183110917748,0.376256242803172,0.803131155157543,0.421898931970047,0.971929674739245,"Gene0769"
67.9985495637529,0.331935176403755,0.312810093585048,1.06113959623079,0.288626465377123,0.968409492958178,"Gene0770"
352.853228426263,0.241288128360118,0.239476552327216,1.00756473239362,0.313663466992239,0.968409492958178,"Gene0771"
18.3665908221567,-0.00484254870138871,0.38922205398507,-0.0124416092351603,0.990073288179027,0.995483761612513,"Gene0772"
46.6000253813321,0.376494962066409,0.31114124536766,1.21004517296164,0.226261559578861,0.95949343556764,"Gene0773"
16.5798481560792,-0.00819985968608158,0.352370451123042,-0.0232705655651538,0.981434450629841,0.995280092384691,"Gene0774"
163.207056443876,0.297650856324542,0.327367712918524,0.909224839770995,0.363231454926007,0.968409492958178,"Gene0775"
33.6564063696147,-0.555853046385222,0.332287329164794,-1.67280843293773,0.0943650142231486,0.884805430774937,"Gene0776"
65.5323347607734,0.214615329728777,0.336942249189927,0.636949893475078,0.524157482057847,0.971929674739245,"Gene0777"
84.1387187653774,0.198547037038568,0.317349431090108,0.625641698352982,0.531549981864609,0.971929674739245,"Gene0778"
16.6124160617337,0.506307317198981,0.39932699734854,1.26790154575266,0.204833112038742,0.951700966967797,"Gene0779"
47.49235368559,-0.588253648659449,0.298934330370149,-1.96783570468824,0.0490869445511441,0.866666402304388,"Gene0780"
37.2304209865254,-0.179401462924323,0.31063464316598,-0.577532052110697,0.563580092872689,0.974750912565024,"Gene0781"
113.293246044295,-0.757370564460457,0.322247910111037,-2.35027300626865,0.0187596460216631,0.769535548841249,"Gene0782"
12.1446048596434,0.00647015541675448,0.365093900129991,0.0177218940509573,0.985860714462796,0.995280092384691,"Gene0783"
13.0176404055632,0.641943716513948,0.413680233709686,1.55178726031288,0.12071313521971,0.904458312225088,"Gene0784"
144.53859647496,0.0847966464731816,0.310941424598021,0.272709390788973,0.78507661543146,0.988014235932843,"Gene0785"
23.8176561047834,0.481200227766932,0.350230040166106,1.37395475139343,0.169455730331149,0.929409787345697,"Gene0786"
20.4826295105578,-0.416933572866256,0.411691998844511,-1.01273178501515,0.311188291372004,0.968409492958178,"Gene0787"
61.2990111367362,-0.419260353946767,0.290378278181779,-1.44384200006967,0.148783424644944,0.929409787345697,"Gene0788"
33.3379105121131,-0.13610417868638,0.294717475210713,-0.461812380107662,0.644215872086324,0.975663866876592,"Gene0789"
487.685360971818,0.290361845994545,0.324940918850194,0.8935835074942,0.371544773777532,0.968409492958178,"Gene0790"
71.1439901301291,0.186344256900161,0.358224066781975,0.520189105590092,0.602931777810425,0.974750912565024,"Gene0791"
67.9884598235354,-0.179174966890356,0.329138338573438,-0.544375862340867,0.58618285244692,0.974750912565024,"Gene0792"
161.647575709914,-0.574149597079485,0.279644363321406,-2.05314203461914,0.0400588042452206,0.852207259548584,"Gene0793"
38.3758633133988,0.0945844093191689,0.351335641080463,0.269213817955655,0.787765147494384,0.988014235932843,"Gene0794"
61.3783442267285,-0.454921046933361,0.28442743393674,-1.5994274554913,0.109725655816572,0.902314116979042,"Gene0795"
12.154474311641,0.39368356641932,0.379778734965219,1.03661298059612,0.299916261311076,0.968409492958178,"Gene0796"
4.05605751313562,0.0132713891134919,1.09811345152137,0.0120856265762933,0.99035729988699,0.995483761612513,"Gene0797"
10.9483731905087,-0.0990410202052663,0.381614868306986,-0.259531345423349,0.795225300161058,0.988014235932843,"Gene0798"
57.9450076339138,-0.128295597940592,0.273529865705328,-0.469036891491782,0.639043266718897,0.97558828300122,"Gene0799"
16.8430455146504,-0.325260900215629,0.348544058835386,-0.933198807928175,0.350717330111709,0.968409492958178,"Gene0800"
113.704986247428,0.0275972044883377,0.309232864597534,0.0892440864080063,0.928887929246575,0.993667447874791,"Gene0801"
130.859648172641,-0.420235166182591,0.316925715615091,-1.32597370764627,0.184848406461909,0.932812699338567,"Gene0802"
62.3888437349117,0.71172301416271,0.361871156334831,1.96678569624425,0.04920792229192,0.866666402304388,"Gene0803"
36.3286745342676,-0.535155539212585,0.315383843815006,-1.69683878774238,0.089727143338337,0.884805430774937,"Gene0804"
11.9875769316781,0.319261823214582,0.36738083326022,0.86902144671343,0.384835400293597,0.971929674739245,"Gene0805"
45.2163190433044,0.236362668207091,0.264728703901949,0.892848658733418,0.371938224514329,0.968409492958178,"Gene0806"
31.1706348478905,0.481673335837925,0.33711784620224,1.42879809320141,0.153062273794503,0.929409787345697,"Gene0807"
116.814676209746,-0.404721070967961,0.286024549188438,-1.41498718245098,0.157072254160231,0.929409787345697,"Gene0808"
239.958205157965,-0.285081720761378,0.237829143064711,-1.19868287413292,0.230651279714042,0.95949343556764,"Gene0809"
98.3749647125452,0.30250697959146,0.300047909833443,1.00819559036216,0.313360574423053,0.968409492958178,"Gene0810"
13.8039049882805,0.60021240231119,0.448826158845922,1.33729371713657,0.181126781036956,0.930256481101684,"Gene0811"
390.934755701078,-0.300267271888712,0.309687386847871,-0.969581857837217,0.332254959574375,0.968409492958178,"Gene0812"
186.928898898348,-0.370826247591909,0.245046534874302,-1.51328908928309,0.130206242919894,0.909009346487062,"Gene0813"
63.8752870342887,0.286216985086769,0.271150259618492,1.05556596364494,0.291166557909927,0.968409492958178,"Gene0814"
2.83733110435871,0.256665536557115,0.64187950352097,0.39986560584845,0.689255506145843,0.980588080757813,"Gene0815"
15.422906230635,0.470633443135748,0.372518906905647,1.26338135974116,0.206452159779808,0.956426112166479,"Gene0816"
50.8608218616203,-0.129920427479024,0.371676149086448,-0.349552770061676,0.726674361342103,0.983100626532256,"Gene0817"
128.187394007761,0.14355233279298,0.317404755064038,0.452269005119403,0.651075201906495,0.975663866876592,"Gene0818"
12.0579790259828,0.142644444376457,0.416022599599016,0.34287667187779,0.731691242257674,0.983100626532256,"Gene0819"
2369.91358518059,0.183116251855779,0.33026590806971,0.554450966271482,0.579270254279894,0.974750912565024,"Gene0820"
1.78558274081172,1.42493303283677,0.82631745268882,1.72443777896747,0.0846288424073355,0.884805430774937,"Gene0821"
40.3628254157195,0.24421515256612,0.385250292133043,0.633912958803888,0.526137627988681,0.971929674739245,"Gene0822"
34.8815060738021,0.01431185498351,0.308131029523574,0.046447301998889,0.962953735627388,0.995280092384691,"Gene0823"
23.1608052395331,-0.0732440950135931,0.384514392607621,-0.190484664349964,0.848929359258727,0.992123910544398,"Gene0824"
39.4723361281549,0.22846226313157,0.283682416124733,0.805345168207806,0.420620523663578,0.971929674739245,"Gene0825"
145.434851958113,-0.251139304404844,0.261187180030498,-0.961529981584545,0.336285758039185,0.968409492958178,"Gene0826"
18.3256285224996,-0.0900358405445151,0.364973350425158,-0.246691547313337,0.805146948698922,0.988014235932843,"Gene0827"
3.23548406707117,0.593307702678088,0.603385081172778,0.983298595193797,0.325460501326855,0.968409492958178,"Gene0828"
60.114281824183,-0.307831676342985,0.33477237958149,-0.91952531068368,0.357820873024296,0.968409492958178,"Gene0829"
54.6616811820405,-0.0827042496521327,0.271606741467444,-0.304499988495485,0.760747001507995,0.98639675532867,"Gene0830"
58.6857195789996,0.191602931028117,0.282005763567053,0.679429131534609,0.496865996870147,0.971929674739245,"Gene0831"
120.717185925223,0.018411965639851,0.320896807697137,0.0573765933415838,0.95424520808692,0.995080860591229,"Gene0832"
57.5047398525375,0.500817124155842,0.329449168950162,1.52016508571495,0.128469489970466,0.904635253826558,"Gene0833"
125.384907946828,0.376280099812118,0.272838937393249,1.37912903270759,0.167854973865808,0.929409787345697,"Gene0834"
2.9966749257093,0.0873798447497168,0.603476946580878,0.144794006208166,0.884873514707478,0.993324607337472,"Gene0835"
13.6791790544826,-0.456885910182086,0.33360683713308,-1.36953401227754,0.170832410524107,0.929409787345697,"Gene0836"
101.04871011685,-0.545210848384546,0.277059541018575,-1.96784722294762,0.0490856188490749,0.866666402304388,"Gene0837"
28.4489714900038,0.313388282616423,0.377926619743357,0.829230507311816,0.406973985249308,0.971929674739245,"Gene0838"
182.651273150015,-0.451802683813725,0.338027355982997,-1.3365861543953,0.181357760955417,0.930256481101684,"Gene0839"
16.3586851632907,0.292480010255995,0.371812988673483,0.786632041283646,0.431497296943329,0.971929674739245,"Gene0840"
124.137066533243,0.105804836684167,0.307226484035206,0.344387096107388,0.730555191857351,0.983100626532256,"Gene0841"
19.2876032189811,0.350099713978735,0.334909961554885,1.04535473460786,0.295859049161165,0.968409492958178,"Gene0842"
14.2152698047189,0.733751273573403,0.385933940537361,1.9012354097485,0.057271184965996,0.880959564882428,"Gene0843"
34.42909893217,-0.0399199768198247,0.338799371316587,-0.117827777143429,0.906204119874019,0.993324607337472,"Gene0844"
53.8556896570139,-0.507697595060774,0.330845350465333,-1.53454656185042,0.12489524761241,0.904458312225088,"Gene0845"
12.0724721794631,-0.521809085835792,0.478608849692877,-1.09026209225056,0.275597708516766,0.968409492958178,"Gene0846"
20.2261274855638,-0.362087902781284,0.348201831876492,-1.03987937349427,0.29839594652922,0.968409492958178,"Gene0847"
12.1273063568998,-0.224436030249155,0.401798895049768,-0.558578017546204,0.576449745907743,0.974750912565024,"Gene0848"
166.301516564918,0.0142078977646726,0.299168762192379,0.0474912476174111,0.962121705855911,0.995280092384691,"Gene0849"
138.092944533271,0.18594203191704,0.284754592120008,0.652990459373086,0.513762429220487,0.971929674739245,"Gene0850"
14.5931383203683,0.00733351576890264,0.356083032934124,0.0205949598566225,0.983568761066417,0.995280092384691,"Gene0851"
92.0707648953419,0.224421561164269,0.276043410368517,0.812993727561427,0.416221654417213,0.971929674739245,"Gene0852"
27.6099591786456,0.47488407991999,0.427034744705624,1.1120502156033,0.266116560246246,0.968409492958178,"Gene0853"
13.1973301760827,0.562479903382781,0.383616783078716,1.46625467965348,0.142578917139244,0.929409787345697,"Gene0854"
75.9798379203786,-0.103211786328917,0.316050201897508,-0.326567696237029,0.743994879695122,0.985164603922037,"Gene0855"
29.3521557008558,-0.243012476728207,0.385366472661077,-0.630600983656231,0.528301455537651,0.971929674739245,"Gene0856"
148.871769852167,0.197102934856386,0.275852452263321,0.714523047517582,0.474903809772519,0.971929674739245,"Gene0857"
39.5435406699461,0.222416670231532,0.308545779846757,0.720854682705427,0.470998927206574,0.971929674739245,"Gene0858"
260.850562933521,-0.00582887941716954,0.26588567932689,-0.0219225023022142,0.982509774845805,0.995280092384691,"Gene0859"
28.5366948320329,0.223970681127082,0.321868789392522,0.695844668722905,0.48652611182882,0.971929674739245,"Gene0860"
82.7796612689034,-0.212106875628132,0.276982488499398,-0.765777204101451,0.443808880306859,0.971929674739245,"Gene0861"
78.2401542094964,-0.635809876660257,0.300110626926054,-2.11858501370869,0.0341255533407976,0.827722666639615,"Gene0862"
70.8502584053281,-0.078278263652309,0.266514737341856,-0.293710826024237,0.768978881038536,0.987834342341721,"Gene0863"
61.6700927948654,-0.484266823850387,0.300977108178681,-1.60898224712456,0.107620223545331,0.900947872387212,"Gene0864"
51.1373202670504,-0.00363290373142986,0.338875654549482,-0.0107204624547597,0.991446472363414,0.995483761612513,"Gene0865"
56.5991171005254,0.268083414180696,0.349448043021254,0.767162442413193,0.442984939995635,0.971929674739245,"Gene0866"
331.169700526415,-0.0439755922942264,0.303585890522929,-0.144853873869033,0.884826245544643,0.993324607337472,"Gene0867"
163.082281992088,0.2838679505043,0.262387585745041,1.08186501925488,0.279312510383656,0.968409492958178,"Gene0868"
23.7324010781757,0.11547254271895,0.367849675345985,0.313912313801395,0.753587637723169,0.985695289546221,"Gene0869"
328.170152089701,-0.167886188275217,0.273633365815556,-0.61354428680449,0.539516509036813,0.971929674739245,"Gene0870"
56.5481586375544,0.349643485098301,0.289755900820275,1.2066828806885,0.227554294436528,0.95949343556764,"Gene0871"
22.9329303672962,0.182289735990944,0.392022685243672,0.464997927039953,0.641932941088565,0.975663866876592,"Gene0872"
57.6637699728389,0.372206087262463,0.262805830838861,1.41627788879114,0.156694159012657,0.929409787345697,"Gene0873"
38.4407413314193,0.540864230982748,0.307593298929156,1.75837455778683,0.0786837991948381,0.884805430774937,"Gene0874"
61.1451183958427,0.0500563584328294,0.26153511531793,0.191394407485126,0.848216601258948,0.992123910544398,"Gene0875"
16.5070257943282,0.604240274298272,0.43270722653154,1.3964182644734,0.162588578191418,0.929409787345697,"Gene0876"
20.1897066341936,0.416247295789205,0.317578004626874,1.31069308870512,0.189961474599955,0.932812699338567,"Gene0877"
239.160727546937,0.00593096333173431,0.352267762679068,0.0168365202839685,0.986567035047657,0.995280092384691,"Gene0878"
180.688675996767,-0.426646381783132,0.322137044596631,-1.32442508224214,0.185361909006702,0.932812699338567,"Gene0879"
19.7609063654551,0.245472534127598,0.350146723020165,0.701056208695294,0.483267937709785,0.971929674739245,"Gene0880"
20.638689456666,0.523826265677603,0.391903385013459,1.33662092676136,0.181346404604637,0.930256481101684,"Gene0881"
446.260424901267,0.245998758785948,0.313126655351881,0.785620625332912,0.432089777398007,0.971929674739245,"Gene0882"
618.529124674652,-0.293952458449997,0.305389986196466,-0.962547797035128,0.335774505780005,0.968409492958178,"Gene0883"
20.803044662285,-0.161399207061911,0.314256459694896,-0.51359073801891,0.60753815644677,0.974844740565644,"Gene0884"
11.1150627441211,-0.0944308479294582,0.38596287278622,-0.244663035197591,0.806717351891485,0.988014235932843,"Gene0885"
1405.90377471234,-0.343269052656781,0.293034751188586,-1.17142779572879,0.241426865023147,0.967234400368154,"Gene0886"
53.2604389562094,0.152555788799389,0.295298107758063,0.516616208473565,0.605424098760792,0.974750912565024,"Gene0887"
68.728492404598,-0.454867606584486,0.279491803501562,-1.62748102407928,0.103634975588887,0.897689379140202,"Gene0888"
62.1708240872608,0.503290032339246,0.313286872209456,1.60648299365305,0.108167828600766,0.900947872387212,"Gene0889"
253.034533709571,0.227411183520371,0.356397306654937,0.638083339222734,0.52341943137097,0.971929674739245,"Gene0890"
35.2670616084595,0.080110478429085,0.354511581826778,0.225974220690563,0.821221470661138,0.989163799661803,"Gene0891"
327.162320262971,-0.470528944127651,0.271310373408901,-1.73428291080674,0.0828678981251121,0.884805430774937,"Gene0892"
38.7980738764549,0.118698017188251,0.339796842717337,0.349320541765573,0.726848678533699,0.983100626532256,"Gene0893"
113.308129643419,-0.0248208109484466,0.259867412084904,-0.09551336487061,0.923907075160875,0.993667447874791,"Gene0894"
14.0935512907325,0.241363299561911,0.340489812198385,0.708870841108402,0.478404631443243,0.971929674739245,"Gene0895"
74.6405950483405,0.21697544840621,0.298588191252224,0.726671230688177,0.467427381321726,0.971929674739245,"Gene0896"
209.582638674811,0.0745911287861726,0.259321593995497,0.287639481297759,0.773622719764278,0.987834342341721,"Gene0897"
37.2632813033761,0.324718649454278,0.345571881560874,0.939655877056875,0.347394104539368,0.968409492958178,"Gene0898"
259.150901489744,0.642527010370494,0.26921156849959,2.38669910788575,0.0170003988711861,0.7636808391798,"Gene0899"
1476.34148302088,-0.526472510881001,0.313755915951155,-1.67796839554401,0.0933532689677501,0.884805430774937,"Gene0900"
156.458788602046,-0.215963521884339,0.312078077329107,-0.692017599354125,0.488926276754418,0.971929674739245,"Gene0901"
34.6532001656527,-0.169348745079344,0.32031188117607,-0.528699542638121,0.597013894516355,0.974750912565024,"Gene0902"
67.85806402272,0.0423628420888715,0.27882231644521,0.151934904741371,0.879238277866013,0.993324607337472,"Gene0903"
26.6177354603919,0.0838077336587299,0.351023151770131,0.238752723961671,0.811297330923702,0.988482483662903,"Gene0904"
758.443455355899,0.130052790228223,0.288903985075298,0.450159211872161,0.652595644343366,0.975663866876592,"Gene0905"
1.13215885928712,0.425068749298498,0.94587016549807,0.449394393441586,0.653147175042429,0.975663866876592,"Gene0906"
54.0849661193,0.161464444517532,0.299131472229428,0.53977752094802,0.589350471211045,0.974750912565024,"Gene0907"
63.0712638492011,-0.432103295614616,0.365918312082366,-1.18087365771777,0.237652917404584,0.967234400368154,"Gene0908"
74.5683959655981,0.348194202260525,0.34130714492554,1.02017847395632,0.307643824694579,0.968409492958178,"Gene0909"
8.58055759409252,-0.208804055310382,0.413594302885199,-0.504852348917242,0.613662544611313,0.974844740565644,"Gene0910"
77.5588483281218,-0.117999852052724,0.321209528957677,-0.367360994661749,0.713349762420383,0.983100626532256,"Gene0911"
73.8871082427493,0.376599059758678,0.342020267904996,1.10110158694831,0.270852446441059,0.968409492958178,"Gene0912"
186.240514755563,0.227282702970903,0.365335439666985,0.622120600120479,0.533862570287201,0.971929674739245,"Gene0913"
89.8586002626362,0.0230830491343487,0.317714549506469,0.0726534216648418,0.942081914666128,0.993667447874791,"Gene0914"
168.152915010055,0.305390999494322,0.276799888309013,1.10329162833111,0.269900540976211,0.968409492958178,"Gene0915"
17.6339437458226,-0.607465773568233,0.338884073374461,-1.79254742637903,0.0730453192957079,0.881272202192133,"Gene0916"
42.9210893238455,0.0475582457999399,0.363322835467422,0.130898036559566,0.895855967917661,0.993324607337472,"Gene0917"
65.3683567390155,0.422562694551727,0.265031835094,1.59438466855069,0.110849904187914,0.902314116979042,"Gene0918"
62.9479083919878,0.271741290034841,0.281954807380509,0.963776048223625,0.335158217502584,0.968409492958178,"Gene0919"
26.1200378616442,0.24296974324612,0.348932605504101,0.696322841183336,0.48622667190512,0.971929674739245,"Gene0920"
310.687454541547,0.569133773947965,0.288535404395811,1.97249198981221,0.048553469831658,0.866666402304388,"Gene0921"
28.8168874672807,-0.267962380205021,0.355382012047327,-0.754012220993718,0.450841883487842,0.971929674739245,"Gene0922"
6.95804292330701,0.144543921049332,0.461499432368244,0.313204981223024,0.754124934220671,0.985695289546221,"Gene0923"
85.1218277608343,0.300870121616977,0.30966705997753,0.971592269577557,0.331253429845022,0.968409492958178,"Gene0924"
135.31996792793,0.521648925390139,0.329721218366582,1.58209085837531,0.113628830227396,0.902314116979042,"Gene0925"
141.219472768546,-0.505136243148245,0.324403121321747,-1.55712510129409,0.119440786497062,0.902314116979042,"Gene0926"
13.8526710183114,-0.0423949144838338,0.354442283566526,-0.119610205806262,0.904791934706377,0.993324607337472,"Gene0927"
37.913760125357,0.154724505853134,0.274332781331698,0.564002978798423,0.572752104893101,0.974750912565024,"Gene0928"
10.523934958202,-0.435431115057779,0.445934115958026,-0.976447191357667,0.328842905318386,0.968409492958178,"Gene0929"
125.947632765765,-0.652066804701646,0.266999471067025,-2.44220260847617,0.014597951374362,0.745692502351214,"Gene0930"
95.8835216622968,0.0347994467774401,0.313147218823393,0.111128072311145,0.911514788122638,0.993667447874791,"Gene0931"
156.667175437616,-0.221659696933138,0.266082421306527,-0.833049007314111,0.404817090681005,0.971929674739245,"Gene0932"
112.18286329416,-0.0834492579126451,0.290803008216873,-0.286961467229428,0.774141824614339,0.987834342341721,"Gene0933"
26.5428641303294,-0.437658934158415,0.359770695541064,-1.21649411578732,0.223796751207389,0.956527096344285,"Gene0934"
63.8763567667222,-0.107258809286967,0.314123277060498,-0.341454508849754,0.732761445845258,0.983100626532256,"Gene0935"
4.45209495821586,1.04778936663576,0.544511467142087,1.92427419781473,0.0543202230018304,0.880959564882428,"Gene0936"
109.241482192443,-0.00617856234382536,0.326112317829719,-0.0189461176595345,0.984884089560594,0.995280092384691,"Gene0937"
184.291370584475,-0.0296167416867493,0.333338790673219,-0.088848770426432,0.929202097727715,0.993667447874791,"Gene0938"
18.0417550969454,0.0968653790388092,0.380083658182494,0.254852785573591,0.798836803974883,0.988014235932843,"Gene0939"
5.26983609569941,0.140669006170339,0.485132640938749,0.289959887873427,0.77184692472647,0.987834342341721,"Gene0940"
6.31936398637867,0.0819406316057122,0.472626497909185,0.173372910677254,0.862358316795369,0.993324607337472,"Gene0941"
14.1025493287426,0.142146602687369,0.348057266434984,0.408400043312761,0.682980001628185,0.979395282105267,"Gene0942"
242.066904135669,-0.254166394355047,0.394456923367846,-0.644345121857646,0.519351662130034,0.971929674739245,"Gene0943"
54.9800824288793,-0.0478155344367691,0.295741134976873,-0.161680364283813,0.87155756811118,0.993324607337472,"Gene0944"
10.438578619046,0.16363951233941,0.408620217859533,0.400468467264297,0.68881150410811,0.980588080757813,"Gene0945"
98.202377758959,-0.240378958145023,0.286856673031151,-0.837975828154849,0.402044279251297,0.971929674739245,"Gene0946"
3.24307304871994,0.298015272578996,0.602814847723191,0.494372813981918,0.621042910010179,0.974844740565644,"Gene0947"
37.2723006120969,-0.0184381481395342,0.355908763129611,-0.051805827924556,0.958683411777055,0.995137824442022,"Gene0948"
182.90630439568,-0.392280801431542,0.345620151081635,-1.13500558403172,0.256372978721128,0.968409492958178,"Gene0949"
30.5051278993084,0.0769946202669471,0.375180710200166,0.205220093074265,0.837400171523362,0.990969518481345,"Gene0950"
247.197508119683,-0.212485112268102,0.305825677888863,-0.694791600675594,0.487185912714832,0.971929674739245,"Gene0951"
473.514185442147,0.277895241404556,0.305586520534527,0.909383178677077,0.363147897889749,0.968409492958178,"Gene0952"
16.3353391975328,0.205951047754387,0.366362220760915,0.562151433973288,0.574012847491137,0.974750912565024,"Gene0953"
10.8677196169824,-0.074814038547983,0.392951004668985,-0.190390246262393,0.849003340243321,0.992123910544398,"Gene0954"
17.7683755418881,0.182214945413233,0.345137665343297,0.527948594749837,0.597535015239512,0.974750912565024,"Gene0955"
102.617973212025,0.0714338777810455,0.306050892489916,0.233405226169694,0.815446755341451,0.988493764049844,"Gene0956"
143.763228251724,-0.48136712801349,0.276401351364413,-1.74155128271731,0.0815869923081403,0.884805430774937,"Gene0957"
229.973161650743,0.284897777518621,0.277038622998854,1.02836844348522,0.303776546684931,0.968409492958178,"Gene0958"
219.422540932403,0.260624559052863,0.291675485684589,0.893542899024075,0.371566509513326,0.968409492958178,"Gene0959"
201.571076698884,-0.0843697062178925,0.293504523625514,-0.287456238069914,0.77376300547649,0.987834342341721,"Gene0960"
151.301252366717,-0.310944333207604,0.256200306354074,-1.21367666429669,0.224871218827714,0.956527096344285,"Gene0961"
59.3651269936339,0.287518975887274,0.301113840601237,0.954851412054594,0.339652843803418,0.968409492958178,"Gene0962"
24.7905287017376,-0.0270553691531869,0.341227382380287,-0.0792883881840248,0.936803242110749,0.993667447874791,"Gene0963"
28.5163575685441,-0.137166973355597,0.333149306918232,-0.411728226675443,0.68053863351468,0.978688851838128,"Gene0964"
88.7485478539617,-0.312647116339665,0.255721798088987,-1.22260643666704,0.221478380823221,0.956527096344285,"Gene0965"
393.433433682204,0.136861325156525,0.291907382714176,0.468851879948972,0.639175513858858,0.97558828300122,"Gene0966"
475.172785708499,-0.0212545804451172,0.299848795899338,-0.0708843281540225,0.943489816319075,0.993667447874791,"Gene0967"
5.91957523772659,-0.425203706439902,0.511529411971184,-0.831239996154619,0.405838064345285,0.971929674739245,"Gene0968"
17.1442278627184,-0.0751455502033583,0.354322837547008,-0.212082152885188,0.832042942940815,0.989424480233546,"Gene0969"
335.820205001239,-0.568122704548889,0.286057815236722,-1.98604154226218,0.0470287113628833,0.866666402304388,"Gene0970"
14.4127689746,-0.0565378150010838,0.346510896663048,-0.163163166138645,0.87038996667918,0.993324607337472,"Gene0971"
8.01609291108594,0.0956381875682029,0.414037705073969,0.230989077555429,0.817323287448035,0.988493764049844,"Gene0972"
106.466687544367,0.219913498442938,0.366756109391598,0.599617819067137,0.548760968878275,0.97254944614089,"Gene0973"
451.998270903771,-0.246693259767736,0.257692468216565,-0.957316531115743,0.338407513931432,0.968409492958178,"Gene0974"
559.852405417627,0.12487259062203,0.237169890904635,0.526511144166443,0.598533111088609,0.974750912565024,"Gene0975"
99.6704698789374,0.27808009910316,0.306801076137989,0.906385670492527,0.364731754642973,0.968409492958178,"Gene0976"
137.335197495116,0.427690417087283,0.29130869857328,1.46816905633766,0.14205830732305,0.929409787345697,"Gene0977"
103.060067111083,-0.467377213247571,0.256694795186113,-1.82075064244565,0.0686447702058618,0.880988181129152,"Gene0978"
50.352141398217,-0.0189310320616374,0.327018105298811,-0.0578898591695384,0.953836360787149,0.995080860591229,"Gene0979"
0.890215717482668,-0.255786716513935,1.02947804377693,-0.248462527258484,0.80377656007776,0.988014235932843,"Gene0980"
148.308298001768,0.038679771387533,0.267612301697109,0.144536596943559,0.885076759658615,0.993324607337472,"Gene0981"
40.8986803829508,0.193782358616032,0.362903926428226,0.533977023955837,0.593357430408883,0.974750912565024,"Gene0982"
176.003570046066,0.228689985724652,0.279478041060705,0.818275328024711,0.413199990678191,0.971929674739245,"Gene0983"
24.904048134962,-0.0646303651002186,0.421634717687046,-0.153285207287389,0.878173365687727,0.993324607337472,"Gene0984"
7.6239219998273,1.17428262197385,0.470126344911431,2.4978022071813,0.0124965897904471,0.745692502351214,"Gene0985"
193.492966165637,-0.194571835761147,0.284971305890967,-0.682776938375656,0.494747804261399,0.971929674739245,"Gene0986"
59.6761211924945,0.0123681489612145,0.275493821189456,0.0448944695304398,0.964191425077149,0.995280092384691,"Gene0987"
2515.9216748829,0.216485552697678,0.278507187867677,0.77730687798454,0.436977738090719,0.971929674739245,"Gene0988"
147.82309441302,-0.211104877366058,0.310879339007382,-0.679057276820334,0.497101571132777,0.971929674739245,"Gene0989"
168.170846032924,0.0452289192791975,0.35395295703943,0.127782289650879,0.898321265966019,0.993324607337472,"Gene0990"
122.412279016668,-0.0752980324679512,0.25836924705032,-0.291435739073413,0.770718084380843,0.987834342341721,"Gene0991"
24.4321705134121,-0.435364417743943,0.335484610633485,-1.29771799940945,0.194384256223933,0.935403690123011,"Gene0992"
40.0919457044333,0.0847009942795727,0.290173837663427,0.291897419014795,0.770365056927295,0.987834342341721,"Gene0993"
193.612730728443,-0.109855596017843,0.26191211395542,-0.419436865133093,0.67489688662127,0.978688851838128,"Gene0994"
227.43691643056,-0.29113404052303,0.281385629886139,-1.03464430874041,0.300835053274251,0.968409492958178,"Gene0995"
107.088172453342,-0.124392564391171,0.34727511916199,-0.358196016723983,0.72019662794614,0.983100626532256,"Gene0996"
15.8865529190593,-0.0486096680039603,0.35365740248251,-0.137448467535935,0.890676322994231,0.993324607337472,"Gene0997"
414.865571117227,-0.181889065353952,0.259923768184376,-0.699778502845226,0.484065641884825,0.971929674739245,"Gene0998"
9.5453555118261,-0.0416970131722047,0.397950139467763,-0.10477949128997,0.916550784036383,0.993667447874791,"Gene0999"
37.6900256539344,-0.13321757670462,0.296649807422565,-0.449073531724419,0.653378613341205,0.975663866876592,"Gene1000"
722.20389781993,-0.174559602475933,0.294192304197739,-0.593352035336056,0.55294558150195,0.97254944614089,"Gene1001"
88.6021425690893,-0.0758978326794252,0.338459996039967,-0.224244618470251,0.822566966845392,0.989279079278785,"Gene1002"
177.793784158198,-0.510439457836321,0.300763250357632,-1.69714703252264,0.0896688661698943,0.884805430774937,"Gene1003"
81.3567869788305,0.432275312792686,0.290088907431835,1.49014768134236,0.13618540933715,0.922774934515247,"Gene1004"
13.225661683158,0.495746285206373,0.453401320216507,1.09339400460865,0.274220844753916,0.968409492958178,"Gene1005"
24.1326247821247,0.0855200324557736,0.369350520459979,0.231541659530544,0.816894024959329,0.988493764049844,"Gene1006"
62.4311129874238,-0.165753253307411,0.337680036953214,-0.490858905379639,0.623526244091557,0.97558828300122,"Gene1007"
2.18636745658131,-0.531608138071779,0.711501867464217,-0.747163377049765,0.454964947761748,0.971929674739245,"Gene1008"
22.763443993775,0.599998961784856,0.326359391610976,1.83846084166029,0.0659945269252432,0.880988181129152,"Gene1009"
126.032531352586,0.466271696794617,0.339270405803871,1.37433648446238,0.169337244645735,0.929409787345697,"Gene1010"
32.4587420583017,-0.480265618161618,0.296029478799573,-1.62235740882678,0.104726843058874,0.897689379140202,"Gene1011"
42.5838960136333,0.00596570975589396,0.335372809545908,0.017788292867187,0.985807744222396,0.995280092384691,"Gene1012"
145.460982316451,0.0177331502849058,0.26749592011206,0.0662931616956138,0.947144427426551,0.994341115772533,"Gene1013"
28.2058075270809,0.477225859498085,0.301682024192392,1.58188364313594,0.113676135647367,0.902314116979042,"Gene1014"
101.87580523658,0.414093992927015,0.304192040585353,1.3612913478281,0.173421636158052,0.929409787345697,"Gene1015"
9.87432734551353,0.339890915235689,0.455266288035304,0.746576068046866,0.455319498882742,0.971929674739245,"Gene1016"
11.6648181187599,-0.23537043722073,0.446054566098115,-0.52767184804237,0.597727115899329,0.974750912565024,"Gene1017"
8.92261942921493,0.113904801006902,0.434098525149163,0.262393890805693,0.793017782159905,0.988014235932843,"Gene1018"
66.992694005362,-0.135546542800739,0.342025685829296,-0.39630515606477,0.691879923991087,0.980588080757813,"Gene1019"
41.4598536620715,-0.287799122803342,0.291456014575227,-0.987453023478639,0.323420601493011,0.968409492958178,"Gene1020"
260.275540000498,-0.489169047940279,0.301084571405683,-1.62468985261012,0.10422866061685,0.897689379140202,"Gene1021"
45.3368673310596,-0.00411732583195658,0.38273758603241,-0.0107575685854065,0.991416867661814,0.995483761612513,"Gene1022"
253.222306624116,-0.0830947606868578,0.242751354839443,-0.342304003789462,0.732122122788882,0.983100626532256,"Gene1023"
530.39542897217,0.131618026033979,0.303854335684681,0.433161586249548,0.664897383759414,0.978335395417781,"Gene1024"
31.1418708168493,0.360270591048247,0.305903368284027,1.17772678695627,0.238905544286051,0.967234400368154,"Gene1025"
85.2015908489803,0.0951546157065457,0.337894067339751,0.281610791381158,0.77824196465305,0.987834342341721,"Gene1026"
18.1437149910831,-0.483517065146209,0.379154111929223,-1.27525206751936,0.202220037406706,0.946816229220249,"Gene1027"
121.55235786719,0.197083549919208,0.3265921471716,0.603454650168471,0.546206275706753,0.97254944614089,"Gene1028"
14.2593449944314,0.202278560219778,0.367458895315058,0.550479421776808,0.581990587434046,0.974750912565024,"Gene1029"
13.1408234670921,-0.381124550686993,0.374466936682461,-1.01777891010489,0.308783036769859,0.968409492958178,"Gene1030"
55.9584798521397,-0.0267382085064827,0.322864030203281,-0.0828156933110442,0.933998090535663,0.993667447874791,"Gene1031"
68.3012302850343,-0.1870946731205,0.280201444696371,-0.667714876785299,0.504315611892875,0.971929674739245,"Gene1032"
74.825575945813,0.383535288428928,0.349994520367445,1.09583226624883,0.273152185230568,0.968409492958178,"Gene1033"
41.3337916385079,0.630622267845078,0.3383678277565,1.86371816737522,0.0623612927585098,0.880988181129152,"Gene1034"
22.0383874412945,0.180256165571214,0.33157503369988,0.543636122297345,0.586691897336009,0.974750912565024,"Gene1035"
44.1076938794866,-0.232865053493852,0.296870903577715,-0.784398372112248,0.432806393305656,0.971929674739245,"Gene1036"
335.029577698854,0.131656911381609,0.278719041416759,0.472364251514294,0.636666816242938,0.97558828300122,"Gene1037"
44.9134571732633,-0.0829135645637541,0.282066376644013,-0.293950542954634,0.768795695560606,0.987834342341721,"Gene1038"
9.0077982520608,-0.0142177784773392,0.418877893051513,-0.0339425372243046,0.972922972915734,0.995280092384691,"Gene1039"
24.18190313242,-0.712477863624758,0.352441116805557,-2.02155148662134,0.0432227082253235,0.855467264776451,"Gene1040"
12.135020217571,0.00740667284972009,0.370306500065631,0.0200014659435019,0.984042203146433,0.995280092384691,"Gene1041"
13.0370101691769,-0.296486638077454,0.373366989079205,-0.794089051120045,0.427143591150302,0.971929674739245,"Gene1042"
12.6280163291447,-0.101350730388949,0.470878896925458,-0.215237359437226,0.829582264827462,0.989424480233546,"Gene1043"
2.43023562111363,-0.575212054799213,0.670837289260251,-0.857453907241075,0.391194077932369,0.971929674739245,"Gene1044"
102.980453738782,0.272240078014888,0.304145877451535,0.895097051112484,0.370735210200898,0.968409492958178,"Gene1045"
106.498030761381,-0.159729328293505,0.29180580347718,-0.547382287775494,0.584116121284582,0.974750912565024,"Gene1046"
39.5554664617247,0.425302505609863,0.264373421607053,1.60871884558049,0.107677833090174,0.900947872387212,"Gene1047"
25.2214683458359,-0.555473982561309,0.348972244969274,-1.59174258288139,0.111442556049917,0.902314116979042,"Gene1048"
20.9080624557259,0.413124693319995,0.331827970960948,1.24499659303469,0.21313300258327,0.956527096344285,"Gene1049"
91.4198829707213,-0.628896749528056,0.278222747694052,-2.26040737049877,0.0237959794852975,0.806240050696774,"Gene1050"
68.2254822255835,0.0902026123461924,0.302218289266227,0.298468410251413,0.765345682937199,0.987834342341721,"Gene1051"
76.8031011768388,0.0878957406718235,0.252130628507548,0.348611912769622,0.727380683075616,0.983100626532256,"Gene1052"
51.2937216275807,-0.132013137791082,0.32772656171865,-0.402814886589553,0.687084408926633,0.980098398362699,"Gene1053"
99.0937591622023,-0.155503608425914,0.265241980871338,-0.586270725000144,0.557693600694677,0.974750912565024,"Gene1054"
110.492648430625,-0.263026693154399,0.340109316876025,-0.773359270396807,0.439309787420832,0.971929674739245,"Gene1055"
92.2685536279625,0.328194084067207,0.305303335275899,1.07497706754701,0.282384995604121,0.968409492958178,"Gene1056"
114.837677559816,-0.12435072135159,0.31133515080199,-0.399411120238964,0.689590301506122,0.980588080757813,"Gene1057"
340.055426529786,0.472367675713323,0.223389393693836,2.11454835837337,0.0344684590408849,0.827722666639615,"Gene1058"
15.8888308343698,-0.0236971979078197,0.421580083355128,-0.0562104303391813,0.955174172092523,0.995080860591229,"Gene1059"
321.732565194462,0.152941851573657,0.302859218931113,0.504993218015412,0.613563599405972,0.974844740565644,"Gene1060"
33.3927415484507,-0.664852125095197,0.3722934088684,-1.78582835273942,0.0741270545078037,0.881272202192133,"Gene1061"
49.6001167220873,-0.450240735656484,0.343423963844415,-1.31103470653685,0.189846038257209,0.932812699338567,"Gene1062"
46.8846272726341,0.0542363563114185,0.326774719478878,0.165974762055986,0.868176811635176,0.993324607337472,"Gene1063"
29.7439602453329,0.0142742333889268,0.346605998295574,0.041182880443847,0.96715010152042,0.995280092384691,"Gene1064"
3.00213470160603,-0.540482184292799,0.605943713526566,-0.89196764027341,0.372410277419866,0.968409492958178,"Gene1065"
35.7236930928232,-0.0796213994786655,0.308610448349476,-0.257999688294742,0.796407147788253,0.988014235932843,"Gene1066"
43.201600791292,-0.191550545666507,0.307772782107158,-0.62237649591709,0.533694331834386,0.971929674739245,"Gene1067"
6.2306286085453,-0.485427225103784,0.483434095894214,-1.00412285609662,0.315319399902135,0.968409492958178,"Gene1068"
114.382679648344,0.21263266530811,0.296744350906597,0.716551687196357,0.473650764055765,0.971929674739245,"Gene1069"
25.3945912900302,0.695347962180297,0.318261425733175,2.1848326751457,0.0289011173128156,0.809562793491777,"Gene1070"
279.242203535187,-0.232206367073078,0.294006766986971,-0.78979939629542,0.429644931689938,0.971929674739245,"Gene1071"
74.8259100173401,0.29755508659361,0.312485036052445,0.952221873893736,0.340984469844805,0.968409492958178,"Gene1072"
22.9932498108608,-0.461431887624964,0.39504135460372,-1.16805970374378,0.242782683086418,0.967234400368154,"Gene1073"
52.7739663259703,0.218522302604536,0.319625961788934,0.683681329831517,0.494176415456386,0.971929674739245,"Gene1074"
76.9846828750005,-0.388056385057627,0.276097205305704,-1.40550638543392,0.159870751870216,0.929409787345697,"Gene1075"
151.843741603262,-0.147194685171476,0.265642890441639,-0.554107376737097,0.57950536197234,0.974750912565024,"Gene1076"
36.925750571979,-0.311896836978843,0.316270943390524,-0.986169749377578,0.324049821061884,0.968409492958178,"Gene1077"
6.16834070234887,0.163403922363397,0.481135117477368,0.339621691345535,0.734141440778303,0.983100626532256,"Gene1078"
11.0762461070645,0.282667451299882,0.412970091559359,0.68447438949523,0.493675656013852,0.971929674739245,"Gene1079"
18.631585354237,0.00888028982910352,0.315210155207782,0.0281726006677981,0.97752449004707,0.995280092384691,"Gene1080"
92.095379441258,0.178883984810189,0.262128339644663,0.682429015697736,0.494967713629377,0.971929674739245,"Gene1081"
40.7917782981595,0.163498602859203,0.359439172310702,0.454871409279436,0.649201752842047,0.975663866876592,"Gene1082"
37.4237966333549,0.38046731721733,0.36095492712966,1.05405769147642,0.291856504837196,0.968409492958178,"Gene1083"
15.4571092458944,0.144268476020745,0.380331456886396,0.379323017879737,0.704448008837818,0.983100626532256,"Gene1084"
60.6473552824026,0.273396650462798,0.325611567569149,0.839640472553966,0.401109999547544,0.971929674739245,"Gene1085"
14.0364114725784,0.128183702818165,0.410526297524429,0.312242366910824,0.754856336329795,0.985695289546221,"Gene1086"
31.8363848061204,-0.595722156533935,0.341834387022341,-1.74272156093822,0.0813822635642237,0.884805430774937,"Gene1087"
15.2965382978717,0.0839736698665211,0.392689310230441,0.213842515390203,0.830669869241655,0.989424480233546,"Gene1088"
10.3597375415598,0.141903837897781,0.450305021230226,0.315128260195949,0.752664272299758,0.985695289546221,"Gene1089"
176.778239031121,-0.330922878472671,0.264172393986794,-1.2526777437964,0.210323008827747,0.956527096344285,"Gene1090"
10.2111284733039,0.145344843916379,0.391200630881745,0.371535300412936,0.710238868525517,0.983100626532256,"Gene1091"
48.9796721039942,0.178265632534298,0.351328045670239,0.507405072641483,0.611870627200568,0.974844740565644,"Gene1092"
28.7681985052764,-0.610164764983754,0.309058596062521,-1.97426886926103,0.0483511787103654,0.866666402304388,"Gene1093"
15.6769153648426,0.203644047277767,0.400897806026739,0.507969971938896,0.611474401972257,0.974844740565644,"Gene1094"
63.5923728480548,-0.124633199536142,0.346655148511884,-0.359530790386833,0.719198048088764,0.983100626532256,"Gene1095"
95.6228397397922,0.050659275261655,0.353368393948354,0.143361081888549,0.886005017584931,0.993324607337472,"Gene1096"
242.933031252408,0.420181025290015,0.33451670738122,1.25608382486909,0.209085579959786,0.956527096344285,"Gene1097"
81.9536601649345,0.441108144905009,0.366903858068763,1.20224449867284,0.229268813353843,0.95949343556764,"Gene1098"
45.3645176401905,0.221809974960546,0.298939175362657,0.741990321915682,0.458093199370772,0.971929674739245,"Gene1099"
1228.90701616597,0.673672023534875,0.335847253534819,2.00588814243506,0.0448681836407635,0.8599581518489,"Gene1100"
24.1769464242869,-0.183623600191634,0.345197355969791,-0.531938026222029,0.594768919219985,0.974750912565024,"Gene1101"
15.7645936999964,-0.0963843747128292,0.395061891424972,-0.243972847811705,0.807251848900659,0.988014235932843,"Gene1102"
32.6324741218914,0.328371471555149,0.354228486727565,0.927004698545597,0.353924094778242,0.968409492958178,"Gene1103"
45.6876699523868,0.169805902835579,0.383673921981883,0.442578692756704,0.65807049934415,0.976315171363787,"Gene1104"
74.9241352098714,-0.207531284796687,0.303797102636644,-0.683124634815573,0.494528090073411,0.971929674739245,"Gene1105"
80.1469415796002,0.441704053935578,0.274699116912905,1.60795585693719,0.107844847035692,0.900947872387212,"Gene1106"
41.8974722336035,-0.139309213283437,0.332330486417926,-0.419188786394538,0.675078166696499,0.978688851838128,"Gene1107"
20.1852217780692,0.370723766930641,0.30329435276963,1.22232334214356,0.221585375522439,0.956527096344285,"Gene1108"
173.398211628038,0.0890214973214524,0.274104301724558,0.324772346735764,0.74535337508598,0.985164603922037,"Gene1109"
139.671759967938,0.299909301410644,0.245057515163912,1.22383229590018,0.221015498360652,0.956527096344285,"Gene1110"
19.7985969168869,-0.107271844974404,0.414333884695619,-0.25890193618417,0.795710904251111,0.988014235932843,"Gene1111"
108.09729039959,0.0755859173064891,0.313081794140908,0.241425463636095,0.809225379205684,0.988476341602299,"Gene1112"
71.9404001532241,-0.496282829727084,0.290484589351937,-1.70846526087417,0.0875500469661734,0.884805430774937,"Gene1113"
205.096711039224,-0.144290069440587,0.296339876497491,-0.486907368478329,0.626323976915997,0.97558828300122,"Gene1114"
64.7357762171871,0.0282131300335367,0.323262711213127,0.0872761659631562,0.930451998523358,0.993667447874791,"Gene1115"
13.3794794911574,0.45175935735252,0.393264295351201,1.14874236662924,0.250662230540834,0.968409492958178,"Gene1116"
155.75847717373,-0.186967702370616,0.338738174846526,-0.551953444442234,0.580980250395487,0.974750912565024,"Gene1117"
20.4954947650498,-0.0247341513857396,0.343887852225072,-0.071925051221499,0.942661553684715,0.993667447874791,"Gene1118"
114.987175688371,-0.360696561727738,0.363347930840242,-0.992702946989753,0.320854738366862,0.968409492958178,"Gene1119"
410.032644518274,-0.34360421162026,0.33317551272386,-1.03130091647834,0.302399728702306,0.968409492958178,"Gene1120"
9.41585488401611,0.512843925096336,0.391860699680267,1.30874039043666,0.190622304992399,0.932812699338567,"Gene1121"
301.835228460365,-0.443119331313383,0.241981675301278,-1.83121027971097,0.0670691629686924,0.880988181129152,"Gene1122"
319.429821856068,-0.0746348021335298,0.342334407125849,-0.218017238641433,0.827415679985729,0.989279079278785,"Gene1123"
28.2228751003247,-0.0432841940269565,0.350517695486941,-0.123486473248735,0.901721885092385,0.993324607337472,"Gene1124"
37.8406149601218,-0.232137923204494,0.322427588583731,-0.719969169586772,0.471543978132331,0.971929674739245,"Gene1125"
26.3527092895429,-0.10640218574469,0.348922024719069,-0.304945455450566,0.760407695037931,0.98639675532867,"Gene1126"
25.4157209887382,-0.0667181060265877,0.321480245458969,-0.207534077035856,0.835592782309235,0.990393304503689,"Gene1127"
125.329629899118,0.114428523294236,0.36726014999882,0.311573480799928,0.755364690892326,0.985695289546221,"Gene1128"
15.8991920881922,-0.046136256693082,0.370284256919967,-0.124596862628847,0.90084271230173,0.993324607337472,"Gene1129"
45.4874077631008,0.139375407998487,0.283787358150796,0.491126204164552,0.623337188921405,0.97558828300122,"Gene1130"
43.6312040439785,0.0192536913815358,0.278556162305868,0.0691196031068032,0.944894417321299,0.993667447874791,"Gene1131"
42.7293473867886,0.693377140693582,0.309793157599513,2.23819385187955,0.0252084164194166,0.809562793491777,"Gene1132"
57.3764102643537,-0.660642537876611,0.345417919807311,-1.91258906962657,0.0558006800673901,0.880959564882428,"Gene1133"
366.674590209891,-0.346550602907892,0.234420178920136,-1.47833093765344,0.139319220741321,0.925479262652286,"Gene1134"
32.948256232225,-0.924900532713152,0.298445654885694,-3.09905846365025,0.00194136706966023,0.646798795375135,"Gene1135"
19.651848816256,0.0424965071020635,0.320945026379362,0.132410548876467,0.894659571346762,0.993324607337472,"Gene1136"
131.400945990533,0.273692785409812,0.360258052618035,0.759713165107224,0.447426057631158,0.971929674739245,"Gene1137"
71.66279265261,-0.10543701369721,0.397186905079431,-0.265459440754031,0.790655550897867,0.988014235932843,"Gene1138"
77.3732068806883,-0.149232099005474,0.348700554166001,-0.427966337370461,0.66867562869653,0.978688851838128,"Gene1139"
103.780955032068,0.0671583799686645,0.319408394268758,0.210258656859706,0.833465801042895,0.989424480233546,"Gene1140"
8.84072473615131,0.0339429855113829,0.444855409696946,0.0763011638646955,0.939179499915163,0.993667447874791,"Gene1141"
157.608577857911,-0.795786537929519,0.356654052555571,-2.23125612123957,0.0256641684082526,0.809562793491777,"Gene1142"
93.2577982624628,-0.236610308312587,0.293946192285904,-0.804944287498884,0.420851830130453,0.971929674739245,"Gene1143"
157.891037448983,-0.252005886272634,0.326734805063676,-0.771285710512297,0.440537600302476,0.971929674739245,"Gene1144"
24.5597067005167,-0.0418712026413982,0.33770233796105,-0.123988489076518,0.901324389119263,0.993324607337472,"Gene1145"
3.56333267728011,0.140719644257478,0.574902068825129,0.24477150437996,0.806633359058382,0.988014235932843,"Gene1146"
30.9101225725048,0.412704831930727,0.384758989778043,1.07263207071213,0.283436229494831,0.968409492958178,"Gene1147"
17.8335804307467,0.192280386334351,0.327083850426283,0.587862672167261,0.556624473270617,0.974750912565024,"Gene1148"
748.921688483381,-0.15608973645538,0.323630695860243,-0.482308194037274,0.629587027240327,0.97558828300122,"Gene1149"
32.3138797068198,-0.244140958055934,0.347006666596126,-0.703562731087483,0.481705127667078,0.971929674739245,"Gene1150"
44.7322858477223,0.314760076421235,0.279074466116735,1.1278712839661,0.25937428291028,0.968409492958178,"Gene1151"
180.886444749412,0.107554638046784,0.282173126385472,0.381165419345623,0.703080507055521,0.983100626532256,"Gene1152"
107.625388293077,0.197936533721573,0.338729074669131,0.584350587309096,0.558984463920408,0.974750912565024,"Gene1153"
123.327957094477,0.366566678113617,0.281186897870116,1.30364067774929,0.192356124459171,0.933047627279128,"Gene1154"
1284.13291087849,-0.330640642114891,0.270390120111384,-1.22282811952851,0.221394622320896,0.956527096344285,"Gene1155"
67.6777317066088,0.281757176522812,0.288476471193521,0.976707650912018,0.328713906337397,0.968409492958178,"Gene1156"
523.971460052827,0.186019412717194,0.317699299625326,0.585520373940306,0.558197871285878,0.974750912565024,"Gene1157"
78.1135118602603,0.0555253875344579,0.341380879110317,0.162649377666272,0.87079450685686,0.993324607337472,"Gene1158"
10.7739768841008,-0.0993367623565853,0.358518234849931,-0.277075899356042,0.781721827144597,0.987834342341721,"Gene1159"
3.7246620176303,-0.239417502617152,0.59337926363372,-0.403481411114728,0.68659410701243,0.980098398362699,"Gene1160"
117.09756380686,0.44725698300952,0.29314065446943,1.52574191327721,0.127074151867279,0.904635253826558,"Gene1161"
14.1090882865529,-0.254520782169309,0.450030317383579,-0.565563635021441,0.571690454284452,0.974750912565024,"Gene1162"
61.8070469657374,0.101770922480747,0.30844505119147,0.329948307121878,0.741439021660479,0.985164603922037,"Gene1163"
446.325011309366,-0.826358162697345,0.257312063962947,-3.21150182377901,0.00132043132436543,0.5279084434813,"Gene1164"
86.3475578479324,0.374016716510217,0.255891653745364,1.46162139732153,0.143844987530501,0.929409787345697,"Gene1165"
39.3194865885685,-0.23457588453738,0.300273530485247,-0.781207335053147,0.434680560298343,0.971929674739245,"Gene1166"
4.52695433527095,0.214021611689227,0.550574970310558,0.388723830958943,0.697480451594016,0.982221502456103,"Gene1167"
20.8313393968217,-0.180658656208116,0.324417586514842,-0.556870723775794,0.577615758460303,0.974750912565024,"Gene1168"
29.1224873989118,0.0672546546075978,0.318504553278241,0.21115759230244,0.832764301056529,0.989424480233546,"Gene1169"
125.529023612164,0.0190116283261865,0.280503525538709,0.067776789221007,0.945963320784002,0.994124773080249,"Gene1170"
94.6000474372085,0.162660912517852,0.278770198613135,0.583494625060643,0.559560374321608,0.974750912565024,"Gene1171"
50.5527631616943,0.530545150410194,0.304313668908528,1.74341544470573,0.0812610723901283,0.884805430774937,"Gene1172"
63.4613129279425,-0.482542817080475,0.2968601049365,-1.62548893925539,0.104058418728111,0.897689379140202,"Gene1173"
35.3119138858288,0.366577756298164,0.350951540353866,1.04452528097908,0.296242428923885,0.968409492958178,"Gene1174"
59.8300812616877,0.411065463373683,0.34207978676919,1.20166545721989,0.229493169524826,0.95949343556764,"Gene1175"
68.4135183952219,-0.298260543894635,0.353026802726189,-0.844866569879026,0.398185341374885,0.971929674739245,"Gene1176"
85.9765796987701,-0.0106558604294234,0.311374038115966,-0.0342220581198706,0.972700077005348,0.995280092384691,"Gene1177"
490.723003515439,-0.199788974684296,0.283651815475244,-0.704345834520959,0.481217429061008,0.971929674739245,"Gene1178"
15.0016646035614,0.241239317710452,0.375390510192363,0.642635631856629,0.520460556797892,0.971929674739245,"Gene1179"
263.640223965491,0.141413413285262,0.239690157713608,0.589984230617548,0.555201221766403,0.974404953741035,"Gene1180"
115.396843164608,-0.271141347211811,0.359372947988634,-0.75448457856763,0.450558301979371,0.971929674739245,"Gene1181"
9.80070199149072,-0.304282490883441,0.411441871929422,-0.739551590742416,0.459572124594462,0.971929674739245,"Gene1182"
43.8356719553438,-0.0923577122226418,0.29619521487386,-0.311813653917312,0.755182146718707,0.985695289546221,"Gene1183"
25.8277218062647,-0.00226987793027973,0.355744090856626,-0.00638064830483593,0.994909013774291,0.996884036576542,"Gene1184"
15.1534713900112,-0.503145568288998,0.390030049850545,-1.29001744476303,0.197044601267525,0.938943636320416,"Gene1185"
7.29011334139031,0.136524562838398,0.442953937708554,0.308213904914479,0.757919572571955,0.98601224599287,"Gene1186"
26.2605113193676,-0.258918099151111,0.333053130164211,-0.777407793835934,0.436918215646904,0.971929674739245,"Gene1187"
30.8271073274401,-0.0478605877893754,0.335978743074269,-0.142451237692724,0.886723593170988,0.993324607337472,"Gene1188"
38.8235321315785,-0.458048348624946,0.255818815625477,-1.79051860397766,0.0733705791972983,0.881272202192133,"Gene1189"
3.48181785170826,0.763099557659173,0.585510998604432,1.303305248711,0.19247056989786,0.933047627279128,"Gene1190"
89.3658569609934,0.169876233203675,0.274076650906493,0.619812861262786,0.535381000226542,0.971929674739245,"Gene1191"
112.388493515637,0.25222558319717,0.284204113970146,0.887480408618099,0.374820309374143,0.968409492958178,"Gene1192"
140.83654166037,-0.3666395651003,0.296401403821047,-1.23696973217326,0.216098319810567,0.956527096344285,"Gene1193"
123.020295602643,0.237554864945717,0.295866291156599,0.80291291048084,0.422025073339483,0.971929674739245,"Gene1194"
73.1174305596827,0.0573502707854715,0.291731960095929,0.196585491581427,0.844151925101908,0.991530159859253,"Gene1195"
343.861714893235,-0.0999297909126848,0.269820907995223,-0.370355995223521,0.711117257028491,0.983100626532256,"Gene1196"
18.0666139005594,-0.266440044300206,0.336791439366834,-0.791112876268801,0.428878125923756,0.971929674739245,"Gene1197"
10.7844247769513,0.511281142844343,0.386877152348472,1.32155941424997,0.186314905684574,0.932812699338567,"Gene1198"
67.6252029233456,0.916294396492933,0.330467192113378,2.77272424724862,0.00555892039317034,0.745692502351214,"Gene1199"
88.6814417995476,0.384498021843177,0.355582629186641,1.08131834989431,0.279555527656728,0.968409492958178,"Gene1200"
20.52296704985,0.0688861229795692,0.31533527437612,0.218453590756245,0.82707571425795,0.989279079278785,"Gene1201"
52.5425016508655,0.102152177304416,0.297716138050358,0.3431193820173,0.731508650521306,0.983100626532256,"Gene1202"
82.1919722588117,0.27638715372011,0.353155387246811,0.782621938390397,0.433849154659502,0.971929674739245,"Gene1203"
83.7478386061926,-0.238838085600857,0.353552696878854,-0.675537445221909,0.499334369467532,0.971929674739245,"Gene1204"
161.876039863958,0.0440962745550399,0.329985023065877,0.133631139211541,0.893694259490923,0.993324607337472,"Gene1205"
158.238150366551,0.164834135991419,0.315543199194368,0.522382153734469,0.601404279096028,0.974750912565024,"Gene1206"
2.42587523307219,-0.991164475520668,0.69016321468679,-1.43613054771469,0.150965197135726,0.929409787345697,"Gene1207"
444.43458037079,-0.230512621911088,0.296588851667656,-0.777212699044368,0.437033291164565,0.971929674739245,"Gene1208"
82.2889687461116,-0.031929813578931,0.26297894811783,-0.121415854034919,0.903361660075992,0.993324607337472,"Gene1209"
26.5847916305454,0.151294489384187,0.32032188494399,0.472320176970243,0.636698270597928,0.97558828300122,"Gene1210"
13.8458440071021,0.159184633056925,0.379053385885805,0.41995306989523,0.674519737665354,0.978688851838128,"Gene1211"
162.443886195593,-0.386641296024865,0.293482145483608,-1.31742697801172,0.187695542907847,0.932812699338567,"Gene1212"
90.1089529303692,0.25480442369889,0.330449157062464,0.771085107203722,0.440656487431575,0.971929674739245,"Gene1213"
190.702532810257,0.245050388339359,0.261822057637739,0.935942489148161,0.349302799166383,0.968409492958178,"Gene1214"
57.6810493339713,-0.0547870411637364,0.278963211256203,-0.196395219703072,0.844300837530266,0.991530159859253,"Gene1215"
45.2430916562213,-0.153592435413041,0.306325361159469,-0.501402935857743,0.616087574025083,0.974844740565644,"Gene1216"
662.694840203235,0.511595590962641,0.274760796302208,1.86196720146326,0.0626077134969342,0.880988181129152,"Gene1217"
5.92109110340479,0.127667350730489,0.467541929758281,0.273060751570437,0.784806516292065,0.988014235932843,"Gene1218"
93.7884145766868,0.0758413622595265,0.309375794615806,0.245143167563284,0.806345579542616,0.988014235932843,"Gene1219"
93.074201484338,-0.26737331666976,0.280114556028244,-0.954514183271505,0.339823433392255,0.968409492958178,"Gene1220"
87.3070492910872,0.0488762613266809,0.301219046050275,0.16226152352439,0.871099912875656,0.993324607337472,"Gene1221"
106.084201654668,-0.428691585170138,0.272160980512957,-1.57513977338764,0.115224185182875,0.902314116979042,"Gene1222"
37.3905469810725,-0.330032245435243,0.290920633332616,-1.134440832383,0.256609679390932,0.968409492958178,"Gene1223"
211.071436472226,-0.0417267762852402,0.280094378895804,-0.148973986731675,0.881574159466303,0.993324607337472,"Gene1224"
1.62448338509687,-0.280646445461251,0.828902710067027,-0.338575857037019,0.7349292727592,0.983100626532256,"Gene1225"
22.4373532393817,-0.166915670453287,0.320570118258915,-0.520683809707037,0.60258705473079,0.974750912565024,"Gene1226"
48.9472539429471,-0.17373717015093,0.325713858667053,-0.533404291920306,0.593753747146472,0.974750912565024,"Gene1227"
60.7811413356457,-0.017908355512155,0.350215670025296,-0.0511352205081557,0.95921777078605,0.995185737511018,"Gene1228"
76.4756111178964,0.0150054863702697,0.342013393300584,0.0438739729618772,0.965004861884955,0.995280092384691,"Gene1229"
113.615246105043,-0.70169970937265,0.291287807075076,-2.40895668246009,0.0159981966945033,0.745692502351214,"Gene1230"
6.8786707237656,-0.721465412774522,0.463375049657427,-1.5569794129138,0.119475373319048,0.902314116979042,"Gene1231"
53.4109568648345,-0.0182567382153507,0.310119760940394,-0.058869960946667,0.953055684232876,0.995080860591229,"Gene1232"
96.8761594520767,0.643016962551262,0.334948901194274,1.91974644567741,0.0548899344427177,0.880959564882428,"Gene1233"
285.189848260351,-0.137570517487896,0.269645248032951,-0.510190772844937,0.609917815940961,0.974844740565644,"Gene1234"
41.0733248450862,-0.30871269830853,0.343965192066805,-0.897511450078857,0.369446066338226,0.968409492958178,"Gene1235"
366.753379713715,-0.632944922273071,0.364010365059252,-1.73881016319423,0.082068160321415,0.884805430774937,"Gene1236"
33.3821605661726,0.371673303198439,0.318274585971572,1.16777562388106,0.242897283133974,0.967234400368154,"Gene1237"
55.5292592045851,-0.303570112669917,0.295546731715444,-1.02714758815942,0.304350973304611,0.968409492958178,"Gene1238"
68.4368805360712,0.583686826063243,0.298759238367669,1.95370301936882,0.0507363490242532,0.868048926519087,"Gene1239"
30.3699909048225,-0.309007869728212,0.316756580026218,-0.975537334386661,0.329293791802472,0.968409492958178,"Gene1240"
137.730940838388,0.553123771687627,0.273381053513432,2.02327032023252,0.0430452851204021,0.855467264776451,"Gene1241"
11.0037272094831,-0.160562304102054,0.426876085851282,-0.376133284163385,0.706817810926289,0.983100626532256,"Gene1242"
57.9797073254779,-0.0300611773818049,0.270795823895253,-0.111010491038565,0.911608027508745,0.993667447874791,"Gene1243"
28.968843168565,0.11942404500671,0.331274139779618,0.360499147582596,0.718473893965259,0.983100626532256,"Gene1244"
23.5986175807294,0.418056503084684,0.318128553554575,1.31411185325421,0.188808565824227,0.932812699338567,"Gene1245"
226.336889305374,0.131749939877443,0.347731233561281,0.378884400253981,0.704773708882985,0.983100626532256,"Gene1246"
202.654768747928,0.120490405306509,0.233102970173612,0.516897769328161,0.605227524877684,0.974750912565024,"Gene1247"
331.709447570714,0.157148024110295,0.325833509891599,0.482295464829803,0.629596068515955,0.97558828300122,"Gene1248"
48.9233213523926,0.104036485814059,0.288145730175631,0.361055101356687,0.718058256368038,0.983100626532256,"Gene1249"
51.7697384286421,-0.208837023690688,0.344892022067058,-0.605514219897158,0.54483737924824,0.97254944614089,"Gene1250"
7.28744589902152,-0.118828509436519,0.431561942164081,-0.275345200368341,0.78305104111016,0.988014235932843,"Gene1251"
34.3354574596547,0.11226123853104,0.32862878912807,0.341605003106685,0.732648171548423,0.983100626532256,"Gene1252"
528.322632094573,0.349170718210347,0.28192399810795,1.23852783215939,0.215520408694965,0.956527096344285,"Gene1253"
35.0578951048524,-0.621250796093999,0.317889951816046,-1.95429516581103,0.0506663202348631,0.868048926519087,"Gene1254"
13.9905270022723,-0.17792637136938,0.407825566002608,-0.436280572386288,0.662633175591535,0.977404581876242,"Gene1255"
53.0336533632451,-0.114013180406848,0.326569004369093,-0.34912431639712,0.726995981922774,0.983100626532256,"Gene1256"
251.05982672808,-0.175128339499341,0.277237574028395,-0.63169049185737,0.527589142247961,0.971929674739245,"Gene1257"
9.3869822436195,0.058855959880906,0.432721701737611,0.136013423048966,0.891810669520738,0.993324607337472,"Gene1258"
40.6725378252533,0.329717449916527,0.312147536939374,1.05628720684272,0.290837018958806,0.968409492958178,"Gene1259"
94.9661514416447,-0.155513558336205,0.34543269111152,-0.450199307528769,0.652566735545339,0.975663866876592,"Gene1260"
622.637229696876,-0.0596737914482969,0.28834845294303,-0.206950274361579,0.836048693034897,0.990393304503689,"Gene1261"
28.4256537457249,0.13334076703342,0.310754823990291,0.429086716406328,0.667860118892211,0.978335395417781,"Gene1262"
319.748768294468,0.129626177883287,0.255867390658893,0.506614686418158,0.612425201524371,0.974844740565644,"Gene1263"
34.532481308227,-0.0398834937820036,0.391563914783,-0.101856918567449,0.918870246048015,0.993667447874791,"Gene1264"
14.0781991398039,-0.057918590335992,0.437956846492936,-0.132247254038364,0.894788726002344,0.993324607337472,"Gene1265"
12.7823208989195,-0.775849664991976,0.398324591701496,-1.94778248984787,0.0514409948257651,0.87144532759919,"Gene1266"
41.7521500295518,0.306748142024881,0.27352780075519,1.12145142533217,0.262095756837905,0.968409492958178,"Gene1267"
49.0859617635306,0.161335144960043,0.311676293276126,0.517636883011536,0.604711643097787,0.974750912565024,"Gene1268"
34.1179550568043,-0.528529553746268,0.369757845010913,-1.42939375290514,0.152891092940862,0.929409787345697,"Gene1269"
203.822425251862,0.138247469671473,0.305650322844592,0.452305982813454,0.651048566496693,0.975663866876592,"Gene1270"
67.7301322981668,-0.380290113331853,0.341445684611263,-1.1137645911818,0.265380191187593,0.968409492958178,"Gene1271"
56.6147952186029,-0.101578715007462,0.321938715930619,-0.315521898985746,0.752365426595697,0.985695289546221,"Gene1272"
17.3087474969001,0.580654347787734,0.343750603822828,1.68917331731294,0.0911862207902339,0.884805430774937,"Gene1273"
11.6073709766048,0.150386277203649,0.432514303766684,0.347702436414157,0.728063666717086,0.983100626532256,"Gene1274"
4.78598075426499,0.453021338978394,0.532604713235616,0.850577037191903,0.395004349691139,0.971929674739245,"Gene1275"
74.8935705442421,0.205959756588747,0.320616853115471,0.642385933825412,0.520622630455008,0.971929674739245,"Gene1276"
56.730286330283,0.0436757461414062,0.312066756104392,0.139956420499965,0.888694422807922,0.993324607337472,"Gene1277"
210.223970787499,0.531563065785299,0.279530566779692,1.90162768926893,0.0572198453680918,0.880959564882428,"Gene1278"
77.7933986146369,0.220749134361388,0.307847396841467,0.717073253262129,0.473328898305601,0.971929674739245,"Gene1279"
119.074603304759,-0.110248665702785,0.31379599995419,-0.351338658615404,0.725334295817112,0.983100626532256,"Gene1280"
62.6401107383735,-0.191243634458041,0.364335672297551,-0.524910539920597,0.599645382050594,0.974750912565024,"Gene1281"
23.2536917530527,0.221216080799334,0.290034936091849,0.762722187127412,0.445629095688679,0.971929674739245,"Gene1282"
82.1595253353719,-0.266834012512501,0.272331649953365,-0.979812712030331,0.327178576036268,0.968409492958178,"Gene1283"
75.0757144512917,-0.03154840289563,0.288391732034165,-0.109394269638398,0.912889778638746,0.993667447874791,"Gene1284"
18.511605585917,-0.0912796818954798,0.377781498247358,-0.241620307820668,0.80907438489185,0.988476341602299,"Gene1285"
53.3864767342842,0.144247112615503,0.306240845631688,0.471025059762887,0.637622839466848,0.97558828300122,"Gene1286"
532.041216190128,-0.458591346067316,0.283870001203515,-1.61549774235756,0.106202948851421,0.900947872387212,"Gene1287"
13.7161643200818,0.547440530931501,0.371951688296053,1.47180547409095,0.141073414969599,0.929409787345697,"Gene1288"
301.771137797881,-0.297976341016194,0.244157547287272,-1.22042650053983,0.222303236438444,0.956527096344285,"Gene1289"
38.9433033158354,-0.322611381651983,0.300277813307845,-1.07437635201254,0.28265403696792,0.968409492958178,"Gene1290"
291.088108849519,-0.300607958343389,0.285833897907984,-1.05168757289998,0.292942914388086,0.968409492958178,"Gene1291"
18.6934339613637,-0.0273470327604949,0.411169346777857,-0.066510387933344,0.94697148764884,0.994341115772533,"Gene1292"
40.9701664665556,0.466816421304522,0.294754139230659,1.58374848449275,0.113250966627091,0.902314116979042,"Gene1293"
59.9505552703412,0.0713183147449428,0.307336251475152,0.23205305069815,0.816496809670944,0.988493764049844,"Gene1294"
49.9805766009795,-0.218748649909617,0.259065615352813,-0.844375466855029,0.398459627069093,0.971929674739245,"Gene1295"
121.838310013564,-0.210678452807431,0.241774097020786,-0.871385542965417,0.383543676831202,0.971929674739245,"Gene1296"
49.6275543835666,0.0698233602261282,0.285157163588333,0.244859218500744,0.806565439484699,0.988014235932843,"Gene1297"
238.266700835052,-0.209085934913985,0.222084166537649,-0.941471596889101,0.346463238079477,0.968409492958178,"Gene1298"
66.4928846229534,0.196681434532536,0.303014165370158,0.649083300420204,0.516284535230481,0.971929674739245,"Gene1299"
129.335806881408,0.376965961253046,0.30532342964939,1.23464472309225,0.216962756646344,0.956527096344285,"Gene1300"
12.6279346121387,0.229456827525361,0.35597681470446,0.64458363030149,0.519197045887299,0.971929674739245,"Gene1301"
24.6375675146668,-0.0453841830133708,0.346694292129875,-0.130905480833153,0.895850078918256,0.993324607337472,"Gene1302"
192.780962164366,-0.0846351378059735,0.366557438208611,-0.230891884828721,0.817398795384888,0.988493764049844,"Gene1303"
107.809425905503,0.129269914327033,0.282930164363196,0.456896897571834,0.647745154033537,0.975663866876592,"Gene1304"
48.7358836126032,-0.0217636996159017,0.344553606691201,-0.0631649159760704,0.949635181963653,0.994405829620399,"Gene1305"
44.0122030416275,-0.32308899598784,0.291995673071453,-1.10648556051986,0.268516410459275,0.968409492958178,"Gene1306"
119.811999891795,0.126990100495256,0.294610872396956,0.431043496331495,0.666436743985865,0.978335395417781,"Gene1307"
36.3090435789841,-0.376282611881865,0.374409557054244,-1.00500268968121,0.31489555472237,0.968409492958178,"Gene1308"
53.1311919586004,0.0935892172797891,0.335946949421948,0.278583322279975,0.780564613096741,0.987834342341721,"Gene1309"
7.29329701537391,0.138475007773541,0.44457499009665,0.311477277980564,0.755437813916152,0.985695289546221,"Gene1310"
443.967115082522,0.312029077006778,0.283765614552122,1.09960143514663,0.271505816403066,0.968409492958178,"Gene1311"
108.780921209579,0.205928329039742,0.28750551195246,0.716258716715639,0.473831613031445,0.971929674739245,"Gene1312"
130.607881644006,-0.225306689457569,0.322682985545217,-0.698229220474338,0.485033855280522,0.971929674739245,"Gene1313"
6.97479499441096,0.345783029671419,0.438130291437726,0.789224202090049,0.429980978993302,0.971929674739245,"Gene1314"
48.6155845406939,-0.0181104754426158,0.343283747063867,-0.0527565770226996,0.957925859804273,0.995137824442022,"Gene1315"
33.3020717902608,-0.039064986221624,0.342082806190559,-0.114197456038941,0.909081268504654,0.993548101559487,"Gene1316"
8.83471404031386,0.355976573138805,0.423341689918659,0.840872944044802,0.400419117068673,0.971929674739245,"Gene1317"
107.890280869525,-0.392766915886411,0.276024969521101,-1.42293980348175,0.154753606328704,0.929409787345697,"Gene1318"
240.477250468206,-0.106811471546282,0.270819100278663,-0.394401544929352,0.693284603352189,0.980686753497532,"Gene1319"
28.7477298399519,-0.0131698831502594,0.394239877438984,-0.0334057610706763,0.973351015558255,0.995280092384691,"Gene1320"
36.8125707617523,-0.330866556342803,0.334055058692405,-0.99045515921213,0.321951696106694,0.968409492958178,"Gene1321"
334.680813731896,-0.0734529013138248,0.248770959788443,-0.295263166473651,0.76779285172139,0.987834342341721,"Gene1322"
7.80203114059849,0.622606566163727,0.467543560290163,1.33165467144351,0.182973690796415,0.930256481101684,"Gene1323"
105.782133137755,0.0146500349901909,0.334751435780935,0.0437639198051957,0.965092587338229,0.995280092384691,"Gene1324"
33.4103840264678,0.403413794927947,0.325697419613043,1.23861526261779,0.215488013094522,0.956527096344285,"Gene1325"
50.6946052429251,-0.329512417877581,0.317713472740034,-1.03713706263631,0.299671984517976,0.968409492958178,"Gene1326"
24.5636799511572,0.111838686291151,0.35633465478568,0.313858573083264,0.753628455495283,0.985695289546221,"Gene1327"
217.805203118977,0.111117713452337,0.257825163086444,0.430980871386401,0.666482279228,0.978335395417781,"Gene1328"
13.6130394387686,0.423347002864742,0.354730158564256,1.19343391770863,0.232699478116975,0.960095473180256,"Gene1329"
174.2654800725,-0.0546742368019182,0.247358982393985,-0.221031944232512,0.825067560142687,0.989279079278785,"Gene1330"
270.748003904814,0.236253968083311,0.291268973312267,0.81111958268904,0.41729700107212,0.971929674739245,"Gene1331"
6.80690620404539,-0.127154589570802,0.451606491137372,-0.281560588844866,0.778280463525197,0.987834342341721,"Gene1332"
13.3899373550588,0.202675457411123,0.419475646548537,0.483163823880467,0.628979419534386,0.97558828300122,"Gene1333"
126.866863558131,0.0192168163440928,0.298233235583097,0.0644355291472483,0.948623440626935,0.994388179241344,"Gene1334"
16.1150692760839,0.463163821834192,0.373165720208911,1.24117462229622,0.214541247592654,0.956527096344285,"Gene1335"
23.2948843657972,-0.0928955318227362,0.425397593551502,-0.218373430482252,0.827138165396744,0.989279079278785,"Gene1336"
30.1344994170713,-0.508721564034685,0.292618285182392,-1.73851597728281,0.0821199373163827,0.884805430774937,"Gene1337"
39.5188355429485,0.425304089795054,0.304734322199554,1.39565535882284,0.162818303353832,0.929409787345697,"Gene1338"
125.095031910277,0.103874043983143,0.293841261067025,0.353503941570171,0.723710674333721,0.983100626532256,"Gene1339"
24.4322528376133,-0.517176946621177,0.368085931599797,-1.40504404602858,0.160008181046801,0.929409787345697,"Gene1340"
57.1988220692172,0.025705008108438,0.234664078076847,0.109539595148518,0.912774518313756,0.993667447874791,"Gene1341"
157.654224275713,0.221999794021301,0.284042491057282,0.781572479508116,0.4344658656896,0.971929674739245,"Gene1342"
8.24882558818725,0.578713839647374,0.465231466540658,1.24392669298692,0.213526544188258,0.956527096344285,"Gene1343"
27.4593418844379,-0.253260485857029,0.322153688749379,-0.786148024069512,0.431780772095981,0.971929674739245,"Gene1344"
147.48416905838,-0.329346480743736,0.299173013041248,-1.1008562483486,0.270959226442375,0.968409492958178,"Gene1345"
31.264048651755,-0.290424816030119,0.353664678765031,-0.821186941948115,0.411539793288179,0.971929674739245,"Gene1346"
2.26883344440157,-0.40830560452075,0.709621190033715,-0.575385304519092,0.56503074059819,0.974750912565024,"Gene1347"
15.0586482978865,0.28487499802118,0.407267891529864,0.699478166449788,0.484253253116796,0.971929674739245,"Gene1348"
175.029069315326,-0.0780854328663553,0.318138755488695,-0.24544457888008,0.806112215433335,0.988014235932843,"Gene1349"
26.0002050417138,-0.25819723766243,0.400405706081548,-0.644839056339134,0.519031488948859,0.971929674739245,"Gene1350"
28.2850324585208,-0.383281665986018,0.308989947400459,-1.24043409570628,0.214814876400539,0.956527096344285,"Gene1351"
39.4810145162063,-0.220004925104896,0.315326925303486,-0.69770421569028,0.485362191205803,0.971929674739245,"Gene1352"
127.136928513557,0.388838896689994,0.31423156582644,1.23742786841715,0.215928277918286,0.956527096344285,"Gene1353"
30.2904957291123,0.12908663928533,0.311378192032484,0.414565446740932,0.678460047342956,0.978688851838128,"Gene1354"
83.4404266479878,-0.141466531466987,0.328678448421246,-0.430410123165967,0.666897332757258,0.978335395417781,"Gene1355"
97.3535779741094,0.269412921565065,0.227030614387253,1.18668102225861,0.23535346346655,0.965069894296684,"Gene1356"
16.6480018707733,0.51001707638663,0.426441153553023,1.19598465611789,0.231702546886051,0.95949343556764,"Gene1357"
46.2703463498223,-0.00339365004648591,0.328158640180272,-0.0103414922874547,0.99174883004068,0.995483761612513,"Gene1358"
26.6560839803628,0.513959506301797,0.295096582541031,1.74166539604143,0.081567010927531,0.884805430774937,"Gene1359"
100.918881487933,0.316194864687026,0.327669718162506,0.964980427426044,0.334554615237936,0.968409492958178,"Gene1360"
8.80815155221688,0.0378017559112831,0.463925962774985,0.0814823030924393,0.935058398162819,0.993667447874791,"Gene1361"
303.995621309114,-0.161940551973451,0.243641352840686,-0.664667758922443,0.506263019736023,0.971929674739245,"Gene1362"
266.811305743565,0.100633197265186,0.288123608118544,0.349270918555836,0.726885928966227,0.983100626532256,"Gene1363"
21.2294540773876,-0.549374180383275,0.330810627024899,-1.66069084697792,0.096775552628046,0.884805430774937,"Gene1364"
24.2931959511987,0.575002552161494,0.317092710584668,1.81335783815806,0.0697766479411654,0.881272202192133,"Gene1365"
18.46581887373,0.0290854722292974,0.362918503643932,0.0801432606418818,0.936123316363844,0.993667447874791,"Gene1366"
41.8982724240383,0.0643720006845889,0.318645046411818,0.202017892352214,0.839902736483058,0.991417520064738,"Gene1367"
27.4928034804324,0.0175506709329592,0.420348062642445,0.0417527104148643,0.966695833732817,0.995280092384691,"Gene1368"
50.2413124141409,-0.252514020248104,0.288081749115615,-0.876535986827696,0.380738721610312,0.970786612881395,"Gene1369"
4.04396082723176,-0.107360729093731,0.563550148793714,-0.190507853335746,0.848911189808039,0.992123910544398,"Gene1370"
59.8534183177886,0.476119284317476,0.309467289301002,1.53851247216756,0.123923361376064,0.904458312225088,"Gene1371"
58.9415252269356,0.344353275539766,0.312077659991675,1.10342174300125,0.269844058705328,0.968409492958178,"Gene1372"
7.20812244024707,-0.153522419699346,0.439590241547332,-0.349239826523345,0.726909269011955,0.983100626532256,"Gene1373"
65.4498810811814,-0.230829227237264,0.384055732318927,-0.601030547945523,0.547819640054614,0.97254944614089,"Gene1374"
59.7331702792047,-0.420184835006732,0.286183782918672,-1.46823426094042,0.14204060084342,0.929409787345697,"Gene1375"
41.4793730958972,-0.859893929118035,0.301934052274735,-2.84795279843296,0.00440014501885205,0.745692502351214,"Gene1376"
59.2622274083659,0.147672089690909,0.300756650959735,0.491001908751402,0.62342509753469,0.97558828300122,"Gene1377"
77.2809885086479,-0.173689453806671,0.279171670323065,-0.622160026501517,0.53383664770407,0.971929674739245,"Gene1378"
85.4192355172746,0.00305056505881544,0.282293522221334,0.0108063586964763,0.991377941048165,0.995483761612513,"Gene1379"
30.7308305848402,0.231169468198944,0.284873306010908,0.811481677367453,0.417089110881714,0.971929674739245,"Gene1380"
182.569901549968,-0.188558075545631,0.305172987510701,-0.617872758279496,0.536659217554684,0.971929674739245,"Gene1381"
51.9680480197538,-0.257027193885013,0.323623848879866,-0.794215861329877,0.427069776210816,0.971929674739245,"Gene1382"
53.2453740595428,0.118703584314662,0.2830550372488,0.419365737025638,0.674948860564594,0.978688851838128,"Gene1383"
141.020638370619,-0.00293012481678865,0.320174793763799,-0.00915164114683643,0.992698148747833,0.995936561780134,"Gene1384"
165.788133539292,0.166703418473938,0.279351708441674,0.596751025450572,0.5506736200438,0.97254944614089,"Gene1385"
24.0078700161356,0.580036132643358,0.348775954881952,1.66306227400246,0.0962999705972037,0.884805430774937,"Gene1386"
12.9430446347315,0.116024552296572,0.353914789677023,0.327831884060156,0.743038778371516,0.985164603922037,"Gene1387"
20.2864497365731,-0.153641171493426,0.356246865939752,-0.431277257943398,0.666266784370251,0.978335395417781,"Gene1388"
11.5047050205748,0.585668344204525,0.375389013654239,1.56016378450534,0.118721181465686,0.902314116979042,"Gene1389"
5.66593975102503,-0.662910150515172,0.473420195985347,-1.40025743755066,0.161436241414958,0.929409787345697,"Gene1390"
89.8147849201899,-0.164281932094655,0.257876000420036,-0.63705785659413,0.524087158182838,0.971929674739245,"Gene1391"
41.8262631962992,-0.068735775987753,0.308737476037502,-0.222635025944838,0.823819573777012,0.989279079278785,"Gene1392"
120.068218603904,-0.0648088332353833,0.247721688590516,-0.261619536037122,0.793614780892868,0.988014235932843,"Gene1393"
55.4663603871392,0.219503339075268,0.291684212362762,0.752537606671271,0.451727823124883,0.971929674739245,"Gene1394"
86.0378330340656,0.395477702200202,0.323029841242948,1.22427606278878,0.220848103788461,0.956527096344285,"Gene1395"
26.4692070806493,0.680403521804632,0.325206616739177,2.09221918246003,0.0364189133000347,0.829387738253982,"Gene1396"
15.2285687254873,-0.20398925635821,0.409382824913562,-0.498284842314234,0.618283289956598,0.974844740565644,"Gene1397"
129.250243815669,0.356893622504851,0.270855084015052,1.31765524654142,0.187619082424068,0.932812699338567,"Gene1398"
156.145958466378,0.201013282917105,0.256046524049508,0.785065462861887,0.432415187944614,0.971929674739245,"Gene1399"
7.45515133592532,-0.177758879601819,0.437769898776901,-0.406055510208594,0.684701814110165,0.980098398362699,"Gene1400"
169.798072384301,0.180699901111199,0.272944362899636,0.662039322562026,0.507946020982391,0.971929674739245,"Gene1401"
6.64456462672787,0.878334425315987,0.478854076266798,1.83424234824017,0.0666180277887157,0.880988181129152,"Gene1402"
45.6543927170494,0.0579279881423465,0.326742244138733,0.177289558303182,0.859280952146053,0.993324607337472,"Gene1403"
29.1312063992894,0.193146512654646,0.321469664203381,0.600823449805983,0.5479575836403,0.97254944614089,"Gene1404"
44.9497070087983,-0.514974723105274,0.383361848871405,-1.34331239433796,0.179170840423373,0.930256481101684,"Gene1405"
238.678870596947,-0.0160145952539199,0.232353473122773,-0.0689234167180187,0.945050578993659,0.993667447874791,"Gene1406"
11.1879424332722,0.179307945307343,0.388547602206757,0.461482568130554,0.644452425060315,0.975663866876592,"Gene1407"
39.5566972293164,-0.176306537551237,0.344800301776321,-0.511329417761388,0.609120409243106,0.974844740565644,"Gene1408"
1041.05815514065,-0.366597319202861,0.27915759665176,-1.31322709322569,0.189106437085075,0.932812699338567,"Gene1409"
9.06293510468091,0.16375492887729,0.41704970259911,0.392650870763718,0.694577361522731,0.980686753497532,"Gene1410"
25.4265660040271,0.0272141834070864,0.332701338858366,0.081797637185559,0.93480763503223,0.993667447874791,"Gene1411"
50.9224366570556,0.761847519428839,0.295184916371648,2.58091615517931,0.00985385107310274,0.745692502351214,"Gene1412"
67.0485468444173,-0.538885428133749,0.28472573921991,-1.89264739327813,0.0584047766685702,0.880959564882428,"Gene1413"
28.0132246623887,-0.029554863159918,0.340816168348609,-0.0867179022143323,0.93089574611405,0.993667447874791,"Gene1414"
32.0722074984255,-0.313157598320451,0.290734210671926,-1.07712675985637,0.281423639576819,0.968409492958178,"Gene1415"
185.074487945341,0.173434967448365,0.28827549238083,0.601629247134356,0.547420956064631,0.97254944614089,"Gene1416"
39.5271761510556,0.63129739927585,0.282848793031846,2.23192537789889,0.0256198952883968,0.809562793491777,"Gene1417"
80.7642302922116,0.261339862969028,0.277817845921578,0.940687816875518,0.346864864166154,0.968409492958178,"Gene1418"
86.4557778880193,-0.404439271204728,0.364307168082425,-1.11016006995839,0.266930055855261,0.968409492958178,"Gene1419"
93.9044786109995,0.165114303424537,0.359610179590893,0.459148024153203,0.646127871993928,0.975663866876592,"Gene1420"
99.8303630851369,0.853627524202849,0.323600056423317,2.6379090709619,0.00834189462877573,0.745692502351214,"Gene1421"
57.205517129725,-0.322778145777354,0.391090043453718,-0.825329489155231,0.40918455421813,0.971929674739245,"Gene1422"
26.6303498567452,0.210040538068555,0.29522827448474,0.711451294545339,0.476804622413297,0.971929674739245,"Gene1423"
53.5759730133084,-0.0628995016719889,0.28873735536479,-0.217843311588561,0.827551197083977,0.989279079278785,"Gene1424"
14.813401039128,0.53256722204712,0.352531501718142,1.51069399316524,0.130866433553708,0.909920002343867,"Gene1425"
54.2434691193953,0.0238993894259887,0.256133085557363,0.0933084820884504,0.9256584937516,0.993667447874791,"Gene1426"
39.9764628737894,-0.633919838655343,0.29706066215811,-2.13397436755844,0.0328448790959337,0.827722666639615,"Gene1427"
54.5426774777283,-0.108776823428309,0.287268203394732,-0.378659462282499,0.704940759897096,0.983100626532256,"Gene1428"
13.7734812833151,-0.0914114616597529,0.365523256540039,-0.250083845621844,0.8025225084564,0.988014235932843,"Gene1429"
34.2995873349942,0.52766860664754,0.312199492387725,1.69016484495824,0.0909964219546224,0.884805430774937,"Gene1430"
17.6514958786705,0.0350915447635837,0.34169510365055,0.102698412674569,0.91820233348686,0.993667447874791,"Gene1431"
31.6214850882472,0.230011683190829,0.305226638568004,0.753576700480496,0.451103439249194,0.971929674739245,"Gene1432"
98.4039519034405,-0.3343728045616,0.255405978880036,-1.30918158622533,0.190472848106766,0.932812699338567,"Gene1433"
71.9849783858669,-0.157162459776843,0.284529875746389,-0.552358374896728,0.580702843350687,0.974750912565024,"Gene1434"
157.219447325057,0.213625459585665,0.296872478733313,0.719586606670838,0.471779560749076,0.971929674739245,"Gene1435"
107.116264357698,0.194081081972927,0.250153788514427,0.775847062423099,0.437839292401183,0.971929674739245,"Gene1436"
52.3353258328913,-0.112841984404705,0.324777787164186,-0.347443664143385,0.728258034770408,0.983100626532256,"Gene1437"
194.10210655913,0.236681918889422,0.321727248493404,0.735660159336097,0.461937541308706,0.971929674739245,"Gene1438"
245.970106668143,0.131708477642035,0.301503567127625,0.4368388702555,0.662228207176115,0.977404581876242,"Gene1439"
9.3128675492486,-0.0694764131561717,0.393332827476539,-0.176635175868497,0.859794962152702,0.993324607337472,"Gene1440"
173.002491458669,-0.161495641501124,0.284689819614418,-0.567268761910251,0.570531596977155,0.974750912565024,"Gene1441"
128.630743485576,0.341766700157572,0.343732592199059,0.994280751706114,0.320086203940727,0.968409492958178,"Gene1442"
165.946540296901,-0.13675521051385,0.294209181829259,-0.464823054343743,0.642058176595872,0.975663866876592,"Gene1443"
18.7229169522315,0.323472098018419,0.337457764946615,0.95855580051504,0.337782568032652,0.968409492958178,"Gene1444"
986.781352909407,-0.46584526997447,0.209664525601506,-2.22186022474717,0.026292753171992,0.809562793491777,"Gene1445"
2.1786971727394,-0.758899762798555,0.714629701237576,-1.06194825303834,0.28825917766128,0.968409492958178,"Gene1446"
55.8207469291101,-0.32050954648792,0.352667124935284,-0.908816058618267,0.363447228478905,0.968409492958178,"Gene1447"
57.3294177992751,0.391147031029729,0.28506889240194,1.3721140449033,0.170027937885037,0.929409787345697,"Gene1448"
46.7513862675917,-0.0440328376248991,0.263163496577332,-0.167321221208808,0.867117307401807,0.993324607337472,"Gene1449"
157.876873152115,0.475146138290065,0.287445000657013,1.65299844215075,0.0983311806207146,0.884805430774937,"Gene1450"
60.2257168062936,0.303376537780221,0.319959835457917,0.948170689443061,0.343042566062657,0.968409492958178,"Gene1451"
19.93757100773,0.481274746701506,0.329959832834188,1.45858586048974,0.144679127607712,0.929409787345697,"Gene1452"
288.496637163343,0.516614340461893,0.258960512497479,1.99495411667029,0.0460478843956865,0.866666402304388,"Gene1453"
41.6114795278793,-0.183684330644325,0.261002604155415,-0.703764359894853,0.481579532236382,0.971929674739245,"Gene1454"
121.772033485287,-0.430269227314402,0.330249414392024,-1.30286143915353,0.19262207072707,0.933047627279128,"Gene1455"
23.424273683543,-0.564017594550654,0.311136811047751,-1.81276394988857,0.0698682363737083,0.881272202192133,"Gene1456"
10.217588848676,0.102518084490805,0.40362412385641,0.253993947416473,0.799500234069477,0.988014235932843,"Gene1457"
29.7851821315619,-0.226673524067791,0.294645673396998,-0.769308849692074,0.44170998487807,0.971929674739245,"Gene1458"
14.0665457538347,-0.0955686016600331,0.391053349308383,-0.244387631071453,0.806930620382611,0.988014235932843,"Gene1459"
95.7640584391223,-0.244999949946705,0.347339073782242,-0.705362478453269,0.480584688074896,0.971929674739245,"Gene1460"
8.99548408710145,0.29554618379326,0.452528541980285,0.653099542627602,0.513692107117845,0.971929674739245,"Gene1461"
12.3187614252827,-0.688789689328577,0.376990951816048,-1.8270722042811,0.0676889138333919,0.880988181129152,"Gene1462"
46.7732035577305,-0.543823982148811,0.317378117793792,-1.71348921573145,0.0866225756740737,0.884805430774937,"Gene1463"
6.96545515251046,0.0108046760945255,0.471204596367731,0.0229299038630206,0.981706186829393,0.995280092384691,"Gene1464"
26.5487402466646,-0.542682925196803,0.378702279688276,-1.43300675571191,0.151855906690463,0.929409787345697,"Gene1465"
38.2990332283853,-0.192610477311264,0.276027567826046,-0.697794350137693,0.485305812922753,0.971929674739245,"Gene1466"
225.184340999664,0.230371881762981,0.343262883873141,0.671123773020912,0.502141683569576,0.971929674739245,"Gene1467"
38.4572334378915,0.719536723108973,0.330372173284715,2.17795801612164,0.0294091625770253,0.809562793491777,"Gene1468"
27.5306879427645,-0.773115270628504,0.326329741461608,-2.36912292200452,0.0178303263724439,0.769535548841249,"Gene1469"
25.0520882885215,-0.000515838466361799,0.299374888296685,-0.0017230518875404,0.998625204181743,0.999375110467737,"Gene1470"
97.387521680421,0.108761083821584,0.355180551209537,0.306213511554074,0.759442085491818,0.98608504988653,"Gene1471"
36.4277155292775,-0.0179207945899859,0.356905461212911,-0.0502116009351152,0.959953767006899,0.995280092384691,"Gene1472"
28.6710567318144,-0.155158564748922,0.290069217944707,-0.534901861866976,0.592717720789432,0.974750912565024,"Gene1473"
39.0106937548107,-0.118611220853264,0.31504687484089,-0.376487533523914,0.706554481727889,0.983100626532256,"Gene1474"
172.173617919343,-0.0473723082269866,0.288758551313476,-0.164055083430444,0.869687780874299,0.993324607337472,"Gene1475"
375.057258153066,0.619286330558424,0.301932493898233,2.05107546578659,0.0402595981433579,0.852207259548584,"Gene1476"
22.2166305443396,0.156891426844205,0.306479571849684,0.511914793855018,0.608710643932358,0.974844740565644,"Gene1477"
50.385693554085,0.0435699933807027,0.286019076774789,0.152332473316141,0.878924713784598,0.993324607337472,"Gene1478"
38.9613259121658,0.0639833330963938,0.32163859183556,0.198929278763618,0.842318066063415,0.991530159859253,"Gene1479"
506.236089546907,0.200042593615064,0.239706384877023,0.834531769847066,0.403981392419617,0.971929674739245,"Gene1480"
134.593943921307,-0.422555523687306,0.277413271684573,-1.52319865996809,0.127709011261274,0.904635253826558,"Gene1481"
8.17804277996375,0.265435927491922,0.412800875688603,0.643012026195783,0.520216296421066,0.971929674739245,"Gene1482"
28.9602959290602,0.00516426940463128,0.340097986534116,0.0151846515095826,0.98788486657286,0.995483761612513,"Gene1483"
2.59722755560302,-0.169288392160898,0.652460109350922,-0.259461673954763,0.79527904944344,0.988014235932843,"Gene1484"
51.9057229037502,0.390967293145773,0.334052651470929,1.17037626082066,0.241849584624189,0.967234400368154,"Gene1485"
139.528369063298,0.418861111435846,0.338467725368304,1.23752157160646,0.215893510905376,0.956527096344285,"Gene1486"
14.1918336011572,-0.173734202485478,0.428129135854926,-0.405798596581263,0.684890589936437,0.980098398362699,"Gene1487"
7.52822203508823,-0.023509695984554,0.423543121608054,-0.0555072076139387,0.95573438795924,0.995080860591229,"Gene1488"
253.184858709739,0.120018190255292,0.277383064721444,0.432680309361415,0.665247036720027,0.978335395417781,"Gene1489"
17.5305154867298,0.200024449056769,0.385313169410807,0.519121755850265,0.60367583783191,0.974750912565024,"Gene1490"
135.11595786585,-0.0958546054952131,0.304006413934902,-0.315304549843276,0.752530430792138,0.985695289546221,"Gene1491"
80.4517190175692,0.355655828257987,0.25092316109687,1.41738939802645,0.156369110657971,0.929409787345697,"Gene1492"
157.041080561422,-0.0575456232852014,0.293110583167855,-0.196327347389728,0.844353957767194,0.991530159859253,"Gene1493"
166.049608184926,-0.436980928187111,0.389229469566637,-1.12268202269895,0.261572565736673,0.968409492958178,"Gene1494"
198.146255197585,0.417897629320443,0.28902098068026,1.44590758891223,0.148203123100084,0.929409787345697,"Gene1495"
230.99688540202,0.831982906423053,0.242274532042555,3.43405020498365,0.000594634049212446,0.396224488125227,"Gene1496"
76.3139280459122,-0.122769726282246,0.262496657557107,-0.467700150641108,0.639999033358884,0.97558828300122,"Gene1497"
75.3012499039954,0.0451681732330443,0.340395257116357,0.132693309582761,0.894435934254039,0.993324607337472,"Gene1498"
19.3687911950546,0.944183554333145,0.382237481248209,2.47014905825008,0.0135056763272792,0.745692502351214,"Gene1499"
10.2814303621572,-0.288055410877701,0.377749849469054,-0.762555991173993,0.445728239059357,0.971929674739245,"Gene1500"
20.0985555354746,0.452162072110326,0.366842553825967,1.23257802944212,0.217733238085548,0.956527096344285,"Gene1501"
45.3263368086624,0.264917376225205,0.278121229783334,0.95252482678717,0.340830881110449,0.968409492958178,"Gene1502"
18.3845528894267,0.272503879899876,0.353485079515193,0.770906314556803,0.440762464018431,0.971929674739245,"Gene1503"
141.465706345578,-0.247744804719057,0.30608271113406,-0.809404764487167,0.418282362553025,0.971929674739245,"Gene1504"
21.6284073244822,-0.611168878217144,0.420238469653146,-1.45433824447721,0.14585255225517,0.929409787345697,"Gene1505"
75.5655601299923,0.265075712039644,0.34400291848985,0.770562392910236,0.440966359350313,0.971929674739245,"Gene1506"
160.72815557011,-0.165112900596189,0.289364029247102,-0.570606170455249,0.568266634857972,0.974750912565024,"Gene1507"
10.2865096289835,-0.760378053622344,0.440776066602129,-1.72508924879696,0.084511389768446,0.884805430774937,"Gene1508"
211.50656144148,-0.103633065038816,0.272505998222325,-0.380296454811487,0.703725366842987,0.983100626532256,"Gene1509"
3.96648389978303,0.185903508783244,0.544305606963895,0.341542520240059,0.732695200561701,0.983100626532256,"Gene1510"
79.5264004590724,0.0684004771840525,0.324853404442378,0.210557981688584,0.833232202927962,0.989424480233546,"Gene1511"
274.207404837411,-0.214967495676855,0.31127438269516,-0.690604520087922,0.489814106140898,0.971929674739245,"Gene1512"
120.843667188747,-0.0549915937410113,0.35370402177923,-0.155473475999476,0.87644806275061,0.993324607337472,"Gene1513"
170.339777580762,0.145447738477305,0.220060539871273,0.660944204546556,0.508648096066519,0.971929674739245,"Gene1514"
27.2168710457559,-0.407099808064125,0.352963016302893,-1.15337808569376,0.248755232229432,0.968409492958178,"Gene1515"
72.2645726577808,0.338974626507846,0.270453882275413,1.25335463353658,0.2100766738598,0.956527096344285,"Gene1516"
204.227903415961,0.291712150541721,0.286883960245297,1.01682976731183,0.309234418705044,0.968409492958178,"Gene1517"
10.6888212515143,-0.21051651877761,0.424694487642858,-0.495689312912959,0.62011362834662,0.974844740565644,"Gene1518"
135.323125165977,0.288479649360477,0.294412590518377,0.979848208436151,0.32716105142539,0.968409492958178,"Gene1519"
8.89907276205696,-0.410882752792911,0.455103829297678,-0.902832994015873,0.366614537238016,0.968409492958178,"Gene1520"
33.2879394573872,-0.122447612707362,0.364259962250163,-0.336154464934767,0.736754388543692,0.983815646425412,"Gene1521"
1164.54090788672,-0.484820857584986,0.269747984249169,-1.79731040042602,0.0722863560153158,0.881272202192133,"Gene1522"
109.763494025189,0.430030270463606,0.286255833574204,1.50225853948277,0.133030351712622,0.916124679216059,"Gene1523"
43.8938757251277,0.369189458177844,0.338105666694234,1.09193513905734,0.274861611259239,0.968409492958178,"Gene1524"
186.089553280865,-0.533572984301592,0.535227104456829,-0.996909498526022,0.318808440731434,0.968409492958178,"Gene1525"
33.43870808122,0.336928192276353,0.280298429343799,1.20203382182743,0.229350424413596,0.95949343556764,"Gene1526"
118.981324983337,0.100210406893164,0.3078050561081,0.325564525028367,0.744753855975378,0.985164603922037,"Gene1527"
31.7112864160736,-0.213138588140706,0.315874386417166,-0.674757426704489,0.49982989271165,0.971929674739245,"Gene1528"
2.51414419693718,0.288928471208199,0.64768658326895,0.44609303121572,0.655530046481146,0.975663866876592,"Gene1529"
92.5968882278626,0.0591609537904156,0.396902326581155,0.149056706973772,0.881508887006551,0.993324607337472,"Gene1530"
32.0960303712776,0.0525825664878563,0.337132918520881,0.155969837411767,0.876056796476815,0.993324607337472,"Gene1531"
30.9224862627749,0.0243911359791735,0.350724915198426,0.0695449194573873,0.944555878624265,0.993667447874791,"Gene1532"
45.7981522311126,-0.516220326916352,0.284963108531559,-1.81153388442625,0.0700582488264413,0.881272202192133,"Gene1533"
218.869569816527,-0.245964695513006,0.304713766574411,-0.807199157025753,0.419551751335363,0.971929674739245,"Gene1534"
68.3114567066612,-0.232256451079155,0.307095235549062,-0.756301056458591,0.449468714859555,0.971929674739245,"Gene1535"
163.962854875483,-0.135364282767326,0.275070746935438,-0.492107155251582,0.62264359425544,0.97558828300122,"Gene1536"
104.104265799063,0.303325114248634,0.24900254338694,1.21816070680563,0.223162908262546,0.956527096344285,"Gene1537"
71.9738694785378,0.0956615364597302,0.353114422727519,0.270908040857758,0.786461760502726,0.988014235932843,"Gene1538"
106.190854318164,-0.0568747257849012,0.26811261679532,-0.21212998651354,0.832005626161652,0.989424480233546,"Gene1539"
45.7054675600176,-0.137635062742517,0.377109928860575,-0.364973320003471,0.715131322080328,0.983100626532256,"Gene1540"
14.4122229946732,0.0104282384419791,0.420208078921592,0.0248168442376019,0.98020105543749,0.995280092384691,"Gene1541"
79.1005039258265,-0.0802019149196927,0.333329234542927,-0.240608703373013,0.809858404018453,0.988482483662903,"Gene1542"
3.64141187030459,-0.0539108151414847,0.567523628772456,-0.0949930758972854,0.924320326684379,0.993667447874791,"Gene1543"
14.4918134946745,-0.492274233588246,0.426795863056721,-1.15341847519928,0.248738661881354,0.968409492958178,"Gene1544"
42.5147320999997,-0.358636058996224,0.364762389921153,-0.983204598132354,0.325506752198802,0.968409492958178,"Gene1545"
33.9943338678823,-0.155449130219243,0.31166360203428,-0.49877216718475,0.61793989739375,0.974844740565644,"Gene1546"
33.9409742800634,0.236222343605508,0.308094040864676,0.766721559893019,0.443247082187412,0.971929674739245,"Gene1547"
171.816924048862,-0.163111895934961,0.287620419703202,-0.567108191077939,0.570640678163161,0.974750912565024,"Gene1548"
14.2114134131018,-0.359408221594639,0.618624385651675,-0.580979718761052,0.561254122545833,0.974750912565024,"Gene1549"
2.26801747333889,-0.401638591645374,0.698757248359601,-0.574789875293972,0.565433415000898,0.974750912565024,"Gene1550"
129.44856570909,0.0416256422806408,0.317967279948835,0.130911716096508,0.895845146344395,0.993324607337472,"Gene1551"
42.7925062497829,0.152873910406936,0.308111533583455,0.496164192975687,0.61977857182436,0.974844740565644,"Gene1552"
58.0313561124841,-0.139106504334358,0.316731028267002,-0.439194432877262,0.660520658582242,0.977404581876242,"Gene1553"
35.0716647674805,0.164621274501011,0.327401154352284,0.502812138297711,0.615096358717184,0.974844740565644,"Gene1554"
8.0066651331895,-0.319116804762299,0.492574964292099,-0.647854292028251,0.517079196270411,0.971929674739245,"Gene1555"
13.9428596400528,-0.498903748905519,0.415931541563274,-1.19948524949658,0.230339316930148,0.95949343556764,"Gene1556"
114.77969806757,0.156090076053125,0.284050114775927,0.549515975996901,0.582651403872282,0.974750912565024,"Gene1557"
55.4704905091107,0.325180019015763,0.293825917389162,1.10670978892946,0.26841942174161,0.968409492958178,"Gene1558"
11.6685653189402,-0.274465290829553,0.418988222504103,-0.655066839800886,0.512424720813152,0.971929674739245,"Gene1559"
98.3252159431849,-0.2944636733882,0.262009535118035,-1.12386624882008,0.261069771482741,0.968409492958178,"Gene1560"
148.946736127924,0.197357871004733,0.317069709578286,0.622443156955063,0.533650509995618,0.971929674739245,"Gene1561"
45.535893927891,-0.122787138675545,0.330395731110696,-0.371636577333399,0.710163451794758,0.983100626532256,"Gene1562"
43.4337729156321,-0.265625000420904,0.287064947597887,-0.925313252779941,0.354802987048848,0.968409492958178,"Gene1563"
253.935165851212,-0.170187724626944,0.315309534221787,-0.539748108305646,0.58937075782574,0.974750912565024,"Gene1564"
83.5359254682311,-0.054588453570781,0.265941034004862,-0.205265252784506,0.83736489027225,0.990969518481345,"Gene1565"
226.891622952798,0.146060834628197,0.307659344660271,0.474748572286934,0.634966192794157,0.97558828300122,"Gene1566"
50.7608582194259,0.0208917353974638,0.341249175896769,0.0612213504767077,0.951182926402196,0.995080860591229,"Gene1567"
292.757133041028,0.821587865649,0.301498217921346,2.72501731954958,0.00642981140982883,0.745692502351214,"Gene1568"
39.2177003985291,-0.253507214965067,0.270129329726688,-0.938466086676193,0.348004937354326,0.968409492958178,"Gene1569"
154.195314205054,-0.158413941885447,0.26512732692582,-0.597501373103534,0.550172690520195,0.97254944614089,"Gene1570"
34.3282723295462,-0.567231402427245,0.335841319784084,-1.6889863426928,0.0912220472313856,0.884805430774937,"Gene1571"
15.0526225103034,0.0395784909290613,0.374801214757997,0.10559861966994,0.915900819972725,0.993667447874791,"Gene1572"
162.786829159995,0.385968962062085,0.242303703124745,1.59291400455146,0.111179484136343,0.902314116979042,"Gene1573"
857.583444756664,-0.471946042284895,0.261733664856883,-1.80315376145043,0.0713640699044207,0.881272202192133,"Gene1574"
34.807588857065,-0.233701535363277,0.415069417029423,-0.56304204977528,0.573406250755641,0.974750912565024,"Gene1575"
274.927131490208,-0.0798127449706358,0.325309879835273,-0.245343747355754,0.806190281115188,0.988014235932843,"Gene1576"
39.9776077913357,0.0459852309035452,0.348768541534005,0.131850283002263,0.895102713611352,0.993324607337472,"Gene1577"
165.500521193338,-0.0727022846168138,0.300791193405097,-0.241703501335228,0.809009916322779,0.988476341602299,"Gene1578"
14.6636855669858,0.0255688526474857,0.358587057472866,0.0713044492673037,0.943155454242085,0.993667447874791,"Gene1579"
69.0097853625346,0.180851571690301,0.343668293387595,0.526238745819747,0.598722336481331,0.974750912565024,"Gene1580"
16.8160468848602,0.22897924563196,0.37603232694414,0.608935001660046,0.542567522810548,0.971929674739245,"Gene1581"
12.2185864068599,-0.47501462922996,0.401978047828168,-1.18169296009172,0.237327552692182,0.967234400368154,"Gene1582"
123.795945645707,-0.552251763957435,0.349505536732058,-1.58009446465739,0.114085234776439,0.902314116979042,"Gene1583"
377.995648716501,0.0332850362213546,0.34407028953942,0.0967390595273736,0.922933620266766,0.993667447874791,"Gene1584"
21.9598867410045,0.0410624878745217,0.346383141191554,0.118546438874788,0.905634701578295,0.993324607337472,"Gene1585"
21.6863979296664,-0.118616336877017,0.429529482345236,-0.276154121550331,0.782429693197892,0.988014235932843,"Gene1586"
17.4926788195897,0.114747121072365,0.320671704034101,0.357833633678393,0.720467818879633,0.983100626532256,"Gene1587"
30.2403828942958,0.595642182700522,0.358971853480236,1.65930051876147,0.097055250804454,0.884805430774937,"Gene1588"
124.157627550921,-0.110384150549057,0.357338427675633,-0.308906465131862,0.757392678710853,0.985695289546221,"Gene1589"
127.188347311252,-0.702556088851296,0.320829367308866,-2.18981228166354,0.0285378536554435,0.809562793491777,"Gene1590"
78.1824604019695,0.628212584214366,0.294943936522653,2.12993896948994,0.0331766523163126,0.827722666639615,"Gene1591"
132.629918969534,-0.40825336414609,0.319708108578862,-1.27695655252794,0.201617586659447,0.946581642506323,"Gene1592"
20.6600482968574,0.0200814879009532,0.314744022499883,0.0638026029579662,0.949127405623376,0.994405829620399,"Gene1593"
41.9914351706856,-0.470395383532943,0.300890649379939,-1.56334330927967,0.117971866653292,0.902314116979042,"Gene1594"
113.740729125177,-0.502887101650423,0.369000522188461,-1.36283574523936,0.172934282884344,0.929409787345697,"Gene1595"
34.6060657120013,0.425492659396201,0.338589840500403,1.25666103497779,0.208876403300611,0.956527096344285,"Gene1596"
15.8682455585303,-0.592322976525907,0.382421471295569,-1.54887479125906,0.121411821948461,0.904458312225088,"Gene1597"
13.5389884203987,-0.0420658563425712,0.388486796347932,-0.108281302577132,0.913772553785112,0.993667447874791,"Gene1598"
1301.35219721219,0.120221688582867,0.26175979861405,0.45928247660416,0.646031329821223,0.975663866876592,"Gene1599"
4.29701836467674,-0.262745388581918,0.514373405656224,-0.510806712968986,0.609486408099743,0.974844740565644,"Gene1600"
55.1065100926721,0.222311176042989,0.324315780140268,0.685477518074633,0.493042642626465,0.971929674739245,"Gene1601"
522.807211534294,0.280017568174597,0.283987645557202,0.98602024614551,0.324123177845768,0.968409492958178,"Gene1602"
153.03392609539,0.135949126730129,0.280396151689801,0.484846621149524,0.627785149105512,0.97558828300122,"Gene1603"
36.3859222928323,-0.865021763875583,0.313890208421712,-2.75580996369732,0.00585470018192875,0.745692502351214,"Gene1604"
98.2721826523511,-0.666069682698512,0.304265319008531,-2.18910812730463,0.0285889819638385,0.809562793491777,"Gene1605"
485.4033520237,-0.182642855233581,0.320441523856575,-0.569972496184138,0.5686963526642,0.974750912565024,"Gene1606"
67.6715816440319,0.339863858636916,0.291650681308458,1.16531138248042,0.243892973326122,0.967500350919431,"Gene1607"
26.1585563387913,-0.179741901053991,0.379495861121595,-0.473633363280344,0.635761379698168,0.97558828300122,"Gene1608"
384.566041111402,0.191061354094614,0.27313570421744,0.699510723587102,0.484232913734424,0.971929674739245,"Gene1609"
470.398712571372,-0.0454686024119448,0.317917073669666,-0.143020322523443,0.886274131134534,0.993324607337472,"Gene1610"
13.0312147477179,0.0633153444868791,0.403024065522853,0.157100654534707,0.875165521744227,0.993324607337472,"Gene1611"
126.767174203097,0.637779396902301,0.304188711574466,2.09665701794517,0.0360239479728096,0.827722666639615,"Gene1612"
72.7822595764251,0.207194352163264,0.283707776254363,0.730309034523961,0.465201307068199,0.971929674739245,"Gene1613"
112.504623478369,0.0526963150165718,0.300325220788281,0.175464168071722,0.860714923697728,0.993324607337472,"Gene1614"
95.5468596097014,0.0592153423138581,0.280538484862298,0.21107742968999,0.832826851953235,0.989424480233546,"Gene1615"
50.9284166551035,0.0401950520302116,0.311842864489644,0.128895211682955,0.897440565587227,0.993324607337472,"Gene1616"
83.1815798636428,-0.215726905863004,0.371316007103563,-0.580979278393555,0.561254419343205,0.974750912565024,"Gene1617"
12.780464081341,0.191775342138431,0.622772487096939,0.307938044971117,0.758129475783413,0.98601224599287,"Gene1618"
8.97645175941199,-0.765452240210613,0.407591814580713,-1.87798727262968,0.0603829062154667,0.880988181129152,"Gene1619"
117.219624530356,0.622717904652436,0.29799232742579,2.08971120173392,0.0366437501506048,0.829387738253982,"Gene1620"
59.5318420989048,-0.379105840233385,0.377040973696775,-1.00547650436069,0.314667457580869,0.968409492958178,"Gene1621"
52.8886647450724,0.123524521794185,0.365806743099101,0.337676995092243,0.735606612740501,0.983474604906779,"Gene1622"
7.53705382564253,-0.14705480360382,0.427433511847628,-0.344041352696374,0.730815187231755,0.983100626532256,"Gene1623"
28.6566918701835,-0.421998430415627,0.36596943409693,-1.15309747508547,0.248870377889026,0.968409492958178,"Gene1624"
60.7781564357569,-0.136379247361399,0.308195890688255,-0.442508325003426,0.658121407410057,0.976315171363787,"Gene1625"
24.0588906700058,0.115482453376233,0.312738404922654,0.36926214228404,0.711932340706188,0.983100626532256,"Gene1626"
47.6706704324774,0.276532299426819,0.314249091699908,0.879978038857445,0.378871206632978,0.968427398130227,"Gene1627"
83.7453011924508,0.00641274177234588,0.293640691219159,0.0218387368103548,0.982576594041324,0.995280092384691,"Gene1628"
45.4096651080449,-0.160224436715492,0.300943803536266,-0.532406498597947,0.594444485221979,0.974750912565024,"Gene1629"
86.6622614449785,-0.536823979759267,0.26213647026808,-2.04787979028737,0.0405717795665995,0.852207259548584,"Gene1630"
35.9579560837259,0.0871473875555992,0.321925167442678,0.270706972828139,0.786616413456629,0.988014235932843,"Gene1631"
31.8680383207102,-0.246510407489065,0.278693828655633,-0.884520510117448,0.376415295662083,0.968409492958178,"Gene1632"
38.3210190823485,-0.477370948848933,0.293650337644757,-1.62564413403274,0.104025380797213,0.897689379140202,"Gene1633"
106.174082729639,-0.748824553968382,0.222701507459334,-3.36245839784052,0.000772517655271491,0.44121794082506,"Gene1634"
146.681689624071,0.296240202950445,0.254602498912448,1.16354004464157,0.24461046077448,0.968409492958178,"Gene1635"
830.776588038041,0.483967734255442,0.292804259979079,1.65287121946253,0.0983570756459044,0.884805430774937,"Gene1636"
15.3737468340076,-0.112529112119108,0.357608234788668,-0.31467147893171,0.753011101457484,0.985695289546221,"Gene1637"
18.7846704946083,-0.415660619549873,0.333812543070622,-1.24519173463753,0.213061280092784,0.956527096344285,"Gene1638"
114.060452175021,-0.141242553436148,0.277617370289985,-0.50876698849432,0.610915561069251,0.974844740565644,"Gene1639"
373.699524859581,-0.165188080197299,0.241081333257975,-0.685196476910702,0.493219946736668,0.971929674739245,"Gene1640"
229.660020113604,-0.519131109082831,0.291295254422728,-1.78214749880363,0.0747251817266466,0.881272202192133,"Gene1641"
38.1192886002427,0.13280177192587,0.322037644774782,0.412379652132735,0.680061174949743,0.978688851838128,"Gene1642"
22.4667202290266,0.229019167985778,0.306629504144866,0.746892144721919,0.455128668008726,0.971929674739245,"Gene1643"
417.660363434505,-0.324446931941536,0.223329500470245,-1.4527723890412,0.146286960518014,0.929409787345697,"Gene1644"
329.818038307957,0.177640899778034,0.316457455410875,0.561342122742512,0.574564331289429,0.974750912565024,"Gene1645"
65.1387723231162,0.150090243376805,0.275780180921739,0.544238686315889,0.586277233316261,0.974750912565024,"Gene1646"
448.925403471872,-0.243168385544312,0.346082441710026,-0.702631385581983,0.482285497888695,0.971929674739245,"Gene1647"
49.7511312780713,-0.439914785236064,0.309565386495603,-1.42107226591469,0.155295751737604,0.929409787345697,"Gene1648"
19.3115262090113,0.225096874986265,0.358019356268815,0.628728226686305,0.52952699541395,0.971929674739245,"Gene1649"
58.7290322155436,-0.232796708474145,0.322114733460651,-0.722713630553576,0.469855839576466,0.971929674739245,"Gene1650"
62.4511049575864,0.238678082919238,0.359853527355597,0.66326453619387,0.50716114531195,0.971929674739245,"Gene1651"
9.96540040967646,-0.345090783806777,0.385972404029731,-0.894081494438124,0.371278289769333,0.968409492958178,"Gene1652"
41.5886291511691,-0.128663820697266,0.318113844947161,-0.404458412423506,0.685875653673626,0.980098398362699,"Gene1653"
28.5649143461474,-0.18267240234608,0.340920593276751,-0.535820968133159,0.592082289192649,0.974750912565024,"Gene1654"
85.3087405127339,-0.0939118114088762,0.364697008117976,-0.257506393851459,0.796787880112277,0.988014235932843,"Gene1655"
27.3671410702202,0.156752255070197,0.358619156052964,0.437099503538642,0.662039187335981,0.977404581876242,"Gene1656"
106.944427602428,-0.113796119485502,0.327629365386724,-0.347331867981919,0.728342012088787,0.983100626532256,"Gene1657"
89.5523312556252,0.486967961797032,0.294830801380182,1.65168618583067,0.0985985402094332,0.884805430774937,"Gene1658"
40.0712111267818,0.567382119305572,0.328904403960303,1.7250669570665,0.0845154065348218,0.884805430774937,"Gene1659"
47.7676337233941,-0.176560705762565,0.354294169006382,-0.498344938212585,0.618240938984512,0.974844740565644,"Gene1660"
935.069541142478,0.261019950514833,0.295086547477311,0.884553880027019,0.376397290469278,0.968409492958178,"Gene1661"
276.749516349144,-0.710295115543425,0.293646623046423,-2.41887718024645,0.0155684958120273,0.745692502351214,"Gene1662"
325.321003348858,-0.103488249327636,0.267167380072535,-0.387353610682336,0.698494441620431,0.983100626532256,"Gene1663"
52.6146906316214,0.0371323669751135,0.356256452037805,0.104229317848742,0.916987368398384,0.993667447874791,"Gene1664"
23.4227474006157,0.462483922691632,0.353036463431123,1.31001743615037,0.190189937121129,0.932812699338567,"Gene1665"
107.146680578001,0.210472969521984,0.280476216511322,0.750412894682951,0.453006067171566,0.971929674739245,"Gene1666"
56.8402791244542,0.478808432297973,0.338944248956282,1.41264657468707,0.157759667448272,0.929409787345697,"Gene1667"
4302.88411897801,0.0208799786294479,0.266682714194856,0.0782952081933274,0.937593229071474,0.993667447874791,"Gene1668"
6.07327118085254,-0.735728383067222,0.493945368190795,-1.48949343479426,0.136357480871332,0.922774934515247,"Gene1669"
45.81386073753,0.0244763730635497,0.282899034896634,0.0865198181835188,0.931053202510339,0.993667447874791,"Gene1670"
390.660510383198,0.475864122647514,0.259307536829752,1.83513417490808,0.066485811383663,0.880988181129152,"Gene1671"
4.12259368884488,-0.279218011384498,0.561070753748118,-0.497652051045682,0.618729309587311,0.974844740565644,"Gene1672"
46.534741434329,0.271354894598457,0.296151354941033,0.91627098803072,0.359524780674845,0.968409492958178,"Gene1673"
82.0792056187792,0.280904980502738,0.288156486395099,0.974834833728442,0.329642195213421,0.968409492958178,"Gene1674"
38.4961856982399,-0.277770692033401,0.313987411196665,-0.884655505692934,0.376342460219963,0.968409492958178,"Gene1675"
13.9476824809095,0.588655356431464,0.351311986446712,1.675591437643,0.0938182471040209,0.884805430774937,"Gene1676"
41.6910666250965,-0.52791501565181,0.353833983519916,-1.49198505581671,0.13570306305821,0.922774934515247,"Gene1677"
272.784594138777,-0.025365800015775,0.33209869551197,-0.0763803060914484,0.939116537292099,0.993667447874791,"Gene1678"
14.0191254303874,-0.142566560510872,0.380883043595522,-0.374305348867854,0.708177153030877,0.983100626532256,"Gene1679"
260.465064714174,0.137488068595342,0.308272659756886,0.445995012025295,0.655600848979856,0.975663866876592,"Gene1680"
175.579306158161,0.27639779323348,0.288672824703862,0.957477703407051,0.338326195072865,0.968409492958178,"Gene1681"
9.57934198487539,0.355270208288531,0.413180517880215,0.859842594010027,0.389875816302469,0.971929674739245,"Gene1682"
9.62614489919036,-0.357088523973399,0.400558757572597,-0.891476012501564,0.372673854699501,0.968409492958178,"Gene1683"
58.1787619395805,-0.361432451096382,0.300872612616124,-1.20128066145231,0.229642349373132,0.95949343556764,"Gene1684"
75.404002273156,0.253418256567005,0.277777399919389,0.912306964643444,0.36160714905483,0.968409492958178,"Gene1685"
235.7433358634,0.109553864266637,0.313793800214464,0.349126924087606,0.726994024303152,0.983100626532256,"Gene1686"
53.1903017544712,0.452029388372616,0.280222271914537,1.61311014033344,0.106720581193199,0.900947872387212,"Gene1687"
81.4223735707263,0.014909169107728,0.309444900110738,0.0481803678211938,0.961572496223688,0.995280092384691,"Gene1688"
216.462840691091,0.232871864723421,0.30874863822573,0.754244184076904,0.450702611020903,0.971929674739245,"Gene1689"
183.50094603757,-0.227269344815967,0.24675909410349,-0.921017098241781,0.357041500241508,0.968409492958178,"Gene1690"
142.327432102186,-0.152097227097792,0.240435658572718,-0.632590140749823,0.527001327111278,0.971929674739245,"Gene1691"
78.2287014152826,-0.777378994024598,0.313816621631907,-2.47717596978158,0.0132426593391296,0.745692502351214,"Gene1692"
83.66418433117,-0.0355295309505421,0.328695186128223,-0.108092641602248,0.913922205105293,0.993667447874791,"Gene1693"
212.154877433357,-0.12399581076375,0.28775159827148,-0.430912674364249,0.666531867382623,0.978335395417781,"Gene1694"
236.724461808302,0.247213480383665,0.27719430728147,0.891841837619838,0.372477713221147,0.968409492958178,"Gene1695"
59.8969245609565,0.769747636809537,0.288744974295687,2.66583908061819,0.00767964428001465,0.745692502351214,"Gene1696"
82.9351960273999,-0.0665084150697325,0.293418673147476,-0.22666728860949,0.820682464992466,0.989163799661803,"Gene1697"
404.007307172033,0.161619500380552,0.25608545495615,0.631115501691523,0.5279650059957,0.971929674739245,"Gene1698"
304.966729848133,-0.055428136956306,0.303178241461953,-0.182823598055805,0.854936432098865,0.993324607337472,"Gene1699"
13.4256344990821,-0.450696089410199,0.392000951751505,-1.14973213048702,0.25025421636402,0.968409492958178,"Gene1700"
291.889904843158,-0.382051768159551,0.255270788702407,-1.49665290768911,0.134483595740594,0.922239135113025,"Gene1701"
46.3678528303885,0.804083371902906,0.294228871957479,2.73284999719236,0.00627889209204449,0.745692502351214,"Gene1702"
8.74216488953181,-0.10001774996613,0.405464624383608,-0.246674417325996,0.805160206855765,0.988014235932843,"Gene1703"
248.323787214169,-0.747008446757615,0.256426383600206,-2.91314971677125,0.00357803008997991,0.745692502351214,"Gene1704"
66.1464286122159,-0.0509653193359412,0.370339180360364,-0.137617951431303,0.890542367332304,0.993324607337472,"Gene1705"
166.765053063427,-0.387767213456884,0.257339973312191,-1.50682852906985,0.13185461487126,0.912244878765785,"Gene1706"
571.008797497705,0.383133965013691,0.261147849891737,1.46711514252376,0.142344735550571,0.929409787345697,"Gene1707"
201.635466411704,-0.252535295090372,0.288611347612157,-0.875001267897945,0.381573215829457,0.971230574437108,"Gene1708"
39.8556219228743,-0.457796835554837,0.343894966171879,-1.33121121443234,0.183119522417965,0.930256481101684,"Gene1709"
36.7129981306889,0.32012870280174,0.300376646723264,1.06575762894335,0.28653321914414,0.968409492958178,"Gene1710"
16.9145335977804,-0.336855353956933,0.336210475448979,-1.00191807975969,0.316383159781639,0.968409492958178,"Gene1711"
17.0281705897396,0.200231611270662,0.328855662403232,0.608873843945387,0.542608062535766,0.971929674739245,"Gene1712"
118.884735278289,-0.129255519064181,0.281519389487287,-0.459135405556208,0.646136932951149,0.975663866876592,"Gene1713"
31.7395987319497,-0.187976170863902,0.344838042680379,-0.545114365580981,0.585674863087584,0.974750912565024,"Gene1714"
104.655128795666,-0.611195390394767,0.300534161038071,-2.03369689583256,0.0419821653393332,0.855344093994589,"Gene1715"
149.835619295623,0.376032951409769,0.28453145152278,1.32158659226347,0.186305850482882,0.932812699338567,"Gene1716"
101.779082230773,-0.281807780751457,0.259755270335417,-1.08489725882198,0.277967162209296,0.968409492958178,"Gene1717"
30.7506063759138,-0.553456756377284,0.353661609365185,-1.56493309344695,0.11759859808404,0.902314116979042,"Gene1718"
9.30250270212564,0.132561712465167,0.427398705987837,0.310159367840809,0.756439767643754,0.985695289546221,"Gene1719"
54.9898989622425,-0.531733278481782,0.312633142291164,-1.7008218469255,0.0889764455844628,0.884805430774937,"Gene1720"
14.5670804692662,-0.184301453149846,0.334676798659811,-0.55068488131794,0.581849710397629,0.974750912565024,"Gene1721"
124.414889606885,-0.0919991768242548,0.266795804046822,-0.344829923967279,0.730222235226449,0.983100626532256,"Gene1722"
130.383645602501,-0.0192516516330074,0.267355302031938,-0.0720077420821359,0.942595746557446,0.993667447874791,"Gene1723"
78.9163966990319,0.463531774895556,0.278416780487071,1.66488447314361,0.0959358065052807,0.884805430774937,"Gene1724"
16.3217928650812,0.314182941367077,0.349112026491519,0.899948777257922,0.368147510554101,0.968409492958178,"Gene1725"
22.8382956287818,-0.0926982014000313,0.3121947697677,-0.296924261316122,0.766524333166489,0.987834342341721,"Gene1726"
25.5185653164601,-0.0176140221129607,0.308227238359477,-0.0571462217509083,0.954428716924515,0.995080860591229,"Gene1727"
66.9691937210318,0.112678771910377,0.31441483561984,0.358376129702153,0.720061852706212,0.983100626532256,"Gene1728"
944.030086649709,0.593691016690667,0.391266515218063,1.51735707912492,0.129176554246771,0.907641237044976,"Gene1729"
14.8399272091701,0.182141265907922,0.403090828508698,0.451861597997116,0.65136869089167,0.975663866876592,"Gene1730"
4.61917596001708,-0.0403527454459422,0.549831321100125,-0.0733911363310529,0.94149487075862,0.993667447874791,"Gene1731"
41.538915687775,-0.507102171135871,0.301445207047858,-1.6822366363097,0.092522962540921,0.884805430774937,"Gene1732"
17.9848110406715,0.780846855522262,0.345020487330254,2.26318982262301,0.0236239903330829,0.806240050696774,"Gene1733"
3.55926575976178,-0.255761015849402,0.573691702145023,-0.445816132415924,0.655730067608155,0.975663866876592,"Gene1734"
12.9767538970677,-0.169649284539544,0.42550632057567,-0.398699799124075,0.690114415898157,0.980588080757813,"Gene1735"
31.7939347016616,-0.313236903418211,0.338900104772277,-0.92427502679201,0.355343141594985,0.968409492958178,"Gene1736"
14.1372444294103,0.349328777070767,0.458337460450122,0.762165014240162,0.445961523956728,0.971929674739245,"Gene1737"
136.06962956346,-0.185540859658729,0.323637501333915,-0.573298393709003,0.566442672821129,0.974750912565024,"Gene1738"
149.501458183873,-0.361577577293843,0.341299688690231,-1.05941373307849,0.289411398046359,0.968409492958178,"Gene1739"
44.193522188044,-0.306270558614477,0.345357993128024,-0.88682053031546,0.375175532492274,0.968409492958178,"Gene1740"
5.5836003102172,-0.284394768218477,0.460303241968483,-0.617842201159098,0.536679362077819,0.971929674739245,"Gene1741"
135.624968833398,-0.35506588636599,0.280708863347436,-1.26489018598077,0.205910695888909,0.95502431805552,"Gene1742"
23.2152770688282,-0.327151193875549,0.344429062970298,-0.949836204454562,0.342195486575721,0.968409492958178,"Gene1743"
17.5305736973031,0.0400123426878136,0.359890999477441,0.111179059064859,0.911474357116974,0.993667447874791,"Gene1744"
48.7734074123367,-0.143836785902639,0.296733246574893,-0.484734311247243,0.627864824418117,0.97558828300122,"Gene1745"
18.2048000343661,0.586362440906158,0.344451068292184,1.70230983405971,0.0886973022938429,0.884805430774937,"Gene1746"
40.015220068852,-0.703700515273199,0.281220670624713,-2.50230722268735,0.012338680159982,0.745692502351214,"Gene1747"
21.0629751423264,-0.238330864534672,0.38163728088283,-0.624495762005611,0.53230205269414,0.971929674739245,"Gene1748"
79.0981881296565,0.0804519938940778,0.329954358301071,0.243827644248506,0.807364309352826,0.988014235932843,"Gene1749"
24.1797465604709,0.576227943872584,0.351848891688809,1.63771425030444,0.101481316514549,0.893661461288914,"Gene1750"
19.0578445267281,-0.00327447834748488,0.33594423683323,-0.00974708891675496,0.99222307138289,0.995709799043372,"Gene1751"
17.0150472561293,0.03726151636485,0.373942779580117,0.0996449681598055,0.920626192030373,0.993667447874791,"Gene1752"
54.9301637272776,-0.140440334193526,0.331543647710718,-0.423595309888322,0.671860976373957,0.978688851838128,"Gene1753"
212.741227155278,0.543748888330664,0.247218307114281,2.1994685372524,0.0278446239267465,0.809562793491777,"Gene1754"
20.2444976731378,0.42476911711708,0.362413457540733,1.17205668906304,0.241174297059712,0.967234400368154,"Gene1755"
76.1720644048363,-0.468351352854795,0.371771367974851,-1.25978327864796,0.207747553482028,0.956527096344285,"Gene1756"
18.2907635565761,-0.199733503494263,0.387553061651192,-0.515370727928938,0.606293983469694,0.974844740565644,"Gene1757"
16.5831730273399,-0.0639350771048811,0.372821132695553,-0.171489949195264,0.863838532759449,0.993324607337472,"Gene1758"
228.794537579983,-0.0309763677787053,0.258483553590949,-0.119838834418554,0.904610818188104,0.993324607337472,"Gene1759"
31.3741035413411,-0.601134775991461,0.328314137801583,-1.83097438330468,0.0671043666916129,0.880988181129152,"Gene1760"
358.070493782525,0.0524705126740231,0.249708543945853,0.210127021866744,0.833568535854068,0.989424480233546,"Gene1761"
27.5462569348064,0.063277676079413,0.377392977594789,0.167670518096802,0.866842490943158,0.993324607337472,"Gene1762"
104.398098733753,0.111270917748687,0.292868876250392,0.379934253080393,0.703994220209841,0.983100626532256,"Gene1763"
203.831208147717,0.292262256781282,0.366254856234644,0.797975103418264,0.424884937983369,0.971929674739245,"Gene1764"
749.279224696856,0.303562119553055,0.336656143231224,0.901697847065754,0.367217396989955,0.968409492958178,"Gene1765"
15.6951060817405,0.00695226254253823,0.334213854253204,0.0208018382663189,0.983403731332764,0.995280092384691,"Gene1766"
69.8970110168882,-0.2192368614508,0.351832140282216,-0.623129146970323,0.533199657415633,0.971929674739245,"Gene1767"
175.442849397206,0.44990563454982,0.232205607500799,1.93753130853341,0.0526804300707833,0.877568164262465,"Gene1768"
25.294571721916,0.0439663548844821,0.337564150888204,0.130245924422949,0.896371861570303,0.993324607337472,"Gene1769"
101.939127292337,0.16476776372809,0.310404497602606,0.530816289714442,0.595546090671623,0.974750912565024,"Gene1770"
30.3061246338818,-0.473315117826039,0.333236437119607,-1.42035823548358,0.155503415104292,0.929409787345697,"Gene1771"
11.0280514123051,-0.461916910572794,0.395097367559841,-1.16912171150529,0.242354597538585,0.967234400368154,"Gene1772"
3.33112310964601,0.65218961932398,0.58856892250322,1.10809387717955,0.26782127497428,0.968409492958178,"Gene1773"
97.9281673626251,0.605719391749833,0.319737750780679,1.89442563560573,0.0581685363889009,0.880959564882428,"Gene1774"
28.6114337721869,0.0698262170886793,0.372283990303866,0.187561697272251,0.851220254429671,0.99262228246635,"Gene1775"
389.351151419471,0.184367169075207,0.287014664538147,0.642361495263258,0.520638494400475,0.971929674739245,"Gene1776"
12.0690203065728,-0.0480861581667073,0.397640554578417,-0.120928707127694,0.903747504025548,0.993324607337472,"Gene1777"
30.3905548544844,-0.15466514986121,0.345833371092835,-0.447224480889359,0.654712987267628,0.975663866876592,"Gene1778"
130.046170973978,0.361708224001316,0.288823666974271,1.25234966992348,0.210442477258936,0.956527096344285,"Gene1779"
37.7406159385567,-0.140042927693086,0.339731699157608,-0.412216251943322,0.680180926141397,0.978688851838128,"Gene1780"
111.260325142254,0.0501828439457435,0.280836251112052,0.178690762845003,0.858180522629455,0.993324607337472,"Gene1781"
256.034481441552,0.0651793195726896,0.284757207592841,0.228894362757926,0.818951022135847,0.988576747131375,"Gene1782"
702.36486915171,-0.0617358526967974,0.273502390868907,-0.225723265162929,0.821416662050322,0.989163799661803,"Gene1783"
69.1006285889782,0.229136061968267,0.271494118095324,0.843981680250677,0.398679642803259,0.971929674739245,"Gene1784"
19.3057961805417,0.157480041152797,0.310072613583697,0.507881168003536,0.611536682288264,0.974844740565644,"Gene1785"
12.4845608780583,0.310032502767425,0.37386696300206,0.829258890055274,0.406957927900764,0.971929674739245,"Gene1786"
27.9427878201339,-0.268264547882009,0.300710799311918,-0.892101475889285,0.372338543901399,0.968409492958178,"Gene1787"
30.7168325766258,-0.586051327931387,0.317324793491024,-1.84685010422283,0.0647688678774053,0.880988181129152,"Gene1788"
12.0726644864695,0.338809580452036,0.38464055930871,0.880847254020627,0.378400499491897,0.968427398130227,"Gene1789"
105.804207983404,-0.599569065762698,0.24915096912231,-2.40644886060373,0.0161084591469665,0.745692502351214,"Gene1790"
359.916618260523,0.34341805818669,0.312738876273172,1.09809839531021,0.27216152599309,0.968409492958178,"Gene1791"
32.7700265273383,-0.174607944916729,0.336200284011053,-0.519356922705599,0.603511865257466,0.974750912565024,"Gene1792"
14.9908042744787,-0.070464864862654,0.362081100235001,-0.194610723445439,0.84569770747606,0.991530159859253,"Gene1793"
9.89623466190501,0.0576959179645139,0.450208517791533,0.12815376805294,0.89802728604803,0.993324607337472,"Gene1794"
118.214881040947,-0.463772228575912,0.283569341274986,-1.63548085449117,0.101948284972884,0.895336524832713,"Gene1795"
53.8717159592329,-0.0267988543470704,0.280651847996114,-0.0954878955489418,0.923927304280222,0.993667447874791,"Gene1796"
7.12002309344188,-0.86708145187381,0.470127693793649,-1.84435306262642,0.0651317030346412,0.880988181129152,"Gene1797"
46.3927374427234,0.121590802523323,0.324555426922766,0.374638020002229,0.707929693133097,0.983100626532256,"Gene1798"
59.7343128199311,0.304724268730983,0.345028140209526,0.883186712092331,0.377135399800152,0.968427398130227,"Gene1799"
23.2709681910706,-0.219254171106277,0.363456572216516,-0.603247231902203,0.54634423102222,0.97254944614089,"Gene1800"
11.6463364530724,-0.233160552564143,0.37886870389466,-0.615412543098229,0.538282309973174,0.971929674739245,"Gene1801"
33.9845111062431,-0.156769310010269,0.341764410462563,-0.458705778632973,0.64644546378872,0.975663866876592,"Gene1802"
22.186081492822,-0.159514100090376,0.312192650835332,-0.510947646152352,0.609387716799248,0.974844740565644,"Gene1803"
22.8169425159774,-0.278803749984693,0.355770453399851,-0.783661901432116,0.433238523291586,0.971929674739245,"Gene1804"
5.04818773634636,0.482556390023709,0.529730278457028,0.910947343673228,0.362323118750627,0.968409492958178,"Gene1805"
43.3717016233404,0.350976001116697,0.319727832161375,1.09773365285118,0.272320810246496,0.968409492958178,"Gene1806"
209.361962470077,-0.16664372989386,0.306017423542292,-0.544556345729869,0.58605868565933,0.974750912565024,"Gene1807"
185.447823958953,0.277549637258467,0.270916450920459,1.02448425082889,0.305606605873309,0.968409492958178,"Gene1808"
548.848752480488,-0.18517225187818,0.287179014957509,-0.644797294487475,0.519058555445879,0.971929674739245,"Gene1809"
64.4876448252305,0.185157588740899,0.334417895492197,0.553671293422811,0.579803824758926,0.974750912565024,"Gene1810"
16.8338769845215,0.199321229512366,0.408734342930879,0.487654714999256,0.62579443295574,0.97558828300122,"Gene1811"
109.835027911843,0.0138509384719708,0.318066852269507,0.0435472554689053,0.965265295813459,0.995280092384691,"Gene1812"
210.280905209498,0.243371849974023,0.272499413108401,0.893109629844263,0.371798466496158,0.968409492958178,"Gene1813"
556.028302252934,0.440064307267937,0.279140243397814,1.57649897381792,0.114910855072866,0.902314116979042,"Gene1814"
145.276589530217,0.286346669418206,0.301488541021237,0.949776294807952,0.342225933355337,0.968409492958178,"Gene1815"
281.840536679816,-0.0987595348485537,0.289181093224384,-0.34151449442071,0.732716295096477,0.983100626532256,"Gene1816"
93.057889410788,-0.0768584096951895,0.300907354278682,-0.25542217098492,0.798397048593153,0.988014235932843,"Gene1817"
6.88198113142137,-0.504985780461267,0.467559049567395,-1.08004706769872,0.280121221134659,0.968409492958178,"Gene1818"
19.5970898997839,-0.397723690453088,0.325694633510435,-1.2211551850465,0.222027268586595,0.956527096344285,"Gene1819"
473.877711720572,0.190273606902157,0.262670161603142,0.724382266112256,0.468831084087222,0.971929674739245,"Gene1820"
119.056215328978,-0.0743280464984329,0.280931721138024,-0.264576909283644,0.791335410119212,0.988014235932843,"Gene1821"
22.9935225317419,0.00753194389097407,0.282996950489701,0.0266149295175821,0.978766865444961,0.995280092384691,"Gene1822"
22.7071778712788,0.195498371081465,0.414893546484433,0.471201282203604,0.637497003161154,0.97558828300122,"Gene1823"
19.7459013427469,0.362351135464102,0.418165433578649,0.866525796652082,0.38620188603907,0.971929674739245,"Gene1824"
68.820522684538,-0.188426062932089,0.294666453298128,-0.639455427732215,0.522526700860115,0.971929674739245,"Gene1825"
34.5368615915773,0.21357685029504,0.346349729540507,0.616650836073661,0.537465055790254,0.971929674739245,"Gene1826"
14.6538028209141,-0.133436583163121,0.38668049329256,-0.345082271999079,0.73003252068983,0.983100626532256,"Gene1827"
179.550311848279,-0.29795406046403,0.274683170734716,-1.08471902252719,0.278046120082948,0.968409492958178,"Gene1828"
58.3535395313292,0.141345371441924,0.323427381563535,0.437023515939256,0.662094293822203,0.977404581876242,"Gene1829"
156.514509134495,-0.32834527776376,0.282252632394939,-1.16330280067796,0.244706669777408,0.968409492958178,"Gene1830"
35.9074934241493,0.012573112118367,0.332801862405756,0.0377795725885623,0.969863431456145,0.995280092384691,"Gene1831"
66.8267954110086,0.14568097997783,0.360886104048286,0.403675781205303,0.686451151307074,0.980098398362699,"Gene1832"
190.851896381476,0.495599680693797,0.280500471892045,1.76684080903984,0.0772548921666343,0.884675367923901,"Gene1833"
107.72121863632,0.350944499120263,0.251787661792637,1.3938113433425,0.163374581827082,0.929409787345697,"Gene1834"
159.382823298601,0.0753664501784421,0.296378345183208,0.254291352264127,0.799270480169794,0.988014235932843,"Gene1835"
7.218045807188,-0.0886487505115862,0.427315341364884,-0.207455108511747,0.835654448202098,0.990393304503689,"Gene1836"
71.1539938916733,-0.262306697314412,0.270853321594578,-0.968445562233278,0.332821893996336,0.968409492958178,"Gene1837"
38.630641297859,0.196259564490307,0.316157087886979,0.620765979981656,0.534753610066996,0.971929674739245,"Gene1838"
31.6160301933783,0.232468514386248,0.379841755043238,0.612014111928757,0.540528420863793,0.971929674739245,"Gene1839"
26.7217329155194,-0.203472611777773,0.291858469522819,-0.697161922730718,0.485701465385197,0.971929674739245,"Gene1840"
430.084200873759,0.211989293506748,0.36980528426877,0.573245712066886,0.566478337302426,0.974750912565024,"Gene1841"
90.9050563415719,0.2072279591324,0.344831974318657,0.60095343403655,0.547871001953286,0.97254944614089,"Gene1842"
40.106408236919,-0.198778903566239,0.355782416156829,-0.558709184432031,0.576360210178016,0.974750912565024,"Gene1843"
157.327995888754,-0.041341682234116,0.279092925864733,-0.148128735638942,0.882241171841437,0.993324607337472,"Gene1844"
26.5819344281503,-0.255285680055351,0.332292759037208,-0.76825532038381,0.442335513279012,0.971929674739245,"Gene1845"
69.2268947185796,-0.403993262541817,0.306707384653041,-1.31719444251018,0.187773456296161,0.932812699338567,"Gene1846"
322.100116830236,-0.143285140667048,0.295136967757479,-0.485486930884202,0.627330981069138,0.97558828300122,"Gene1847"
42.3881792568413,0.102163448685089,0.342972750933804,0.297876284360581,0.765797589087143,0.987834342341721,"Gene1848"
20.8285599908413,0.24756550983788,0.349229359166639,0.708890886002945,0.47839219131877,0.971929674739245,"Gene1849"
29.7670825328375,-0.201795782330003,0.351167644283738,-0.574642298670758,0.565533238825345,0.974750912565024,"Gene1850"
13.6952901156501,-0.279590485812383,0.413747437018889,-0.675751583688044,0.499198379143666,0.971929674739245,"Gene1851"
78.6044471089494,-0.212871023589157,0.261579785204643,-0.813790038945939,0.415765242487455,0.971929674739245,"Gene1852"
65.4242078101113,-0.0968580283365716,0.292460552666437,-0.331183222672228,0.740506092198314,0.985164603922037,"Gene1853"
150.778893821119,0.340568811670587,0.29101790541316,1.17026755170641,0.241893315640412,0.967234400368154,"Gene1854"
429.502662591917,-0.030426986810363,0.267832490824143,-0.113604539601363,0.909551288571216,0.993548101559487,"Gene1855"
299.240126103133,0.165888851299237,0.259813463579317,0.638492128213337,0.523153376615497,0.971929674739245,"Gene1856"
13.7679396422296,0.248127935490747,0.381054947383722,0.651160514236499,0.514942876401096,0.971929674739245,"Gene1857"
573.551798708149,0.0872467755569994,0.267766475811308,0.325831586245626,0.744551779353195,0.985164603922037,"Gene1858"
67.8578201809913,-0.0448117831587852,0.333751142333536,-0.13426705552367,0.893191403202466,0.993324607337472,"Gene1859"
41.8129890023278,-0.146448117246689,0.349584262031427,-0.418920795792357,0.675274018270985,0.978688851838128,"Gene1860"
425.642107360769,0.240940467956945,0.307619702609453,0.783241339592728,0.433485403184247,0.971929674739245,"Gene1861"
95.5565580093291,-0.411885870766642,0.33704722557732,-1.22204201521354,0.221691738849179,0.956527096344285,"Gene1862"
419.263343546552,-0.118645269032943,0.285109481586592,-0.416139331363867,0.677308050751007,0.978688851838128,"Gene1863"
40.5127146301593,0.240881950395269,0.330514544365707,0.728808926873543,0.466118550224222,0.971929674739245,"Gene1864"
20.4068289829396,0.707985409289377,0.357252859188105,1.98174875604452,0.0475073673689607,0.866666402304388,"Gene1865"
6.16072068459689,0.704977019496793,0.475974001287108,1.48112505639053,0.138573252074439,0.925479262652286,"Gene1866"
175.805814533018,-0.0731818992929858,0.25506469670458,-0.28691504641172,0.774177369272483,0.987834342341721,"Gene1867"
18.5587428544197,-0.330792911806279,0.364547694069951,-0.907406403022825,0.364191924659598,0.968409492958178,"Gene1868"
135.692177975415,-0.277835795359861,0.267714866084108,-1.03780488332155,0.299360902891868,0.968409492958178,"Gene1869"
46.3303245997022,-0.35284309403498,0.336186824689256,-1.04954468207111,0.293927501713679,0.968409492958178,"Gene1870"
100.193827403464,-0.525153230267635,0.336274691415283,-1.56167931656532,0.118363553733066,0.902314116979042,"Gene1871"
248.697863169293,0.226540728877119,0.327318299794543,0.692111406601213,0.488867368918285,0.971929674739245,"Gene1872"
25.1841992910873,0.261114347268057,0.322161642395434,0.810507251349169,0.41764869911841,0.971929674739245,"Gene1873"
32.8896008189715,0.234999159646607,0.339842879930575,0.691493550474308,0.489255432396699,0.971929674739245,"Gene1874"
46.7910411284687,-0.306664658747775,0.317996182392767,-0.964365850056036,0.334862537188098,0.968409492958178,"Gene1875"
175.825575414769,0.306513741794616,0.273542197900462,1.12053549378203,0.262485636106346,0.968409492958178,"Gene1876"
26.6029807733773,0.651869383227806,0.309516962818678,2.10608613269989,0.0351968711798435,0.827722666639615,"Gene1877"
46.4466894263392,-0.278034249055136,0.368266234164123,-0.754981649855052,0.450259992622797,0.971929674739245,"Gene1878"
148.812811938136,0.209009945314041,0.276210021672368,0.756706596120405,0.449225662156881,0.971929674739245,"Gene1879"
128.012634624143,0.128221518362476,0.325430666699342,0.394005640780429,0.693576874669377,0.980686753497532,"Gene1880"
142.554423845569,-0.472531244883288,0.295719070411168,-1.59790589165007,0.110063922692842,0.902314116979042,"Gene1881"
49.3584523261924,0.0905537247473348,0.281894824818836,0.321232306430353,0.748034351444271,0.985695289546221,"Gene1882"
136.302616058572,0.121214847033029,0.376929123536885,0.321585251613405,0.74776691830267,0.985695289546221,"Gene1883"
72.9566052054219,0.0178996371165841,0.335916223725605,0.0532860155370332,0.957504022356559,0.995137824442022,"Gene1884"
24.1022180252553,-0.184643304471076,0.409683008582688,-0.450697980152644,0.652207238317923,0.975663866876592,"Gene1885"
483.79642113334,0.33068845085105,0.336153554470521,0.983742240571933,0.325242265121656,0.968409492958178,"Gene1886"
4.60563996574688,0.569173961586206,0.538165656958162,1.05761851249169,0.290229399125121,0.968409492958178,"Gene1887"
178.768766505502,0.00515878880987579,0.306215228248218,0.0168469374935661,0.986558724495654,0.995280092384691,"Gene1888"
72.9150774371478,-0.154183941763382,0.363335136406491,-0.42435736683304,0.671305207816924,0.978688851838128,"Gene1889"
56.9870969727996,-0.211941253580322,0.343595282829916,-0.616834002593789,0.537344221666656,0.971929674739245,"Gene1890"
28.3119420106699,0.324020431245133,0.368258228162929,0.879872889362235,0.378928172789003,0.968427398130227,"Gene1891"
42.5930652287496,0.270049445436429,0.310256612841934,0.870406735130608,0.384078167317606,0.971929674739245,"Gene1892"
498.964195299946,-0.0284870143146397,0.308728824441881,-0.0922719618621243,0.926481964506718,0.993667447874791,"Gene1893"
41.1052454908951,-0.424843285906008,0.311687610887492,-1.36304194028219,0.172869293103805,0.929409787345697,"Gene1894"
38.9376131418756,-0.100951819465317,0.36080867579432,-0.27979321517996,0.779636157396379,0.987834342341721,"Gene1895"
16.9286329078696,0.356867321203151,0.354865867002177,1.00564003018346,0.31458876051689,0.968409492958178,"Gene1896"
32.984087234567,-0.20636208562723,0.331858208418566,-0.621838123608954,0.534048315309262,0.971929674739245,"Gene1897"
62.7941931693054,0.106513308996816,0.287574145674926,0.370385553078262,0.711095236592903,0.983100626532256,"Gene1898"
10.9406028173152,-0.269654865281172,0.410007467018236,-0.657682815491697,0.510741966927648,0.971929674739245,"Gene1899"
231.082319895363,0.131228337287895,0.271714227515703,0.482964541414422,0.62912091340366,0.97558828300122,"Gene1900"
49.8840049664832,-0.00535813206259861,0.356382638573809,-0.0150347729733442,0.988004438692668,0.995483761612513,"Gene1901"
294.034740222553,-0.456833147634676,0.254712741944887,-1.79352294724825,0.0728893447699032,0.881272202192133,"Gene1902"
187.179251066826,-0.0665113887708863,0.272657875455799,-0.24393716359632,0.807279486028209,0.988014235932843,"Gene1903"
304.386696592421,0.035766114949284,0.295892164695785,0.120875505392501,0.903789643755493,0.993324607337472,"Gene1904"
11.851507394169,0.779852514685489,0.382156938343276,2.04066035819289,0.041284598226744,0.855211521816178,"Gene1905"
75.9439116907807,-0.537805844618877,0.307194302762105,-1.75070253511622,0.0799971625342918,0.884805430774937,"Gene1906"
35.0997511905535,-0.222187872277133,0.406618350420224,-0.546428541770214,0.584771395140301,0.974750912565024,"Gene1907"
50.7899267217533,-0.17715521512762,0.387935891618067,-0.456661059095903,0.647914684435724,0.975663866876592,"Gene1908"
23.5846136088195,0.601564687997678,0.340795429527362,1.76517827375786,0.0775338088289324,0.884675367923901,"Gene1909"
72.4330086161495,-0.0420765362495997,0.267009598515372,-0.157584358328517,0.874784329803849,0.993324607337472,"Gene1910"
53.1800638281383,-0.386385912874916,0.315008820000369,-1.22658760118038,0.219977631674775,0.956527096344285,"Gene1911"
3.72092894903385,-0.245119278577126,0.571085436667096,-0.429216475922873,0.667765693883096,0.978335395417781,"Gene1912"
141.537471259572,0.173361684344867,0.301358391538399,0.575267486197668,0.565110407339915,0.974750912565024,"Gene1913"
61.6386946522465,-0.024936104898621,0.339108341275887,-0.0735343306649419,0.941380926092479,0.993667447874791,"Gene1914"
14.6893216042262,0.0253377684562191,0.341450792162848,0.0742062078571333,0.940846306316879,0.993667447874791,"Gene1915"
13.8413432163196,0.0590489608533181,0.390497522561832,0.151214687524601,0.879806364552026,0.993324607337472,"Gene1916"
23.8472503782408,0.0539943865603661,0.349523737608523,0.154479884341479,0.877231370797136,0.993324607337472,"Gene1917"
5.50364848289766,-0.0758066942531811,0.470563423154102,-0.16109771929374,0.872016436523994,0.993324607337472,"Gene1918"
49.6445040631598,0.238182389273885,0.349913538588633,0.680689264652597,0.496068130602585,0.971929674739245,"Gene1919"
326.857464404875,0.0463686556635505,0.359440134693812,0.129002443489093,0.897355715361626,0.993324607337472,"Gene1920"
71.2942939799533,-0.474914815814422,0.280537414532395,-1.69287514325324,0.0904792356061057,0.884805430774937,"Gene1921"
94.1109213322977,-0.159259321641377,0.307158150035598,-0.518492905439494,0.604114408746619,0.974750912565024,"Gene1922"
8.90855487555803,-0.686330878952839,0.407857649125978,-1.68277064417847,0.0924194999617149,0.884805430774937,"Gene1923"
9.48981734358069,-0.210962732930646,0.449589175246025,-0.469234457914168,0.638902057960827,0.97558828300122,"Gene1924"
18.9569550663033,-0.11294322960528,0.360980818717215,-0.312878756291363,0.754372777883464,0.985695289546221,"Gene1925"
114.565905319503,0.181580512691358,0.309885516901371,0.585959984535679,0.557902405753655,0.974750912565024,"Gene1926"
19.1352671207173,-0.114658282915776,0.326412205569729,-0.351268368520866,0.725387023069976,0.983100626532256,"Gene1927"
110.978984395979,-0.0130154353286765,0.296567832911217,-0.043886874719056,0.964994577677939,0.995280092384691,"Gene1928"
37.1288752608455,0.186560766467276,0.326084903291749,0.572123286248428,0.567238454307684,0.974750912565024,"Gene1929"
81.0213230787853,-0.291110247912114,0.304472055074066,-0.956114832414749,0.339014221926812,0.968409492958178,"Gene1930"
15.3993492895392,-0.451654559116802,0.387478520683935,-1.16562476371488,0.243766191058755,0.967500350919431,"Gene1931"
15.894858739252,0.305784706832955,0.331910281803137,0.921287238140824,0.356900482182842,0.968409492958178,"Gene1932"
40.8227978866131,0.00758301723830693,0.286511522464122,0.0264667095169148,0.978885086249394,0.995280092384691,"Gene1933"
41.6409483812259,-0.0674753541736506,0.301811382922429,-0.223567956649909,0.823093499439985,0.989279079278785,"Gene1934"
7.04933229104105,-0.0886763174584505,0.442368828891631,-0.20045787964001,0.841122496554628,0.991530159859253,"Gene1935"
98.501582567045,-0.66071322826332,0.317535779532366,-2.08075206276392,0.0374566059857143,0.836461317578777,"Gene1936"
5.52219117488252,-0.159305312807925,0.506168508738045,-0.314727822963735,0.752968317336107,0.985695289546221,"Gene1937"
34.4027495495587,0.0961633102282968,0.330147274745102,0.291273978567723,0.770841787154417,0.987834342341721,"Gene1938"
48.609916371289,-0.15626165674435,0.314760474560351,-0.496446248413536,0.619579602065322,0.974844740565644,"Gene1939"
25.9885218727564,0.142472640728742,0.310511995589564,0.458831358377094,0.646355274081022,0.975663866876592,"Gene1940"
10.9226696632456,0.0713405155012408,0.381340838438759,0.187078089494204,0.851599406918354,0.99262228246635,"Gene1941"
30.7843918587127,-0.362862431926253,0.367765732250305,-0.986667326795107,0.323805752533827,0.968409492958178,"Gene1942"
41.4418943708628,-0.62153073195857,0.243366824832755,-2.55388437756746,0.0106528624747735,0.745692502351214,"Gene1943"
17.7267307678191,0.204755534526892,0.351469293683213,0.582570193774716,0.560182675354294,0.974750912565024,"Gene1944"
9.06254580274052,0.111975893716175,0.432566746429744,0.258863850816977,0.795740290552195,0.988014235932843,"Gene1945"
12.0006249611312,0.282797747004982,0.357876855411471,0.790209656558632,0.429405337452436,0.971929674739245,"Gene1946"
31.1034670730822,0.233553153736774,0.295665790142815,0.789922816650383,0.429572845361108,0.971929674739245,"Gene1947"
29.1086140085751,-0.248320521147062,0.330647672185274,-0.751012458384762,0.452645158078622,0.971929674739245,"Gene1948"
290.268511307254,0.111396126713905,0.214214696808655,0.52002093401373,0.603048984479254,0.974750912565024,"Gene1949"
11.7481495012446,-0.134157608271181,0.373332593990301,-0.359351448094205,0.719332191024525,0.983100626532256,"Gene1950"
80.2968351317171,0.32036103678447,0.295351801588485,1.08467608818188,0.278065142085717,0.968409492958178,"Gene1951"
36.3030862867914,-0.10882823741502,0.317590319940835,-0.342668622378964,0.731847770761813,0.983100626532256,"Gene1952"
54.6555086445121,-0.10064152317472,0.283685197837254,-0.354764802471142,0.722765798964786,0.983100626532256,"Gene1953"
23.329956656129,-0.0340431436756265,0.381800135817545,-0.0891648286157108,0.928950916706823,0.993667447874791,"Gene1954"
120.750785109644,-0.162096750579955,0.311948562073153,-0.51962653555025,0.603323899493798,0.974750912565024,"Gene1955"
7.06320653325963,0.112396059207458,0.460033644044282,0.24432138966914,0.806981918792935,0.988014235932843,"Gene1956"
63.0249763556951,-0.0355584987198442,0.294282821988024,-0.120831037570012,0.903824865785106,0.993324607337472,"Gene1957"
60.4076194547486,-0.223330024507126,0.330828381249894,-0.675063075493609,0.499635691767705,0.971929674739245,"Gene1958"
180.046221932158,0.626141485832642,0.258299182240142,2.4240939533851,0.0153466345358865,0.745692502351214,"Gene1959"
35.4352545661768,-0.205569189810679,0.314852232826796,-0.652906882587568,0.513816311597106,0.971929674739245,"Gene1960"
82.6231376135777,-0.0444947716624272,0.284703140281951,-0.156284794113484,0.87580854159976,0.993324607337472,"Gene1961"
95.1106387562411,-0.0633108218882828,0.337074679594053,-0.187824318232771,0.851014371832459,0.99262228246635,"Gene1962"
28.8139837696143,-0.0153686340880038,0.337682658250986,-0.0455120620277188,0.963699160754038,0.995280092384691,"Gene1963"
43.5908181415556,0.0302306582248889,0.30939476689025,0.0977090159886655,0.92216335609441,0.993667447874791,"Gene1964"
45.0290669239092,-0.400578865038903,0.273062166230874,-1.46698779464092,0.142379375624537,0.929409787345697,"Gene1965"
177.621693128888,0.344066454183665,0.328086413021324,1.04870680567105,0.29431308099594,0.968409492958178,"Gene1966"
73.1321615226618,0.171473841126089,0.328079535876251,0.522659362669813,0.601211322325921,0.974750912565024,"Gene1967"
79.2253112760474,0.206911778746307,0.298544521161779,0.693068417203285,0.488266616617597,0.971929674739245,"Gene1968"
1165.72473686293,0.196885607471199,0.289473782271713,0.680150049949579,0.496409456254752,0.971929674739245,"Gene1969"
94.4763124594168,-0.0871644620290511,0.302957600367241,-0.287711752150768,0.773567393323634,0.987834342341721,"Gene1970"
88.8987041547015,-0.482171620138887,0.314175720804984,-1.53471954772145,0.124852732089107,0.904458312225088,"Gene1971"
99.6630184748667,0.245395234007587,0.25620225648488,0.95781839463256,0.338154341924408,0.968409492958178,"Gene1972"
352.891790225341,-0.63714812541451,0.337107537335103,-1.89004413977594,0.05875205697714,0.880959564882428,"Gene1973"
136.236902783999,0.1660694629542,0.309695735404735,0.536234258237903,0.591796659662957,0.974750912565024,"Gene1974"
75.077284949767,0.27804447827116,0.361865317748141,0.768364539606637,0.442270641307798,0.971929674739245,"Gene1975"
30.3850558950183,0.432635288872566,0.34452602359844,1.25574052245418,0.209210062154464,0.956527096344285,"Gene1976"
81.471758744831,-0.351571061086336,0.293831354194741,-1.1965062818086,0.231499048656613,0.95949343556764,"Gene1977"
68.3268901105453,0.123296860815185,0.345769761844944,0.356586591485914,0.721401316896765,0.983100626532256,"Gene1978"
6.39023992296257,0.262943973370613,0.509449235981186,0.516133806470805,0.605760957901586,0.974750912565024,"Gene1979"
9.14740556911613,0.187242614393746,0.392014667048697,0.477641859176882,0.632905132360597,0.97558828300122,"Gene1980"
6.87130848355831,-0.573210390763207,0.490684827137696,-1.16818446192214,0.242732366672825,0.967234400368154,"Gene1981"
242.492044487645,0.495848855964043,0.252751464559797,1.9618040861905,0.049785297780491,0.868048926519087,"Gene1982"
110.022695173217,-0.00854484199059367,0.286661933452374,-0.0298080805068361,0.97622011431916,0.995280092384691,"Gene1983"
2.4411138957079,1.47068248085905,0.718366076388651,2.04726048347442,0.0406325156377575,0.852207259548584,"Gene1984"
90.9493024704709,0.128939754494052,0.306235327100205,0.421047942819024,0.673720073494978,0.978688851838128,"Gene1985"
42.5333948606608,-0.21556488822874,0.337651314253081,-0.63842454961442,0.523197354437913,0.971929674739245,"Gene1986"
39.4874024382003,0.124884582122522,0.301394359477495,0.414356069367142,0.678613356731335,0.978688851838128,"Gene1987"
20.0232990207451,-0.471100191334746,0.318698588541808,-1.47819980468142,0.13935430618226,0.925479262652286,"Gene1988"
12.0509523008932,0.180633580791484,0.394420639873972,0.457971927760174,0.646972609612039,0.975663866876592,"Gene1989"
147.712518635879,-0.0161160122482871,0.311944227741359,-0.0516631205679794,0.958797123499417,0.995137824442022,"Gene1990"
27.8542989835889,0.344801053279913,0.335218614536129,1.02858564032026,0.303674428568157,0.968409492958178,"Gene1991"
48.7744643791938,0.0469562797797214,0.360803018932798,0.130143810654942,0.89645264895792,0.993324607337472,"Gene1992"
91.5126988814604,0.255869905846624,0.304018495517329,0.841626116895376,0.39999726571695,0.971929674739245,"Gene1993"
95.6744059521163,0.0486011562559433,0.316884587745346,0.153371789400499,0.878105090454659,0.993324607337472,"Gene1994"
35.5937990281284,-0.00851354564445963,0.371131325230104,-0.0229394423636463,0.981698578208339,0.995280092384691,"Gene1995"
31.1991859224433,-0.0721082503884871,0.345394689075341,-0.208770582377884,0.834627337152332,0.990160265262619,"Gene1996"
76.3707864187068,0.330027254513437,0.297595785009731,1.10897825553089,0.267439562545854,0.968409492958178,"Gene1997"
11.8346538115686,0.0103636412955378,0.389930785030265,0.0265781561584921,0.978796195964737,0.995280092384691,"Gene1998"
76.9013385320506,-0.106027976136202,0.279824035986752,-0.378909466309111,0.704755094366176,0.983100626532256,"Gene1999"
54.8886372744602,0.118025836422672,0.285585075926284,0.413277325644066,0.67940344044087,0.978688851838128,"Gene2000"
55.8631465579239,-0.151307601093779,0.261491027823484,-0.578634006501813,0.562836153739865,0.974750912565024,"Gene2001"
38.9182735908958,0.532054310086849,0.314117431937341,1.69380701607474,0.0903019604541006,0.884805430774937,"Gene2002"
5.91836040348862,0.365403688045039,0.463917095264757,0.787648680712021,0.430902231465758,0.971929674739245,"Gene2003"
4.61476509770353,0.159107499456615,0.551156876752232,0.288679151377331,0.772826918552357,0.987834342341721,"Gene2004"
11.0088862559668,-0.505072903368157,0.393166082296083,-1.28462989589168,0.198921646494602,0.9400576154674,"Gene2005"
88.5805623039834,0.0760028911616341,0.296284634385645,0.256519854022225,0.797549451897044,0.988014235932843,"Gene2006"
42.6091663010466,-0.0550119942952233,0.32254272897015,-0.170557229644803,0.864571930844632,0.993324607337472,"Gene2007"
20.8219723001719,0.636231160012519,0.349167134522765,1.82213930552802,0.0684338510971399,0.880988181129152,"Gene2008"
20.0720487227019,0.232549689015903,0.385373882469554,0.603439152455474,0.54621658274545,0.97254944614089,"Gene2009"
101.183047728157,0.317077408401243,0.327619191850963,0.967823058868555,0.333132745605765,0.968409492958178,"Gene2010"
6.79996246727853,0.635805025692102,0.455555241003194,1.39567053227612,0.162813731958309,0.929409787345697,"Gene2011"
149.149067304457,-0.0921582654553806,0.325261992639385,-0.283335488132349,0.776919675773548,0.987834342341721,"Gene2012"
93.0048075863189,-0.033741703731764,0.320917242241002,-0.105141448605696,0.916263570323068,0.993667447874791,"Gene2013"
21.9305820586916,-0.262063524394642,0.4431934666721,-0.591307282488736,0.554314550974525,0.973957384146516,"Gene2014"
44.369742556345,-0.267262488279805,0.303010989412389,-0.882022426969038,0.377764679462033,0.968427398130227,"Gene2015"
119.177321990715,0.19554464424829,0.364188869234782,0.536931962415986,0.591314611942108,0.974750912565024,"Gene2016"
236.264532243265,-0.0153040235101327,0.255629703445276,-0.0598679390691738,0.952260814991694,0.995080860591229,"Gene2017"
287.427670759199,-0.0352880938805384,0.273176860318765,-0.129176731291813,0.89721780767046,0.993324607337472,"Gene2018"
88.6825492986338,-0.31339357951384,0.28123913063523,-1.1143313478675,0.265137063371486,0.968409492958178,"Gene2019"
41.3620021347444,0.236742303664701,0.314742498514899,0.752177747783541,0.451944173582935,0.971929674739245,"Gene2020"
86.3456791337336,0.552417395585299,0.310930375488702,1.77665946827177,0.0756242848348953,0.884675367923901,"Gene2021"
37.3068311900014,0.226517504195014,0.338629067528571,0.668925163005689,0.503543217767011,0.971929674739245,"Gene2022"
15.7957210561144,-0.243848829947275,0.358016566154447,-0.681110465268469,0.495801595601061,0.971929674739245,"Gene2023"
143.691184108942,-0.242139436865297,0.256002803893006,-0.945846815671973,0.344226723333302,0.968409492958178,"Gene2024"
162.7068441093,-0.228140853455953,0.335641921710887,-0.679715013824963,0.496684927594132,0.971929674739245,"Gene2025"
212.423890214372,-0.251538963787073,0.288735628350889,-0.871173970540925,0.383659170049488,0.971929674739245,"Gene2026"
390.45846352474,-0.0465751875650083,0.368092657521549,-0.126531150821126,0.899311492408515,0.993324607337472,"Gene2027"
330.300182301032,-0.557634209491349,0.293273098576997,-1.90141616192235,0.0572475242607224,0.880959564882428,"Gene2028"
151.712034869639,-0.323448322792868,0.287343402272306,-1.1256507726819,0.260313368149624,0.968409492958178,"Gene2029"
53.4712325823473,0.00167186466587529,0.272147622207124,0.00614322716589044,0.995098444721012,0.996884036576542,"Gene2030"
48.9491725255839,0.163155541254256,0.298057562338322,0.547396080053354,0.584106647769224,0.974750912565024,"Gene2031"
29.5542478510765,0.234741985298847,0.311281490483387,0.754114820429308,0.450780278971679,0.971929674739245,"Gene2032"
21.6423822740281,0.279232813278952,0.334435758750191,0.834937072286957,0.403753140159354,0.971929674739245,"Gene2033"
34.4559611789811,0.218930954689898,0.368545218244671,0.594040958481664,0.552484718607718,0.97254944614089,"Gene2034"
104.675176983151,0.0844444658474931,0.335199837786771,0.251922752722841,0.801100772519807,0.988014235932843,"Gene2035"
81.2010015161738,-0.371571312544986,0.235813968735511,-1.57569678563758,0.115095698595408,0.902314116979042,"Gene2036"
11.838214409284,0.128575032270488,0.358568369291163,0.358578846552089,0.719910173808912,0.983100626532256,"Gene2037"
231.935334345147,0.308562134435329,0.361608454836355,0.853304535080543,0.393490445796157,0.971929674739245,"Gene2038"
273.34254421269,-0.451678438207634,0.335632615856282,-1.34575251888226,0.178382342759187,0.930256481101684,"Gene2039"
355.862510332853,-0.0544389015825095,0.338609596079282,-0.160771880693432,0.872273073054535,0.993324607337472,"Gene2040"
12.2324770242201,-0.0848021253395283,0.389618437785514,-0.21765429229048,0.827698479286527,0.989279079278785,"Gene2041"
31.0181632442721,0.423784421525357,0.30941261425567,1.36964170819222,0.170798773248489,0.929409787345697,"Gene2042"
37.3891129269223,-0.204761236247257,0.270158608126098,-0.757929712725215,0.448493061533202,0.971929674739245,"Gene2043"
29.0004036040755,0.513380242157073,0.327516329033569,1.56749510374627,0.116999009788307,0.902314116979042,"Gene2044"
25.8033595924173,-0.128330274965149,0.32070352089548,-0.400152373153935,0.689044291234297,0.980588080757813,"Gene2045"
28.3374844028544,0.00766384711661445,0.382918051573061,0.0200143270476038,0.984031943523786,0.995280092384691,"Gene2046"
18.2266144625426,-0.0529492675656662,0.372196630912251,-0.142261544484935,0.886873420583158,0.993324607337472,"Gene2047"
26.0515680031795,-0.173715417853049,0.316690969863006,-0.54853290552678,0.583326041370782,0.974750912565024,"Gene2048"
33.8684557101024,0.382499337051928,0.27612175677457,1.38525606065952,0.165974184151873,0.929409787345697,"Gene2049"
75.4084713117213,-0.529980348045313,0.312357268505279,-1.69671207134517,0.0897511093516785,0.884805430774937,"Gene2050"
113.246070182071,-0.246273252152812,0.325197561054836,-0.757303502996705,0.44886805271958,0.971929674739245,"Gene2051"
177.790829005906,-0.126711071506648,0.364205470997696,-0.347910950265349,0.727907061300849,0.983100626532256,"Gene2052"
21.011241860703,-0.31919697777637,0.364848441767546,-0.874875540731344,0.381641628924637,0.971230574437108,"Gene2053"
53.5395857490205,0.121746737897491,0.327896081392568,0.371296715045924,0.7104165443891,0.983100626532256,"Gene2054"
750.711449915301,-0.231168851147581,0.273852124792789,-0.844137511521943,0.398592568294572,0.971929674739245,"Gene2055"
30.1682517748214,-0.10994194998527,0.32117222871484,-0.342314621737997,0.732114132981583,0.983100626532256,"Gene2056"
145.488347677821,-0.396326077732073,0.275730390715916,-1.4373681359644,0.15061341776744,0.929409787345697,"Gene2057"
21.7402992167651,0.0706945045540939,0.349574523263329,0.202230139353836,0.839736812079377,0.991417520064738,"Gene2058"
171.159203517032,-0.37653168841187,0.313777186593967,-1.1999970185822,0.230140498345011,0.95949343556764,"Gene2059"
115.03716582504,0.196255842474903,0.297762699477095,0.6591015020335,0.509830591210993,0.971929674739245,"Gene2060"
16.0061031932263,-0.0220932215465339,0.366529789588955,-0.0602767419568007,0.951935225486989,0.995080860591229,"Gene2061"
150.463721840279,-0.109665547467474,0.330642241061494,-0.331674341171301,0.740135177704685,0.985164603922037,"Gene2062"
220.019332855666,-0.138332782735111,0.320378245356883,-0.431779575361043,0.665901625515446,0.978335395417781,"Gene2063"
142.187418388942,-0.540342749773325,0.269739419237513,-2.0032027625059,0.045155529282076,0.8599581518489,"Gene2064"
2.02583728085771,0.357157284703497,0.729509941653121,0.489585219214633,0.624427437800979,0.97558828300122,"Gene2065"
61.611171031064,0.67341082300198,0.346569695895446,1.94307474363003,0.0520071281071417,0.874662833427186,"Gene2066"
365.49464305156,0.273512525094647,0.289105763709337,0.946063895736206,0.344115997284184,0.968409492958178,"Gene2067"
37.237774915639,0.318774242414217,0.301371051630038,1.05774672348273,0.290170927613104,0.968409492958178,"Gene2068"
26.9984918045047,0.331931076116943,0.404657123480097,0.820277357932807,0.412058010962192,0.971929674739245,"Gene2069"
46.2386201141791,-0.442871410907679,0.384001084341627,-1.15330770918782,0.248784106999706,0.968409492958178,"Gene2070"
3.47666801894367,-0.329423868120624,0.589890256126052,-0.558449414445372,0.576537537943283,0.974750912565024,"Gene2071"
13.7714628755569,-0.05816550956671,0.41998434369025,-0.138494471140592,0.889849638901477,0.993324607337472,"Gene2072"
44.6546721727552,0.0561915483155717,0.335974595962313,0.167249396206953,0.867173819180597,0.993324607337472,"Gene2073"
158.901572128763,-0.345413323653672,0.250763906830128,-1.37744433806282,0.168374912746137,0.929409787345697,"Gene2074"
59.2574819137695,-0.306649049122021,0.334333665058925,-0.917194650643318,0.359040649458687,0.968409492958178,"Gene2075"
114.302453140237,0.149146473616348,0.292453276337473,0.509983938235119,0.610062714452714,0.974844740565644,"Gene2076"
18.046763797404,-0.445819080145922,0.388764345392247,-1.1467591753974,0.251481166054347,0.968409492958178,"Gene2077"
272.372758879569,0.237072805634086,0.266070490433082,0.891015028567068,0.372921107809737,0.968409492958178,"Gene2078"
211.083170937305,0.35490641767665,0.315757776032602,1.12398314345869,0.261020177064567,0.968409492958178,"Gene2079"
118.021536830622,-0.00121690707008175,0.347192124563922,-0.00350499617930621,0.99720342338885,0.998202124864452,"Gene2080"
46.3991527795212,-0.0766803579023546,0.299509302848238,-0.256019953881728,0.797935429701059,0.988014235932843,"Gene2081"
157.053019936565,-0.330521913521426,0.290573169105655,-1.13748256433561,0.255336609343318,0.968409492958178,"Gene2082"
19.5252527289602,0.73154852492174,0.346622917925584,2.11050247138822,0.0348150985217188,0.827722666639615,"Gene2083"
15.9843847504908,-0.150832563303337,0.332157344605584,-0.454099738431018,0.64975704154067,0.975663866876592,"Gene2084"
4.13800822312443,0.409244719329392,0.528907388468878,0.77375496779144,0.439075707382586,0.971929674739245,"Gene2085"
63.4686844739581,-0.0351413464183328,0.305194578050331,-0.115144071833863,0.908330927915934,0.993548101559487,"Gene2086"
3.64429695749608,0.201555211390351,0.603130528031598,0.334181743458013,0.738242419476062,0.98415911739423,"Gene2087"
46.0296822707619,0.504030146671063,0.302581931373985,1.66576419280004,0.0957603906585628,0.884805430774937,"Gene2088"
86.9092322713921,0.255930856782392,0.307409215363323,0.832541264190504,0.405103496694726,0.971929674739245,"Gene2089"
142.125868305394,0.292999540305348,0.320162746298606,0.915158130334365,0.360108621595305,0.968409492958178,"Gene2090"
198.159304664861,0.0732673120334314,0.295918744510421,0.247592669922439,0.804449582731278,0.988014235932843,"Gene2091"
115.643946038043,0.426769535973927,0.300336834534483,1.42096968104299,0.155325573810389,0.929409787345697,"Gene2092"
19.8364775079043,-0.429068081559993,0.407996512271412,-1.0516464446504,0.292961790592855,0.968409492958178,"Gene2093"
142.466019994419,0.359102054977631,0.295813441473139,1.21394772728824,0.224767685883826,0.956527096344285,"Gene2094"
62.7998638352848,0.293359300730475,0.290648382493901,1.00932714028309,0.312817768149552,0.968409492958178,"Gene2095"
5.44472586649902,0.313108332286701,0.479642436939722,0.652795307863991,0.513888248968867,0.971929674739245,"Gene2096"
44.5691387901381,-0.0856176784584146,0.323524678638761,-0.264640332288261,0.79128654682766,0.988014235932843,"Gene2097"
7.05008759279945,-0.090493994030271,0.455146881234256,-0.198823715511071,0.842400644041828,0.991530159859253,"Gene2098"
16.6204339245626,-0.428572404390338,0.330344779868714,-1.2973488019416,0.194511199943143,0.935403690123011,"Gene2099"
22.2870083860788,-0.254495499565427,0.354411224759325,-0.718079681980309,0.472708157225625,0.971929674739245,"Gene2100"
29.0879689178481,-0.204543745451196,0.343601851354386,-0.595292908478054,0.551647695367553,0.97254944614089,"Gene2101"
152.619622122862,0.24439900391435,0.272545437179744,0.896727556488752,0.369864312525952,0.968409492958178,"Gene2102"
49.5823106536398,0.184716783181127,0.310417232230731,0.59505969386335,0.551803569736248,0.97254944614089,"Gene2103"
16.4551211797292,0.509063491945923,0.342514523723335,1.48625374016874,0.137212017720216,0.925479262652286,"Gene2104"
21.0928017820041,-0.34743101859403,0.339159403865648,-1.02438857550197,0.305651775916835,0.968409492958178,"Gene2105"
25.9628481338873,0.13605953032705,0.309725876035666,0.439290162218742,0.660451301615524,0.977404581876242,"Gene2106"
72.9331746557177,-0.0441305947107421,0.327179726015047,-0.134881813271989,0.892705319042419,0.993324607337472,"Gene2107"
94.571078234784,0.176333082639045,0.232459755860072,0.758553161112274,0.448119900674051,0.971929674739245,"Gene2108"
33.6635035390959,-0.298677748460278,0.290535755600933,-1.02802406486081,0.303938507849814,0.968409492958178,"Gene2109"
35.7956993267264,0.114725132268797,0.335557205560932,0.341894408367769,0.732430357827374,0.983100626532256,"Gene2110"
112.035097713158,0.737884525398159,0.332811146606637,2.21712683881437,0.026614425242224,0.809562793491777,"Gene2111"
21.7294592523734,0.180353426793059,0.328016409056988,0.549830501807991,0.582435635722036,0.974750912565024,"Gene2112"
40.3863389168803,0.464914108220889,0.267634871523356,1.73712082276362,0.0823658466412824,0.884805430774937,"Gene2113"
44.1884161425309,0.398169575685476,0.335506564907514,1.18677134021278,0.235317826431711,0.965069894296684,"Gene2114"
20.0034129774077,0.396058527069724,0.346918090984238,1.14164852558156,0.253600144950244,0.968409492958178,"Gene2115"
25.1465801842587,-0.0303392744859222,0.320122178767064,-0.0947740472177611,0.924494301382966,0.993667447874791,"Gene2116"
44.7417126540127,0.558487371682309,0.327898305371067,1.7032334798141,0.0885243835712546,0.884805430774937,"Gene2117"
17.1142051859809,0.269538803741888,0.344009811472368,0.783520686774185,0.433321410613513,0.971929674739245,"Gene2118"
47.3104467330125,-0.140734580722161,0.312052302211076,-0.45099677113411,0.651991876123358,0.975663866876592,"Gene2119"
12.8854522601081,-0.266325535793184,0.383271229239162,-0.694874844432938,0.487133738668068,0.971929674739245,"Gene2120"
85.9193353682282,-0.241082788365823,0.285459293943396,-0.844543490020779,0.398365771734518,0.971929674739245,"Gene2121"
34.7109006974924,0.306884561399457,0.407844631811802,0.752454580647925,0.451777733931995,0.971929674739245,"Gene2122"
126.802276273272,0.0171592661580198,0.336585469825461,0.0509804126925558,0.959341128656194,0.995185737511018,"Gene2123"
89.8898825995102,-0.157427624509597,0.303021535822645,-0.519526191701893,0.603393853055646,0.974750912565024,"Gene2124"
30.5177292456994,0.138717884043725,0.3417591841456,0.405893654008218,0.684820741038252,0.980098398362699,"Gene2125"
30.1219926762077,0.131283357693902,0.272665417045664,0.481481513557384,0.630174315375695,0.97558828300122,"Gene2126"
116.739587250905,-0.303001794575103,0.2777769770024,-1.09080960504687,0.275356669150706,0.968409492958178,"Gene2127"
118.409109744388,0.0128669691476517,0.304017569951777,0.0423231103047519,0.966241122430611,0.995280092384691,"Gene2128"
83.5088754690006,-0.148237821672572,0.282531212561063,-0.524677681905797,0.599807274643011,0.974750912565024,"Gene2129"
88.723364753404,-0.371650743908325,0.339240960613334,-1.09553617356936,0.273281806800515,0.968409492958178,"Gene2130"
5.9980944954427,0.00820065894785665,0.485720992599232,0.0168834764665463,0.986529574759148,0.995280092384691,"Gene2131"
60.2823526034993,-0.116974802437254,0.355829524147706,-0.328738326920556,0.742353482237982,0.985164603922037,"Gene2132"
9.87842557934102,-0.227735823914181,0.417433304286611,-0.545562181013274,0.585366926803609,0.974750912565024,"Gene2133"
62.2028610224777,0.472021101118221,0.304383742834193,1.55074346850169,0.120963172975544,0.904458312225088,"Gene2134"
18.6313257556412,-0.190572500994174,0.319497867386379,-0.596475033004551,0.550857928102156,0.97254944614089,"Gene2135"
53.8345094613425,-0.0625241405495392,0.366398672360675,-0.170645106726783,0.864502828040542,0.993324607337472,"Gene2136"
9.87295735371358,-0.228455009684578,0.385018343726605,-0.593361364223207,0.552939339579048,0.97254944614089,"Gene2137"
41.3654927091915,0.432559449156993,0.316372496375643,1.3672473243167,0.171547796391096,0.929409787345697,"Gene2138"
285.165190576344,-0.118901454796292,0.283296015006473,-0.419707473801124,0.674699164623978,0.978688851838128,"Gene2139"
595.920793639593,-0.238618000573593,0.255688573027817,-0.933236858213578,0.350697688124679,0.968409492958178,"Gene2140"
2.58702352408617,0.00720468361625421,0.690209279409628,0.0104384044538154,0.991671509492946,0.995483761612513,"Gene2141"
5.18315472648293,0.84234697518107,0.491821731010772,1.71270792254322,0.0867662868874438,0.884805430774937,"Gene2142"
8.6870864736806,0.930942611635852,0.448361955973783,2.07631936481758,0.0378644234585627,0.836461317578777,"Gene2143"
11.5578315132424,-0.34141343605173,0.406563854804042,-0.839753539370309,0.401046588249045,0.971929674739245,"Gene2144"
632.008768840603,-0.0410983911397951,0.286590681117468,-0.143404492356643,0.885970735258815,0.993324607337472,"Gene2145"
206.569089357717,0.0989447502049422,0.506472976851449,0.195360374052026,0.845110835801954,0.991530159859253,"Gene2146"
39.6498250155244,-0.640535967196669,0.338670727220451,-1.89132368319428,0.0585811491163867,0.880959564882428,"Gene2147"
158.991563772103,-0.35434731944003,0.345515103761826,-1.02556245901277,0.305097870460339,0.968409492958178,"Gene2148"
829.320966229952,0.284631018119421,0.315624802131449,0.901801810875687,0.367162157663941,0.968409492958178,"Gene2149"
113.323785324294,0.188295766275043,0.254203608511083,0.740728140634691,0.458858293247626,0.971929674739245,"Gene2150"
446.304657461196,-0.264900461773503,0.28516233725233,-0.928946172646571,0.35291698265496,0.968409492958178,"Gene2151"
12.3185654481545,-0.766894204572824,0.398373613588221,-1.92506275118292,0.0542215082460725,0.880959564882428,"Gene2152"
11.5774229439547,0.601949033397232,0.369113028480564,1.63079866314968,0.102932809635805,0.897689379140202,"Gene2153"
149.520232863905,0.220055815951433,0.255728189343852,0.860506682959171,0.38950980122117,0.971929674739245,"Gene2154"
165.525139993071,0.0950529757651756,0.258657371112704,0.367486050586042,0.713256495111822,0.983100626532256,"Gene2155"
141.583692582935,-0.492895628419614,0.288443374203601,-1.70881244812959,0.0874856961533784,0.884805430774937,"Gene2156"
116.69118045109,0.296649697483604,0.235530460584348,1.25949610401822,0.207851196561674,0.956527096344285,"Gene2157"
31.6486616493461,0.0737819107772561,0.301944123205563,0.244356174228387,0.806954980965702,0.988014235932843,"Gene2158"
172.550176184203,0.156551567202011,0.260040089379184,0.602028585576016,0.547155109610262,0.97254944614089,"Gene2159"
516.492233318221,-0.403909034094122,0.344930013385378,-1.17098836987215,0.241603451986863,0.967234400368154,"Gene2160"
228.608028293937,0.18996928935451,0.3639441483611,0.521973742976698,0.601688612402579,0.974750912565024,"Gene2161"
10.6962753173569,0.0542440484057777,0.404151114104951,0.134217243285123,0.893230791110941,0.993324607337472,"Gene2162"
116.503301787053,0.0204480013456284,0.316631241602291,0.064579860288431,0.948508520392251,0.994388179241344,"Gene2163"
41.9860260252197,-0.427163743849477,0.29522202605886,-1.44692369181259,0.147918296807459,0.929409787345697,"Gene2164"
63.5096632386464,0.252514463926604,0.276750472309321,0.912426496762655,0.361544246471275,0.968409492958178,"Gene2165"
38.4458441468525,-0.503040645554435,0.276277423177422,-1.82078086500535,0.0686401741278315,0.880988181129152,"Gene2166"
10.4559639534233,0.566787681489826,0.653288078300339,0.867592261846319,0.385617584106314,0.971929674739245,"Gene2167"
67.5532178651946,0.390578710965077,0.314581882166692,1.24158043773836,0.214391403099312,0.956527096344285,"Gene2168"
295.099784746018,0.428118972556036,0.307689270860348,1.39140039351697,0.164104045368914,0.929409787345697,"Gene2169"
393.805101194534,0.405054966154167,0.257251664292142,1.5745475049451,0.115360928067428,0.902314116979042,"Gene2170"
97.2300239367511,-0.217496233339855,0.274341798772305,-0.792792911299567,0.427898487219708,0.971929674739245,"Gene2171"
20.7287781746577,-0.680608626139655,0.328529780849416,-2.07168015143083,0.0382952795810214,0.836461317578777,"Gene2172"
26.117381611268,0.192563806629687,0.386932595747273,0.497667575040539,0.618718365898949,0.974844740565644,"Gene2173"
30.3289641711787,-0.0683368366231451,0.389698821611221,-0.175358078683955,0.860798278492672,0.993324607337472,"Gene2174"
112.647940537565,-0.333488249889049,0.29920779400809,-1.11457073167029,0.265034418393234,0.968409492958178,"Gene2175"
36.2453897111015,0.0772089253088805,0.320691041616096,0.240757973530512,0.809742703835722,0.988482483662903,"Gene2176"
1575.5207637123,0.0394353529252818,0.272528361226907,0.144701831206654,0.884946293283578,0.993324607337472,"Gene2177"
40.2552265561527,0.0959344037612546,0.316014010973648,0.303576425189751,0.761450614407711,0.98639675532867,"Gene2178"
65.1965366920072,0.181685023227653,0.394544018706339,0.460493670195219,0.645161913865981,0.975663866876592,"Gene2179"
47.9750936116883,-0.187971836272645,0.266054408735628,-0.70651652481891,0.47986697996516,0.971929674739245,"Gene2180"
21.9592117043793,-0.218070761920124,0.313630804436989,-0.695310405849932,0.486860794413872,0.971929674739245,"Gene2181"
139.080775959079,0.563522527945506,0.302051346485245,1.86565143477363,0.062090148463675,0.880988181129152,"Gene2182"
26.1519294523094,-0.231994067369043,0.33454686124981,-0.693457611595437,0.488022418273173,0.971929674739245,"Gene2183"
50.9855425882562,0.140479771790374,0.293591920551077,0.478486504419779,0.632303977452574,0.97558828300122,"Gene2184"
39.2187912165374,0.24748612420131,0.276589993748349,0.894776129994353,0.37090677280714,0.968409492958178,"Gene2185"
2.59690020546024,-0.354891351917758,0.681367228180395,-0.520851806837706,0.602470010021634,0.974750912565024,"Gene2186"
122.804119298721,0.148853026004201,0.358734435409904,0.414939329239793,0.67818631782865,0.978688851838128,"Gene2187"
66.3752345900476,0.34324535361447,0.349012027722954,0.983477147919207,0.325372656956298,0.968409492958178,"Gene2188"
20.0853701516527,0.332783738877691,0.314040634842671,1.05968369043837,0.289288525091824,0.968409492958178,"Gene2189"
265.490968280517,0.35446180625207,0.259934086724339,1.36366034450871,0.172674490292246,0.929409787345697,"Gene2190"
11.6780776549535,-0.0716317389950323,0.362778437077473,-0.197453133025475,0.843472953801707,0.991530159859253,"Gene2191"
7.70065427132496,0.282512158164883,0.441453679863834,0.63995877948514,0.52219939820698,0.971929674739245,"Gene2192"
20.9308378547298,0.120958830810368,0.35086872295107,0.344740989715506,0.730289099680346,0.983100626532256,"Gene2193"
12.9013219323732,-0.227086865918333,0.422572687680213,-0.537391252532118,0.590997384367743,0.974750912565024,"Gene2194"
147.161173899588,-0.0695738753416798,0.226425754248317,-0.307270149425579,0.758637754668115,0.98608504988653,"Gene2195"
51.5730185740998,-0.04252534935134,0.337778620465648,-0.125897101754742,0.899813376887292,0.993324607337472,"Gene2196"
31.4088580685979,-0.00656677815025979,0.300026119041284,-0.0218873549117775,0.98253781167878,0.995280092384691,"Gene2197"
48.5783114656696,-0.218162846901101,0.313704038150366,-0.695441627680068,0.486778580546099,0.971929674739245,"Gene2198"
18.3672625327953,-0.95252483617912,0.347829250368782,-2.73848399802264,0.00617231641049137,0.745692502351214,"Gene2199"
62.2612454673422,0.339172580170829,0.359352799331981,0.943842877532425,0.34524994592612,0.968409492958178,"Gene2200"
62.8506373279505,-0.153138142334924,0.362660325947049,-0.422263289856755,0.67283285009559,0.978688851838128,"Gene2201"
43.190461643778,0.254184543454596,0.325954555527863,0.779815895019351,0.435499248995639,0.971929674739245,"Gene2202"
51.047884571774,0.157356843095658,0.294860260043086,0.533665822151364,0.59357275951402,0.974750912565024,"Gene2203"
16.8517544374973,0.175612457153612,0.333489267837518,0.526591030327169,0.598477622174569,0.974750912565024,"Gene2204"
198.039350698393,0.0690872595691532,0.329141823385108,0.209901187453527,0.833744795422483,0.989424480233546,"Gene2205"
7.37342582230759,0.107336110564706,0.468794241765212,0.228962092538807,0.818898379278918,0.988576747131375,"Gene2206"
880.050086095403,0.754816879719737,0.262057088781176,2.88035283926255,0.00397230344899258,0.745692502351214,"Gene2207"
310.429985802394,0.123093638061414,0.305930034689681,0.402358788297047,0.68741999514204,0.980137353986404,"Gene2208"
117.823416912932,0.0942341935626834,0.270854815581066,0.347914041552196,0.727904739659173,0.983100626532256,"Gene2209"
9.32337381492144,-0.572532364476837,0.418892746863657,-1.36677554997911,0.17169566872514,0.929409787345697,"Gene2210"
84.5113543930915,-0.494966361863743,0.317273626994132,-1.56006147297234,0.118745354925863,0.902314116979042,"Gene2211"
6.23292099142114,0.578128677818979,0.511720652309,1.12977397963192,0.25857147509426,0.968409492958178,"Gene2212"
44.1525848813494,-0.45008744127786,0.346211331399421,-1.30003671300579,0.193588386559268,0.933614438436613,"Gene2213"
135.925028924082,-0.23259942979905,0.310263991385792,-0.749682322979687,0.453446056429428,0.971929674739245,"Gene2214"
130.148458706155,0.0128952104293554,0.34709767390096,0.0371515322601525,0.970364183561407,0.995280092384691,"Gene2215"
40.70064499001,-0.227636490877803,0.308491269645213,-0.737902538180742,0.460573676473327,0.971929674739245,"Gene2216"
40.9510512171268,-0.410153752426508,0.321106154272552,-1.27731514008409,0.20149101058263,0.946581642506323,"Gene2217"
68.0510743689345,-0.211975550295577,0.260945366382206,-0.812336901146952,0.416598341927641,0.971929674739245,"Gene2218"
5.7573219832882,-0.0323400006048767,0.485888182524638,-0.0665585247141441,0.946933164972643,0.994341115772533,"Gene2219"
27.0569118411174,0.305378851302675,0.313090572740914,0.975369039793412,0.329377235336357,0.968409492958178,"Gene2220"
461.200913391289,0.295105188369651,0.338126129401817,0.872766588289777,0.382790314520019,0.971929674739245,"Gene2221"
5.34043003725616,-0.798790360822761,0.487667027044818,-1.63798312480403,0.101425214079493,0.893661461288914,"Gene2222"
367.460251813728,-0.402785780492777,0.296769305783286,-1.35723530918966,0.174706454862981,0.930256481101684,"Gene2223"
64.1554108777068,-0.0842313610937632,0.284995358491744,-0.295553448798371,0.767571128557775,0.987834342341721,"Gene2224"
36.5539544228359,0.131648406718532,0.308507424174104,0.426726867500722,0.669578278874464,0.978688851838128,"Gene2225"
877.538038605703,-0.015697020510281,0.272639305986977,-0.0575743121611039,0.954087711647705,0.995080860591229,"Gene2226"
42.1799735917676,0.58748992168992,0.322787865783336,1.82004958663551,0.0687514538550014,0.880988181129152,"Gene2227"
490.008141275677,-0.262571076697532,0.327105296652841,-0.802711173999119,0.422141692939848,0.971929674739245,"Gene2228"
50.0309547911603,-0.455843028042277,0.332815559519567,-1.36965660109253,0.170794122054988,0.929409787345697,"Gene2229"
98.8848278024468,0.526130621658168,0.297634124664327,1.76770933861008,0.0771095079869951,0.884675367923901,"Gene2230"
26.2010093796268,0.233165104883378,0.353651765205603,0.659307058025915,0.509698611003125,0.971929674739245,"Gene2231"
15.6986773483066,-0.596345575970661,0.367764794547441,-1.62154068255637,0.104901732382189,0.897689379140202,"Gene2232"
3.32256450005277,0.801389446089151,0.590751240015742,1.3565599050927,0.174921088868811,0.930256481101684,"Gene2233"
21.794963970031,0.0417390634637773,0.330955711592395,0.12611676427323,0.899639497456337,0.993324607337472,"Gene2234"
137.804656371753,0.284551188487743,0.277289791559149,1.02618703302334,0.30480343230411,0.968409492958178,"Gene2235"
14.8457986925843,0.028765527291665,0.373314083382198,0.0770544926434371,0.938580194923349,0.993667447874791,"Gene2236"
12.9783693261004,-0.168193462324205,0.385150729124695,-0.436695167905943,0.66233243405758,0.977404581876242,"Gene2237"
32.5971919633878,0.269077720715522,0.3465888080718,0.776360097178266,0.437536398115819,0.971929674739245,"Gene2238"
70.4825822604273,0.335376525752305,0.273224310558617,1.22747688544484,0.219643404293738,0.956527096344285,"Gene2239"
32.0214794232202,0.281584568491931,0.270772651583139,1.03992987048573,0.298372483602354,0.968409492958178,"Gene2240"
243.12382652581,-0.84157052931985,0.309204260335173,-2.72173005768938,0.00649411655514374,0.745692502351214,"Gene2241"
93.2027145898244,-0.0745452399484361,0.27079577870331,-0.275282134401768,0.783099489112519,0.988014235932843,"Gene2242"
52.6994189815705,-0.125810386229949,0.343399490607302,-0.366367422407799,0.714090925531493,0.983100626532256,"Gene2243"
13.5282619370784,-0.319382903426991,0.396392015225443,-0.805724866191731,0.420401508389759,0.971929674739245,"Gene2244"
12.4166567344211,0.219734678896516,0.35455401262759,0.6197495193132,0.535422708191037,0.971929674739245,"Gene2245"
83.5340011016555,0.212249130408403,0.297718256788913,0.712919431605066,0.475895614156827,0.971929674739245,"Gene2246"
30.5548844559856,0.509512700031081,0.350595537957238,1.45327776559788,0.146146648094936,0.929409787345697,"Gene2247"
217.853163623675,-0.374768855655938,0.335849773079116,-1.11588241439024,0.264472470223377,0.968409492958178,"Gene2248"
8.6470453109554,0.14223482924853,0.432801866149762,0.328637282722143,0.742429864373431,0.985164603922037,"Gene2249"
75.2395280320313,-0.330025589154289,0.306775111781156,-1.0757899727854,0.282021197760477,0.968409492958178,"Gene2250"
25.9691703241763,0.482032553159982,0.292710269083987,1.6467907144784,0.0996010706015735,0.88760552491429,"Gene2251"
323.118367648816,0.122885529194144,0.261076150557065,0.470688452131457,0.637863232099257,0.97558828300122,"Gene2252"
89.5838022268976,-0.380927701686647,0.314426917746764,-1.21149838066168,0.225704454908906,0.958944113417433,"Gene2253"
12.8930833065819,0.391932719300709,0.364527090124976,1.07518132374287,0.282293555324527,0.968409492958178,"Gene2254"
12.4713416822189,0.536828262542462,0.39123478322126,1.37213838228403,0.170020362857821,0.929409787345697,"Gene2255"
65.31179623788,0.302083014612819,0.279403298126125,1.08117197126448,0.279620623436394,0.968409492958178,"Gene2256"
33.3363006186605,0.428137848542682,0.292550706944201,1.46346543823031,0.143340064111125,0.929409787345697,"Gene2257"
46.1201639124413,-0.00927414909348959,0.374828436038533,-0.0247423839864065,0.980260447885148,0.995280092384691,"Gene2258"
38.7314415503796,-0.152967477913985,0.346593693564043,-0.441345243016432,0.658963077067931,0.977201180310678,"Gene2259"
96.248784550418,0.141349496861855,0.351877219407612,0.401701187419344,0.687903950542727,0.980477716317227,"Gene2260"
13.4711123619622,0.394824687322449,0.371758775391568,1.0620453731229,0.288215087430667,0.968409492958178,"Gene2261"
3517.47320813276,-0.326674693557697,0.361537973928969,-0.903569519980432,0.36622370950705,0.968409492958178,"Gene2262"
83.340859226694,-0.394276366392898,0.29349159201333,-1.34339918799102,0.179142749689845,0.930256481101684,"Gene2263"
30.0738670210527,0.127474928881543,0.338423326986157,0.376672997150568,0.706416632425321,0.983100626532256,"Gene2264"
42.6015748072279,0.349160700379082,0.278005201785534,1.25595024170965,0.209134011122043,0.956527096344285,"Gene2265"
95.0032036381875,0.293893921872755,0.292589796706042,1.00445717923658,0.315158301167152,0.968409492958178,"Gene2266"
92.1355139320403,0.188663814148198,0.264431991986519,0.713468187910545,0.47555609159834,0.971929674739245,"Gene2267"
6.39314510164443,-0.103328290854553,0.477574633669948,-0.216360509059121,0.828706746410716,0.989424480233546,"Gene2268"
4.05722213337805,-0.339061848422003,0.589406074777156,-0.575260186366753,0.565115343538867,0.974750912565024,"Gene2269"
47.3429580070059,0.230425922402863,0.279015711611541,0.825852856356964,0.408887566265121,0.971929674739245,"Gene2270"
149.13032510609,0.00376459275740156,0.298580852873199,0.0126082859003699,0.989940309872213,0.995483761612513,"Gene2271"
62.0298648971459,0.0526330117906422,0.296341068209335,0.177609577061598,0.859029602725998,0.993324607337472,"Gene2272"
158.862566361905,0.37362745783122,0.276666574609908,1.35046114030228,0.176868110480917,0.930256481101684,"Gene2273"
91.7592416349031,-0.0979206273327463,0.295394983925188,-0.331490487859962,0.740274024816943,0.985164603922037,"Gene2274"
80.5473487482331,0.4886765994761,0.330150781230313,1.48016187529539,0.138830052082753,0.925479262652286,"Gene2275"
425.593201787786,-0.119396239312808,0.302392056678908,-0.394839205183183,0.692961559217558,0.980686753497532,"Gene2276"
17.5584046246876,-0.0645432218373627,0.423561952719636,-0.152382010289024,0.878885645085946,0.993324607337472,"Gene2277"
19.6226910773603,0.152386408334411,0.319261232478797,0.477309465829152,0.633141771459149,0.97558828300122,"Gene2278"
104.998486974896,0.246801669908014,0.394577275272243,0.625483740131083,0.531653616839526,0.971929674739245,"Gene2279"
72.529132971204,-0.3805592582065,0.370568191852549,-1.02696147854462,0.304438603353869,0.968409492958178,"Gene2280"
3.6485541482982,0.0725812658962867,0.902971058878653,0.0803805007731047,0.935934634846482,0.993667447874791,"Gene2281"
117.792973156105,-0.54900954501793,0.287887356696449,-1.90702902453897,0.0565168290744489,0.880959564882428,"Gene2282"
12.6967720581056,-0.531711339341555,0.397571506494363,-1.33739800427346,0.181092755555496,0.930256481101684,"Gene2283"
10.4557605416802,-0.190521527665934,0.397125843368299,-0.47975101809036,0.631404445946092,0.97558828300122,"Gene2284"
461.363299441852,-0.430547384546673,0.327235139891303,-1.31571256280633,0.18827053602487,0.932812699338567,"Gene2285"
203.014088973487,0.316678966410701,0.268086620059822,1.18125614154125,0.237500984673837,0.967234400368154,"Gene2286"
18.3096190476233,-0.0693216502481926,0.354954529686506,-0.195297268947144,0.845160234972856,0.991530159859253,"Gene2287"
346.964829018945,-0.242583347816963,0.313104374950149,-0.77476831122397,0.438476577408914,0.971929674739245,"Gene2288"
28.2182861952572,0.0750429681327426,0.314262022062437,0.238791081532063,0.811267586117136,0.988482483662903,"Gene2289"
192.762329771996,0.178368098886628,0.336548598474709,0.529992101274588,0.596117407267496,0.974750912565024,"Gene2290"
305.021317888977,0.219902107923549,0.300624323975935,0.731484748190742,0.464483117105676,0.971929674739245,"Gene2291"
300.356889221614,0.273868675347853,0.307792051178746,0.889784756620656,0.373581473110888,0.968409492958178,"Gene2292"
209.475596630442,-0.128764473449112,0.243411829511991,-0.528998420936518,0.596806545284176,0.974750912565024,"Gene2293"
36.6628573682845,0.511272529808013,0.327610209383542,1.56061232270528,0.118615249498294,0.902314116979042,"Gene2294"
28.198453943637,0.141100058576446,0.320255249733253,0.440586247045041,0.659512561093993,0.977294842550164,"Gene2295"
219.150202369671,-0.162710745662635,0.324034901353815,-0.50213956886382,0.615569348125237,0.974844740565644,"Gene2296"
49.4454013808292,-0.0860350943929681,0.322502582907087,-0.26677334989827,0.789643674541555,0.988014235932843,"Gene2297"
26.3733972631248,-0.0834558298799258,0.387638728274532,-0.215292806916911,0.829539037391735,0.989424480233546,"Gene2298"
15.2261580110408,-0.358516044588479,0.448889801497199,-0.798672733024245,0.424480201412872,0.971929674739245,"Gene2299"
232.456223904175,0.122674810961069,0.29697477620019,0.41308158400084,0.679546841549332,0.978688851838128,"Gene2300"
143.858709399721,-0.361504340523886,0.308108783981747,-1.17330098756712,0.240675126399256,0.967234400368154,"Gene2301"
321.819557260111,0.195182520614283,0.234542272284454,0.83218482840298,0.405304626124448,0.971929674739245,"Gene2302"
25.8139936946847,0.179573640811646,0.301120543769896,0.596351343430322,0.550940537982864,0.97254944614089,"Gene2303"
65.3911605506065,-0.499299953999579,0.241910035330148,-2.063990248764,0.0390186409506534,0.838691002799528,"Gene2304"
13.5107168760703,0.167103554849689,0.400647499611384,0.417083733236259,0.676617162686506,0.978688851838128,"Gene2305"
55.7208437031396,-0.0494124908448196,0.309027641608523,-0.159896670044214,0.872962471690624,0.993324607337472,"Gene2306"
20.4917318292052,-0.385252618825961,0.642905213372134,-0.599237042744222,0.5490148241085,0.97254944614089,"Gene2307"
74.1999375208496,-0.0485613834251576,0.335917814035115,-0.144563287197628,0.885055685242738,0.993324607337472,"Gene2308"
45.2326149563349,0.0792661339704288,0.29582786048416,0.267946818263499,0.788740255099379,0.988014235932843,"Gene2309"
376.852334113036,0.0459631585750496,0.283621654733722,0.16205800159442,0.871260178808284,0.993324607337472,"Gene2310"
83.2321327051503,0.269741524470215,0.365212259000598,0.738588362856058,0.460156992746342,0.971929674739245,"Gene2311"
30.1161919989939,0.0112749362532588,0.330828103678121,0.034080950584019,0.972812598891828,0.995280092384691,"Gene2312"
5.02987892380714,-0.364054107467591,0.516926884500902,-0.704266151332193,0.481267041610393,0.971929674739245,"Gene2313"
30.0618260272805,0.34626026123479,0.404869154802269,0.855239914248092,0.392418343645637,0.971929674739245,"Gene2314"
25.2650539554594,0.156584396141009,0.299298248012367,0.523171776583669,0.600854720075255,0.974750912565024,"Gene2315"
172.83725735008,-0.437674564613605,0.326812327246105,-1.33922293660611,0.180498107642929,0.930256481101684,"Gene2316"
91.432268026321,0.217244456390885,0.279368957118133,0.777625612494311,0.436789757209327,0.971929674739245,"Gene2317"
29.1487901523077,0.675535600567794,0.349653145818012,1.93201636721266,0.0533574857501257,0.880959564882428,"Gene2318"
62.056356726942,-0.195107326698466,0.31206563384854,-0.625212473069562,0.531831616620671,0.971929674739245,"Gene2319"
66.3083972799514,-0.0328953514793348,0.275944589743552,-0.119209988896343,0.905108993089253,0.993324607337472,"Gene2320"
84.4545380526932,-0.337066474606668,0.26709050781228,-1.261993461945,0.206951138999398,0.956527096344285,"Gene2321"
34.3087015539628,-0.316057589328396,0.321750942516127,-0.982305092432025,0.325949566498372,0.968409492958178,"Gene2322"
208.918892183566,0.35062617405041,0.2692201849881,1.30237698954819,0.192787544656703,0.933047627279128,"Gene2323"
252.106499581143,-0.289601631134688,0.312241653460059,-0.927491985535919,0.353671151022655,0.968409492958178,"Gene2324"
12.3276264939825,0.508776901978759,0.352969884439592,1.44141731180988,0.149466822357519,0.929409787345697,"Gene2325"
175.736255981254,-0.119516685699386,0.311384454905186,-0.383823546155438,0.701109234997209,0.983100626532256,"Gene2326"
18.6802233084249,0.598503729136102,0.401404578673457,1.49102367270949,0.135955279860576,0.922774934515247,"Gene2327"
74.3317240059054,0.293834002180369,0.327122299389028,0.898238985019265,0.36905815348245,0.968409492958178,"Gene2328"
194.457338650544,-0.0143593065605317,0.334975093494729,-0.0428667887236745,0.965807723162418,0.995280092384691,"Gene2329"
91.0075332325353,0.0683526929697043,0.278249971747774,0.245652111086876,0.805951546137091,0.988014235932843,"Gene2330"
54.9390603528385,0.0320837741507022,0.396553192449155,0.0809066091551284,0.935516223853859,0.993667447874791,"Gene2331"
50.3898670579569,-0.0587854914288365,0.380252564434722,-0.154595910526537,0.877139894163934,0.993324607337472,"Gene2332"
767.860206538572,-0.770604751691675,0.28179579883935,-2.7346211507255,0.00624521086146054,0.745692502351214,"Gene2333"
320.704146057942,0.0781755806652811,0.333392273158072,0.234485280431846,0.814608259206117,0.988493764049844,"Gene2334"
56.0665452114804,0.0599507931354881,0.302606591960306,0.198114630441864,0.842955378266748,0.991530159859253,"Gene2335"
42.619700526419,-0.306795633806107,0.346763160015132,-0.884741140877591,0.376296261166037,0.968409492958178,"Gene2336"
418.134773652608,-0.122621412767884,0.27584640258528,-0.44452786630043,0.656660986388331,0.976315171363787,"Gene2337"
60.3973966697578,1.19828047973134,0.273281207819583,4.38478916750992,1.16098167077923e-05,0.0464160471977535,"Gene2338"
79.8480753785418,-0.317467936559012,0.375768539826167,-0.844849695788462,0.398194763826941,0.971929674739245,"Gene2339"
276.597230875673,0.0200965403579947,0.347639553963761,0.0578085552373295,0.953901123483482,0.995080860591229,"Gene2340"
22.5434498267026,0.40502854163361,0.408651750431996,0.991133749471143,0.321620275156798,0.968409492958178,"Gene2341"
27.6984290771854,0.519435107964518,0.355951244557195,1.45928723640424,0.144486066889372,0.929409787345697,"Gene2342"
41.5459158993386,-0.349991808520463,0.292401020499694,-1.19695823195948,0.231322835127759,0.95949343556764,"Gene2343"
59.3484742963827,0.347904627638244,0.30360453603149,1.14591380018828,0.251830820562832,0.968409492958178,"Gene2344"
3.57722946981802,-0.118165829312346,0.578032858423483,-0.204427529664367,0.838019418843315,0.990969518481345,"Gene2345"
32.6127344694168,-0.225363647975853,0.390491921358626,-0.577127555396672,0.563853291035939,0.974750912565024,"Gene2346"
105.943103682431,0.164673375023095,0.331596316306118,0.496607974592439,0.61946552848156,0.974844740565644,"Gene2347"
81.7048863474999,-0.0692573941003219,0.381461941911055,-0.181557808239939,0.855929762583842,0.993324607337472,"Gene2348"
82.869485378343,0.206700891317913,0.321518828445395,0.6428889167,0.52029618158572,0.971929674739245,"Gene2349"
9.40669180162217,-0.0403624106366622,0.481089300032851,-0.0838979595553383,0.933137561881453,0.993667447874791,"Gene2350"
61.8420156266418,0.473567536225508,0.335458480537192,1.41170238256357,0.158037611536323,0.929409787345697,"Gene2351"
50.7643520478507,0.234691344574312,0.302895806796392,0.774825333689984,0.438442877372427,0.971929674739245,"Gene2352"
65.7411384757616,-0.399821099021615,0.298160989610067,-1.34095711026616,0.179934378206403,0.930256481101684,"Gene2353"
148.419580604451,-0.466564441611913,0.247712184384087,-1.88349411544685,0.0596334365673098,0.880988181129152,"Gene2354"
335.952602714991,-0.142908481689775,0.256900776919954,-0.556278900372117,0.578020208882097,0.974750912565024,"Gene2355"
37.8200323826682,0.21464532359282,0.330167445196715,0.650110502157273,0.515620845890271,0.971929674739245,"Gene2356"
23.5740129769582,-0.101627668076995,0.3508281090325,-0.289679377052368,0.772061534900134,0.987834342341721,"Gene2357"
32.9165994596487,-0.129805962779402,0.324873534046779,-0.399558440980026,0.689481771496244,0.980588080757813,"Gene2358"
152.171946521311,-0.670994567127882,0.343763867741807,-1.95190545049328,0.050949431061389,0.868048926519087,"Gene2359"
48.5252230090693,0.420794833451006,0.301594888971984,1.39523197785389,0.16294589686902,0.929409787345697,"Gene2360"
27.8178584394467,0.0899177127404401,0.332809978064604,0.270177334415694,0.787023829014125,0.988014235932843,"Gene2361"
50.007391605321,-0.286894365485885,0.315901896131404,-0.908175509546633,0.363785501079985,0.968409492958178,"Gene2362"
205.28428173206,-0.182391829972402,0.317633055637832,-0.574221815818713,0.565817708383574,0.974750912565024,"Gene2363"
19.6592600798011,-0.147341789401162,0.315094082908597,-0.46761204793523,0.640062047601851,0.97558828300122,"Gene2364"
34.6130121395796,-0.391364375172581,0.326388008388219,-1.1990770650712,0.230497981142732,0.95949343556764,"Gene2365"
16.2001776638866,0.0668496198666792,0.349201985610045,0.191435394474906,0.848184492029549,0.992123910544398,"Gene2366"
788.36319983189,0.276300752911268,0.309845442570076,0.8917373469154,0.372533730624887,0.968409492958178,"Gene2367"
28.5322659439747,0.677911540816465,0.289149461200431,2.34450217545643,0.0190524993776646,0.769535548841249,"Gene2368"
165.233119074044,-0.390098199838153,0.257831649917882,-1.51299578605806,0.130280729248896,0.909009346487062,"Gene2369"
60.5711611537914,0.237047838932894,0.302975121918538,0.782400341756872,0.433979333026968,0.971929674739245,"Gene2370"
41.3701999096207,-0.126527058320821,0.308975962392619,-0.40950453666697,0.682169438178192,0.97889090229375,"Gene2371"
32.1713881240691,0.354625615747937,0.304343554820789,1.16521480455453,0.243932054458926,0.967500350919431,"Gene2372"
20.3261146170494,0.226892852855469,0.328457406966611,0.690783182364139,0.489701805794391,0.971929674739245,"Gene2373"
253.468291437919,0.366986983921167,0.287149600254415,1.27803411042891,0.201237399341249,0.946581642506323,"Gene2374"
110.187529043985,-0.231360264627416,0.276502591169797,-0.836738142845614,0.402739774024219,0.971929674739245,"Gene2375"
54.7398202719847,-0.323413113868752,0.300023247924374,-1.07796017844015,0.281051527643304,0.968409492958178,"Gene2376"
11.5810759577908,-0.0920978002125943,0.397607433046114,-0.231629976097336,0.816825423050424,0.988493764049844,"Gene2377"
29.05173040626,-0.306705734098206,0.281594776923386,-1.08917408713746,0.276077123715927,0.968409492958178,"Gene2378"
190.432993249228,-0.27023543584906,0.300966306194694,-0.897892655379989,0.369242780667134,0.968409492958178,"Gene2379"
14.5094411691783,0.282644643994524,0.350267608277473,0.806939144000493,0.419701545192993,0.971929674739245,"Gene2380"
26.7593726914579,0.0632412866764716,0.321068030918535,0.196971609087165,0.843849755189026,0.991530159859253,"Gene2381"
149.987401396664,-0.0750146218036386,0.299984608671758,-0.250061568611073,0.80253973576282,0.988014235932843,"Gene2382"
97.1374701105692,0.534734213125619,0.28075599767514,1.90462258172078,0.0568291490464547,0.880959564882428,"Gene2383"
21.4842374751026,-0.00624285669942827,0.594842477520407,-0.0104949746115165,0.991626375509838,0.995483761612513,"Gene2384"
405.44580225306,0.388814439120488,0.232241362790462,1.67418255925105,0.0940947260761754,0.884805430774937,"Gene2385"
11.097508737738,-0.0974914734305339,0.363640600655323,-0.26809842810413,0.788623555749766,0.988014235932843,"Gene2386"
284.659466126253,-0.31814008547339,0.371529679215524,-0.85629790369678,0.391833020511036,0.971929674739245,"Gene2387"
131.953962220289,-0.199922779763207,0.357423193912513,-0.559344729632018,0.575926474080193,0.974750912565024,"Gene2388"
5.75354288896755,-0.197435448266733,0.542078445760848,-0.364219329897203,0.715694233698999,0.983100626532256,"Gene2389"
83.5620347399367,-0.0232467764970607,0.282064815098293,-0.0824164349919352,0.934315567276185,0.993667447874791,"Gene2390"
133.186079268031,-0.204550351468969,0.295800118429705,-0.691515448184578,0.489241676033591,0.971929674739245,"Gene2391"
21.5190898385982,-0.297138692854458,0.309300141001983,-0.960680754596077,0.33671271080617,0.968409492958178,"Gene2392"
51.3845426187347,-0.090452836000668,0.31342362243105,-0.288596102932755,0.772890478080276,0.987834342341721,"Gene2393"
9.64623364089545,-0.258092704572789,0.390319635355337,-0.661234232650959,0.508462110885624,0.971929674739245,"Gene2394"
16.8528648956969,0.344093347976969,0.365971708858094,0.940218436694493,0.347105526696956,0.968409492958178,"Gene2395"
71.756533159959,-0.554495728115626,0.323274354542526,-1.71524811765631,0.0862997463027048,0.884805430774937,"Gene2396"
82.6893402195847,-0.563480346789239,0.307780970920121,-1.83078357672567,0.0671328526127721,0.880988181129152,"Gene2397"
52.86791277447,-0.0284133726210155,0.322537542882898,-0.0880932258832621,0.929802580410736,0.993667447874791,"Gene2398"
21.7063624167981,0.184425898760331,0.39887672036293,0.462363154692321,0.643820917136145,0.975663866876592,"Gene2399"
95.5242030814839,-0.587377271215371,0.245971811133286,-2.38798612129211,0.0169409815244533,0.7636808391798,"Gene2400"
230.117011750952,0.76287488988239,0.304681386971811,2.50384474570142,0.012285192956249,0.745692502351214,"Gene2401"
20.242364523912,-0.339608012086057,0.351640440001591,-0.965782013253428,0.334153270704114,0.968409492958178,"Gene2402"
52.2322038524298,0.085477139410236,0.265256794495958,0.322242978064559,0.747268627723241,0.985695289546221,"Gene2403"
29.0678809962291,0.305391308966368,0.289398456123426,1.0552623986222,0.291305333050764,0.968409492958178,"Gene2404"
51.8887244859722,0.745422533175594,0.292567311824733,2.54786677474806,0.0108383853349741,0.745692502351214,"Gene2405"
72.3662474906761,-0.203489667996737,0.306489549055229,-0.663936726795432,0.506730808721341,0.971929674739245,"Gene2406"
44.1369261193851,-0.184839655285533,0.306819344620048,-0.60243807480402,0.546882571966009,0.97254944614089,"Gene2407"
35.3864979526032,0.588883477024905,0.305505790235612,1.927568955635,0.0539087633935716,0.880959564882428,"Gene2408"
26.7176067726614,-0.256258680388546,0.384577265439152,-0.666338609735349,0.505194692276189,0.971929674739245,"Gene2409"
65.0397095690872,-0.063356795725332,0.296914179132883,-0.213384203847594,0.831027300293729,0.989424480233546,"Gene2410"
50.809326348264,0.0541367695524167,0.281708041289477,0.192173319954282,0.847606443970231,0.992123910544398,"Gene2411"
24.8529700422398,0.0168187379904965,0.347572673509631,0.0483891262816163,0.961406125124752,0.995280092384691,"Gene2412"
96.2078477891626,-0.491189419725516,0.334518833679403,-1.4683460848015,0.142010238728956,0.929409787345697,"Gene2413"
79.8411301569782,-0.409421235968944,0.267416392619468,-1.53102519990818,0.125763164688311,0.904458312225088,"Gene2414"
66.0412864896255,-0.119770805488448,0.291736206422807,-0.41054487873496,0.681406289151513,0.97889090229375,"Gene2415"
13.2865415849614,-0.0603506108915037,0.349458265623678,-0.172697620369048,0.862889114358764,0.993324607337472,"Gene2416"
88.0639723994908,-0.363186212110691,0.263467483522714,-1.37848590366705,0.168053317099808,0.929409787345697,"Gene2417"
68.679921071395,-0.341264180145531,0.305322321569262,-1.11771775608,0.263687556804737,0.968409492958178,"Gene2418"
36.975144305513,-0.179780732623069,0.363918287256217,-0.494014010613581,0.621296284754796,0.974859712107407,"Gene2419"
106.377667108495,0.351877248014825,0.285294214500529,1.23338374958239,0.217432624946377,0.956527096344285,"Gene2420"
242.83995696698,0.330452836579716,0.260700524473878,1.26755723735733,0.204956111195416,0.951700966967797,"Gene2421"
73.5157320282823,-0.365798020882649,0.329242902340041,-1.11102781041838,0.266556378826299,0.968409492958178,"Gene2422"
130.24727556166,0.327853738008051,0.341485157436635,0.960081956325984,0.337013968865021,0.968409492958178,"Gene2423"
226.656263109908,-0.642467653985725,0.328919805212248,-1.95326533642797,0.0507881626532175,0.868048926519087,"Gene2424"
332.306715026233,-0.232422736715733,0.24612237086482,-0.944338118875787,0.344996892555401,0.968409492958178,"Gene2425"
22.7716306839381,0.327014619328839,0.366858469583514,0.891391766694363,0.372719033152037,0.968409492958178,"Gene2426"
34.2667401800993,0.193145741644338,0.327630741748661,0.589522645565744,0.555510725580023,0.974520351412432,"Gene2427"
36.2141937728833,0.210421162658185,0.327262632697193,0.642973384782618,0.520241369968892,0.971929674739245,"Gene2428"
176.081452931938,-0.092325384547908,0.324032467953357,-0.284926338187807,0.775700577016581,0.987834342341721,"Gene2429"
97.8624418750422,-0.36184291257072,0.355968093760263,-1.01650377916852,0.309389548785559,0.968409492958178,"Gene2430"
141.047712579137,0.341757266867056,0.358054888773684,0.954482895171612,0.339839263485224,0.968409492958178,"Gene2431"
94.8242561417907,0.200628478476967,0.261947897750238,0.765909862992153,0.443729936871317,0.971929674739245,"Gene2432"
40.2378873110706,0.127030481097683,0.321197435737699,0.395490333868731,0.692481053882621,0.980686753497532,"Gene2433"
8.25794739616664,-0.446100912956238,0.431110426048687,-1.034771803236,0.300775494033588,0.968409492958178,"Gene2434"
5.58386786648261,-0.117179460193101,0.495294132537596,-0.236585601353164,0.812978291578088,0.988482483662903,"Gene2435"
585.737655548876,0.234517764578999,0.26103411636503,0.898418060614919,0.368962711397958,0.968409492958178,"Gene2436"
57.6000738246444,0.262149237132097,0.351323159778987,0.746176930940197,0.455560541725511,0.971929674739245,"Gene2437"
103.222097195829,-0.795497257314838,0.305985970475585,-2.59978343477128,0.00932826090170498,0.745692502351214,"Gene2438"
126.606828956197,-0.42415551604106,0.259475597147021,-1.63466437963617,0.102119423542701,0.895336524832713,"Gene2439"
310.171110729159,-0.391981188578178,0.296664171597487,-1.32129601787578,0.18640268124167,0.932812699338567,"Gene2440"
110.902194159492,-0.409650728927398,0.295853428492305,-1.38464080343775,0.16616232822378,0.929409787345697,"Gene2441"
55.4165635678543,0.0734363785803751,0.302757920892519,0.242558075322645,0.808347762397912,0.988476341602299,"Gene2442"
141.725102663934,-0.119375811480123,0.284057646678295,-0.420252061073083,0.67430132644256,0.978688851838128,"Gene2443"
73.9992287585673,-0.106414647017511,0.299258741662837,-0.355594113729864,0.722144552463212,0.983100626532256,"Gene2444"
25.3876572168356,-0.23265245104265,0.355339670091392,-0.654732557675908,0.512639959408579,0.971929674739245,"Gene2445"
202.145967605368,-0.189105377121285,0.309553375930153,-0.610897479483326,0.541267453593811,0.971929674739245,"Gene2446"
63.2022843570212,-0.0910210459499395,0.359137231545754,-0.253443636456677,0.7999254110567,0.988014235932843,"Gene2447"
40.6945122358076,0.652543290323153,0.326098148768549,2.00106407468845,0.0453854852526558,0.8599581518489,"Gene2448"
18.6253848894047,-0.842913566852375,0.384163366530973,-2.19415394670229,0.0282243440959921,0.809562793491777,"Gene2449"
225.999764485834,0.0494317756415362,0.257864900928623,0.191696409490095,0.847980018642088,0.992123910544398,"Gene2450"
30.4744965787151,-0.2948558494008,0.371419423734759,-0.79386222302516,0.427275644027839,0.971929674739245,"Gene2451"
45.5136615667713,-0.338488913738608,0.328422194637506,-1.03065176247364,0.302704153024876,0.968409492958178,"Gene2452"
39.7843855203593,-0.106681138618218,0.312780642922634,-0.341073340157454,0.733048370641667,0.983100626532256,"Gene2453"
52.3807589487646,-0.300999955412484,0.272284287664132,-1.10546208154241,0.268959416087924,0.968409492958178,"Gene2454"
123.518242761542,0.352494508678189,0.287467819869733,1.22620510649826,0.220121500132244,0.956527096344285,"Gene2455"
147.57363695223,-0.281070567525823,0.284854242972172,-0.986717152579968,0.323781318903443,0.968409492958178,"Gene2456"
103.759851504672,-0.137084699043591,0.351623734106186,-0.389861905630616,0.696638664300306,0.981479549243704,"Gene2457"
9.2473216538235,0.842470041067484,0.441487656625476,1.90825276409069,0.0563585549369417,0.880959564882428,"Gene2458"
4.29776374095901,-0.0452764644007165,0.528501330005521,-0.0856695372937727,0.931729118791614,0.993667447874791,"Gene2459"
31.863525537996,0.00775342395894081,0.331146073212805,0.0234139088037992,0.981320110426876,0.995280092384691,"Gene2460"
48.6464555836362,0.430173736670405,0.381683311881582,1.12704360730308,0.259724044266921,0.968409492958178,"Gene2461"
48.41627713821,-0.219275521228868,0.334285179524064,-0.655953463270673,0.511854067285995,0.971929674739245,"Gene2462"
9.06930845634531,-0.509761256468844,0.432390503562385,-1.17893721594026,0.238423177097388,0.967234400368154,"Gene2463"
21.664528787065,-0.211988128340323,0.423181768031471,-0.500938708504471,0.616414259207366,0.974844740565644,"Gene2464"
4.29774520322897,-0.150579135533457,0.559790820510161,-0.268991791248431,0.787935999576137,0.988014235932843,"Gene2465"
1087.71460031155,0.190936517374702,0.299243379762397,0.638064299121029,0.523431825054114,0.971929674739245,"Gene2466"
91.3266246785424,0.37954904001857,0.265836802931537,1.42775204874969,0.153363239100658,0.929409787345697,"Gene2467"
54.7781416386459,-0.290838390362049,0.301672233625902,-0.964087370144618,0.335002124192557,0.968409492958178,"Gene2468"
6.5558980217981,0.472910300396226,0.483166037404383,0.978773886792101,0.327691715022822,0.968409492958178,"Gene2469"
36.3555226964396,-0.25826715419277,0.341287338117109,-0.756744025774985,0.449203233143912,0.971929674739245,"Gene2470"
177.952735315027,-0.227709092305151,0.273380211125694,-0.832939192516958,0.4048790243741,0.971929674739245,"Gene2471"
129.338325936144,0.109755226699416,0.347094379960873,0.316211477442501,0.751841996637665,0.985695289546221,"Gene2472"
84.8853455061194,0.00606832630961463,0.297544276944969,0.0203947001499107,0.983728511640102,0.995280092384691,"Gene2473"
258.866602051946,0.35880803824152,0.323199568149961,1.11017486903026,0.266923679879055,0.968409492958178,"Gene2474"
7.05506038511922,0.107819623430426,0.4882441337168,0.220831375094341,0.825223732814034,0.989279079278785,"Gene2475"
13.6601181561739,0.330374819596388,0.402859885358978,0.820073756666041,0.412174061780134,0.971929674739245,"Gene2476"
56.0956771155632,-0.554254915767659,0.29937453267744,-1.85137630382487,0.0641154356515662,0.880988181129152,"Gene2477"
66.8160290018916,-0.542281385148466,0.309969944954087,-1.74946440445634,0.0802107765437486,0.884805430774937,"Gene2478"
25.073891763831,0.529648167381403,0.32027965715192,1.65370530270729,0.0981874047131118,0.884805430774937,"Gene2479"
253.191569114565,-0.203598918022905,0.314637321177675,-0.647090806840212,0.517573174776601,0.971929674739245,"Gene2480"
3.89513191545167,-0.112991755383188,0.552780186329186,-0.204406305033337,0.838036003498105,0.990969518481345,"Gene2481"
20.5061758238006,0.248441544687643,0.303743116385351,0.817933086498169,0.413395396416183,0.971929674739245,"Gene2482"
289.577261016022,-0.0493458939491447,0.250999430925634,-0.196597632780151,0.844142423227848,0.991530159859253,"Gene2483"
155.509360587363,0.161939499593534,0.28150009685186,0.575273335265511,0.5651064521725,0.974750912565024,"Gene2484"
8.50090161318314,-0.634398509958943,0.402529086930065,-1.57603147339552,0.115018550043543,0.902314116979042,"Gene2485"
130.805919342871,-0.222603497499149,0.292880104849389,-0.760049910572183,0.447224751655468,0.971929674739245,"Gene2486"
79.7270873959485,-0.0709800911028022,0.325404211543517,-0.218128987225201,0.827328612608854,0.989279079278785,"Gene2487"
10.3894215648279,-0.30797864655682,0.448206978367984,-0.68713487611959,0.491997738345491,0.971929674739245,"Gene2488"
80.4336457061229,0.124308488867993,0.262191727970254,0.474112931900339,0.635419377299256,0.97558828300122,"Gene2489"
187.143202327112,0.302599961082606,0.305001268537426,0.992126893549215,0.321135629002136,0.968409492958178,"Gene2490"
13.2986258187445,0.802513302081649,0.367555124684941,2.18338216007611,0.0290076786083813,0.809562793491777,"Gene2491"
106.289716100956,-0.100732821654631,0.269648494303078,-0.373570866453309,0.708723612328786,0.983100626532256,"Gene2492"
10.7539184391994,-1.2590766312075,0.415710648967168,-3.02873316893775,0.00245581483618177,0.745692502351214,"Gene2493"
85.9178873632861,0.0245816650353845,0.30713369401324,0.0800357157633275,0.936208850001307,0.993667447874791,"Gene2494"
17.4169689758329,-0.32809872422629,0.328978260118918,-0.997326461960404,0.318606073293506,0.968409492958178,"Gene2495"
38.103737947948,0.532041802534289,0.28183278282305,1.88779246049716,0.0590538177560007,0.880959564882428,"Gene2496"
15.0455682877836,-0.240489900289818,0.37957798641768,-0.633571779437143,0.52636032280343,0.971929674739245,"Gene2497"
130.707715683722,-0.0778435571159266,0.245708602506052,-0.316812501971758,0.751385877308625,0.985695289546221,"Gene2498"
44.535400628948,-0.191225775443391,0.293879684220968,-0.650694095953936,0.515243975155138,0.971929674739245,"Gene2499"
82.6005065166936,0.629825779695754,0.352358903674999,1.78745527110812,0.0738639352607891,0.881272202192133,"Gene2500"
92.1555167787957,0.124846880671455,0.32423373091588,0.385052105216793,0.70019881171227,0.983100626532256,"Gene2501"
50.5843395402008,0.551573667732276,0.299525854681736,1.84148933760111,0.0655498816722963,0.880988181129152,"Gene2502"
54.8512587438642,0.0468649071598782,0.292944511740403,0.159978785338734,0.872897785813244,0.993324607337472,"Gene2503"
83.2973289717822,0.156356410696168,0.268918830382626,0.581426040243068,0.560953351373043,0.974750912565024,"Gene2504"
132.713281051431,0.284283909566133,0.30397043702277,0.935235387857266,0.349667005019403,0.968409492958178,"Gene2505"
54.4143527493556,0.369885911586462,0.271581230332792,1.36197155868691,0.173206861066851,0.929409787345697,"Gene2506"
81.444474195121,-0.505426484185134,0.314369248774854,-1.60774785114912,0.107890413898727,0.900947872387212,"Gene2507"
160.476441797896,-0.190491732889975,0.345022454319569,-0.55211401607368,0.580870239636302,0.974750912565024,"Gene2508"
104.627079862103,-0.059647684898987,0.326926250099158,-0.182449971150667,0.855229612541269,0.993324607337472,"Gene2509"
219.964373894897,-0.0607730268917801,0.262645143186087,-0.231388352187125,0.817013113268166,0.988493764049844,"Gene2510"
5.89881423898934,-0.0327786814089685,0.48516402639912,-0.0675620607163548,0.946134257521347,0.994124773080249,"Gene2511"
80.0473180542269,0.580280093958777,0.321614462332773,1.8042723879698,0.0711886161980658,0.881272202192133,"Gene2512"
75.7604665982307,0.0550783308366969,0.289647571467476,0.190156370231751,0.849186598770118,0.992123910544398,"Gene2513"
18.4635487039781,0.289579947838912,0.393369170213111,0.736153134934366,0.461637509342659,0.971929674739245,"Gene2514"
22.5582971927165,-0.195833116495919,0.339867738299237,-0.576203900599409,0.564477369028418,0.974750912565024,"Gene2515"
101.13826195443,-0.552135951919706,0.339055723334732,-1.62845194438618,0.103429091019906,0.897689379140202,"Gene2516"
32.887100877565,-0.059097625701139,0.32238592144128,-0.183313295558731,0.854552202814502,0.993324607337472,"Gene2517"
41.8156309655749,-0.12577325362392,0.34491529331624,-0.364649686636547,0.715372920329347,0.983100626532256,"Gene2518"
81.2489854028326,-0.134229122774084,0.273692550857121,-0.490437618246165,0.623824262545864,0.97558828300122,"Gene2519"
217.874118716513,-0.347915796986315,0.233502177093153,-1.4899895209436,0.136226991285144,0.922774934515247,"Gene2520"
672.23855643411,0.191330483532648,0.252713886017675,0.757103167331556,0.448988056648917,0.971929674739245,"Gene2521"
110.762994191738,0.527523939255936,0.282450758263969,1.86766692537228,0.0618085115394609,0.880988181129152,"Gene2522"
497.492710073467,-0.174597247367473,0.351769997686667,-0.496339223116441,0.619655097410486,0.974844740565644,"Gene2523"
255.6912173008,0.151376984553046,0.285180565693317,0.530811011560433,0.595549748623881,0.974750912565024,"Gene2524"
84.0319152716825,-0.331920361154336,0.317109689480128,-1.04670520064678,0.295235564393907,0.968409492958178,"Gene2525"
68.744124259662,-0.365101743240439,0.266496206952432,-1.37000727858617,0.170684629576234,0.929409787345697,"Gene2526"
509.80599017746,-0.00901729570532425,0.278633811008292,-0.0323625322881432,0.974182941729098,0.995280092384691,"Gene2527"
16.5800336606007,-0.666314617973965,0.355443551182168,-1.87460038523099,0.0608477201538084,0.880988181129152,"Gene2528"
47.9571496885899,0.00647541469695071,0.371811184960477,0.0174158684807694,0.986104849858501,0.995280092384691,"Gene2529"
62.4662905714808,0.162460897177149,0.25447760439596,0.638409409593328,0.523207207301856,0.971929674739245,"Gene2530"
2.60261210895229,0.0116768307772247,0.648252589995703,0.0180127792120384,0.985628658728512,0.995280092384691,"Gene2531"
38.8516389396193,-0.465384378061689,0.329529237047399,-1.41227037161121,0.15787036683248,0.929409787345697,"Gene2532"
80.4357808818156,0.269686607384928,0.285887814520154,0.943330193480199,0.34551203663056,0.968409492958178,"Gene2533"
1.77510385391077,0.00670541772614307,0.787364638886491,0.00851627999909423,0.993205073809311,0.995945293476205,"Gene2534"
76.0491204261132,0.395511332940143,0.367161255048223,1.07721424170477,0.28138456422701,0.968409492958178,"Gene2535"
39.7565606762814,-0.0796152782651539,0.304678085732296,-0.261309500070535,0.793853841022456,0.988014235932843,"Gene2536"
80.9774992894995,0.0316476189968061,0.331034706256215,0.0956021178405125,0.923836583113691,0.993667447874791,"Gene2537"
142.118848823459,-0.149077782565441,0.279782119789508,-0.532835274382789,0.594147613458207,0.974750912565024,"Gene2538"
249.964396510929,-0.0911188836117512,0.335939580122847,-0.271235927539204,0.78620958212173,0.988014235932843,"Gene2539"
6.63571785696876,-0.206101956472941,0.459491166561494,-0.4485438926177,0.653760716205971,0.975663866876592,"Gene2540"
46.3088505481747,0.013237043204411,0.313997831408948,0.0421564796961008,0.966373955866857,0.995280092384691,"Gene2541"
19.6047415829499,0.222157773372051,0.338155332160082,0.656969600192146,0.511200463630862,0.971929674739245,"Gene2542"
50.8804087351764,0.0195590694990007,0.280593938103175,0.0697059588358204,0.944427698856151,0.993667447874791,"Gene2543"
45.1907580692827,0.60475834786249,0.570300727183639,1.06042008897484,0.288953526908916,0.968409492958178,"Gene2544"
14.6861078096786,0.0929430136437415,0.432757985040106,0.214769032245882,0.829947398177698,0.989424480233546,"Gene2545"
6.07357354908418,0.202253060796674,0.489708550158451,0.413007003310913,0.679601482711163,0.978688851838128,"Gene2546"
763.819189469564,-0.699307347275104,0.235306778933204,-2.97189630679367,0.00295966624813874,0.745692502351214,"Gene2547"
11.1874438818777,-0.413022299566296,0.374292169478783,-1.10347566218509,0.269820654974241,0.968409492958178,"Gene2548"
88.5108063819506,-0.298626086241788,0.313822925673801,-0.951575113897798,0.34131250754814,0.968409492958178,"Gene2549"
15.567126998219,-0.0804935145853756,0.378372044109849,-0.212736421303913,0.831532556854583,0.989424480233546,"Gene2550"
303.094032790154,-0.582845387882656,0.269951029307421,-2.15907822014233,0.0308440990444776,0.827722666639615,"Gene2551"
6.31842106394651,-0.363037782801029,0.468948417072386,-0.774152912312723,0.438840370296356,0.971929674739245,"Gene2552"
17.8982453951507,-0.136642377661546,0.365084367082449,-0.374276167324051,0.708198861409755,0.983100626532256,"Gene2553"
11.8939931582889,-0.286328646238411,0.397560913039166,-0.720213272601583,0.471393693162467,0.971929674739245,"Gene2554"
54.1245291515253,0.0602246194507418,0.305589521486364,0.197076847261692,0.84376740131624,0.991530159859253,"Gene2555"
31.3572003317716,-0.296635934799755,0.29563489808833,-1.00338605732238,0.315674628657814,0.968409492958178,"Gene2556"
933.093345271003,0.050961722144852,0.366636116744163,0.138998095979761,0.889451653631077,0.993324607337472,"Gene2557"
46.5629931180897,-0.169443561291194,0.322042281421004,-0.526153151516404,0.598781801385353,0.974750912565024,"Gene2558"
246.891194754528,-0.270115218864352,0.285128366061825,-0.94734600627488,0.343462494779684,0.968409492958178,"Gene2559"
139.245373770103,-0.0559561532931976,0.322269076065164,-0.173631779928779,0.862154854597737,0.993324607337472,"Gene2560"
131.431133800056,-0.278513953464933,0.334377388425218,-0.832932976648395,0.404882530188526,0.971929674739245,"Gene2561"
120.506313078513,0.338637082497794,0.29358127913092,1.1534696064417,0.248717685695701,0.968409492958178,"Gene2562"
76.7792218769513,0.824754862479401,0.323875971353671,2.54651451613486,0.0108804686141958,0.745692502351214,"Gene2563"
25.7507666244545,0.390379171337183,0.320550285658522,1.21784065964942,0.223284529811466,0.956527096344285,"Gene2564"
29.44368149107,-0.158348211017519,0.316110770580924,-0.500926338974527,0.6164229649087,0.974844740565644,"Gene2565"
73.9286904792243,0.180106512438092,0.333608871694404,0.539873269926334,0.589284433043173,0.974750912565024,"Gene2566"
3.3169098956589,0.357911865041248,0.602760481438543,0.593787874392592,0.552654000153473,0.97254944614089,"Gene2567"
6.96897791644534,0.278022007678067,0.4461846165253,0.623109801147307,0.533212369413218,0.971929674739245,"Gene2568"
28.9035331640184,-0.0511223769049425,0.305570234786038,-0.167301559789482,0.867132776902718,0.993324607337472,"Gene2569"
6.31206347189849,-0.825439250869523,0.455561460108773,-1.81191633434583,0.0699991250920591,0.881272202192133,"Gene2570"
63.9047947174105,-0.745941955305126,0.377445617496632,-1.97628988316915,0.0481219547695229,0.866666402304388,"Gene2571"
82.0872479876685,0.0146129013739923,0.320748627167834,0.0455587339625493,0.963661960524641,0.995280092384691,"Gene2572"
171.362455334795,-0.00442173964911496,0.320987282272352,-0.0137754356428464,0.989009140192411,0.995483761612513,"Gene2573"
204.303684418076,-0.421313916032974,0.247306915388045,-1.70360750071181,0.0884544392407463,0.884805430774937,"Gene2574"
98.0596401165578,0.226061624171528,0.290958135111377,0.776955846534393,0.43718482072007,0.971929674739245,"Gene2575"
107.080589615611,-0.231865876676145,0.257002653551635,-0.902192539539519,0.366954597227167,0.968409492958178,"Gene2576"
64.4638326829866,0.0521992605546814,0.309875527439328,0.168452349193344,0.866227427742388,0.993324607337472,"Gene2577"
57.6730660928344,-0.472132943630468,0.305122800015865,-1.54735386410298,0.121777939768831,0.904458312225088,"Gene2578"
21.879289516013,0.39360394440161,0.363047440555107,1.08416669678151,0.278290894853262,0.968409492958178,"Gene2579"
843.398608494826,-0.02087744483859,0.292784494782574,-0.0713065248010963,0.943153802410405,0.993667447874791,"Gene2580"
19.1537932161695,0.578290887734728,0.366943740950827,1.5759660765333,0.115033621412633,0.902314116979042,"Gene2581"
366.565721905566,-0.17386123280805,0.227319317431403,-0.764832636190345,0.444371211173624,0.971929674739245,"Gene2582"
165.298216724307,-0.404809736066897,0.289298543380926,-1.39928024294915,0.16172896187648,0.929409787345697,"Gene2583"
661.743272603449,0.265088506033395,0.333993757922884,0.793692994988851,0.427374179275979,0.971929674739245,"Gene2584"
118.69213206636,-0.20114763251767,0.287517279794709,-0.699601890576082,0.484175961552485,0.971929674739245,"Gene2585"
26.7011235207984,-0.0148887782697794,0.332896281425478,-0.0447249762178925,0.964326525471318,0.995280092384691,"Gene2586"
36.5334561599854,-0.254409291874433,0.287321331929714,-0.885452152702216,0.375912814834813,0.968409492958178,"Gene2587"
11.6689121755412,0.493090807182524,0.400445015542315,1.2313570853535,0.218189340022221,0.956527096344285,"Gene2588"
199.452602910203,0.242143877228327,0.260564433666965,0.929305177305273,0.352730952878023,0.968409492958178,"Gene2589"
44.4799304930559,0.578344430346622,0.262207922675955,2.20567107372022,0.0274070386776175,0.809562793491777,"Gene2590"
44.4143568487276,0.103209510851003,0.287515974712007,0.358969657092562,0.719617788626379,0.983100626532256,"Gene2591"
57.7063922821904,-0.521835876800157,0.290872244992746,-1.79403805548092,0.0728070949280035,0.881272202192133,"Gene2592"
31.6320877501183,-0.0681024062278671,0.428451254781901,-0.158950185039215,0.873708121320102,0.993324607337472,"Gene2593"
30.8697390887796,-0.457544349815703,0.282083032575672,-1.6220201039315,0.104799043613635,0.897689379140202,"Gene2594"
151.24849550325,0.0590334052027191,0.303350136107258,0.194604841653495,0.845702312436231,0.991530159859253,"Gene2595"
236.660609385484,-0.4536002985147,0.253958183857716,-1.78612199703254,0.0740795072489311,0.881272202192133,"Gene2596"
54.8834593067329,-0.181507356211459,0.282431858633493,-0.64265893051038,0.520445435465874,0.971929674739245,"Gene2597"
76.3808093759606,-0.385296972552542,0.30758826296906,-1.25263873475985,0.210337211436191,0.956527096344285,"Gene2598"
76.2168837258887,0.489620982033005,0.337273266442541,1.45170409501288,0.146583900201817,0.929409787345697,"Gene2599"
63.3131537135071,-0.345281626081056,0.320936683961082,-1.07585590347449,0.281991705874463,0.968409492958178,"Gene2600"
37.374543585205,0.43475290592777,0.322463648371625,1.34822299543897,0.177586670636805,0.930256481101684,"Gene2601"
86.1005706258486,0.258380087321096,0.292950270433124,0.881992998125872,0.377780593714644,0.968427398130227,"Gene2602"
108.145770984884,-0.432167653836048,0.272045585750893,-1.58858543006015,0.112154019746871,0.902314116979042,"Gene2603"
77.6546163571681,-0.0555283887662294,0.312656149006771,-0.177602100398885,0.859035474890241,0.993324607337472,"Gene2604"
105.864938780027,0.112259944805547,0.285997553126047,0.392520647741593,0.69467355825538,0.980686753497532,"Gene2605"
30.2308835588702,0.0481254694745675,0.291017976862609,0.16536940430071,0.868653233926335,0.993324607337472,"Gene2606"
71.8718312856049,0.177549948236385,0.281556712280672,0.630601013906544,0.528301435753397,0.971929674739245,"Gene2607"
104.681055926612,-0.186392280924837,0.277999292760246,-0.670477536378435,0.502553421738473,0.971929674739245,"Gene2608"
53.3472266465441,-0.273633349377896,0.336297359633959,-0.813664875857875,0.415836961081927,0.971929674739245,"Gene2609"
44.9758522637416,-0.203186763097324,0.276072262240513,-0.735991227254507,0.461736036657163,0.971929674739245,"Gene2610"
33.7628477591367,0.0254312496109205,0.312756835818728,0.0813131695246473,0.935192900906125,0.993667447874791,"Gene2611"
115.460961769,-0.152546837502867,0.29268650516211,-0.521195322682801,0.602230712148927,0.974750912565024,"Gene2612"
57.1200540842448,0.285026740231487,0.276934452475204,1.02922094988166,0.303375859875836,0.968409492958178,"Gene2613"
1210.67677908935,-0.243173174845621,0.357943376577063,-0.679362130320819,0.496908438519284,0.971929674739245,"Gene2614"
44.202321237095,-0.173642063828562,0.308175383112938,-0.563452090412188,0.573127075070139,0.974750912565024,"Gene2615"
53.1897471810689,0.243084981297495,0.323156741663823,0.752220052863308,0.451918736343435,0.971929674739245,"Gene2616"
16.9246012780325,-0.227642241751887,0.340821892074132,-0.667921418916283,0.504183754296778,0.971929674739245,"Gene2617"
164.58311328758,0.261843267649081,0.333384157208541,0.785410050200109,0.432213190093696,0.971929674739245,"Gene2618"
35.7830613272421,-0.732984564391334,0.331764415480958,-2.20935257124766,0.0271501272215567,0.809562793491777,"Gene2619"
69.6814135846789,0.291566095860961,0.299849078185499,0.972376162119084,0.330863446538433,0.968409492958178,"Gene2620"
169.828524939528,-0.295342288622512,0.247203278464389,-1.1947345134626,0.232190773345678,0.959977985352659,"Gene2621"
291.427817289645,-0.191473916156116,0.202740020052018,-0.944430784346319,0.344949556438825,0.968409492958178,"Gene2622"
39.4932769086365,-0.264086613022389,0.265414183320053,-0.994998118483884,0.319737179448161,0.968409492958178,"Gene2623"
34.0282548956058,-0.0752606241340175,0.319660342684522,-0.2354393526015,0.81386774539504,0.988482483662903,"Gene2624"
68.0913472016672,-0.0330889577349724,0.252864681843763,-0.130856383318161,0.895888918977176,0.993324607337472,"Gene2625"
203.828125393544,0.159084905793079,0.281280465852026,0.565573955913345,0.571683436519409,0.974750912565024,"Gene2626"
68.972475316094,-0.300629984283065,0.281132953197115,-1.06935163901714,0.28491125010803,0.968409492958178,"Gene2627"
84.7018715760665,0.0272001479390498,0.327930352411279,0.0829448928379044,0.933895357677961,0.993667447874791,"Gene2628"
141.173660572036,0.462261497288964,0.285223526592587,1.62069904545167,0.105082198458633,0.897689379140202,"Gene2629"
96.6544206717131,-0.162341363968034,0.401798627387962,-0.404036631542007,0.686185782119338,0.980098398362699,"Gene2630"
172.615936460826,-0.390370223384539,0.318131215377244,-1.22707299540422,0.219795156569307,0.956527096344285,"Gene2631"
4.2190659076725,0.572034840641484,0.540970258371845,1.05742382652077,0.290318202174613,0.968409492958178,"Gene2632"
11.7289331555952,0.185841337123549,0.378286758561642,0.491271060689972,0.623234745119805,0.97558828300122,"Gene2633"
16.9172764909187,-0.115697803063391,0.323148607011279,-0.358032807671527,0.720318761798006,0.983100626532256,"Gene2634"
93.1060972615745,0.00279968125694224,0.265570883350697,0.0105421242781542,0.991588757599862,0.995483761612513,"Gene2635"
13.6202128881519,-0.298152192863087,0.355550056515921,-0.838566011730434,0.401712890152851,0.971929674739245,"Gene2636"
40.8819819478888,0.255383348820266,0.388324199278661,0.657654993674508,0.51075984839722,0.971929674739245,"Gene2637"
86.7699274794613,0.237876883211688,0.295255821657854,0.805663650850355,0.420436813752181,0.971929674739245,"Gene2638"
470.216978332416,0.186745629234131,0.296549316451353,0.629728746195796,0.528872071523132,0.971929674739245,"Gene2639"
38.8820027253336,-0.125366531985149,0.326271180362742,-0.384240287008398,0.700800361142118,0.983100626532256,"Gene2640"
50.1093740613827,-0.165703238791259,0.27122741044346,-0.610938394907551,0.541240365199101,0.971929674739245,"Gene2641"
68.9161447256248,0.372743701774174,0.326718161388469,1.14087230471091,0.253923066073889,0.968409492958178,"Gene2642"
26.4082052010113,-0.61899555684943,0.363103433259742,-1.70473617198392,0.088243640408089,0.884805430774937,"Gene2643"
1.21093295809574,-0.992611419866499,0.939241050696749,-1.05682286685634,0.290592436126822,0.968409492958178,"Gene2644"
339.640020503755,0.26978124876433,0.25015690653874,1.07844813280241,0.280833816657528,0.968409492958178,"Gene2645"
38.4125781673322,0.118336321139502,0.306560310807481,0.386013182292917,0.69948690597247,0.983100626532256,"Gene2646"
23.8830581583488,0.17354037782884,0.298463336558619,0.581446216576606,0.560939756605596,0.974750912565024,"Gene2647"
68.3470527036391,-0.268538216857912,0.279915840954737,-0.959353411160948,0.337380736775093,0.968409492958178,"Gene2648"
22.4612439039647,-0.317172621135791,0.340798226676179,-0.930675679357815,0.352021353927668,0.968409492958178,"Gene2649"
140.457541677932,-0.0142868910124822,0.336716277687457,-0.0424300574673833,0.966155867524451,0.995280092384691,"Gene2650"
30.0656036608955,-0.0781390367217902,0.323479688930608,-0.241557783674487,0.809122837144652,0.988476341602299,"Gene2651"
173.687787587065,0.302291116535279,0.206409226511771,1.46452327564941,0.143051028213237,0.929409787345697,"Gene2652"
44.3701081482989,-0.00702018555009686,0.323519630378579,-0.0216994113831112,0.982687733311401,0.995280092384691,"Gene2653"
17.5734932020207,0.559911659728665,0.409503938650593,1.36729248947812,0.171533644883351,0.929409787345697,"Gene2654"
136.27070306875,-0.123551237260519,0.323116742784776,-0.382373368200283,0.702184441388703,0.983100626532256,"Gene2655"
874.684324222924,0.324674386730075,0.241032390357501,1.34701558677867,0.177975212748312,0.930256481101684,"Gene2656"
14.7341778292688,-0.409761374763363,0.396992637158901,-1.03216366352747,0.301995454069213,0.968409492958178,"Gene2657"
28.7739714118515,-0.19426270045507,0.30276617911369,-0.641626158587954,0.521115944214643,0.971929674739245,"Gene2658"
13.2892755226748,0.801636446411191,0.373464339179107,2.14648726080039,0.0318341240625614,0.827722666639615,"Gene2659"
362.904707862953,0.316904784753191,0.252128106610171,1.25691970250335,0.208782713326327,0.956527096344285,"Gene2660"
66.1905161491574,0.236039953887919,0.295089846976883,0.799891817038389,0.423773479259349,0.971929674739245,"Gene2661"
2.59430332707154,0.557334134225258,0.670594061177766,0.831105085014339,0.405914267365143,0.971929674739245,"Gene2662"
2.99460219874367,-0.384550618364573,0.6417828804428,-0.59919114405054,0.549045427674527,0.97254944614089,"Gene2663"
186.749002154946,-0.485236682571128,0.327534715488594,-1.48148168613909,0.138478261569411,0.925479262652286,"Gene2664"
83.9831338207809,-0.711348315079852,0.310373258556227,-2.29191238442659,0.0219106994821849,0.779008825025657,"Gene2665"
5.34976211804442,-0.254203667999949,0.512724362417796,-0.495790109916427,0.620042503385629,0.974844740565644,"Gene2666"
13.6848516393511,0.439782964747736,0.352634011126672,1.24713711914123,0.212347224536013,0.956527096344285,"Gene2667"
83.1598977005594,0.094812634068508,0.305129207017012,0.310729461120455,0.756006298435206,0.985695289546221,"Gene2668"
53.6818467565071,-0.109202675600788,0.29348378258178,-0.372091004961605,0.709825093300459,0.983100626532256,"Gene2669"
7.20447460712977,0.0386546065157346,0.527238127248432,0.073315271635355,0.941555239396803,0.993667447874791,"Gene2670"
117.241292121831,0.116056217490044,0.281695743644632,0.411991377606517,0.680345743115707,0.978688851838128,"Gene2671"
29.9809142324764,-0.257616251547263,0.305000455246958,-0.844642186972058,0.398310647239502,0.971929674739245,"Gene2672"
202.831749384554,-0.612933944898061,0.318865128246444,-1.92223573731254,0.0545761019376486,0.880959564882428,"Gene2673"
74.8319499243456,0.026740615941229,0.274739395198327,0.0973308393647936,0.922463665987574,0.993667447874791,"Gene2674"
272.482255644689,-0.037918959650717,0.224779538083331,-0.168694001126827,0.866037337563226,0.993324607337472,"Gene2675"
6.88118896953944,-0.0285149048536004,0.437904973820342,-0.0651166498631713,0.948081123893171,0.994341115772533,"Gene2676"
131.52008321886,-0.211529253646404,0.289080872499971,-0.7317303694883,0.46433315618294,0.971929674739245,"Gene2677"
206.567840269389,0.0113853912646889,0.241744810767523,0.0470967348938787,0.962436129629094,0.995280092384691,"Gene2678"
86.209200458535,-0.244536591515558,0.295407484658829,-0.827794163028661,0.407787080895002,0.971929674739245,"Gene2679"
16.2730204607028,-0.323366059197696,0.338358676405523,-0.955690164747368,0.339228792942113,0.968409492958178,"Gene2680"
50.6866541200551,-0.102879736509009,0.315618182060587,-0.325962642067496,0.744452620064306,0.985164603922037,"Gene2681"
6.64208651215216,0.146890340348612,0.485927722602462,0.302288454673708,0.762432178751476,0.986793088588022,"Gene2682"
23.373129274215,-0.287277458898172,0.342681932526582,-0.838320995741111,0.401850447150985,0.971929674739245,"Gene2683"
21.9665143344227,0.149218713735432,0.351074223805732,0.42503466109777,0.670811407549788,0.978688851838128,"Gene2684"
82.500703981404,0.893479018291808,0.303504322853508,2.94387575732509,0.00324130090072794,0.745692502351214,"Gene2685"
633.404359712628,0.141047484701122,0.283217672266695,0.498017950547604,0.618471390090096,0.974844740565644,"Gene2686"
83.5611574401548,0.177617914033092,0.278955063290384,0.636725901075318,0.524303399283601,0.971929674739245,"Gene2687"
28.9592994571952,-0.613158427657439,0.341850727760458,-1.79364376865417,0.0728700458044907,0.881272202192133,"Gene2688"
154.524127206247,-0.196904121870678,0.284883391861575,-0.691174450655075,0.489455917763744,0.971929674739245,"Gene2689"
141.296538349145,0.0957424578826924,0.348976586230646,0.274352095986789,0.783814052909491,0.988014235932843,"Gene2690"
70.9265381350407,-0.394602325784122,0.291419968195888,-1.35406756176322,0.175714824024892,0.930256481101684,"Gene2691"
23.7233879082146,0.331397680296964,0.357801729842339,0.926204801868876,0.354339557556496,0.968409492958178,"Gene2692"
118.439641018844,0.377012397657452,0.253147262301768,1.48930071069869,0.136408200674965,0.922774934515247,"Gene2693"
111.045231160508,-0.373594957386058,0.290801808075533,-1.28470644614775,0.198894884842801,0.9400576154674,"Gene2694"
71.8794751860431,-0.167138211496452,0.323922523448025,-0.515982061751475,0.605866937899971,0.974750912565024,"Gene2695"
558.666552552072,0.299439599891354,0.268552873821721,1.11501171307568,0.264845402401374,0.968409492958178,"Gene2696"
914.719494870445,-0.346938314616312,0.229236696748291,-1.51345015670532,0.13016535282358,0.909009346487062,"Gene2697"
13.1804876690728,0.272411575523284,0.373129928344785,0.730071631433343,0.465346400687695,0.971929674739245,"Gene2698"
81.4426883554754,-0.203428991609563,0.333747969609471,-0.609528776602301,0.542174004636186,0.971929674739245,"Gene2699"
11.5931946182886,-0.415076762858281,0.423145023936007,-0.980932633916674,0.326625963237131,0.968409492958178,"Gene2700"
31.0707970657676,-0.430339670210969,0.337828598337643,-1.27384026198062,0.202720033069668,0.946816229220249,"Gene2701"
33.7112632762057,0.0503857256957842,0.366050221357358,0.137647029713431,0.890519384928457,0.993324607337472,"Gene2702"
39.698537654597,0.173236285357674,0.273867518777836,0.632555062136466,0.527024240610854,0.971929674739245,"Gene2703"
470.172325254317,-0.042581353908951,0.264747136167304,-0.160837826332679,0.872221131958831,0.993324607337472,"Gene2704"
22.9901447963796,-0.608824561103874,0.333678697130027,-1.82458324831756,0.0680639432309698,0.880988181129152,"Gene2705"
104.864206802985,-0.126603672270797,0.28461038230952,-0.444831531595756,0.656441505596579,0.976315171363787,"Gene2706"
150.652112466716,-0.170776855189788,0.31918165382663,-0.535045962518101,0.592618074966845,0.974750912565024,"Gene2707"
56.0677753292673,-0.0129119236050064,0.350157999465631,-0.0368745641245124,0.970585020838391,0.995280092384691,"Gene2708"
98.5889239279876,-0.104251652144104,0.328375200115674,-0.317477239777487,0.750881506927156,0.985695289546221,"Gene2709"
30.9366914885979,0.51148690867166,0.375104670214992,1.3635844853078,0.172698377775413,0.929409787345697,"Gene2710"
28.5806802533291,-0.61318237621426,0.291355887015142,-2.10458207141836,0.0353277036144947,0.827722666639615,"Gene2711"
23.2581628368454,1.1844620462829,0.316001410478911,3.74828088421444,0.000178050791494971,0.220667818136083,"Gene2712"
3.66009540747574,0.0744651090983486,0.60725185567262,0.122626400236962,0.902402947849831,0.993324607337472,"Gene2713"
119.178518740209,-0.109137299183847,0.307496336734946,-0.354922274335647,0.722647820927515,0.983100626532256,"Gene2714"
27.5969092596826,0.283683334044967,0.361237214172275,0.785310380313357,0.432271611180851,0.971929674739245,"Gene2715"
41.6167284619264,-0.193123973976364,0.33418335769958,-0.577898239175562,0.563332824182998,0.974750912565024,"Gene2716"
105.589050238445,-0.100490047785806,0.314176307973821,-0.319852405274873,0.74908021900784,0.985695289546221,"Gene2717"
59.0059349970274,-0.366916989654408,0.3248566481812,-1.12947354381908,0.258698123888606,0.968409492958178,"Gene2718"
38.5707221004013,0.0233494419083995,0.369397032067879,0.06320960885281,0.949599593324427,0.994405829620399,"Gene2719"
25.9117159996025,0.352483587666597,0.313913051041564,1.12287012756257,0.261492656201631,0.968409492958178,"Gene2720"
356.800671625047,0.249241893133675,0.28654991980735,0.869802697209765,0.384408237238637,0.971929674739245,"Gene2721"
68.6599513388081,-0.45146388863024,0.243678468983391,-1.85270323846713,0.0639249055968726,0.880988181129152,"Gene2722"
64.8399646714679,-0.0573965105796578,0.316572657153861,-0.181305963362976,0.856127425514691,0.993324607337472,"Gene2723"
174.82701870516,0.378763997536047,0.337059270613524,1.12373113739495,0.261127102781779,0.968409492958178,"Gene2724"
81.2065089012226,0.13525477123565,0.29215856516366,0.46294987504434,0.643400296462415,0.975663866876592,"Gene2725"
18.4346354139108,0.184345497685531,0.353792831172258,0.521054926621095,0.602328508805459,0.974750912565024,"Gene2726"
29.4482892986965,-0.167356430651177,0.286403544263508,-0.584337847778864,0.558993033248619,0.974750912565024,"Gene2727"
23.0538712591991,0.0784318277588637,0.413785703173593,0.189546973608123,0.849664142687766,0.992391832446885,"Gene2728"
4.94074268142483,-0.419355184205324,0.490031959856526,-0.855771089559353,0.392124409445833,0.971929674739245,"Gene2729"
32.3615247748479,0.323309337182497,0.348319072961768,0.928198776005538,0.353304469246978,0.968409492958178,"Gene2730"
87.7595918707348,-0.125375326627174,0.275983123098181,-0.454286208590268,0.649622841136012,0.975663866876592,"Gene2731"
30.6235517446919,-0.469410328696006,0.311962758977143,-1.50469988865049,0.13240125173571,0.914231786596492,"Gene2732"
77.362124218211,-0.122552360899545,0.328177612544221,-0.373433032038501,0.708826178674623,0.983100626532256,"Gene2733"
126.397006288469,0.550109003026804,0.238191567044554,2.30952342206097,0.0209145535001493,0.779008825025657,"Gene2734"
43.1667677155046,-0.0801273709903099,0.341265193997851,-0.234795028615823,0.814367826486055,0.988493764049844,"Gene2735"
26.1940932169284,-0.0854386538817474,0.337707730542966,-0.252995848642195,0.800271421172954,0.988014235932843,"Gene2736"
28.5672646230783,0.226986441317465,0.335859983513995,0.675836516582234,0.499144447288263,0.971929674739245,"Gene2737"
36.8280767091414,0.22647253287208,0.316019080996688,0.716641957687527,0.473595048256018,0.971929674739245,"Gene2738"
297.131550567076,0.550358394283823,0.271615716266827,2.02623913611526,0.0427402849331156,0.855467264776451,"Gene2739"
54.3014153697134,-0.0326063623574827,0.262309446833103,-0.124304948796712,0.901073829120854,0.993324607337472,"Gene2740"
23.279411568887,0.406762343669472,0.40516481662523,1.00394290663624,0.315406133703163,0.968409492958178,"Gene2741"
40.9067189738845,0.187839624228916,0.302339368104668,0.62128734807664,0.534410576642389,0.971929674739245,"Gene2742"
55.7046255011127,0.236093460329367,0.329272248460606,0.71701596910501,0.473364243281421,0.971929674739245,"Gene2743"
66.9350333028117,-0.556153727863487,0.362584940662955,-1.53385776818697,0.125064647528386,0.904458312225088,"Gene2744"
255.645768948277,-0.147193429378041,0.269892470767035,-0.545378049857103,0.585493533845575,0.974750912565024,"Gene2745"
33.2383101762732,0.20707048251441,0.363091156664872,0.570298886969403,0.568474995686464,0.974750912565024,"Gene2746"
142.344437250172,0.346682705983603,0.250731046050113,1.38268759072745,0.166760678499114,0.929409787345697,"Gene2747"
33.2910116130977,0.31227303898734,0.339575240451017,0.91959896302388,0.357782368825208,0.968409492958178,"Gene2748"
66.9271348420453,0.579867650145114,0.263164516067551,2.20344162963167,0.0275636367757374,0.809562793491777,"Gene2749"
39.8418043507616,0.337712612075742,0.32965984692734,1.02442749768727,0.305633399518562,0.968409492958178,"Gene2750"
169.855453993538,-0.319499797022344,0.32103955905848,-0.99520382459828,0.319637142040104,0.968409492958178,"Gene2751"
241.321733361514,-0.0680516191862804,0.318332094676478,-0.21377555177225,0.830722091089689,0.989424480233546,"Gene2752"
343.87456844887,0.18227556767124,0.295514341907559,0.616807856074405,0.537361469571842,0.971929674739245,"Gene2753"
96.5024968199176,-0.270169017133945,0.316616141250118,-0.853301464881787,0.393492147938983,0.971929674739245,"Gene2754"
32.8664172764455,-0.409106094216526,0.317589078627166,-1.2881617213821,0.197689673712002,0.938943636320416,"Gene2755"
43.4513956060822,-0.0422369601392358,0.30608909479913,-0.1379891046656,0.890249028389054,0.993324607337472,"Gene2756"
61.8392415297909,0.226591381812732,0.298790435113424,0.758362233806833,0.44823416019528,0.971929674739245,"Gene2757"
4.9444895514592,-0.131477001215182,0.556912765964441,-0.236081859225286,0.81336915035385,0.988482483662903,"Gene2758"
292.502856455254,0.118654782308051,0.30367959611145,0.390723591006441,0.696001559211062,0.981479549243704,"Gene2759"
15.1420072648728,-0.505332479200454,0.391786518460236,-1.2898158956221,0.197114587557663,0.938943636320416,"Gene2760"
35.9539116311256,0.23825801017366,0.284449388025533,0.837611259519646,0.402249067081379,0.971929674739245,"Gene2761"
288.255178455742,-0.330390342200434,0.336826478588537,-0.980891833637683,0.326646085024194,0.968409492958178,"Gene2762"
88.2464731277234,0.0293957831283828,0.333943629544345,0.0880261832468323,0.929855865693539,0.993667447874791,"Gene2763"
81.2674319753427,0.390903218720137,0.28794987906344,1.35753909670514,0.174609979551501,0.930256481101684,"Gene2764"
23.1723670521333,-0.00884061358208015,0.321841935932822,-0.0274688056311141,0.978085819954895,0.995280092384691,"Gene2765"
8.51836401979056,0.0927531966663133,0.41086465157286,0.225751220776083,0.821394917829699,0.989163799661803,"Gene2766"
18.1677903238766,0.111069384232675,0.348652525075994,0.318567560089995,0.750054455998003,0.985695289546221,"Gene2767"
79.8762318756799,-0.078123898914604,0.300108692708212,-0.260318680574047,0.7946179641893,0.988014235932843,"Gene2768"
171.88199534373,-0.12304588065727,0.3348984997894,-0.367412457012042,0.713311381033629,0.983100626532256,"Gene2769"
60.0112222936675,0.331990524459175,0.267412482491619,1.24149224959826,0.214423959529239,0.956527096344285,"Gene2770"
38.4457728432308,-0.0834938704274503,0.29336937124823,-0.284603229274412,0.775948136926226,0.987834342341721,"Gene2771"
86.9271425490568,-0.40511556706581,0.310270086531744,-1.3056868343135,0.191659077015124,0.933047627279128,"Gene2772"
22.8832687738504,0.198005723428807,0.367705859975768,0.538489442191256,0.590239192072144,0.974750912565024,"Gene2773"
99.6647547952416,0.0150114791851258,0.298052093419228,0.0503652868628278,0.959831298333235,0.995280092384691,"Gene2774"
17.9904303053747,0.136619868986991,0.335680923901404,0.406993246441133,0.684012948439564,0.980098398362699,"Gene2775"
503.378759715094,0.184301114533128,0.273165205514208,0.674687371644564,0.49987440943804,0.971929674739245,"Gene2776"
2.10300912283168,-0.669107546962268,0.737910599332539,-0.906759636692432,0.364533918905642,0.968409492958178,"Gene2777"
347.602304226593,0.150425895717255,0.335018996699215,0.449007062881002,0.653426561642338,0.975663866876592,"Gene2778"
24.0577736401607,-0.251714833896594,0.318639405247434,-0.789967686831231,0.429546639702957,0.971929674739245,"Gene2779"
222.886291254797,0.52041610513502,0.365199482522857,1.42501873644481,0.154151785126839,0.929409787345697,"Gene2780"
10.2198903171246,0.333102989642574,0.409564684026359,0.813309844901411,0.416040433974465,0.971929674739245,"Gene2781"
45.9626488972374,-0.540112306295663,0.340114395368389,-1.58803130255822,0.112279260979902,0.902314116979042,"Gene2782"
61.680683328906,0.332711990842218,0.340616500793122,0.97679352018326,0.328671384667239,0.968409492958178,"Gene2783"
15.3991484623168,0.313414258859014,0.349673897440765,0.896304417209485,0.370090200588658,0.968409492958178,"Gene2784"
28.4738291863169,0.618047786572531,0.331442289212761,1.86472217543667,0.0622203567908532,0.880988181129152,"Gene2785"
91.4079762542678,-0.494516554477851,0.308613833722298,-1.60237973947349,0.109071662304028,0.902314116979042,"Gene2786"
115.753878713993,-0.0529905837725702,0.328554039641316,-0.161284225360371,0.871869546943919,0.993324607337472,"Gene2787"
11.0218306551647,0.438281151449805,0.392571312227216,1.11643703398309,0.2642351085927,0.968409492958178,"Gene2788"
16.5257034945963,-0.499532310052381,0.633245165522236,-0.788845043357603,0.430202579394135,0.971929674739245,"Gene2789"
57.6461364804923,0.438412981033205,0.26717131899189,1.64094328196401,0.10080918935095,0.89167066155995,"Gene2790"
268.332300928826,0.0902840394062718,0.275090258397035,0.32819787924284,0.742762051240985,0.985164603922037,"Gene2791"
116.785245181862,0.038767739477997,0.332245981788321,0.116683847519626,0.907110590642599,0.993324607337472,"Gene2792"
9.22988662763457,-0.092819091681307,0.471101958756446,-0.197025484517871,0.84380759489086,0.991530159859253,"Gene2793"
24.2077686310841,-0.269962558222881,0.318406561196879,-0.847854884673548,0.39651879255015,0.971929674739245,"Gene2794"
6.24861566760883,-0.103494536879554,0.451266845718819,-0.22934221262078,0.818602946746192,0.988576747131375,"Gene2795"
128.691673525172,0.0954901488433827,0.276893316061723,0.344862599796727,0.730197668699601,0.983100626532256,"Gene2796"
18.2272118051158,0.152561420455846,0.399440371049422,0.381937909918901,0.702507420022345,0.983100626532256,"Gene2797"
51.545828026961,-0.170919591489283,0.339893222005534,-0.50286260632317,0.615060873155086,0.974844740565644,"Gene2798"
107.295566193132,0.250972288425603,0.282517329842965,0.88834298612798,0.374356283617345,0.968409492958178,"Gene2799"
42.9439058831677,0.323158065382378,0.279294404136545,1.15705170098714,0.247251238011131,0.968409492958178,"Gene2800"
19.9444816130671,0.294126684799175,0.35227240575045,0.834941028584381,0.40375091249061,0.971929674739245,"Gene2801"
63.0460008030271,-0.652262604382086,0.3223499028449,-2.02346145795466,0.0430255934028597,0.855467264776451,"Gene2802"
12.2242567882846,-0.437207776620271,0.453628737810089,-0.963800879836029,0.33514576549227,0.968409492958178,"Gene2803"
1019.34087910342,0.12306368113487,0.24444563920899,0.50343987126584,0.614655045170599,0.974844740565644,"Gene2804"
2.18342065008384,-1.24002021131643,0.737551506060771,-1.68126591990751,0.0927112743967798,0.884805430774937,"Gene2805"
812.053619717915,0.4078112717238,0.26233132536777,1.55456566672729,0.12004954597658,0.903875865940428,"Gene2806"
99.8987307950789,0.096269274818099,0.273771402449252,0.351641091643763,0.725107444244843,0.983100626532256,"Gene2807"
22.5400839886163,0.0746728578260719,0.325390773389591,0.229486709313254,0.818490649452009,0.988576747131375,"Gene2808"
66.6425921995637,-0.646626673485566,0.308015983799076,-2.09932830598613,0.0357879698498723,0.827722666639615,"Gene2809"
44.496059647119,0.318610177499555,0.315211952040059,1.01078076334829,0.312121372096007,0.968409492958178,"Gene2810"
1016.04045352842,0.0707290960178495,0.343307075107923,0.206022832461623,0.83677307614906,0.990941575368466,"Gene2811"
774.740537009847,-0.696860043875968,0.289902816466445,-2.40377120984827,0.0162269253888333,0.745692502351214,"Gene2812"
135.781687401276,0.288186399549505,0.258408126812471,1.11523736929003,0.264748716272968,0.968409492958178,"Gene2813"
39.2232582062575,0.279170923326605,0.367796040367593,0.759037326904305,0.447830228188203,0.971929674739245,"Gene2814"
60.5714567310123,0.186936528671875,0.308093738327198,0.606752119296068,0.544015427998603,0.97254944614089,"Gene2815"
22.2645309717877,-0.25274134597565,0.33728934834102,-0.749330944539978,0.453657761126763,0.971929674739245,"Gene2816"
18.3816212791424,-0.210111492432594,0.34533216895942,-0.60843301412005,0.542900320853598,0.97201768149247,"Gene2817"
32.1179124060903,-0.501113803026718,0.366788615049606,-1.36621962205382,0.171870040470414,0.929409787345697,"Gene2818"
280.706789853538,0.150049863177265,0.319246153678505,0.47001306499176,0.63834568330191,0.97558828300122,"Gene2819"
30.1878639003897,-0.154370466810981,0.318099682295639,-0.485289597578128,0.627470933413979,0.97558828300122,"Gene2820"
69.6712178063199,-0.330141877366008,0.368394670364208,-0.896163554808267,0.370165417380693,0.968409492958178,"Gene2821"
240.814057306396,-0.358464397707302,0.30607756895466,-1.17115540002346,0.241536318813362,0.967234400368154,"Gene2822"
76.1353995266523,0.0139154637821792,0.260924801648688,0.053331318810065,0.957467926899199,0.995137824442022,"Gene2823"
81.9813493030269,-0.0563212188703659,0.334816466304331,-0.168215200082701,0.86641398339824,0.993324607337472,"Gene2824"
27.0179990557485,-0.251312535902964,0.363163006425667,-0.692010285894589,0.488930869524848,0.971929674739245,"Gene2825"
63.8783295927316,0.187592711738486,0.292172228174031,0.642062090948451,0.520832868671963,0.971929674739245,"Gene2826"
19.7441750230446,-0.278544456667952,0.31627161542757,-0.880712789516017,0.378473292665512,0.968427398130227,"Gene2827"
21.2562452591431,0.231209234307327,0.372819153930333,0.620164580789034,0.535149437754527,0.971929674739245,"Gene2828"
14.1068025338307,0.0420296315475213,0.359020825621841,0.117067391493861,0.90680664983644,0.993324607337472,"Gene2829"
29.3782958676008,0.111365901205309,0.339053309208241,0.328461330949317,0.74256287729287,0.985164603922037,"Gene2830"
70.7400687123167,0.198850899712527,0.305643755549745,0.650596964936726,0.515306690089321,0.971929674739245,"Gene2831"
46.4447646871213,-0.0366021321828679,0.322110214173694,-0.113632323882566,0.909529262550599,0.993548101559487,"Gene2832"
13.8742918414937,-0.276257072035291,0.387842845434838,-0.712291267679723,0.476284430305788,0.971929674739245,"Gene2833"
16.2425018854429,-0.0768262238529361,0.417779994828897,-0.183891581224229,0.854098509394431,0.993324607337472,"Gene2834"
8.75022719674208,0.0605207139343467,0.405872055958751,0.149112788244031,0.881464635146326,0.993324607337472,"Gene2835"
110.613042341524,0.0315382664889058,0.260708188194546,0.120971522633464,0.903713591158428,0.993324607337472,"Gene2836"
67.2631639996537,-0.341582310742757,0.344143751550759,-0.99255706141268,0.32092585875726,0.968409492958178,"Gene2837"
9.78499022434122,0.316373638338758,0.436936488019531,0.724072369814571,0.46902130645781,0.971929674739245,"Gene2838"
7.13651509907826,0.338733092891716,0.456198402925512,0.742512667119145,0.457776779929157,0.971929674739245,"Gene2839"
37.9593642931098,-0.171300136510522,0.280544090378088,-0.610599696752343,0.541464623506119,0.971929674739245,"Gene2840"
28.8475632878889,0.109414314672346,0.320248290880108,0.341654640440557,0.732610811704738,0.983100626532256,"Gene2841"
13.204625937466,-0.0787033433630964,0.357904649645496,-0.219900309875974,0.825948794972864,0.989279079278785,"Gene2842"
161.03661138893,-0.0957782152072187,0.274585848563631,-0.34880972820791,0.727232159531205,0.983100626532256,"Gene2843"
47.6136407049615,-0.0705092469204442,0.310490833850002,-0.227089624663468,0.820354051633128,0.989163799661803,"Gene2844"
49.3197377369457,-0.388013405722076,0.264298576627133,-1.468087383117,0.142080488290176,0.929409787345697,"Gene2845"
115.715604714573,0.434882940377102,0.282595648737437,1.53888760255172,0.123831738277324,0.904458312225088,"Gene2846"
91.1317207016364,0.223885231668402,0.270025830216958,0.829125241420482,0.407033542027999,0.971929674739245,"Gene2847"
42.1092832564827,0.0942891002934396,0.323515300440066,0.291451749469597,0.770705841101125,0.987834342341721,"Gene2848"
11.4069584994334,-0.0552993105733355,0.391713127467642,-0.141172982715274,0.887733288965841,0.993324607337472,"Gene2849"
211.675702313218,-0.336185815127929,0.304030573935074,-1.10576318288213,0.268829034442081,0.968409492958178,"Gene2850"
7.86371669883998,0.524184350545215,0.479095088658298,1.09411338783119,0.273905251476707,0.968409492958178,"Gene2851"
239.922280079878,0.326745997903239,0.2573058377162,1.26987401764133,0.204129509623197,0.95117689915331,"Gene2852"
26.0761457410806,-0.281128201315803,0.296700976277514,-0.94751357020428,0.343377144648016,0.968409492958178,"Gene2853"
635.739788459524,-0.439846304555295,0.273133406567478,-1.61037168643313,0.107316737880582,0.900947872387212,"Gene2854"
39.8199913484605,0.274783736964251,0.395741394218581,0.694351768550345,0.487461632988682,0.971929674739245,"Gene2855"
21.5564892185182,0.121314045560071,0.353768702700399,0.342919101192538,0.731659321430829,0.983100626532256,"Gene2856"
53.2579695026229,0.586005263769824,0.319099185240821,1.83643610160763,0.0662931843597381,0.880988181129152,"Gene2857"
253.572657389007,0.109767222874068,0.338157829080582,0.324603523663829,0.745481160036067,0.985164603922037,"Gene2858"
6.0669400826409,-0.419370071511188,0.449190407289448,-0.93361315091699,0.350503479137239,0.968409492958178,"Gene2859"
34.0497002354095,0.394881345528234,0.292487288628578,1.35008036547422,0.176990205708865,0.930256481101684,"Gene2860"
75.8778237504302,0.102654671169242,0.312582670972194,0.328408068335862,0.742603143340377,0.985164603922037,"Gene2861"
64.9086328427458,-0.225202439660832,0.356120137070121,-0.632377718130805,0.527140090252823,0.971929674739245,"Gene2862"
57.3963239100473,0.040395422188566,0.26149797980728,0.154476995265267,0.877233648605313,0.993324607337472,"Gene2863"
29.6587319293354,-0.133774764235235,0.303631449872037,-0.440582700809201,0.659515128864518,0.977294842550164,"Gene2864"
12.5525758835537,0.249758231773912,0.384274124934697,0.649948085410006,0.515725756132777,0.971929674739245,"Gene2865"
1509.17893174838,0.0809183785716597,0.318984578517932,0.253674892208342,0.799746732799417,0.988014235932843,"Gene2866"
10.0452933232646,-0.557857945383863,0.4461082179492,-1.25049914558487,0.211117267243278,0.956527096344285,"Gene2867"
158.098307206544,-0.0479116050072547,0.316503948934878,-0.151377589974755,0.879677866346197,0.993324607337472,"Gene2868"
11.4982828099364,-0.11322656252624,0.355895090765882,-0.318145895979004,0.750374270833466,0.985695289546221,"Gene2869"
4.77723450887286,-0.639136380669521,0.538021254007631,-1.1879389074478,0.234857479616114,0.965069894296684,"Gene2870"
62.8089649630255,0.131076349597829,0.314840394610793,0.416326341351038,0.677171219861269,0.978688851838128,"Gene2871"
592.027150455871,-0.262256403097713,0.330201800426915,-0.794230687896444,0.427061146301886,0.971929674739245,"Gene2872"
110.858796562824,-0.0494509749634885,0.234045003243856,-0.211288317537651,0.832662298410166,0.989424480233546,"Gene2873"
8.248785972797,0.00763255753597912,0.43128724095646,0.0176971558886196,0.985880449565611,0.995280092384691,"Gene2874"
24.5596716603073,-0.0681524332035099,0.364290949633037,-0.187082422091908,0.851596009973586,0.99262228246635,"Gene2875"
18.762216283802,-0.216655292419485,0.373403349103825,-0.580217860764939,0.561767710519066,0.974750912565024,"Gene2876"
12.1584173467229,-0.107014375763056,0.401105213070038,-0.266798765700334,0.789624104647727,0.988014235932843,"Gene2877"
163.788198924722,0.520819382638054,0.279987044871997,1.86015528995693,0.06286355858896,0.880988181129152,"Gene2878"
1213.71523325103,0.0462902999550362,0.257539722864586,0.179740427768401,0.857356353502696,0.993324607337472,"Gene2879"
10.1384558560986,-0.0600326412045362,0.402939622448795,-0.148986691454413,0.881564134437261,0.993324607337472,"Gene2880"
147.04261199047,0.33988628509396,0.269695014760323,1.26026165294904,0.207574988507668,0.956527096344285,"Gene2881"
14.868999072627,0.062312283883959,0.407681066177671,0.15284566553013,0.878519984914766,0.993324607337472,"Gene2882"
197.484760830273,-0.167708167491203,0.246582750496509,-0.680129356792039,0.496422557623788,0.971929674739245,"Gene2883"
64.6204451491092,-0.489042867191921,0.317631344308295,-1.53965556597353,0.123644333234265,0.904458312225088,"Gene2884"
42.6624819685523,-0.134281612666408,0.355361993095811,-0.377872747438705,0.705525128440815,0.983100626532256,"Gene2885"
112.786414152441,0.524471618225455,0.30243345831497,1.73417194363212,0.0828875794595706,0.884805430774937,"Gene2886"
844.516616248629,0.158103429621666,0.330443431260627,0.478458382478684,0.63232398862625,0.97558828300122,"Gene2887"
286.7784548766,0.0890597361294997,0.288131413630223,0.309094156056846,0.757249904470498,0.985695289546221,"Gene2888"
42.4282837663596,-0.25609575711984,0.33064197251688,-0.774540979085061,0.438610944541901,0.971929674739245,"Gene2889"
120.104859317974,-0.654192809720936,0.263056446882074,-2.4868913781619,0.0128864738042829,0.745692502351214,"Gene2890"
12.8792718538128,-0.485852766132807,0.424433410063038,-1.14470905120463,0.252329700792975,0.968409492958178,"Gene2891"
86.7445842696009,-0.231006256376562,0.259048858440346,-0.891747826133575,0.372528112486835,0.968409492958178,"Gene2892"
176.032798085978,0.191239945902779,0.310312383349069,0.616282031154565,0.537708396130761,0.971929674739245,"Gene2893"
96.2349552920027,-0.431550502384808,0.222361463077776,-1.94076121110007,0.052287247921235,0.874662833427186,"Gene2894"
27.6393474948942,0.632936024302607,0.356757323786955,1.7741360361829,0.0760406513103077,0.884675367923901,"Gene2895"
60.8764225495465,-0.241463717897106,0.345200039064565,-0.699489254263795,0.484246326187688,0.971929674739245,"Gene2896"
24.2046508764082,0.000285524171569497,0.332710917777685,0.000858174939003001,0.999315275549747,0.999375777912153,"Gene2897"
95.3063880022172,0.416355305896321,0.261665481025636,1.59117398391394,0.111570426074792,0.902314116979042,"Gene2898"
32.2386577455749,-0.732236957746691,0.327065573202849,-2.23880780412358,0.025168424281667,0.809562793491777,"Gene2899"
32.9417495121757,-0.384424605519703,0.286213972526593,-1.34313710168005,0.179227583814552,0.930256481101684,"Gene2900"
29.5224357822361,0.26381206581329,0.361530022444078,0.72970998101298,0.465567478870199,0.971929674739245,"Gene2901"
198.17856808319,-0.328242408135745,0.311972869030056,-1.05215049358706,0.292730508808287,0.968409492958178,"Gene2902"
73.5920658440153,-0.20075613130001,0.29864534361148,-0.672222539525619,0.501442033943504,0.971929674739245,"Gene2903"
14.4965154340428,-0.107058979383303,0.386138663747804,-0.27725526976295,0.781584103204769,0.987834342341721,"Gene2904"
70.5990022875181,-0.137147678548814,0.367767518241854,-0.372919498721532,0.709208359279594,0.983100626532256,"Gene2905"
25.2173734029349,0.450320607901476,0.374978588866684,1.20092352276033,0.229780868682142,0.95949343556764,"Gene2906"
65.8929580911763,0.843587028060718,0.284432949090701,2.96585550569147,0.00301842266499892,0.745692502351214,"Gene2907"
552.330972839955,0.061488374945844,0.276473557023916,0.222402372247575,0.824000665277232,0.989279079278785,"Gene2908"
14.8270277624212,-0.355232174755409,0.342367381262868,-1.03757599057798,0.299467500540241,0.968409492958178,"Gene2909"
74.2455367024961,-0.394006863062509,0.300418244104493,-1.31152774771383,0.189679525467726,0.932812699338567,"Gene2910"
7.76537218835312,1.07070152448833,0.499329578740938,2.14427818834228,0.0320106034115544,0.827722666639615,"Gene2911"
93.0835992774438,0.0532134974060536,0.235080325994153,0.226363040722418,0.82091907112507,0.989163799661803,"Gene2912"
9.55591294082054,-0.237416334620738,0.389334918525763,-0.609799746500333,0.541994469465291,0.971929674739245,"Gene2913"
7.61164888002216,-0.177913205404395,0.453257564134983,-0.392521205341454,0.694673146341657,0.980686753497532,"Gene2914"
98.466468615094,0.163421723482595,0.336462052624111,0.485706254860087,0.627175448275814,0.97558828300122,"Gene2915"
24.8432860457789,-0.494545264598797,0.339332837383184,-1.45740467799273,0.145004706544644,0.929409787345697,"Gene2916"
4.45030259042432,-0.465373413219509,0.52288512373268,-0.89001081135639,0.373460080892527,0.968409492958178,"Gene2917"
11.8374747864178,0.77457308436776,0.449770455876134,1.72215198719294,0.0850419897131721,0.884805430774937,"Gene2918"
177.36799196009,-0.056480199091537,0.381961123989767,-0.147868972898535,0.882446175021532,0.993324607337472,"Gene2919"
53.6382675395646,0.720106766626629,0.294485652807351,2.44530339512911,0.0144730333909072,0.745692502351214,"Gene2920"
68.4231534258034,-0.292455323443666,0.339913955080322,-0.860380455325993,0.389579355954242,0.971929674739245,"Gene2921"
157.492681241551,0.502207360338667,0.253339139992021,1.98235203748811,0.0474398536628414,0.866666402304388,"Gene2922"
69.6417995156467,0.0358556664281177,0.375989122418238,0.0953635738116728,0.924026048065903,0.993667447874791,"Gene2923"
1.54148112402772,0.162071796861198,0.79931389233335,0.202763643189135,0.839319776141456,0.991314760713011,"Gene2924"
67.574352072288,-0.200980251717408,0.275303841933216,-0.730030682848815,0.465371429772607,0.971929674739245,"Gene2925"
10.2375203729323,0.289687600734512,0.449550817348111,0.644393446870751,0.519320332883472,0.971929674739245,"Gene2926"
19.7564166190093,0.0058057967188647,0.319649233058656,0.0181630240852145,0.985508800272758,0.995280092384691,"Gene2927"
8.01057153724562,-0.254053121415227,0.45052751216719,-0.563901458965614,0.572821197088022,0.974750912565024,"Gene2928"
77.6588688476575,0.306671375616916,0.322781405272934,0.950089969890315,0.342066539239758,0.968409492958178,"Gene2929"
787.549656273705,-0.217239782958997,0.334200226624506,-0.650028831976463,0.5156735979233,0.971929674739245,"Gene2930"
90.8002582846177,0.0754862874850572,0.328847957686795,0.229547685246544,0.818443262409555,0.988576747131375,"Gene2931"
531.821043858326,0.0105933680760204,0.28722042217963,0.0368823637108759,0.970578801899233,0.995280092384691,"Gene2932"
37.8814575423925,-0.00764460353847317,0.34216878439762,-0.0223416158546762,0.982175452505775,0.995280092384691,"Gene2933"
23.5425722788042,0.158745823113937,0.36572999591446,0.4340519642558,0.664250706527387,0.978335395417781,"Gene2934"
146.866764393422,-0.24149264852061,0.386393225320392,-0.624991932299972,0.531976353119261,0.971929674739245,"Gene2935"
10.5296107898006,-0.170975474850906,0.405234007373948,-0.421917883839226,0.673084955935504,0.978688851838128,"Gene2936"
12.4831057325531,-0.0652749856880893,0.388403156012968,-0.168059874585339,0.866536175746551,0.993324607337472,"Gene2937"
2.1839204340577,-0.992306279181706,0.725963228161735,-1.36688228919583,0.171662204176374,0.929409787345697,"Gene2938"
4.13312069761456,-0.159384344058052,0.561642361189425,-0.283782625869803,0.776576969938673,0.987834342341721,"Gene2939"
31.3302110239007,0.341629401353764,0.348320718285545,0.980789782001149,0.326696418140076,0.968409492958178,"Gene2940"
62.1740070784939,0.50390885003975,0.318577493728842,1.58174654506088,0.113707442459022,0.902314116979042,"Gene2941"
38.7108427132979,-0.271145257306394,0.327532528916007,-0.827842224415906,0.407759858329018,0.971929674739245,"Gene2942"
4.5333961885316,0.422838309205899,0.531388871400014,0.795722929032887,0.426193096631026,0.971929674739245,"Gene2943"
12.9674990737016,-0.423859440722648,0.37942699782807,-1.11710406257045,0.263949833678147,0.968409492958178,"Gene2944"
17.3504865015122,-0.619849635406578,0.367407902051563,-1.68708847018643,0.0915863417240984,0.884805430774937,"Gene2945"
157.213158884053,0.388544164917708,0.229290476636481,1.69454994650174,0.0901608291446779,0.884805430774937,"Gene2946"
75.2663819436601,0.32943572215158,0.367271289057995,0.896981963922478,0.369728541278162,0.968409492958178,"Gene2947"
18.6447293118571,0.594250625610177,0.329542414861835,1.80325991074419,0.071347405453945,0.881272202192133,"Gene2948"
6.01035796168424,0.165970312717817,0.490316904034238,0.33849600401749,0.734989437895176,0.983100626532256,"Gene2949"
36.3412135262562,0.138517707123464,0.291975075312278,0.474416204791843,0.635203139605609,0.97558828300122,"Gene2950"
8.17349515429726,0.0361816948069973,0.444987446680369,0.0813094730579812,0.935195840526033,0.993667447874791,"Gene2951"
21.478076020434,0.194664799580745,0.32098711461215,0.606456741467518,0.544211499518317,0.97254944614089,"Gene2952"
31.8912521175626,-0.37653477655939,0.403226252984898,-0.933805211769019,0.350404380619009,0.968409492958178,"Gene2953"
217.572891850023,-0.218236265849857,0.298326176017392,-0.731535759829317,0.464451970389017,0.971929674739245,"Gene2954"
163.777045898348,-0.308012297002343,0.344364254741145,-0.894437482292905,0.37108786537331,0.968409492958178,"Gene2955"
54.0776991423478,-0.57684776003422,0.26691318121143,-2.16118124034227,0.0306813419488985,0.827722666639615,"Gene2956"
38.7772696959033,0.171059877210589,0.308844437016439,0.553870676328498,0.579667354784963,0.974750912565024,"Gene2957"
28.9536615126743,-0.512509164986637,0.321471169565219,-1.59426167416441,0.110877437983353,0.902314116979042,"Gene2958"
113.437158286214,0.3151996872317,0.278310159262051,1.13254826222464,0.257404006062584,0.968409492958178,"Gene2959"
9.72968098254283,0.010734834408863,0.43848843970037,0.0244814536415107,0.980468577131862,0.995280092384691,"Gene2960"
36.7889023299223,-0.191178569224358,0.353872491277558,-0.540247049252573,0.589026669738077,0.974750912565024,"Gene2961"
237.94019772935,-0.538507609601481,0.307678045831481,-1.75023085623869,0.0800784864589889,0.884805430774937,"Gene2962"
22.7402835396265,0.015208421022067,0.404317208365372,0.0376150722932463,0.969994590474499,0.995280092384691,"Gene2963"
7.76998176547175,-0.114338997913992,0.483471269430093,-0.236495951556278,0.813047848386922,0.988482483662903,"Gene2964"
54.3850849628398,0.0743492559679572,0.263776989806404,0.281864070184912,0.778047740770383,0.987834342341721,"Gene2965"
71.8420912831308,0.178160424129849,0.314468839924901,0.566543967193683,0.571024053256918,0.974750912565024,"Gene2966"
307.869851025183,-0.727277219680456,0.329319122164338,-2.20842693524954,0.0272145258851753,0.809562793491777,"Gene2967"
19.5023138908382,-0.244368109102011,0.379108470462754,-0.644586254703637,0.519195344716209,0.971929674739245,"Gene2968"
32.3551541936432,0.483319118101486,0.342688804370248,1.41037323641101,0.158429503772739,0.929409787345697,"Gene2969"
218.879915010881,-0.425279372957047,0.273186560644227,-1.55673607059643,0.119533160952711,0.902314116979042,"Gene2970"
45.9064160206916,0.167630327418421,0.300399297184579,0.558025031980755,0.57682729108683,0.974750912565024,"Gene2971"
84.9621986292433,-0.187811664564294,0.321424174226564,-0.584310949903571,0.559011126489633,0.974750912565024,"Gene2972"
83.7484724644236,-0.525252057988727,0.303439044718883,-1.73099694034213,0.0834523101771152,0.884805430774937,"Gene2973"
243.617807380411,-0.185886302124012,0.297298683122954,-0.625251010772676,0.531806327144552,0.971929674739245,"Gene2974"
155.078200210862,0.162072781389487,0.306165840162665,0.529362718268563,0.59655385539909,0.974750912565024,"Gene2975"
60.5785802544958,0.288983918875282,0.324741220131457,0.889889859865339,0.3735250292473,0.968409492958178,"Gene2976"
12.7823409421079,0.676274185832396,0.371378837597372,1.82098201988982,0.0686095900598748,0.880988181129152,"Gene2977"
45.28451252268,0.128336946662191,0.2852260010516,0.44994827326059,0.652747738778393,0.975663866876592,"Gene2978"
135.161717806864,-0.0617793212962695,0.250364709710766,-0.246757306042213,0.805096053703516,0.988014235932843,"Gene2979"
206.850800548649,-0.153517068948695,0.305526690477382,-0.502466965189935,0.615339084280735,0.974844740565644,"Gene2980"
104.269356728431,-0.302869876105981,0.2495609247631,-1.21361097052147,0.224896315798806,0.956527096344285,"Gene2981"
8.10206961234876,0.715002463865705,0.429378867459652,1.6652018020726,0.0958725015760825,0.884805430774937,"Gene2982"
57.8202587208601,-0.141938643682604,0.357197108837173,-0.397367840251211,0.691096227166448,0.980588080757813,"Gene2983"
13.5158662531808,0.440381131523454,0.445257110057538,0.98904907204412,0.322639133037341,0.968409492958178,"Gene2984"
33.0371880811056,-0.405091798348438,0.337056925417477,-1.20184979984225,0.229421726944607,0.95949343556764,"Gene2985"
10.855590662878,-0.38414226040468,0.383221655628983,-1.00240227753879,0.316149342586353,0.968409492958178,"Gene2986"
463.262870977378,0.200036448410572,0.218625424758219,0.914973400883249,0.360205594179145,0.968409492958178,"Gene2987"
39.397692054383,0.51340757534185,0.368564318220139,1.39299316282483,0.163621858229269,0.929409787345697,"Gene2988"
512.734716437565,0.288474237782457,0.245121693024924,1.17686131416009,0.239250865127972,0.967234400368154,"Gene2989"
7.61296291563799,-0.617594770095374,0.461467064847309,-1.33832903177982,0.180789201985827,0.930256481101684,"Gene2990"
22.6827610280417,-0.176779161985904,0.366703466837509,-0.48207660404868,0.629751529187724,0.97558828300122,"Gene2991"
131.22973315171,-0.268531323896877,0.333351838615737,-0.805549250941496,0.420502797472684,0.971929674739245,"Gene2992"
24.9690626576928,-0.179903148902096,0.322807612048446,-0.557307641416762,0.57731725570123,0.974750912565024,"Gene2993"
534.382305177819,-0.142413826191029,0.294286718596535,-0.483928825841025,0.628436381967674,0.97558828300122,"Gene2994"
22.6873516061043,0.636644225116487,0.356815835427418,1.784237586748,0.0743850671181818,0.881272202192133,"Gene2995"
4.86072261001558,-0.47631835650457,0.496192169951824,-0.959947345704421,0.337081715914479,0.968409492958178,"Gene2996"
48.0824858194205,-0.470186886005759,0.369730344758646,-1.27170218152553,0.203478955214274,0.949251882084793,"Gene2997"
36.0822248241516,-0.333231903779273,0.374967558370981,-0.888695292005993,0.374166862004595,0.968409492958178,"Gene2998"
50.4631048111802,0.0311667152060636,0.277638327012809,0.112256530074199,0.910620007854268,0.993667447874791,"Gene2999"
20.278517197644,0.195821420153054,0.320002783939181,0.611936614246055,0.540579695682075,0.971929674739245,"Gene3000"
28.4090230813642,0.59610443300021,0.356138320626545,1.67380031430344,0.0941698505673926,0.884805430774937,"Gene3001"
20.0780273774208,0.429731866802938,0.323511222811147,1.32833681338405,0.184066863356828,0.932812699338567,"Gene3002"
32.8238525710334,-0.137851767788127,0.345458265245594,-0.39904029417309,0.689863514363144,0.980588080757813,"Gene3003"
12.4710670213882,0.349034347224498,0.380752413581937,0.916696348529872,0.359301780059308,0.968409492958178,"Gene3004"
207.57694363463,0.389803932099351,0.316501325345021,1.23160284297205,0.218097478435009,0.956527096344285,"Gene3005"
20.6064615718918,0.238094236744702,0.310573892268295,0.766626695520885,0.443303498720079,0.971929674739245,"Gene3006"
257.073247186378,0.144751921782554,0.315433538822915,0.458898322362031,0.646307183558874,0.975663866876592,"Gene3007"
10.6143000018707,0.0302617809010621,0.376391940678701,0.0803996516144706,0.935919403980655,0.993667447874791,"Gene3008"
149.55282570671,-0.138843563795134,0.325320664129937,-0.426789869516798,0.669532385809215,0.978688851838128,"Gene3009"
23.7578824038102,-0.195840254419001,0.327005822457902,-0.598889196978176,0.549246775890498,0.97254944614089,"Gene3010"
64.9899978695881,-0.657717973093823,0.316057269432862,-2.08100884461238,0.0374330965041412,0.836461317578777,"Gene3011"
121.60844269648,0.182753305973553,0.288741770233147,0.632929921521181,0.526779407182532,0.971929674739245,"Gene3012"
15.8730703345986,0.1851350898074,0.341897560770084,0.54149286526176,0.588167914047979,0.974750912565024,"Gene3013"
63.3533689563518,-0.0421227159564877,0.374824442997596,-0.112379853404485,0.910522228782257,0.993667447874791,"Gene3014"
57.6000754880366,0.620346121644018,0.28948603138769,2.14292247080215,0.0321193242932137,0.827722666639615,"Gene3015"
12.9447615696785,-0.580115047156028,0.403025301516555,-1.43940106234794,0.150036923551785,0.929409787345697,"Gene3016"
103.471910672614,-0.307742748343878,0.342116520645065,-0.899526125670941,0.368372486406406,0.968409492958178,"Gene3017"
3.71928314610743,0.132548809194907,0.580716309058532,0.228250536668753,0.819451475587314,0.988882281738027,"Gene3018"
326.584038967147,-0.170719947792218,0.292736276574417,-0.583186852651039,0.559767520768477,0.974750912565024,"Gene3019"
270.398255234791,0.192180504730738,0.286426106671965,0.670960154308966,0.502245913443074,0.971929674739245,"Gene3020"
36.635845047227,-0.192958412186376,0.315636106001156,-0.611331874008323,0.540979893680313,0.971929674739245,"Gene3021"
31.7116965660467,0.390586792652045,0.313709925977539,1.24505717004317,0.21311073619915,0.956527096344285,"Gene3022"
86.8359495525999,-0.0104813106779051,0.29657084859168,-0.035341675446786,0.971807291872183,0.995280092384691,"Gene3023"
27.5004472632666,0.257528268600063,0.369645023605115,0.696690749650604,0.485996349068229,0.971929674739245,"Gene3024"
37.047282177739,0.64309623941064,0.270712502875801,2.37556903570754,0.0175219143451645,0.769535548841249,"Gene3025"
61.4856058995335,-0.0852106655744829,0.267255170706233,-0.318836359084504,0.749850605465171,0.985695289546221,"Gene3026"
42.0771632310811,-0.352248327262609,0.299566383082444,-1.17586066780285,0.239650558426864,0.967234400368154,"Gene3027"
425.94306889192,-0.0563968703181726,0.300209692318554,-0.187858259613848,0.850987764111825,0.99262228246635,"Gene3028"
37.0018986509597,0.264749906520956,0.305333457115303,0.867084495168766,0.385895715254689,0.971929674739245,"Gene3029"
21.654830510338,-0.351459310344824,0.33422961987001,-1.05155045947608,0.293005847085783,0.968409492958178,"Gene3030"
16.6662796925551,-0.0471935776468379,0.348946652580627,-0.135245824247973,0.892417517387306,0.993324607337472,"Gene3031"
26.3838474480228,0.194116520605149,0.351819608151257,0.551750147256412,0.581119547253072,0.974750912565024,"Gene3032"
18.0582037266306,-0.212588114993139,0.343647510650678,-0.61862259555035,0.536165012881944,0.971929674739245,"Gene3033"
148.238180937711,-0.0176220738141101,0.293894091544173,-0.0599606263655065,0.952186993846641,0.995080860591229,"Gene3034"
77.7072697353001,-0.152346706818979,0.287427822569154,-0.530034655160513,0.596087903359362,0.974750912565024,"Gene3035"
42.2215076300074,0.124929245985438,0.382304045973612,0.326779816486853,0.743834426207448,0.985164603922037,"Gene3036"
51.1201321078538,0.100031828801095,0.276288285774247,0.362055989890322,0.717310190657156,0.983100626532256,"Gene3037"
17.0175203710141,0.0601303741594327,0.398723010783358,0.150807383906177,0.880127661373282,0.993324607337472,"Gene3038"
887.209414225069,0.262968737971846,0.256348945648073,1.0258233647384,0.304974850722794,0.968409492958178,"Gene3039"
132.042908131392,0.142198560017624,0.314245578659739,0.452507750861929,0.650903238763309,0.975663866876592,"Gene3040"
114.738020525832,0.310822710251574,0.261553641637096,1.18837079960385,0.234687355444636,0.965069894296684,"Gene3041"
62.9303182354735,-0.25406258100485,0.277520043883412,-0.915474707519085,0.359942474476334,0.968409492958178,"Gene3042"
66.4455347070723,-0.162202828961134,0.257981010737152,-0.628739411856932,0.529519671503576,0.971929674739245,"Gene3043"
118.253661139531,-0.0172487690189292,0.264760770121607,-0.0651485075036104,0.948055759032897,0.994341115772533,"Gene3044"
103.410782049817,0.134596163037306,0.280901273543433,0.479158251365117,0.63182605193554,0.97558828300122,"Gene3045"
134.189686765409,0.219540378739499,0.315902933175015,0.694961507742223,0.487079424581521,0.971929674739245,"Gene3046"
34.5956726489743,0.08373672984941,0.311202298791881,0.269074907783408,0.78787203925976,0.988014235932843,"Gene3047"
235.614183918651,-0.158153206534613,0.27865947343037,-0.567550080346114,0.570340511821282,0.974750912565024,"Gene3048"
8.81587157872194,-0.496291551009628,0.449097031537977,-1.10508757831248,0.269121642481584,0.968409492958178,"Gene3049"
625.713512141466,0.425796632518903,0.270296543830233,1.57529440252975,0.115188505413993,0.902314116979042,"Gene3050"
48.9675250197528,-0.0864790393126831,0.365274835716525,-0.236750607643271,0.81285027159809,0.988482483662903,"Gene3051"
55.0383366865182,0.253295681670306,0.281539041562823,0.899682261700764,0.368289365819489,0.968409492958178,"Gene3052"
53.5852495498984,-0.114943211026447,0.288275442196935,-0.398727030476372,0.690094348602238,0.980588080757813,"Gene3053"
12.4693459299551,-0.288962644083605,0.42675027844749,-0.677123504488026,0.498327597011786,0.971929674739245,"Gene3054"
31.552324845672,-0.261724306509093,0.373489574217287,-0.700753982377104,0.483456560802146,0.971929674739245,"Gene3055"
330.652225330696,0.30406931445044,0.238679535935202,1.27396474632409,0.202675910351305,0.946816229220249,"Gene3056"
604.981025874242,-0.102733972156173,0.285753755717199,-0.359519236757979,0.71920668961404,0.983100626532256,"Gene3057"
13.7081862889735,0.0625192854663557,0.363254765119109,0.17210864514291,0.863352116340887,0.993324607337472,"Gene3058"
84.1699563348706,-0.0624688768762788,0.320009993458711,-0.195209143942996,0.845229220935774,0.991530159859253,"Gene3059"
30.9686772059491,0.435496846170188,0.314604870384618,1.38426606567716,0.166277000635853,0.929409787345697,"Gene3060"
55.1780527454474,-0.490371719817596,0.314690346748461,-1.5582674361777,0.119169864896444,0.902314116979042,"Gene3061"
77.0530634756126,-0.1256475446075,0.29605410092647,-0.424407377618819,0.671268741203325,0.978688851838128,"Gene3062"
29.4912940647237,0.551593150130903,0.380164620199078,1.45093236146503,0.146798695553067,0.929409787345697,"Gene3063"
77.3332619720209,-0.0981212180921959,0.288434015138365,-0.34018601462496,0.733716449520542,0.983100626532256,"Gene3064"
368.376162614862,-0.144651312984483,0.261195798705933,-0.55380413353179,0.579712899109247,0.974750912565024,"Gene3065"
15.7024900763252,-0.20294973846366,0.344743345935578,-0.588698058588737,0.556063840478215,0.974750912565024,"Gene3066"
31.7874749477923,-0.316240289913016,0.339838175509733,-0.930561404523427,0.352080486953848,0.968409492958178,"Gene3067"
66.5672720206175,-0.499368242740687,0.277335463026849,-1.80059281741529,0.0717670820981806,0.881272202192133,"Gene3068"
98.44953825736,-0.013817193262864,0.291814251873305,-0.0473492750068386,0.962234856318645,0.995280092384691,"Gene3069"
49.1222981963842,0.103513990070431,0.326044506097612,0.317484233393096,0.750876201080712,0.985695289546221,"Gene3070"
72.8754967580082,-0.0402399272732602,0.302448235085056,-0.133047320517323,0.894155956770735,0.993324607337472,"Gene3071"
42.6364510206629,-0.0986081600569126,0.357421992983297,-0.275887220128395,0.782634689988459,0.988014235932843,"Gene3072"
68.6765713963629,0.093745064779358,0.316842940298877,0.295872348271129,0.767327568999528,0.987834342341721,"Gene3073"
46.2977453433621,-0.196130946930043,0.29251811736761,-0.670491621835387,0.502544445537799,0.971929674739245,"Gene3074"
171.611234981754,0.236031435805514,0.328373949042227,0.718788553397584,0.472271211496073,0.971929674739245,"Gene3075"
132.516215761383,0.286856428728506,0.261563060682731,1.09670084139463,0.272772188525888,0.968409492958178,"Gene3076"
39.6840003035214,0.456187706973652,0.299872651074323,1.52127146420094,0.128191728142234,0.904635253826558,"Gene3077"
254.841504995643,0.468343045655526,0.290959260220188,1.6096516237397,0.107473931485727,0.900947872387212,"Gene3078"
75.458772703937,-0.131277995353113,0.305861243717517,-0.429207681749825,0.667772093169544,0.978335395417781,"Gene3079"
105.614416806218,-0.225511343830791,0.365144268036202,-0.617595190645121,0.536842215631711,0.971929674739245,"Gene3080"
75.1867200185964,0.0292466112784853,0.31456370148544,0.0929751625517385,0.92592329314753,0.993667447874791,"Gene3081"
23.9806095624256,0.322436552124182,0.329197390210127,0.979462661956008,0.327351428749279,0.968409492958178,"Gene3082"
119.644747632574,-0.0555710558868452,0.308763955142685,-0.179979090697828,0.857168983347874,0.993324607337472,"Gene3083"
6.48081486510045,-0.654998043220919,0.46870146264478,-1.39747386219985,0.162271121313851,0.929409787345697,"Gene3084"
16.3588996405305,-0.134965485403969,0.396354222363136,-0.340517339765627,0.73346696691324,0.983100626532256,"Gene3085"
107.105765844307,-0.16328728724266,0.228963259353497,-0.713159341388307,0.475747162551906,0.971929674739245,"Gene3086"
252.033884197584,-0.256462707040864,0.340463627785995,-0.753274905482911,0.451284735311144,0.971929674739245,"Gene3087"
8.59471548495419,0.120278048188513,0.406953594552566,0.295557158846956,0.767568294875139,0.987834342341721,"Gene3088"
230.77019306244,0.144945916465973,0.288965616402857,0.501602641415644,0.61594706099941,0.974844740565644,"Gene3089"
10.8743468170235,0.31049271696369,0.461334589056637,0.673031514065753,0.500927242157643,0.971929674739245,"Gene3090"
27.7837157403485,0.469402605940199,0.390980982291915,1.20057656817111,0.229915494904923,0.95949343556764,"Gene3091"
9.87415379999157,-0.517418897841394,0.383043351938247,-1.35081028093345,0.176756213902708,0.930256481101684,"Gene3092"
42.3155408397429,0.0679569362101499,0.333000181495524,0.204074772286764,0.838295068274392,0.990982756641343,"Gene3093"
61.4046267842667,0.514494724925257,0.284873914892268,1.80604364959083,0.070911521710568,0.881272202192133,"Gene3094"
91.0408272979913,-0.269644280125799,0.334059626126733,-0.807174106168412,0.419566181799982,0.971929674739245,"Gene3095"
27.0265275083193,0.0405880518242509,0.329962156050029,0.123008202850078,0.902100602365291,0.993324607337472,"Gene3096"
53.9304371759769,-0.44837766115834,0.300842085909687,-1.49040869665072,0.136116807235617,0.922774934515247,"Gene3097"
75.6584401663942,-0.143367062803771,0.308120669773238,-0.46529518097336,0.641720085328344,0.975663866876592,"Gene3098"
17.9133895914035,0.335532033684604,0.324365889484233,1.03442453279575,0.300937740374991,0.968409492958178,"Gene3099"
17.5988254551833,-0.00432094000663321,0.327125255146568,-0.0132088242612061,0.989461189512898,0.995483761612513,"Gene3100"
358.705836115222,-0.355511666828724,0.244561300067477,-1.45367098854412,0.14603754519027,0.929409787345697,"Gene3101"
1.05476289443409,0.232126831290544,0.979246553369417,0.237046360277538,0.812620824703189,0.988482483662903,"Gene3102"
174.283722246137,-0.206723688024622,0.324280050977354,-0.637485060834218,0.523808937840055,0.971929674739245,"Gene3103"
179.911235830666,0.0563365700912703,0.30551835219587,0.184396680874845,0.853702273453466,0.993324607337472,"Gene3104"
223.314403545389,0.0219362474693624,0.332650501770377,0.0659438279894873,0.94742254680989,0.994341115772533,"Gene3105"
31.4652643249842,-0.330903713134994,0.316581969104919,-1.04523865989768,0.29591267977678,0.968409492958178,"Gene3106"
204.294700501487,-0.400666730892132,0.249267421719717,-1.60737704160415,0.107971683230453,0.900947872387212,"Gene3107"
86.5851077323495,-0.0452404481505246,0.301065270149647,-0.150267907447569,0.880553251607689,0.993324607337472,"Gene3108"
22.8548805790196,-0.031828394400187,0.295309148535881,-0.107779913212948,0.914170276992352,0.993667447874791,"Gene3109"
98.4218092583806,-0.0773640571429839,0.275994395105468,-0.280310247291146,0.779239489604463,0.987834342341721,"Gene3110"
103.788305857781,-0.385461112463092,0.277034244849338,-1.39138434915409,0.164108908000875,0.929409787345697,"Gene3111"
36.5199355161205,0.142723132065884,0.342913225796725,0.416207720580858,0.67725801070469,0.978688851838128,"Gene3112"
28.1637773229721,0.0418213618985518,0.335177986222834,0.12477359378473,0.90070279309971,0.993324607337472,"Gene3113"
43.3598150978298,-0.405683089787435,0.281898775887338,-1.4391090862685,0.150119618039507,0.929409787345697,"Gene3114"
102.329780143622,-0.0919633675613692,0.267004950251942,-0.344425702499499,0.730526162181125,0.983100626532256,"Gene3115"
50.9260321693861,-0.153544028428216,0.310011582116792,-0.49528481284409,0.620399089751094,0.974844740565644,"Gene3116"
9.47348145082831,0.33081570724549,0.383937333708849,0.861639851612756,0.388885733959672,0.971929674739245,"Gene3117"
76.9669702906061,-0.210222753542707,0.331035706511948,-0.635045553719201,0.525398705287409,0.971929674739245,"Gene3118"
35.8772702998863,0.353412758356379,0.346383250523705,1.02029401774493,0.307589039651018,0.968409492958178,"Gene3119"
146.697012919743,-0.186049712051486,0.244929973310551,-0.759603692176907,0.447491511492669,0.971929674739245,"Gene3120"
12.6596806172084,0.272525617380714,0.397685153890826,0.685279836861923,0.493167352792974,0.971929674739245,"Gene3121"
5.50811557055442,-0.419774163488534,0.485642372576337,-0.864368900229254,0.38738527152848,0.971929674739245,"Gene3122"
24.4625625031911,-0.240575532597317,0.309293511453321,-0.777822759575172,0.436673508580953,0.971929674739245,"Gene3123"
29.2066792353251,0.646115472913837,0.306474773739024,2.10821747261988,0.035012182597111,0.827722666639615,"Gene3124"
131.285903633414,-0.428528893328095,0.330998312107081,-1.29465582649093,0.195438984762573,0.935766540216489,"Gene3125"
5.27017479327451,-0.0380231664482828,0.494094793039653,-0.0769552057295841,0.938659179891039,0.993667447874791,"Gene3126"
14.6536133371741,-0.230863208880827,0.360445899629697,-0.64049336979004,0.521851898231201,0.971929674739245,"Gene3127"
42.9107649807921,-0.312014426878934,0.318484309436267,-0.979685396216898,0.327241436993699,0.968409492958178,"Gene3128"
21.6444416154143,0.15397121726046,0.344634780256506,0.446766333757324,0.655043781515606,0.975663866876592,"Gene3129"
41.3390362663988,0.237936378234516,0.319300737609743,0.745179544575079,0.456163187047386,0.971929674739245,"Gene3130"
13.6126499884333,-0.272862719040317,0.443861041291877,-0.614748071257027,0.538721108005913,0.971929674739245,"Gene3131"
19.363436357893,0.236417136761622,0.358011419116309,0.660362000031111,0.509021551682847,0.971929674739245,"Gene3132"
16.0481192804242,0.209233438082638,0.419014745112431,0.499346241446696,0.617535484101165,0.974844740565644,"Gene3133"
7.94228381430265,-0.28566473612674,0.412985649742197,-0.691706204089812,0.489121850055603,0.971929674739245,"Gene3134"
81.3472224418972,0.262615302048694,0.278274187960844,0.94372857207168,0.345308369369986,0.968409492958178,"Gene3135"
27.2067334212255,-0.0227140350666773,0.330466332836834,-0.0687332802458042,0.945201927030473,0.993667447874791,"Gene3136"
23.6013885074217,-0.196276002283471,0.386672191324512,-0.507603098146636,0.611731717472459,0.974844740565644,"Gene3137"
147.513308106936,0.126089292293772,0.216867354641654,0.581412045635542,0.560962781001298,0.974750912565024,"Gene3138"
103.660402729535,0.418830164669226,0.297967503478358,1.4056236327115,0.159835914615964,0.929409787345697,"Gene3139"
22.4410206964356,0.440598997259195,0.332415767321678,1.32544554311959,0.185023420027658,0.932812699338567,"Gene3140"
162.821572524713,0.485999155769645,0.342407714401181,1.41935807906543,0.155794647564675,0.929409787345697,"Gene3141"
37.689614191385,-0.157800530504794,0.367681351023581,-0.42917741154262,0.667794120181018,0.978335395417781,"Gene3142"
38.96749865644,-0.321792366244525,0.302702994256589,-1.06306304314834,0.287753362680423,0.968409492958178,"Gene3143"
62.6878254120823,0.391488284247417,0.272605119587078,1.43610026414916,0.150973812956096,0.929409787345697,"Gene3144"
56.2626416195001,-0.120781012708765,0.304546028567558,-0.39659362256951,0.691667156162822,0.980588080757813,"Gene3145"
44.4300263830178,-0.219585044439495,0.331099255551859,-0.663200054840058,0.507202436379817,0.971929674739245,"Gene3146"
44.57844102452,-0.22104276972872,0.306993050701465,-0.720025320519953,0.471509405792645,0.971929674739245,"Gene3147"
79.1363662658404,-0.407177543501309,0.274423331921348,-1.48375701384607,0.1378733948076,0.925479262652286,"Gene3148"
160.92379638217,-0.158152105232538,0.291354549585059,-0.542816666009763,0.58725603721119,0.974750912565024,"Gene3149"
38.9028749118378,0.0810315579469665,0.349267325043327,0.23200440504108,0.816534592415976,0.988493764049844,"Gene3150"
285.19125206546,0.412571547858482,0.289278580291814,1.42620842318258,0.153808188980454,0.929409787345697,"Gene3151"
17.0598753361229,0.660228346421291,0.374376066335554,1.76354314762613,0.0778089267333645,0.884675367923901,"Gene3152"
455.146380339104,0.0633944193206212,0.273032893891778,0.232186013989028,0.816393540179856,0.988493764049844,"Gene3153"
141.5133272156,0.0115032030517399,0.276606726286967,0.0415868522293483,0.966828054576129,0.995280092384691,"Gene3154"
33.5604952125377,0.0522615881494667,0.291941427033245,0.179013950437104,0.857926747769573,0.993324607337472,"Gene3155"
3.65063931951274,-0.0527075353709399,0.555674933896291,-0.0948531815199298,0.924431444510708,0.993667447874791,"Gene3156"
32.0576277663452,-0.356186933284148,0.343900912961597,-1.0357254658522,0.30033023832662,0.968409492958178,"Gene3157"
33.2278986790266,0.165597662001394,0.373997716299128,0.442777200994849,0.657926895652382,0.976315171363787,"Gene3158"
297.637205433645,-0.217307864355557,0.278216655443063,-0.781074245930716,0.434758828168586,0.971929674739245,"Gene3159"
86.2562181596351,-0.176761266148725,0.316243099130439,-0.558941101433542,0.576201917544447,0.974750912565024,"Gene3160"
5.43908586169566,0.137964779168265,0.480973533305776,0.286844846160286,0.774231122864235,0.987834342341721,"Gene3161"
79.2951170253629,0.397154424793419,0.326674651504919,1.21574913438743,0.224080500764062,0.956527096344285,"Gene3162"
14.6696784636817,-0.228178556555698,0.44313223520394,-0.514922044546557,0.606607495652151,0.974844740565644,"Gene3163"
6.58570725266943,1.17606538779091,0.484103465522685,2.42936783466549,0.0151251783522069,0.745692502351214,"Gene3164"
178.535794581994,-0.295644189220005,0.346130031212279,-0.854141977177036,0.393026327688037,0.971929674739245,"Gene3165"
112.914329431165,-0.215286157467053,0.304453745864949,-0.707122708756394,0.479490224960355,0.971929674739245,"Gene3166"
35.7980329390835,-0.14642969059352,0.335017606939658,-0.437080581916684,0.66205290919461,0.977404581876242,"Gene3167"
234.961732476938,-0.295297311573299,0.288627770993592,-1.02310775763797,0.306256899438653,0.968409492958178,"Gene3168"
37.4927809675607,0.109439580000604,0.327185141385299,0.334488233595322,0.738011168342557,0.98415911739423,"Gene3169"
5.91714687843046,0.127948342465745,0.453348720770338,0.282229411055431,0.777767607832151,0.987834342341721,"Gene3170"
183.021923860105,0.446899161079936,0.295661832316795,1.51152131331275,0.130655682572357,0.909920002343867,"Gene3171"
24.0617643273969,-0.0772979592467696,0.3097410710178,-0.249556699060834,0.802930188298865,0.988014235932843,"Gene3172"
51.5084976284016,-0.116446636058057,0.298502069134917,-0.390103279335814,0.696460178006917,0.981479549243704,"Gene3173"
16.8367232447402,-0.0178207842546452,0.364778487215122,-0.0488537150057746,0.961035874860391,0.995280092384691,"Gene3174"
10.866717060022,-0.119543910249172,0.367311227097212,-0.325456728327918,0.744835427245065,0.985164603922037,"Gene3175"
67.0556033390269,-0.123735495671627,0.321834356429218,-0.38446950488594,0.70063049388628,0.983100626532256,"Gene3176"
18.7408066401575,0.630051767408549,0.338556587068139,1.86099397109572,0.0627450280871462,0.880988181129152,"Gene3177"
27.3381160011554,0.0583584294803687,0.326273541269872,0.178863505919711,0.858044878686299,0.993324607337472,"Gene3178"
133.626697900867,-0.203934763156211,0.313139238083331,-0.651259051418976,0.514879276906703,0.971929674739245,"Gene3179"
2.35065542179542,-0.288880103505463,0.700585651597822,-0.412340879158194,0.680089589792031,0.978688851838128,"Gene3180"
19.1870530132771,-0.244295952759042,0.359312639935518,-0.679898020851376,0.496569034896349,0.971929674739245,"Gene3181"
304.035955297702,-0.273768573738643,0.310235286349652,-0.882454658720191,0.377530988836429,0.968427398130227,"Gene3182"
61.4225397829701,-0.218902151673583,0.299523392836172,-0.730834909423299,0.464879997742898,0.971929674739245,"Gene3183"
9.54639042187848,-0.235860308934252,0.414265882241644,-0.569345241896297,0.569121869725343,0.974750912565024,"Gene3184"
49.963142532233,-0.221364718366272,0.367289240984435,-0.60269861913993,0.546709200346324,0.97254944614089,"Gene3185"
56.2212981542905,-0.342166316019138,0.332899691095224,-1.02783608748157,0.304026937750818,0.968409492958178,"Gene3186"
20.4447122779853,0.0333520199201379,0.325892815928564,0.102340457629016,0.918486443329208,0.993667447874791,"Gene3187"
22.1782678386086,0.00975118165767222,0.323266245450217,0.0301645525782985,0.975935818603619,0.995280092384691,"Gene3188"
51.6781064476352,0.318715030768951,0.313778896678514,1.01573124943292,0.309757382784821,0.968409492958178,"Gene3189"
113.186761864744,0.111866926343481,0.35773667408591,0.312707458997107,0.754502928125617,0.985695289546221,"Gene3190"
20.4131587211053,-0.245130617374895,0.350998677628646,-0.698380458385207,0.484939294010156,0.971929674739245,"Gene3191"
125.612642041779,-0.0826812366133121,0.30506093470114,-0.271031873334791,0.786366518033421,0.988014235932843,"Gene3192"
4.69634309645423,0.108843015565502,0.577276637372529,0.188545679002186,0.85044891089594,0.99262228246635,"Gene3193"
529.752696075333,0.139416702340202,0.241737075189576,0.57672867197085,0.564122760432379,0.974750912565024,"Gene3194"
142.934819436942,-0.188177831973416,0.363864290242395,-0.517164879928331,0.605041065993371,0.974750912565024,"Gene3195"
23.8934599952054,0.116236342655046,0.374312649126336,0.310532766996647,0.756155845723498,0.985695289546221,"Gene3196"
47.9948621576269,-0.365963381483827,0.321229505681078,-1.13925830290061,0.254595434337587,0.968409492958178,"Gene3197"
9.38453088718199,-0.240584953416481,0.405111470226053,-0.593873467177401,0.552596746457184,0.97254944614089,"Gene3198"
18.0066031516629,0.615050962878746,0.398727776144454,1.54253352707467,0.122943997183315,0.904458312225088,"Gene3199"
57.9532649215892,0.210144617798931,0.34723753277095,0.605189813791095,0.545052883202181,0.97254944614089,"Gene3200"
3.32458877899515,0.803864707145027,0.596391865242346,1.34788006677183,0.177696960237975,0.930256481101684,"Gene3201"
129.955080776816,0.195082834473955,0.245657832741344,0.794124218621434,0.427123119758827,0.971929674739245,"Gene3202"
167.710256639114,-0.153542757664413,0.294628398336772,-0.521140387454802,0.602268977908836,0.974750912565024,"Gene3203"
61.8417866663254,0.262823566092893,0.292803060400016,0.897612086888144,0.369392392904031,0.968409492958178,"Gene3204"
19.5731385125253,-0.254033890133119,0.422265852079151,-0.601597048121007,0.547442394283731,0.97254944614089,"Gene3205"
107.75328699311,-0.121525393194461,0.29671248534903,-0.409572900350007,0.682119279607543,0.97889090229375,"Gene3206"
54.094860640704,0.501440101937648,0.323775963470085,1.54872553404965,0.121447713026144,0.904458312225088,"Gene3207"
547.604459793589,0.285408724468722,0.320852904156444,0.889531373322277,0.373717569893041,0.968409492958178,"Gene3208"
100.265128331291,0.16230290984875,0.346075260651204,0.468981543330624,0.639082828647653,0.97558828300122,"Gene3209"
545.520029298875,0.0689880394940097,0.272482940340886,0.253182967739937,0.800126827605711,0.988014235932843,"Gene3210"
29.0254111747153,-0.0859727532314067,0.32596169298998,-0.263751094316625,0.791971721508012,0.988014235932843,"Gene3211"
190.107768188377,0.562073031701792,0.262944190307455,2.13761342680579,0.0325481310924097,0.827722666639615,"Gene3212"
151.392108726909,0.0327710020838762,0.264207575246092,0.124035058621435,0.90128751662087,0.993324607337472,"Gene3213"
111.132285483255,-0.421493307353505,0.33518345097134,-1.25750035132118,0.208572511896769,0.956527096344285,"Gene3214"
430.628314613946,0.066475971196343,0.272014420991617,0.244383996091118,0.806933435348477,0.988014235932843,"Gene3215"
218.454408718689,-0.374661369436433,0.339253379984323,-1.10437033657187,0.269432522970033,0.968409492958178,"Gene3216"
187.127785138456,-0.152073808278124,0.275465799825664,-0.552060576573817,0.580906850998185,0.974750912565024,"Gene3217"
299.789671526633,0.188653368237956,0.329937675338676,0.571784862229832,0.567467733975388,0.974750912565024,"Gene3218"
18.8179520846239,0.486193878736779,0.331611651159105,1.4661543918537,0.142606230468326,0.929409787345697,"Gene3219"
134.68844472115,0.131572389905824,0.306818099809244,0.428828644684347,0.668047931338305,0.978335395417781,"Gene3220"
244.107061826796,-0.844994391981163,0.259335117312892,-3.25831071679221,0.00112077616712274,0.49787367957297,"Gene3221"
6.47604552779541,0.150485837314894,0.45318227760152,0.332064700568929,0.739840404047101,0.985164603922037,"Gene3222"
227.877439145677,-0.509891637210144,0.269323702781643,-1.89322971555736,0.0583273272904569,0.880959564882428,"Gene3223"
12.7916157176571,-0.817862347179579,0.355366367902772,-2.30146243722013,0.0213655062305079,0.779008825025657,"Gene3224"
8.10306465150282,0.0635979493079466,0.653973350810739,0.0972485334900933,0.922529026513178,0.993667447874791,"Gene3225"
42.9141504484782,0.299719958257019,0.363856030093807,0.823732282737618,0.410091692061304,0.971929674739245,"Gene3226"
5.34256475177684,0.446865947787035,0.481277451537253,0.928499655156701,0.353148446594207,0.968409492958178,"Gene3227"
24.1126825614645,-0.304493621371251,0.31127270909297,-0.978221387472507,0.327964840697418,0.968409492958178,"Gene3228"
167.52338854718,-0.00848463717658341,0.30358384888207,-0.0279482495785846,0.977703425857203,0.995280092384691,"Gene3229"
65.9457861498877,-0.259115606462205,0.378172211895747,-0.685178863786101,0.493231059695788,0.971929674739245,"Gene3230"
258.607674551906,0.223376661989642,0.279421489328256,0.79942549346026,0.424043733035291,0.971929674739245,"Gene3231"
69.0457780743359,0.192516535705815,0.292607077950247,0.657935334491633,0.510579684410488,0.971929674739245,"Gene3232"
6.48415131868702,-0.135171530361965,0.504293371701777,-0.268041457506804,0.788667407437132,0.988014235932843,"Gene3233"
13.6304361753252,-0.0918550891254087,0.354396467732716,-0.25918737202168,0.795490673945089,0.988014235932843,"Gene3234"
56.6422472505731,-0.0138387288960099,0.382340937153252,-0.0361947349897901,0.971127084110017,0.995280092384691,"Gene3235"
26.7286836931729,0.363625220130404,0.342329729672026,1.06220754031144,0.288141477483114,0.968409492958178,"Gene3236"
165.509252545423,0.733232651254381,0.333400851684889,2.19925248405601,0.0278599743029773,0.809562793491777,"Gene3237"
75.669214521128,-0.117912421373594,0.311169485708525,-0.378933111339985,0.704737535290345,0.983100626532256,"Gene3238"
17.9340890694933,-0.874926416513075,0.416550451798029,-2.10040923671185,0.0356928571867097,0.827722666639615,"Gene3239"
24.6142124008161,0.0474906696096205,0.310740722960914,0.152830530730257,0.878531920515887,0.993324607337472,"Gene3240"
177.29140637605,0.0824037941475321,0.293957671741161,0.280325373579946,0.779227885558582,0.987834342341721,"Gene3241"
17.9587051885484,-0.0722751490205375,0.375412130139085,-0.192522146244344,0.847333222181214,0.992123910544398,"Gene3242"
7.88375900182718,0.395037650617839,0.507348365533287,0.778631956767229,0.436196548709051,0.971929674739245,"Gene3243"
92.1998767271867,-0.0361401855719188,0.364969128762464,-0.0990225822508956,0.921120340177208,0.993667447874791,"Gene3244"
61.7178505644842,0.241080552594109,0.300948639679555,0.801068756618429,0.423091842398526,0.971929674739245,"Gene3245"
20.3707711078626,0.29954275441813,0.330534769337159,0.906236747858087,0.364810556422734,0.968409492958178,"Gene3246"
47.59342488822,-0.27612629607145,0.359555208372141,-0.767966336300874,0.442507184842004,0.971929674739245,"Gene3247"
63.5251239048977,-0.195808560742697,0.286132779178222,-0.684327609388417,0.49376831647694,0.971929674739245,"Gene3248"
23.8781296940177,-0.316335873117888,0.351369238682722,-0.900294727859006,0.367963426023947,0.968409492958178,"Gene3249"
77.1798108185834,-0.675846058533532,0.293923771937919,-2.29939230187983,0.0214826726881229,0.779008825025657,"Gene3250"
20.4265009001383,-0.102808256513004,0.362179572467943,-0.283859898040229,0.776517749586877,0.987834342341721,"Gene3251"
36.3524051441789,0.0521497645719306,0.363063431696271,0.143638163524983,0.885786202994433,0.993324607337472,"Gene3252"
130.600845083267,0.0461278903317344,0.258156789459616,0.178681685762715,0.858187650389822,0.993324607337472,"Gene3253"
32.5786146207649,0.0544391203478329,0.345556117024065,0.15754060676646,0.874818807857503,0.993324607337472,"Gene3254"
7.77497199020069,0.189580053880454,0.457198250031053,0.4146561231754,0.678393656768164,0.978688851838128,"Gene3255"
39.9867422261122,0.180569978977325,0.356120727582882,0.507047091032632,0.612121777385742,0.974844740565644,"Gene3256"
7.68465737616008,0.343479098201621,0.434197717226877,0.791066107844475,0.428905415522643,0.971929674739245,"Gene3257"
30.1130992943093,0.271874240068968,0.369373165864067,0.736042206620447,0.461705012402565,0.971929674739245,"Gene3258"
26.4522776167873,-0.0593928351307742,0.364243531974205,-0.163058036497901,0.8704727395512,0.993324607337472,"Gene3259"
2553.87625162214,0.581197647339831,0.350312975319019,1.6590811311244,0.0970994449245857,0.884805430774937,"Gene3260"
94.0231532123998,-0.286839154403286,0.312353315725927,-0.918316342301843,0.358453273965188,0.968409492958178,"Gene3261"
85.7456759009556,-0.557073932052303,0.312293583427863,-1.78381485119748,0.0744537555429897,0.881272202192133,"Gene3262"
73.9960586429967,0.568747468456205,0.274819756866404,2.06952904311274,0.0384964688430452,0.836461317578777,"Gene3263"
23.5686926025628,0.254557833207797,0.323147951393097,0.787743917640181,0.430846511213019,0.971929674739245,"Gene3264"
2.18604266892399,1.00669188040624,0.726179662315572,1.38628487225351,0.165659934286853,0.929409787345697,"Gene3265"
482.914863069099,0.0101108558046481,0.287278813769941,0.0351952713531637,0.97192403281044,0.995280092384691,"Gene3266"
33.2738102999036,-0.0913108745854805,0.345817674009264,-0.264043400462622,0.7917464763357,0.988014235932843,"Gene3267"
15.486989772074,0.0266668737891431,0.348319590516003,0.0765586390063179,0.938974663628642,0.993667447874791,"Gene3268"
26.0576316172033,0.738065896773982,0.325599168246041,2.26679294283779,0.0234028774454254,0.806240050696774,"Gene3269"
193.459931291872,0.23300194792411,0.277697105551337,0.839050689640823,0.401440865285039,0.971929674739245,"Gene3270"
133.554453520538,0.446574264211712,0.317484830958525,1.40660031807961,0.159545938719493,0.929409787345697,"Gene3271"
248.607784197313,0.0309899956353787,0.313485845472924,0.0988561240735679,0.921252506115195,0.993667447874791,"Gene3272"
62.8383003434919,-0.1737462990487,0.363023494315745,-0.478608965450545,0.632216839062728,0.97558828300122,"Gene3273"
45.5859343133103,-0.335564112978734,0.29665616702686,-1.13115502145739,0.257989849393344,0.968409492958178,"Gene3274"
43.3222314390836,-0.322201191515674,0.332483227868934,-0.969075022463047,0.332507758921414,0.968409492958178,"Gene3275"
9.54975674105423,0.301004477505192,0.380701706479668,0.790657021972838,0.429144162119779,0.971929674739245,"Gene3276"
73.3413114517303,0.206040130240096,0.336146630358612,0.612947183258347,0.539911263521855,0.971929674739245,"Gene3277"
36.6307752425466,-0.296480587212252,0.291973235982147,-1.01543754931832,0.309897301554794,0.968409492958178,"Gene3278"
32.7309551326904,0.111047934299037,0.337260027812255,0.329265033331653,0.741955371229213,0.985164603922037,"Gene3279"
236.607620640131,0.43684425650264,0.308756708502602,1.41484944123557,0.157112644409762,0.929409787345697,"Gene3280"
259.014328710073,0.1432672853215,0.276653171483908,0.517858821400982,0.604556774493217,0.974750912565024,"Gene3281"
953.811199173044,0.207936493767946,0.322813023556365,0.64413911024144,0.519485231003488,0.971929674739245,"Gene3282"
71.7771578686706,-0.531373358641215,0.306354523614926,-1.73450469205125,0.0828285739594108,0.884805430774937,"Gene3283"
43.2430190613165,-0.0225970207051873,0.296866158997015,-0.0761185470972275,0.939324784498855,0.993667447874791,"Gene3284"
17.0900810855848,0.0765569869983411,0.343530616798308,0.222853461248518,0.823649558036479,0.989279079278785,"Gene3285"
53.5888594021672,0.127683202281166,0.322212462904729,0.396270216024881,0.691905696802849,0.980588080757813,"Gene3286"
456.78745392486,0.0259900327051189,0.327971554552135,0.0792447770069874,0.936837929650008,0.993667447874791,"Gene3287"
35.3156723827119,-0.445943959578961,0.315489361537222,-1.41349919821733,0.157508996958096,0.929409787345697,"Gene3288"
390.364915681774,-0.530388586491203,0.218608368008801,-2.42620440984148,0.0152576738260426,0.745692502351214,"Gene3289"
42.5000431516813,0.15380284407548,0.299518299248992,0.513500659095365,0.60760114986631,0.974844740565644,"Gene3290"
69.7730280845124,-0.408060812188716,0.317447094505787,-1.2854451001481,0.198636789670362,0.9400576154674,"Gene3291"
1164.73544721579,-0.241310017280009,0.34810136137925,-0.693217677529005,0.488172956080456,0.971929674739245,"Gene3292"
47.5670132199326,0.251141315377953,0.291615431341236,0.861207221520725,0.389123923432825,0.971929674739245,"Gene3293"
9.33069540375003,0.0856788950044715,0.403970619957296,0.212091896716471,0.83203534138765,0.989424480233546,"Gene3294"
21.618164318852,-0.307562765665653,0.337634215071946,-0.910934828095295,0.36232971351409,0.968409492958178,"Gene3295"
13.4503645229756,0.00908472001899515,0.357990377009588,0.0253769950323325,0.979754260502747,0.995280092384691,"Gene3296"
57.2714787590721,0.538134135306727,0.268562456504922,2.00375786813249,0.0450960040427521,0.8599581518489,"Gene3297"
30.3485788308356,-0.111185374665696,0.329784269038092,-0.337145780148943,0.736007007974258,0.983474604906779,"Gene3298"
77.0982862535028,-0.366486775923266,0.32935988092452,-1.11272440011373,0.265826812785582,0.968409492958178,"Gene3299"
317.481355314755,-0.295265477110154,0.312926056568132,-0.943563090745262,0.345392960826679,0.968409492958178,"Gene3300"
17.8019246776198,0.267805926286136,0.350011122059729,0.765135475439079,0.44419087721178,0.971929674739245,"Gene3301"
20.0690729838148,-0.24771663639682,0.34209749232108,-0.724111231322102,0.468997449917261,0.971929674739245,"Gene3302"
35.3215324226916,0.113620446968873,0.340666242235658,0.333524232466436,0.738738600686537,0.984492308514925,"Gene3303"
170.68356360606,-0.385110823354644,0.301006592094422,-1.27940993144044,0.200752738366564,0.946473405648023,"Gene3304"
92.470348269739,0.126041137028445,0.369651163378079,0.340973191796856,0.733123763526543,0.983100626532256,"Gene3305"
55.4338310265467,-0.165675333485065,0.303848469481319,-0.545256435774974,0.585577161642931,0.974750912565024,"Gene3306"
369.022824318407,-0.0959551211373144,0.271453778437391,-0.353486039832176,0.723724092736358,0.983100626532256,"Gene3307"
48.3703434927897,-0.784978530590006,0.318530320103643,-2.46437617095475,0.0137251979944395,0.745692502351214,"Gene3308"
393.373698158021,0.288833715152794,0.270105459774668,1.06933682641495,0.284917922233174,0.968409492958178,"Gene3309"
8.5845834762396,0.0612401106613079,0.448519727861929,0.136538276595405,0.891395767521064,0.993324607337472,"Gene3310"
72.5243525695215,-0.38614577221071,0.29110352921304,-1.32648949071351,0.184677613889528,0.932812699338567,"Gene3311"
154.372623565366,0.726977544562103,0.296460509994573,2.45219015704793,0.0141989604114135,0.745692502351214,"Gene3312"
196.184063542249,0.361740977862458,0.293955686016253,1.23059697454689,0.218473637360558,0.956527096344285,"Gene3313"
10.9510900900485,0.595058052437763,0.494581995317738,1.20315348733121,0.22891693031446,0.95949343556764,"Gene3314"
23.2439243875174,0.239527009681809,0.336362766361091,0.712109167947183,0.476397177555977,0.971929674739245,"Gene3315"
4.52942556676787,-0.1985503183415,0.52552229626555,-0.377815213079315,0.705567871547466,0.983100626532256,"Gene3316"
42.0962554009901,-0.126348041987431,0.33156883529933,-0.381061271555777,0.703157784019453,0.983100626532256,"Gene3317"
28.5138477251203,0.438289045254879,0.332827428613368,1.31686576157767,0.187883624902372,0.932812699338567,"Gene3318"
180.472866516865,-0.133487516444366,0.292928600823793,-0.455699839718499,0.64860583727083,0.975663866876592,"Gene3319"
101.957686563541,-0.209934095667147,0.315951364719608,-0.664450669024498,0.506401912300357,0.971929674739245,"Gene3320"
34.275919657972,0.138298547735066,0.335954179451993,0.411658958851646,0.680589410506514,0.978688851838128,"Gene3321"
273.491905791378,-0.167689962768225,0.288098713539536,-0.582057311912338,0.560528077548252,0.974750912565024,"Gene3322"
49.6267589961617,-0.133563971848096,0.31070731715309,-0.429870699769477,0.667289700310176,0.978335395417781,"Gene3323"
255.094736240356,-0.0227855736690888,0.309271068823906,-0.0736750894797163,0.941268920622176,0.993667447874791,"Gene3324"
105.044568464402,0.0544163081885351,0.229905455803805,0.236689938471807,0.812897341138377,0.988482483662903,"Gene3325"
118.933616098087,0.0710071387173263,0.34881774047718,0.203565158756516,0.838693322278278,0.991160479594607,"Gene3326"
169.525603760994,-0.393983260082429,0.333836523935274,-1.1801682315588,0.237933311446424,0.967234400368154,"Gene3327"
26.5925048293824,0.0803626087842717,0.287858184269991,0.2791743058759,0.78011106097369,0.987834342341721,"Gene3328"
10.9416335114101,0.550678247539882,0.36192329165656,1.52153304369932,0.128126125597403,0.904635253826558,"Gene3329"
162.71084567352,-0.230577106239992,0.333140726320272,-0.692131246716206,0.48885491047486,0.971929674739245,"Gene3330"
11.2613068382689,-0.56240007069117,0.402599663672995,-1.39692136242809,0.162437219832115,0.929409787345697,"Gene3331"
17.5709860705355,0.262283157133809,0.39759184598049,0.659679416933212,0.509459578109507,0.971929674739245,"Gene3332"
40.1380014070859,0.633407158933337,0.293942347274143,2.15486868362862,0.0311721116164917,0.827722666639615,"Gene3333"
115.597522045327,-0.113117208841876,0.315752025615087,-0.358246977581609,0.720158493988293,0.983100626532256,"Gene3334"
101.531534183608,-0.240838129350314,0.385111914670421,-0.625371794992174,0.531727069242726,0.971929674739245,"Gene3335"
6.49001100887449,-0.0595058830382481,0.450353437603314,-0.132131517314325,0.894880267246015,0.993324607337472,"Gene3336"
78.2341248050504,-0.0579235430574491,0.295854282844247,-0.195784027530685,0.84477921231462,0.991530159859253,"Gene3337"
5.59855682817945,-0.367095066515356,0.483396824581362,-0.759407277516298,0.447608961455629,0.971929674739245,"Gene3338"
770.571417132157,-0.238907535391621,0.387464608756059,-0.616591889924154,0.537503945201206,0.971929674739245,"Gene3339"
17.2328051402714,-0.225228260450468,0.386346222623035,-0.582970007889081,0.559913490624236,0.974750912565024,"Gene3340"
445.376984564365,-0.382174148407685,0.273987091018333,-1.39486187829963,0.16305749482364,0.929409787345697,"Gene3341"
41.5801715494102,0.630683215531547,0.286464680859005,2.20160898593276,0.0276929406395826,0.809562793491777,"Gene3342"
96.1768023963127,0.22182694805026,0.27736648754033,0.799761175250151,0.423849181410133,0.971929674739245,"Gene3343"
20.4313222561512,0.543025730447895,0.327358343473341,1.65881133404537,0.0971538157367432,0.884805430774937,"Gene3344"
65.6412738054281,0.291609276841079,0.287896344223748,1.01289676889556,0.311109471902421,0.968409492958178,"Gene3345"
131.863754332237,-0.0847226216150478,0.283157173940524,-0.299207046164557,0.764782073368752,0.987834342341721,"Gene3346"
311.9685441864,0.847439433039216,0.269125472429392,3.14886370802953,0.00163906618933321,0.595726056814017,"Gene3347"
23.1191980212218,-0.844246218354893,0.34418996113366,-2.45284962865912,0.0141729571816736,0.745692502351214,"Gene3348"
9.33556995269667,0.340840412748085,0.434797739690772,0.783905668393056,0.433095463477024,0.971929674739245,"Gene3349"
12.050341029428,-0.24674231495636,0.422902851470062,-0.583449163557667,0.559590969878566,0.974750912565024,"Gene3350"
54.4068937526233,-0.596965260399035,0.379842628980735,-1.57161206997994,0.116040545532538,0.902314116979042,"Gene3351"
67.9883729866036,-0.0406336406843741,0.317517232044466,-0.127973025031547,0.89817032039362,0.993324607337472,"Gene3352"
46.4062770858631,-0.293470087012197,0.357627462637122,-0.820602771521423,0.411872568501375,0.971929674739245,"Gene3353"
50.1502394754173,-0.211059920348036,0.326825718525961,-0.645787367346584,0.518417070277974,0.971929674739245,"Gene3354"
47.0862583162645,0.251193252749941,0.302980534162796,0.829073898902598,0.407062592211972,0.971929674739245,"Gene3355"
30.4666294965089,-0.0460897436301737,0.390397231923664,-0.118058582032123,0.906021240630365,0.993324607337472,"Gene3356"
826.399433970421,0.189441490837845,0.293402279568302,0.645671503018247,0.518492119584555,0.971929674739245,"Gene3357"
57.1767113265547,-0.3098618514079,0.33694155002839,-0.919630871828635,0.357765688250821,0.968409492958178,"Gene3358"
220.474953912839,0.38575283788664,0.250534928078459,1.5397168005486,0.123629399781352,0.904458312225088,"Gene3359"
1251.34536691563,-0.277715725292059,0.320457405279132,-0.866622898135735,0.386148663085983,0.971929674739245,"Gene3360"
12.1558521780877,-0.106554749026205,0.410483220400057,-0.259583689979719,0.795184918669859,0.988014235932843,"Gene3361"
41.5162265475814,-0.294403895440819,0.306294803131864,-0.961178225782939,0.336462562605958,0.968409492958178,"Gene3362"
49.9543069653775,0.154852024411454,0.355087300914585,0.436095641867809,0.662767339036141,0.977404581876242,"Gene3363"
239.429275452959,-0.29933177879178,0.344529452389338,-0.868813324132063,0.384949244075583,0.971929674739245,"Gene3364"
33.6526339874574,0.337467111688061,0.307908491109161,1.09599806901207,0.273079619518191,0.968409492958178,"Gene3365"
71.3524778252312,0.0188656563627781,0.269308898228834,0.0700521092576295,0.944152184281873,0.993667447874791,"Gene3366"
66.3228668261374,-0.0681368739452029,0.292494583139388,-0.232950891650299,0.815799539488771,0.988493764049844,"Gene3367"
72.0562500749074,-0.163479095937224,0.353420873759204,-0.462562084119024,0.643678291548123,0.975663866876592,"Gene3368"
27.3482976183656,-0.35233482954969,0.368942604037034,-0.954985479297813,0.339585040188054,0.968409492958178,"Gene3369"
1231.46870278999,0.188625342282363,0.245468253097787,0.768430702960274,0.442231345496347,0.971929674739245,"Gene3370"
13.1417538797915,0.369620664351224,0.383978387690948,0.962607990970366,0.335744285834607,0.968409492958178,"Gene3371"
34.9242442301034,0.216824910464188,0.276884306025628,0.783088480443233,0.43357515532816,0.971929674739245,"Gene3372"
90.3400632258683,0.372632928773461,0.301351247904876,1.23654018811658,0.21625783697789,0.956527096344285,"Gene3373"
87.4477759380242,0.665457752685383,0.283617489164889,2.34632128873583,0.0189597560626424,0.769535548841249,"Gene3374"
12.1490907671825,-0.146737637050406,0.415107676204888,-0.353492950050818,0.723718913112111,0.983100626532256,"Gene3375"
44.7740741886998,-0.0720837028144176,0.308050714793348,-0.233999466168336,0.814985393096138,0.988493764049844,"Gene3376"
11.3377097565545,0.172904188178592,0.363864754899537,0.475188063285577,0.634652934388948,0.97558828300122,"Gene3377"
165.835976004259,0.233634530980736,0.234518354788476,0.996231323520342,0.31913776330272,0.968409492958178,"Gene3378"
18.7192812031896,-0.531665514843711,0.397621148998968,-1.33711578516939,0.181184845373438,0.930256481101684,"Gene3379"
14.3673817428254,0.38713264762875,0.410262217990895,0.943622470342472,0.345362605389046,0.968409492958178,"Gene3380"
47.7514653336956,-0.286353170534289,0.355746504944425,-0.804936005145078,0.420856609800574,0.971929674739245,"Gene3381"
11.8258278074255,-0.593588923008209,0.424332141222978,-1.39887806117494,0.161849552505468,0.929409787345697,"Gene3382"
63.9160930986229,-0.483383005490801,0.332781928772443,-1.45255184761351,0.146348223794967,0.929409787345697,"Gene3383"
28.8924296967188,-0.358669850167259,0.354153023725151,-1.01275388360263,0.311177733219458,0.968409492958178,"Gene3384"
27.7873381328673,-0.151331387793774,0.298640099776256,-0.506734989397447,0.612340776627951,0.974844740565644,"Gene3385"
10.6144666236287,0.384215928051711,0.426733997067901,0.900363998865025,0.367926572965915,0.968409492958178,"Gene3386"
3.07230166120436,0.467079490812261,0.633111047360217,0.737752867778518,0.460664639156304,0.971929674739245,"Gene3387"
206.326574257339,-0.56098675333776,0.263494127455843,-2.12902943513142,0.0332518251611506,0.827722666639615,"Gene3388"
480.860332622286,-0.0433369409184279,0.279147912714557,-0.155247232540629,0.876626413461268,0.993324607337472,"Gene3389"
215.298189327126,0.147676905655953,0.304109271951636,0.485604745650236,0.627247431100632,0.97558828300122,"Gene3390"
45.3046595355786,0.321074269025219,0.307825628392339,1.04303943340284,0.296930029765725,0.968409492958178,"Gene3391"
63.943375318807,0.54415799771499,0.285723621310453,1.90449076355411,0.0568462984610279,0.880959564882428,"Gene3392"
88.8323129400818,0.334879913247569,0.29540484699907,1.13363039452302,0.256949617965542,0.968409492958178,"Gene3393"
36.7923104156268,0.239489392267683,0.297661194314405,0.804570420471812,0.421067617093223,0.971929674739245,"Gene3394"
111.095819682312,0.124897066671581,0.252364372341769,0.494907682541008,0.620665287448189,0.974844740565644,"Gene3395"
139.638424295224,-0.116296598518657,0.253424077584807,-0.45890114162392,0.646305158924203,0.975663866876592,"Gene3396"
171.933915494571,-0.0979988511562614,0.273871404212439,-0.357827979295877,0.720472050640197,0.983100626532256,"Gene3397"
260.173100909611,-0.2942217251694,0.320602485290048,-0.917715047976683,0.358768067436482,0.968409492958178,"Gene3398"
40.1097042070234,0.401924232742237,0.290080210933338,1.38556239823819,0.165880566685131,0.929409787345697,"Gene3399"
80.9575966849884,-0.0130204082746997,0.280020533975728,-0.0464980481603834,0.962913289747881,0.995280092384691,"Gene3400"
40.9115528999146,0.0804381629162852,0.388716451234768,0.206932746635166,0.83606238186592,0.990393304503689,"Gene3401"
12.0421218834428,-0.727450989724662,0.474993517140055,-1.53149666990122,0.125646688822282,0.904458312225088,"Gene3402"
19.5731835708706,-0.500713543633001,0.368165393054724,-1.36002338372573,0.173822524241628,0.930256481101684,"Gene3403"
41.5635623275869,-0.602921943667506,0.286045228339578,-2.10778535676794,0.03504956004108,0.827722666639615,"Gene3404"
79.873261674663,0.214837352680526,0.311482518289193,0.689725233571735,0.490366994253727,0.971929674739245,"Gene3405"
228.164589753149,-0.367665910039374,0.261556266448229,-1.40568572503365,0.159817467676872,0.929409787345697,"Gene3406"
120.590529971552,-0.0845909080438013,0.315793676132357,-0.26786764408907,0.788801200090355,0.988014235932843,"Gene3407"
15.8671138801313,-0.0522080494823788,0.668735342259362,-0.0780698225190115,0.937772512048582,0.993667447874791,"Gene3408"
116.856543042501,-0.295686591039155,0.253444532253793,-1.16667180944769,0.243342931484983,0.967500350919431,"Gene3409"
18.4237066053307,0.643334838002406,0.420526651119213,1.5298313110244,0.126058489152925,0.904458312225088,"Gene3410"
161.531892396904,-0.094102181904719,0.310319226147368,-0.303243157290005,0.761704561656299,0.98639675532867,"Gene3411"
19.8026801141194,-0.381082182470657,0.357020801088179,-1.0673949005468,0.285793550226535,0.968409492958178,"Gene3412"
13.5928706315749,-0.301357563522375,0.359896262538037,-0.837345632314046,0.402398316284923,0.971929674739245,"Gene3413"
64.853398304351,-0.403586460201549,0.306796055680736,-1.31548777348538,0.188346023772487,0.932812699338567,"Gene3414"
19.4549022371323,-0.110777594112552,0.373231896439846,-0.296806342569401,0.766614362895961,0.987834342341721,"Gene3415"
223.957827418891,-0.398749659584877,0.249760690470314,-1.59652689474075,0.110371206048179,0.902314116979042,"Gene3416"
13.2190757324908,-0.00365332061540178,0.599605083827608,-0.00609287798575794,0.995138616802646,0.996884036576542,"Gene3417"
102.902121477629,-0.251213762927797,0.2729118059625,-0.920494304164752,0.35731450815102,0.968409492958178,"Gene3418"
148.367807145777,-0.168735120265878,0.278119951793494,-0.606699084973107,0.544050629543689,0.97254944614089,"Gene3419"
31.0825549836592,-0.293554470991598,0.283931742732392,-1.03389099142844,0.30118712692862,0.968409492958178,"Gene3420"
108.132000947779,0.0315701147212319,0.299811745600395,0.105299792901744,0.916137927303487,0.993667447874791,"Gene3421"
24.301479155717,-0.107991551951075,0.297480873396487,-0.363020152247376,0.716589830440483,0.983100626532256,"Gene3422"
16.5189051337972,0.373638708339411,0.354390862070356,1.05431247904251,0.291739877269633,0.968409492958178,"Gene3423"
3.97240082342924,-0.165567944993556,0.546403715118108,-0.303013944474677,0.761879234731099,0.98639675532867,"Gene3424"
16.4759587489158,-0.118274544556288,0.415085718846387,-0.284940047768925,0.775690073499878,0.987834342341721,"Gene3425"
75.5641271872621,-0.120720747405082,0.299589037655346,-0.402954488421443,0.686981705557331,0.980098398362699,"Gene3426"
48.5148961342787,0.543838354866329,0.329582920969413,1.65008051165612,0.0989264701241612,0.884805430774937,"Gene3427"
15.0042926757081,0.181192777024079,0.350038736846646,0.517636358353849,0.604712009224996,0.974750912565024,"Gene3428"
43.5065982705844,0.216035060747154,0.310659825726877,0.695407139438385,0.486800187594058,0.971929674739245,"Gene3429"
3.24804222411821,0.446011752589174,0.601786161030353,0.741146575762943,0.458604571945867,0.971929674739245,"Gene3430"
112.962837252922,0.0173598967532083,0.228163032349373,0.0760854927919529,0.939351081757821,0.993667447874791,"Gene3431"
18.2288521144704,0.175466683388821,0.371635025600899,0.472147863633434,0.636821250470769,0.97558828300122,"Gene3432"
40.1404714400551,0.00931075053580171,0.321725938335452,0.0289400058446444,0.976912438922835,0.995280092384691,"Gene3433"
106.949452590484,0.252957633432542,0.315887082596057,0.800784987324135,0.423256131597467,0.971929674739245,"Gene3434"
17.4737326519398,0.544516722572776,0.396264872768904,1.37412311812541,0.169403463514958,0.929409787345697,"Gene3435"
330.302116391439,0.169249864401936,0.249478366169186,0.678414994457506,0.49750860455138,0.971929674739245,"Gene3436"
80.0411963654707,0.510458406479582,0.309242492041574,1.65067356400347,0.0988052486594312,0.884805430774937,"Gene3437"
84.3174969448284,0.0632211634485049,0.288229765954419,0.219342937184714,0.826382917114587,0.989279079278785,"Gene3438"
144.14122254959,-0.367466192481269,0.386338630563806,-0.951150528087249,0.341527967955555,0.968409492958178,"Gene3439"
145.988220377626,0.438289672881527,0.323244847272658,1.35590613919927,0.175129033944032,0.930256481101684,"Gene3440"
112.004804095045,-0.204907958498792,0.271987161789809,-0.753373641426297,0.451225417538709,0.971929674739245,"Gene3441"
905.394911444873,0.104221847732067,0.303922986370962,0.342921899315823,0.731657216336349,0.983100626532256,"Gene3442"
28.4395172261325,0.0990898467006075,0.285078425328103,0.347588024546449,0.728149601172216,0.983100626532256,"Gene3443"
275.691914628758,-0.347513413445665,0.259912686281987,-1.33703905883469,0.181209887654219,0.930256481101684,"Gene3444"
11.110416961459,0.242092735958859,0.369368213950302,0.655423847574041,0.5121949016002,0.971929674739245,"Gene3445"
26.7396946946896,-0.25228293463728,0.308375548738948,-0.818102912727517,0.4132984258339,0.971929674739245,"Gene3446"
25.5342398766978,0.44362031605517,0.393436251108246,1.12755323081074,0.259508647873636,0.968409492958178,"Gene3447"
16.8154722500583,0.217611911892347,0.393994479836583,0.552322235536413,0.580727598940778,0.974750912565024,"Gene3448"
59.9939248348926,0.0700405736742057,0.367133535260112,0.190776834441404,0.848700438768223,0.992123910544398,"Gene3449"
116.708536545092,0.461051265213958,0.365548062769773,1.26126031614161,0.207215073786045,0.956527096344285,"Gene3450"
20.1982813795746,0.252559243823334,0.336290516930177,0.751015063192437,0.452643590461584,0.971929674739245,"Gene3451"
94.4122007482905,0.065543694154743,0.274379173423,0.23887998982232,0.811198642237683,0.988482483662903,"Gene3452"
126.276306197131,-0.461624759907721,0.30287358657358,-1.52414994364514,0.127471258974523,0.904635253826558,"Gene3453"
51.1389882517127,-0.597450277771296,0.338228851301873,-1.7664083814011,0.0773273599747132,0.884675367923901,"Gene3454"
21.5315725380827,0.0956415414260583,0.329803003625139,0.289995968425947,0.771819321875684,0.987834342341721,"Gene3455"
14.0333207571779,0.601568650114615,0.337170696781994,1.7841664648087,0.0743966197823268,0.881272202192133,"Gene3456"
16.4612940956506,0.0222352393270623,0.391998029817045,0.0567228343913873,0.954765984083603,0.995080860591229,"Gene3457"
94.1563177636325,0.223621766986965,0.275390456282621,0.812017126539317,0.416781804245011,0.971929674739245,"Gene3458"
448.176679426495,-0.329678283304875,0.313363651023487,-1.0520629378299,0.292770674781185,0.968409492958178,"Gene3459"
28.1034200130715,-0.117117494729953,0.299493912814244,-0.391051336000252,0.695759290378701,0.981479549243704,"Gene3460"
312.979798209447,-0.188096829802356,0.381593314336503,-0.492924856740246,0.622065683207872,0.97558828300122,"Gene3461"
9.56516745034689,-0.0387175086751588,0.400939031108521,-0.0965670729739437,0.92307020620963,0.993667447874791,"Gene3462"
33.1334597194956,0.241541826475525,0.343670598548808,0.702829475362354,0.482162025941541,0.971929674739245,"Gene3463"
55.6606572550047,0.18873883816475,0.375015141443988,0.50328324727907,0.614765143091626,0.974844740565644,"Gene3464"
34.4986625823801,0.15114136821945,0.366752844500679,0.412106873840948,0.680261090641824,0.978688851838128,"Gene3465"
47.5625311756394,-0.0644086675254927,0.287814513436739,-0.223785335758093,0.82292434098214,0.989279079278785,"Gene3466"
141.600032875145,-0.233887158209816,0.267002871295083,-0.875972445821869,0.38104501334196,0.970948351396531,"Gene3467"
155.309641146277,-0.287982942500574,0.229656642036516,-1.25397175516824,0.209852271858415,0.956527096344285,"Gene3468"
113.11418744855,0.306719459684613,0.278983724925865,1.0994170350479,0.271586203704002,0.968409492958178,"Gene3469"
8.32965952691984,0.0370836444616515,0.455083973889914,0.0814874761347279,0.935054284352353,0.993667447874791,"Gene3470"
23.1243272460903,-0.195655850742816,0.366055148742968,-0.53449828916407,0.59299683281018,0.974750912565024,"Gene3471"
34.9054756598844,0.187570979711003,0.378414778891168,0.49567561885565,0.620123291500269,0.974844740565644,"Gene3472"
108.585350565338,0.295379027062758,0.302249149234331,0.977270003277175,0.32843549944083,0.968409492958178,"Gene3473"
7.21389748052283,-1.11304460478777,0.489028099147287,-2.27603404943105,0.0228439717645688,0.794175644476051,"Gene3474"
25.2229766466639,-0.0908962314630761,0.36721369408248,-0.247529525526518,0.804498444218372,0.988014235932843,"Gene3475"
114.222491357071,0.493277161320756,0.316340463653594,1.55932363385835,0.118919800718135,0.902314116979042,"Gene3476"
150.067823650928,-0.578849499223701,0.378238076247348,-1.53038399773682,0.125921707584173,0.904458312225088,"Gene3477"
70.6518888426801,-1.08037126877365,0.326542564747656,-3.30851590391754,0.000937918575963565,0.468724808337792,"Gene3478"
438.716769600908,0.283266887390957,0.252951972479051,1.11984454841291,0.262780011726304,0.968409492958178,"Gene3479"
2.59014459550357,0.187880598869524,0.641225421938816,0.293002417623191,0.769520303757403,0.987834342341721,"Gene3480"
64.7557532528252,-0.540849250637834,0.285991019054536,-1.89114068136069,0.0586055672305282,0.880959564882428,"Gene3481"
42.9625669703169,-0.802466426207928,0.289963681289567,-2.7674721973424,0.00564928638268949,0.745692502351214,"Gene3482"
11.1023038026115,-0.523814475182859,0.393196999890978,-1.33219346873984,0.182796622198022,0.930256481101684,"Gene3483"
24.9374844041486,0.196245894939244,0.378989945563461,0.51781293207522,0.60458879460458,0.974750912565024,"Gene3484"
68.5885757253271,-0.273695649380458,0.254771126884321,-1.07428048353662,0.282696989477728,0.968409492958178,"Gene3485"
218.956366046584,-0.59026502748705,0.320692912211608,-1.84059268231525,0.0656812709127427,0.880988181129152,"Gene3486"
82.1750159526603,-0.307510554922454,0.295944854918078,-1.03908059157703,0.298767256530377,0.968409492958178,"Gene3487"
137.674427758114,0.159656778913741,0.262779645564791,0.607569047330859,0.543473334957584,0.97254944614089,"Gene3488"
16.1250542775795,0.0558398611566328,0.373532502332534,0.149491304793931,0.881165970043607,0.993324607337472,"Gene3489"
40.0617569282032,-0.0366207770130997,0.293471012859618,-0.124784988664681,0.900693771805203,0.993324607337472,"Gene3490"
46.0755533205054,0.553443571612883,0.318576776779856,1.73723765180576,0.0823452315275075,0.884805430774937,"Gene3491"
60.0349523011117,-0.723767241953167,0.349563262719046,-2.0704900060819,0.0384064809686451,0.836461317578777,"Gene3492"
99.1849082188511,0.141861847151381,0.318027202692944,0.446068279537548,0.655547925143659,0.975663866876592,"Gene3493"
42.315511985042,-0.297489173276238,0.282318574055099,-1.05373574612267,0.292003918301833,0.968409492958178,"Gene3494"
132.98981302133,0.847506793592401,0.345332304454449,2.45417756364057,0.0141207236372478,0.745692502351214,"Gene3495"
74.2287318005074,-0.0105485328023478,0.291446648452535,-0.036193700831203,0.971127908708889,0.995280092384691,"Gene3496"
11.1112279790427,0.719681986200354,0.392656620101224,1.8328533109026,0.066824388618797,0.880988181129152,"Gene3497"
88.9808005921017,0.0117535832365275,0.294913526488922,0.0398543375628075,0.968209255501699,0.995280092384691,"Gene3498"
6.64490125902457,0.00950490692288516,0.441623159616271,0.0215226640992833,0.9828287243123,0.995280092384691,"Gene3499"
25.4880097027752,-0.111419821597801,0.330993832745184,-0.336622047225811,0.73640183395679,0.983673415355579,"Gene3500"
73.1573990810947,-0.0796295380439782,0.257742410172936,-0.30895007923046,0.757359501249548,0.985695289546221,"Gene3501"
10.7576496254871,0.46525029439958,0.429250812231087,1.08386584519522,0.278424285242271,0.968409492958178,"Gene3502"
43.5290218959236,-0.0263515166953815,0.34905001097938,-0.075494960224878,0.939820907253279,0.993667447874791,"Gene3503"
55.6043451553465,0.599570896706192,0.379436510951004,1.58016131658878,0.114069928135741,0.902314116979042,"Gene3504"
49.91788290504,-0.0442193548996648,0.342893416184096,-0.128959474905531,0.897389715338254,0.993324607337472,"Gene3505"
17.8067157508526,-0.522264534943841,0.333645453138842,-1.56532789531679,0.117506045591704,0.902314116979042,"Gene3506"
113.027198455981,0.022959056792364,0.274657610248413,0.0835915552152324,0.93338118139899,0.993667447874791,"Gene3507"
124.072567534528,0.024502845937829,0.332490629810496,0.073694846533854,0.941253199510384,0.993667447874791,"Gene3508"
32.8416978856563,-0.250671517033012,0.369376238335475,-0.678634657612565,0.497369377517754,0.971929674739245,"Gene3509"
90.3733614214141,0.230777043550295,0.281216486373844,0.82063838619868,0.411852275878487,0.971929674739245,"Gene3510"
15.629257268491,0.851008625657323,0.423322531628602,2.01030789073129,0.044398612261157,0.8599581518489,"Gene3511"
61.85777549578,0.287066284498831,0.378421017544757,0.758589695575982,0.448098038687216,0.971929674739245,"Gene3512"
140.372782265086,0.0536241793616595,0.353745022470969,0.151589919165747,0.879510384855876,0.993324607337472,"Gene3513"
54.5140467333945,0.311910128885556,0.266698895614985,1.1695216366244,0.242193529095264,0.967234400368154,"Gene3514"
64.090262665318,-0.352378872255789,0.318463493730162,-1.1064969115561,0.268511500055086,0.968409492958178,"Gene3515"
294.350635630042,0.128425788768342,0.351787331752457,0.365066553501455,0.715061726856108,0.983100626532256,"Gene3516"
25.9786366452231,-0.252096274903044,0.337842632332191,-0.746194383943722,0.455550000182952,0.971929674739245,"Gene3517"
155.82215591966,-0.486375573587362,0.287240127966426,-1.69327167840634,0.0904037664104827,0.884805430774937,"Gene3518"
65.7435518683236,0.330389837041177,0.333888232846574,0.989522254870825,0.322407686842965,0.968409492958178,"Gene3519"
20.5432054738807,0.304276005413393,0.37177739828323,0.81843599642813,0.413108274546029,0.971929674739245,"Gene3520"
41.0461673795678,-0.318306101571226,0.298964101725802,-1.06469673025547,0.287013190212702,0.968409492958178,"Gene3521"
29.4725361052608,0.149174889996908,0.312619607190006,0.477177011825242,0.633236079224839,0.97558828300122,"Gene3522"
128.380419355174,-0.557355885677124,0.355305590989695,-1.56866624058637,0.116725728821671,0.902314116979042,"Gene3523"
91.5229077757855,0.431763526096825,0.308172178962867,1.40104641356626,0.161200194238352,0.929409787345697,"Gene3524"
5.18090614907382,-0.262388558949726,0.502284566373349,-0.522390247512985,0.601398644865093,0.974750912565024,"Gene3525"
377.388028754966,-1.0903823712855,0.309290647535775,-3.5254294947906,0.000422796704668407,0.338068245052858,"Gene3526"
2.91646633854709,0.662458563613441,0.632070062763701,1.04807774112393,0.294602790682167,0.968409492958178,"Gene3527"
101.545581962827,0.350923887159533,0.32441690749897,1.08170652961621,0.279382950831167,0.968409492958178,"Gene3528"
24.1634280627025,-0.499099711763376,0.332537030026643,-1.50088461343204,0.133385408519957,0.916279833784856,"Gene3529"
191.321516667799,-0.266048788657504,0.291897719351063,-0.911445246125852,0.36206082279149,0.968409492958178,"Gene3530"
80.708055417503,0.0377368033085524,0.302657083954547,0.124685015845258,0.90077292044332,0.993324607337472,"Gene3531"
265.394525310827,-0.212239936955302,0.269195621262606,-0.788422694098198,0.430449500667808,0.971929674739245,"Gene3532"
41.6873303485712,-0.437107107610796,0.334194009809188,-1.30794417248941,0.190892245570824,0.932991684342485,"Gene3533"
3.32574830354232,0.0800744707137463,0.596627990450875,0.134211723210025,0.893235156002512,0.993324607337472,"Gene3534"
44.5048772466106,-0.49620925611208,0.329333227799155,-1.50670875036847,0.131885327645479,0.912244878765785,"Gene3535"
55.5023337811376,0.470686255684909,0.264015506645267,1.78279776694073,0.0746192294111917,0.881272202192133,"Gene3536"
232.24665775415,-0.385185903179051,0.274957849652593,-1.40089073167299,0.161246750753646,0.929409787345697,"Gene3537"
12.4002148028278,0.40783838312072,0.410962782275157,0.992397367135924,0.321003722807007,0.968409492958178,"Gene3538"
43.5027328178123,-0.0304433516963228,0.333210302044128,-0.0913637768987438,0.927203543180853,0.993667447874791,"Gene3539"
29.3754397319496,0.366112433910979,0.338704404458659,1.08092020384596,0.279732610576589,0.968409492958178,"Gene3540"
296.511966254847,0.273456327204251,0.24793609020133,1.10293070678899,0.270057258053532,0.968409492958178,"Gene3541"
7.45196327083123,-0.242730007917525,0.432851390016674,-0.5607698473792,0.574954444511016,0.974750912565024,"Gene3542"
170.288762245968,0.000440242125573574,0.340335264017557,0.00129355424523644,0.998967893326999,0.999375777912153,"Gene3543"
205.263238846768,0.054802577061223,0.352399446957406,0.15551266477398,0.876417170358581,0.993324607337472,"Gene3544"
42.2756753697978,-0.19528436166097,0.28183559730294,-0.692901689956018,0.488371249067478,0.971929674739245,"Gene3545"
139.338865906132,-0.198137479105248,0.269531119592802,-0.735119118729545,0.46226695158541,0.971929674739245,"Gene3546"
96.9222230507327,-0.650378963403649,0.280710013501271,-2.31690688654648,0.0205088045555377,0.779008825025657,"Gene3547"
23.6744062429284,0.288642180226957,0.310527222912247,0.929522949775406,0.35261813732634,0.968409492958178,"Gene3548"
21.0011170392014,0.290251832205864,0.325785538199856,0.890929148695995,0.372967181518924,0.968409492958178,"Gene3549"
4.12905494461573,-0.624277457172156,0.553493535073513,-1.12788572514987,0.259368183221222,0.968409492958178,"Gene3550"
315.835312026833,0.379967944951615,0.265962418794313,1.42865276483092,0.153104060418094,0.929409787345697,"Gene3551"
241.175370279386,0.111934703238356,0.262380077226204,0.426612814592069,0.669661362490434,0.978688851838128,"Gene3552"
289.375082027425,0.238215486673801,0.278378857691314,0.855724061264562,0.392150427901729,0.971929674739245,"Gene3553"
59.1318960919163,-0.0148510546629181,0.266336740674861,-0.0557604430589918,0.95553264775495,0.995080860591229,"Gene3554"
27.9100803303593,0.316704181495624,0.331134564990243,0.956421391723197,0.338859381429904,0.968409492958178,"Gene3555"
7.11570081960454,0.26797078116112,0.451084800715877,0.594058546720809,0.552472955225069,0.97254944614089,"Gene3556"
26.2966959643626,0.427354554272498,0.390269155559855,1.0950251850148,0.273505603032262,0.968409492958178,"Gene3557"
14.6439767426053,-0.459717327944447,0.378088039918946,-1.21590021213842,0.224022937278163,0.956527096344285,"Gene3558"
9.9407135907953,-0.683985671029008,0.467208248090489,-1.4639845803761,0.143198161506635,0.929409787345697,"Gene3559"
73.7427173071509,0.200855094407903,0.275816771855789,0.728219292309464,0.46647935794922,0.971929674739245,"Gene3560"
32.6854106417127,-0.135123766423374,0.329159872802989,-0.410511054317514,0.681431096129722,0.97889090229375,"Gene3561"
88.5850069686629,-0.681328136747955,0.294801431989565,-2.31114256179079,0.0208249817384607,0.779008825025657,"Gene3562"
24.3239877771921,-0.927243392507101,0.343378982859973,-2.70034987227282,0.00692665905705778,0.745692502351214,"Gene3563"
598.979677054677,-0.0302871365860444,0.291449004807641,-0.103919162825875,0.917233499706385,0.993667447874791,"Gene3564"
1016.88647945696,0.156798102166321,0.240388866590749,0.652268569630816,0.514227932158857,0.971929674739245,"Gene3565"
294.49104126813,-0.423947622930975,0.344744061329546,-1.22974597820763,0.218792243465502,0.956527096344285,"Gene3566"
43.6986855575587,0.679278922521515,0.360843044674325,1.88247752740971,0.0597712082983306,0.880988181129152,"Gene3567"
120.156735122414,-0.726351878925286,0.281580846148328,-2.57955002572393,0.00989291285297644,0.745692502351214,"Gene3568"
11.4402548810811,0.486105337496576,0.394836580306708,1.23115577872489,0.218264607015968,0.956527096344285,"Gene3569"
11.4931353032526,-1.00809418978449,0.438548423255933,-2.29870667941309,0.0215216009918106,0.779008825025657,"Gene3570"
29.4150031432635,-0.0958227350045046,0.348984197718152,-0.274576143077669,0.783641897153373,0.988014235932843,"Gene3571"
464.762550059513,0.134858686845318,0.364475459375323,0.370007591392994,0.711376834085447,0.983100626532256,"Gene3572"
40.4524712723656,-0.599189026599478,0.303475998916402,-1.97441981816999,0.0483340264102074,0.866666402304388,"Gene3573"
149.101395448861,-0.0682704984545347,0.255146643887243,-0.267573570298285,0.789027577193606,0.988014235932843,"Gene3574"
47.406682834835,-0.0331553750780553,0.317508146370466,-0.10442369890998,0.916833116479733,0.993667447874791,"Gene3575"
30.963923931658,-0.319527046970748,0.315838997147291,-1.01167699320467,0.311692519336453,0.968409492958178,"Gene3576"
75.3376351323864,-0.258077252914924,0.271223366661266,-0.951530305415166,0.341335241962639,0.968409492958178,"Gene3577"
39.3714901833635,-0.0940732231410045,0.363159290132793,-0.259041213310571,0.795603441834688,0.988014235932843,"Gene3578"
332.730487194614,0.167971009426009,0.301007233189773,0.558029810931852,0.576824027808109,0.974750912565024,"Gene3579"
13.3508041416506,0.554559072667673,0.412553641704549,1.34421082886676,0.17888022091612,0.930256481101684,"Gene3580"
68.0667905329322,-0.129413427309829,0.299477729782455,-0.432130387137091,0.665646650408818,0.978335395417781,"Gene3581"
55.8632562719679,0.141551295708824,0.305613329559854,0.463171210210913,0.643241650628805,0.975663866876592,"Gene3582"
48.3795012788117,0.326398919377038,0.375709828857682,0.868752676419008,0.384982422461057,0.971929674739245,"Gene3583"
23.7096395011081,-0.336250760751631,0.378510767777606,-0.888351902710452,0.374351488775144,0.968409492958178,"Gene3584"
112.951897171375,-0.368227838183487,0.380250607076617,-0.968381986328539,0.332853632500001,0.968409492958178,"Gene3585"
10.359538817021,-0.537288413481948,0.433051525095288,-1.24070320122698,0.214715411289868,0.956527096344285,"Gene3586"
150.600580266489,0.000224859702027702,0.287417042404588,0.00078234644733131,0.999375777912153,0.999375777912153,"Gene3587"
4.21491048911476,-0.441122973139061,0.580367834991021,-0.760074812116156,0.447209867592229,0.971929674739245,"Gene3588"
386.25922736437,-0.087188001340601,0.266830995649945,-0.32675364842165,0.743854219837681,0.985164603922037,"Gene3589"
108.915503123238,-0.488847445039057,0.265033925938727,-1.84447120612051,0.0651144983703748,0.880988181129152,"Gene3590"
62.4470838538342,-0.28892744754129,0.335444730683122,-0.861326534934382,0.389058225195987,0.971929674739245,"Gene3591"
2.26181277520092,-0.198528415635047,0.69528720468583,-0.285534401175631,0.775234752529365,0.987834342341721,"Gene3592"
59.212562030521,0.130391437180849,0.347722146502481,0.374987438943348,0.707669808462354,0.983100626532256,"Gene3593"
23.104016578038,-0.0383965737622009,0.356974858906073,-0.107561002698803,0.914343932798877,0.993667447874791,"Gene3594"
179.308897454919,0.358851615740693,0.289523601813786,1.23945548305073,0.21517686511634,0.956527096344285,"Gene3595"
9.15875547884256,-0.014897080674449,0.397064864545876,-0.0375180027361192,0.970071986144036,0.995280092384691,"Gene3596"
9.8910290209045,0.0113441932652383,0.396778102484143,0.0285907745266553,0.977190969939431,0.995280092384691,"Gene3597"
41.3443024763151,0.129361994128758,0.328337388235566,0.393991055432125,0.693587642992523,0.980686753497532,"Gene3598"
49.1619484546357,-0.0353518231074284,0.270699404709756,-0.130594388064254,0.896096182381719,0.993324607337472,"Gene3599"
27.4068946416071,-0.123190621180199,0.358367868130911,-0.343754650277959,0.731030807864755,0.983100626532256,"Gene3600"
43.0988958796275,-0.0232825554420832,0.306836495312252,-0.0758793552846107,0.939515081595602,0.993667447874791,"Gene3601"
42.2014545540382,0.369382588302699,0.386598231728019,0.955468902823561,0.33934062404239,0.968409492958178,"Gene3602"
27.7105588439721,0.206885717933344,0.357135214372041,0.579292406930846,0.562391888070029,0.974750912565024,"Gene3603"
22.6486792788015,-0.665292495348903,0.352938487851853,-1.8850097630275,0.0594285197190116,0.880988181129152,"Gene3604"
37.6803610073116,-0.371582462888743,0.300051432611588,-1.23839589651202,0.215569301440715,0.956527096344285,"Gene3605"
200.647920416721,0.522369250178291,0.305691637343817,1.70881105782679,0.087485953768498,0.884805430774937,"Gene3606"
506.463574257448,0.0700660879702564,0.315092192340962,0.2223669442575,0.824028242312392,0.989279079278785,"Gene3607"
216.266486135511,-0.259094599928778,0.290623189056835,-0.891513856033382,0.372653561473947,0.968409492958178,"Gene3608"
54.3429838205165,-0.0887937221971548,0.305330583206748,-0.2908117531647,0.7711952959342,0.987834342341721,"Gene3609"
13.148905916778,-0.275120497300757,0.374572804339941,-0.734491383552431,0.462649309701562,0.971929674739245,"Gene3610"
157.580332783025,0.30517453748061,0.255028943202218,1.19662707161293,0.231451943870005,0.95949343556764,"Gene3611"
367.192533958511,-0.032034248704404,0.31212507618719,-0.102632730108465,0.918254465127562,0.993667447874791,"Gene3612"
41.3813407480282,-0.200592768500434,0.272096973880203,-0.73721058209471,0.460994299198707,0.971929674739245,"Gene3613"
46.4392141712825,0.0952593961354905,0.311210279946947,0.306093346761327,0.75953357348662,0.98608504988653,"Gene3614"
241.816000956042,0.15035719828579,0.270800008981507,0.555233357824805,0.578735055065941,0.974750912565024,"Gene3615"
62.804638426633,0.1545030868635,0.328884108404804,0.469779727615574,0.638512399458746,0.97558828300122,"Gene3616"
906.270324904825,0.535931441138477,0.250561018508321,2.13892585658003,0.0324416735906354,0.827722666639615,"Gene3617"
52.5260227646876,-0.129808802286108,0.281941721983124,-0.460410049896333,0.645221922412236,0.975663866876592,"Gene3618"
7.44681227332829,-0.562903712470679,0.434413221133743,-1.2957794217257,0.195051489667715,0.935403690123011,"Gene3619"
179.117759793656,-0.19678306487793,0.310626590761839,-0.633503604425177,0.526404827812577,0.971929674739245,"Gene3620"
85.231161724003,0.04464311017035,0.302167204739931,0.147743068969955,0.882545540472884,0.993324607337472,"Gene3621"
37.0061660729722,0.306589146290447,0.294816562983499,1.03993189252263,0.298371544108593,0.968409492958178,"Gene3622"
9.15064279271582,-0.587789144536238,0.440334876686788,-1.33486847319236,0.181919397845362,0.930256481101684,"Gene3623"
130.240687721303,0.0388391085758469,0.267963325428169,0.144941881557065,0.884756758861538,0.993324607337472,"Gene3624"
104.63428318722,0.486867846816171,0.293338565832659,1.65974714383077,0.0969653309776417,0.884805430774937,"Gene3625"
68.3456297798004,-0.0206190238734793,0.340387138315385,-0.0605752143736254,0.951697513330109,0.995080860591229,"Gene3626"
311.524353683846,0.444552846019224,0.278091546783431,1.59858453506114,0.109912948242723,0.902314116979042,"Gene3627"
15.953147375067,-0.723197284345266,0.348374009913209,-2.07592203713887,0.0379011621849647,0.836461317578777,"Gene3628"
53.7116931596411,0.0818483695190893,0.327160936114398,0.250177696919383,0.802449932220849,0.988014235932843,"Gene3629"
39.0386006890234,-0.340134927163843,0.410449391962508,-0.828689075497307,0.40728036906466,0.971929674739245,"Gene3630"
95.0916140288871,0.0281059609694495,0.28605616041652,0.0982532972844388,0.921731162042064,0.993667447874791,"Gene3631"
77.2591601381646,-0.505763566058573,0.276205669968495,-1.83111217853081,0.0670838011360681,0.880988181129152,"Gene3632"
63.0296938905154,-0.414351716437764,0.33947065224398,-1.22058184911951,0.222244382137126,0.956527096344285,"Gene3633"
10.6830379003673,-0.385168269401588,0.385952254241243,-0.997968699933633,0.318294536574531,0.968409492958178,"Gene3634"
62.6395596613957,-0.0248263105183687,0.34964370503983,-0.0710045974245142,0.943394096512905,0.993667447874791,"Gene3635"
323.254754189975,-0.157149606726681,0.27837399298251,-0.564526897943927,0.572395599791796,0.974750912565024,"Gene3636"
4.78520685501108,-0.332392943721366,0.52690508201842,-0.630840269082366,0.52814497033048,0.971929674739245,"Gene3637"
28.2368786043006,-0.33374161340372,0.339871527859897,-0.981964024774962,0.32611757177157,0.968409492958178,"Gene3638"
86.4664371196422,0.161046753033115,0.282356900118717,0.57036591974697,0.568429539413084,0.974750912565024,"Gene3639"
11.5073649221509,1.02128811494603,0.400293684269109,2.55134706112285,0.0107307408957555,0.745692502351214,"Gene3640"
14.894865029805,0.226647008676045,0.352281200425221,0.643369582034098,0.519984315999104,0.971929674739245,"Gene3641"
14.8251127488541,-0.0045010596780949,0.413669876428891,-0.0108808011764149,0.991318548034681,0.995483761612513,"Gene3642"
22.6198407330791,-0.0412543426280967,0.346712741252881,-0.118987097154318,0.905285578134953,0.993324607337472,"Gene3643"
101.084098833086,0.237560163750515,0.278746733117317,0.852243759393345,0.39407881371311,0.971929674739245,"Gene3644"
560.760577347083,0.278529380013583,0.254451644720144,1.09462597626327,0.273680530530013,0.968409492958178,"Gene3645"
89.4280633429259,-0.0164545407181362,0.301713992254622,-0.0545368830765062,0.956507423855976,0.995086307722142,"Gene3646"
27.811718862758,-0.0475213625737578,0.29331108215055,-0.162016935143849,0.87129251774829,0.993324607337472,"Gene3647"
28.0756807734666,-0.436577782360884,0.371070164773593,-1.17653701053346,0.239380351855516,0.967234400368154,"Gene3648"
13.4653696560235,0.150305887410601,0.363533570495452,0.413458067175895,0.679271038774439,0.978688851838128,"Gene3649"
22.9012547385394,0.0160750499806052,0.350406102790641,0.0458754851944164,0.963409493580866,0.995280092384691,"Gene3650"
20.0687383722538,0.566072681034245,0.358125109069625,1.58065621956765,0.113956663785804,0.902314116979042,"Gene3651"
322.586202076939,0.178035897251796,0.360020175373569,0.494516444993839,0.620941495265194,0.974844740565644,"Gene3652"
114.802377147247,0.347294270019905,0.287478628570978,1.20806987199801,0.227020387268293,0.95949343556764,"Gene3653"
6.63172202183254,-0.273865640215498,0.457863861008477,-0.598137707597822,0.549748051733196,0.97254944614089,"Gene3654"
136.278677487023,-0.125793905918512,0.232376784113655,-0.541335944545071,0.588276049492388,0.974750912565024,"Gene3655"
236.467308791054,0.23301055569008,0.279673713062836,0.83315143614419,0.404759327655478,0.971929674739245,"Gene3656"
32.2793045888027,0.564546937808923,0.38885724785727,1.45181024892749,0.146554373373919,0.929409787345697,"Gene3657"
256.632081161466,-0.136158943707408,0.300574786891778,-0.452995226630344,0.650552178721687,0.975663866876592,"Gene3658"
91.5259323429272,-0.517626966009641,0.258562604585875,-2.0019405622816,0.045291124472026,0.8599581518489,"Gene3659"
104.361967497938,0.215932061510258,0.288982263841654,0.74721562022428,0.454933416741694,0.971929674739245,"Gene3660"
38.7975635618901,-0.44729157543042,0.285252712379768,-1.56805371524364,0.116868597014604,0.902314116979042,"Gene3661"
300.902403388892,0.469021727077799,0.350401037534944,1.33852836275071,0.180724260959334,0.930256481101684,"Gene3662"
52.2747617100382,0.0854865995402659,0.371442195797463,0.230147787482064,0.817976932345475,0.988576747131375,"Gene3663"
35.5579412291813,0.317897723008552,0.319071527239522,0.996321187787813,0.319094112317572,0.968409492958178,"Gene3664"
109.569490690006,0.41511070684454,0.310554932605426,1.33667400920647,0.18132906935996,0.930256481101684,"Gene3665"
48.6668402376882,-0.116140263031613,0.37545352833223,-0.309333257693729,0.757068034713974,0.985695289546221,"Gene3666"
50.6767783498531,0.565452013133238,0.278264313299679,2.03206802348481,0.0421467700142406,0.855344093994589,"Gene3667"
139.748669801595,0.240006445338832,0.272776854735371,0.879863673080583,0.378933166085018,0.968427398130227,"Gene3668"
41.981722992767,0.325043149943218,0.351540955668116,0.924623844540282,0.355161605438779,0.968409492958178,"Gene3669"
31.1766465918422,-0.406817935536889,0.291003888494472,-1.39798109792137,0.162118743442313,0.929409787345697,"Gene3670"
27.5595286303266,-0.366489965244283,0.340957161028766,-1.07488566639421,0.282425920067735,0.968409492958178,"Gene3671"
10.6099738786346,0.0291011560017118,0.392365241241622,0.0741685372272594,0.940876280531714,0.993667447874791,"Gene3672"
345.810344395088,-0.112697536427999,0.332785717865157,-0.338648957506233,0.734874196748078,0.983100626532256,"Gene3673"
24.9177174382625,-0.331085615780807,0.330637289142185,-1.00135594699492,0.316654753794734,0.968409492958178,"Gene3674"
33.4895575294885,0.49658242549198,0.353431390358661,1.4050320346137,0.160011752598451,0.929409787345697,"Gene3675"
59.2217612987881,0.294495511499732,0.377529944806123,0.780058682897238,0.435356334618359,0.971929674739245,"Gene3676"
21.1351000682947,0.239102959327612,0.308223530966916,0.775745312428066,0.437899379644445,0.971929674739245,"Gene3677"
5.01346602340903,-1.28122460253902,0.524306035535019,-2.44365793201602,0.0145392044704557,0.745692502351214,"Gene3678"
99.4934938113533,-0.468011633237339,0.314075681178011,-1.49012375451024,0.136191699311107,0.922774934515247,"Gene3679"
103.684823052706,-0.300868925251777,0.317499867655879,-0.947619057208153,0.343323420883428,0.968409492958178,"Gene3680"
40.0030511917454,0.00458802799734252,0.310094315890942,0.0147955888329024,0.98819525879871,0.995483761612513,"Gene3681"
27.2401573366357,0.199652181201533,0.411622564370045,0.485037018092252,0.627650086903615,0.97558828300122,"Gene3682"
23.6049300499514,0.097353882187666,0.358549170360922,0.271521705348441,0.785989808058944,0.988014235932843,"Gene3683"
520.919744397518,0.309188416200612,0.316511377504722,0.976863513211302,0.328636727404397,0.968409492958178,"Gene3684"
47.8240165157263,-0.356494746050113,0.361143959637207,-0.987126425728499,0.32358066448519,0.968409492958178,"Gene3685"
50.3958940847023,0.409207649558999,0.330505874983682,1.2381251909038,0.21566964460717,0.956527096344285,"Gene3686"
61.1504580816832,-0.286521614590467,0.250065480367535,-1.145786352316,0.251883563500748,0.968409492958178,"Gene3687"
38.7802972148333,0.117660979407769,0.295399362800728,0.398311554541644,0.690400544327295,0.980588080757813,"Gene3688"
1005.70884587089,0.0722018527510841,0.279266142644295,0.258541375862553,0.795989120717016,0.988014235932843,"Gene3689"
49.8674311601087,-0.0403558510805227,0.336802636052885,-0.119820472765498,0.904625363860089,0.993324607337472,"Gene3690"
11.1861010482575,-0.28106035391257,0.393896419029203,-0.713538738446191,0.475512450718505,0.971929674739245,"Gene3691"
70.3189633632427,0.24408157350612,0.333695331371766,0.731450369721209,0.464504108587651,0.971929674739245,"Gene3692"
237.63496664792,0.252606379262039,0.263128211465552,0.960012527182438,0.337048910182446,0.968409492958178,"Gene3693"
15.9637744105404,-0.152941547961221,0.377183437380995,-0.40548320208115,0.685122363438563,0.980098398362699,"Gene3694"
343.043376585051,0.270220421042671,0.292918236139848,0.922511430506022,0.356261870829569,0.968409492958178,"Gene3695"
68.9538326463459,0.79800122329552,0.323501996435046,2.46675826452201,0.0136342367049566,0.745692502351214,"Gene3696"
45.1135616932595,-0.223514119807967,0.336019627718185,-0.665181737524644,0.505934259797118,0.971929674739245,"Gene3697"
140.446292792444,0.174983297158226,0.324518545867763,0.539208927768121,0.58974270080721,0.974750912565024,"Gene3698"
9.13762956135716,0.235417009224817,0.438581543774966,0.536769074226269,0.591427136154509,0.974750912565024,"Gene3699"
362.058453099406,-0.661819631150798,0.239200027642543,-2.76680415831645,0.00566087505988344,0.745692502351214,"Gene3700"
25.7502169197202,-0.300148076176723,0.341492587848339,-0.878929988108621,0.379439237774721,0.96870885863559,"Gene3701"
16.7596523595614,-0.0849075776993511,0.387634308283315,-0.21904040969793,0.826618569620561,0.989279079278785,"Gene3702"
29.3764369210672,0.415822398709541,0.31155719241042,1.33465831904715,0.181988201252992,0.930256481101684,"Gene3703"
63.1576483334584,-0.698930734554695,0.298102667006648,-2.34459738845311,0.0190476353430494,0.769535548841249,"Gene3704"
15.2067289000899,0.126682689540514,0.385274650669461,0.328811379934776,0.742298261001686,0.985164603922037,"Gene3705"
2.75363213612377,-0.161674938910897,0.637642251609318,-0.2535511699591,0.799842324689983,0.988014235932843,"Gene3706"
49.1276382002889,0.443022477192278,0.343222786606515,1.29077233354025,0.196782633989841,0.938943636320416,"Gene3707"
176.962236910946,-0.0524590022150814,0.271347630573872,-0.193327659077532,0.846702366105871,0.992120767787595,"Gene3708"
40.5564404077939,-0.399379067909838,0.329053670321287,-1.21372014334284,0.224854609642578,0.956527096344285,"Gene3709"
69.8175185091832,0.0390808182607414,0.286240904158168,0.136531214417722,0.891401350046363,0.993324607337472,"Gene3710"
131.758802071318,-0.348137777667692,0.294552906793006,-1.1819193416154,0.237237706656305,0.967234400368154,"Gene3711"
17.3240250150498,0.306479264397332,0.364420723523419,0.841003940264765,0.400345727017565,0.971929674739245,"Gene3712"
403.844818338253,0.182753123743089,0.315526138413602,0.579201218199965,0.562453408944329,0.974750912565024,"Gene3713"
18.8121697098801,0.135620895948744,0.354161235859436,0.382935460510338,0.701767618032894,0.983100626532256,"Gene3714"
39.3122219735962,-0.0944251155255299,0.30305584551912,-0.31157661837469,0.755362306082762,0.985695289546221,"Gene3715"
564.029336911286,0.300345595536105,0.225425315573111,1.33235078222036,0.182744947170105,0.930256481101684,"Gene3716"
75.042817175228,0.663975669598126,0.571986134918169,1.16082476316164,0.245713170358295,0.968409492958178,"Gene3717"
52.7436677163433,0.468496146442893,0.328108308821986,1.42787041305032,0.153329161055005,0.929409787345697,"Gene3718"
13.3691358443283,0.379616451915859,0.419123665288148,0.905738528638968,0.36507426431566,0.968409492958178,"Gene3719"
14.0307008603949,0.66750163378906,0.428879344755208,1.55638559411167,0.11961642871408,0.902314116979042,"Gene3720"
21.3087280836465,-0.0896401145463781,0.328412041621707,-0.272950145505423,0.78489153893295,0.988014235932843,"Gene3721"
34.6333106530545,0.110473203618547,0.342326848733338,0.322712647364105,0.746912873005479,0.985695289546221,"Gene3722"
360.708750225991,0.417146028190565,0.262713633957187,1.58783547662602,0.112323546979391,0.902314116979042,"Gene3723"
29.2811275153423,-0.462311378075926,0.336241780840236,-1.37493733503509,0.16915087321602,0.929409787345697,"Gene3724"
10.6170132662864,0.0756337455834673,0.445196181788946,0.169888576491258,0.865097765164297,0.993324607337472,"Gene3725"
108.576815904472,0.114587542357272,0.269400525457496,0.425342683213698,0.670586882445057,0.978688851838128,"Gene3726"
58.636185199981,-0.284551462666973,0.308331496304068,-0.922875107077469,0.356072294422826,0.968409492958178,"Gene3727"
70.0112563395503,-0.24180617109022,0.359915694394952,-0.671841141844943,0.501684833894814,0.971929674739245,"Gene3728"
314.255825300949,-0.242571785830812,0.275781313349606,-0.879580211162842,0.379086762899901,0.968427398130227,"Gene3729"
159.660068542204,-0.0509631110628337,0.240291436430815,-0.212088752807082,0.832037794075607,0.989424480233546,"Gene3730"
212.402399125313,-0.363019541307902,0.244689247714263,-1.4835941697439,0.137916617054298,0.925479262652286,"Gene3731"
37.2516217181455,-0.116672894503717,0.322630319793075,-0.361630285022646,0.717628330078953,0.983100626532256,"Gene3732"
40.1368443335617,0.236404370767539,0.321660343327777,0.734950315359948,0.462369753622946,0.971929674739245,"Gene3733"
46.1037715953351,-0.105604072346515,0.336669980802103,-0.313672374634999,0.75376988441983,0.985695289546221,"Gene3734"
18.5990628813962,-0.140093247280282,0.417719618478979,-0.335376269351188,0.737341266753601,0.98415911739423,"Gene3735"
11.3932128397559,0.0254391113540393,0.463744600291956,0.0548558653578365,0.956253293244497,0.995080860591229,"Gene3736"
86.8027083025308,0.363358889237471,0.277222447789775,1.3107123616231,0.189954960697531,0.932812699338567,"Gene3737"
33.3925015737441,0.0638443918662595,0.324817593057043,0.19655459935339,0.844176101899314,0.991530159859253,"Gene3738"
52.5061453256629,0.550054508216379,0.250097260321881,2.19936239008954,0.0278521646712553,0.809562793491777,"Gene3739"
160.481323152247,0.240664284623832,0.248581868879301,0.968148987328949,0.33296996747913,0.968409492958178,"Gene3740"
21.7008072774644,-0.209121930448505,0.324568558642745,-0.644307419433955,0.519376105398437,0.971929674739245,"Gene3741"
576.882157573726,-0.12440911790674,0.239892264568465,-0.518604124774659,0.604036832086537,0.974750912565024,"Gene3742"
23.8886441925945,-0.0789407532161129,0.326127422380378,-0.242054938649227,0.808737593769662,0.988476341602299,"Gene3743"
161.384659742733,0.302221091861534,0.313545798008415,0.963881811783752,0.335105183589309,0.968409492958178,"Gene3744"
12.8636289212607,0.206103638531944,0.398752805978247,0.516870691420759,0.605246428284562,0.974750912565024,"Gene3745"
74.9387091619015,0.134566096104132,0.315582046845985,0.426406056520082,0.669811988931582,0.978688851838128,"Gene3746"
18.6994480670904,0.653157251737061,0.378049332999893,1.72770375377767,0.0840413502230732,0.884805430774937,"Gene3747"
19.6176757742104,0.103357157667723,0.331117684707633,0.312146292515255,0.754929346506799,0.985695289546221,"Gene3748"
10.2103144352416,-0.452764163870095,0.391446999866883,-1.15664231434668,0.24741852673262,0.968409492958178,"Gene3749"
48.2087288948248,-0.218762272918887,0.310853252123773,-0.703747737635964,0.481589885637264,0.971929674739245,"Gene3750"
127.001021019985,-0.0322263180308469,0.296384954830821,-0.108731288500261,0.913415624339371,0.993667447874791,"Gene3751"
47.4056834633912,-0.289706634245594,0.295369501992124,-0.980827852204318,0.326677640860861,0.968409492958178,"Gene3752"
34.5868388629597,0.282167001130769,0.363210981218481,0.776868034617704,0.437236632098313,0.971929674739245,"Gene3753"
33.3112048548688,-0.0973183550635204,0.322848005493906,-0.301437064524028,0.763081234453743,0.986994103961845,"Gene3754"
103.240472489628,-0.0325516468859002,0.247267804106595,-0.131645310652201,0.895264844667533,0.993324607337472,"Gene3755"
178.191909996782,0.0569048861436372,0.324218970633753,0.175513746257367,0.860675970479572,0.993324607337472,"Gene3756"
3.9676025194621,-0.523517380974219,0.570070858365377,-0.918337384365434,0.358442261035641,0.968409492958178,"Gene3757"
21.72682376619,-0.467563229211348,0.3289399573774,-1.42142424088328,0.155193463425544,0.929409787345697,"Gene3758"
148.983737220446,-0.0166345065732264,0.27793171596347,-0.0598510555571598,0.95227426197233,0.995080860591229,"Gene3759"
317.233429165931,0.306552345443129,0.231127214908659,1.32633599883197,0.184728427840379,0.932812699338567,"Gene3760"
118.621461151253,-0.321451647735084,0.328072158023706,-0.979819956900629,0.327174999187085,0.968409492958178,"Gene3761"
48.6909352480352,0.0329548470010611,0.314389726741102,0.104821640778992,0.916517337787827,0.993667447874791,"Gene3762"
108.104716196698,-0.366591662369201,0.289121946966846,-1.26794823504436,0.204816437103267,0.951700966967797,"Gene3763"
56.0402707774388,0.214646639801834,0.287036223762151,0.74780331551358,0.454578801974711,0.971929674739245,"Gene3764"
106.209589602818,0.446039602159853,0.287415831867151,1.55189642568479,0.120687008304916,0.904458312225088,"Gene3765"
96.2715034183998,-0.394235704971467,0.28436043946534,-1.38639434413844,0.165626522536308,0.929409787345697,"Gene3766"
298.319825716999,-0.0399571472126612,0.294358703957058,-0.135743046410784,0.892024416535182,0.993324607337472,"Gene3767"
71.8037543871642,-0.314580080757168,0.31447564020112,-1.00033211016275,0.317149812678196,0.968409492958178,"Gene3768"
30.9274783899773,-0.102833673163332,0.342525619153436,-0.300221844478345,0.764007943692419,0.987553753275878,"Gene3769"
162.983920311332,0.0155076936832641,0.271291606172175,0.0571624529858184,0.954415787407931,0.995080860591229,"Gene3770"
21.0439160421784,0.0505906009751824,0.35406322029592,0.142885784445218,0.886380385737333,0.993324607337472,"Gene3771"
37.7924402819851,-0.0410095131647025,0.340179076222422,-0.120552720702578,0.904045319035233,0.993324607337472,"Gene3772"
2.26818748709371,-0.408582689488537,0.694321762307127,-0.588463032083105,0.556221540307964,0.974750912565024,"Gene3773"
61.2250097712772,0.3052630100951,0.321875442176456,0.948388631425166,0.342931644824844,0.968409492958178,"Gene3774"
100.927658578237,-0.597552346119887,0.305796499910191,-1.95408497577762,0.0506911685830418,0.868048926519087,"Gene3775"
6.3244435939893,0.00854405587786558,0.471851709798247,0.0181075022097913,0.985553093035667,0.995280092384691,"Gene3776"
1204.84901900713,0.427800523996034,0.295821993133495,1.4461417133478,0.148137457988786,0.929409787345697,"Gene3777"
15.7905410992531,-0.518349703268732,0.433530012358062,-1.19564894815313,0.231833581480325,0.95949343556764,"Gene3778"
13.0203597896173,0.133909383286654,0.356445811937759,0.375679496860065,0.707155182334888,0.983100626532256,"Gene3779"
33.140297741564,-0.4395004336198,0.29712472321911,-1.47917826850005,0.139092676030749,0.925479262652286,"Gene3780"
88.7713218958234,0.659346972539324,0.271895186390953,2.42500421317228,0.0153082090964198,0.745692502351214,"Gene3781"
34.4045583867634,-0.379524131379001,0.350279754452361,-1.08348863031596,0.278591594755077,0.968409492958178,"Gene3782"
75.9015420259288,0.0761352995761661,0.298292859340135,0.255236748692502,0.798540249410891,0.988014235932843,"Gene3783"
16.5737767543582,-0.0352380999403803,0.380717176605708,-0.092557158189043,0.92625538039548,0.993667447874791,"Gene3784"
110.405665513634,0.158534789573972,0.236769906194969,0.669573224577898,0.503129887435811,0.971929674739245,"Gene3785"
59.1532836120695,-0.0181497804115547,0.348860029140413,-0.0520259671372372,0.958508002644382,0.995137824442022,"Gene3786"
568.7401047719,-0.121044729694912,0.25721121484744,-0.470604401004471,0.637923264227281,0.97558828300122,"Gene3787"
91.9252125780202,-0.313498820765102,0.349225364549956,-0.897697740738578,0.369346714270345,0.968409492958178,"Gene3788"
48.1560124937817,0.478410318187851,0.246359125630113,1.94192245553811,0.052146488493555,0.874662833427186,"Gene3789"
60.0174711758177,-0.306692934462675,0.297054168452365,-1.03244783959952,0.301862370791129,0.968409492958178,"Gene3790"
116.32202359747,-0.270986817129602,0.304118113508991,-0.891057799888629,0.372898162730008,0.968409492958178,"Gene3791"
18.4818546489404,-0.189516540223691,0.370890095948404,-0.510977624622404,0.609366724688279,0.974844740565644,"Gene3792"
15.8037331963213,-0.0952779611450044,0.341550968868557,-0.278956787798401,0.780277987176905,0.987834342341721,"Gene3793"
143.526611710448,-0.0979871328967675,0.268662350138951,-0.364722235348901,0.715318758903606,0.983100626532256,"Gene3794"
59.2206265295239,-0.0979074161906014,0.318722573831364,-0.307186952632995,0.758701076030599,0.98608504988653,"Gene3795"
9.66760068153396,0.475106471203992,0.454811202306937,1.04462350266245,0.296197012771711,0.968409492958178,"Gene3796"
18.5953407240623,-0.40687834414586,0.439001130884383,-0.926827553555931,0.354016076551688,0.968409492958178,"Gene3797"
59.7449961912109,-0.526306213200636,0.269723153409866,-1.951283034278,0.0510233861260594,0.868048926519087,"Gene3798"
193.316952698528,0.53028441161776,0.2776769200413,1.90971727696666,0.0561696252464915,0.880959564882428,"Gene3799"
54.1409249757134,0.0357970293983411,0.342075920926533,0.104646446032748,0.916656358402207,0.993667447874791,"Gene3800"
46.2428906601284,-0.508038770706206,0.317117210002412,-1.60205360882918,0.10914375534852,0.902314116979042,"Gene3801"
26.2198773043968,0.255797238741052,0.418429516835713,0.6113269462333,0.540983155334206,0.971929674739245,"Gene3802"
20.3396775367641,-0.230913498975911,0.345830448225008,-0.667707254121454,0.504320478590048,0.971929674739245,"Gene3803"
21.8926039259446,0.267452904732241,0.351107198581496,0.761741444814503,0.446214334335313,0.971929674739245,"Gene3804"
92.6941907241337,0.31893488522918,0.281504532526981,1.13296536423836,0.257228798651285,0.968409492958178,"Gene3805"
24.227735060034,-1.00507015476238,0.359114823204445,-2.79874315906528,0.00513019263402262,0.745692502351214,"Gene3806"
66.3936777625546,0.034234319535497,0.309309388448892,0.110679859111854,0.911870217938058,0.993667447874791,"Gene3807"
43.0042518391178,-0.367647660799453,0.339131407723792,-1.08408614603719,0.278326604859939,0.968409492958178,"Gene3808"
69.8023195755407,0.0535280040660314,0.332739832812065,0.16087044227213,0.87219544270591,0.993324607337472,"Gene3809"
161.621894683086,-0.214815445045915,0.327566692630525,-0.655791476602335,0.511958301282272,0.971929674739245,"Gene3810"
133.603377576881,0.035399194959352,0.311326682569904,0.113704339978645,0.909472172032048,0.993548101559487,"Gene3811"
47.5719008550954,0.094052404600664,0.373080263644395,0.252096971525438,0.800966110759361,0.988014235932843,"Gene3812"
22.0070025107168,-0.225170737109844,0.354917788160665,-0.634430689644422,0.525799786376141,0.971929674739245,"Gene3813"
132.087679457253,-0.220145314828758,0.315247175724927,-0.698326049464276,0.484973311953873,0.971929674739245,"Gene3814"
59.0260822991713,0.414691545915463,0.270455634387012,1.53330710545322,0.125200204721745,0.904458312225088,"Gene3815"
13.6907596861951,-0.454239666750746,0.393339853682173,-1.1548274666258,0.248161086949617,0.968409492958178,"Gene3816"
165.45141655696,0.532756772833074,0.321444720381045,1.65738224663182,0.0974422184058754,0.884805430774937,"Gene3817"
159.552256943496,0.0256983367808878,0.311276030487162,0.0825580329480192,0.934202972162282,0.993667447874791,"Gene3818"
26.2789698282477,-0.0775394100787168,0.329447935627007,-0.235361651094105,0.813928048078608,0.988482483662903,"Gene3819"
1281.85474190167,-0.30881308851479,0.281450180877578,-1.09722114070736,0.272544733805096,0.968409492958178,"Gene3820"
108.305176151163,0.192834072208808,0.337687392397248,0.571043149819354,0.567970393589669,0.974750912565024,"Gene3822"
38.6411847756065,-0.383404516664351,0.32810677846949,-1.16853579939069,0.242590707616009,0.967234400368154,"Gene3823"
62.4302590870807,0.174286751330236,0.28126855266529,0.619645352026386,0.535491301454187,0.971929674739245,"Gene3824"
13.774891937249,-0.576559529598522,0.378238019882573,-1.5243299173825,0.127426317283121,0.904635253826558,"Gene3825"
35.4581467958925,0.659632637344577,0.331083319649811,1.9923463315587,0.0463330714813903,0.866666402304388,"Gene3826"
21.7023164649363,0.355216100785832,0.358688742022338,0.990318510648181,0.322018461708794,0.968409492958178,"Gene3827"
94.6775946205938,-0.0587111549078544,0.266583227028546,-0.220235742369371,0.825687561536689,0.989279079278785,"Gene3828"
79.6856332475077,-0.269078394891752,0.319155844094577,-0.84309405536693,0.399175843162977,0.971929674739245,"Gene3829"
139.385322855813,0.307584041877164,0.338176486091994,0.909537045084477,0.363066712561752,0.968409492958178,"Gene3830"
92.9782344143147,0.274443255075286,0.304526119948045,0.901214172111437,0.367474457184125,0.968409492958178,"Gene3831"
48.527569327335,-0.322780858928551,0.384010733840542,-0.840551657763253,0.400599150511687,0.971929674739245,"Gene3832"
42.3362990063345,-0.542075201481266,0.287106232265186,-1.88806490616538,0.059017237431637,0.880959564882428,"Gene3833"
512.587816219216,0.518670615882244,0.315605980596752,1.64341187356949,0.100297745121298,0.889113935687246,"Gene3834"
139.071044911407,0.22172604225424,0.301996671684928,0.734200284450703,0.462826680156076,0.971929674739245,"Gene3835"
40.4674209993564,0.234994665038598,0.309754782662624,0.758647414637493,0.448063501208788,0.971929674739245,"Gene3836"
283.913333993407,0.470531241960663,0.279997992954931,1.68048076700465,0.0928638132860893,0.884805430774937,"Gene3837"
97.449182742465,0.136406210867343,0.38667809433901,0.352764257568085,0.724265181567365,0.983100626532256,"Gene3838"
52.0296508225663,-0.140720317401088,0.320124803041244,-0.439579551675532,0.660241653490535,0.977404581876242,"Gene3839"
13.5402520556002,-0.108737897834156,0.375258499429863,-0.289767981269881,0.77199374466228,0.987834342341721,"Gene3840"
73.7323410496405,0.313373535723302,0.288595164432253,1.08585858096339,0.27754156405245,0.968409492958178,"Gene3841"
87.2651975802309,0.313970390581598,0.276853676027956,1.13406617924009,0.256766789012304,0.968409492958178,"Gene3842"
23.4683290530357,0.0255075378130051,0.401119598701324,0.0635908539387978,0.949296014502897,0.994405829620399,"Gene3843"
17.0034719787781,-0.0213438558697232,0.385330851670081,-0.0553909861544068,0.955826976820954,0.995080860591229,"Gene3844"
13.60735202473,-0.0947865847356113,0.36378687920671,-0.260555259558308,0.794435495779478,0.988014235932843,"Gene3845"
21.5775371538242,-0.648451057188314,0.367878849235301,-1.76267556163185,0.077955224793883,0.884675367923901,"Gene3846"
217.261788583749,0.408852345919871,0.31391461221347,1.30243171235954,0.192768847700331,0.933047627279128,"Gene3847"
89.4144599823677,-0.104589452056163,0.376654075846092,-0.277680393664186,0.781257712514461,0.987834342341721,"Gene3848"
15.1367154861325,-0.896379891999826,0.377041740862895,-2.3774022736803,0.017435062274779,0.769535548841249,"Gene3849"
8.02958734131949,-0.795321201768604,0.424231409219188,-1.87473436545498,0.0608292766544152,0.880988181129152,"Gene3850"
1.86343274654973,0.64650712686022,0.767669589461435,0.842168474217902,0.399693657482902,0.971929674739245,"Gene3851"
19.4554832376186,-0.039315750203756,0.339177134033496,-0.115915096445957,0.907719831115667,0.993548101559487,"Gene3852"
98.6428947716772,0.141404176889538,0.30938284477052,0.457052416705337,0.647633370474051,0.975663866876592,"Gene3853"
7.54887350811206,-0.0218703235024852,0.491718734317395,-0.0444773037432581,0.964523943059155,0.995280092384691,"Gene3854"
83.3196796324948,-0.0578624599221692,0.313390939393836,-0.184633480578881,0.853516523693612,0.993324607337472,"Gene3855"
464.911308800441,0.133275497224795,0.298009138706908,0.447219497372098,0.654716585133343,0.975663866876592,"Gene3856"
4.70144936812818,0.107260501186005,0.503083782098576,0.213206040430435,0.831166257003563,0.989424480233546,"Gene3857"
43.8197300478331,0.343936458480272,0.312452017974358,1.10076568143176,0.270998651644012,0.968409492958178,"Gene3858"
15.6788315779675,0.183209279150769,0.373265586641505,0.490828208405743,0.62354795704528,0.97558828300122,"Gene3859"
160.986773449859,-0.547841935227879,0.294750639224483,-1.85866241603174,0.0630750039414174,0.880988181129152,"Gene3860"
51.2231077592377,0.118603479549451,0.323492155116286,0.366634793683995,0.713891451241918,0.983100626532256,"Gene3861"
92.3544638785505,0.0163572371030865,0.360496165563114,0.045374233253038,0.963809018714001,0.995280092384691,"Gene3862"
75.9827038678532,0.262950360324216,0.280944143722779,0.935952452469276,0.349297669091405,0.968409492958178,"Gene3863"
76.013544820572,0.12468396684051,0.318936223934326,0.390936988286989,0.695843812589714,0.981479549243704,"Gene3864"
90.019796052083,0.163069519291334,0.229798963335368,0.70961816765618,0.477940950363613,0.971929674739245,"Gene3865"
17.2709104617325,0.0787305199828111,0.369406928980061,0.21312680896427,0.831228054459946,0.989424480233546,"Gene3866"
274.963958263211,0.377153004173952,0.258463976736031,1.45920916692827,0.144507546521396,0.929409787345697,"Gene3867"
305.300046340766,0.221012668823103,0.323273280018462,0.683671316139955,0.494182740110217,0.971929674739245,"Gene3868"
36.1705312486912,-0.390548112349641,0.338476731238334,-1.1538403568269,0.248565625303217,0.968409492958178,"Gene3869"
50.8746079777334,0.26574881697372,0.284547014444635,0.933936409392296,0.350336696196138,0.968409492958178,"Gene3870"
6.64419641014247,-0.133876516122051,0.46967117151576,-0.285043077457776,0.775611139209457,0.987834342341721,"Gene3871"
61.0398185843077,0.0214118079899605,0.270600466370382,0.0791270180615773,0.936931593578131,0.993667447874791,"Gene3872"
2.91964594071643,0.170512840187617,0.623122304946909,0.273642652227231,0.784359252840454,0.988014235932843,"Gene3873"
40.5360987530018,0.0306400351697079,0.327718122009112,0.0934950895661973,0.925510250567604,0.993667447874791,"Gene3874"
10.4333408471027,0.341912910495679,0.425270620785187,0.803989022012378,0.421403315126619,0.971929674739245,"Gene3875"
18.3927645916813,0.251428846272132,0.370301351309909,0.678984414673953,0.497147737116456,0.971929674739245,"Gene3876"
36.4966307506585,0.436145271926867,0.333743345715914,1.30682836834182,0.191271008270464,0.933047627279128,"Gene3877"
97.8292048884866,0.191440173454328,0.314292487312913,0.609114697876086,0.542448415989162,0.971929674739245,"Gene3878"
274.676805505196,-0.0273562664947947,0.240400241628621,-0.113794671375812,0.909400562780986,0.993548101559487,"Gene3879"
37.5791378208073,0.306588289475763,0.293500365340938,1.04459253098244,0.296211333083462,0.968409492958178,"Gene3880"
45.2680753192225,-0.0348848561996526,0.296394981367168,-0.117697189199158,0.906307593995525,0.993324607337472,"Gene3881"
44.6853205122275,-0.563059608448462,0.245465111211222,-2.29384781270994,0.0217992419484868,0.779008825025657,"Gene3882"
29.1899178840632,-0.019493456529151,0.318708220374359,-0.0611639590163494,0.95122863250798,0.995080860591229,"Gene3883"
31.6928948794507,0.25515803178399,0.376771298235977,0.677222582979718,0.498264741453847,0.971929674739245,"Gene3884"
132.790334966476,0.503290909799923,0.283964197641215,1.77237452460759,0.0763324077515637,0.884675367923901,"Gene3885"
463.392293908674,-0.076004638360138,0.286483277446769,-0.265302181116873,0.790776684409386,0.988014235932843,"Gene3886"
347.32701461961,-0.322750408380494,0.300867923134691,-1.07273120051421,0.283391737208858,0.968409492958178,"Gene3887"
41.9692591791512,-0.0868879645665633,0.336442221082335,-0.258255234099468,0.796209932607614,0.988014235932843,"Gene3888"
117.954974418387,-0.0290885343572249,0.304906547959566,-0.0954014748187119,0.923995944687131,0.993667447874791,"Gene3889"
27.3576086846136,-0.526562968928194,0.306903931198898,-1.7157257219587,0.0862122546360836,0.884805430774937,"Gene3890"
10.2912612156706,0.260654312131314,0.372543537155421,0.699661344608352,0.48413882246841,0.971929674739245,"Gene3891"
94.2287636995561,-0.313126376280888,0.324327206710321,-0.965464413106,0.334312252188608,0.968409492958178,"Gene3892"
78.1716480673332,0.105012146386864,0.313531453995443,0.334933369678408,0.737675349109021,0.98415911739423,"Gene3893"
362.69912052268,-0.699889991633374,0.261162814708996,-2.6798990982435,0.00736443553887435,0.745692502351214,"Gene3894"
42.7672371135517,0.352124625380376,0.334343890783597,1.05318097649431,0.292258055515589,0.968409492958178,"Gene3895"
6.7094240569656,-0.0321899598362925,0.518888094701346,-0.0620364201164028,0.950533828785001,0.995080860591229,"Gene3896"
73.8254181354561,0.0865072015231381,0.269705540347393,0.320746846400385,0.748402243085359,0.985695289546221,"Gene3897"
11.3227580437077,0.0517229658952935,0.441646982249755,0.117113821613398,0.906769857045824,0.993324607337472,"Gene3898"
10.0400584964775,-0.318848878418129,0.45023515295968,-0.70818299353601,0.478831625759764,0.971929674739245,"Gene3899"
31.7660713755193,0.169940492570759,0.305992742117261,0.555374259516376,0.578638695187993,0.974750912565024,"Gene3900"
29.9418868155807,0.658184348833326,0.346277165710014,1.90074429968194,0.0573355130132984,0.880959564882428,"Gene3901"
8.57963852474228,-0.489606009499466,0.442630770634263,-1.10612736841113,0.268671394339186,0.968409492958178,"Gene3902"
187.245799759175,0.370119891121704,0.304858250937381,1.21407208098733,0.224720200187241,0.956527096344285,"Gene3903"
98.3224801967348,-0.324798682075313,0.306577181442491,-1.05943528003972,0.289401589507668,0.968409492958178,"Gene3904"
17.3324057717558,-0.150209858385488,0.365112172644716,-0.411407423908748,0.680773811146031,0.978688851838128,"Gene3905"
18.1759874516733,0.0112369548874477,0.32008635279529,0.0351060105790711,0.971995208619104,0.995280092384691,"Gene3906"
14.2151605021665,0.324922878920468,0.379118742362409,0.857047786389484,0.391418475630941,0.971929674739245,"Gene3907"
86.1174275051183,-0.038468796950234,0.241035225442898,-0.159598236645903,0.873197568128997,0.993324607337472,"Gene3908"
155.104745322326,-0.0998023310162214,0.336383057154945,-0.296692502471224,0.766701281609362,0.987834342341721,"Gene3909"
27.1539005889013,0.615253197043802,0.423482472878465,1.45284217517161,0.14626757900967,0.929409787345697,"Gene3910"
143.023641612269,0.188810414056067,0.247565468238382,0.762668620141562,0.445661049435668,0.971929674739245,"Gene3911"
40.1247983284654,-0.0446181980875206,0.377654327940126,-0.118145602437249,0.905952290932121,0.993324607337472,"Gene3912"
67.5517516788011,0.0606630043073844,0.301950782137913,0.200903617065901,0.840773939369697,0.991530159859253,"Gene3913"
210.341428649484,0.209113788079089,0.269260803613987,0.776621718692021,0.437381983941418,0.971929674739245,"Gene3914"
21.3631881026066,-0.475834533890722,0.372718656858189,-1.27665874818755,0.201722751229461,0.946581642506323,"Gene3915"
61.8075438363102,-0.216662612930122,0.270306338120777,-0.801544700862003,0.422816376698718,0.971929674739245,"Gene3916"
109.353971747994,-0.605548634447646,0.24878967861989,-2.43397812082399,0.0149338977501726,0.745692502351214,"Gene3917"
24.6386776268081,-0.705462744830618,0.323436216056489,-2.1811495120491,0.0291723597213399,0.809562793491777,"Gene3918"
63.6522012899416,-0.59762169872184,0.282065201698507,-2.11873600544538,0.0341127836739031,0.827722666639615,"Gene3919"
82.793603870354,0.431879429340244,0.291402237742941,1.48207313946993,0.138320834973036,0.925479262652286,"Gene3920"
190.46690128108,0.184632802222537,0.292408527467906,0.631420717519267,0.527765473304171,0.971929674739245,"Gene3921"
173.057844869118,-0.0179160760741345,0.311310842241121,-0.0575504404059847,0.954106727023412,0.995080860591229,"Gene3922"
31.8100264796789,0.412897696175526,0.337208660853076,1.22445756621722,0.220779664562255,0.956527096344285,"Gene3923"
114.374125868415,0.237165211687837,0.278634535455172,0.851169476534586,0.394675215847948,0.971929674739245,"Gene3924"
349.018867903706,0.0472409750426918,0.265407940740916,0.177993826826783,0.85872782380787,0.993324607337472,"Gene3925"
22.7523540482744,-0.543614409205697,0.355997669770928,-1.52701676265323,0.126756843169554,0.904635253826558,"Gene3926"
296.173925010807,0.240827803636344,0.319755804056712,0.753161633286978,0.451352791488533,0.971929674739245,"Gene3927"
9.55715640457107,-0.0389110132416772,0.462916177002864,-0.0840562831344658,0.933011682585923,0.993667447874791,"Gene3928"
20.7186337413347,0.143522666168949,0.354363795485859,0.405015038210009,0.685466457000123,0.980098398362699,"Gene3929"
62.8337572159606,0.0809651852826007,0.337559671031861,0.239854438283769,0.810443102854604,0.988482483662903,"Gene3930"
8.26689990724099,-0.564922735812946,0.469332708191181,-1.2036722051403,0.22871629930884,0.95949343556764,"Gene3931"
70.7149461357622,-0.0319496289127707,0.268136036602327,-0.119154550494663,0.905152913491916,0.993324607337472,"Gene3932"
4.7005608949978,0.612662339615551,0.523462318649377,1.17040390069781,0.241838466665164,0.967234400368154,"Gene3933"
20.8978675292015,-0.422264932393138,0.360389047678513,-1.17169191215217,0.241320771350685,0.967234400368154,"Gene3934"
14.3264236975422,0.285660720314326,0.413062717023502,0.691567426788782,0.489209023382696,0.971929674739245,"Gene3935"
179.083495644893,-0.0856384166000599,0.299232489791674,-0.286193576973147,0.774729862933365,0.987834342341721,"Gene3936"
19.5357948072064,0.235447226310139,0.353053808558319,0.666887654523763,0.504843897234393,0.971929674739245,"Gene3937"
245.039509223447,0.226781430785012,0.309859591670361,0.731884495046613,0.46423907056735,0.971929674739245,"Gene3938"
18.4485017631597,-0.579666999480859,0.404486993683776,-1.43309181390895,0.151831600545088,0.929409787345697,"Gene3939"
39.0509798160976,-0.316327235391066,0.322082156487417,-0.982132133120589,0.32603475686149,0.968409492958178,"Gene3940"
19.9292843472458,0.0795678851361797,0.383154797271145,0.207665115255943,0.835490457834656,0.990393304503689,"Gene3941"
163.366107487554,-0.472318235891014,0.322494942247954,-1.46457563829905,0.143036732644144,0.929409787345697,"Gene3942"
10.8517014612569,0.441323083628665,0.441065195930863,1.0005846929211,0.31702763344495,0.968409492958178,"Gene3943"
105.93888526228,-0.0972753191860026,0.297807206832758,-0.326638566677234,0.743941270142719,0.985164603922037,"Gene3944"
164.579000950773,-0.0886674752810816,0.265137964586809,-0.334420140168387,0.738062543746393,0.98415911739423,"Gene3945"
37.2117989327044,0.155999555056179,0.347601966863616,0.448787895142683,0.653584671728373,0.975663866876592,"Gene3946"
8.59051196262369,0.0633165882375736,0.41631720734987,0.152087367804528,0.879118027336605,0.993324607337472,"Gene3947"
131.12088961669,-0.65647602919658,0.353377053536375,-1.8577211582557,0.0632086222670337,0.880988181129152,"Gene3948"
14.9869009237445,0.433798319278115,0.399785971559682,1.08507639121438,0.277887822750228,0.968409492958178,"Gene3949"
17.2917191905384,0.323545493994816,0.350408611969464,0.923337734698745,0.355831228997585,0.968409492958178,"Gene3950"
16.01318529293,-0.0595998359668251,0.441265178025311,-0.135065803817872,0.89255984698009,0.993324607337472,"Gene3951"
15.230956950831,-0.582217539752796,0.33398557023172,-1.74324159977586,0.0812914217424182,0.884805430774937,"Gene3952"
388.817653890332,0.254933001196855,0.339389745497727,0.751151160513075,0.452561689072675,0.971929674739245,"Gene3953"
122.828065433441,0.366548965129031,0.318201881433467,1.15193839671144,0.249346388588858,0.968409492958178,"Gene3954"
91.4592882764966,-0.438275985063927,0.274645746015274,-1.59578654110868,0.110536459191777,0.902314116979042,"Gene3955"
28.6919121964465,0.142448778573327,0.385023909643803,0.369973850987878,0.711401974034195,0.983100626532256,"Gene3956"
167.681852152385,0.19737162711701,0.275481963552574,0.716459344821475,0.473707762370741,0.971929674739245,"Gene3957"
14.6570468295497,-0.0713600974949247,0.412966204846221,-0.172798879563274,0.862809517774789,0.993324607337472,"Gene3958"
40.1910348508328,0.135339695212721,0.343912675049513,0.393529244577088,0.693928628683531,0.980686753497532,"Gene3959"
234.737362456731,-0.167556343159749,0.281454828996268,-0.595322324926146,0.551628035742462,0.97254944614089,"Gene3960"
16.5593012705075,0.180182322519844,0.35631722960011,0.505679511266015,0.613081653814255,0.974844740565644,"Gene3961"
56.2443568222938,-0.309028828469828,0.299030705815987,-1.03343510368461,0.301400325843671,0.968409492958178,"Gene3962"
24.1036725880057,0.295399676208837,0.341359695652585,0.865361904088047,0.386840183607196,0.971929674739245,"Gene3963"
34.5435093187098,0.199755461643503,0.309369253860008,0.645686212030283,0.518482591740895,0.971929674739245,"Gene3964"
45.1951449131084,-0.0483651817359353,0.343596436410453,-0.140761592993238,0.888058285249163,0.993324607337472,"Gene3965"
41.3513465865411,0.409061493450248,0.384808667003914,1.06302567620206,0.287770307523031,0.968409492958178,"Gene3966"
150.546593163721,-0.03366275113415,0.326193721812663,-0.103198648174728,0.917805312785054,0.993667447874791,"Gene3967"
125.584166949812,-0.10511557520785,0.329113341661592,-0.319390197544573,0.749430643121396,0.985695289546221,"Gene3968"
160.779324719048,-0.168216330609509,0.251210283781644,-0.669623584183064,0.503097775846439,0.971929674739245,"Gene3969"
160.385389296177,0.403178914929157,0.279232793799595,1.44388096198514,0.148772462748477,0.929409787345697,"Gene3970"
220.618170711806,-0.074839043906338,0.274007237498273,-0.273127982273862,0.784754837451726,0.988014235932843,"Gene3971"
79.2378246750429,0.322031816200383,0.247514716992152,1.30106128683489,0.193237477585572,0.933047627279128,"Gene3972"
122.818382491532,-0.383528689423358,0.274360699319827,-1.39789951831356,0.162143243351761,0.929409787345697,"Gene3973"
32.6739207769588,-0.142191223931557,0.285883618167012,-0.497374508001677,0.618924978683551,0.974844740565644,"Gene3974"
42.5894021000599,0.172354623021125,0.291586945194811,0.591091699616297,0.554458981069903,0.973957384146516,"Gene3975"
113.509580179799,-0.414163719669275,0.290823564512209,-1.42410646937755,0.154415653967064,0.929409787345697,"Gene3976"
41.1729168167875,-0.273424907887439,0.318781548693409,-0.857718738766803,0.39104779021232,0.971929674739245,"Gene3977"
36.9183962280848,0.245635138448198,0.379962132736414,0.646472680525244,0.517973284235067,0.971929674739245,"Gene3978"
70.4708832271056,-0.727866178542769,0.324175647749781,-2.24528333203049,0.0247499493735413,0.809562793491777,"Gene3979"
364.404174854953,-0.140150977190452,0.286859341428257,-0.488570379101646,0.625145888023076,0.97558828300122,"Gene3980"
10.040746081478,-0.0864996569019017,0.412134399212009,-0.20988215753717,0.833759648300855,0.989424480233546,"Gene3981"
30.5727140643504,-0.120396225824189,0.334003437991502,-0.360464031592548,0.718500149891963,0.983100626532256,"Gene3982"
71.770967146741,-0.22420513884374,0.301582751907964,-0.743428254518223,0.457222443428428,0.971929674739245,"Gene3983"
64.6754834225591,-0.496363384067224,0.359496669649772,-1.38071761429888,0.16736580323387,0.929409787345697,"Gene3984"
7.27739107685429,-0.119007127290302,0.474223191350365,-0.250951723705089,0.80185143387164,0.988014235932843,"Gene3985"
18.8217790143643,-0.391573075370462,0.404461391882567,-0.96813461860447,0.332977142554782,0.968409492958178,"Gene3986"
17.3376594005471,-0.702499393616746,0.39215430902713,-1.79138511918824,0.0732315152201895,0.881272202192133,"Gene3987"
51.7886955754964,0.357611145944256,0.277139271702765,1.29036618934251,0.196923545542299,0.938943636320416,"Gene3988"
264.040918930824,0.187914321646517,0.31557369660181,0.595468898929263,0.551530082414389,0.97254944614089,"Gene3989"
53.6905344357745,0.0639616568188974,0.285620671942022,0.223939172133454,0.822804634707374,0.989279079278785,"Gene3990"
42.0558484810832,0.0578254073605493,0.307416848549622,0.188100969850439,0.850797500837568,0.99262228246635,"Gene3991"
786.341948579127,0.363816196879953,0.309233969294022,1.17650786461313,0.239391991548583,0.967234400368154,"Gene3992"
19.8394691615705,-0.240834016149063,0.350897325124047,-0.686337566306397,0.492500264979766,0.971929674739245,"Gene3993"
57.8435793213636,0.268383492074244,0.34541250957943,0.776994129138589,0.437162234066634,0.971929674739245,"Gene3994"
38.6833794597161,-0.170298379763105,0.334084249532016,-0.509746807883516,0.610228855530399,0.974844740565644,"Gene3995"
19.8920305617866,0.548181048861525,0.3318603582894,1.65184251498783,0.0985666592266618,0.884805430774937,"Gene3996"
107.172818145696,-0.059568242496644,0.346342591837031,-0.171992252470852,0.863443619870525,0.993324607337472,"Gene3997"
29.9345497076335,0.205050239960176,0.328609494006538,0.623993657213373,0.532631750587203,0.971929674739245,"Gene3998"
151.107039792747,0.190625774258782,0.280783094145709,0.678907591779223,0.497196415132574,0.971929674739245,"Gene3999"
31.2273459421778,0.518094631351734,0.292486257515361,1.77134691986178,0.0765030295523103,0.884675367923901,"Gene4000"
