"","EX-plaqueCortex-control-9001-01","EX-plaqueCortex-control-9002-02","EX-plaqueCortex-control-9001-03","EX-plaqueCortex-control-9002-04","EX-plaqueCortex-control-9001-05","EX-plaqueCortex-control-9002-06","EX-plaqueCortex-ethanol-9003-07","EX-plaqueCortex-ethanol-9004-08","EX-plaqueCortex-ethanol-9003-09","EX-plaqueCortex-ethanol-9004-10","EX-plaqueCortex-ethanol-9003-11","EX-plaqueCortex-ethanol-9004-12","EX-nonplaqueCortex-control-9001-01","EX-nonplaqueCortex-control-9002-02","EX-nonplaqueCortex-control-9001-03","EX-nonplaqueCortex-control-9002-04","EX-nonplaqueCortex-ethanol-9003-05","EX-nonplaqueCortex-ethanol-9004-06","EX-nonplaqueCortex-ethanol-9003-07","EX-nonplaqueCortex-ethanol-9004-08","EX-plaqueHippo-control-9001-01","EX-plaqueHippo-control-9002-02","EX-plaqueHippo-control-9001-03","EX-plaqueHippo-control-9002-04","EX-plaqueHippo-control-9001-05","EX-plaqueHippo-control-9002-06","EX-plaqueHippo-ethanol-9003-07","EX-plaqueHippo-ethanol-9004-08","EX-plaqueHippo-ethanol-9003-09","EX-plaqueHippo-ethanol-9004-10","EX-plaqueHippo-ethanol-9003-11","EX-plaqueHippo-ethanol-9004-12","EX-nonplaqueHippo-control-9001-01","EX-nonplaqueHippo-control-9002-02","EX-nonplaqueHippo-control-9001-03","EX-nonplaqueHippo-control-9002-04","EX-nonplaqueHippo-ethanol-9003-05","EX-nonplaqueHippo-ethanol-9004-06","EX-nonplaqueHippo-ethanol-9003-07","EX-nonplaqueHippo-ethanol-9004-08","EX-periportal-control-9001-01","EX-periportal-control-9002-02","EX-periportal-control-9001-03","EX-periportal-control-9002-04","EX-periportal-control-9001-05","EX-periportal-control-9002-06","EX-periportal-control-9001-07","EX-periportal-control-9002-08","EX-periportal-ethanol-9003-09","EX-periportal-ethanol-9004-10","EX-periportal-ethanol-9003-11","EX-periportal-ethanol-9004-12","EX-periportal-ethanol-9003-13","EX-periportal-ethanol-9004-14","EX-periportal-ethanol-9003-15","EX-periportal-ethanol-9004-16","EX-perivenous-control-9001-01","EX-perivenous-control-9002-02","EX-perivenous-control-9001-03","EX-perivenous-control-9002-04","EX-perivenous-control-9001-05","EX-perivenous-control-9002-06","EX-perivenous-control-9001-07","EX-perivenous-control-9002-08","EX-perivenous-ethanol-9003-09","EX-perivenous-ethanol-9004-10","EX-perivenous-ethanol-9003-11","EX-perivenous-ethanol-9004-12","EX-perivenous-ethanol-9003-13","EX-perivenous-ethanol-9004-14","EX-perivenous-ethanol-9003-15","EX-perivenous-ethanol-9004-16"
"Gene0001",237,194,161,142,289,322,403,263,260,156,217,272,271,283,494,191,241,195,367,421,245,295,321,147,336,241,156,275,351,404,257,198,378,261,121,333,189,314,299,260,282,395,284,182,297,298,193,287,247,219,173,214,219,391,260,127,358,547,215,182,388,434,352,214,211,300,492,293,428,201,452,177
"Gene0002",37,19,16,31,25,19,25,25,24,50,29,23,16,21,10,28,45,40,18,47,28,31,17,33,44,36,40,20,28,35,33,30,15,21,26,62,9,34,24,46,37,29,33,16,24,16,34,31,38,37,51,21,33,20,28,15,35,12,40,40,28,21,62,20,22,32,32,19,32,33,22,24
"Gene0003",123,109,65,55,136,87,93,82,75,123,104,42,53,76,67,39,63,54,100,86,78,142,98,77,128,70,90,42,79,74,112,148,47,101,33,118,203,95,67,97,41,109,70,89,133,73,122,83,80,136,58,74,65,96,153,58,127,110,146,37,67,132,48,108,72,75,74,108,37,38,128,106
"Gene0004",94,47,26,100,179,130,169,107,103,79,123,167,139,86,163,123,141,102,134,127,131,109,118,67,86,208,96,62,73,163,197,158,50,43,70,178,102,94,223,117,130,108,97,96,131,70,66,54,156,109,111,112,95,101,107,88,181,79,132,107,125,157,119,54,57,97,85,125,86,154,116,169
"Gene0005",64,88,115,99,58,85,48,88,58,77,85,102,76,105,107,151,68,136,85,108,147,82,98,59,68,116,51,149,123,148,139,81,55,148,102,48,100,164,103,63,135,100,115,107,108,74,111,66,71,84,75,75,123,101,60,77,102,77,106,83,75,110,73,79,20,16,31,11,20,23,16,10
"Gene0006",41,19,83,43,33,51,62,65,29,69,70,62,36,44,45,60,66,33,34,38,78,50,56,39,75,47,23,56,77,47,66,47,54,53,74,40,31,81,66,60,52,45,45,62,47,13,19,30,46,56,50,30,44,44,85,30,25,46,44,54,48,45,37,49,411,289,192,238,286,241,208,194
"Gene0007",585,391,410,192,335,524,302,206,494,690,302,272,310,302,496,162,566,331,381,512,423,359,346,315,499,139,647,252,338,437,272,370,318,456,499,162,337,475,108,394,452,405,498,228,164,447,261,383,346,59,331,314,369,500,362,296,290,183,234,287,444,268,362,613,554,449,192,308,262,236,302,344
"Gene0008",129,52,86,54,37,46,49,19,30,33,50,65,83,34,51,71,58,43,64,52,60,33,53,35,26,63,38,56,39,42,72,35,52,42,62,30,58,70,11,51,44,50,58,36,47,42,64,18,50,33,21,32,62,45,28,46,64,56,46,41,56,21,21,50,41,71,66,52,63,41,53,54
"Gene0009",445,647,676,569,492,783,595,533,551,348,538,605,673,436,625,1589,570,552,740,305,503,711,932,549,563,1076,542,354,743,567,467,966,607,669,471,743,285,656,717,516,641,269,803,428,384,916,512,885,640,801,314,511,804,703,1046,582,475,362,474,625,502,575,498,676,544,434,929,1187,1016,824,378,893
"Gene0010",60,61,50,50,40,65,88,39,67,105,46,35,35,69,52,33,92,81,43,45,40,58,30,57,57,37,57,95,43,39,46,39,21,57,52,39,71,34,56,25,44,70,43,67,40,37,57,41,62,38,65,55,49,72,55,35,35,30,94,62,57,68,44,31,43,56,17,25,82,33,38,55
"Gene0011",170,404,163,221,276,365,270,243,105,170,150,315,142,233,277,441,285,290,288,302,192,190,380,244,223,99,241,248,229,121,160,207,125,316,390,365,271,366,233,283,313,137,358,168,39,298,303,234,338,322,194,191,137,214,162,398,395,341,261,224,296,314,259,266,291,524,405,126,271,331,340,261
"Gene0012",286,627,996,895,764,834,849,971,834,916,600,1116,680,478,332,514,1034,794,974,900,1184,764,932,1077,917,1126,576,1354,1243,699,1646,1082,828,1076,896,1356,448,727,625,817,606,790,1069,689,969,508,867,1121,589,434,588,697,683,1176,723,961,306,658,1212,565,1093,354,1104,759,1029,1164,572,1185,659,794,734,747
"Gene0013",13,5,10,13,19,3,15,8,16,13,8,7,11,9,7,10,7,12,2,14,6,17,12,11,13,13,12,19,9,6,9,6,7,11,4,8,17,11,4,6,2,9,5,2,4,8,13,10,20,3,2,10,17,6,8,3,5,9,3,8,13,10,4,6,11,10,6,7,1,4,3,14
"Gene0014",43,29,43,28,35,26,36,28,36,28,40,40,35,40,40,42,44,13,29,20,35,74,38,56,48,39,12,40,37,25,42,54,41,42,37,49,28,67,24,78,59,48,44,36,51,23,81,37,31,45,25,42,27,23,40,49,9,48,45,32,11,68,34,28,33,54,18,23,60,54,31,41
"Gene0015",56,45,64,34,57,36,38,29,36,47,45,23,28,42,61,55,22,36,35,37,40,45,49,29,57,64,68,22,35,54,87,30,42,34,45,28,36,44,49,28,64,39,30,67,35,29,34,33,33,36,35,52,55,61,29,26,47,39,49,42,21,41,40,42,74,17,39,16,41,19,61,70
"Gene0016",89,196,138,72,117,134,47,119,107,105,136,118,82,95,40,143,98,64,88,105,115,130,84,171,98,180,49,157,136,110,111,170,136,109,123,175,83,140,223,34,72,61,60,126,158,106,36,112,161,75,74,70,144,111,50,126,221,110,145,133,174,143,69,208,33,137,74,253,45,119,69,212
"Gene0017",35,31,45,52,41,46,16,40,36,27,26,25,35,47,45,37,53,80,45,19,39,46,25,49,24,38,51,30,32,62,47,37,33,43,34,25,52,28,56,31,33,42,31,41,53,39,28,53,34,32,20,44,52,31,24,31,92,22,46,33,39,23,53,65,82,53,50,30,85,47,26,28
"Gene0018",2,2,4,2,2,3,0,3,3,2,2,4,2,4,2,2,1,0,2,3,7,0,4,2,0,0,0,1,1,4,2,2,3,6,2,5,4,2,0,5,2,0,2,2,1,6,2,2,4,1,6,1,0,4,0,1,0,5,1,1,5,5,1,4,1,3,0,7,2,0,2,2
"Gene0019",5,4,4,3,1,5,6,2,1,2,5,2,4,0,4,0,4,1,3,3,1,1,7,3,1,7,0,2,3,6,5,2,4,5,1,3,2,2,3,2,3,1,2,3,1,2,3,2,19,12,6,16,9,24,8,6,2,1,5,3,0,3,1,2,6,2,2,2,3,3,3,4
"Gene0020",366,210,245,261,186,333,199,296,211,120,268,414,319,234,301,227,377,188,234,222,241,553,108,224,174,269,148,410,211,205,290,215,307,175,374,468,291,209,322,383,252,627,78,297,158,128,268,157,390,126,234,332,320,511,146,77,387,173,193,415,354,268,277,291,213,344,356,538,342,303,285,300
"Gene0021",14,50,32,75,28,31,21,38,33,27,31,51,25,31,18,26,50,70,50,34,37,43,21,25,33,32,30,30,88,42,49,22,68,26,13,45,60,36,33,53,50,36,29,48,17,40,43,19,29,63,67,40,19,40,55,47,27,30,35,18,22,65,32,25,48,32,28,32,21,50,26,40
"Gene0022",9,5,2,7,7,15,3,8,5,5,14,5,8,5,11,7,5,5,5,4,3,8,6,10,13,3,9,8,10,6,5,3,4,4,7,5,8,9,9,7,7,12,8,5,8,13,5,9,3,8,5,6,5,6,14,7,5,4,7,4,4,7,3,3,0,1,1,1,1,1,1,0
"Gene0023",55,47,28,59,43,62,26,40,45,35,42,30,40,45,37,41,65,27,49,31,24,18,39,39,50,38,40,40,48,35,54,44,49,45,39,55,70,43,44,31,17,78,50,58,48,63,21,54,39,38,62,36,80,52,55,36,25,49,59,54,46,30,39,52,29,28,64,18,80,23,44,45
"Gene0024",196,130,352,245,252,158,292,185,197,183,284,244,291,252,174,331,205,203,110,146,237,175,170,190,281,246,156,190,267,295,215,279,98,330,233,193,155,302,147,197,329,118,291,352,265,115,193,129,209,178,297,167,172,371,219,271,264,237,269,214,279,204,250,222,1069,1074,1632,1573,1552,1360,1698,1266
"Gene0025",551,363,512,422,653,863,722,434,598,878,454,779,581,539,777,302,501,683,434,619,774,383,390,572,333,232,497,554,649,429,562,307,306,571,688,483,426,670,678,568,518,530,954,336,310,519,730,711,180,419,671,1006,447,532,228,541,649,455,582,528,518,504,365,530,1475,1704,1528,2151,1827,1934,2331,1784
"Gene0026",31,28,54,24,34,28,60,27,24,24,36,49,36,27,44,34,17,34,27,42,32,58,16,23,17,36,34,38,31,19,20,47,36,42,36,37,22,41,43,24,20,24,19,37,46,42,56,67,31,31,16,32,37,31,38,25,34,22,16,21,39,75,36,25,49,44,24,21,26,86,30,59
"Gene0027",28,37,26,59,67,54,76,25,78,41,45,56,51,26,68,37,33,14,35,65,36,54,50,55,56,40,19,34,54,28,23,15,44,23,37,50,17,23,23,46,63,50,32,42,29,70,16,14,40,24,36,37,63,37,60,32,33,59,39,37,49,43,51,25,7,4,8,8,4,5,4,8
"Gene0028",2,7,6,8,5,11,4,7,12,8,5,8,5,1,4,4,4,11,10,6,7,6,1,5,8,6,7,6,3,6,6,13,11,4,6,6,5,5,4,7,5,9,4,5,5,6,10,5,3,6,5,11,13,2,2,9,8,15,10,9,8,6,6,3,38,37,54,19,39,38,32,45
"Gene0029",128,97,190,70,153,59,83,106,84,53,165,34,32,74,76,89,99,58,53,52,70,175,80,103,53,63,132,75,184,120,82,118,107,111,79,39,75,70,77,101,84,64,69,122,94,77,64,93,85,140,63,75,123,119,116,83,183,51,94,111,93,81,147,47,49,49,73,91,141,70,55,70
"Gene0030",15,27,40,26,31,23,41,32,56,38,29,25,33,23,19,21,21,28,26,14,32,27,14,17,25,8,16,10,35,40,37,30,33,14,35,24,37,25,19,23,20,49,26,25,34,30,28,14,25,5,13,21,25,13,24,29,24,29,21,36,18,25,22,37,27,19,13,31,21,23,33,38
"Gene0031",171,55,56,81,63,130,46,135,54,55,119,97,61,53,87,49,100,68,222,84,56,54,94,114,86,137,98,80,67,69,69,90,102,31,120,90,114,78,169,100,104,66,96,33,122,112,83,96,57,74,110,71,105,85,97,33,121,60,80,115,123,157,73,127,68,63,69,86,121,92,169,93
"Gene0032",77,94,140,96,81,197,161,82,107,90,148,89,147,161,170,96,60,136,191,122,161,122,224,211,221,93,38,121,153,127,96,110,117,152,141,140,167,84,54,67,92,63,96,198,175,118,150,90,125,88,107,73,206,191,64,84,118,100,123,49,132,80,172,102,149,73,103,94,47,165,174,201
"Gene0033",132,165,201,183,145,238,108,130,123,177,316,189,202,207,185,267,128,107,89,142,269,171,179,166,236,121,148,228,148,213,128,259,137,290,144,89,178,134,215,255,155,112,268,193,304,301,119,186,244,375,104,136,176,257,201,232,194,197,224,67,266,260,217,260,273,207,130,221,176,256,381,186
"Gene0034",18,7,63,10,17,24,15,28,18,27,25,15,27,34,29,15,34,20,23,15,52,17,19,23,24,34,39,11,22,16,31,17,20,34,20,13,38,35,24,40,27,33,12,20,35,23,16,10,23,17,12,11,17,25,30,25,27,25,39,25,29,39,31,21,2,5,4,9,1,3,4,4
"Gene0035",22,91,101,76,87,135,101,131,143,91,113,153,159,50,77,78,180,162,121,104,47,63,54,114,99,71,80,145,106,118,121,61,92,76,83,96,87,91,111,128,152,63,89,54,55,175,105,209,72,69,84,104,108,62,37,77,168,96,98,67,79,130,121,106,135,130,176,144,95,148,81,92
"Gene0036",10,7,8,7,8,5,5,9,10,7,10,5,2,6,2,21,7,17,5,15,6,8,9,4,4,12,7,9,7,4,7,3,4,3,10,2,9,9,8,12,7,11,14,6,5,6,6,6,4,9,4,10,7,12,9,9,5,5,7,6,4,12,5,10,6,5,11,5,9,5,6,9
"Gene0037",20,21,27,32,25,31,8,17,15,26,20,7,15,25,12,15,23,22,15,23,9,25,15,24,18,9,22,18,20,23,17,10,21,9,17,13,23,22,37,18,11,18,20,10,21,25,20,21,22,16,7,26,40,5,7,25,18,3,23,10,15,26,25,6,28,28,11,15,22,13,20,19
"Gene0038",12,25,22,24,22,21,6,20,3,17,13,21,19,21,16,16,17,26,12,8,26,20,16,47,18,23,31,9,19,26,10,24,15,37,21,20,22,36,4,5,32,24,38,17,21,20,20,23,28,14,28,14,17,25,20,19,17,16,10,18,23,11,14,31,16,26,19,15,12,26,11,11
"Gene0039",3,8,3,0,7,3,3,4,6,1,4,3,1,2,4,3,1,8,2,2,1,4,4,1,2,5,2,0,3,1,4,1,2,2,3,3,1,3,2,4,1,2,0,3,4,2,2,6,1,0,0,2,1,1,3,1,4,4,1,6,1,1,0,0,5,2,1,4,2,2,1,2
"Gene0040",53,44,42,75,55,19,55,41,70,109,35,85,42,58,54,34,88,51,44,60,38,95,33,60,103,68,100,85,34,71,114,75,79,99,55,70,82,47,50,57,32,42,48,56,44,25,39,39,52,57,35,40,71,33,32,78,48,70,104,33,60,47,51,47,91,46,69,52,41,60,59,33
"Gene0041",78,62,91,34,62,104,60,61,75,78,77,45,76,45,70,113,83,42,74,28,68,105,58,49,100,60,59,18,61,56,54,67,50,96,54,94,28,52,37,32,74,81,23,114,49,118,150,89,88,48,78,94,60,42,45,46,64,63,151,53,67,115,61,84,39,46,62,56,92,51,53,77
"Gene0042",38,7,18,14,28,53,52,17,33,20,46,30,50,23,20,38,53,56,38,35,17,41,52,17,45,20,34,35,30,33,34,30,35,43,14,28,41,18,26,37,33,48,52,50,37,32,27,63,15,49,43,24,26,34,38,26,30,50,42,50,50,64,23,27,22,22,40,47,48,20,34,49
"Gene0043",220,56,152,133,116,108,96,132,170,353,171,148,136,178,201,79,73,201,138,130,105,140,159,85,174,103,146,124,179,169,130,155,154,143,125,141,143,86,139,103,82,133,182,143,81,90,226,63,139,233,155,134,77,169,144,163,113,187,87,75,159,142,166,167,130,88,95,161,118,190,162,254
"Gene0044",16,14,39,34,45,26,39,29,15,20,14,20,24,22,43,20,19,25,13,17,15,34,21,13,39,32,136,132,129,125,161,145,20,15,64,17,22,28,10,9,41,18,53,19,30,16,6,24,26,24,44,45,16,21,27,7,24,20,22,24,27,20,19,23,29,30,21,14,34,32,26,29
"Gene0045",6,10,13,9,15,8,10,8,12,8,10,14,6,6,12,6,9,10,5,7,11,10,14,5,29,10,6,11,7,12,4,6,18,15,2,8,9,1,11,15,11,15,17,7,14,15,10,3,15,6,8,12,14,9,9,3,12,17,2,6,8,11,10,12,5,17,10,6,8,14,12,11
"Gene0046",49,78,77,103,74,96,112,88,97,83,87,131,71,77,89,87,119,50,99,83,107,141,51,74,96,71,114,114,58,45,80,92,102,55,156,69,110,56,149,62,82,89,114,126,34,56,99,67,86,54,39,96,113,109,49,52,58,90,155,85,91,123,127,39,56,115,70,115,53,134,66,129
"Gene0047",11,23,18,13,12,17,16,23,33,19,27,14,19,17,21,8,27,14,25,32,25,26,28,20,22,29,27,12,5,21,26,22,12,32,32,19,16,17,10,23,26,14,9,2,17,16,14,34,19,6,7,9,9,45,16,14,21,18,24,19,31,20,22,17,10,8,4,4,6,4,7,7
"Gene0048",307,234,340,199,164,334,389,447,335,422,405,335,126,125,145,212,392,264,351,471,214,246,153,303,339,190,457,273,341,275,275,345,314,301,476,421,398,219,203,290,376,504,254,453,356,117,592,261,433,345,167,365,336,201,239,265,150,302,222,266,330,270,201,258,371,248,291,208,155,393,736,451
"Gene0049",23,35,40,6,38,27,36,21,31,28,36,22,37,45,38,31,42,25,24,23,31,25,32,15,34,43,54,21,27,17,24,37,44,39,29,18,34,22,42,26,36,14,47,34,22,32,23,31,25,43,54,41,13,33,38,49,30,24,19,42,46,30,30,30,36,29,37,17,20,22,41,38
"Gene0050",157,96,75,123,76,125,105,113,104,89,102,135,65,160,94,90,109,82,149,76,148,98,95,134,204,62,131,126,67,176,161,143,207,106,105,76,92,130,80,88,80,66,148,56,57,171,118,157,103,113,72,85,180,128,130,133,196,137,61,183,78,94,121,151,67,178,56,128,91,136,69,76
"Gene0051",79,115,88,46,42,102,103,106,125,133,111,45,85,82,52,106,51,89,58,83,86,99,63,86,63,65,79,45,24,55,56,122,71,44,55,167,104,38,106,89,173,70,93,52,74,46,103,46,78,50,70,69,70,41,74,79,62,82,70,83,69,87,73,59,331,331,303,369,374,293,370,336
"Gene0052",22,31,14,25,31,24,6,9,39,13,31,21,13,18,38,33,18,9,44,10,27,24,17,18,27,19,20,24,17,13,10,12,30,12,19,15,20,17,16,15,16,26,37,24,9,14,13,15,19,17,33,22,15,15,14,17,14,20,25,14,21,30,23,16,11,17,25,8,15,15,15,13
"Gene0053",364,443,304,327,297,244,179,398,192,110,390,190,382,294,488,342,805,265,601,468,338,479,298,122,231,297,445,148,218,489,861,522,555,522,453,391,477,362,406,360,405,336,364,377,674,466,314,118,374,308,420,214,342,299,458,328,581,420,317,699,519,452,280,267,247,414,215,561,460,206,254,505
"Gene0054",80,131,89,33,112,55,122,70,109,117,240,183,136,141,47,90,181,59,57,29,47,56,25,61,96,37,167,163,79,63,149,133,91,152,104,187,185,145,166,169,108,157,88,116,133,96,103,86,123,77,131,95,112,59,107,164,82,113,171,104,218,134,130,109,164,171,97,61,103,104,109,170
"Gene0055",75,61,33,35,118,60,94,61,28,52,55,46,72,29,56,42,15,70,20,117,63,31,68,36,93,47,61,23,47,52,104,53,76,56,43,92,97,63,49,52,62,53,58,58,82,31,52,52,61,52,51,37,59,73,77,37,59,96,54,50,93,67,73,81,51,66,65,56,64,55,56,52
"Gene0056",36,80,47,42,74,102,83,77,59,86,78,69,59,33,56,137,66,153,56,159,119,109,110,96,94,110,105,115,85,39,52,61,107,89,80,75,49,89,62,33,87,59,77,102,62,59,70,82,33,64,97,123,87,69,88,64,92,40,119,87,98,64,107,100,127,73,29,40,45,85,39,75
"Gene0057",111,151,202,146,75,127,200,57,86,60,238,159,128,141,126,106,50,143,117,156,160,116,237,190,102,68,218,98,96,87,84,72,118,112,152,146,83,157,116,85,128,102,127,267,60,98,114,168,283,235,114,58,100,221,162,142,97,109,113,92,71,181,106,112,30,87,199,104,111,77,117,107
"Gene0058",67,41,60,68,38,49,74,120,94,64,74,48,95,35,71,44,32,50,60,88,45,46,29,85,71,92,50,73,98,74,59,41,38,93,46,65,45,39,55,53,97,64,39,40,38,73,71,78,73,55,68,53,40,83,57,83,29,53,87,83,47,63,75,71,21,46,80,43,64,45,55,40
"Gene0059",1,1,2,0,1,2,0,0,1,1,0,0,0,1,1,2,1,3,0,0,3,1,0,1,2,1,1,5,3,1,3,2,1,1,1,1,3,1,1,1,1,1,1,1,1,1,0,0,0,2,1,0,1,4,1,1,0,3,2,1,3,0,1,2,4,0,3,1,1,1,1,5
"Gene0060",85,42,87,63,75,124,78,85,87,57,110,47,67,65,46,83,93,88,72,51,139,87,46,66,73,102,76,45,81,98,71,82,128,79,73,71,60,136,61,75,50,123,104,80,89,84,67,51,46,134,82,48,88,93,67,66,119,146,44,112,82,41,67,85,101,88,56,84,59,96,50,65
"Gene0061",34,25,35,66,23,31,35,25,62,41,41,37,34,56,23,50,45,54,62,48,31,48,35,37,23,21,35,23,22,20,31,32,43,21,22,46,31,39,36,72,47,25,26,34,44,29,19,76,44,40,28,42,13,23,20,42,41,56,60,37,19,52,48,35,46,39,32,49,37,53,46,25
"Gene0062",73,96,52,52,148,61,50,41,47,80,36,72,101,58,67,35,42,38,74,62,72,31,64,79,64,83,53,64,75,49,97,45,67,71,77,37,47,60,43,49,100,91,55,100,130,40,48,87,52,40,41,52,67,47,85,40,87,103,72,38,82,122,99,77,67,44,94,80,44,28,70,80
"Gene0063",80,111,101,48,103,155,142,165,92,81,170,71,169,258,31,64,101,123,94,81,57,95,102,96,62,106,59,148,67,241,118,163,155,83,113,119,96,91,107,67,105,136,115,84,120,65,60,122,172,112,140,128,87,146,91,174,66,114,100,185,187,124,78,162,100,122,94,31,165,161,142,103
"Gene0064",239,253,154,266,442,284,258,286,336,389,146,448,97,350,222,231,297,277,176,334,389,330,240,244,440,391,264,344,411,381,151,371,198,170,266,228,478,288,246,181,510,183,485,362,177,283,368,213,341,416,234,545,235,414,234,514,310,93,283,463,260,315,186,309,418,244,275,309,441,301,126,340
"Gene0065",32,32,21,23,17,16,22,13,16,21,31,17,13,27,13,25,30,22,26,26,18,15,22,14,27,30,33,22,27,17,13,37,14,17,21,12,33,14,37,29,19,19,17,13,7,56,43,35,32,22,32,27,24,35,36,5,20,22,21,19,40,24,22,38,30,37,14,24,14,30,27,26
"Gene0066",177,308,225,264,221,204,283,177,238,643,614,290,328,125,154,185,226,195,329,222,268,211,250,207,193,212,238,157,279,249,270,250,347,247,234,201,97,287,120,282,237,187,185,65,325,314,182,293,257,250,225,308,91,170,164,200,242,283,106,292,203,163,418,341,239,268,426,641,368,299,163,262
"Gene0067",56,111,116,157,128,77,78,54,55,92,44,81,89,73,70,94,113,112,123,88,99,89,86,51,91,85,105,99,40,75,44,91,80,87,83,61,64,141,122,68,50,61,64,88,58,52,50,58,57,79,84,86,91,140,107,52,105,97,95,85,79,66,87,87,600,437,348,540,495,493,439,583
"Gene0068",80,147,140,121,172,213,186,175,271,185,277,218,107,292,318,149,164,366,249,317,95,171,185,111,236,72,167,220,93,165,127,158,192,123,206,100,127,223,141,135,224,231,194,174,131,145,182,295,146,118,81,249,150,163,149,216,89,446,224,231,108,119,166,240,174,230,145,195,137,84,301,85
"Gene0069",133,89,136,324,236,191,129,160,163,160,79,93,262,172,110,72,145,245,111,178,117,104,150,124,213,303,219,148,149,164,63,123,298,201,99,79,161,160,218,306,242,182,226,122,158,275,103,94,270,159,167,193,247,59,129,234,106,246,65,114,211,210,164,230,121,155,205,110,132,141,142,171
"Gene0070",228,85,185,124,64,113,87,292,95,134,122,100,112,79,85,133,116,162,88,94,122,106,182,134,99,131,109,53,131,220,114,127,123,142,131,131,193,89,185,217,67,199,95,100,177,140,70,118,57,121,69,202,166,136,72,136,142,186,175,68,121,164,166,65,199,70,137,88,123,127,108,63
"Gene0071",14,31,8,14,17,14,14,10,5,20,16,11,17,15,14,4,16,5,10,12,18,16,15,11,22,12,10,12,12,15,10,10,23,14,7,15,28,21,16,7,12,20,3,20,20,18,21,15,21,12,16,13,19,17,20,22,16,12,13,15,18,7,11,17,11,22,9,22,8,25,15,9
"Gene0072",102,88,103,26,90,49,38,51,59,47,43,35,81,27,42,62,26,60,53,32,24,39,44,50,34,32,37,68,76,82,33,45,68,47,43,66,50,59,55,30,26,41,24,59,68,35,57,59,46,38,30,53,68,58,40,20,58,92,68,19,49,29,51,25,75,50,59,71,32,23,47,65
"Gene0073",54,93,77,243,138,99,131,70,144,214,147,90,231,140,116,145,147,113,93,153,123,84,101,117,85,104,84,161,141,132,108,110,196,93,110,137,133,143,95,192,139,150,73,123,102,212,83,165,203,115,20,87,160,83,165,107,84,76,199,176,110,192,157,107,194,99,116,81,108,92,83,163
"Gene0074",19,17,39,9,36,29,14,28,9,18,24,13,16,10,35,15,16,20,30,5,14,35,23,19,28,9,14,15,22,8,11,22,17,22,15,16,9,32,12,33,20,16,13,12,15,15,19,17,107,143,197,102,122,123,118,161,25,19,12,13,19,24,11,14,27,6,9,13,12,8,18,11
"Gene0075",19,35,17,16,38,25,14,27,26,30,22,15,20,46,19,20,25,35,29,21,60,49,38,16,16,31,8,39,6,25,19,26,51,12,36,24,9,17,6,39,29,24,50,12,40,16,29,33,24,11,30,25,23,40,54,51,43,39,27,19,39,23,32,19,19,35,12,51,37,14,15,48
"Gene0076",133,110,145,78,116,174,87,157,120,153,106,47,50,89,91,81,150,61,73,138,151,168,73,98,38,82,128,160,121,80,121,130,143,98,110,96,86,49,74,138,121,61,105,65,97,72,98,172,132,144,175,177,46,37,75,114,83,93,114,92,98,140,53,126,125,111,106,108,153,121,119,116
"Gene0077",101,211,140,72,131,91,208,140,83,78,100,164,128,211,117,106,102,99,105,151,111,152,98,138,90,147,180,154,163,115,189,151,114,156,134,117,114,127,285,131,175,147,95,146,150,73,84,97,53,198,142,226,143,126,164,88,128,134,77,123,133,136,111,100,119,178,74,153,139,86,136,250
"Gene0078",98,114,136,35,79,162,87,60,176,118,180,153,102,51,134,73,114,116,165,103,99,84,126,53,142,70,74,125,126,57,89,83,91,83,119,66,93,106,66,65,121,128,91,28,125,109,70,169,80,83,70,141,88,152,82,127,81,49,97,100,115,100,65,72,96,54,81,74,60,77,69,168
"Gene0079",38,22,34,11,8,27,26,11,15,21,14,27,16,17,23,14,21,14,4,26,13,21,25,8,10,8,18,29,22,19,21,15,26,19,8,19,9,18,18,7,12,10,22,31,17,7,15,33,13,14,11,12,29,28,24,24,17,15,33,27,21,26,28,21,21,47,40,14,8,29,17,22
"Gene0080",14,18,7,18,9,6,16,21,10,12,8,27,15,10,12,4,15,9,11,27,15,16,10,20,17,11,13,20,11,11,6,8,16,8,5,7,15,23,8,15,10,17,24,20,17,12,11,29,14,12,16,12,21,14,22,14,10,16,17,8,14,12,28,9,15,14,23,16,15,14,9,12
"Gene0081",278,202,349,360,267,97,249,602,326,370,276,550,195,341,486,462,326,210,429,246,480,360,430,214,431,446,421,225,398,175,152,556,236,252,295,391,238,222,473,321,107,321,312,284,195,213,205,270,198,301,408,142,400,263,648,552,355,443,392,277,237,310,424,541,336,381,339,542,319,476,324,516
"Gene0082",93,96,53,65,125,81,66,60,67,118,105,44,31,171,55,138,96,37,53,52,85,67,34,65,113,84,90,47,26,34,104,19,92,66,77,87,59,129,50,70,88,29,106,81,79,65,93,58,38,63,54,98,81,43,33,44,77,77,99,105,45,91,104,103,99,38,78,106,48,73,69,90
"Gene0083",36,44,80,30,86,74,38,39,48,45,43,33,56,41,55,22,65,38,44,81,35,50,100,68,73,66,90,47,36,20,36,98,17,61,75,70,64,56,54,68,34,28,43,62,53,126,75,45,57,39,70,88,31,45,60,66,54,43,71,47,75,80,63,70,20,17,14,10,13,13,12,24
"Gene0084",26,25,45,77,43,43,40,26,42,30,32,25,44,65,78,24,32,31,40,86,26,26,30,64,23,42,52,66,52,58,63,50,31,42,51,27,48,50,34,55,29,53,30,38,56,51,68,19,19,20,34,53,22,29,29,27,42,42,49,56,43,62,32,48,56,25,70,51,42,34,36,58
"Gene0085",16,4,16,14,21,19,18,23,9,11,6,13,13,13,17,8,13,2,16,9,6,20,4,19,11,13,4,12,11,16,7,14,11,11,11,10,9,9,22,7,7,8,23,25,14,13,19,7,4,8,12,7,18,8,10,9,10,5,14,14,24,11,18,14,7,10,16,13,9,15,7,6
"Gene0086",103,116,79,88,97,81,76,156,105,77,153,144,164,109,135,62,137,184,95,147,205,73,55,156,217,80,150,156,132,82,100,99,33,142,43,88,151,115,166,97,114,125,98,147,144,63,119,99,106,91,54,111,106,105,60,138,146,139,99,64,103,125,92,104,154,176,129,107,110,114,80,66
"Gene0087",16,50,17,24,57,36,49,47,59,39,37,57,24,29,39,43,63,39,30,43,23,39,31,36,26,33,16,66,28,41,31,44,47,28,75,29,38,29,20,26,86,27,29,103,42,47,44,30,42,43,41,23,38,28,19,39,40,63,38,45,81,37,42,71,81,56,29,21,14,21,23,46
"Gene0088",46,44,48,35,30,29,66,63,26,41,33,34,26,30,49,37,32,52,58,57,29,81,47,73,85,57,48,59,33,54,52,40,23,46,91,50,39,34,45,45,26,19,24,57,75,40,32,45,22,49,33,54,71,21,56,47,37,71,25,39,72,36,33,89,38,23,38,49,38,77,21,81
"Gene0089",106,46,101,142,138,52,141,147,181,171,367,73,219,160,235,166,142,188,125,222,266,76,240,82,78,304,78,82,116,261,217,139,123,119,194,237,162,239,101,96,150,134,158,165,138,145,169,107,222,170,197,185,127,110,63,147,166,129,302,247,215,108,199,207,129,267,125,84,190,96,177,143
"Gene0090",150,129,224,141,144,263,184,124,125,249,140,217,139,67,139,140,122,142,54,262,144,162,101,279,247,170,241,195,69,166,173,133,106,180,167,160,99,136,122,174,185,185,95,238,121,129,85,115,99,134,81,107,116,128,202,124,168,221,131,166,243,166,81,143,199,205,158,32,55,140,120,73
"Gene0091",183,161,208,557,274,463,284,388,660,218,296,368,373,57,326,242,223,216,163,208,323,134,260,271,240,296,457,243,190,169,224,248,214,485,397,135,358,260,297,131,216,288,256,345,187,397,320,220,273,171,191,264,278,267,455,189,279,312,380,279,279,381,241,311,1682,1554,1395,1964,1345,1353,1919,1655
"Gene0092",34,31,32,28,36,44,21,22,24,13,22,17,26,13,16,21,36,31,28,9,22,24,28,47,25,65,44,38,26,23,58,22,13,40,14,24,27,31,18,51,29,20,24,40,44,37,35,42,43,31,15,21,26,53,37,16,36,23,30,30,36,31,30,25,6,9,8,4,10,4,4,5
"Gene0093",74,93,203,76,99,83,141,162,95,181,49,157,127,114,115,80,106,145,120,101,47,73,46,141,204,185,219,123,119,54,122,58,153,157,152,73,60,72,100,92,57,87,122,154,84,67,178,134,143,127,157,127,76,108,179,112,217,121,117,144,48,102,196,75,154,51,116,142,123,191,167,117
"Gene0094",367,379,505,381,375,618,310,287,235,232,232,755,367,234,198,218,303,365,103,164,300,379,375,465,289,544,306,214,399,303,242,250,102,370,230,221,145,412,386,334,577,176,441,126,257,272,356,90,265,372,263,211,311,166,327,307,233,286,267,152,180,224,305,216,429,74,135,252,298,186,188,429
"Gene0095",13,13,11,15,16,24,9,21,14,27,14,17,25,18,12,7,5,14,12,14,17,20,6,5,8,13,13,13,8,17,10,9,12,12,9,11,18,13,5,21,11,10,19,7,20,4,5,14,16,26,24,13,14,19,12,30,10,15,12,21,22,12,19,8,15,8,12,17,8,17,20,11
"Gene0096",15,27,13,31,28,21,19,22,15,9,14,28,22,25,14,12,33,15,17,15,22,18,25,17,35,14,19,10,29,19,13,25,28,14,19,12,21,17,27,6,15,22,18,24,22,25,10,14,9,23,16,21,12,24,18,15,29,21,16,29,24,13,16,25,15,26,29,25,6,29,15,12
"Gene0097",14,5,19,14,6,13,14,11,5,8,9,5,10,10,12,7,21,31,11,15,13,23,13,14,13,14,13,13,8,20,22,6,6,17,8,15,8,16,18,14,15,15,11,17,14,6,17,17,8,13,15,11,13,26,9,6,7,2,8,10,20,18,8,13,10,12,18,6,12,15,20,31
"Gene0098",7,6,10,11,7,7,4,15,18,15,4,12,6,5,12,7,8,5,10,2,23,8,4,12,11,6,16,9,14,12,7,8,5,5,1,8,9,5,2,7,5,9,14,9,8,13,11,10,12,8,18,6,18,11,11,7,24,7,6,5,13,8,7,11,3,1,15,11,11,10,7,6
"Gene0099",44,35,47,39,75,65,53,70,56,49,78,58,40,46,58,55,61,49,56,41,47,23,86,51,48,41,48,39,49,51,72,97,97,96,60,49,43,40,36,58,51,54,64,71,76,41,73,61,447,356,354,365,526,575,384,383,49,75,69,51,19,33,31,37,35,52,46,55,99,107,38,32
"Gene0100",59,72,98,144,120,156,161,99,68,100,120,63,76,218,87,124,187,76,87,154,113,133,150,95,46,125,79,174,124,98,139,64,147,88,73,81,65,123,144,102,79,144,142,56,127,133,161,80,98,126,235,133,118,135,61,97,91,177,186,117,220,47,70,205,41,92,129,141,199,118,125,55
"Gene0101",239,216,283,181,396,241,171,187,125,274,158,259,234,157,239,335,460,246,225,367,306,244,377,228,293,214,235,173,156,208,259,391,172,219,258,173,153,128,189,289,227,239,69,98,139,216,344,206,146,362,295,149,175,435,151,168,163,171,373,275,233,142,319,237,278,272,193,213,397,410,154,296
"Gene0102",149,331,235,152,180,200,185,231,370,279,180,200,245,141,193,161,161,96,302,147,131,312,195,229,153,167,213,201,187,224,344,65,156,108,271,318,140,152,157,287,179,201,195,141,231,154,236,225,294,205,265,325,135,276,113,135,161,124,135,121,132,142,172,283,122,123,146,244,84,147,169,160
"Gene0103",15,34,9,16,17,13,15,8,20,13,15,22,12,9,25,6,12,10,26,25,22,6,22,12,40,16,8,12,26,11,13,17,9,14,16,9,18,15,12,16,25,8,10,20,13,20,14,16,24,8,18,20,7,22,16,13,13,14,28,24,13,14,14,13,13,14,11,19,3,14,16,17
"Gene0104",369,455,284,174,471,339,575,320,557,215,321,658,284,324,488,340,210,590,421,419,427,666,600,465,657,544,261,259,627,725,652,586,242,379,599,489,358,410,191,804,430,348,333,336,581,716,314,797,340,781,480,404,357,712,562,676,321,415,360,483,901,585,489,410,640,556,439,363,610,419,568,403
"Gene0105",14,20,26,23,23,19,10,10,21,22,16,32,21,22,6,26,16,21,10,21,26,27,36,20,29,20,26,22,13,20,23,21,31,37,15,33,33,27,17,14,34,19,21,24,36,22,18,39,18,18,20,18,43,18,34,20,8,29,28,35,9,28,31,34,30,24,19,29,23,8,9,14
"Gene0106",61,100,33,50,56,27,72,51,70,25,39,59,58,43,84,49,50,64,46,69,45,24,52,35,50,50,82,74,46,62,68,50,61,43,46,55,109,71,76,59,103,55,55,33,60,53,45,84,35,71,58,90,32,47,84,83,64,85,69,65,63,63,62,71,301,402,307,449,539,458,521,421
"Gene0107",43,24,26,21,62,25,32,26,17,41,23,20,26,32,30,19,55,34,33,64,20,15,39,67,42,24,44,37,28,49,24,27,17,17,33,41,17,23,25,27,41,41,31,31,26,8,39,34,31,35,16,14,45,12,44,34,33,44,21,45,43,34,36,25,1,1,2,5,9,5,5,5
"Gene0108",38,36,26,42,40,54,36,53,29,43,79,30,60,24,89,73,39,138,50,41,82,54,79,20,27,40,52,24,54,42,60,52,41,30,57,35,54,46,47,36,71,55,50,46,40,58,69,54,16,38,70,53,33,47,67,33,69,26,60,37,27,83,47,24,67,27,67,49,52,38,30,43
"Gene0109",47,86,47,134,79,78,62,67,86,48,77,68,98,61,110,39,57,45,50,61,46,81,38,161,32,85,60,101,48,50,45,50,71,28,64,29,51,102,58,79,49,39,49,72,58,27,54,50,71,46,53,75,66,33,55,47,71,77,59,69,34,45,103,108,83,44,100,41,95,40,56,54
"Gene0110",61,82,98,76,61,61,55,53,22,57,45,61,49,49,103,95,37,76,81,44,66,40,77,49,80,90,94,27,26,45,82,43,52,61,52,132,82,36,76,111,89,50,73,89,61,106,52,77,235,213,222,182,239,202,263,257,82,38,58,39,49,100,58,45,43,67,58,117,32,121,46,37
"Gene0111",55,63,45,41,51,65,45,93,81,72,40,30,76,35,29,39,55,32,19,63,80,56,34,69,41,57,34,20,69,51,47,14,62,52,44,50,61,45,31,88,52,38,28,57,53,44,62,40,34,80,31,32,51,45,79,59,25,39,48,88,44,84,39,53,64,59,29,73,34,44,51,45
"Gene0112",19,46,57,57,71,80,50,81,84,72,83,64,68,75,60,81,43,60,46,39,115,34,38,83,72,98,60,44,70,67,39,73,84,82,42,58,38,109,43,85,58,62,51,110,56,44,49,76,52,85,31,72,52,75,43,33,46,80,51,31,57,85,59,22,41,68,59,59,41,76,73,38
"Gene0113",50,17,39,32,25,25,63,46,17,16,21,32,25,24,30,40,34,20,14,24,37,29,49,40,56,47,21,30,35,34,27,43,42,28,13,24,42,20,41,15,15,21,38,54,22,15,30,53,35,20,49,13,57,48,20,30,31,26,33,26,12,47,24,27,43,21,26,21,32,28,36,33
"Gene0114",32,25,33,22,44,18,43,23,39,17,17,40,9,36,27,44,18,41,30,33,10,12,30,33,20,49,41,36,16,12,48,33,18,34,12,48,24,64,38,27,17,19,24,49,22,26,22,21,26,26,41,26,29,27,36,26,10,37,31,12,36,44,21,47,22,33,43,14,20,20,19,25
"Gene0115",11,2,1,2,13,12,3,7,4,7,6,12,8,0,3,10,5,5,8,10,6,9,7,5,2,9,2,7,18,8,14,14,10,4,8,11,13,8,7,5,12,12,3,9,3,1,10,16,3,10,4,12,12,11,3,16,5,12,4,2,7,19,11,10,5,14,5,3,8,9,9,9
"Gene0116",67,34,29,24,29,15,48,23,71,41,37,12,36,27,66,38,36,52,54,40,28,20,31,29,58,30,42,33,46,31,21,38,38,30,65,33,70,11,63,26,34,24,60,36,32,31,34,23,31,38,41,37,26,51,44,15,25,27,32,27,35,41,26,37,26,47,62,47,62,20,53,38
"Gene0117",10,30,30,14,35,41,25,45,23,43,48,33,33,57,30,34,29,41,26,47,33,19,40,39,33,38,44,18,25,29,25,54,17,43,13,34,31,33,23,48,51,17,20,41,11,51,28,23,36,26,26,5,26,14,24,22,33,57,22,20,27,32,48,41,26,27,39,38,26,29,30,35
"Gene0118",1011,1528,1786,1061,1356,1872,2110,1465,1162,1205,1352,1710,1368,1808,1426,1520,1779,1270,1312,859,1680,912,1730,2429,1387,1073,1329,2375,742,999,1548,1574,907,2908,763,1400,1354,958,864,625,2103,872,1404,1134,1285,1185,1801,1669,1093,1314,734,1759,1575,1399,870,1108,1599,704,1181,1898,1218,647,1190,1706,1703,1216,2110,632,681,1677,1422,898
"Gene0119",12,5,7,11,5,14,12,16,20,11,12,12,14,16,9,5,7,12,16,8,9,15,17,3,14,7,10,12,12,12,13,11,9,8,9,14,13,7,13,11,12,14,9,5,8,18,2,9,17,9,15,10,4,16,11,12,13,13,26,5,13,8,22,4,11,12,13,19,10,8,4,9
"Gene0120",74,78,62,25,93,60,54,94,50,48,91,56,24,48,37,53,22,48,65,30,92,80,67,76,73,73,42,45,83,96,87,124,32,94,31,22,33,39,33,43,86,70,57,100,110,43,101,109,80,83,40,80,52,70,79,90,39,33,70,39,69,70,47,73,71,70,58,77,63,91,58,33
"Gene0121",8,13,8,12,15,13,6,11,16,7,6,5,8,7,9,8,6,10,8,3,4,4,4,6,18,16,2,9,6,15,7,8,9,4,4,7,10,8,5,6,9,4,8,12,22,15,9,8,2,6,7,13,8,6,5,7,9,8,10,9,7,8,12,16,2,11,5,19,8,4,8,4
"Gene0122",8,7,14,4,14,7,5,9,11,7,7,14,8,3,14,11,7,7,4,12,0,4,3,7,6,8,8,9,10,11,24,7,20,6,6,7,20,16,5,11,10,5,11,13,13,7,15,3,11,4,4,8,5,8,3,11,3,11,7,7,6,22,15,7,12,12,7,8,8,7,10,13
"Gene0123",71,61,26,62,49,88,34,67,63,89,66,80,44,44,79,82,71,47,59,75,68,72,111,59,110,29,108,34,38,55,81,74,62,45,67,39,28,24,35,44,73,65,42,124,81,100,85,52,42,39,32,69,56,55,36,66,88,86,107,28,39,47,107,124,65,51,94,64,32,38,70,57
"Gene0124",14,9,14,16,26,9,18,10,29,19,9,21,17,10,11,11,7,30,18,26,13,6,9,7,4,13,17,14,12,27,35,23,29,18,17,6,8,15,27,26,16,18,17,37,16,16,20,13,19,24,15,13,10,16,11,16,20,13,23,10,22,13,10,19,13,19,20,21,18,14,13,7
"Gene0125",21,65,38,29,48,59,24,29,64,57,55,27,78,37,33,53,41,49,45,52,42,80,26,60,48,73,61,40,41,47,44,107,59,39,31,32,63,28,21,54,46,99,44,53,49,11,51,54,37,34,19,41,55,56,44,47,114,36,69,28,40,57,67,73,58,71,112,73,33,70,31,70
"Gene0126",27,31,47,54,44,25,55,42,63,64,34,21,55,20,52,40,23,34,59,51,45,31,42,26,21,36,49,27,30,27,8,22,40,30,8,47,29,41,41,30,32,25,6,23,21,53,22,24,21,16,39,26,40,33,19,48,18,28,64,21,22,39,53,33,57,45,19,82,14,41,28,26
"Gene0127",32,18,14,56,31,30,11,23,48,41,33,47,47,23,15,17,33,18,26,13,39,25,17,11,29,14,9,23,13,47,45,47,24,59,33,17,9,34,10,33,19,31,49,23,16,27,31,23,28,8,30,21,25,14,12,36,23,25,25,35,22,16,22,36,19,12,18,26,21,16,38,26
"Gene0128",6,2,4,3,7,4,2,7,5,8,5,2,1,3,6,2,5,6,4,4,6,4,5,3,6,10,1,7,5,10,3,7,9,3,4,13,6,2,3,6,4,5,4,4,4,1,3,13,7,7,11,2,4,7,4,4,9,4,2,3,10,2,7,11,7,2,4,4,4,4,4,6
"Gene0129",17,9,17,6,17,4,16,20,14,22,24,12,11,6,11,13,15,12,4,2,9,4,16,12,11,12,13,4,4,14,15,16,15,15,6,10,9,7,8,22,14,8,12,23,8,18,7,13,20,11,20,17,9,8,9,5,9,13,12,14,13,17,16,15,1,2,1,4,3,4,3,1
"Gene0130",70,41,54,49,116,142,44,74,65,73,80,34,63,54,44,70,104,60,61,78,84,68,46,19,82,26,67,112,66,102,26,48,61,57,77,86,71,69,17,69,50,68,59,53,46,66,57,49,55,43,34,61,93,83,47,32,62,58,91,64,116,105,56,57,82,61,41,76,66,60,88,107
"Gene0131",57,36,90,123,117,121,173,175,130,119,117,173,90,75,164,84,84,92,98,65,66,112,107,91,51,38,70,72,161,97,54,105,123,118,85,86,90,84,111,184,77,75,140,135,117,93,153,109,138,104,78,74,76,44,102,128,137,120,80,72,75,107,63,203,123,88,147,125,152,108,109,105
"Gene0132",16,21,32,18,32,25,74,20,20,27,32,14,23,29,13,39,11,22,18,19,23,27,23,20,42,18,59,40,18,20,17,41,50,34,19,30,21,20,33,24,60,38,11,25,15,52,38,29,31,32,18,41,32,48,29,35,17,33,40,47,24,43,19,27,33,26,21,20,38,62,32,28
"Gene0133",78,40,44,36,21,28,54,61,67,34,75,36,67,74,56,42,41,23,88,55,24,43,59,39,29,57,44,70,45,68,53,74,53,56,39,71,75,26,95,37,18,40,82,49,29,56,57,37,75,58,41,43,80,27,58,24,38,110,64,24,40,66,64,46,46,51,34,29,53,83,42,53
"Gene0134",125,163,259,143,273,216,237,249,137,102,249,223,139,107,77,317,115,194,241,178,455,441,279,119,337,143,391,283,213,133,382,254,186,245,157,214,174,203,147,144,126,206,129,379,187,175,220,349,234,188,298,328,174,319,163,373,446,243,228,307,124,243,166,198,240,261,198,101,133,252,294,223
"Gene0135",265,502,179,173,318,330,217,383,368,214,414,253,301,357,124,242,132,276,329,279,528,203,272,537,168,436,245,309,402,248,272,387,167,223,626,372,386,431,316,278,394,236,228,460,279,236,191,424,293,307,265,352,368,283,258,310,292,281,508,302,285,426,375,407,539,146,314,137,271,256,375,344
"Gene0136",16,9,13,15,23,25,36,12,5,27,12,11,11,10,21,17,15,12,16,19,20,13,6,17,18,36,7,20,15,15,10,11,12,12,19,19,12,11,9,11,15,13,24,14,15,11,12,24,12,9,11,10,4,24,11,24,15,11,13,30,20,10,21,15,27,21,21,23,17,5,17,16
"Gene0137",27,25,27,38,49,67,32,35,33,70,85,64,39,40,53,43,57,41,43,64,39,23,25,26,67,55,34,43,78,56,61,74,56,30,50,37,41,33,50,43,36,22,43,35,85,30,54,15,61,52,25,33,43,46,58,78,83,38,44,35,42,64,34,25,71,26,29,44,34,28,46,47
"Gene0138",219,77,246,265,252,209,153,145,114,276,347,235,210,294,125,196,78,139,81,243,311,156,156,174,275,357,145,246,291,101,155,185,122,186,167,189,176,159,230,253,155,276,302,277,275,413,110,235,280,295,171,205,154,223,263,403,94,177,329,417,76,416,110,240,167,230,111,211,235,248,223,147
"Gene0139",40,42,28,41,18,25,19,24,24,40,13,22,34,32,25,28,53,53,35,30,26,35,22,38,36,23,29,44,23,38,29,41,15,45,45,21,17,48,33,21,38,25,34,43,50,37,24,17,34,57,45,30,20,25,39,30,23,31,37,41,28,18,19,35,28,44,18,47,33,44,37,32
"Gene0140",104,60,33,30,31,36,59,30,81,56,28,31,61,43,62,31,29,51,44,50,32,82,45,85,42,34,38,53,52,76,77,51,41,38,32,74,112,42,42,41,49,56,73,36,37,57,59,51,57,64,48,42,65,18,95,70,60,30,49,36,76,89,31,44,38,32,30,35,27,36,19,46
"Gene0141",54,32,90,48,38,69,52,32,82,49,34,30,41,65,64,56,68,34,58,67,72,31,63,42,15,29,106,56,49,68,43,43,26,57,66,41,19,39,47,21,48,55,43,27,79,64,25,46,58,54,38,46,62,48,62,27,37,54,54,36,60,81,37,30,53,83,58,16,31,39,47,86
"Gene0142",15,16,18,18,22,23,15,20,41,29,18,25,22,18,23,6,21,28,23,14,12,15,13,16,7,19,28,24,19,25,15,25,15,21,13,15,21,7,40,35,13,14,9,22,19,13,16,21,15,12,13,19,16,20,32,30,37,7,22,27,21,18,17,16,16,19,19,5,13,11,22,18
"Gene0143",30,23,24,27,44,45,19,29,26,12,19,17,35,22,33,42,41,34,24,72,50,41,27,25,48,32,24,14,25,35,15,17,34,21,16,37,21,34,21,22,10,32,62,32,25,17,38,27,15,33,30,22,29,53,20,19,35,27,32,22,31,46,10,56,26,25,15,12,26,32,24,51
"Gene0144",65,53,74,27,53,42,31,52,18,54,19,49,45,29,43,35,100,118,43,59,67,15,41,55,59,67,69,60,102,74,64,46,63,82,26,48,54,40,80,74,84,27,28,33,35,78,124,67,44,24,96,55,60,58,14,35,51,49,70,44,47,39,37,64,6,6,6,8,6,2,4,7
"Gene0145",19,41,33,20,25,14,28,31,25,40,37,28,38,37,38,27,51,42,63,26,23,31,12,29,25,35,30,13,51,31,25,15,42,51,24,36,47,18,61,28,35,56,29,36,36,25,14,22,28,36,29,23,21,42,32,20,23,29,31,19,48,35,34,20,24,36,43,17,35,26,46,30
"Gene0146",291,148,306,420,132,181,302,162,124,185,372,180,141,343,130,302,123,175,104,98,192,156,258,291,201,179,237,174,188,232,289,229,153,259,164,189,190,187,204,263,388,359,420,212,221,196,226,141,122,166,192,81,220,237,220,202,283,212,471,48,106,155,246,251,267,226,219,95,206,159,98,93
"Gene0147",28,35,34,18,27,42,31,15,33,42,16,33,39,62,17,20,39,11,49,34,41,36,34,28,29,31,15,11,19,47,8,19,44,30,37,33,44,35,26,18,35,49,39,34,44,24,17,49,25,41,35,28,62,25,17,26,17,17,27,12,26,34,9,30,35,35,37,46,39,58,32,27
"Gene0148",26,33,28,32,19,25,28,32,42,23,30,33,27,55,46,32,32,24,19,38,28,47,29,26,31,23,9,17,19,34,54,50,20,31,17,45,24,20,18,30,31,34,14,37,20,9,21,38,24,21,40,33,25,36,34,33,28,46,30,39,13,27,67,17,29,42,42,42,41,37,28,18
"Gene0149",174,75,277,134,108,107,239,93,161,51,73,120,127,132,184,134,134,62,96,171,146,146,129,174,76,193,195,98,160,91,114,144,126,126,100,273,95,138,141,159,97,60,209,118,61,242,56,65,118,110,208,76,150,147,96,204,96,138,111,174,98,139,80,144,133,107,171,171,47,48,49,124
"Gene0150",20,23,7,17,12,9,10,14,20,7,12,17,22,6,17,9,11,9,17,13,9,14,18,13,15,14,16,13,24,11,14,10,16,14,13,19,13,17,30,26,10,20,8,17,15,12,9,10,12,23,22,15,10,9,5,12,22,8,20,10,9,18,5,15,27,15,17,17,17,8,13,21
"Gene0151",32,86,62,72,49,40,41,73,57,66,54,43,46,61,36,35,38,70,39,71,36,34,48,55,54,19,51,35,44,37,32,40,42,37,40,91,82,79,53,47,73,64,67,34,55,50,33,47,51,59,63,47,131,39,58,74,54,31,80,41,59,40,51,40,70,82,62,58,51,88,24,43
"Gene0152",3,3,6,5,11,8,17,5,9,5,10,9,4,10,9,5,3,5,8,7,9,5,23,18,11,18,1,4,6,9,4,8,8,5,8,12,10,7,2,9,8,11,6,8,6,5,7,9,5,15,6,19,12,5,14,6,7,2,6,3,6,2,3,7,6,1,6,12,10,12,6,25
"Gene0153",61,238,220,374,233,321,397,171,206,111,118,231,150,126,182,91,197,265,242,284,243,144,146,237,285,204,173,309,196,199,197,283,209,98,212,228,264,188,197,167,297,164,346,228,341,336,116,143,295,187,358,174,324,267,367,350,233,268,175,223,180,120,288,120,163,160,144,379,246,187,207,192
"Gene0154",30,25,18,72,43,50,40,51,40,54,42,34,50,23,40,72,43,22,44,47,16,57,35,32,29,58,25,48,44,25,35,25,64,72,32,45,47,26,38,53,27,37,25,36,32,17,51,41,43,85,32,59,69,50,50,33,59,45,43,45,25,45,40,37,33,14,60,52,31,13,36,37
"Gene0155",24,16,30,10,33,34,21,20,24,35,48,24,17,24,26,24,26,90,57,40,53,42,31,14,48,21,31,31,17,47,38,29,26,24,31,32,26,42,78,44,24,35,34,35,61,29,44,36,33,31,35,26,22,19,37,28,32,40,36,38,24,44,34,48,36,36,14,39,25,32,12,16
"Gene0156",10,17,25,14,6,6,13,18,23,13,10,9,11,13,10,8,13,12,14,6,13,12,10,14,8,10,14,12,23,16,9,8,3,9,8,14,7,10,18,6,13,9,28,14,17,14,9,13,17,11,21,13,13,7,13,19,10,7,14,17,14,7,11,12,2,5,5,2,5,4,2,4
"Gene0157",26,54,35,37,58,47,50,53,32,47,26,70,43,86,63,76,37,58,34,60,42,46,46,81,76,74,55,74,40,35,33,75,98,32,51,43,77,35,44,41,110,42,99,90,23,36,42,85,60,45,40,43,50,50,76,28,59,56,47,42,41,72,37,54,67,32,22,38,47,44,95,54
"Gene0158",25,13,12,22,20,27,17,11,7,15,29,17,14,11,11,30,34,29,35,6,14,13,12,11,39,28,34,22,8,33,10,21,13,24,15,29,20,16,20,14,30,6,46,14,26,30,35,14,5,57,21,20,14,24,9,17,37,31,12,12,5,32,39,29,13,13,15,12,22,26,9,20
"Gene0159",22,13,12,33,18,30,30,30,36,23,33,29,43,36,28,22,9,19,10,31,34,44,22,29,42,10,38,15,21,19,17,50,12,24,32,25,30,15,27,14,31,27,53,19,27,28,32,29,43,8,42,20,60,20,28,38,21,30,18,26,19,26,15,54,11,38,37,16,20,22,34,11
"Gene0160",221,128,271,143,212,188,92,104,453,425,212,155,279,171,182,407,312,261,257,274,212,254,290,216,249,184,276,152,214,260,256,218,173,222,354,249,325,237,426,392,195,239,308,212,157,211,418,382,277,297,371,185,208,203,187,357,359,232,227,185,188,156,77,299,188,331,285,373,211,345,126,226
"Gene0161",60,37,50,44,28,76,58,33,56,31,57,89,70,54,34,24,41,40,77,39,31,48,65,27,43,34,51,38,25,16,27,28,26,95,32,30,41,12,18,58,16,57,55,28,38,38,55,53,35,38,67,30,47,26,47,48,25,44,58,85,40,81,42,24,66,34,57,43,26,100,65,48
"Gene0162",13,11,14,3,11,12,17,18,12,26,16,15,11,18,8,10,23,8,13,27,20,19,21,25,25,8,13,19,15,23,31,25,29,12,12,6,13,12,13,17,26,9,8,14,13,9,5,17,15,7,34,5,13,10,14,22,13,6,7,9,8,15,15,34,13,10,9,17,10,12,19,20
"Gene0163",23,86,70,74,46,60,74,55,74,40,69,61,70,21,38,47,114,40,58,37,60,68,117,83,70,46,34,99,36,35,42,75,72,50,24,82,63,91,45,77,49,41,55,85,62,86,45,45,81,115,35,58,28,65,31,95,48,63,54,61,35,42,41,70,93,71,55,52,78,76,85,44
"Gene0164",23,27,32,51,32,45,42,50,23,29,26,26,23,7,37,27,15,49,44,28,36,16,26,38,31,32,36,13,24,36,44,34,34,29,43,27,34,69,23,28,36,25,39,27,29,42,21,53,53,42,72,42,29,17,64,14,60,27,45,23,50,45,46,15,21,9,23,32,26,42,31,38
"Gene0165",86,134,96,135,64,58,140,51,106,83,58,152,205,151,207,101,132,166,48,78,82,95,86,53,116,51,73,110,74,76,76,95,67,108,80,96,65,50,90,76,92,123,86,119,73,161,121,162,133,100,160,121,76,83,53,194,91,132,37,146,55,42,121,111,83,84,68,187,110,127,169,145
"Gene0166",550,460,257,352,313,351,266,310,225,394,412,262,304,181,209,212,308,267,330,291,276,370,293,173,360,416,341,272,413,402,272,436,340,276,356,286,296,332,490,367,202,305,227,328,444,190,243,247,192,473,590,218,342,126,415,167,325,212,220,272,371,224,258,368,226,197,172,393,341,287,293,318
"Gene0167",15,29,23,27,14,23,16,13,12,6,27,13,13,29,9,14,13,29,17,21,10,12,23,19,10,19,30,12,15,11,21,35,15,18,26,22,22,9,15,14,19,11,25,18,16,8,25,15,19,8,10,12,18,24,13,17,18,8,13,6,20,18,13,6,16,9,23,14,19,30,22,13
"Gene0168",117,90,125,71,153,80,112,89,58,130,114,159,205,75,77,76,111,98,141,50,93,52,68,125,112,83,42,69,121,43,108,159,96,121,123,79,60,92,108,192,63,118,68,101,110,147,72,47,83,69,109,61,66,103,48,61,75,159,45,93,66,56,81,56,79,154,152,75,69,28,76,119
"Gene0169",54,31,97,60,48,37,54,47,75,54,37,67,53,72,62,36,31,62,65,50,115,44,38,88,43,44,44,94,57,53,56,74,47,64,48,75,47,68,58,53,76,67,35,39,90,63,36,60,31,73,57,63,68,18,68,45,88,98,39,66,59,104,54,72,56,46,37,112,86,63,84,71
"Gene0170",206,204,149,125,165,76,134,82,107,232,181,80,178,236,109,116,77,150,123,193,240,188,185,154,190,151,169,119,110,153,73,164,146,193,226,218,239,152,90,135,173,185,235,110,112,122,92,170,188,110,90,88,290,163,189,255,233,116,181,154,121,145,130,142,155,120,128,161,157,117,564,123
"Gene0171",37,59,19,48,14,44,39,76,60,37,57,59,40,28,43,44,8,60,45,32,59,41,72,45,69,25,28,16,48,43,34,50,24,22,45,33,39,48,22,50,26,61,38,65,44,20,48,44,34,76,54,56,46,30,52,45,72,33,31,45,21,26,48,53,60,26,45,61,40,33,48,41
"Gene0172",375,137,128,195,175,156,146,207,147,164,116,183,179,125,91,124,202,170,94,231,135,184,83,76,169,88,167,175,252,98,188,117,108,88,186,135,280,97,144,175,154,51,128,252,212,163,173,235,227,130,101,123,201,117,240,172,102,85,171,96,168,110,105,174,147,172,176,159,119,130,126,152
"Gene0173",6,13,6,7,3,11,4,5,3,11,11,5,11,12,4,5,8,8,2,4,2,6,5,4,1,8,14,9,11,7,7,8,8,6,10,3,2,5,3,7,11,8,5,6,6,6,6,2,28,20,15,19,25,23,16,31,9,4,1,9,8,12,5,5,6,14,10,14,6,9,4,9
"Gene0174",392,453,266,373,777,397,493,378,344,436,400,503,460,720,704,321,548,348,563,451,489,556,520,387,320,91,156,462,469,430,500,426,332,660,668,532,379,418,955,570,221,247,233,405,352,489,296,663,159,508,250,188,254,490,404,298,428,446,745,391,347,756,548,536,391,285,605,517,399,363,229,392
"Gene0175",82,229,90,251,59,288,157,89,233,159,147,100,166,121,147,219,239,191,92,175,93,120,95,293,125,150,154,178,186,113,77,112,119,107,87,131,275,108,92,88,115,134,75,200,111,128,34,68,78,164,143,111,133,156,210,164,232,83,86,339,164,191,72,235,156,204,139,96,77,177,221,137
"Gene0176",52,105,32,62,65,29,44,24,42,24,53,47,46,37,47,33,18,41,87,48,40,33,52,34,22,55,70,20,34,46,36,73,39,31,65,71,53,28,34,33,35,32,31,34,51,53,34,52,48,56,49,42,60,23,36,50,57,34,38,50,35,21,47,45,58,43,61,30,20,79,43,38
"Gene0177",6,16,16,13,13,5,5,8,4,8,21,3,3,5,4,7,8,11,11,14,7,13,19,6,7,7,6,9,13,10,5,18,18,6,9,9,8,15,13,11,17,12,13,5,12,9,3,5,9,13,9,16,5,13,16,6,14,13,12,11,15,7,5,9,14,16,9,7,13,20,5,8
"Gene0178",135,125,126,78,126,129,49,181,55,158,53,168,116,128,238,98,116,160,165,195,169,125,56,106,102,204,87,128,78,101,135,56,108,83,56,67,65,168,82,78,109,131,141,75,164,101,125,86,145,131,59,83,79,203,99,130,77,111,121,51,146,207,86,170,125,124,137,88,146,38,106,164
"Gene0179",105,192,50,105,94,102,109,109,63,85,51,71,74,84,123,148,80,122,123,89,156,53,105,77,55,68,117,179,75,59,87,150,98,114,92,37,67,81,70,102,90,71,192,99,111,82,99,105,82,61,157,82,96,45,130,101,99,80,111,57,91,84,26,124,75,60,69,110,76,39,136,63
"Gene0180",35,67,71,38,45,60,59,60,44,51,60,10,23,87,75,171,84,85,38,35,45,33,43,68,58,55,27,63,127,71,47,50,57,18,49,70,50,21,44,76,50,52,24,23,43,32,39,68,33,41,19,71,71,49,43,54,70,34,58,46,31,96,80,29,49,58,48,69,73,41,40,62
"Gene0181",32,41,47,54,45,16,98,103,69,47,83,103,55,48,31,87,56,53,26,55,87,93,61,57,64,76,89,105,72,35,41,120,66,46,72,79,84,65,82,132,50,73,94,52,65,86,80,77,74,117,48,103,90,44,74,61,125,72,31,36,61,39,134,66,145,35,50,46,85,38,49,56
"Gene0182",12,15,19,42,31,18,27,10,17,26,38,49,31,28,26,39,13,20,24,19,19,19,14,9,27,58,18,26,25,31,29,15,18,15,31,22,27,53,39,20,38,25,42,25,31,27,20,21,24,38,6,28,21,31,35,28,21,20,19,28,51,13,30,19,27,23,20,20,62,36,27,29
"Gene0183",93,79,78,54,89,113,45,110,107,62,112,119,91,76,147,73,110,71,95,77,98,101,59,59,58,99,60,70,97,50,51,71,43,62,150,97,78,95,50,71,63,107,54,38,78,117,87,61,102,90,28,67,55,58,96,89,121,54,54,86,35,84,81,117,50,115,157,81,116,85,34,105
"Gene0184",85,94,50,61,50,88,39,86,75,66,42,74,97,69,70,67,113,104,128,69,135,78,72,26,109,93,39,81,51,78,83,144,101,72,62,38,95,65,137,52,87,79,94,113,180,92,68,90,119,28,94,115,91,66,53,39,54,86,76,114,93,32,35,87,71,48,24,97,85,76,86,39
"Gene0185",39,45,44,13,37,41,41,33,23,61,24,31,46,66,16,16,33,14,27,41,44,42,50,33,25,31,39,26,25,70,28,31,17,37,17,49,41,22,37,38,26,44,35,50,23,55,44,18,38,88,47,31,32,50,25,31,62,39,33,32,50,31,62,71,50,28,31,41,28,23,72,39
"Gene0186",12,11,7,12,9,8,8,13,4,10,0,9,21,7,19,9,14,11,8,12,15,1,15,4,13,11,6,11,12,5,14,20,3,6,12,11,6,10,8,7,2,8,11,11,9,5,10,10,9,6,8,16,8,15,8,7,17,13,7,8,16,13,6,8,4,15,6,14,8,16,8,10
"Gene0187",39,160,117,118,172,84,79,87,105,144,174,105,121,167,167,141,131,124,106,170,152,139,73,126,98,190,95,73,148,76,165,126,88,141,139,108,107,153,105,108,134,63,128,57,124,95,150,90,99,183,73,110,219,120,149,177,94,163,140,103,99,110,171,129,91,123,131,55,93,107,61,120
"Gene0188",138,138,67,114,134,138,53,82,88,89,146,125,141,174,140,99,83,89,209,89,65,76,85,220,53,99,146,131,126,95,98,42,188,60,144,140,156,80,131,69,138,65,99,106,180,73,117,118,67,188,54,75,191,77,159,81,80,94,156,63,84,135,99,94,197,113,116,90,125,86,86,62
"Gene0189",37,6,19,28,33,21,16,16,17,21,33,27,12,11,17,20,20,13,12,13,21,33,15,18,6,18,28,24,10,18,20,15,17,14,13,17,19,7,9,34,36,20,19,27,12,18,34,16,13,9,32,12,26,13,9,17,20,36,20,21,28,36,18,17,34,27,12,18,21,13,22,11
"Gene0190",15,15,3,9,19,5,4,4,9,2,2,7,13,12,3,13,8,1,6,11,5,21,11,14,3,6,12,14,5,7,3,4,9,11,8,11,7,9,7,3,7,15,6,13,6,2,5,15,4,6,5,9,5,6,6,14,7,4,6,11,7,7,6,5,14,6,12,14,10,8,6,9
"Gene0191",115,50,92,48,46,49,73,29,85,45,83,68,62,171,40,54,85,72,53,74,104,92,55,60,106,78,147,72,75,89,80,44,83,90,73,109,71,55,42,42,67,95,47,138,102,120,47,57,95,51,110,123,53,47,40,74,82,39,90,70,60,25,39,51,134,68,74,73,40,53,106,98
"Gene0192",19,32,47,54,55,35,28,25,17,55,43,41,50,25,21,19,37,28,31,30,38,35,47,20,17,41,37,44,16,92,43,22,67,35,58,53,40,27,37,45,59,28,42,45,40,41,27,35,15,17,28,43,24,46,30,32,44,35,30,30,45,43,47,58,67,40,31,45,15,19,64,21
"Gene0193",64,89,99,74,62,65,97,37,38,56,91,98,102,72,26,80,67,144,94,61,85,91,95,122,51,86,64,41,127,78,70,41,32,35,22,60,66,59,87,60,74,104,103,57,65,115,85,81,44,59,61,62,100,49,66,87,72,127,83,62,22,62,79,82,70,94,67,88,22,86,63,31
"Gene0194",16,13,11,11,12,17,7,7,11,9,15,11,11,7,10,3,13,16,13,7,17,15,15,9,13,10,14,20,7,8,10,9,12,7,23,13,6,10,19,8,11,3,31,10,15,8,12,8,13,10,18,13,10,13,10,9,13,12,23,5,14,20,6,2,4,17,7,11,4,23,11,11
"Gene0195",16,14,20,11,24,24,17,18,8,11,19,16,11,37,46,16,13,14,27,30,16,13,11,26,18,18,12,16,17,15,21,25,25,12,6,25,10,32,21,14,16,18,23,17,20,21,14,16,21,7,11,18,5,9,19,18,26,12,13,20,20,26,14,20,8,31,31,6,15,12,19,21
"Gene0196",329,212,157,286,226,130,204,105,119,240,198,145,325,257,244,152,200,129,235,135,224,85,190,127,220,244,321,184,165,130,116,155,229,146,103,255,255,176,332,191,156,188,142,189,201,191,134,134,127,138,310,201,159,278,200,299,195,135,238,101,167,129,272,114,184,254,221,241,116,184,192,166
"Gene0197",75,35,58,80,140,109,26,61,55,79,62,103,149,90,121,89,102,69,78,69,56,66,60,88,87,63,89,120,84,134,197,65,137,71,73,68,118,70,110,75,106,166,43,55,113,98,51,82,124,77,64,21,46,74,56,100,93,101,155,71,79,71,115,87,133,55,99,129,96,123,163,67
"Gene0198",68,97,134,81,82,128,96,112,110,171,114,131,229,93,159,109,127,182,134,130,94,107,129,140,45,107,172,92,126,65,51,123,130,140,168,131,125,77,106,98,79,95,133,137,79,120,141,170,143,108,55,112,33,140,118,89,125,169,174,128,144,150,79,92,142,117,108,59,72,90,103,159
"Gene0199",529,740,500,542,386,450,744,535,443,629,675,564,401,488,171,352,381,587,566,290,653,515,444,295,189,411,435,549,214,262,180,120,368,955,334,814,554,488,680,316,382,707,325,329,548,375,496,355,547,348,722,544,350,254,666,817,466,383,562,206,323,612,590,572,695,498,607,396,449,281,420,499
"Gene0200",42,102,32,85,34,76,47,54,43,71,92,93,61,109,56,65,69,50,49,149,53,106,52,54,32,77,48,51,38,77,79,77,48,93,86,77,97,75,31,36,63,58,70,48,55,60,85,67,18,22,20,12,20,11,18,34,74,80,118,100,76,63,51,84,43,63,64,45,149,48,57,88
"Gene0201",5,8,2,2,8,10,2,7,8,2,12,4,5,8,1,6,2,4,3,7,8,5,6,3,11,1,5,2,3,9,2,5,5,6,3,3,3,3,7,1,4,5,11,3,8,1,6,5,5,8,8,15,5,5,3,7,8,6,3,2,5,3,2,3,9,3,5,10,0,8,7,3
"Gene0202",87,64,74,75,87,63,92,57,61,110,67,107,103,17,68,92,61,113,124,72,135,95,114,141,127,140,117,96,73,92,80,59,62,75,120,97,43,117,87,74,112,56,96,75,85,60,84,142,39,56,53,131,78,40,57,150,79,76,37,62,96,82,58,37,57,72,48,68,79,49,42,97
"Gene0203",142,142,347,199,137,116,280,248,318,268,230,457,192,197,177,171,179,239,260,173,393,266,183,515,112,188,108,120,99,130,277,161,106,206,244,358,297,343,159,416,384,230,194,310,211,250,188,343,146,154,175,280,229,155,350,175,179,115,235,219,193,146,146,213,101,284,397,405,68,93,272,259
"Gene0204",760,507,235,633,1265,713,183,641,946,424,625,547,657,791,607,930,699,511,248,510,1190,687,486,461,797,888,415,672,491,931,385,720,456,658,488,348,712,744,597,449,661,499,801,567,485,445,387,695,372,588,662,835,496,486,534,725,661,337,375,838,578,508,833,854,927,471,320,893,375,479,597,453
"Gene0205",12,8,11,7,15,5,7,8,11,12,10,6,6,17,12,20,7,9,13,4,16,5,8,12,7,11,8,4,5,18,15,8,5,10,12,10,14,17,14,7,12,8,7,8,12,5,7,16,14,9,10,18,5,9,1,7,16,15,5,11,10,2,18,11,16,9,10,27,17,12,4,9
"Gene0206",14,11,7,9,6,9,25,12,13,14,20,18,37,17,15,22,15,14,4,17,13,11,4,17,6,8,12,13,21,14,8,7,11,14,5,16,14,19,15,22,10,10,19,12,18,14,12,16,27,26,6,12,16,13,24,6,9,19,13,10,22,8,11,11,11,22,10,10,21,11,13,12
"Gene0207",25,21,35,25,7,15,41,33,17,9,39,26,20,25,21,21,19,40,17,12,13,17,35,27,23,15,19,11,31,41,40,31,43,20,16,30,29,15,13,14,26,16,18,15,15,16,8,12,33,25,20,31,16,18,18,49,16,20,36,14,28,15,28,9,21,20,21,11,17,21,36,47
"Gene0208",13,18,11,4,23,9,23,32,25,13,12,27,12,10,12,23,4,12,20,16,18,40,15,6,22,17,18,19,11,9,23,9,26,7,20,16,15,10,21,17,16,10,11,18,23,13,26,9,18,20,18,2,12,12,12,17,14,23,18,23,20,6,17,22,45,31,51,42,60,46,33,40
"Gene0209",32,55,15,24,15,27,16,27,19,22,26,22,24,9,38,26,42,20,25,31,19,12,25,26,19,23,32,27,22,29,7,22,31,25,25,19,29,41,9,36,30,24,19,25,14,18,23,22,23,24,16,15,22,15,11,22,31,40,24,37,28,24,28,19,18,48,50,23,17,41,32,23
"Gene0210",38,45,58,64,65,46,82,55,26,58,38,31,40,65,24,19,64,48,51,49,64,29,42,20,50,59,90,73,62,48,38,31,37,16,27,41,34,33,21,61,32,54,16,55,26,55,37,54,45,66,27,60,38,36,50,34,30,68,35,24,48,28,31,45,31,105,36,35,23,43,12,51
"Gene0211",18,8,5,7,11,9,12,11,19,4,12,7,4,8,18,18,3,23,18,10,9,24,28,14,19,9,13,28,9,11,11,10,6,18,24,4,3,11,15,17,5,8,11,11,28,7,11,7,10,10,8,6,7,10,19,8,15,12,12,13,16,6,10,15,25,7,15,9,24,17,6,15
"Gene0212",416,646,230,803,949,855,797,820,480,364,651,775,830,445,490,414,619,961,395,602,437,728,572,587,520,754,813,788,675,481,595,830,504,1280,459,334,593,339,543,559,766,614,672,518,785,275,691,622,579,755,264,1073,478,657,275,526,1039,560,611,577,871,492,482,951,371,622,369,372,535,910,681,559
"Gene0213",91,48,61,44,70,78,56,35,39,103,65,74,87,68,56,87,49,129,42,120,46,87,93,63,46,90,42,20,52,41,81,36,54,62,54,37,53,84,56,73,47,61,63,88,66,93,69,12,80,59,90,47,87,53,78,76,66,85,52,78,69,75,44,131,93,48,79,44,104,16,36,61
"Gene0214",44,23,43,49,93,26,29,30,20,82,46,42,116,49,88,68,38,12,17,109,49,37,82,41,16,47,48,55,95,64,58,67,63,57,53,43,82,62,59,54,103,38,29,30,27,53,42,56,50,56,78,52,50,45,52,68,42,71,48,39,42,85,78,49,48,59,44,30,57,41,50,49
"Gene0215",74,61,100,78,110,173,58,96,89,104,87,98,97,102,40,123,93,80,83,81,71,86,161,84,125,88,64,131,44,127,93,75,87,119,89,96,61,63,68,89,95,52,99,121,62,122,89,152,143,127,93,79,137,188,104,168,28,73,114,132,128,97,102,103,48,56,137,109,94,98,67,97
"Gene0216",78,98,50,81,83,70,41,72,68,48,53,28,54,60,63,32,63,63,89,40,26,27,31,101,114,61,85,39,67,72,31,40,62,30,90,63,75,27,86,57,97,47,61,71,56,27,117,63,47,64,45,96,52,57,38,55,120,67,39,26,31,60,80,42,121,61,44,27,63,33,54,74
"Gene0217",26,54,23,52,38,27,45,63,29,48,41,62,40,42,42,72,43,33,39,49,41,17,39,31,59,19,54,34,30,36,24,81,34,40,57,38,63,18,61,68,24,30,73,43,48,27,73,46,61,57,46,50,54,53,44,60,47,9,59,18,94,60,37,38,54,78,54,83,48,46,72,85
"Gene0218",295,351,154,336,348,265,266,262,202,284,302,424,136,205,372,315,510,446,704,374,548,193,283,368,401,411,280,453,206,323,394,463,204,513,220,388,425,296,496,338,157,333,204,529,438,291,281,522,265,384,205,309,181,198,369,208,183,209,249,431,231,393,238,641,263,292,157,393,627,241,308,335
"Gene0219",45,40,69,54,40,44,47,51,32,51,38,55,46,66,46,44,42,55,80,75,24,41,37,44,33,30,15,40,16,68,63,19,31,65,29,38,72,39,56,52,28,84,40,34,33,77,34,44,31,29,43,56,56,87,39,49,20,56,38,30,61,42,34,25,37,58,40,46,20,58,24,44
"Gene0220",8,3,6,14,12,16,13,9,9,5,22,14,7,16,10,23,15,12,8,3,18,8,8,16,4,5,13,15,16,11,12,11,7,13,17,8,11,3,12,8,14,8,7,9,8,8,4,4,7,4,15,16,11,11,17,4,8,5,6,14,23,10,18,3,8,6,5,11,13,9,14,8
"Gene0221",83,58,97,97,113,66,85,81,96,45,42,120,122,77,135,77,87,144,49,66,117,56,69,96,50,107,56,141,85,105,91,85,101,100,74,90,142,87,130,83,83,79,64,98,87,56,101,75,131,60,123,43,73,100,119,151,64,47,98,77,74,77,123,80,40,113,105,90,63,72,163,66
"Gene0222",71,59,32,21,34,19,55,39,58,22,22,22,55,37,21,17,45,38,41,40,29,26,70,39,37,43,34,29,27,41,36,44,31,12,20,58,41,40,35,46,39,30,37,24,29,42,41,24,36,38,26,27,42,26,31,27,28,62,26,75,80,40,16,33,37,59,21,21,59,9,43,58
"Gene0223",27,33,44,32,44,12,22,25,10,39,16,19,49,25,37,26,20,35,29,56,33,37,31,34,48,29,18,19,65,34,24,39,34,31,33,7,19,24,32,25,24,22,15,35,19,58,15,21,28,33,57,26,19,13,33,19,39,24,35,32,11,32,19,19,24,23,19,27,16,35,34,42
"Gene0224",5,14,11,6,14,7,25,26,11,8,14,18,3,20,15,13,21,6,7,15,5,5,9,5,20,8,18,16,28,6,13,10,20,10,16,22,21,9,6,29,23,21,13,11,17,6,8,10,6,12,18,20,13,12,5,15,13,16,10,16,34,19,8,1,12,11,16,15,10,12,7,16
"Gene0225",128,51,104,93,67,104,216,77,115,65,60,140,56,101,147,69,84,50,60,25,79,84,52,102,65,85,97,54,48,126,39,58,105,112,97,88,51,89,56,39,119,91,161,52,81,108,100,116,70,63,81,68,26,100,75,111,50,116,93,71,66,58,83,63,72,52,94,71,91,102,111,54
"Gene0226",64,42,57,29,28,37,22,14,81,45,33,32,64,56,30,43,57,38,48,65,39,31,41,61,41,38,67,46,37,45,83,42,22,30,38,74,47,55,25,37,59,58,38,42,88,52,31,66,35,33,31,39,74,42,53,68,42,34,59,34,41,52,31,52,153,88,153,125,126,141,164,156
"Gene0227",68,138,111,110,94,94,73,32,161,168,132,136,89,174,70,76,50,83,170,61,51,98,60,100,137,76,42,76,118,81,111,76,131,130,128,108,101,73,47,139,125,62,78,110,107,49,61,68,116,120,108,82,95,71,83,165,207,148,71,154,117,82,91,54,117,84,69,154,94,75,79,74
"Gene0228",25,29,42,52,41,38,16,44,34,31,73,50,40,40,64,55,74,13,46,30,28,30,81,68,55,41,46,21,25,27,32,28,61,57,29,20,26,33,28,40,42,35,42,29,39,35,32,54,50,47,42,38,37,23,72,64,46,53,30,55,43,26,51,43,131,139,185,141,172,161,184,186
"Gene0229",28,18,31,21,13,28,29,23,25,26,25,19,25,31,40,28,34,30,10,17,29,27,29,28,27,26,25,34,23,42,17,46,28,27,20,29,14,36,23,13,15,15,31,30,15,35,24,33,16,31,10,25,14,29,26,29,36,30,57,20,10,13,25,19,14,25,40,38,29,49,14,18
"Gene0230",135,294,309,345,258,138,382,124,249,157,246,271,415,336,342,217,205,300,299,294,135,308,226,153,260,243,200,241,430,260,313,320,256,248,153,241,333,153,294,307,203,292,255,145,157,259,242,426,183,210,128,266,167,204,265,164,240,169,184,232,436,289,288,148,210,206,255,196,312,249,289,230
"Gene0231",21,71,36,31,32,28,16,49,11,33,32,32,47,44,25,41,29,33,35,47,31,37,35,40,28,32,49,42,62,21,43,47,36,41,70,50,11,24,52,55,66,70,32,26,47,34,18,27,13,25,32,30,37,42,15,35,50,25,32,40,63,34,53,51,65,25,26,45,37,29,41,40
"Gene0232",129,149,135,96,275,122,241,125,131,129,223,103,184,193,188,245,162,204,84,258,98,217,103,114,162,101,264,211,155,155,115,228,256,198,212,94,228,132,243,197,104,253,262,134,176,134,163,179,147,203,94,239,143,246,188,215,138,159,109,163,182,186,94,220,210,255,200,171,130,76,139,191
"Gene0233",12,25,5,14,14,13,5,15,18,14,12,7,13,10,6,9,24,15,9,14,15,12,13,14,23,10,7,8,8,15,14,14,7,13,12,17,10,4,28,7,15,24,9,17,6,19,13,16,5,24,15,16,10,17,17,11,13,2,10,21,14,9,15,7,23,10,10,12,12,9,17,5
"Gene0234",29,39,30,28,20,30,52,22,20,16,20,17,31,47,64,39,38,45,46,14,34,34,29,32,61,56,27,46,36,21,43,36,29,38,32,25,14,24,30,19,63,30,35,26,22,27,45,65,19,42,22,32,21,20,26,24,33,28,53,42,11,28,19,14,24,19,33,26,34,34,32,78
"Gene0235",14,51,22,29,30,64,60,24,42,36,55,50,40,42,41,33,40,32,45,65,64,53,26,37,56,51,43,32,32,37,54,29,19,29,19,15,50,49,34,35,36,20,38,21,21,34,35,47,66,24,71,30,19,40,31,48,51,35,43,39,40,40,25,37,8,5,11,6,6,10,8,13
"Gene0236",65,49,22,14,25,30,26,24,67,48,22,35,28,24,70,31,43,27,29,34,21,35,26,64,25,27,31,29,25,21,40,22,77,22,42,43,25,21,32,61,66,45,54,30,60,18,28,31,15,38,39,17,53,30,35,29,24,41,34,26,16,41,23,34,16,26,22,60,44,20,56,38
"Gene0237",305,318,337,328,361,210,387,160,360,439,419,269,314,295,539,210,229,375,258,255,254,135,245,209,201,206,367,265,185,330,209,331,386,200,303,319,152,171,234,333,318,206,691,276,294,74,286,237,321,167,231,245,406,288,367,166,243,408,179,241,341,183,427,178,185,295,427,155,136,305,398,283
"Gene0238",37,75,48,63,68,90,55,52,38,62,81,31,48,75,48,47,60,31,46,29,39,13,43,46,39,49,54,35,63,28,45,39,101,30,48,80,102,22,56,29,32,88,20,61,23,29,62,51,74,110,70,25,49,71,25,43,27,39,35,50,87,28,79,64,54,36,71,68,31,75,74,77
"Gene0239",58,68,47,102,80,84,83,90,65,106,68,80,101,104,80,132,44,49,44,65,99,91,125,66,29,26,49,56,142,130,76,71,44,80,112,22,103,46,105,111,117,93,52,105,55,100,89,63,47,75,88,81,67,86,68,56,34,109,59,62,37,83,43,131,140,70,83,74,57,125,74,93
"Gene0240",26,21,6,21,23,23,16,30,21,7,13,17,20,35,11,23,23,18,31,19,17,22,19,24,23,19,24,26,27,19,28,6,11,16,10,13,22,17,16,15,8,15,18,26,17,19,10,19,19,31,8,23,17,30,16,22,10,21,24,11,12,18,12,10,9,18,14,11,26,13,8,18
"Gene0241",22,27,41,28,24,8,20,18,35,19,35,17,29,25,14,26,26,28,20,12,35,11,17,27,18,42,42,34,25,24,22,21,16,16,41,26,23,8,12,23,41,26,14,24,14,19,11,32,26,22,27,32,17,30,12,24,28,15,10,10,15,30,17,13,11,32,23,18,33,13,28,18
"Gene0242",286,204,116,90,188,201,145,155,207,160,64,254,159,138,179,126,83,94,244,109,263,135,194,166,189,144,282,180,146,114,222,119,151,187,157,111,265,143,206,274,130,269,253,130,249,216,183,131,195,257,204,281,356,112,169,234,133,111,197,235,136,149,91,240,286,221,189,127,189,277,169,165
"Gene0243",309,235,312,131,194,256,152,440,90,394,264,338,189,195,453,170,207,214,185,420,120,270,428,333,205,265,224,291,177,300,292,179,298,236,223,197,173,245,452,248,392,154,226,205,249,244,341,532,308,135,206,348,307,317,457,233,254,191,183,273,335,69,224,206,256,252,201,171,308,298,205,450
"Gene0244",269,222,306,216,148,267,359,423,221,145,237,190,349,264,406,304,204,263,171,192,164,252,352,312,227,238,70,250,131,216,371,259,215,242,195,209,193,270,246,272,314,422,133,260,180,167,161,394,100,202,175,219,222,149,318,168,175,275,345,267,209,213,388,456,224,303,161,346,247,165,218,250
"Gene0245",6,7,22,4,11,12,10,10,18,2,15,25,9,19,10,8,8,18,15,10,5,5,21,10,8,13,7,9,6,11,14,5,11,13,14,14,9,10,10,6,18,18,11,9,9,12,13,4,15,4,6,3,7,9,18,16,13,12,8,7,8,23,13,7,12,11,13,10,14,2,11,13
"Gene0246",551,553,1265,755,913,330,518,581,894,773,443,968,1065,590,203,410,503,635,993,652,853,819,556,300,504,368,534,778,388,282,773,779,662,615,565,1104,1300,1293,350,732,807,502,382,397,482,559,770,423,416,721,490,1417,577,625,574,224,563,496,751,772,327,624,708,541,514,615,437,486,654,579,607,645
"Gene0247",216,38,97,157,174,195,220,196,124,228,128,267,189,197,121,166,237,119,336,183,175,113,187,208,288,306,169,160,162,337,105,275,241,158,229,170,183,242,224,400,109,218,88,122,87,236,201,147,108,105,139,109,250,169,233,321,125,228,372,173,193,59,114,163,83,113,268,270,138,156,99,265
"Gene0248",49,51,61,66,30,46,42,54,124,77,94,60,64,22,41,46,72,30,33,54,60,27,56,45,53,40,59,18,103,83,36,35,35,75,30,77,37,32,21,22,52,61,65,36,53,105,76,61,53,104,41,37,67,37,67,53,50,108,66,82,82,64,70,56,44,30,17,54,35,71,51,50
"Gene0249",140,138,42,77,95,167,109,241,93,218,133,115,132,168,152,102,124,162,185,206,177,231,90,72,129,152,127,138,142,106,46,151,76,77,138,236,99,88,64,104,127,96,95,131,118,161,119,102,152,138,164,174,162,73,100,118,91,80,85,110,247,200,68,82,126,140,146,97,132,153,78,95
"Gene0250",8,20,17,28,8,10,7,5,15,35,14,18,9,8,16,10,20,31,11,23,14,23,30,12,28,20,22,13,18,23,25,12,9,17,31,16,21,25,15,9,11,23,15,20,33,18,23,20,17,23,15,18,13,8,8,11,16,10,23,12,14,4,14,25,22,10,14,9,28,12,18,8
"Gene0251",16,9,16,23,12,14,10,18,13,10,16,20,14,8,19,23,29,14,14,17,24,5,7,12,22,21,14,13,7,23,19,22,16,14,12,12,4,16,16,8,17,15,13,7,10,14,18,13,13,12,16,8,19,21,23,12,9,8,23,21,17,12,13,16,9,9,10,17,3,5,15,16
"Gene0252",44,53,60,71,56,54,36,40,26,59,65,58,48,94,35,96,84,54,32,49,49,78,60,32,41,80,86,64,29,56,88,92,61,68,42,33,51,57,55,53,26,64,59,71,126,33,80,51,46,98,50,35,77,90,58,28,76,62,34,57,116,55,64,55,52,56,34,73,57,51,80,21
"Gene0253",8,21,6,11,27,7,7,12,17,6,6,9,11,11,9,5,12,12,3,6,8,7,12,18,10,12,17,14,10,11,26,11,26,8,6,8,16,12,15,6,19,7,20,15,8,8,23,11,4,31,11,18,13,9,12,10,3,5,16,11,9,8,10,16,13,12,6,26,11,11,20,12
"Gene0254",23,61,50,39,31,49,56,66,143,38,55,65,72,51,94,74,135,83,35,73,65,76,67,48,86,84,101,52,77,75,78,40,91,37,100,114,26,74,35,52,50,44,72,67,48,95,62,33,107,129,67,51,54,60,79,56,90,61,155,64,68,74,106,89,42,72,74,94,39,53,65,53
"Gene0255",178,264,160,285,398,173,149,391,221,325,259,206,227,267,321,95,316,322,321,258,319,283,76,361,379,369,317,141,337,144,294,481,297,230,376,195,178,276,433,198,162,121,431,189,142,83,258,196,149,198,168,378,252,216,412,330,217,404,410,618,298,87,323,154,187,229,329,287,320,500,190,302
"Gene0256",8,31,13,8,16,26,17,10,8,9,13,15,21,13,24,17,27,13,16,9,7,11,16,20,16,28,22,6,9,9,14,16,13,5,10,9,27,10,25,17,16,25,21,7,10,19,22,12,15,12,10,11,19,31,22,14,12,11,8,18,20,7,13,5,18,20,11,33,8,7,9,16
"Gene0257",26,21,16,19,26,27,23,19,24,22,17,13,29,29,29,26,12,30,15,26,6,13,30,32,28,24,18,9,11,11,26,37,18,24,38,43,35,35,17,21,15,28,16,15,14,19,29,22,12,25,55,39,20,30,15,21,20,24,29,16,31,23,39,7,30,8,14,25,15,32,22,18
"Gene0258",31,47,34,102,39,106,90,36,69,108,36,91,93,43,98,73,22,58,57,23,37,74,63,68,66,74,75,45,41,45,48,34,71,45,39,31,64,53,30,64,17,31,58,73,76,59,34,9,39,33,45,66,71,33,68,58,72,60,63,49,71,42,51,69,307,416,368,292,324,347,353,395
"Gene0259",5,29,16,25,15,10,8,11,24,32,22,11,16,7,12,18,18,14,9,10,12,10,13,14,21,14,20,25,5,27,5,15,14,7,11,13,18,14,18,18,32,8,26,22,18,9,22,20,23,16,7,9,26,14,13,7,37,17,14,6,27,14,23,9,14,13,15,30,13,10,10,19
"Gene0260",28,47,56,80,30,19,32,39,34,69,36,21,61,41,43,56,30,36,20,26,32,35,47,37,28,35,79,14,28,36,37,15,19,47,25,40,40,33,40,42,29,46,38,42,32,20,67,56,26,57,15,38,23,24,39,27,25,28,16,28,22,41,20,36,34,73,36,33,46,29,35,29
"Gene0261",100,194,220,68,86,224,311,125,171,137,130,124,167,148,191,209,103,150,142,118,238,122,159,145,112,122,169,95,141,161,239,206,168,123,143,139,80,120,93,109,94,168,77,165,196,186,142,107,166,207,183,179,159,146,116,158,134,164,250,163,175,185,94,70,118,173,179,76,83,111,177,132
"Gene0262",128,165,316,106,242,255,122,124,103,174,62,221,247,144,142,353,166,221,105,237,270,235,193,280,227,105,258,182,184,241,436,80,191,208,158,296,83,162,229,139,174,155,232,121,232,110,141,111,159,153,168,142,99,66,218,228,203,154,158,110,204,165,182,129,181,143,125,238,156,143,218,86
"Gene0263",77,107,68,110,109,75,70,75,67,122,75,122,79,92,145,203,82,124,138,32,104,106,71,50,74,78,92,27,115,165,83,75,89,81,158,88,81,68,71,49,86,58,77,42,115,119,166,64,88,96,57,65,87,43,125,112,82,78,85,84,111,89,86,83,472,348,496,380,425,373,286,391
"Gene0264",6,3,4,10,7,4,3,2,5,1,5,7,8,8,4,3,3,3,5,5,6,8,5,2,3,4,4,11,9,12,6,4,2,5,9,6,12,7,8,5,1,3,1,8,9,5,10,3,3,14,6,7,5,7,7,2,8,13,8,3,7,8,2,8,2,9,5,5,4,3,6,7
"Gene0265",78,53,39,70,42,22,38,43,44,79,45,52,76,86,46,39,53,45,55,53,31,29,111,41,50,35,49,37,65,37,53,76,72,28,51,61,54,56,25,48,31,41,62,72,45,51,45,35,44,54,40,28,82,80,41,52,51,48,31,48,53,21,24,59,52,37,68,49,66,62,51,31
"Gene0266",184,169,367,177,256,156,119,223,137,266,210,151,445,115,222,279,185,249,201,319,172,148,231,193,194,146,206,220,76,162,244,198,207,226,244,236,203,160,256,220,156,278,272,172,140,107,183,123,125,223,150,243,217,272,197,148,163,112,190,234,112,260,135,173,165,164,302,131,125,120,188,221
"Gene0267",213,130,88,128,89,117,111,189,61,205,140,180,108,244,139,174,150,157,108,77,134,133,131,195,83,128,128,133,184,122,77,89,160,109,136,199,109,152,140,185,77,137,136,207,207,140,267,187,114,146,159,102,47,67,90,177,103,153,96,118,92,197,145,129,198,120,202,152,166,124,115,136
"Gene0268",29,41,32,17,43,72,39,36,37,75,25,46,18,40,34,29,20,18,33,59,51,57,45,48,30,68,31,42,46,47,55,34,36,87,34,24,39,14,67,14,70,52,37,41,25,34,25,41,52,45,49,17,43,38,73,18,61,14,102,33,32,36,63,25,48,37,50,21,17,49,58,23
"Gene0269",3,1,0,2,5,0,3,1,3,4,0,3,1,2,3,0,6,1,0,6,3,1,1,1,2,7,7,7,10,7,9,5,2,6,1,3,0,0,7,1,2,1,3,1,1,0,1,1,0,1,2,6,0,3,5,2,1,3,1,2,4,1,1,3,1,2,0,3,3,2,4,1
"Gene0270",19,89,48,61,42,64,32,63,80,105,85,59,51,43,55,33,54,36,75,26,52,57,52,55,49,46,20,57,61,39,57,78,28,70,37,44,82,54,96,124,46,77,65,91,42,66,94,47,49,91,55,31,48,32,64,52,28,81,34,26,81,120,28,36,66,41,113,106,35,46,71,90
"Gene0271",60,114,182,107,117,92,118,98,117,100,154,188,119,72,83,89,112,131,91,92,77,74,106,46,114,86,144,122,124,105,160,148,64,78,53,56,130,101,143,79,109,113,60,39,72,156,69,53,61,90,152,81,91,103,220,200,80,64,117,100,98,67,75,122,79,88,22,157,165,64,106,88
"Gene0272",79,77,89,46,37,40,53,55,35,66,47,75,28,49,66,84,38,40,74,28,40,78,35,43,95,37,55,38,60,41,39,51,38,43,53,19,40,29,27,48,40,51,127,69,42,87,83,72,110,45,48,91,33,45,70,47,85,76,84,73,52,80,34,53,67,65,28,37,80,73,67,77
"Gene0273",64,93,65,72,67,56,31,44,88,79,26,68,39,79,43,82,86,83,55,77,43,78,67,33,54,52,48,41,74,56,65,108,56,76,36,61,92,59,30,61,79,69,65,44,57,94,30,63,34,50,70,38,66,102,83,66,52,69,90,51,21,40,114,76,74,72,65,38,75,73,50,73
"Gene0274",107,66,98,48,54,51,136,73,47,35,125,80,134,96,145,145,97,134,78,117,87,74,167,49,100,101,86,69,118,71,133,123,130,129,92,91,31,48,101,60,135,146,32,136,147,95,61,106,121,81,43,52,97,102,104,186,122,64,73,55,69,80,116,116,103,95,130,87,116,108,91,106
"Gene0275",38,51,34,23,21,27,43,85,56,38,38,45,37,15,51,19,22,47,33,36,26,42,47,16,18,24,35,14,33,32,62,19,33,21,46,42,35,26,40,27,38,50,30,66,53,43,23,42,47,27,23,31,39,46,73,33,38,30,44,42,30,22,40,22,32,30,40,23,17,45,20,50
"Gene0276",204,294,289,301,603,86,391,129,184,345,384,431,187,252,279,422,233,280,371,279,176,249,173,254,268,341,273,178,178,383,263,244,342,468,308,195,309,270,205,327,192,349,334,188,191,273,311,235,202,173,542,260,308,240,325,368,232,484,173,282,394,125,238,299,197,159,210,311,230,278,233,185
"Gene0277",80,73,113,102,72,91,131,54,62,94,117,200,180,116,94,56,92,108,88,172,57,87,129,106,71,126,92,121,99,110,110,106,72,86,54,97,76,114,89,55,94,120,71,107,74,35,154,138,183,72,113,154,107,144,66,96,136,57,51,76,105,144,48,83,93,69,100,90,118,56,130,69
"Gene0278",6,15,17,12,8,14,11,8,11,10,16,15,4,15,14,12,24,12,21,16,12,11,7,12,10,9,16,19,13,20,15,9,15,7,8,11,7,10,13,6,17,10,22,14,8,8,14,6,15,13,11,7,15,29,11,13,2,8,16,9,15,1,14,10,9,14,11,8,15,6,11,14
"Gene0279",235,145,334,156,237,219,265,442,264,230,211,271,434,200,129,194,265,133,296,185,124,174,207,295,322,261,222,322,155,93,267,214,301,347,373,588,256,282,568,218,185,346,148,268,172,177,492,163,262,247,422,127,515,172,342,301,185,294,278,149,392,160,234,144,351,276,257,544,181,219,304,309
"Gene0280",247,246,423,223,122,241,192,315,127,125,285,156,199,239,203,220,152,392,217,124,248,239,243,161,233,187,155,252,177,247,198,255,296,130,225,293,186,180,258,86,115,164,215,232,216,220,202,169,365,123,173,242,234,275,250,198,144,92,249,374,134,198,210,301,283,95,339,172,86,209,97,187
"Gene0281",96,153,117,102,94,47,177,125,71,200,164,123,100,103,166,131,173,148,103,117,107,229,194,159,101,117,91,158,161,157,207,105,41,115,111,124,105,150,160,139,163,171,199,89,132,114,104,125,125,51,65,228,121,189,183,137,129,136,207,172,103,183,121,194,241,125,113,151,194,222,138,161
"Gene0282",4,3,12,6,9,4,5,5,6,6,7,11,3,11,4,9,3,13,6,4,5,7,10,1,10,7,14,12,8,12,18,6,10,5,3,7,4,5,14,8,5,7,10,3,7,5,12,6,6,11,12,5,3,4,7,10,14,5,4,9,8,6,12,10,51,47,35,62,57,49,59,69
"Gene0283",19,23,27,14,15,17,38,38,33,42,39,16,20,24,46,14,36,36,7,16,26,26,16,12,23,27,8,19,18,35,34,21,25,25,29,17,20,11,36,34,33,13,38,26,14,17,16,18,12,52,11,40,38,40,42,36,38,35,15,19,49,36,47,33,26,18,15,40,26,33,53,56
"Gene0284",52,95,46,72,170,111,119,122,223,69,81,126,52,76,76,97,151,126,91,58,170,167,102,97,125,79,68,147,143,136,49,38,151,130,155,102,57,110,133,200,98,105,132,173,101,208,68,103,96,69,111,63,117,111,148,208,106,78,136,115,117,111,109,169,11,20,31,11,20,22,15,11
"Gene0285",34,30,48,45,64,42,39,26,88,56,74,74,72,42,85,79,59,13,44,39,58,93,53,34,29,74,58,116,67,47,69,16,66,53,69,43,86,77,26,52,89,60,63,16,167,35,69,112,32,86,83,28,75,47,42,54,30,63,58,70,58,21,46,49,35,45,50,77,54,80,25,65
"Gene0286",42,90,77,71,147,97,99,61,100,84,79,177,80,84,56,68,95,64,48,124,81,97,114,47,108,96,109,118,74,61,77,93,75,139,54,134,98,96,103,71,91,61,128,48,77,89,77,77,157,63,107,62,95,92,154,79,103,81,69,52,53,82,83,89,115,77,139,80,97,102,45,45
"Gene0287",1121,1226,1052,744,1091,1510,1762,1533,960,744,1227,1436,522,614,1448,890,1865,1092,926,403,893,817,465,1468,1157,1260,360,710,568,1137,632,1568,855,1251,994,1114,528,591,538,1081,981,1321,1240,824,634,1204,1415,1276,1499,642,338,792,751,1332,1297,974,1091,1087,1066,386,1421,543,1572,825,1522,1677,530,1399,585,736,856,924
"Gene0288",15,45,16,30,12,26,15,10,48,8,12,22,20,13,15,15,12,13,17,39,16,28,28,21,8,21,33,21,25,16,28,14,13,27,17,18,26,25,30,21,9,24,7,39,19,17,19,26,11,10,25,13,20,15,26,18,19,16,18,13,25,21,14,12,28,18,21,19,18,13,12,16
"Gene0289",5,2,4,6,6,4,0,4,6,3,6,2,5,3,10,8,1,4,7,4,11,6,4,7,2,5,4,6,4,7,6,7,4,5,4,3,6,9,4,1,1,3,3,3,2,1,1,6,4,3,5,3,7,4,2,4,9,4,10,8,0,5,2,15,1,5,3,7,7,1,3,1
"Gene0290",71,84,115,44,108,60,65,83,39,70,32,88,105,57,74,54,85,94,84,46,85,64,104,86,72,62,626,535,546,711,393,533,98,99,22,51,70,79,81,78,47,75,66,65,121,59,56,75,54,62,53,119,69,73,62,106,63,86,39,108,76,84,48,58,50,94,75,83,94,72,62,80
"Gene0291",21,16,22,30,33,25,25,33,10,17,35,23,17,7,62,29,29,28,26,26,17,28,34,29,17,23,37,27,20,33,30,40,30,32,33,37,17,26,23,19,18,52,32,30,15,16,37,37,28,21,15,34,22,20,21,15,23,35,21,22,13,15,7,31,32,14,24,44,21,24,30,15
"Gene0292",87,173,76,60,57,30,63,115,224,103,50,44,91,141,144,125,111,111,92,72,170,120,72,136,74,104,77,143,95,59,56,72,74,76,96,106,68,86,129,74,27,62,41,109,121,106,103,183,88,91,121,58,83,126,57,142,75,118,103,108,38,96,137,91,113,155,93,60,67,56,76,107
"Gene0293",40,18,12,15,20,22,15,17,15,32,20,14,18,30,10,10,24,26,20,27,24,17,35,23,30,8,12,24,8,9,20,47,17,21,4,31,18,13,21,18,20,25,30,11,20,26,20,16,45,13,9,17,15,22,33,14,37,20,26,30,20,22,22,32,16,11,32,30,25,18,31,23
"Gene0294",418,636,793,1078,560,795,304,736,285,1066,1005,959,495,1291,527,850,910,1077,583,606,1585,913,1057,445,721,1117,1231,865,743,762,673,1157,773,1280,479,1165,719,758,942,802,1101,823,999,788,600,421,705,912,1326,831,1356,988,532,647,995,761,339,346,796,394,967,670,662,801,869,674,912,1738,419,819,684,743
"Gene0295",49,55,22,63,58,75,72,19,77,37,54,55,22,60,33,53,22,72,33,35,28,34,60,46,40,69,50,24,70,29,69,54,48,62,64,59,20,56,38,23,52,89,59,32,48,66,64,41,50,18,24,44,34,26,39,66,57,33,31,36,62,35,67,37,19,48,70,47,31,25,45,56
"Gene0296",49,28,8,41,23,29,22,33,22,38,29,27,31,12,21,28,51,18,21,43,28,14,21,30,28,37,26,11,25,20,28,27,33,36,30,24,16,21,31,39,25,36,32,44,32,41,29,29,19,23,43,31,21,42,51,10,32,22,13,17,21,46,61,39,39,52,38,11,28,13,90,49
"Gene0297",30,24,40,45,30,46,33,38,14,39,82,64,55,35,58,33,45,42,63,73,58,54,39,17,10,30,35,49,60,62,26,37,28,61,57,36,33,19,42,32,67,35,27,24,58,38,15,57,58,41,54,30,35,47,33,53,56,67,56,34,38,79,53,38,83,53,56,50,45,50,47,24
"Gene0298",122,141,110,152,216,67,224,151,109,97,192,127,168,249,100,208,118,229,243,116,105,193,143,120,245,112,99,76,87,115,121,213,124,58,82,114,213,190,83,84,153,148,223,145,75,239,80,254,89,204,201,126,47,217,155,125,166,160,200,142,85,296,131,127,107,130,94,70,116,229,249,87
"Gene0299",88,80,76,40,67,59,37,146,71,26,40,52,55,20,49,47,76,61,72,82,60,51,66,50,41,57,34,77,43,58,46,31,59,52,67,58,77,60,33,46,83,95,66,53,48,43,54,40,41,114,89,24,42,51,41,47,64,51,50,61,71,50,66,71,36,56,67,66,81,122,33,33
"Gene0300",3,12,9,6,14,8,8,9,11,6,10,6,5,4,5,10,3,7,7,2,8,9,9,5,8,16,8,6,6,8,7,10,7,2,2,9,5,4,9,9,9,4,2,18,7,4,12,13,8,8,7,15,11,16,4,13,9,9,5,1,11,5,5,6,6,11,2,9,7,3,4,13
"Gene0301",87,40,46,36,74,75,34,71,78,36,13,83,61,63,98,43,46,60,60,82,48,66,39,43,66,31,23,40,45,51,62,28,48,85,58,117,58,19,43,46,60,43,69,41,50,52,37,82,21,33,67,55,83,31,145,96,57,60,54,52,71,42,84,34,96,64,26,85,53,57,54,69
"Gene0302",114,184,131,286,182,189,103,129,220,145,97,122,318,156,108,252,130,195,188,129,104,145,238,188,116,121,137,108,92,217,163,169,97,75,82,105,201,60,88,107,110,110,109,211,153,81,167,88,169,85,80,148,185,158,61,217,246,117,111,81,142,128,78,98,121,125,232,136,79,73,140,126
"Gene0303",57,28,45,85,49,36,63,65,52,65,75,43,69,71,55,58,69,96,35,104,55,79,85,55,33,43,19,80,96,32,48,63,61,30,67,68,52,65,107,82,31,44,84,106,48,26,75,66,64,37,59,40,62,82,59,63,33,92,65,52,55,70,66,96,51,79,72,29,42,105,36,86
"Gene0304",67,108,74,78,202,177,197,154,140,86,117,155,68,319,84,164,184,89,122,59,91,188,268,146,83,141,138,56,162,94,97,138,96,138,125,252,90,141,142,137,75,46,264,97,159,158,191,175,90,242,24,202,94,97,138,106,74,89,101,98,169,121,193,73,160,89,169,128,119,139,102,92
"Gene0305",48,78,47,16,67,63,76,68,38,29,24,44,87,29,87,42,54,34,47,37,36,49,34,18,51,32,69,52,55,22,55,28,71,41,51,34,53,55,49,72,41,30,43,41,32,51,41,39,33,22,73,76,49,37,33,40,32,21,40,37,57,53,54,33,44,45,74,25,50,39,55,44
"Gene0306",66,26,30,55,29,38,60,91,56,40,41,60,44,39,63,29,71,64,32,29,45,33,20,60,52,67,42,30,34,35,51,103,39,34,47,63,58,73,55,37,48,38,65,59,58,36,39,89,66,13,67,64,30,59,42,79,42,52,25,61,28,86,10,65,61,40,42,34,45,56,46,83
"Gene0307",108,64,80,71,53,59,91,140,66,58,101,31,90,93,135,91,58,70,86,87,82,136,82,70,112,64,60,97,130,90,66,142,120,117,108,93,111,88,84,100,97,75,130,77,189,69,61,104,105,102,97,109,90,251,163,73,102,77,157,178,47,74,78,72,206,62,100,75,129,159,62,74
"Gene0308",188,154,318,239,157,170,164,221,236,143,173,223,185,153,207,136,283,229,137,85,84,195,308,359,315,198,117,225,157,120,159,350,282,165,115,225,259,211,142,243,253,333,184,117,131,206,187,217,212,86,231,96,125,176,80,164,195,182,176,126,150,280,172,136,127,188,384,181,116,113,226,220
"Gene0309",11,17,19,12,6,10,13,12,7,10,18,8,28,15,12,17,11,5,13,15,5,15,15,7,4,22,12,26,8,19,8,11,10,12,14,10,2,10,6,9,15,3,14,10,11,12,15,14,19,9,15,19,17,24,16,33,11,8,9,5,10,5,11,5,15,12,27,7,4,6,12,9
"Gene0310",33,72,48,36,70,40,45,77,51,56,49,23,25,49,59,16,35,23,45,42,46,60,60,78,70,94,30,55,47,40,31,73,102,51,63,66,26,34,42,39,53,71,27,65,62,56,49,46,91,74,54,84,23,92,63,100,88,57,44,59,78,99,29,51,54,42,70,82,69,81,86,69
"Gene0311",56,44,46,86,44,94,28,42,52,28,81,20,61,61,24,41,41,79,90,44,44,50,70,55,38,38,102,65,30,13,55,61,67,24,26,43,70,44,36,55,58,50,21,60,52,46,103,43,56,33,34,50,38,48,51,31,48,49,65,62,56,51,41,60,218,192,208,137,171,177,172,157
"Gene0312",5,14,29,24,21,30,42,18,5,26,29,19,18,23,20,11,28,12,14,27,13,7,21,27,21,30,42,12,28,28,19,30,17,21,41,30,21,18,7,24,18,14,28,14,14,25,22,14,33,26,11,27,23,22,22,27,30,37,22,18,13,11,11,42,27,25,44,16,30,12,24,29
"Gene0313",21,14,21,7,11,13,8,17,12,17,17,18,16,19,17,11,6,11,10,22,18,15,10,8,13,12,9,6,11,7,14,15,17,25,5,13,17,15,4,12,15,13,14,27,12,11,12,10,5,18,9,26,7,18,19,23,17,8,17,12,11,16,12,28,15,8,8,17,5,6,17,15
"Gene0314",37,30,24,20,13,41,26,21,16,33,38,32,27,16,40,14,20,18,17,39,19,9,37,16,20,11,14,26,38,22,38,22,32,24,14,15,23,1,31,65,32,29,35,22,27,38,22,23,16,31,34,32,19,14,17,28,22,27,54,14,30,61,31,12,25,20,32,13,16,14,11,23
"Gene0315",49,71,117,149,103,75,97,144,57,181,121,104,166,141,136,46,102,81,58,88,115,87,88,146,90,120,159,117,193,77,93,118,87,104,68,78,61,142,43,110,73,97,166,89,25,78,146,136,122,68,64,158,127,121,37,41,125,140,110,99,163,189,120,135,130,58,121,73,118,83,53,131
"Gene0316",50,17,37,26,14,33,31,44,18,33,16,37,45,20,28,13,47,28,59,39,31,25,53,26,69,35,41,69,17,44,34,28,24,28,25,47,54,22,37,21,5,42,43,34,59,40,36,30,17,51,46,23,50,33,35,22,24,36,18,31,48,22,22,37,9,43,57,18,20,35,34,29
"Gene0317",25,8,19,10,20,9,10,30,13,15,18,16,10,27,25,41,34,25,15,26,22,32,56,33,28,37,16,18,22,20,7,25,30,13,27,16,32,32,28,11,18,21,11,33,25,22,23,40,32,25,21,11,10,25,20,19,26,18,6,5,21,6,16,20,47,23,28,24,13,40,13,19
"Gene0318",97,50,64,60,31,77,95,144,84,45,60,99,27,34,65,77,46,56,119,42,92,95,57,118,57,36,72,45,72,72,84,77,61,62,41,77,41,44,104,66,91,82,66,120,37,80,59,45,56,56,40,53,21,39,47,75,42,44,39,52,115,61,135,70,55,40,27,36,70,41,57,68
"Gene0319",11,13,3,10,9,4,13,20,11,19,12,20,14,11,8,14,14,20,10,9,17,7,5,8,14,12,23,13,6,8,17,13,14,14,11,13,8,12,17,10,14,9,23,22,24,12,10,8,12,16,8,17,10,13,17,6,9,4,13,23,12,13,9,23,14,21,14,15,3,11,15,11
"Gene0320",196,266,211,283,98,173,230,276,216,170,289,157,107,176,244,203,351,227,150,218,203,195,190,177,312,217,227,85,243,222,225,169,123,128,58,76,292,239,248,139,182,102,364,162,356,288,121,217,225,102,106,150,185,215,170,145,118,190,110,213,228,221,175,213,160,251,332,284,218,198,208,140
"Gene0321",22,17,36,25,32,24,35,26,23,21,30,53,34,42,39,11,10,58,21,33,45,18,31,33,21,19,35,21,29,17,27,26,30,48,37,30,23,19,46,34,13,21,24,11,23,38,28,19,20,19,38,32,43,36,42,27,32,38,29,17,21,18,20,16,31,18,39,32,38,41,24,46
"Gene0322",129,86,62,76,58,55,62,48,90,130,75,81,72,96,70,119,43,54,49,58,94,49,79,72,47,84,69,46,92,62,58,48,111,62,65,59,89,50,84,59,86,36,61,60,70,81,56,96,77,54,129,71,79,93,42,51,55,43,68,32,87,51,87,21,68,92,15,31,51,57,44,56
"Gene0323",46,64,71,57,61,53,32,45,73,35,57,38,54,32,51,60,37,24,57,39,22,90,46,95,82,56,53,42,76,41,47,61,35,56,29,37,64,53,55,72,50,45,86,50,77,74,89,31,46,59,54,93,57,45,72,59,94,84,70,89,68,69,49,50,70,43,86,32,74,92,53,54
"Gene0324",80,52,56,62,75,40,72,77,46,42,70,32,44,50,40,52,70,85,62,78,41,79,88,95,48,70,42,27,30,72,68,74,23,15,46,32,68,23,59,95,68,34,52,51,81,75,110,89,69,44,51,114,74,65,83,39,88,39,89,69,74,101,50,33,111,39,48,40,60,59,43,47
"Gene0325",577,372,387,682,258,477,471,350,377,468,795,275,279,579,421,850,624,402,600,458,705,383,362,351,282,422,449,362,327,280,466,458,359,182,506,331,468,242,385,355,510,277,228,216,592,511,484,470,419,806,420,342,546,702,319,427,518,292,509,310,643,459,422,401,293,398,512,687,537,705,394,293
"Gene0326",9,18,18,16,12,15,13,14,31,20,33,32,16,13,29,15,13,11,34,38,20,8,12,15,13,14,12,26,25,23,16,16,21,25,13,14,16,17,34,14,25,9,19,31,23,41,13,24,13,14,10,19,24,18,7,22,28,21,19,36,22,15,10,30,14,12,9,11,10,23,26,17
"Gene0327",91,212,215,87,261,252,226,228,288,203,119,234,107,109,160,266,179,460,112,236,238,297,210,236,264,172,57,57,61,48,58,37,101,303,294,348,110,142,333,211,279,258,223,179,402,223,181,204,181,250,281,180,118,267,166,281,183,181,420,336,202,370,202,191,195,348,162,152,171,234,155,209
"Gene0328",26,102,50,47,66,56,46,71,32,67,69,38,58,38,45,67,37,48,70,36,88,36,37,61,22,29,75,61,41,42,39,82,48,50,54,70,37,59,62,20,57,47,77,48,52,26,58,66,49,46,38,36,28,39,116,56,44,53,58,65,49,42,65,44,200,240,123,201,139,186,165,210
"Gene0329",17,12,39,20,10,11,8,17,19,12,28,26,8,51,31,13,13,21,16,8,19,18,26,35,15,24,27,28,24,35,26,21,20,13,11,33,26,11,11,23,18,10,21,22,19,13,23,19,14,27,13,17,24,55,38,19,17,10,16,29,13,35,11,26,23,17,7,27,24,20,22,22
"Gene0330",39,30,51,41,64,37,53,19,33,33,59,40,46,60,38,65,42,52,56,18,32,85,33,60,48,53,26,38,48,62,64,81,55,37,26,65,41,41,82,29,69,41,32,28,55,61,50,53,49,72,110,51,48,46,56,63,40,31,30,45,62,64,40,19,109,85,43,37,31,103,55,56
"Gene0331",132,100,74,146,134,93,88,102,203,160,82,149,46,134,199,138,102,105,88,226,205,75,139,107,128,247,107,179,105,170,155,57,149,126,75,141,190,321,135,120,169,107,266,150,280,85,47,281,214,207,167,153,102,110,107,243,86,93,130,118,182,223,100,196,185,114,179,121,236,53,99,112
"Gene0332",34,62,49,15,39,44,15,18,44,23,56,23,39,21,30,52,55,31,38,44,34,11,41,36,20,31,51,28,15,17,28,30,36,28,41,59,52,40,12,21,24,29,11,25,29,28,35,23,72,39,27,37,39,54,54,30,25,27,32,35,48,40,9,46,42,37,29,26,20,19,20,42
"Gene0333",24,16,27,23,18,18,12,30,32,18,26,17,32,18,23,15,31,37,37,23,22,18,16,30,20,26,25,22,31,28,23,17,16,13,21,8,25,31,34,25,21,35,35,25,21,15,8,18,18,12,17,27,23,24,24,25,20,25,13,26,31,20,15,10,19,26,14,20,27,14,18,12
"Gene0334",76,47,42,83,103,115,44,29,69,101,44,50,71,53,75,74,65,80,56,30,40,52,88,81,41,54,33,32,95,109,71,133,59,78,43,30,84,43,30,56,68,59,42,46,72,74,50,38,79,58,42,60,53,119,71,67,85,50,58,59,81,40,84,64,68,95,68,39,62,71,39,35
"Gene0335",168,262,177,125,142,185,74,187,283,260,179,175,103,149,146,180,246,100,211,98,149,129,77,142,173,129,178,196,326,122,130,252,149,235,204,197,191,192,132,110,116,122,141,133,139,146,178,289,160,74,131,81,143,84,175,184,179,117,269,168,207,150,205,229,210,260,290,107,168,136,168,159
"Gene0336",52,56,67,26,51,39,77,27,48,61,67,33,16,50,74,49,30,44,59,68,53,40,61,78,35,27,39,109,38,58,51,58,57,56,77,42,39,31,59,40,27,29,41,52,56,26,34,56,71,65,56,54,35,70,34,62,58,45,72,60,28,52,132,64,57,42,44,29,35,76,33,39
"Gene0337",6,6,9,7,8,11,16,6,18,10,16,11,6,11,20,12,3,15,4,5,11,11,10,14,10,8,11,11,11,8,5,16,17,6,19,19,6,9,3,13,16,9,21,18,9,9,13,9,15,10,3,1,15,3,17,3,11,10,5,15,14,9,11,10,12,7,11,6,2,5,7,7
"Gene0338",17,11,19,12,9,25,25,21,8,19,11,11,12,11,11,15,6,8,9,19,8,18,12,18,16,6,5,10,27,8,9,4,14,14,10,4,20,8,15,8,15,18,4,20,10,8,15,24,8,7,24,2,8,7,11,5,19,15,7,17,6,15,9,13,14,5,9,6,8,15,8,9
"Gene0339",23,21,19,8,48,18,13,33,22,29,31,12,20,36,18,17,12,33,18,19,23,16,21,31,21,26,42,16,18,33,34,24,17,14,34,22,8,38,13,21,19,21,40,17,31,19,21,13,12,13,15,20,24,21,21,8,21,40,26,26,21,22,24,22,28,28,23,20,16,25,33,30
"Gene0340",30,25,28,19,24,25,24,27,34,10,24,36,49,13,16,20,31,52,31,23,48,13,26,48,28,24,21,33,26,28,39,47,22,18,44,11,49,27,30,61,30,36,54,42,20,35,26,22,35,19,17,19,26,22,25,22,36,19,26,44,17,40,30,19,49,32,20,39,26,24,37,27
"Gene0341",21,17,60,24,51,28,42,39,62,82,52,23,47,33,13,35,63,79,48,68,67,40,48,66,57,27,20,43,50,64,20,65,76,61,74,43,51,72,75,81,49,68,63,45,42,37,54,68,54,110,58,98,52,39,51,76,74,43,41,60,26,35,111,21,37,79,43,33,56,31,48,49
"Gene0342",36,83,173,234,100,155,99,75,89,118,64,82,141,253,79,84,73,115,87,166,89,70,81,110,204,64,172,220,225,133,73,67,74,115,96,100,101,84,159,176,108,143,131,141,99,84,165,74,130,79,99,249,97,121,107,169,118,114,73,90,198,85,97,99,101,105,153,110,70,92,86,242
"Gene0343",88,21,16,14,28,21,19,50,34,43,26,26,60,31,45,25,33,44,31,5,45,40,25,43,18,39,5,4,6,7,4,3,23,24,20,37,30,15,37,30,64,62,37,11,34,43,32,26,33,25,54,47,32,43,35,41,27,13,34,14,20,19,31,31,26,49,21,18,45,50,36,34
"Gene0344",22,24,15,9,7,10,11,14,7,16,15,22,21,20,10,11,12,17,26,24,14,11,10,9,12,9,23,17,8,14,22,7,18,26,11,17,13,4,16,11,29,12,31,9,8,18,19,19,20,17,9,20,8,15,9,8,12,7,11,11,11,11,15,18,8,19,11,21,12,14,16,25
"Gene0345",64,87,119,236,104,122,108,133,141,128,93,135,122,75,126,129,135,118,130,71,112,180,47,122,88,72,83,92,129,106,124,91,148,98,127,141,120,163,123,92,97,195,113,140,109,111,97,172,62,118,110,85,132,163,102,59,114,51,156,112,107,104,62,99,99,186,138,154,121,120,116,131
"Gene0346",73,89,33,43,66,109,44,66,81,85,84,43,106,80,79,59,74,65,38,115,169,65,76,41,78,138,94,56,52,65,103,77,53,63,58,93,34,94,32,114,70,52,38,70,52,68,78,54,64,105,67,93,108,77,109,106,95,46,109,56,93,72,110,96,43,88,49,48,87,40,80,106
"Gene0347",188,240,418,223,254,202,136,222,302,169,237,304,287,148,267,215,314,306,152,264,269,153,129,148,265,253,141,316,158,313,261,176,336,203,194,252,224,101,189,144,317,228,387,165,228,316,202,295,279,214,237,268,290,203,218,217,198,198,165,151,119,193,234,210,305,165,115,341,208,315,207,123
"Gene0348",2,9,12,10,10,7,2,10,9,1,8,9,10,5,12,9,10,4,3,8,16,2,7,17,9,9,13,13,5,6,11,6,14,6,4,14,6,5,4,8,4,13,3,10,11,4,5,10,3,7,3,5,8,8,3,7,5,7,8,9,7,5,11,9,4,9,6,4,3,13,3,10
"Gene0349",24,68,61,67,64,88,60,50,30,39,95,60,31,52,83,31,69,72,54,60,30,53,90,27,54,59,42,65,52,67,61,36,53,72,32,108,50,46,60,71,55,79,82,22,87,63,50,73,43,26,62,54,25,51,55,93,77,72,88,59,95,65,35,57,59,54,24,78,42,39,77,56
"Gene0350",224,202,304,263,278,197,423,197,245,231,283,355,265,271,296,279,247,214,265,327,332,171,289,296,305,302,332,187,505,385,228,291,415,358,209,288,308,252,172,201,262,256,421,104,358,587,183,141,263,255,350,236,200,271,589,571,363,204,359,81,352,229,232,600,244,197,279,276,167,323,249,656
"Gene0351",141,105,186,195,42,111,143,219,81,129,70,82,210,83,168,125,214,236,178,159,164,101,94,170,91,99,114,175,74,139,110,154,124,68,153,109,222,69,111,93,119,167,84,189,138,157,111,143,47,117,82,124,100,95,209,110,97,176,113,185,135,166,169,126,420,154,135,90,121,101,141,87
"Gene0352",14,26,22,16,32,19,22,28,8,17,14,19,9,23,31,8,30,41,12,9,22,15,20,11,8,22,22,10,17,16,33,36,23,19,16,18,21,25,22,9,16,32,17,26,27,12,9,18,11,15,20,16,26,18,20,23,15,20,31,38,23,21,20,20,2,5,3,4,5,4,4,5
"Gene0353",139,185,112,96,108,67,186,63,136,189,50,128,177,95,221,95,140,173,71,184,326,135,120,141,189,126,109,224,72,123,177,93,90,188,90,130,130,100,148,175,111,153,139,144,58,146,109,158,84,91,29,55,96,218,124,93,148,150,174,109,162,96,60,204,111,64,113,189,96,109,341,169
"Gene0354",21,41,18,25,16,32,17,23,18,4,19,32,17,18,23,13,17,15,13,10,15,14,22,14,18,9,23,21,20,25,16,12,11,20,35,8,29,11,14,31,19,24,26,17,41,20,13,16,10,1,9,23,22,10,21,17,7,11,26,10,18,12,16,5,17,14,7,37,18,9,12,7
"Gene0355",32,66,23,16,29,31,32,42,39,61,46,42,41,38,25,41,37,17,30,43,48,16,26,21,13,18,25,26,31,35,27,20,43,25,58,26,29,36,49,21,73,40,29,22,17,38,31,23,38,47,54,23,57,50,59,25,36,27,22,27,24,42,30,21,26,31,38,64,10,59,24,20
"Gene0356",145,88,114,202,259,200,228,201,294,299,288,258,201,299,152,152,266,370,288,238,233,162,222,93,119,153,253,306,203,201,137,285,174,193,69,326,369,171,299,253,227,340,232,278,183,176,218,361,219,265,300,256,196,163,217,207,160,300,198,92,330,352,322,168,175,240,236,342,379,169,258,162
"Gene0357",16,12,68,52,40,37,25,41,54,44,23,23,33,51,54,35,45,28,51,37,30,33,51,60,27,38,61,21,24,50,30,8,54,25,58,26,15,53,36,33,54,43,45,80,64,34,34,52,23,19,39,51,13,12,49,23,26,34,31,26,30,44,39,48,31,59,20,29,44,37,89,16
"Gene0358",98,99,72,96,189,197,103,154,92,169,193,141,240,91,262,123,196,165,88,118,198,212,142,94,146,161,166,196,84,199,128,206,117,85,176,131,142,121,203,134,88,174,135,132,121,127,130,121,99,158,66,166,111,190,147,156,143,228,146,93,82,121,105,227,129,81,146,216,93,78,145,207
"Gene0359",42,35,80,18,35,38,45,61,23,29,59,24,48,32,14,54,55,19,14,21,36,52,38,34,73,32,49,29,50,75,16,35,61,36,42,27,46,52,40,15,32,47,26,81,52,48,42,67,41,34,18,37,21,21,44,41,50,65,41,20,26,44,63,42,19,33,41,32,53,21,7,13
"Gene0360",7,6,9,6,10,3,3,7,5,4,12,11,7,7,5,7,7,6,8,17,13,12,5,7,11,2,11,6,5,12,10,8,8,19,18,12,22,7,11,6,4,12,9,3,3,13,13,9,2,12,10,7,5,15,6,9,11,9,5,9,7,2,9,7,12,17,12,8,3,4,9,7
"Gene0361",19,12,16,25,21,8,20,23,30,16,15,27,9,19,13,24,11,5,15,33,10,16,27,21,30,20,16,17,7,13,13,30,32,18,16,21,28,16,11,40,30,16,15,15,7,23,28,9,26,12,6,34,25,36,31,9,21,13,4,23,12,14,24,12,28,18,19,22,8,28,24,10
"Gene0362",9,28,9,17,7,13,6,14,12,18,13,14,16,16,6,7,11,16,11,24,16,18,9,16,10,16,10,9,16,15,12,9,10,11,0,23,15,13,25,9,5,13,12,18,11,14,14,17,13,23,20,14,29,12,15,21,9,19,22,14,15,11,16,9,13,16,15,18,17,19,8,14
"Gene0363",26,22,47,31,14,11,42,36,38,50,30,34,40,33,14,40,50,32,28,26,20,19,29,14,39,10,25,36,18,37,48,43,31,35,39,23,24,12,26,31,32,31,20,23,34,38,25,29,13,15,11,13,12,14,13,7,17,13,14,21,26,16,33,15,23,13,34,21,15,78,34,31
"Gene0364",44,58,30,12,26,63,22,39,15,29,27,49,49,37,16,24,34,17,65,43,38,33,43,50,22,27,12,21,18,42,36,22,50,28,40,50,27,37,33,40,48,63,28,38,32,53,31,29,84,47,42,30,38,38,27,48,25,37,32,34,24,19,25,62,30,22,21,59,13,29,41,62
"Gene0365",49,36,41,19,52,47,35,33,74,62,35,44,22,34,49,39,53,24,34,73,19,43,35,39,41,54,36,77,23,48,38,60,44,55,64,27,37,23,78,42,33,60,41,45,53,46,27,55,56,46,38,14,44,14,31,41,24,24,45,51,75,25,53,50,43,38,24,42,28,58,59,85
"Gene0366",44,53,31,18,70,56,41,82,24,51,33,22,49,21,34,41,24,38,50,30,54,23,38,39,20,31,36,26,80,43,22,14,32,46,41,46,39,26,14,25,21,56,43,50,43,39,21,18,31,44,12,54,31,15,27,44,46,77,30,31,44,50,14,50,28,38,54,36,64,40,35,42
"Gene0367",297,650,558,746,441,452,706,368,430,209,528,425,345,758,555,317,519,454,383,938,517,860,400,349,475,673,651,188,251,709,992,489,578,379,545,533,492,442,570,667,817,1039,610,779,568,500,729,630,660,598,196,609,813,300,609,402,594,383,500,584,549,390,631,475,121,121,141,160,166,172,106,120
"Gene0368",6,6,9,21,17,11,17,9,10,10,8,11,13,7,11,4,7,9,8,5,14,14,11,7,7,3,4,11,18,13,8,7,7,11,9,13,14,12,8,6,3,9,9,6,16,10,7,5,9,8,8,11,9,13,6,11,7,9,5,12,12,10,14,15,4,8,8,12,8,21,7,5
"Gene0369",50,68,23,29,59,29,41,14,18,9,41,16,38,28,16,35,58,43,32,49,33,47,49,17,29,26,54,50,39,20,26,31,39,21,14,20,35,53,17,16,51,38,12,30,18,48,44,70,38,31,22,24,32,38,31,40,49,25,21,26,34,18,25,22,38,23,74,38,24,15,8,53
"Gene0370",74,60,56,33,26,93,41,49,41,81,39,176,63,91,83,72,42,122,49,111,115,45,58,105,42,61,111,72,119,74,65,132,99,108,52,67,40,89,68,51,88,81,36,74,76,90,37,121,81,65,46,57,71,183,68,99,39,31,119,99,37,46,140,132,54,89,80,126,152,111,73,109
"Gene0371",607,194,284,244,478,168,183,444,526,395,354,216,198,220,384,318,673,592,291,301,625,422,347,403,173,282,273,470,488,357,284,332,621,561,355,258,369,350,318,276,314,239,213,478,254,515,426,342,551,683,447,506,341,165,435,521,390,452,289,441,236,389,505,465,282,334,289,241,309,341,215,255
"Gene0372",33,58,35,39,35,34,55,38,38,30,35,13,39,94,46,36,87,32,78,71,32,113,88,72,48,39,70,51,43,96,63,68,68,60,44,70,64,81,61,62,79,76,44,73,56,108,57,70,71,115,91,35,54,34,73,71,111,49,55,54,65,27,37,59,76,59,47,59,84,45,69,34
"Gene0373",109,294,176,152,199,161,216,452,335,395,167,146,215,242,187,207,330,205,190,307,175,248,326,138,208,332,251,188,155,144,217,272,286,173,402,312,347,290,99,258,200,281,162,224,271,332,244,242,273,177,149,100,188,166,106,181,196,87,257,605,302,273,145,126,172,231,254,191,291,366,231,198
"Gene0374",10,9,7,13,6,3,9,8,8,4,6,9,17,3,3,8,5,6,8,5,7,5,8,4,8,10,8,6,7,8,6,9,12,13,6,8,7,4,8,5,9,1,9,9,7,10,8,4,9,9,11,11,10,16,11,6,5,7,11,9,4,3,10,3,6,7,6,8,3,3,8,5
"Gene0375",440,176,206,254,289,393,287,275,244,277,224,303,342,343,329,324,453,222,146,290,465,152,367,300,169,515,779,330,230,245,618,344,159,158,304,341,281,370,455,319,286,247,306,414,147,158,424,127,506,266,349,207,526,168,402,351,300,175,240,269,375,305,413,275,152,307,188,423,277,392,261,358
"Gene0376",36,47,34,26,21,17,18,17,28,36,28,24,8,19,66,25,16,22,21,16,21,14,12,23,7,28,20,20,35,21,16,21,11,24,31,29,14,21,19,8,23,16,14,36,10,25,14,43,21,18,18,34,36,18,22,24,26,22,23,33,27,17,28,31,17,25,11,33,12,20,22,24
"Gene0377",41,31,40,38,63,38,44,19,36,16,61,28,24,29,13,36,32,43,47,35,58,41,30,57,71,56,29,46,51,46,25,54,35,68,32,50,31,30,63,34,42,56,26,48,30,49,17,50,41,33,63,50,44,34,55,24,29,41,24,38,32,50,35,31,273,377,292,291,355,273,265,348
"Gene0378",15,15,5,7,14,25,8,22,20,16,9,12,5,11,10,21,20,27,17,4,16,6,18,6,18,18,17,26,23,32,20,6,11,18,27,11,16,15,20,17,11,10,13,9,12,17,9,19,16,24,11,26,25,8,5,20,22,27,11,29,18,20,34,3,14,9,13,7,15,8,12,20
"Gene0379",34,82,74,60,102,69,102,47,43,54,71,33,59,61,69,35,80,86,49,73,113,66,24,74,102,26,75,73,55,69,71,46,57,36,76,27,34,80,22,121,79,83,48,68,44,66,83,83,71,43,42,63,76,97,70,81,106,77,70,61,83,106,39,21,25,74,28,102,42,51,56,74
"Gene0380",505,643,537,497,572,393,467,677,438,386,581,877,553,186,506,655,385,353,449,628,540,449,616,525,324,646,576,735,482,596,287,616,322,329,231,439,375,653,629,676,395,657,384,693,731,156,541,536,553,512,557,565,276,360,425,438,297,494,610,600,332,424,388,238,543,412,352,387,689,486,757,446
"Gene0381",1562,661,725,611,753,828,2130,942,745,1226,629,685,1105,1518,1415,1425,670,1171,1195,1204,979,917,566,768,1016,360,947,793,1587,1330,948,1265,1314,1838,629,641,660,1196,820,1505,1216,720,1130,1285,1773,858,545,1498,1031,589,848,534,703,684,1165,461,1054,1056,1030,714,1255,978,922,899,6780,6165,8606,7320,7089,7865,6791,6903
"Gene0382",15,17,9,25,19,17,30,16,15,9,12,19,6,11,10,25,7,22,9,28,11,17,15,13,20,19,14,8,12,20,13,16,18,12,14,36,16,4,7,12,22,21,28,8,17,14,14,13,15,13,21,17,27,25,10,27,12,13,12,9,12,13,8,19,19,6,10,17,6,20,7,18
"Gene0383",85,97,93,64,99,125,148,111,128,90,160,75,197,179,192,94,84,131,131,129,125,51,74,101,71,133,46,93,110,126,158,106,198,120,48,48,60,135,117,97,129,112,83,122,56,146,79,69,77,86,53,145,88,79,132,99,113,92,145,171,127,55,82,73,83,67,72,65,41,60,50,78
"Gene0384",346,228,327,315,242,322,325,306,115,468,192,191,232,564,362,104,260,211,201,139,408,443,331,273,335,244,340,186,382,346,203,240,212,373,234,192,390,173,294,204,347,334,276,372,334,231,260,262,234,117,275,210,202,243,292,187,181,435,294,233,426,279,326,461,404,545,320,479,323,362,164,543
"Gene0385",40,41,47,51,58,64,25,37,37,27,55,35,12,38,54,47,66,66,62,21,49,32,72,41,27,36,36,19,20,60,51,25,43,20,28,24,38,74,42,45,37,25,26,70,32,56,75,67,72,44,28,65,37,59,64,64,45,35,23,21,83,39,66,48,42,40,30,30,41,62,54,33
"Gene0386",36,79,44,17,25,11,27,66,28,24,31,65,28,33,67,33,29,42,31,43,51,36,34,42,45,49,49,9,101,34,54,37,26,30,52,52,31,56,21,45,47,40,65,47,43,34,35,69,43,37,44,56,59,22,39,69,52,33,61,44,41,60,26,42,56,60,33,44,34,45,56,42
"Gene0387",45,33,33,21,39,62,24,47,40,15,31,44,56,26,23,42,41,32,25,15,74,21,35,38,31,30,50,53,53,37,35,61,26,30,48,55,41,42,40,54,50,38,32,22,54,27,18,26,26,25,26,59,31,32,37,53,42,30,33,54,53,31,36,46,27,29,32,42,53,40,54,18
"Gene0388",181,188,91,80,76,116,168,66,70,62,130,143,118,84,169,126,141,150,183,54,185,53,132,84,104,66,90,103,176,146,91,94,82,179,147,206,208,87,102,132,212,101,131,129,130,79,49,79,108,131,131,91,140,43,88,97,159,94,90,86,172,63,145,120,214,154,70,135,134,148,67,132
"Gene0389",344,343,131,303,182,303,320,422,342,271,238,94,201,178,263,199,251,216,197,290,200,538,452,499,354,379,110,469,317,309,159,173,148,231,335,597,166,204,172,259,209,230,261,297,263,307,133,295,466,284,298,207,321,80,79,217,417,452,231,244,467,350,277,385,295,247,306,357,245,457,217,227
"Gene0390",144,121,93,145,110,131,214,125,196,154,75,155,120,155,140,119,143,183,179,144,170,108,98,105,219,62,112,101,113,126,116,62,205,199,163,172,121,182,130,124,164,109,101,155,68,134,145,108,135,145,144,136,150,162,248,88,125,119,160,121,98,174,88,178,122,207,92,199,198,61,100,101
"Gene0391",117,111,76,73,92,69,68,197,45,63,61,37,81,137,51,128,53,57,90,76,104,100,55,71,91,56,78,127,80,127,43,100,46,90,62,36,96,103,90,67,66,77,80,82,114,175,41,126,67,92,68,69,116,74,31,85,85,62,42,95,198,77,95,87,84,43,82,42,74,88,68,80
"Gene0392",41,48,33,60,31,47,16,67,56,35,45,48,24,42,56,44,26,15,51,67,75,27,71,26,40,48,31,33,50,43,46,28,40,71,33,26,36,56,72,39,37,36,62,27,44,14,18,33,70,42,20,40,33,40,16,43,12,27,40,45,37,33,52,43,35,22,17,38,26,46,23,49
"Gene0393",124,67,65,99,78,113,130,111,111,136,52,128,87,93,131,176,208,41,70,82,94,109,64,105,110,111,95,92,39,69,98,102,229,79,95,185,89,67,193,64,86,105,102,98,93,123,87,82,109,76,90,39,98,81,104,78,95,147,138,64,92,177,100,103,84,62,97,118,128,135,63,84
"Gene0394",15,25,27,19,40,15,31,41,43,25,33,41,31,51,32,36,28,27,30,51,24,30,4,35,43,21,26,30,10,7,21,46,38,27,28,20,39,18,29,23,19,22,18,10,27,24,44,20,15,40,31,43,34,29,23,18,17,23,22,33,30,62,39,36,23,34,33,26,30,45,19,14
"Gene0395",38,39,46,34,13,56,28,31,51,64,20,12,26,60,41,50,48,40,15,68,22,38,22,11,29,39,63,21,31,54,42,32,43,53,36,25,36,41,47,28,46,36,51,44,14,39,42,34,34,52,38,53,24,25,67,19,43,22,70,44,26,31,68,33,53,28,34,40,43,45,40,36
"Gene0396",260,146,276,244,278,125,208,98,251,231,298,302,470,168,96,270,131,137,155,75,178,230,186,292,143,109,246,241,173,247,82,71,161,227,191,209,75,167,232,215,293,310,227,284,77,159,132,202,115,96,180,201,195,148,187,201,179,177,136,81,109,274,188,163,146,202,238,161,139,144,71,143
"Gene0397",88,96,109,36,133,112,104,56,104,55,71,59,116,95,60,159,183,129,120,131,92,98,85,57,67,79,116,133,88,145,52,138,134,114,44,126,126,96,62,51,116,40,98,103,123,114,58,96,109,102,127,81,46,101,67,108,87,95,139,28,98,92,78,97,68,116,64,97,59,106,140,155
"Gene0398",97,67,80,79,56,39,35,78,67,106,56,116,57,64,36,86,87,62,55,100,49,76,71,81,76,107,50,82,58,69,84,30,50,111,74,53,79,62,93,79,110,68,126,75,87,60,36,106,64,77,71,45,56,92,60,69,73,60,92,86,82,153,17,65,85,67,42,93,68,32,99,54
"Gene0399",44,50,42,53,32,29,28,41,69,17,56,36,74,61,32,24,62,33,57,23,42,38,37,27,74,42,21,19,31,51,44,66,37,37,29,41,46,32,40,56,63,46,37,61,29,67,23,38,19,30,33,49,17,29,34,39,34,63,42,26,24,34,38,40,30,20,8,43,42,67,54,69
"Gene0400",112,120,147,187,116,129,109,193,239,118,100,142,106,157,189,149,259,277,122,113,315,230,228,91,152,280,209,166,218,96,226,107,320,295,76,151,141,62,198,162,96,153,204,214,153,137,192,110,186,79,104,194,109,263,207,149,97,191,77,166,216,75,148,180,264,153,136,272,92,188,170,144
"Gene0401",238,177,300,303,275,75,443,158,356,306,273,495,316,367,269,170,312,229,159,256,354,178,327,187,443,390,195,413,206,268,315,208,181,172,510,226,231,202,245,232,259,261,351,256,295,154,324,274,260,279,307,336,337,481,325,407,188,207,291,227,189,311,371,205,167,425,151,175,134,322,335,336
"Gene0402",30,20,15,18,15,46,9,12,29,21,27,18,18,15,28,18,21,10,8,34,11,11,10,14,32,20,23,34,28,15,15,10,21,15,30,13,20,23,22,19,22,22,12,11,12,19,29,12,7,18,14,35,35,37,15,16,19,12,25,19,12,20,14,17,17,6,17,18,27,9,28,13
"Gene0403",61,99,89,56,51,65,34,34,137,52,76,56,78,65,57,47,37,56,72,51,28,70,54,45,93,71,51,21,54,50,41,56,44,19,52,30,79,48,111,45,78,45,60,85,21,74,26,61,23,61,62,50,27,39,41,60,91,59,37,67,48,62,79,54,89,39,98,85,38,52,54,55
"Gene0404",59,67,47,59,39,73,35,81,89,52,60,35,15,46,43,37,15,62,52,56,59,78,85,52,97,32,38,72,66,59,54,28,40,52,62,74,58,60,85,42,110,53,55,74,72,120,77,56,85,80,102,77,53,58,92,54,82,62,34,88,43,57,34,66,140,94,92,70,80,102,18,52
"Gene0405",16,19,27,30,43,37,29,28,16,19,24,21,31,32,13,24,37,40,26,38,8,16,26,36,52,26,18,16,38,42,19,35,18,2,21,15,33,32,25,32,40,39,29,23,32,25,19,30,42,32,29,47,28,24,26,24,37,49,13,35,21,31,27,23,18,41,32,16,18,33,49,44
"Gene0406",18,19,18,22,13,7,25,12,18,11,10,20,15,16,15,26,20,27,17,17,14,26,6,24,8,9,12,15,20,18,10,14,17,34,17,15,15,29,9,13,23,14,23,17,16,23,14,20,23,21,20,24,23,5,15,20,13,18,31,15,23,18,8,12,21,20,20,21,17,10,11,19
"Gene0407",73,68,106,40,66,50,27,57,24,55,32,41,83,70,20,35,40,70,47,29,98,59,45,42,73,55,88,13,41,48,41,20,94,56,44,41,17,27,24,57,78,63,39,47,47,61,87,47,111,48,23,84,69,30,60,51,80,33,47,68,34,58,69,35,53,71,40,51,49,85,43,41
"Gene0408",88,99,117,97,38,158,152,151,172,99,143,159,102,202,184,148,153,44,106,187,83,77,55,169,111,122,61,123,83,109,57,195,73,113,93,79,109,104,85,173,164,109,182,257,118,159,124,164,139,135,63,114,130,77,78,69,113,140,130,122,144,66,106,116,229,177,147,32,148,123,101,37
"Gene0409",411,577,544,371,561,295,294,149,317,302,361,356,264,131,689,239,266,159,465,185,147,401,234,446,283,245,453,116,372,250,178,462,190,357,413,320,574,229,329,399,223,282,397,493,352,328,286,266,123,77,309,280,428,183,148,224,180,514,498,444,387,463,327,391,214,138,307,318,211,224,262,217
"Gene0410",2,3,1,1,4,5,7,11,3,6,11,5,1,4,5,6,4,3,7,5,16,3,7,3,2,5,5,5,6,6,7,3,6,3,4,7,0,12,2,5,2,4,9,3,5,8,5,0,9,7,3,6,4,7,1,9,6,12,4,6,5,4,9,5,8,10,8,3,2,6,10,6
"Gene0411",9,15,36,18,40,27,18,13,13,23,39,15,14,43,18,21,29,17,18,24,15,22,28,26,21,38,15,21,33,23,34,37,19,23,34,20,21,14,18,26,18,17,20,21,22,22,14,24,11,46,15,39,39,22,23,41,12,26,18,22,8,23,23,37,18,32,15,20,22,7,23,12
"Gene0412",40,24,24,27,27,41,29,51,42,30,21,49,47,34,67,16,19,47,37,45,44,39,48,64,49,46,28,55,46,57,53,30,30,15,23,23,55,57,49,36,28,24,46,24,59,29,57,50,22,41,16,31,39,28,51,12,50,50,50,49,26,50,38,40,34,56,24,26,39,20,31,44
"Gene0413",3,11,12,2,5,15,6,5,7,7,10,11,10,6,2,9,10,13,10,12,11,13,7,4,5,11,9,12,15,10,13,4,4,8,7,9,4,5,8,9,5,9,8,3,4,13,6,7,19,6,3,2,6,8,8,5,5,10,11,9,3,2,11,2,10,4,3,5,8,1,4,16
"Gene0414",27,31,14,16,16,14,24,36,18,36,17,13,22,28,29,15,48,33,34,18,25,21,34,26,27,21,31,13,13,41,17,18,31,14,20,17,18,27,42,17,29,22,17,28,40,28,13,29,29,24,13,16,46,10,14,14,22,26,21,30,24,27,24,17,21,22,29,22,23,40,11,15
"Gene0415",29,15,16,12,26,32,20,24,15,16,16,35,7,36,18,24,10,31,31,17,39,19,28,26,22,36,41,27,23,22,31,16,12,16,22,15,29,14,14,20,20,20,23,16,19,23,12,28,1,2,2,4,4,5,2,6,20,14,26,24,21,19,9,19,38,42,26,14,13,23,22,29
"Gene0416",14,42,36,6,15,29,29,14,41,14,11,33,21,30,16,15,27,11,28,23,19,16,29,22,18,17,28,36,16,34,21,26,28,26,31,13,9,40,16,24,18,18,16,22,13,30,20,23,13,12,16,29,24,27,11,28,36,25,12,19,14,21,21,15,31,31,15,28,14,25,22,34
"Gene0417",2,2,3,10,3,2,4,8,2,1,1,2,2,5,6,6,5,2,2,1,2,1,3,7,0,5,3,7,3,3,2,5,5,3,2,1,5,7,5,5,6,3,2,3,3,3,5,3,3,6,5,0,4,5,2,6,3,4,5,2,1,3,2,4,6,2,6,4,1,2,5,7
"Gene0418",88,71,96,122,93,96,109,56,65,74,105,59,50,85,34,58,74,75,43,108,58,20,91,26,140,67,78,66,57,42,38,105,72,100,49,64,118,75,47,60,59,103,49,69,81,133,47,85,39,29,120,42,35,116,113,79,93,57,69,72,60,98,64,72,463,410,470,411,482,354,431,410
"Gene0419",21,39,27,24,12,21,12,20,17,20,34,18,19,43,25,23,19,15,29,10,17,27,40,17,29,7,48,27,22,20,12,31,29,31,38,30,22,26,24,28,26,13,28,4,25,37,27,48,7,29,23,22,35,25,25,28,36,14,11,24,29,46,15,13,38,49,25,30,24,33,23,17
"Gene0420",283,284,432,202,118,315,245,311,264,370,256,240,314,185,496,375,299,404,451,226,357,391,320,168,323,399,421,408,412,340,428,657,355,296,674,199,322,527,172,410,402,393,401,270,294,249,454,273,425,96,391,338,581,443,243,345,258,157,300,188,436,192,399,270,669,309,117,250,578,488,147,367
"Gene0421",66,166,186,140,111,71,149,142,186,91,124,130,130,78,96,150,172,150,153,253,131,106,194,122,123,89,48,168,211,134,109,144,92,176,197,141,78,122,182,158,84,167,214,243,47,145,214,144,252,92,201,217,126,118,134,61,117,223,102,131,238,128,127,104,137,113,82,149,157,104,216,143
"Gene0422",4,6,7,9,11,3,6,5,12,7,9,9,18,12,11,7,9,1,9,13,9,18,12,4,8,9,14,12,6,11,10,4,10,11,9,15,15,4,5,3,14,10,10,19,8,8,2,6,15,8,14,6,5,3,6,5,5,6,4,22,12,15,10,6,8,5,9,13,9,11,10,9
"Gene0423",91,57,40,50,78,58,82,65,41,49,87,51,62,36,42,64,56,57,61,46,59,85,96,64,122,86,76,79,96,61,54,34,48,53,104,64,111,81,33,50,53,50,54,66,41,63,76,66,45,111,82,43,88,98,60,36,67,51,92,48,68,48,64,84,94,35,40,80,100,34,69,28
"Gene0424",38,12,23,18,35,17,38,27,10,26,42,19,25,37,31,21,25,21,37,26,16,19,32,39,17,22,35,31,21,29,32,27,27,26,23,37,52,19,22,30,33,23,25,35,30,33,25,29,24,20,29,27,49,16,21,27,35,35,21,42,36,45,31,18,23,32,27,24,39,17,30,43
"Gene0425",245,203,77,215,149,117,115,144,143,104,181,189,186,167,260,50,135,49,169,123,141,162,145,216,204,222,118,162,258,114,290,154,129,178,190,136,164,113,105,196,130,171,131,151,116,121,191,96,86,166,199,39,148,160,182,170,122,121,186,151,104,179,113,112,169,203,94,239,121,72,101,135
"Gene0426",35,86,20,61,46,64,73,65,31,70,142,33,52,47,51,67,74,72,68,61,95,38,42,30,45,78,68,95,75,54,68,34,33,47,53,120,96,72,85,68,75,58,63,40,83,63,58,58,6,7,12,9,12,10,14,13,47,34,108,37,39,37,70,53,55,110,64,69,34,55,32,114
"Gene0427",20,25,35,36,14,12,27,21,10,28,30,16,27,27,57,23,21,18,26,55,35,27,34,30,10,24,19,40,25,19,24,20,28,21,35,31,24,29,16,23,9,23,29,13,23,55,36,55,14,13,32,18,24,16,30,24,19,32,26,30,37,23,41,36,15,9,5,5,10,15,13,7
"Gene0428",23,87,156,36,101,130,108,116,106,101,61,97,75,107,66,38,51,132,70,104,134,66,85,120,92,75,66,99,109,59,71,92,118,74,63,104,83,82,71,171,82,73,62,97,98,98,112,110,454,434,359,329,317,384,288,550,105,92,53,100,72,128,71,93,86,78,110,110,121,72,153,142
"Gene0429",61,57,89,119,73,43,53,65,96,87,54,52,54,59,103,87,86,91,75,59,70,25,42,87,69,104,68,62,39,108,41,98,61,60,57,57,74,23,71,75,62,48,139,57,40,62,40,44,50,47,85,79,92,52,33,63,37,27,38,76,58,68,69,49,94,68,88,64,26,105,88,46
"Gene0430",30,33,55,58,59,41,51,30,32,67,37,40,23,30,43,36,67,60,60,30,34,45,39,55,23,55,37,43,22,49,21,26,24,29,18,33,21,39,38,52,67,57,27,30,24,57,35,34,32,64,35,60,39,46,39,60,64,43,56,39,27,45,23,39,11,47,38,26,29,37,70,52
"Gene0431",482,377,567,390,459,942,289,434,689,568,711,496,842,1055,538,1058,539,840,396,415,981,271,614,374,387,736,405,481,588,727,374,881,914,530,601,885,495,712,592,432,781,415,647,389,817,773,429,774,678,1166,366,401,652,464,420,748,1101,802,409,618,368,454,368,838,629,749,637,662,342,690,341,766
"Gene0432",17,26,19,46,11,41,30,18,28,30,80,22,3,37,60,32,22,13,63,32,30,17,31,17,35,29,17,32,14,35,43,14,19,16,76,30,28,43,46,29,22,18,31,20,14,21,30,19,15,30,17,42,30,17,15,29,37,45,40,8,28,21,30,63,28,26,42,36,34,25,39,23
"Gene0433",35,24,33,23,31,23,39,30,73,24,54,30,10,41,10,32,33,26,31,24,23,23,9,35,50,64,18,12,54,21,35,36,18,9,18,22,41,24,23,15,33,34,25,24,16,14,24,17,23,22,24,23,17,29,30,52,28,44,49,41,18,61,38,18,32,49,43,46,39,33,28,21
"Gene0434",5,13,9,9,7,14,11,3,2,3,12,18,5,11,6,17,9,2,9,7,12,2,7,7,7,9,6,8,13,7,15,4,12,12,3,10,8,5,6,8,12,5,13,8,10,11,3,19,4,5,6,7,14,9,9,5,5,5,5,11,6,16,8,6,11,6,12,16,3,6,3,4
"Gene0435",37,88,69,52,52,64,67,34,52,59,79,47,63,69,46,61,29,52,52,48,65,33,64,78,35,18,58,69,36,35,17,31,37,72,85,54,41,56,51,51,58,27,72,97,64,38,62,89,58,45,54,48,37,56,34,53,51,102,40,99,80,67,38,27,38,56,36,15,22,34,55,51
"Gene0436",207,140,283,127,162,197,154,165,101,187,104,127,348,190,212,200,149,247,144,281,217,229,234,138,266,165,101,306,173,91,143,219,207,180,244,80,144,95,162,285,167,187,125,131,120,75,168,150,106,237,150,125,99,194,146,116,127,174,142,161,194,171,166,160,19,23,33,16,27,29,30,23
"Gene0437",4,10,2,5,8,3,5,10,5,1,3,5,3,1,6,11,3,10,0,3,5,4,3,4,4,4,3,3,7,6,7,2,5,4,6,9,4,2,7,4,6,4,2,3,1,10,4,4,8,7,5,6,4,4,6,4,6,5,5,6,2,3,4,3,12,6,6,3,4,3,4,2
"Gene0438",29,47,30,18,21,31,52,44,33,30,30,40,47,8,19,38,56,43,74,35,34,46,32,16,34,31,25,77,51,21,22,18,42,17,51,38,37,37,25,55,55,53,50,23,54,27,46,26,13,36,43,23,70,42,39,36,42,40,12,35,30,58,38,30,46,59,100,13,64,36,47,53
"Gene0439",17,21,23,12,8,8,11,5,16,10,15,14,10,18,15,5,21,16,14,13,8,12,7,7,9,13,16,9,4,3,19,14,15,3,2,7,18,7,10,9,25,9,8,11,15,13,15,9,8,15,8,14,25,8,27,12,18,7,13,7,8,10,5,31,10,14,9,14,13,15,13,14
"Gene0440",399,295,197,388,296,198,368,438,466,132,375,273,257,232,194,174,257,308,283,377,140,675,145,393,210,374,385,386,384,418,270,441,395,188,335,216,394,351,264,332,135,263,358,341,402,331,333,215,261,388,396,218,214,396,226,268,198,326,416,244,294,231,352,175,506,316,280,168,818,373,389,217
"Gene0441",169,321,227,273,252,410,327,213,119,173,155,356,371,267,298,352,149,410,335,378,241,161,283,417,426,276,368,164,306,198,200,259,181,329,333,362,279,293,322,232,160,168,209,179,237,334,386,341,256,308,238,171,211,455,99,294,379,270,156,340,444,331,233,475,402,286,246,460,294,233,126,203
"Gene0442",54,59,41,55,102,79,87,47,112,62,95,71,113,98,92,112,92,73,60,54,53,74,121,44,120,63,14,18,21,27,30,20,151,63,48,91,66,54,79,63,109,58,63,99,59,97,75,94,49,66,29,55,72,48,112,52,77,98,82,57,50,53,70,44,44,108,74,122,51,79,69,145
"Gene0443",262,193,167,360,409,297,180,108,179,291,308,281,182,281,372,133,421,218,518,324,74,457,256,375,306,284,406,184,211,463,219,289,119,442,662,304,302,232,419,358,271,222,298,274,596,152,69,277,381,165,471,313,265,191,278,109,400,334,416,281,393,144,377,362,456,302,340,125,298,169,338,349
"Gene0444",13,36,24,28,16,21,23,12,18,20,11,28,8,33,18,20,17,28,20,8,19,26,24,4,29,33,27,31,14,3,22,24,8,7,19,36,12,14,14,29,28,27,24,25,24,6,25,19,18,24,19,24,15,17,8,10,14,14,7,20,14,38,9,27,34,20,31,23,17,19,10,29
"Gene0445",130,192,210,111,164,181,180,64,163,97,201,147,189,103,241,183,201,114,147,218,156,132,239,99,137,181,94,241,192,151,182,173,96,158,232,181,141,254,185,130,114,156,182,135,163,213,144,207,52,34,34,46,30,43,47,49,198,142,276,98,284,211,148,143,168,228,191,70,216,125,190,109
"Gene0446",44,32,22,26,54,25,31,58,16,22,13,30,21,16,40,31,41,21,24,45,14,38,21,26,26,18,29,37,53,22,26,14,21,15,15,27,28,36,27,14,26,17,13,52,26,33,19,19,17,20,27,29,16,24,42,28,20,41,23,42,8,26,43,26,27,14,27,22,34,20,31,17
"Gene0447",80,76,108,64,69,55,155,46,80,49,95,46,71,144,76,57,75,115,61,104,57,53,62,115,103,86,57,45,79,63,79,45,35,52,56,81,105,101,107,97,48,95,73,65,88,79,63,47,107,137,82,109,42,91,31,67,105,59,90,113,78,92,98,37,95,180,58,111,85,78,40,129
"Gene0448",31,50,28,33,40,10,43,85,48,24,75,24,22,49,33,35,53,25,38,60,26,57,50,24,39,53,11,45,29,58,40,42,65,30,34,26,37,43,34,14,34,26,71,31,46,98,17,37,40,69,74,37,58,64,34,24,41,26,52,37,40,36,28,34,215,290,204,272,264,235,202,288
"Gene0449",23,30,54,39,56,26,22,35,44,31,37,47,24,33,40,28,51,49,62,31,18,41,34,34,39,37,35,40,36,38,47,42,25,38,40,24,47,43,38,37,25,31,32,23,36,45,59,76,50,51,31,31,34,33,57,34,32,40,46,54,23,41,36,40,65,29,31,25,43,28,50,19
"Gene0450",86,86,90,89,125,53,113,120,72,68,197,105,141,111,103,88,56,104,96,144,109,176,57,27,117,108,85,179,140,57,122,41,82,103,201,100,110,70,105,101,106,191,94,122,99,94,32,130,162,40,85,92,149,76,163,66,82,155,92,138,80,129,66,101,82,83,154,72,64,106,107,153
"Gene0451",15,8,16,15,15,6,12,10,8,19,7,13,14,12,25,14,4,14,13,13,10,8,3,14,11,16,9,14,18,8,18,13,2,9,11,10,25,34,14,10,12,17,21,16,11,25,8,10,9,8,6,13,5,9,16,13,15,5,8,12,4,14,4,16,14,2,8,14,24,5,17,6
"Gene0452",65,39,64,7,36,49,25,43,45,36,27,33,37,28,41,35,33,35,27,28,37,58,19,49,25,46,45,50,15,54,62,69,55,35,21,41,43,33,58,51,45,25,33,42,31,16,66,35,124,42,37,23,29,34,30,37,26,24,42,32,32,34,23,48,14,38,64,25,44,69,24,11
"Gene0453",94,84,96,31,60,39,52,71,67,42,47,83,45,21,69,88,100,32,78,60,61,37,114,59,76,37,64,65,39,50,67,40,91,57,87,46,54,30,88,57,77,35,111,68,118,72,77,65,87,71,46,78,29,56,63,55,42,47,60,32,35,68,56,41,89,60,56,45,12,53,64,30
"Gene0454",43,28,27,31,34,18,16,27,24,25,28,13,38,32,31,37,46,34,30,48,25,43,14,19,35,27,22,50,46,50,35,16,23,28,9,34,47,24,35,26,24,49,16,24,34,23,20,44,43,25,26,16,37,23,33,35,39,41,26,49,25,31,37,32,34,32,45,16,21,37,31,42
"Gene0455",67,56,54,64,62,84,67,86,61,57,66,79,50,49,37,78,47,70,57,45,84,57,80,73,33,57,59,64,45,74,41,29,80,53,102,140,61,57,27,20,97,92,53,42,114,99,74,27,43,123,33,76,47,64,66,86,107,27,55,85,44,55,91,60,36,27,48,80,79,45,40,75
"Gene0456",43,26,38,35,52,23,32,37,73,35,44,35,49,39,14,31,24,48,24,26,7,24,31,38,57,15,11,47,40,45,22,11,25,46,63,20,34,24,36,45,40,23,31,15,57,47,24,35,34,20,25,40,45,18,17,24,41,40,40,34,36,9,23,42,42,17,44,51,47,52,15,38
"Gene0457",487,740,269,790,406,329,361,481,191,352,376,591,421,426,373,411,388,613,756,458,535,313,584,441,406,408,359,465,468,421,441,503,536,324,490,539,243,581,275,509,328,375,319,246,314,293,374,309,509,321,176,684,170,405,651,375,272,350,334,235,138,521,635,292,430,693,753,711,283,521,422,386
"Gene0458",153,80,89,108,144,271,105,87,135,47,93,103,221,159,160,133,75,72,198,68,124,148,83,149,169,138,126,176,109,138,41,141,125,181,117,159,202,106,209,201,103,41,280,109,115,95,108,126,76,182,111,121,156,117,98,128,129,168,166,161,87,134,147,134,1044,850,1318,1165,1013,1099,944,997
"Gene0459",3252,2267,2339,976,2204,1771,2023,1873,1778,2098,924,1537,2327,625,1094,1619,2163,993,2211,3249,1994,1988,1197,1405,2583,2644,2076,2066,2101,3418,1336,1224,1540,936,3198,3110,1821,1150,2553,1751,2912,2989,1876,2686,1994,2580,1773,758,1781,2055,2402,2964,1904,1552,2039,1719,2139,1842,2464,2930,2584,3125,2022,2178,3040,1685,1530,2572,1540,952,1374,2645
"Gene0460",3,12,30,21,9,15,30,6,25,28,12,28,21,15,18,21,13,32,28,9,16,17,16,14,11,39,14,49,14,14,15,12,9,25,11,9,17,36,13,28,18,33,15,23,23,17,25,18,25,17,24,11,27,22,39,20,26,27,19,21,15,18,18,11,16,22,28,24,41,23,14,15
"Gene0461",65,148,231,75,120,69,189,119,116,115,161,126,123,117,102,126,62,100,127,65,143,193,159,196,138,121,109,177,107,206,194,110,175,136,277,106,123,189,171,150,120,160,108,166,171,57,146,85,193,147,150,178,195,161,223,208,104,76,97,99,126,183,258,188,210,151,114,105,124,82,143,102
"Gene0462",393,1023,564,722,1165,547,641,312,925,967,469,561,505,1197,740,622,440,530,423,377,785,629,1320,459,554,743,545,512,693,447,654,647,757,571,589,974,725,1119,642,1102,613,1443,748,605,441,765,844,817,586,800,189,379,579,680,634,621,514,826,704,837,361,621,428,476,720,408,1141,1079,671,1488,265,600
"Gene0463",111,61,66,49,27,71,125,97,78,56,62,94,50,104,60,41,90,95,104,98,123,118,111,127,102,69,114,112,95,31,72,83,76,59,141,72,70,147,64,101,112,104,63,37,92,53,56,94,56,58,71,126,60,105,81,22,89,101,72,71,58,112,79,31,42,73,72,55,142,83,61,72
"Gene0464",9,17,25,15,17,10,7,12,13,21,17,8,20,14,16,7,9,4,8,19,10,11,18,21,16,11,14,18,20,15,13,25,12,23,18,16,19,14,19,24,37,14,18,5,17,27,17,9,30,8,14,19,9,13,12,21,6,21,25,30,9,14,13,33,9,9,7,11,19,9,22,12
"Gene0465",7,17,15,7,28,29,12,21,9,18,9,14,22,19,24,13,10,25,12,24,28,18,18,23,23,16,20,11,5,20,8,14,34,20,19,14,10,17,22,14,32,12,14,18,8,12,15,9,24,11,14,24,9,21,19,15,26,25,9,27,12,28,28,17,10,13,8,20,8,15,8,19
"Gene0466",28,67,61,69,25,36,58,48,46,75,50,41,70,53,75,67,46,62,33,26,64,53,55,30,55,66,36,64,80,44,52,63,71,45,39,75,52,50,37,37,80,41,75,75,69,11,61,49,72,41,74,72,48,64,47,20,77,34,27,34,42,43,42,48,74,50,58,70,45,66,45,29
"Gene0467",259,336,267,135,449,449,177,206,135,171,209,217,274,227,254,153,226,125,222,225,320,218,221,166,371,180,249,158,239,208,232,205,157,147,293,159,139,269,426,188,236,267,208,185,211,254,182,321,384,470,153,275,153,204,225,320,173,204,266,295,297,79,400,224,240,352,250,391,284,163,270,248
"Gene0468",106,131,88,219,82,317,128,114,159,135,196,171,155,133,117,233,205,82,198,102,123,129,93,57,180,53,96,186,145,124,183,147,220,99,180,177,107,161,135,127,121,170,118,125,60,137,191,92,103,182,151,124,206,64,132,107,117,142,189,346,154,144,162,66,75,160,113,68,115,148,130,122
"Gene0469",2,7,3,9,5,4,4,3,2,8,2,2,3,2,3,8,6,4,7,6,3,2,3,5,7,2,5,3,4,6,2,1,1,4,2,3,2,2,0,1,2,2,2,0,5,0,4,10,7,3,1,3,6,2,9,3,5,5,5,6,8,5,3,5,5,8,6,5,2,2,5,5
"Gene0470",20,23,25,24,20,16,24,17,21,32,60,20,15,21,16,16,31,17,16,26,28,20,35,28,8,15,23,17,15,14,20,14,28,27,9,24,16,21,33,23,15,6,24,4,23,21,33,18,38,17,19,25,14,15,20,40,30,22,24,29,24,28,30,21,4,6,2,6,4,3,5,2
"Gene0471",73,61,70,33,87,93,43,34,82,45,88,72,107,46,21,56,31,27,94,63,61,89,33,97,58,27,40,51,57,48,23,47,56,55,40,49,46,28,63,54,58,39,50,67,45,36,85,50,57,62,73,82,52,14,62,27,42,78,71,61,34,52,70,75,55,64,78,26,57,67,39,41
"Gene0472",21,4,7,3,16,5,13,10,3,10,16,10,7,6,8,10,10,15,4,19,8,9,4,20,3,4,11,16,5,7,13,15,8,11,9,8,13,12,4,8,13,9,18,9,5,17,9,12,5,11,7,12,14,2,10,8,7,6,9,14,8,13,9,7,2,5,0,3,1,2,2,2
"Gene0473",274,127,133,93,92,95,108,118,50,94,89,58,90,123,139,171,169,134,92,206,112,103,135,55,51,148,147,192,110,128,242,174,62,124,178,97,133,226,100,216,68,84,76,160,207,132,126,85,87,165,105,84,54,131,134,107,272,109,175,58,121,98,125,153,167,126,114,90,145,76,140,150
"Gene0474",3,6,6,3,3,5,3,4,4,1,2,2,1,1,0,0,4,3,1,3,4,13,3,1,1,6,2,4,2,0,1,6,3,2,1,5,2,1,3,3,4,2,3,6,0,1,1,2,1,2,6,2,6,1,3,2,1,2,4,5,3,1,2,5,3,2,4,2,0,4,2,0
"Gene0475",88,54,58,99,32,67,23,70,59,103,54,44,44,54,53,46,43,71,40,71,69,37,77,49,103,84,40,75,51,26,41,48,86,121,64,83,67,36,74,32,62,56,56,24,74,57,104,111,71,18,43,87,60,55,116,67,49,56,76,113,55,59,123,83,59,84,91,60,54,103,77,82
"Gene0476",31,27,71,34,95,41,22,20,30,33,52,42,18,40,40,15,27,46,19,29,20,38,45,37,53,15,26,39,24,36,21,70,67,27,15,22,44,58,23,29,25,46,25,27,46,44,34,42,31,13,29,24,30,41,35,35,29,30,37,15,44,13,44,70,32,46,37,27,40,17,17,25
"Gene0477",25,32,47,21,32,33,27,10,19,13,32,27,13,17,30,55,29,24,18,34,39,31,14,18,42,25,33,36,10,22,28,40,21,46,30,58,61,39,38,43,19,25,26,18,9,31,37,27,48,34,20,39,48,60,55,40,27,38,32,32,56,22,28,24,26,35,37,29,23,28,30,16
"Gene0478",59,28,38,38,22,28,62,41,80,25,33,33,36,85,69,36,33,24,47,53,28,19,32,41,21,39,21,19,32,43,46,37,45,18,23,59,39,44,36,24,39,56,21,50,38,29,15,42,44,33,21,43,22,55,27,51,54,38,36,28,28,23,39,28,22,35,43,47,42,11,30,47
"Gene0479",108,41,41,90,77,119,77,71,103,70,66,38,74,41,29,52,114,66,67,112,87,42,134,84,66,33,88,68,70,61,140,90,144,60,56,61,97,92,127,127,92,38,81,54,88,82,109,33,48,79,70,91,26,90,36,79,146,100,72,111,84,110,60,101,87,88,64,99,39,63,118,109
"Gene0480",132,80,116,109,86,103,118,37,43,28,52,81,87,92,54,83,141,116,117,132,103,66,91,34,128,115,101,143,81,99,107,57,66,61,36,99,131,148,105,63,58,132,72,52,140,58,89,55,54,118,167,45,122,69,70,49,71,88,101,101,81,84,73,87,35,98,84,80,132,54,41,95
"Gene0481",43,37,31,69,42,47,63,42,53,26,61,76,35,52,30,37,60,34,39,29,33,24,17,49,34,37,93,55,62,27,51,51,37,49,13,58,25,35,60,45,38,33,37,44,44,49,65,59,33,41,63,16,45,51,36,46,61,119,49,47,55,36,41,54,71,67,62,53,73,30,48,53
"Gene0482",5,8,6,6,6,3,5,1,5,3,2,6,3,6,10,6,5,5,3,6,7,10,7,7,5,8,7,5,6,4,2,7,3,4,6,3,3,4,3,5,0,6,2,7,3,12,5,11,1,4,2,7,8,5,6,14,1,2,1,10,5,8,4,6,4,8,11,9,4,2,11,2
"Gene0483",10,5,9,18,5,7,6,7,26,10,14,12,3,5,13,7,6,7,3,10,18,17,18,13,5,10,9,13,8,7,9,7,8,11,7,9,4,30,5,13,19,5,7,18,9,12,4,6,10,1,8,13,9,17,5,14,7,5,9,9,5,14,11,15,6,8,3,12,9,3,1,3
"Gene0484",9,14,6,5,2,8,15,4,6,14,5,4,5,7,1,11,21,11,6,8,7,10,10,8,10,9,6,13,11,9,13,8,8,12,8,10,15,9,7,11,15,10,2,13,16,9,9,16,21,4,9,7,10,4,2,5,9,7,16,10,6,8,10,7,5,8,7,4,15,9,7,19
"Gene0485",132,209,181,164,161,177,205,242,76,76,148,130,57,125,129,90,167,149,144,140,53,101,55,116,240,120,203,262,100,183,109,44,119,196,190,107,131,134,258,201,125,230,157,83,159,100,130,138,41,151,117,139,196,74,139,177,106,178,132,101,204,109,189,91,77,104,121,166,172,144,109,151
"Gene0486",38,42,24,46,41,53,38,39,49,44,96,13,39,40,34,24,52,38,63,57,49,22,47,24,24,34,38,43,33,48,46,25,45,25,16,43,40,26,50,38,35,53,37,54,33,26,42,76,16,29,31,34,37,26,71,69,41,37,31,45,58,36,34,33,28,53,47,29,45,34,35,48
"Gene0487",62,86,112,89,21,72,64,107,73,112,113,72,53,140,108,44,60,72,50,91,101,75,135,56,72,97,64,73,108,107,62,40,94,68,52,35,47,127,62,101,98,63,70,67,34,114,93,99,42,50,111,120,51,21,73,45,76,104,49,110,220,59,110,108,108,41,80,61,141,142,68,70
"Gene0488",11,4,3,13,14,10,10,7,4,5,11,4,15,8,6,16,8,9,12,4,8,13,6,5,8,3,4,3,6,5,7,5,4,8,9,8,5,7,11,8,4,15,9,9,14,11,3,3,4,14,9,9,4,5,8,5,9,2,10,8,4,9,15,3,7,3,5,14,3,14,4,4
"Gene0489",32,39,30,27,10,42,20,42,48,16,27,43,26,27,45,47,25,27,28,39,22,26,34,43,46,29,39,57,32,19,26,37,34,31,31,20,24,18,50,39,24,20,37,36,20,44,31,29,33,36,45,25,42,28,34,38,27,30,27,26,39,28,53,25,34,38,18,17,24,25,22,36
"Gene0490",133,103,90,100,53,106,108,124,138,59,132,167,106,93,49,87,141,122,50,149,82,70,79,200,95,150,210,75,49,52,80,115,76,145,105,98,116,96,194,121,127,97,106,44,128,144,96,117,96,202,198,91,87,126,132,117,143,28,133,137,71,127,33,81,121,71,117,198,132,108,68,192
"Gene0491",43,62,71,61,32,49,47,60,16,34,53,47,59,37,48,49,65,33,63,44,42,59,44,38,30,20,43,34,47,16,32,28,24,26,52,32,25,34,27,26,24,71,44,30,36,48,65,24,38,76,48,41,41,33,35,27,40,36,33,34,59,63,44,34,187,207,158,152,194,169,131,138
"Gene0492",76,35,47,75,32,54,74,43,58,34,47,73,58,30,60,37,43,37,45,32,77,60,70,82,34,64,38,53,44,50,54,42,61,40,98,53,40,57,30,74,55,57,21,35,58,19,51,71,79,52,30,24,73,17,20,53,53,29,50,43,67,34,66,32,38,23,34,35,31,44,21,47
"Gene0493",57,50,44,40,29,55,45,30,78,41,45,64,42,41,44,87,42,62,44,28,18,45,61,53,25,74,67,35,24,34,48,42,40,54,38,57,33,46,57,107,58,47,55,71,49,26,83,35,34,49,71,73,56,57,40,37,38,84,49,55,38,101,75,23,86,62,66,44,43,55,75,69
"Gene0494",209,202,301,194,389,270,270,127,159,200,165,187,194,215,202,151,269,213,137,491,209,261,196,559,231,273,202,123,77,116,192,208,132,262,90,190,372,168,258,215,232,90,188,150,295,311,416,325,344,220,144,246,420,340,221,143,200,209,224,275,252,202,249,245,1119,1245,1275,2059,1019,1415,1611,1446
"Gene0495",21,28,43,16,29,27,23,30,26,28,14,30,7,34,19,20,30,15,13,33,13,42,11,36,19,13,16,20,28,26,31,16,35,31,28,25,24,58,36,19,24,39,43,43,16,26,12,19,42,40,19,14,34,25,20,25,27,30,44,17,15,41,23,33,25,17,18,16,27,34,4,9
"Gene0496",104,140,138,105,213,166,105,72,192,79,131,68,94,69,219,155,133,190,177,116,89,105,100,147,172,108,106,209,31,110,97,74,95,88,148,99,176,40,82,80,200,27,202,125,97,113,67,128,146,76,77,117,179,91,101,165,110,127,117,92,130,188,85,169,213,96,69,103,210,72,174,131
"Gene0497",177,149,101,167,88,186,195,174,117,71,92,146,154,149,144,137,194,131,195,96,115,177,179,145,108,157,152,46,154,174,152,148,176,122,82,178,87,125,114,100,158,232,173,194,108,139,125,208,107,210,71,141,220,255,154,118,258,202,209,159,164,190,103,199,127,160,126,104,278,108,159,96
"Gene0498",17,8,16,10,2,16,17,20,15,14,9,7,4,17,13,12,18,19,6,14,12,11,25,9,12,18,7,22,21,4,13,6,7,10,13,12,11,10,10,14,11,22,12,12,2,16,4,12,7,10,5,10,16,24,12,15,15,22,20,14,24,16,11,13,116,93,122,70,114,88,94,90
"Gene0499",78,43,103,81,26,27,51,52,31,76,58,74,62,49,88,91,62,44,38,73,49,57,95,42,53,45,29,93,61,40,67,70,33,114,120,89,83,97,61,60,77,62,44,53,67,36,75,111,45,34,75,80,81,54,36,35,68,39,79,55,101,111,50,33,51,54,52,46,87,79,33,46
"Gene0500",117,55,57,87,61,23,50,74,128,45,94,77,19,42,77,39,18,93,25,31,40,17,52,53,30,68,75,78,48,50,40,43,23,42,39,37,32,66,43,104,65,39,47,78,39,50,71,58,40,129,53,49,41,75,47,40,36,55,54,51,41,39,24,71,49,102,38,22,57,51,53,48
"Gene0501",248,195,193,127,109,252,151,197,165,239,187,86,216,216,92,160,65,253,217,265,189,245,271,85,154,121,352,183,123,283,141,225,174,90,116,126,170,216,65,105,179,124,217,272,242,274,161,274,261,118,194,158,105,213,151,117,124,161,234,252,166,105,156,110,136,249,281,77,108,93,217,307
"Gene0502",191,117,206,158,133,261,110,90,175,123,198,170,268,145,228,121,109,223,256,108,110,89,243,137,160,183,181,204,91,92,235,186,56,107,231,113,177,120,149,149,194,236,224,171,157,136,127,223,207,194,297,195,162,168,135,115,235,78,133,165,162,192,93,225,169,97,121,261,208,201,91,145
"Gene0503",75,36,55,33,45,28,41,59,88,20,51,31,33,36,46,46,66,57,60,60,76,104,119,105,75,43,56,22,78,37,48,68,73,52,52,58,33,55,45,35,72,37,68,86,43,60,43,52,105,76,44,48,52,17,75,64,89,72,39,37,54,55,111,64,40,29,103,36,43,37,50,26
"Gene0504",52,84,70,58,24,53,78,95,37,33,91,19,109,60,79,34,81,83,41,69,54,99,100,68,108,57,75,81,28,87,69,43,60,74,55,46,31,107,20,53,37,77,91,86,55,95,58,32,53,75,54,16,66,68,83,96,59,34,61,28,95,45,67,61,83,42,69,105,32,55,58,44
"Gene0505",28,25,8,36,15,20,24,26,30,28,25,15,30,21,15,19,32,18,18,41,31,37,23,11,34,18,4,26,13,15,22,16,25,14,20,12,28,8,16,20,24,18,9,19,19,34,35,12,13,16,19,27,16,25,22,22,23,20,29,31,36,9,9,20,10,4,45,5,40,11,30,25
"Gene0506",34,42,29,42,31,51,32,39,62,23,25,26,49,54,53,36,64,36,36,48,16,45,27,54,31,47,28,58,29,39,95,58,57,34,49,48,24,32,42,58,45,23,64,22,35,52,63,61,57,46,58,55,39,50,44,29,41,34,36,50,40,31,43,29,120,110,152,130,140,117,150,148
"Gene0507",24,34,15,17,35,7,15,24,11,25,16,20,12,10,7,16,22,16,28,14,24,23,5,9,24,5,21,19,19,7,14,10,11,20,9,18,9,19,22,17,11,13,23,20,23,11,20,17,16,10,16,9,14,11,8,23,8,24,21,14,15,19,7,9,10,6,9,11,16,27,13,11
"Gene0508",13,21,24,16,28,8,21,11,11,17,7,25,29,11,27,15,9,12,25,10,11,8,14,6,6,19,21,4,39,31,21,19,14,12,9,15,18,16,13,15,10,17,7,24,10,9,16,8,11,16,21,11,25,10,39,14,18,17,20,23,17,22,16,22,4,2,2,6,4,3,6,2
"Gene0509",9,23,20,12,10,5,6,13,19,5,14,8,28,9,12,5,10,8,7,7,5,3,13,11,5,9,13,7,4,16,13,8,15,23,12,8,10,13,9,9,10,5,22,9,20,17,5,12,12,16,17,24,6,17,14,9,28,6,20,9,11,9,10,10,18,7,5,13,9,6,8,19
"Gene0510",72,169,107,141,144,146,80,171,300,84,185,171,212,181,214,114,102,151,127,134,92,104,147,141,63,176,192,96,48,252,116,92,255,249,209,115,156,139,116,154,174,136,129,217,197,196,135,355,99,182,74,202,133,229,258,118,55,80,171,163,198,114,155,219,156,172,224,79,315,209,169,89
"Gene0511",304,151,206,212,129,167,126,181,277,231,316,214,98,264,141,188,258,198,120,120,102,154,218,260,132,161,417,124,147,390,174,399,94,208,204,104,238,270,169,221,371,254,179,254,233,235,206,201,207,331,229,398,196,135,264,253,235,164,257,122,256,238,277,340,237,207,100,195,143,256,275,307
"Gene0512",40,41,37,20,49,42,15,51,50,41,36,11,53,21,15,73,36,41,41,42,34,48,30,27,20,22,38,19,23,8,39,27,17,36,13,23,38,48,39,17,66,26,10,39,31,14,19,25,34,53,22,15,28,22,44,13,22,46,36,23,34,28,48,29,25,35,37,17,23,46,39,22
"Gene0513",15,16,17,20,11,3,11,1,9,11,10,13,9,20,19,31,20,11,16,17,14,12,12,13,18,18,10,15,13,8,14,17,21,9,16,17,16,9,7,23,6,12,9,7,20,23,10,13,18,23,19,23,12,24,18,8,8,27,23,23,21,19,14,11,5,15,19,11,28,9,11,16
"Gene0514",52,44,58,17,82,21,83,29,32,60,74,19,21,44,44,40,50,23,91,32,55,47,34,53,34,116,35,59,39,60,59,58,70,64,39,78,48,35,35,88,38,35,38,64,53,52,23,18,77,32,59,23,39,26,42,46,50,46,46,54,32,47,40,30,43,63,43,47,42,43,57,51
"Gene0515",695,638,1050,838,923,1197,1023,1046,474,668,808,498,834,542,1683,990,1279,436,391,1129,542,472,539,507,897,442,929,465,448,984,575,1017,493,713,500,754,605,625,716,784,651,646,741,961,572,761,349,640,558,1059,1279,823,776,726,1278,2036,862,714,700,447,1009,993,1032,760,561,696,420,998,1046,947,397,795
"Gene0516",763,552,1299,557,491,895,1067,369,329,799,717,808,920,353,731,1170,230,382,231,723,763,1028,743,590,394,689,566,577,161,933,617,451,994,441,588,681,870,138,458,301,663,166,398,783,1120,604,661,685,596,828,798,426,364,738,526,1100,594,556,575,276,984,573,817,1068,421,809,497,757,857,477,799,260
"Gene0517",3,6,3,3,2,9,2,15,5,8,16,6,5,2,5,13,5,11,4,8,3,6,7,8,5,7,6,5,5,3,9,12,10,2,5,14,11,10,2,3,14,6,5,6,3,3,3,9,5,9,6,2,2,6,1,4,3,9,8,5,10,12,11,10,5,6,2,4,5,4,10,6
"Gene0518",20,41,38,24,20,45,61,23,36,27,39,70,35,6,33,46,41,35,24,49,43,53,27,40,34,30,19,16,52,77,35,23,27,54,22,48,42,29,21,64,49,42,35,20,36,24,36,32,32,27,32,65,37,23,24,40,22,18,62,32,32,42,21,79,9,36,51,27,31,13,54,26
"Gene0519",293,364,451,258,324,256,354,168,119,265,230,275,134,450,279,246,520,394,213,280,395,391,396,384,250,497,311,136,625,311,416,507,262,336,185,449,429,401,367,323,417,325,270,259,145,298,287,566,306,300,510,325,285,535,375,321,195,338,296,207,249,422,281,475,606,404,255,303,198,312,596,175
"Gene0520",74,29,37,81,96,82,23,57,82,47,83,53,15,53,62,63,45,41,62,44,80,22,83,54,63,50,43,58,25,32,26,57,57,38,62,83,62,27,35,65,41,20,61,59,55,46,46,49,37,37,53,59,44,70,91,24,66,57,65,73,39,69,63,27,72,78,54,53,62,75,47,57
"Gene0521",300,275,499,675,376,439,345,236,355,367,160,403,211,358,173,199,297,538,456,362,396,579,254,233,316,379,684,248,534,498,289,593,388,322,432,568,270,433,175,422,158,418,486,343,473,460,183,384,177,470,418,155,515,264,452,291,365,222,408,414,422,397,347,337,82,100,75,121,88,117,78,107
"Gene0522",43,27,18,39,42,25,75,50,48,23,36,34,23,52,20,22,35,45,17,44,39,52,31,57,19,50,32,32,64,69,42,22,25,45,45,46,48,14,29,25,24,62,62,62,33,55,19,50,43,50,47,54,58,21,24,39,46,51,34,45,24,44,28,32,19,55,39,38,35,28,32,12
"Gene0523",90,176,96,110,175,91,173,72,116,88,120,161,103,94,110,103,34,132,77,125,101,110,122,140,105,113,57,76,178,139,64,103,119,212,137,138,32,130,90,86,51,72,85,110,265,84,154,157,75,199,141,101,113,153,29,121,125,94,149,188,109,122,108,216,65,114,189,92,139,92,69,112
"Gene0524",31,82,71,89,72,112,58,60,29,56,127,47,103,57,60,45,83,111,66,77,57,61,54,53,82,45,102,42,49,52,69,106,52,54,35,64,88,22,84,60,91,60,23,155,96,48,51,79,86,140,17,105,90,32,48,96,70,83,65,50,74,43,79,64,398,321,330,294,276,286,231,277
"Gene0525",2132,1542,2486,1840,1890,1150,4274,3082,2767,2642,2746,2209,1176,3321,3919,2939,2031,2663,2852,2459,4585,1730,3457,3465,2907,1085,1291,3225,3253,4700,3984,2088,1602,3587,4134,3107,4263,2761,4154,1865,1548,2065,3092,3569,2047,1935,1908,2166,896,1554,2776,2370,2877,1133,1493,2709,2849,1607,2129,2072,2852,1967,3112,2720,1632,2443,2575,2096,2924,3382,1314,3633
"Gene0526",119,203,186,173,133,217,113,62,179,182,179,179,183,98,193,204,171,256,182,151,170,216,168,242,288,212,220,109,169,158,245,87,211,224,255,220,226,206,143,135,118,112,183,238,123,130,176,156,205,113,133,254,299,110,168,188,131,207,185,146,215,153,115,295,168,125,115,116,118,177,190,128
"Gene0527",26,17,6,6,9,25,12,11,8,14,25,10,7,7,15,11,14,10,15,7,14,14,15,9,11,9,7,7,6,18,27,16,12,9,6,13,23,16,24,17,17,24,23,14,14,14,6,21,13,14,19,26,6,10,13,15,16,9,19,14,3,16,8,15,21,6,14,11,17,4,12,12
"Gene0528",28,23,25,14,47,17,32,40,39,32,25,24,23,20,22,12,27,40,17,26,21,20,23,27,46,21,16,13,28,19,38,35,30,21,31,15,39,20,14,36,9,31,14,18,9,30,18,20,14,24,19,24,14,21,33,12,11,33,31,49,26,39,21,14,39,22,29,33,35,7,20,27
"Gene0529",107,183,130,53,93,82,132,102,44,126,58,75,113,101,77,85,128,111,64,56,64,63,84,97,73,78,108,56,85,35,122,91,70,60,123,33,88,80,90,72,66,39,55,94,53,95,108,55,48,66,49,95,93,81,59,107,66,45,118,59,61,60,52,60,125,123,68,94,80,82,75,153
"Gene0530",3,4,8,9,4,6,3,2,3,8,7,4,2,9,10,7,5,5,3,4,2,16,1,3,6,1,8,4,2,3,7,2,2,5,8,3,9,12,4,7,8,7,2,7,3,2,5,4,5,1,1,2,10,6,9,5,6,9,6,0,1,4,5,1,7,3,6,8,7,5,2,1
"Gene0531",10,4,7,7,5,7,5,5,4,1,5,8,8,4,2,6,5,9,5,12,7,5,0,5,10,7,5,8,0,3,4,10,4,10,14,14,2,6,3,9,12,5,1,5,8,3,16,2,10,5,5,5,6,3,4,11,9,5,13,9,14,6,12,2,3,6,5,3,15,2,8,2
"Gene0532",8,19,7,6,9,21,14,10,27,14,29,19,8,10,6,19,16,8,14,7,12,11,29,8,22,3,10,17,9,7,18,7,8,14,9,17,17,18,14,10,10,9,22,14,10,26,9,13,8,5,11,16,9,11,12,16,24,13,14,10,16,16,11,18,3,2,1,2,4,1,4,3
"Gene0533",49,31,18,29,40,23,37,42,37,49,66,75,53,26,80,29,38,33,42,33,25,35,45,33,61,30,39,20,33,41,43,35,31,50,45,19,18,37,38,25,47,35,36,45,43,26,52,53,39,28,27,30,14,39,81,51,39,49,22,52,42,35,33,19,29,22,41,54,22,46,34,35
"Gene0534",296,222,266,238,187,317,280,147,147,272,227,179,95,196,235,184,239,191,113,313,136,414,367,342,226,95,287,256,282,309,231,187,295,296,208,182,228,267,129,209,238,208,332,252,219,267,129,376,169,408,200,244,220,107,248,217,81,401,223,281,157,368,315,261,301,166,273,353,307,192,317,236
"Gene0535",40,38,67,6,44,25,44,27,38,41,41,37,36,43,49,64,40,43,11,26,59,53,27,34,40,49,44,54,33,43,17,33,26,47,61,18,32,64,52,46,35,28,69,47,38,89,28,14,77,26,40,46,33,17,19,21,38,41,47,25,28,37,19,39,52,63,37,39,41,45,67,76
"Gene0536",53,63,50,84,115,76,72,76,28,116,60,72,82,83,50,101,86,46,40,88,70,108,41,39,81,60,62,66,75,50,54,42,46,63,36,19,107,52,121,27,97,70,64,45,36,41,83,56,52,113,65,116,31,62,66,57,92,74,49,86,86,43,57,81,58,52,40,104,85,102,54,42
"Gene0537",47,54,64,44,64,62,41,42,50,24,27,43,59,48,54,64,39,36,56,73,84,54,37,63,61,48,61,53,35,57,65,38,75,57,90,38,67,24,31,42,30,50,46,79,67,30,44,60,35,66,37,110,41,52,34,50,30,36,108,60,22,37,51,86,90,28,41,36,46,77,76,65
"Gene0538",9,19,19,20,8,24,34,26,12,25,27,17,46,39,18,27,10,30,41,13,27,23,36,16,21,18,32,22,27,13,35,16,33,17,21,12,20,17,27,23,16,31,17,16,18,24,23,17,27,31,18,23,19,29,10,25,9,27,14,12,10,16,44,24,18,13,28,32,23,50,26,17
"Gene0539",423,240,231,223,215,460,337,392,186,200,177,473,308,435,318,288,198,329,338,101,331,580,227,443,336,149,260,166,336,288,428,138,315,322,269,292,183,341,316,310,214,198,225,205,466,257,244,235,240,177,220,310,180,185,156,254,224,307,433,171,313,252,343,215,243,380,307,163,356,236,282,235
"Gene0540",7,10,6,11,16,22,19,8,7,9,15,7,30,8,14,14,10,11,11,13,23,17,11,7,10,17,13,13,9,17,14,16,11,7,23,5,20,16,15,24,5,14,15,17,20,16,8,16,10,2,13,11,31,8,19,17,16,12,13,15,16,15,9,16,8,13,21,22,7,11,4,21
"Gene0541",32,64,66,58,28,41,79,104,43,36,85,38,35,32,37,20,41,41,30,31,86,64,36,21,28,44,62,36,44,53,40,32,102,82,46,32,73,27,40,50,38,34,82,64,23,32,69,53,29,32,43,53,52,46,41,22,38,50,39,20,47,26,50,47,38,28,37,58,54,34,23,60
"Gene0542",46,32,33,57,40,72,40,45,18,35,39,26,20,59,60,22,24,57,44,17,40,22,34,35,60,42,36,26,46,39,33,36,28,27,22,43,31,33,44,28,17,19,75,20,35,35,23,32,40,26,32,51,57,16,41,26,19,64,71,25,19,61,60,44,37,55,34,57,21,32,26,43
"Gene0543",131,105,82,134,129,60,85,89,151,88,174,159,98,115,73,125,166,77,81,108,91,118,180,138,131,90,84,75,91,226,46,60,93,96,71,81,160,184,129,31,42,177,106,42,66,57,94,92,133,145,119,107,139,109,71,68,82,101,48,70,23,71,70,140,120,103,115,67,105,117,145,42
"Gene0544",541,198,374,256,515,363,444,317,405,546,311,287,533,271,466,555,614,396,286,462,432,718,628,433,535,286,619,303,212,460,258,152,180,263,242,468,325,600,349,508,271,466,435,417,363,347,258,329,288,343,495,377,417,512,315,258,337,696,425,338,455,438,719,464,419,474,420,264,367,293,464,356
"Gene0545",53,90,99,54,116,49,87,82,170,112,78,81,70,110,108,98,121,155,124,111,107,121,60,90,60,47,142,111,129,93,79,77,147,83,115,77,69,55,149,112,109,45,137,118,64,94,78,98,99,47,55,142,93,105,184,108,68,96,59,157,38,59,110,94,24,119,87,85,91,199,96,108
"Gene0546",333,261,191,239,411,241,266,232,251,277,283,190,458,239,392,373,228,136,268,418,224,489,353,209,394,193,161,147,542,510,139,242,216,297,159,153,303,338,433,223,225,426,217,208,258,135,346,426,301,167,356,486,241,213,237,294,347,240,286,320,266,269,327,485,274,130,299,271,377,169,424,295
"Gene0547",163,118,202,149,220,307,82,160,236,105,65,194,182,93,274,86,151,223,88,122,63,101,118,171,118,107,41,120,220,127,116,114,79,61,70,127,104,110,213,70,78,210,102,126,124,216,108,85,146,84,76,206,130,182,128,105,96,97,189,174,196,123,131,259,85,136,120,89,121,85,159,103
"Gene0548",49,17,35,17,20,33,20,35,22,24,17,23,21,30,18,22,28,14,9,14,35,29,11,22,22,32,26,9,18,10,17,28,16,28,19,28,42,30,11,28,59,29,43,26,31,19,26,39,16,12,35,13,33,15,23,33,61,32,28,23,17,19,33,49,18,41,16,39,22,13,20,37
"Gene0549",44,57,57,46,51,88,30,35,64,58,28,61,106,60,33,61,61,82,52,48,50,46,48,28,43,71,64,55,42,44,70,72,83,50,48,33,65,89,89,49,65,33,41,50,76,52,52,58,101,44,55,46,36,47,97,73,108,34,71,96,56,40,98,69,66,59,31,85,134,44,50,34
"Gene0550",279,280,480,153,215,257,228,348,241,136,198,232,230,287,190,336,296,182,217,177,185,157,179,177,346,520,193,115,152,411,272,291,242,409,278,154,299,361,267,250,174,221,366,158,249,104,165,223,288,178,496,229,327,234,379,190,176,411,316,263,316,165,236,474,295,356,102,384,271,276,260,233
"Gene0551",7,11,7,7,9,11,2,4,2,3,12,5,5,8,12,8,11,4,5,7,8,14,15,4,5,2,5,12,5,5,14,13,5,21,10,7,9,9,6,11,6,6,4,13,14,8,8,8,5,9,8,10,4,16,20,11,15,11,6,6,10,9,18,5,1,8,4,3,1,1,3,3
"Gene0552",64,102,120,88,91,103,74,208,43,102,57,56,65,69,53,74,53,134,114,49,58,64,91,86,51,95,81,125,42,93,105,78,83,71,92,58,72,53,81,48,71,104,64,75,59,48,61,53,116,74,147,84,79,44,145,128,88,56,67,72,129,50,33,67,53,49,39,43,41,80,113,48
"Gene0553",18,24,80,23,39,59,53,29,59,68,38,57,62,88,45,36,41,31,34,43,119,43,26,53,45,34,27,31,33,27,49,40,25,20,42,46,48,62,42,59,53,39,25,65,43,39,26,45,34,38,49,35,31,31,30,60,62,31,80,19,43,59,40,34,32,43,42,65,60,73,64,56
"Gene0554",93,129,99,313,209,140,115,53,87,186,123,194,186,177,185,199,147,229,188,180,182,95,96,128,192,276,174,122,181,183,185,182,167,85,132,151,171,189,113,180,210,121,106,234,94,147,111,125,111,357,169,159,173,135,227,138,110,177,97,151,165,110,186,121,187,167,186,171,121,199,97,55
"Gene0555",138,117,170,106,119,67,66,90,43,102,81,245,88,118,100,144,191,176,150,77,96,125,167,193,188,105,86,96,143,65,171,135,154,131,132,183,172,123,93,86,152,161,143,69,176,138,117,211,67,208,216,126,98,209,135,99,98,219,98,62,99,151,336,116,109,110,128,142,189,248,109,200
"Gene0556",90,45,93,80,42,80,62,80,47,43,78,73,75,52,74,98,52,83,73,131,58,48,43,69,53,70,136,128,81,124,96,76,65,62,67,67,131,45,94,107,53,104,123,109,64,102,34,81,89,51,118,98,25,83,71,38,103,54,103,89,99,68,62,45,107,47,112,99,33,68,84,74
"Gene0557",454,377,345,354,530,561,428,268,441,175,381,217,159,289,360,221,167,493,498,291,544,229,181,481,216,221,610,322,355,292,354,297,126,456,137,462,499,456,426,416,247,334,181,591,311,229,238,460,380,265,207,357,350,211,222,299,318,355,216,122,186,202,246,486,377,160,338,160,206,378,250,251
"Gene0558",5,10,8,19,12,9,8,12,10,12,9,14,6,11,9,7,13,5,0,6,6,12,4,15,13,13,13,3,4,12,14,6,9,9,2,15,13,15,11,9,6,6,3,9,12,5,18,6,11,5,13,14,8,13,10,4,7,11,0,16,8,15,8,8,10,4,7,3,10,13,5,6
"Gene0559",242,219,177,126,146,222,242,204,154,68,182,185,96,156,109,285,133,229,163,123,175,171,210,161,95,66,160,179,89,246,323,76,170,105,189,208,228,135,289,70,124,213,176,85,216,211,88,180,155,97,99,172,80,134,237,196,120,191,158,167,212,108,207,151,166,190,244,272,176,95,93,355
"Gene0560",12,3,12,6,6,6,6,3,9,9,4,10,5,5,7,14,6,11,15,10,4,11,19,6,3,14,6,5,7,10,8,8,4,20,7,11,9,9,7,9,6,8,13,5,8,5,9,21,10,8,9,13,6,3,14,6,5,7,10,5,5,9,7,5,10,12,12,5,11,6,5,11
"Gene0561",88,102,93,137,79,110,134,151,137,60,97,183,61,132,117,241,187,101,93,103,167,120,126,70,104,133,72,114,157,90,265,151,68,70,167,165,128,86,132,110,169,69,82,108,123,129,71,99,171,91,116,65,95,111,132,113,136,85,130,98,88,113,131,136,152,75,125,65,75,137,125,111
"Gene0562",47,85,92,49,42,64,38,55,40,64,64,46,70,46,67,60,22,26,49,96,53,67,44,77,61,75,49,75,53,45,43,58,93,48,56,29,17,63,47,76,72,78,24,80,87,33,41,69,54,54,36,41,35,83,48,82,68,161,30,104,49,28,28,101,50,41,52,67,103,48,109,51
"Gene0563",143,179,114,166,200,255,156,399,115,182,240,189,246,211,226,168,234,118,130,189,277,166,139,111,114,191,145,205,221,113,232,158,178,155,227,180,146,88,218,226,84,57,137,212,127,156,205,137,180,225,203,148,186,206,139,196,206,188,188,117,201,168,183,156,946,648,729,938,678,748,612,541
"Gene0564",56,67,116,87,48,54,56,65,26,87,74,37,58,55,54,42,61,56,91,53,62,46,95,56,82,55,47,49,83,63,58,57,62,98,58,55,93,87,85,27,60,47,47,67,47,60,90,74,74,75,107,106,69,56,85,70,71,83,44,91,51,72,54,68,57,35,89,84,39,39,92,30
"Gene0565",2,12,8,7,9,9,18,12,4,7,9,8,8,5,12,6,5,10,14,8,9,5,7,0,3,4,14,12,8,7,5,8,3,4,8,2,6,19,3,2,3,9,6,10,4,14,6,7,8,14,12,7,4,18,5,1,1,7,13,13,9,9,8,1,10,8,7,8,8,7,4,4
"Gene0566",6,5,4,0,5,12,6,1,4,2,5,2,0,10,3,1,7,6,7,2,3,4,1,4,3,1,9,6,7,5,3,3,3,2,8,3,4,6,4,4,1,8,9,4,7,7,5,6,14,4,4,5,3,7,6,3,9,3,7,3,4,2,4,8,9,4,6,3,2,3,5,5
"Gene0567",82,118,232,83,150,97,120,69,82,96,101,80,74,64,93,173,116,127,114,60,110,111,59,72,55,132,63,84,84,80,90,154,179,150,76,66,164,105,116,46,109,202,132,81,108,63,70,92,101,112,92,105,51,88,92,63,45,121,136,129,96,118,123,81,148,129,59,65,122,115,140,98
"Gene0568",50,48,80,39,94,57,33,54,44,52,29,43,93,57,24,32,22,40,46,45,44,27,38,33,43,38,40,81,42,91,21,65,13,80,121,13,33,43,80,47,67,45,81,77,50,39,28,60,21,53,25,60,40,37,65,73,70,63,45,33,63,69,39,57,47,54,48,67,59,25,25,26
"Gene0569",23,38,43,20,42,56,27,15,27,20,41,15,28,30,27,41,16,30,15,22,27,29,35,25,30,47,37,36,39,23,31,6,10,31,30,49,22,24,28,14,27,24,32,21,24,25,31,38,2,5,8,5,2,6,3,9,34,16,47,23,27,11,36,31,23,27,44,20,41,37,23,23
"Gene0570",40,33,27,21,37,29,51,50,42,85,35,42,18,23,43,66,24,27,30,60,73,38,62,68,42,54,45,18,66,35,42,36,42,27,61,48,20,59,89,52,75,62,14,12,32,28,22,26,45,66,52,26,42,59,19,54,22,15,48,8,84,38,12,58,43,44,40,62,28,15,28,27
"Gene0571",28,22,21,42,31,40,24,20,26,14,21,19,35,28,26,12,29,16,48,30,26,15,30,22,29,22,42,40,28,37,30,23,23,21,31,53,17,8,31,34,30,31,27,23,31,17,24,23,12,28,28,22,42,17,21,44,26,21,33,8,23,24,18,36,15,7,22,27,17,15,27,24
"Gene0572",46,94,26,56,34,57,22,39,43,55,76,34,36,54,45,49,90,34,65,57,28,14,64,39,56,44,45,65,61,83,49,68,62,46,39,63,54,33,33,47,129,61,46,23,37,37,40,65,58,38,19,53,24,23,24,47,48,28,44,37,70,24,52,21,20,15,40,96,25,48,28,21
"Gene0573",31,13,15,13,18,9,36,12,7,3,20,29,22,12,8,17,14,14,20,15,14,13,16,26,25,29,19,8,25,14,23,31,16,7,13,13,25,7,24,25,8,19,8,15,9,8,28,30,6,23,29,14,20,5,30,19,12,16,25,18,20,22,32,16,15,16,7,12,29,14,12,10
"Gene0574",5,9,6,6,2,3,13,3,2,2,4,9,10,4,3,4,7,1,11,4,4,0,5,1,6,6,7,4,6,8,10,0,6,4,7,3,8,6,7,6,7,4,1,5,5,4,1,4,3,3,9,7,1,4,4,3,7,5,9,2,11,4,8,10,2,4,2,7,6,4,10,5
"Gene0575",59,37,34,28,21,33,33,39,61,34,59,30,33,30,64,28,39,60,35,64,56,44,57,57,30,63,41,53,30,61,31,32,67,17,47,51,85,67,57,63,52,11,27,34,45,37,54,50,28,55,61,49,28,61,46,40,40,52,38,70,48,63,52,31,24,35,60,35,62,93,80,40
"Gene0576",99,206,123,169,81,174,189,262,141,159,344,270,242,100,276,185,205,139,257,182,81,42,251,171,53,143,130,176,421,269,233,154,165,280,200,191,117,205,443,104,109,258,118,370,185,276,218,124,157,147,182,214,175,226,122,267,329,138,211,114,184,80,293,94,280,158,185,140,224,222,243,94
"Gene0577",330,886,410,956,544,359,644,501,717,980,552,546,243,545,875,704,574,271,310,601,668,520,363,567,395,578,513,422,236,328,586,585,443,827,486,229,640,297,710,426,395,549,707,462,707,722,379,368,574,118,227,258,449,913,749,548,565,408,634,216,582,796,616,348,604,496,254,471,391,302,390,534
"Gene0578",51,55,96,61,40,45,63,59,53,54,35,30,64,47,50,60,46,69,58,30,32,80,42,30,42,46,68,67,50,28,60,53,82,70,20,71,46,44,46,41,34,88,33,72,65,65,47,64,59,42,70,54,49,32,49,151,30,38,38,45,74,40,82,29,131,42,29,36,52,56,52,39
"Gene0579",53,65,77,51,42,67,34,43,37,37,46,64,50,38,73,38,18,46,46,93,34,55,58,50,50,34,58,58,44,58,41,40,43,68,103,24,39,26,40,20,84,33,25,62,58,40,66,39,72,58,45,21,35,66,45,25,29,33,30,29,61,52,34,42,39,58,86,36,48,39,69,50
"Gene0580",260,94,195,144,151,207,235,108,200,187,145,232,116,168,330,179,48,213,81,163,133,157,90,165,253,217,221,257,93,113,54,200,59,278,106,272,295,198,112,250,136,194,117,171,152,136,218,207,186,140,191,288,135,153,109,107,132,110,120,95,101,116,61,133,221,253,188,96,82,205,145,207
"Gene0581",64,111,108,75,20,58,52,64,61,38,61,107,53,72,32,31,47,70,109,55,48,59,53,73,48,77,46,98,43,84,66,30,39,61,36,28,20,46,23,94,53,49,45,53,61,88,105,74,64,31,93,30,68,54,92,45,66,119,71,69,94,81,57,39,101,89,20,45,96,38,31,54
"Gene0582",72,48,32,11,32,30,44,34,61,24,32,8,34,23,31,26,34,23,35,15,18,35,15,30,34,40,20,34,27,17,16,26,11,35,14,20,46,54,25,45,16,19,34,28,73,39,10,43,18,27,15,29,27,28,28,28,18,26,26,24,7,38,24,33,23,20,25,18,16,22,34,33
"Gene0583",8,3,17,17,2,10,11,5,2,13,6,8,6,2,7,2,11,7,6,8,9,9,6,10,9,3,11,8,7,8,10,6,4,6,9,8,2,1,5,3,7,2,14,4,9,2,10,17,0,7,11,0,3,2,8,12,12,5,5,6,8,10,2,4,4,9,3,7,7,3,7,5
"Gene0584",9,14,13,20,13,19,22,19,14,5,16,10,6,12,13,3,14,15,7,11,17,8,19,13,6,12,10,9,11,17,7,9,9,17,19,3,16,6,16,7,3,11,3,17,16,5,8,11,7,13,9,8,7,26,20,8,14,15,10,5,15,19,15,18,10,8,7,11,12,13,16,25
"Gene0585",136,88,31,95,105,120,67,87,70,93,95,118,63,97,120,64,90,55,111,140,46,180,230,90,51,137,91,73,33,78,72,42,84,109,74,74,75,66,96,71,55,173,113,105,93,104,47,75,86,62,76,116,63,103,102,98,70,104,98,67,86,110,75,106,11,14,29,18,34,19,26,16
"Gene0586",12,12,5,17,16,11,10,15,16,17,7,7,15,9,8,11,6,7,8,3,13,4,8,15,13,8,7,7,15,9,8,23,13,7,12,10,4,11,12,13,17,11,15,16,9,4,8,10,8,14,3,10,4,13,13,23,9,3,6,15,11,9,5,5,4,4,8,14,19,8,9,9
"Gene0587",152,85,191,192,148,186,237,255,115,161,151,348,143,126,179,200,255,178,196,158,157,138,244,116,172,237,212,160,209,182,245,88,260,112,240,125,157,307,166,122,209,189,138,176,189,190,101,243,152,124,182,280,177,198,195,103,115,216,162,83,192,152,343,137,198,95,252,192,144,179,225,262
"Gene0588",14,12,3,2,8,12,14,24,6,8,13,16,9,13,10,16,6,12,5,24,11,11,10,4,7,13,15,9,18,12,20,16,7,10,5,27,11,15,9,17,15,14,7,5,15,10,11,7,12,7,18,5,12,4,7,13,6,14,2,19,7,16,22,1,12,13,7,13,8,11,23,7
"Gene0589",55,30,41,37,27,35,48,56,72,88,43,36,48,57,58,63,42,29,36,71,48,35,24,29,80,68,13,34,50,16,80,40,46,46,65,65,39,48,21,49,43,21,31,35,57,34,63,26,33,47,26,42,35,89,62,35,36,47,71,9,72,46,38,33,51,46,26,68,74,30,29,36
"Gene0590",38,34,60,43,62,80,83,70,37,20,64,65,68,98,62,58,38,39,55,35,77,81,44,49,47,24,48,51,76,37,8,31,50,62,52,53,60,34,105,47,41,59,57,61,95,80,49,62,85,106,54,52,57,54,47,17,56,59,76,28,28,28,74,45,60,105,74,49,45,59,60,63
"Gene0591",81,97,83,81,42,71,30,39,75,30,45,61,47,73,45,59,70,35,43,47,70,42,93,85,33,25,45,40,68,66,33,104,47,38,47,41,77,95,28,71,81,34,31,69,70,36,71,44,70,45,135,64,25,60,51,46,33,50,68,33,23,41,54,47,72,55,106,47,111,48,74,38
"Gene0592",56,97,59,51,50,50,43,83,63,29,63,87,97,40,70,101,91,53,101,60,88,85,71,62,64,64,68,70,116,52,59,115,85,68,50,67,50,95,86,79,90,33,26,149,36,87,13,28,55,78,31,85,46,49,70,118,109,62,145,93,43,54,45,91,68,31,28,72,62,43,63,86
"Gene0593",96,43,147,103,141,100,99,158,97,122,210,93,61,74,116,131,44,110,101,137,92,97,129,147,82,144,101,199,181,93,178,108,153,65,71,157,179,74,148,86,91,103,96,102,149,150,162,175,178,163,94,36,153,84,72,152,57,152,108,232,103,127,153,88,120,109,133,80,104,65,108,97
"Gene0594",19,60,41,70,76,26,43,49,46,35,26,40,34,63,80,39,25,36,73,29,42,58,78,91,32,44,49,32,45,61,48,43,47,56,77,46,39,109,67,29,23,62,34,18,28,78,23,44,38,44,30,82,59,28,53,53,32,38,21,32,37,73,66,89,72,60,58,18,48,35,59,37
"Gene0595",27,15,72,43,45,31,58,55,36,18,48,22,89,58,85,34,34,69,32,45,16,79,29,33,20,59,21,25,16,31,42,34,32,36,36,20,77,24,58,35,29,22,57,100,55,81,26,79,29,23,56,41,12,13,61,63,36,62,26,35,40,47,55,34,2,4,8,8,8,10,6,6
"Gene0596",85,44,33,52,58,39,59,72,99,119,73,66,90,54,132,66,67,47,130,114,61,45,58,52,76,49,68,74,30,41,91,79,73,29,76,32,26,94,39,106,62,94,74,125,65,47,87,80,17,60,85,47,56,128,40,88,51,59,46,78,83,103,71,95,94,62,39,52,67,44,85,103
"Gene0597",31,52,17,40,70,34,23,20,53,37,24,47,32,29,16,85,24,24,19,38,30,18,40,56,44,26,32,30,49,9,20,48,40,29,30,38,21,7,31,23,36,36,26,49,23,36,25,32,45,19,8,23,34,28,31,32,29,42,40,22,9,75,19,71,35,32,28,35,19,55,30,68
"Gene0598",345,335,289,353,619,651,529,436,286,425,641,240,388,297,302,377,413,249,392,156,545,380,307,205,601,289,174,330,266,451,564,580,187,206,572,290,404,541,362,385,180,275,265,396,550,298,379,354,361,439,402,247,104,565,424,380,284,312,124,470,184,443,243,349,285,288,286,481,304,252,317,521
"Gene0599",17,4,3,9,7,3,4,9,5,1,3,4,4,4,4,3,8,4,5,6,1,8,2,6,3,5,8,2,6,3,10,6,0,2,1,1,2,3,3,5,5,1,2,10,3,4,1,3,4,5,1,3,3,5,3,5,2,0,1,7,5,4,10,5,2,5,2,1,5,6,2,3
"Gene0600",197,283,212,133,121,316,303,177,191,154,249,92,291,93,282,208,120,289,196,335,114,172,82,151,154,100,178,159,275,186,87,90,150,152,358,185,161,381,334,306,150,240,175,387,283,116,318,100,145,182,222,222,168,197,208,176,196,152,195,190,157,221,236,186,1560,1176,1608,1689,1305,1566,1735,1329
"Gene0601",42,29,49,76,54,45,30,13,41,37,20,32,41,27,61,38,54,24,33,22,25,44,38,29,39,43,32,54,58,17,59,65,27,25,37,53,34,22,22,16,27,41,24,18,63,40,22,49,25,17,21,48,54,40,47,45,50,41,46,35,19,54,14,25,45,25,38,51,24,13,51,39
"Gene0602",88,26,122,43,98,95,118,125,98,128,68,123,139,124,68,69,118,119,99,62,157,151,65,149,62,79,74,50,75,101,111,131,54,53,168,77,44,102,67,120,88,71,71,83,79,83,106,109,134,104,63,87,65,75,71,90,52,88,52,106,65,91,111,87,63,48,135,78,87,107,121,93
"Gene0603",140,286,122,66,212,180,173,176,122,145,121,155,132,88,139,88,220,140,58,204,192,80,157,248,54,197,224,304,151,219,244,135,146,150,186,223,175,247,152,254,149,136,121,177,124,386,215,72,163,154,155,244,188,183,198,161,158,166,267,135,200,178,128,110,182,113,266,140,202,108,133,161
"Gene0604",121,241,183,143,84,169,120,130,89,88,87,130,235,119,104,92,112,138,177,137,185,195,138,91,126,45,172,162,56,128,179,104,169,111,237,75,127,81,94,228,207,105,145,177,70,80,126,86,199,295,141,113,54,152,203,107,136,227,73,120,90,188,95,126,92,80,156,207,162,106,190,181
"Gene0605",15,27,27,17,28,18,16,25,26,41,29,48,20,19,10,25,38,14,39,27,15,40,35,36,37,17,47,25,43,41,30,24,22,38,23,36,48,21,22,23,19,27,36,30,11,37,23,20,28,30,32,24,38,41,19,11,27,19,31,31,29,13,25,38,20,22,25,22,21,32,22,12
"Gene0606",544,582,198,473,314,839,380,486,630,327,589,471,216,240,294,287,256,429,383,490,330,251,306,470,585,437,599,569,515,158,334,173,326,833,273,513,187,477,370,194,444,194,294,423,288,402,413,472,294,299,166,317,310,143,337,209,344,483,429,450,390,229,280,307,392,495,243,326,288,314,278,428
"Gene0607",8,20,5,8,3,4,12,6,0,7,7,11,6,10,11,8,4,22,6,7,6,9,10,11,6,10,7,8,6,4,9,6,0,4,8,14,7,2,8,13,8,13,4,5,12,5,10,16,7,14,11,12,5,5,4,19,1,4,6,11,7,4,7,4,7,10,6,5,13,7,6,6
"Gene0608",200,193,123,64,134,122,100,203,182,157,143,204,187,158,89,202,120,287,192,129,154,249,182,115,194,80,295,284,33,153,126,179,136,149,162,129,115,133,100,180,141,169,236,147,103,189,179,174,132,154,218,182,64,148,114,142,168,197,76,148,137,161,243,170,153,142,122,94,130,172,75,166
"Gene0609",33,31,35,41,38,39,22,34,22,32,22,26,27,36,32,38,22,34,24,49,29,26,20,26,29,35,26,30,43,9,42,17,30,34,22,18,32,22,23,43,7,48,11,28,20,34,41,33,24,23,34,39,18,23,33,19,21,33,29,37,47,41,15,47,22,26,18,14,23,29,19,24
"Gene0610",4,14,4,10,3,5,2,11,9,3,10,5,7,3,4,2,5,5,10,1,5,3,8,3,4,5,4,5,5,10,6,6,4,7,6,4,7,9,6,5,3,1,3,7,6,5,7,10,5,9,3,5,3,6,3,4,8,4,7,3,8,8,10,6,8,5,2,6,7,8,4,2
"Gene0611",4,3,14,5,5,7,9,3,5,8,5,3,6,10,5,14,7,2,2,4,8,4,7,6,1,5,13,5,2,8,11,9,6,6,3,2,8,4,5,8,3,5,12,7,9,10,9,7,9,9,5,8,9,4,11,4,3,8,4,5,5,2,4,1,5,1,5,4,10,8,9,2
"Gene0612",50,84,58,82,79,57,77,102,47,44,63,112,153,95,57,27,70,87,105,80,65,53,94,65,51,36,83,63,76,63,93,139,107,39,64,51,67,70,81,53,84,82,88,54,84,43,98,113,49,102,71,80,86,57,88,66,132,56,62,89,73,43,66,113,77,40,46,101,60,75,47,85
"Gene0613",1070,611,908,673,1413,624,946,295,783,829,1151,858,677,893,1107,785,753,659,706,1334,1026,362,1036,394,597,1246,593,349,609,943,568,515,1680,663,508,1016,656,713,594,804,1081,1001,676,568,541,814,418,717,703,998,1802,1173,547,755,302,1508,814,842,1448,723,741,983,579,901,708,930,768,1249,362,595,728,630
"Gene0614",114,39,151,67,83,34,73,135,78,59,44,69,53,39,60,70,117,54,67,89,40,42,54,53,165,97,63,62,65,61,41,107,61,47,47,45,77,166,123,69,99,126,59,36,69,83,57,93,50,155,70,49,37,80,33,81,65,66,66,165,101,76,86,64,60,53,84,90,102,73,81,46
"Gene0615",184,381,223,141,219,251,403,204,272,151,229,258,195,136,238,130,234,212,213,150,180,95,124,257,236,375,277,155,157,184,185,152,202,181,201,211,266,271,148,167,239,185,231,225,156,337,245,336,341,361,134,101,216,283,96,205,283,206,169,152,297,217,168,262,280,149,217,245,100,66,210,89
"Gene0616",129,128,175,105,168,125,90,229,241,153,85,96,132,260,163,77,80,73,106,95,169,134,82,147,86,172,96,65,154,256,200,248,188,96,107,264,161,221,309,71,78,119,103,78,169,133,148,130,147,121,178,167,73,251,165,123,150,151,290,175,155,138,148,99,123,204,242,171,149,163,159,102
"Gene0617",16,31,25,12,43,12,31,54,14,26,21,14,23,20,31,10,19,17,15,38,8,34,37,28,22,24,34,6,37,14,18,19,18,33,30,39,20,23,44,17,14,17,27,31,30,28,25,10,28,28,35,35,32,35,14,45,29,37,37,27,15,31,9,33,21,6,19,17,37,39,11,24
"Gene0618",160,257,224,389,197,144,192,208,114,129,170,164,126,112,97,162,249,159,147,149,113,136,230,161,79,272,111,241,147,127,129,190,94,169,246,134,63,188,168,190,133,193,139,197,217,260,189,167,150,86,146,284,154,231,143,73,197,153,80,172,278,167,168,311,232,167,223,396,240,167,80,110
"Gene0619",89,66,49,57,78,92,115,106,125,28,91,81,80,116,101,64,77,58,67,106,120,127,86,68,65,94,119,47,42,71,43,123,93,89,72,51,74,123,64,138,60,123,46,53,108,100,75,115,83,135,86,71,48,56,135,107,142,54,90,74,68,50,48,61,63,42,85,83,126,49,63,118
"Gene0620",50,70,98,24,64,106,80,68,38,115,71,46,52,105,124,87,91,65,39,82,103,79,50,65,51,71,56,71,68,69,98,63,47,54,52,87,112,105,78,44,75,70,101,78,47,75,27,103,97,49,87,57,45,49,84,56,36,81,73,89,61,48,86,109,29,31,105,48,99,95,42,98
"Gene0621",219,164,214,179,177,376,158,154,87,170,193,276,58,140,112,119,101,115,61,104,286,154,121,192,190,211,228,209,159,462,150,159,111,183,378,260,145,200,155,160,223,196,185,121,51,202,191,213,125,212,250,180,171,159,151,175,211,120,347,208,174,98,288,97,168,198,146,119,161,99,125,169
"Gene0622",162,173,157,97,167,169,147,73,101,136,191,168,163,188,150,248,132,205,166,38,100,195,118,175,55,91,156,140,102,71,53,130,125,115,251,321,167,98,97,141,144,146,94,168,128,115,118,106,180,174,184,85,168,175,86,107,66,146,95,205,168,98,99,144,111,142,150,242,143,283,93,151
"Gene0623",26,38,51,25,25,53,39,30,41,25,19,21,38,46,39,28,24,38,19,29,24,11,31,35,26,36,20,15,32,34,18,25,23,29,17,25,19,35,33,27,14,15,40,15,14,35,30,45,22,38,33,22,13,20,28,25,8,13,18,33,51,21,21,24,42,28,28,44,15,18,19,21
"Gene0624",47,78,78,166,134,132,114,102,65,113,165,84,104,79,104,45,93,112,52,69,124,89,123,50,44,96,115,52,114,57,89,71,86,46,74,97,101,68,127,79,82,74,86,46,47,85,92,90,110,150,64,69,103,109,105,53,177,163,85,63,110,74,54,42,83,90,49,107,49,49,62,47
"Gene0625",18,19,21,15,15,16,15,1,21,16,12,8,10,10,28,14,16,12,19,9,12,22,20,37,23,26,13,24,22,12,31,21,7,16,13,6,28,13,23,23,18,32,11,5,7,6,13,33,36,15,9,22,22,21,12,40,20,16,25,32,17,29,29,18,13,32,7,29,19,28,23,24
"Gene0626",140,133,83,105,106,69,110,57,50,63,63,60,120,102,192,50,70,106,90,65,87,132,92,134,37,151,160,142,58,99,99,154,54,80,228,51,83,141,174,121,77,130,75,103,78,170,160,120,144,79,139,134,132,62,127,119,72,89,166,186,123,91,183,41,67,118,158,124,82,103,180,103
"Gene0627",26,28,19,8,19,18,48,25,20,30,43,25,50,18,5,35,22,28,52,34,37,39,20,24,25,45,23,21,25,19,27,26,31,24,56,40,48,79,33,47,48,42,22,17,47,57,30,37,34,92,26,25,34,31,39,50,24,20,12,45,30,40,32,48,34,36,34,31,37,38,38,18
"Gene0628",55,148,67,167,86,99,92,136,133,49,92,63,84,88,85,41,65,118,58,99,81,97,97,45,102,107,96,114,88,85,93,66,178,73,163,102,80,101,36,40,93,124,79,113,101,141,103,48,55,75,44,125,60,116,81,108,53,62,84,95,67,109,80,59,66,87,50,92,110,91,33,119
"Gene0629",86,97,77,127,82,73,110,87,58,88,78,82,86,156,55,81,103,49,96,67,91,43,162,56,118,64,145,67,118,61,50,110,31,62,120,54,100,163,91,104,48,78,98,90,167,130,64,84,77,83,47,92,128,142,88,129,148,63,197,104,83,92,124,104,82,127,89,94,59,51,114,26
"Gene0630",37,95,51,20,42,28,58,39,16,38,23,74,45,55,49,54,44,13,24,28,29,26,16,38,30,40,54,37,26,45,32,45,83,22,29,19,32,35,35,30,24,13,33,23,22,47,38,25,14,26,57,23,33,14,49,23,13,31,45,32,69,37,45,53,53,50,52,37,35,50,17,30
"Gene0631",52,93,128,117,151,51,68,77,157,101,91,72,67,89,112,36,72,66,96,63,114,107,102,110,107,101,121,60,133,103,70,98,175,77,77,133,142,106,61,152,123,93,63,66,154,68,112,115,53,109,68,95,142,93,58,40,53,133,104,106,42,162,61,90,125,71,97,172,58,86,124,113
"Gene0632",144,193,67,127,79,68,141,142,64,149,154,67,120,68,96,62,128,56,107,87,72,69,112,138,95,85,86,76,122,147,40,43,235,108,93,103,90,104,174,149,77,106,102,99,63,78,65,139,120,110,93,149,52,238,169,94,129,152,155,35,103,97,92,115,50,109,145,83,141,107,50,58
"Gene0633",105,7,28,61,42,35,23,52,25,42,42,37,34,63,63,50,39,29,48,46,43,27,30,42,73,19,27,64,64,42,40,51,40,52,41,70,53,35,61,47,43,30,75,47,56,20,39,57,32,31,20,30,41,47,32,36,42,44,41,35,17,35,54,56,8,5,10,6,5,9,11,8
"Gene0634",291,317,66,91,200,164,317,358,203,290,300,314,252,270,320,171,206,230,181,184,209,216,110,158,242,294,165,225,221,309,194,142,165,357,317,253,175,260,362,210,174,223,339,181,156,190,149,241,285,429,317,165,112,171,359,273,132,260,311,386,162,248,246,243,211,515,232,204,203,106,117,231
"Gene0635",235,329,251,451,163,439,381,245,330,255,229,99,299,376,152,220,220,349,391,209,246,234,177,227,198,275,190,421,417,272,139,204,313,333,145,310,305,118,217,249,179,222,288,552,295,266,234,326,223,313,385,331,327,225,287,257,218,208,312,433,429,397,364,343,278,246,242,386,322,268,584,242
"Gene0636",9,24,35,30,36,31,22,19,35,23,40,46,34,27,49,17,18,16,30,11,12,20,28,50,47,19,49,24,34,30,18,21,28,34,15,48,23,21,17,26,25,19,31,21,15,24,41,20,16,19,28,11,24,29,24,16,36,43,36,14,17,29,15,39,33,21,19,16,26,27,25,12
"Gene0637",16,16,17,24,11,9,18,25,20,38,17,30,17,29,33,29,15,13,17,18,10,16,28,14,30,10,37,31,24,19,28,12,37,16,19,23,27,27,32,16,7,23,14,11,22,10,15,14,28,35,30,29,30,20,28,27,9,22,13,18,26,14,28,26,30,22,22,34,15,31,14,27
"Gene0638",147,68,66,142,70,142,61,54,145,109,99,86,75,47,97,87,73,103,72,56,45,74,90,45,149,50,99,111,49,91,87,101,86,75,133,142,141,147,69,80,139,47,75,119,107,58,139,108,112,75,80,134,143,155,95,102,114,110,132,118,80,155,108,114,124,53,42,107,118,94,137,48
"Gene0639",10,21,14,7,8,33,6,13,27,18,13,15,31,23,29,7,37,9,18,26,10,22,28,20,21,14,44,26,10,32,11,23,24,22,16,28,14,21,12,10,13,17,29,19,5,2,25,12,20,16,18,16,21,6,28,11,15,17,23,13,15,14,14,9,26,13,14,25,12,6,9,23
"Gene0640",33,24,48,27,16,26,57,32,48,36,27,11,23,22,53,24,25,23,24,18,10,36,43,75,41,21,22,23,40,41,52,49,29,43,30,27,40,30,21,24,39,24,21,39,41,24,17,19,48,16,29,35,29,42,6,18,40,24,38,25,15,36,34,29,49,22,28,30,30,33,44,27
"Gene0641",152,151,173,185,180,149,148,97,169,92,152,119,214,140,118,155,71,285,183,89,102,244,118,193,101,70,102,156,107,66,149,156,106,104,169,128,158,50,69,122,93,125,87,108,116,138,126,78,104,151,192,81,211,98,123,115,224,148,144,78,248,131,108,178,130,179,178,153,121,161,159,154
"Gene0642",26,10,37,13,42,16,31,30,36,27,41,23,23,19,24,31,23,14,10,27,39,37,44,30,28,33,25,25,28,14,32,29,14,16,24,32,32,44,25,60,40,38,26,31,18,31,26,33,30,38,34,9,25,34,13,52,24,25,28,14,41,42,19,22,25,30,48,37,16,37,39,30
"Gene0643",7,4,7,11,4,4,6,3,8,6,4,3,4,2,1,7,1,3,7,3,4,3,4,3,11,4,2,4,13,4,7,6,6,1,4,3,1,2,5,3,5,1,4,8,6,3,10,4,4,5,7,4,15,4,5,2,4,12,1,6,2,8,5,8,6,3,1,2,9,3,0,4
"Gene0644",93,57,90,112,58,150,111,161,156,102,145,92,113,192,107,75,168,132,89,95,139,134,141,206,100,132,136,125,92,167,68,187,79,68,151,75,210,80,104,128,111,160,83,94,157,63,60,78,85,158,162,69,104,120,162,70,149,72,122,53,69,119,180,65,51,152,137,96,115,100,132,64
"Gene0645",10,21,3,1,9,8,4,13,3,10,8,9,6,6,3,6,9,6,17,14,4,9,8,5,13,4,9,15,6,6,3,9,6,4,14,1,16,4,5,7,11,3,10,7,5,5,10,8,8,7,16,5,14,10,12,11,7,8,7,8,6,15,9,7,3,15,12,3,3,13,7,9
"Gene0646",7,11,14,7,11,7,10,7,12,10,3,14,13,6,6,35,7,14,7,11,22,7,16,12,6,12,14,11,17,5,12,11,5,7,15,9,9,9,5,16,10,8,9,14,15,7,7,16,7,17,9,21,15,2,13,7,8,14,17,11,9,9,10,5,7,10,8,10,16,13,16,11
"Gene0647",2,1,1,0,1,0,1,0,0,1,0,7,0,1,2,2,1,3,1,0,0,0,1,0,0,1,0,1,2,4,4,0,1,1,3,2,1,2,2,0,1,0,2,1,2,2,2,0,2,3,1,1,1,1,1,0,1,1,2,0,1,1,3,1,1,2,0,3,3,0,0,0
"Gene0648",233,70,81,150,144,99,71,148,96,153,124,187,100,177,157,70,195,189,117,138,171,196,208,157,148,135,129,71,133,117,219,169,221,112,121,190,410,149,103,123,159,120,233,102,101,211,178,185,241,128,125,225,125,240,176,109,253,132,151,192,120,163,201,141,70,190,210,191,210,142,124,87
"Gene0649",27,91,126,77,95,90,49,78,47,88,68,109,82,81,72,65,61,131,92,62,76,48,86,82,68,103,74,48,74,121,56,59,89,87,60,29,58,44,29,66,56,96,44,111,76,84,130,59,94,88,80,90,42,72,57,51,61,91,103,54,83,40,54,47,36,62,86,100,47,33,48,62
"Gene0650",56,71,152,56,84,144,117,145,64,118,72,114,86,127,126,43,89,56,92,50,113,135,65,105,131,70,208,103,83,92,68,102,84,66,82,57,126,60,78,104,83,66,101,109,86,182,63,83,51,94,124,102,68,111,66,102,77,68,82,135,78,128,101,83,83,91,119,51,144,120,73,172
"Gene0651",99,137,94,168,169,113,109,170,105,283,113,175,80,196,148,171,83,137,200,145,43,81,170,167,134,62,336,118,96,224,164,182,58,135,102,156,169,217,97,129,199,336,100,116,108,98,116,159,154,123,137,160,112,212,103,251,294,79,100,300,88,126,149,124,234,127,158,113,138,190,152,176
"Gene0652",41,35,55,31,43,46,50,38,63,53,65,38,56,47,38,63,42,55,27,43,87,28,77,77,59,53,36,93,53,63,81,82,62,55,41,45,33,44,62,39,59,39,85,35,46,21,62,61,28,32,70,38,51,33,98,49,53,61,30,58,14,10,88,52,58,33,43,91,45,22,105,82
"Gene0653",15,10,11,13,19,15,8,7,7,19,19,15,18,8,21,12,25,22,19,12,8,12,16,16,17,17,14,11,14,14,21,32,22,17,34,7,22,7,8,7,12,11,12,8,22,31,18,12,18,10,13,13,9,10,12,25,18,12,17,6,13,8,19,8,15,12,15,7,23,15,14,31
"Gene0654",118,200,247,163,206,220,137,82,98,91,122,87,199,115,96,59,76,78,109,59,141,74,135,90,163,162,170,190,58,65,70,85,135,50,67,56,73,97,122,110,105,62,46,130,81,127,127,53,113,72,105,138,105,78,66,137,75,82,107,99,93,122,81,138,602,468,547,557,335,592,344,490
"Gene0655",366,177,380,268,219,259,334,261,270,152,247,297,321,262,182,277,196,135,263,108,251,233,194,385,250,208,188,215,272,110,122,224,236,339,262,310,158,231,192,267,188,338,213,346,248,131,162,442,209,147,159,272,143,294,335,181,206,174,166,128,80,229,462,352,160,368,218,145,443,298,388,404
"Gene0656",6,6,10,15,10,8,4,5,9,12,8,4,10,10,13,8,17,4,11,7,16,3,11,4,9,15,9,6,8,4,11,4,5,8,4,10,9,9,3,6,4,5,12,11,10,3,8,5,8,4,10,2,7,10,5,11,12,5,10,10,8,12,3,9,3,1,0,2,2,0,2,0
"Gene0657",35,17,24,12,20,14,17,32,33,42,54,34,22,33,25,33,19,27,22,35,55,24,55,31,42,17,26,36,15,29,19,17,15,48,21,50,40,22,20,33,41,35,27,42,23,20,16,30,34,19,37,12,43,16,31,11,20,29,15,14,61,34,31,18,35,17,37,12,23,22,24,38
"Gene0658",38,15,18,27,9,44,26,34,33,25,33,65,34,36,29,23,46,37,26,23,47,29,44,19,53,34,52,28,48,50,40,37,10,29,26,51,31,18,38,25,57,53,30,36,68,37,38,55,37,46,21,43,41,62,53,45,37,40,28,26,22,56,41,34,28,35,30,30,68,67,36,66
"Gene0659",16,21,10,14,7,20,14,8,4,13,10,19,8,7,5,11,7,4,11,15,8,7,12,8,8,10,5,12,9,3,10,12,2,8,9,16,18,13,6,10,14,10,11,14,7,11,8,15,5,17,18,13,11,9,13,5,6,10,11,6,9,13,16,8,16,7,12,8,4,9,13,10
"Gene0660",194,179,108,185,125,109,169,137,70,150,139,125,156,118,143,161,77,142,89,258,86,96,92,82,145,253,63,78,67,107,64,41,110,164,101,98,177,151,75,149,81,94,115,113,146,117,94,177,136,62,105,61,130,90,180,159,64,114,138,186,133,70,40,73,162,243,89,175,125,163,87,174
"Gene0661",38,18,22,16,31,50,40,21,26,11,44,29,21,34,31,19,40,39,16,26,17,21,35,18,19,28,17,13,27,23,44,33,9,16,24,25,13,26,14,33,25,35,15,15,27,29,26,10,24,27,42,20,22,41,22,45,30,38,32,42,24,38,34,23,23,39,37,17,22,24,30,46
"Gene0662",291,205,281,286,389,184,164,280,293,293,199,346,143,240,163,179,193,212,176,286,365,197,187,418,314,455,211,303,112,215,68,319,272,257,185,280,58,189,271,121,233,343,254,255,189,283,220,187,353,285,189,189,146,287,163,164,313,143,378,133,398,324,204,143,332,274,394,148,189,242,401,265
"Gene0663",40,49,43,71,44,67,34,47,21,68,78,71,41,35,51,47,43,74,42,46,95,60,111,66,50,40,80,80,78,50,43,76,51,114,47,59,57,53,50,31,46,61,75,65,20,85,60,53,108,39,53,72,38,84,67,82,119,82,46,28,70,59,69,70,21,49,100,43,47,52,48,55
"Gene0664",114,69,182,180,148,133,148,111,57,180,65,97,196,157,169,104,100,112,121,167,120,132,78,112,70,112,127,90,96,92,83,69,181,132,116,178,129,202,82,203,109,112,59,181,134,100,136,221,192,138,117,96,126,145,137,94,180,181,128,156,168,144,141,198,85,240,141,153,192,82,165,156
"Gene0665",209,538,288,576,482,338,397,187,166,332,382,411,488,197,387,254,183,397,263,276,181,277,624,724,362,490,198,429,426,262,237,306,217,447,240,491,351,348,338,179,365,337,388,623,190,277,474,282,508,468,576,191,227,356,389,173,308,192,438,290,291,247,221,186,385,276,93,216,86,461,387,217
"Gene0666",78,38,49,101,113,39,45,103,81,56,75,68,51,92,69,67,41,99,47,50,126,94,124,87,107,111,65,35,77,104,62,52,142,70,83,113,37,106,53,135,64,87,58,102,44,92,54,34,39,94,112,66,46,56,81,79,82,49,91,65,91,67,81,66,478,481,490,293,442,479,468,494
"Gene0667",114,327,198,164,200,185,206,251,166,147,146,258,222,191,118,130,230,299,312,344,252,253,258,269,79,200,383,174,114,150,106,109,250,205,302,259,250,198,272,372,89,103,142,161,212,183,242,213,22,94,239,169,134,181,240,218,263,162,135,168,119,180,162,236,289,265,131,141,235,120,214,161
"Gene0668",48,61,59,54,70,86,44,67,84,53,125,74,52,38,60,55,65,85,66,61,95,74,67,89,47,132,75,86,48,58,64,36,105,88,41,58,85,58,48,94,82,55,59,98,44,68,53,58,66,75,86,64,26,53,113,71,110,89,44,11,83,102,70,76,74,63,76,52,62,77,91,33
"Gene0669",6,9,11,5,16,11,8,6,3,10,6,15,8,5,2,13,8,5,13,9,8,10,3,6,17,24,2,1,4,7,14,6,17,6,15,1,7,13,4,11,9,5,11,5,16,7,14,4,6,9,13,6,5,4,9,10,2,5,8,14,14,15,13,8,7,14,6,9,13,9,16,4
"Gene0670",48,65,48,48,37,56,62,63,57,44,90,70,85,33,44,49,79,53,57,64,55,62,50,88,69,51,25,38,67,43,43,112,44,39,37,87,81,45,41,16,58,75,57,52,39,121,38,70,52,56,33,82,59,41,35,41,72,92,33,55,47,64,66,45,54,70,91,47,45,78,39,45
"Gene0671",154,26,114,178,164,148,154,141,168,165,79,155,104,107,162,113,122,121,159,189,67,300,148,186,160,154,93,142,122,40,166,139,108,73,121,154,120,160,156,145,84,216,135,147,59,103,83,163,55,109,133,115,113,162,106,147,59,117,132,152,107,129,120,129,182,120,155,134,202,77,134,88
"Gene0672",181,83,113,92,65,92,245,96,85,71,144,80,80,145,71,98,129,178,96,105,150,58,78,85,60,126,78,58,133,102,109,82,103,110,58,56,115,60,141,84,112,123,82,133,23,132,139,42,120,58,56,122,107,96,84,88,97,75,96,98,74,150,83,73,36,103,127,65,113,52,62,47
"Gene0673",29,32,24,29,18,27,60,23,63,45,33,57,37,59,26,65,41,29,45,35,47,44,28,59,23,62,43,21,59,29,64,84,23,108,37,30,43,52,40,68,32,58,24,19,48,38,37,71,21,63,26,40,24,47,54,38,46,45,13,64,75,59,52,27,80,26,60,21,44,48,34,37
"Gene0674",16,14,5,6,21,9,9,10,5,10,7,19,18,16,8,9,7,10,11,9,21,10,22,21,19,3,15,13,6,4,12,10,4,12,8,24,17,15,23,8,16,10,12,11,15,32,24,16,17,7,11,20,15,14,4,17,13,15,19,12,9,15,8,24,13,15,24,7,13,5,17,10
"Gene0675",113,138,117,80,117,109,139,59,84,150,174,148,64,171,98,80,77,221,71,154,53,44,111,133,145,104,53,252,131,274,86,102,59,251,106,70,188,123,105,82,66,142,90,239,151,180,105,81,118,140,126,92,94,136,82,119,172,94,94,117,75,139,95,122,56,114,62,94,165,155,133,89
"Gene0676",34,16,18,35,27,15,24,45,15,22,16,10,18,28,23,16,45,15,15,12,20,12,19,25,13,13,21,6,22,13,19,11,16,25,18,15,17,30,14,15,31,15,22,21,17,14,6,24,13,28,28,4,10,19,10,9,22,11,14,14,17,18,10,17,101,48,109,100,39,52,76,69
"Gene0677",15,13,13,13,5,21,7,6,8,8,14,8,24,27,14,13,7,17,12,12,7,12,11,7,7,9,7,8,17,11,8,1,20,9,14,9,11,10,8,19,15,16,13,15,8,17,9,11,10,16,13,6,14,8,19,5,6,10,6,29,15,6,17,18,12,14,12,10,4,4,15,19
"Gene0678",83,179,188,89,140,186,117,79,129,58,62,64,96,162,82,77,47,79,195,72,173,104,262,81,81,60,122,69,158,69,87,145,175,162,170,173,107,122,164,112,68,111,62,122,66,151,99,101,152,80,96,90,167,129,100,122,89,55,95,53,104,94,145,84,83,39,50,69,67,145,201,132
"Gene0679",7,19,6,13,11,17,9,12,12,13,26,9,28,16,1,16,8,17,18,11,12,13,9,15,20,24,12,7,24,10,7,9,6,18,11,11,6,8,9,13,5,6,13,14,11,11,9,8,16,9,4,14,7,15,21,16,6,14,12,19,8,9,10,8,15,5,7,6,17,20,5,25
"Gene0680",81,85,59,57,53,79,87,86,54,45,104,64,32,69,133,104,124,86,67,67,42,47,125,69,93,81,41,28,137,68,116,89,55,60,70,76,35,40,62,66,53,82,71,78,41,116,58,22,90,63,88,138,41,77,78,58,80,134,81,70,46,94,99,122,95,158,39,69,66,104,166,60
"Gene0681",63,40,50,51,30,32,42,41,97,36,55,34,29,39,55,41,79,33,73,76,54,81,72,89,30,30,35,54,23,39,46,51,62,53,39,67,78,62,66,54,53,17,73,66,24,75,49,48,109,62,39,62,50,20,46,79,61,46,68,43,49,71,55,44,153,289,227,166,221,236,249,204
"Gene0682",16,6,8,19,11,13,17,18,12,13,8,18,12,14,10,28,24,7,7,12,7,20,7,6,14,11,16,3,13,8,7,7,17,9,7,9,9,26,14,10,10,12,3,8,12,10,4,10,11,10,9,8,3,9,14,20,7,9,4,3,12,3,13,11,10,9,18,13,8,10,6,17
"Gene0683",259,218,92,193,242,99,428,155,405,175,424,334,250,226,158,247,135,137,292,258,278,208,134,520,303,413,226,291,312,206,270,126,205,164,193,321,318,212,189,176,102,163,205,175,126,152,122,289,318,266,96,222,234,152,63,197,189,173,136,342,328,249,242,164,198,308,182,247,177,146,165,158
"Gene0684",64,31,30,31,28,30,27,19,21,16,27,40,26,47,19,27,29,32,41,5,25,38,41,25,16,25,51,40,26,43,25,33,27,35,13,31,30,12,18,10,27,19,26,21,28,28,13,14,28,25,24,35,37,17,16,27,26,21,27,28,44,22,34,29,24,44,23,39,19,41,8,13
"Gene0685",93,321,306,113,176,136,230,198,216,172,212,151,180,147,200,262,142,172,128,168,541,99,219,142,346,188,264,247,200,196,278,124,257,263,146,131,233,258,143,207,233,277,388,240,284,300,282,171,270,202,309,199,163,190,212,261,401,98,222,131,265,204,232,198,244,199,271,224,202,307,394,360
"Gene0686",35,19,31,27,43,42,40,39,42,30,19,20,15,19,20,17,28,13,31,24,37,35,65,10,18,34,7,31,40,37,31,29,23,33,29,26,23,18,9,38,16,26,32,42,17,19,15,35,31,29,33,22,42,27,40,10,51,33,54,38,44,34,29,40,31,29,56,37,41,31,25,39
"Gene0687",31,22,32,20,44,13,19,21,29,44,41,17,23,15,13,6,22,34,29,32,36,16,28,40,19,25,33,38,24,16,25,5,22,20,28,13,58,31,51,32,26,19,28,32,40,27,18,18,37,17,33,15,28,23,23,34,28,36,22,37,45,13,9,30,40,26,26,37,34,36,27,19
"Gene0688",66,44,69,56,108,41,35,105,66,15,78,93,43,81,37,33,36,37,15,71,62,46,30,65,43,42,43,54,69,30,65,26,101,63,89,54,74,35,74,38,73,48,72,60,46,79,41,26,42,44,64,40,59,56,21,42,63,60,42,60,35,76,58,40,38,37,72,65,85,46,33,104
"Gene0689",33,49,54,73,40,22,13,27,27,36,25,35,61,11,33,27,47,28,37,30,15,21,15,23,35,31,38,43,39,17,27,33,36,37,45,11,38,20,13,31,19,47,37,11,26,15,27,62,23,46,29,18,49,44,23,36,34,22,33,30,16,47,23,34,15,26,45,46,20,36,50,27
"Gene0690",34,35,63,28,36,14,22,63,35,24,26,67,53,41,24,27,47,18,26,36,25,47,38,46,32,25,21,37,29,23,32,19,43,43,25,18,50,29,20,21,36,48,22,28,49,44,23,42,42,36,45,32,62,23,85,17,57,28,56,56,31,24,31,8,53,16,26,30,48,47,32,37
"Gene0691",22,16,16,18,12,20,10,17,20,15,23,23,18,14,23,9,31,38,28,18,3,9,11,20,9,19,17,36,8,15,23,18,17,19,15,23,26,10,11,10,13,18,9,16,18,9,16,32,25,13,13,19,9,41,15,13,13,36,32,20,24,27,17,22,19,20,27,24,14,21,13,14
"Gene0692",17,14,10,13,23,19,14,19,7,11,8,5,2,13,10,15,12,16,14,11,11,10,17,24,13,16,11,9,7,13,21,4,19,16,15,6,12,6,11,8,12,16,13,10,17,4,22,9,13,3,6,12,20,21,10,21,20,15,17,9,14,10,10,17,7,18,8,8,20,12,14,8
"Gene0693",98,83,99,157,139,130,150,71,217,140,154,103,82,205,144,120,159,119,73,60,97,80,77,112,202,110,90,93,103,58,133,72,94,103,151,109,73,115,114,134,139,97,38,251,111,151,119,134,125,61,119,102,76,73,161,95,138,122,142,94,84,99,151,70,104,132,82,68,59,84,201,115
"Gene0694",34,13,23,25,14,6,18,7,16,17,17,20,15,15,20,20,16,11,18,21,33,26,37,27,30,26,12,31,15,21,43,14,24,18,22,19,10,29,11,34,19,25,24,21,13,14,23,32,15,28,19,15,10,22,18,15,20,15,20,44,22,54,15,17,32,23,15,20,26,22,26,5
"Gene0695",11,7,8,10,15,8,19,13,7,8,9,26,8,18,6,11,15,9,12,8,12,10,11,21,14,12,11,8,3,14,10,11,10,10,21,18,11,8,9,20,10,8,8,6,6,4,9,7,7,16,13,13,9,7,12,3,13,12,4,15,10,8,21,16,13,8,10,6,10,13,7,11
"Gene0696",31,14,36,19,29,38,13,32,17,34,25,28,30,34,13,56,20,10,50,16,13,27,16,25,34,31,34,29,39,52,28,15,37,36,29,40,40,32,68,37,21,31,25,37,44,22,13,61,37,11,18,30,36,40,48,37,32,58,15,33,36,46,48,13,26,21,30,55,14,42,54,46
"Gene0697",16,10,23,27,26,8,24,20,27,9,20,19,23,25,15,28,16,26,28,9,22,41,36,30,35,19,17,14,25,20,8,22,29,10,12,25,33,11,28,31,12,11,23,19,6,30,24,16,20,16,13,33,23,19,17,14,18,13,25,37,12,17,16,8,11,14,26,13,26,12,9,17
"Gene0698",10,8,6,2,5,7,1,2,5,5,4,7,2,2,4,3,2,2,1,6,2,4,4,4,2,6,2,2,3,8,5,5,3,7,3,5,4,3,5,4,3,6,11,4,5,6,4,3,4,4,5,6,5,6,1,2,5,5,3,1,1,2,3,5,3,7,1,3,3,4,8,6
"Gene0699",57,48,20,22,20,49,45,47,47,77,50,43,54,32,26,26,24,43,44,10,21,38,49,48,39,40,29,29,29,45,35,31,28,48,42,32,23,48,41,27,28,42,51,40,47,66,49,58,43,50,52,39,21,52,49,45,51,58,31,39,27,34,47,35,30,37,30,65,19,27,30,32
"Gene0700",105,59,25,97,63,52,80,97,110,81,77,126,49,37,58,113,65,118,66,74,110,58,37,119,118,40,87,64,29,49,57,72,78,50,80,147,88,105,53,105,85,103,43,57,50,33,79,75,117,51,43,65,48,92,47,34,79,42,74,69,69,56,52,41,63,49,58,83,63,42,61,32
"Gene0701",78,43,70,82,84,49,85,37,36,93,134,92,76,77,101,52,63,45,112,45,52,66,50,69,101,44,94,94,52,80,127,55,124,72,95,72,76,84,89,53,61,45,49,77,62,92,43,107,58,75,61,67,138,94,71,82,108,94,106,52,66,83,88,193,85,61,35,41,121,85,113,56
"Gene0702",150,92,131,90,99,109,62,108,83,87,121,79,96,140,61,72,59,82,85,91,50,159,62,40,85,46,92,181,45,64,66,122,137,92,96,109,64,87,71,89,68,87,98,98,81,62,64,64,50,110,104,49,141,72,75,86,145,41,83,80,81,69,84,75,79,77,120,71,80,150,155,83
"Gene0703",7,16,15,26,10,19,16,17,9,15,7,17,9,8,15,10,19,12,20,8,15,15,13,22,11,12,17,20,8,16,12,23,10,19,7,17,14,17,26,19,17,9,14,8,14,12,6,7,11,18,8,12,26,9,28,21,6,23,13,13,14,21,19,21,15,21,12,8,12,7,11,6
"Gene0704",46,31,51,48,70,40,46,40,37,28,59,34,55,53,37,30,15,52,41,48,66,31,30,47,46,31,76,9,77,47,35,22,39,44,51,19,65,31,33,20,29,43,37,31,9,29,51,61,42,40,91,41,18,60,27,36,34,22,56,62,32,21,33,40,61,30,40,40,38,11,39,28
"Gene0705",7,12,32,32,35,16,8,19,7,19,16,11,8,22,25,18,13,15,31,10,11,16,31,5,24,18,8,17,20,14,12,8,21,12,7,8,21,11,27,17,23,26,18,30,14,14,6,32,9,5,13,11,28,14,15,19,5,29,22,7,8,7,19,9,27,20,13,1,17,20,14,14
"Gene0706",34,15,29,36,16,35,18,32,42,9,43,29,27,15,23,23,35,13,22,22,22,51,30,41,21,15,46,17,32,24,20,14,39,14,31,19,55,13,19,17,47,66,47,34,13,17,28,12,23,53,13,23,21,19,24,15,20,15,16,13,38,32,25,23,23,21,30,35,27,18,22,42
"Gene0707",8,6,12,11,14,6,8,11,14,11,9,12,6,19,29,16,8,5,24,6,10,10,10,19,19,13,7,15,8,14,12,17,17,9,10,17,9,10,8,7,11,15,19,17,18,10,19,12,18,16,11,12,7,14,8,9,16,7,21,19,13,11,13,14,5,10,8,21,11,21,20,7
"Gene0708",6,11,14,6,14,9,10,7,11,12,13,28,11,15,17,7,13,9,15,9,20,10,13,17,11,10,11,11,10,20,15,13,12,8,12,9,18,9,17,21,12,24,11,9,15,16,16,4,15,18,14,10,7,16,12,20,29,10,14,11,18,18,16,7,11,20,27,12,12,17,15,22
"Gene0709",147,129,51,48,107,67,95,117,78,121,81,139,162,172,112,78,194,95,156,138,154,119,80,164,113,140,133,171,110,86,99,102,160,100,57,79,116,87,132,135,94,177,137,57,105,131,72,81,104,90,97,213,182,158,111,188,76,86,184,87,83,98,78,109,127,155,212,65,121,202,210,86
"Gene0710",39,43,39,66,22,47,45,59,20,42,48,52,30,28,67,43,50,30,30,12,40,56,30,65,45,33,33,54,47,42,28,33,21,44,19,55,26,42,35,50,33,35,30,61,57,39,50,59,17,23,58,67,26,46,33,39,26,36,45,23,26,46,18,84,34,54,33,38,25,26,48,30
"Gene0711",36,38,62,22,29,35,49,45,39,41,64,40,30,37,43,35,45,21,58,42,41,22,66,32,48,41,34,31,43,36,38,49,33,43,20,37,27,37,57,45,32,26,34,34,25,49,36,67,41,71,46,30,43,32,51,32,21,29,37,20,46,32,34,20,65,25,56,44,20,49,52,42
"Gene0712",379,560,754,302,417,118,521,407,476,394,623,460,495,168,233,396,416,415,474,438,517,349,438,850,431,327,359,493,217,336,469,216,485,677,228,443,775,428,437,518,373,643,400,350,406,293,332,365,519,294,451,337,344,413,619,382,688,519,350,433,268,409,538,366,264,363,410,539,312,369,336,692
"Gene0713",32,52,30,35,64,43,24,47,31,60,43,64,74,63,93,67,43,38,23,46,24,51,77,59,87,30,42,40,58,41,19,29,101,81,59,21,69,40,46,34,36,58,57,65,38,30,75,58,65,54,65,69,77,60,55,24,34,51,30,41,75,31,27,81,19,20,43,34,55,36,40,46
"Gene0714",26,36,33,20,5,33,23,21,16,26,19,19,35,26,13,33,43,50,22,31,51,39,10,22,22,31,23,28,30,37,38,30,42,28,18,2,36,30,35,45,19,13,30,28,36,15,20,26,20,19,44,24,36,28,24,21,43,16,35,22,35,25,37,20,46,19,42,28,22,33,34,19
"Gene0715",121,122,170,58,69,120,73,166,106,61,120,172,122,144,74,132,131,97,97,151,155,118,67,127,81,123,126,110,120,207,136,182,117,91,70,183,135,128,133,84,104,136,129,157,109,139,186,226,139,193,221,102,127,63,158,53,152,143,245,82,75,125,149,126,211,153,143,146,159,155,115,96
"Gene0716",27,39,15,72,15,38,45,28,32,42,31,20,20,28,32,40,34,35,19,22,23,24,29,27,26,15,24,15,39,53,24,45,47,62,24,22,34,6,24,30,27,39,32,60,38,35,42,7,17,12,31,42,23,15,15,19,35,36,18,21,17,10,37,65,21,29,50,27,9,13,23,37
"Gene0717",455,364,291,388,144,227,438,285,339,216,200,256,216,178,239,173,255,224,417,220,192,358,215,126,246,325,283,226,414,153,321,195,358,186,346,436,381,223,216,317,276,223,140,87,128,372,226,236,297,163,333,274,344,245,359,395,446,189,351,328,372,200,185,194,169,401,207,194,434,275,211,345
"Gene0718",98,31,26,40,49,15,30,28,50,55,41,42,23,26,42,23,31,23,39,28,31,41,54,28,16,41,42,35,48,13,30,16,34,20,52,11,49,51,41,50,39,37,32,47,39,24,27,25,23,56,30,45,28,30,64,34,60,59,24,29,39,38,22,22,30,61,40,32,28,25,42,49
"Gene0719",18,21,31,24,15,26,12,24,19,33,12,37,38,41,17,27,11,26,28,21,41,22,21,11,33,45,34,36,27,39,40,22,57,20,21,13,35,19,27,14,47,19,16,23,27,38,31,23,12,19,28,24,30,18,27,23,49,35,10,17,30,34,8,25,13,26,34,30,35,28,17,22
"Gene0720",13,12,21,19,16,22,26,5,17,27,8,20,16,22,7,20,18,19,6,18,15,12,12,20,12,14,14,12,21,8,7,16,14,2,9,24,17,9,29,12,20,12,15,8,6,21,12,12,14,19,7,12,10,10,15,16,15,12,17,13,14,10,12,18,9,15,17,10,9,10,9,6
"Gene0721",96,67,87,111,122,63,64,51,93,89,107,96,25,71,124,58,81,87,70,114,162,146,28,153,127,130,91,122,42,67,57,260,59,51,97,113,92,46,42,27,46,155,99,94,84,98,69,40,66,105,60,89,117,63,51,84,66,96,64,105,57,64,109,85,54,68,99,135,73,60,86,123
"Gene0722",381,365,429,431,449,460,323,227,267,127,454,199,174,223,263,566,331,359,577,218,193,274,341,185,295,505,273,145,375,438,141,291,253,340,173,283,275,435,500,207,269,254,302,123,279,235,308,185,245,159,294,476,301,415,217,263,352,118,249,600,324,351,73,196,487,281,425,364,346,178,187,376
"Gene0723",29,30,37,34,44,22,43,49,32,41,46,26,21,49,35,53,53,26,13,53,13,36,23,20,25,29,46,78,49,44,23,24,16,27,66,20,36,27,21,62,26,31,35,43,28,36,35,38,26,13,45,25,34,48,12,29,33,38,23,42,23,25,20,23,44,33,19,46,40,28,51,46
"Gene0724",62,72,99,74,34,41,66,91,51,48,74,72,65,79,106,67,71,67,82,67,80,70,44,71,96,74,130,85,85,76,70,59,91,127,93,61,105,56,107,63,65,58,138,110,44,77,87,71,153,63,83,102,56,31,110,112,135,47,155,120,105,60,76,59,80,63,88,69,52,91,61,70
"Gene0725",55,76,32,121,91,81,106,106,64,73,41,93,137,81,77,149,140,80,51,101,29,113,60,80,54,90,104,42,87,138,153,81,125,81,72,62,60,63,132,56,98,84,142,59,93,67,129,71,76,51,47,74,69,80,120,108,78,66,81,70,158,62,45,72,57,70,63,53,133,75,42,85
"Gene0726",340,502,488,270,225,370,374,419,147,405,210,152,299,383,504,220,277,527,233,296,324,303,421,294,236,323,304,246,472,336,296,502,275,279,201,215,303,303,321,238,310,195,551,666,258,202,222,404,196,316,296,224,332,504,372,198,242,144,356,516,211,241,352,403,307,168,188,518,320,142,293,241
"Gene0727",62,73,157,136,60,179,80,111,86,141,142,140,130,150,113,151,150,76,143,143,113,116,121,164,99,144,114,146,237,83,173,74,223,125,111,140,110,57,52,118,173,141,157,129,113,76,126,183,187,101,161,149,73,182,80,123,88,148,103,130,129,104,106,101,78,69,145,225,94,105,123,159
"Gene0728",9,24,26,19,11,8,18,10,31,22,22,17,15,26,17,16,11,15,10,12,5,17,21,14,17,13,15,11,11,18,14,20,12,15,26,30,10,14,17,20,12,12,2,9,18,8,23,25,16,18,14,13,21,9,10,29,12,10,12,7,13,14,3,18,9,22,21,35,13,13,11,7
"Gene0729",9,16,15,21,13,14,12,16,20,27,22,13,22,24,27,38,12,29,8,21,23,25,27,12,19,11,21,22,35,26,22,21,13,7,9,20,23,27,8,12,28,32,22,13,18,57,24,25,32,16,22,34,17,34,21,27,24,22,37,23,19,14,14,39,44,40,13,16,12,45,15,26
"Gene0730",22,12,11,14,23,11,9,25,11,23,14,34,15,18,27,26,33,31,22,16,11,28,18,11,14,11,16,15,35,15,18,27,7,23,14,37,17,19,26,43,9,18,19,9,9,30,11,20,35,23,26,21,19,35,27,21,18,17,22,40,38,20,22,17,22,30,36,16,18,23,12,29
"Gene0731",59,78,73,52,24,82,78,49,98,53,72,73,20,53,67,66,87,36,38,33,45,82,56,43,67,37,45,52,59,123,41,67,73,67,45,77,27,84,28,23,43,54,81,52,65,58,63,50,53,88,75,74,56,66,87,63,66,44,104,96,101,135,57,61,60,101,50,59,52,47,50,61
"Gene0732",63,37,19,72,53,107,50,65,102,57,53,72,34,68,32,47,62,51,86,45,50,63,22,52,33,35,37,62,72,58,24,90,57,42,57,39,45,65,23,56,53,19,43,66,57,37,45,62,34,77,73,68,67,67,59,51,37,40,43,50,32,79,26,54,40,44,34,47,67,57,78,63
"Gene0733",138,86,69,111,74,85,58,147,71,74,109,91,74,96,51,128,33,117,154,55,91,170,64,58,67,49,120,53,117,83,90,72,81,110,76,67,121,100,71,94,58,114,57,68,125,82,35,81,51,136,86,72,112,82,61,115,59,64,96,59,72,152,81,85,94,76,75,81,130,55,75,84
"Gene0734",30,18,19,32,34,39,11,14,24,24,21,27,29,35,22,17,42,31,29,22,32,19,21,19,33,42,20,19,23,27,20,26,42,32,20,38,28,10,20,17,23,21,23,15,15,13,16,30,28,28,14,36,26,23,34,18,29,26,17,22,20,11,17,19,25,11,33,26,25,26,15,38
"Gene0735",31,17,59,34,33,24,22,32,40,16,30,61,41,20,25,26,28,20,47,17,39,44,33,24,48,38,33,33,85,56,15,15,29,31,45,48,10,27,45,27,27,43,47,45,37,42,33,32,43,22,36,29,38,27,35,21,31,30,32,24,33,50,23,43,15,31,43,34,33,50,23,13
"Gene0736",156,234,55,151,150,168,145,168,131,105,116,99,119,110,96,129,79,66,198,121,115,76,115,127,140,168,134,68,178,171,83,107,94,126,190,122,136,124,147,84,116,66,143,177,195,171,112,75,118,128,106,162,176,96,89,97,225,117,111,107,112,220,133,220,92,180,119,111,167,83,107,117
"Gene0737",57,51,62,45,18,49,38,33,29,30,86,19,50,29,63,55,79,62,57,41,72,50,13,74,24,50,37,38,50,52,51,61,96,44,65,65,50,51,31,62,77,51,52,76,51,65,33,47,51,66,56,66,39,47,26,38,70,31,44,56,51,28,83,37,27,61,21,37,64,19,27,24
"Gene0738",16,38,16,36,16,36,24,23,22,22,34,48,15,18,26,28,13,27,30,33,40,8,35,23,15,41,18,7,41,20,19,33,28,27,22,27,17,34,18,27,23,41,43,40,39,19,32,9,34,19,15,62,33,23,36,21,18,9,23,36,25,36,29,9,27,14,29,15,12,38,21,22
"Gene0739",145,109,266,261,173,199,122,105,169,152,163,206,74,209,129,105,154,181,223,113,172,215,213,192,145,134,188,120,213,104,108,98,203,282,165,284,94,130,254,119,171,127,126,217,156,151,165,209,66,62,67,83,79,64,66,65,158,158,179,194,167,142,219,209,1164,907,853,884,789,840,1143,727
"Gene0740",58,64,45,52,42,135,28,63,38,85,75,117,91,61,73,56,71,44,37,81,41,50,91,88,93,77,49,60,63,31,37,24,50,44,56,65,45,27,113,75,50,80,30,58,66,41,31,21,32,63,43,75,48,90,75,40,33,39,38,48,55,74,25,60,78,47,49,61,99,60,48,76
"Gene0741",26,32,16,29,15,13,36,5,29,25,22,15,17,17,8,17,8,28,48,23,7,22,16,28,15,24,16,32,19,7,13,9,45,18,25,10,13,18,24,35,10,10,29,18,23,3,13,12,19,19,14,16,27,17,14,11,16,37,26,15,24,26,15,18,11,11,24,6,13,13,27,21
"Gene0742",210,366,429,382,411,596,489,402,415,546,330,444,319,246,412,439,472,529,318,428,487,526,376,394,587,503,2035,1758,1885,1730,1582,1949,815,294,353,518,496,517,429,580,557,462,434,398,828,737,293,318,623,626,557,382,457,316,504,327,484,426,410,310,369,507,432,408,1215,1458,1302,1575,993,1488,1486,1026
"Gene0743",15,19,5,11,8,9,6,10,15,1,23,22,10,14,24,18,19,14,19,11,9,8,6,30,13,25,12,17,21,9,21,11,13,17,18,13,14,6,17,11,8,8,14,9,33,15,14,14,15,16,21,12,13,6,22,29,35,3,9,13,14,16,8,9,13,2,12,36,17,16,14,4
"Gene0744",1,1,12,9,11,7,9,10,5,4,9,4,7,15,7,5,9,4,7,5,5,15,5,10,8,3,6,9,5,2,11,10,7,7,5,6,7,6,6,6,14,12,8,4,10,8,8,3,2,9,5,5,5,1,4,6,6,11,5,11,2,6,8,7,5,4,1,5,8,8,5,13
"Gene0745",1,9,3,3,0,1,6,7,3,2,2,3,3,2,6,3,4,4,7,4,5,7,8,4,7,6,1,8,1,5,2,3,1,5,4,6,5,1,5,3,2,5,3,5,6,9,3,10,8,1,8,2,1,7,1,2,2,4,4,2,5,0,5,2,1,0,3,4,3,5,3,1
"Gene0746",65,87,132,123,123,78,149,70,125,89,87,153,138,100,104,90,49,61,136,77,166,133,143,127,97,145,170,43,132,118,80,73,154,140,138,102,77,78,100,104,178,68,134,139,103,171,137,92,114,201,142,169,198,118,142,146,156,171,131,146,254,99,112,227,111,91,109,58,148,66,110,138
"Gene0747",23,31,32,30,12,12,21,29,13,29,26,30,59,26,27,5,21,50,47,30,17,25,15,26,67,28,23,13,34,39,30,28,33,27,23,35,18,63,38,16,23,30,23,47,27,24,15,21,20,27,40,18,27,44,23,26,35,58,46,21,21,30,22,26,15,31,38,25,30,37,25,31
"Gene0748",15,35,29,66,40,52,43,29,35,16,56,45,31,69,28,19,28,23,31,17,36,17,35,24,40,37,46,42,38,19,27,45,40,60,19,32,58,59,37,61,21,35,44,60,48,50,31,21,72,33,42,65,33,22,56,34,49,13,43,70,33,46,63,22,53,46,25,48,52,40,23,26
"Gene0749",47,76,63,97,51,67,75,49,52,42,102,33,53,78,116,127,107,67,58,72,68,54,101,61,44,85,58,100,30,79,80,46,84,133,48,52,57,114,84,75,58,138,85,48,89,86,102,67,113,35,57,73,55,94,125,86,80,114,74,31,51,72,46,115,93,44,78,61,85,97,60,119
"Gene0750",65,18,55,29,52,12,40,27,33,40,15,28,20,25,60,21,35,18,31,32,16,23,13,68,33,29,30,23,35,63,30,32,21,40,24,39,15,33,30,38,37,41,28,43,41,36,21,40,55,45,29,25,6,34,30,3,20,46,30,21,36,60,64,64,28,31,22,43,24,35,28,44
"Gene0751",6,10,9,9,9,7,8,2,2,24,2,12,6,16,7,4,16,12,6,7,7,6,4,9,10,11,4,5,6,11,2,12,4,10,2,15,12,11,5,9,9,11,7,14,10,8,10,8,7,10,10,6,8,5,10,9,5,19,6,9,6,13,11,13,17,7,11,9,5,8,8,15
"Gene0752",4,4,8,1,7,2,5,6,4,2,2,12,9,6,6,6,5,1,7,3,4,7,4,7,3,4,6,11,2,1,6,6,9,6,2,10,2,4,4,3,5,3,11,3,2,5,4,3,6,1,10,3,2,8,12,1,5,4,6,4,1,3,7,7,3,4,2,6,5,5,4,2
"Gene0753",35,31,19,37,25,26,28,36,22,28,34,52,17,39,49,41,18,25,45,61,14,38,31,35,13,22,35,25,53,39,32,49,46,36,15,35,24,37,36,32,9,49,33,31,28,56,42,30,38,26,25,47,30,26,53,32,42,41,36,29,36,42,44,48,127,318,304,375,214,241,275,260
"Gene0754",71,64,94,36,44,105,84,42,44,94,55,25,57,50,75,156,94,73,61,29,67,36,59,99,50,68,94,100,50,80,45,68,30,73,51,44,64,68,93,40,80,68,40,82,39,71,64,62,35,63,22,97,63,45,139,66,61,52,74,67,147,34,110,82,62,10,100,61,85,35,46,50
"Gene0755",2,5,5,8,7,1,3,6,4,3,2,5,2,0,6,5,0,5,1,1,7,5,3,1,3,4,5,4,4,10,3,5,2,5,3,3,6,1,3,6,4,4,7,5,1,3,7,4,1,10,4,0,7,4,3,2,2,3,4,5,7,0,3,4,4,3,8,1,3,7,2,0
"Gene0756",135,53,95,71,80,136,140,72,83,87,117,70,83,87,76,86,49,40,56,105,63,52,92,126,114,55,83,57,43,79,32,59,43,135,108,66,91,120,65,127,69,70,46,57,117,91,69,102,80,70,118,128,80,116,106,77,125,75,58,62,94,34,133,28,127,47,90,57,43,32,42,65
"Gene0757",91,169,95,28,98,61,94,77,137,114,128,103,93,85,109,58,103,140,57,65,64,91,70,108,57,76,82,121,104,80,77,37,101,137,78,72,102,157,123,59,94,116,73,42,36,65,149,96,92,68,118,165,51,36,106,128,50,83,87,93,189,75,101,114,56,124,54,59,118,82,98,83
"Gene0758",217,201,311,365,168,91,218,386,198,381,236,151,345,367,196,303,354,274,108,339,423,84,263,273,458,393,225,579,172,253,300,209,214,165,477,293,98,333,305,269,328,195,301,239,233,136,171,234,149,315,228,136,199,64,326,156,391,213,466,158,168,330,244,206,346,370,252,129,275,269,374,271
"Gene0759",28,118,34,43,48,78,57,77,23,33,53,64,62,68,85,74,77,83,104,79,112,47,49,59,132,83,84,103,39,124,48,55,76,40,47,82,20,42,49,58,54,80,32,59,45,26,55,68,107,74,27,57,63,74,48,58,111,53,61,84,42,46,58,59,116,54,83,31,138,53,86,78
"Gene0760",78,83,49,55,76,44,68,70,105,93,32,53,75,36,66,55,85,64,93,103,87,50,88,88,67,48,63,63,69,85,36,58,45,49,148,42,58,57,41,87,58,63,87,67,66,44,52,32,49,120,51,62,58,92,33,52,104,78,82,86,74,21,56,57,78,27,87,83,109,51,36,41
"Gene0761",96,67,138,98,91,124,136,97,156,248,52,242,79,113,145,115,161,113,83,134,93,94,164,92,146,150,41,197,190,80,183,85,90,75,110,70,259,149,59,88,60,180,80,150,141,122,105,146,120,181,87,69,109,78,109,132,59,78,82,63,91,94,103,144,47,72,152,109,89,45,115,111
"Gene0762",71,57,53,28,38,63,61,71,24,31,52,60,60,37,87,44,79,57,75,30,46,70,41,77,34,35,31,108,57,60,70,69,49,38,80,72,57,27,19,55,50,73,43,42,52,31,73,56,52,41,42,47,52,40,82,36,39,48,63,19,65,21,40,88,61,43,34,54,40,66,84,68
"Gene0763",67,56,42,43,28,58,31,66,72,35,42,23,64,12,52,35,42,15,27,56,53,54,59,38,56,55,74,60,55,124,29,41,63,38,44,48,62,56,62,33,34,74,35,42,40,38,37,24,35,53,18,60,31,55,76,60,39,53,49,62,71,15,45,59,34,31,34,56,33,30,33,39
"Gene0764",84,40,71,72,67,67,15,44,139,120,37,105,81,35,46,91,39,53,39,60,48,120,52,38,66,53,64,59,44,40,73,62,88,75,49,58,98,38,48,63,44,42,56,65,22,50,102,101,70,59,33,31,33,77,44,42,61,57,90,139,43,39,62,62,100,106,42,41,145,81,34,70
"Gene0765",71,88,74,100,129,85,171,136,165,111,173,73,118,100,134,169,138,69,97,95,145,150,138,125,35,121,130,231,134,175,79,142,180,128,130,71,145,287,158,146,99,104,124,163,260,121,70,169,231,136,63,197,173,139,83,85,115,155,119,161,86,141,232,104,121,151,134,82,69,64,160,222
"Gene0766",27,62,17,37,45,20,48,34,20,26,17,30,16,26,26,18,63,34,29,24,32,24,10,31,21,25,43,19,43,26,26,31,41,31,34,16,15,27,23,28,19,25,35,43,14,22,55,32,27,43,35,29,27,19,31,28,45,48,25,44,36,12,28,8,14,36,27,31,23,22,45,36
"Gene0767",25,21,20,34,51,23,30,42,34,17,27,38,20,32,32,26,25,42,16,24,40,25,23,16,35,59,33,18,20,30,28,19,55,43,14,28,50,30,25,16,32,44,58,16,39,23,25,29,21,62,31,29,36,32,29,33,53,31,32,30,37,35,23,33,17,33,27,22,20,46,23,19
"Gene0768",19,25,17,16,23,19,18,17,20,15,19,11,36,20,31,18,4,18,28,25,41,33,12,6,33,12,23,22,23,17,22,16,29,22,35,36,19,23,23,38,10,22,21,11,26,16,20,28,6,11,20,17,14,10,11,19,50,8,24,29,23,8,20,17,19,12,14,11,25,14,21,36
"Gene0769",6,21,26,15,13,22,37,8,20,26,15,20,11,27,12,20,17,26,12,11,35,19,19,15,10,13,21,12,7,30,21,19,21,12,29,28,6,12,39,13,8,13,8,12,16,18,11,21,17,9,8,32,11,6,10,11,5,13,4,27,19,21,9,9,22,12,17,25,33,20,10,22
"Gene0770",49,76,85,55,41,67,100,38,92,128,52,55,156,45,92,78,99,77,94,50,124,60,42,52,77,68,113,60,83,51,86,60,101,86,44,59,112,55,41,62,108,47,58,99,43,76,86,78,92,82,120,83,46,81,97,60,127,51,110,56,75,84,68,103,57,132,93,65,105,112,95,51
"Gene0771",219,482,411,234,375,283,348,391,368,395,486,365,481,707,405,409,567,300,373,309,423,405,346,207,370,281,256,215,258,336,442,403,428,205,466,284,285,164,338,398,309,505,275,395,407,215,324,510,337,223,250,507,307,322,378,394,334,512,317,247,246,748,249,241,176,324,290,450,362,381,372,464
"Gene0772",7,28,12,12,36,19,30,8,16,17,25,17,11,12,18,24,19,21,22,13,17,19,12,8,18,19,20,6,9,21,17,11,10,20,17,15,10,10,16,16,19,15,7,26,27,9,18,5,15,12,14,12,22,14,4,9,22,18,21,11,13,16,38,9,13,9,21,14,10,19,12,7
"Gene0773",58,43,49,23,32,46,66,68,62,31,70,27,27,26,50,39,35,35,67,30,31,14,61,76,76,50,18,50,32,60,68,45,27,85,18,52,32,51,51,19,31,22,61,29,30,66,73,66,25,53,152,66,34,65,24,44,53,27,56,36,40,40,30,37,7,16,9,14,12,11,11,7
"Gene0774",16,19,12,9,23,24,24,18,8,11,17,24,16,25,11,12,8,17,30,12,26,6,20,8,12,11,13,25,20,11,27,6,13,26,14,6,18,19,23,25,9,18,13,14,21,26,7,11,12,14,15,18,18,16,10,18,10,13,19,8,5,21,8,24,17,10,15,21,32,9,22,29
"Gene0775",116,139,152,151,158,191,155,407,158,115,198,74,138,251,244,191,284,58,104,137,124,164,107,149,228,76,121,249,92,142,89,110,156,133,301,143,178,138,182,205,107,194,106,216,157,186,165,98,109,102,235,112,84,117,189,161,110,156,199,164,253,141,150,274,229,207,141,205,146,127,60,84
"Gene0776",44,56,31,29,35,53,37,16,28,16,18,53,43,31,27,24,53,36,46,49,20,19,38,38,30,64,23,58,50,43,25,35,41,57,19,27,67,31,38,23,15,26,34,29,10,30,22,20,34,26,33,53,42,29,49,30,37,55,34,38,50,30,27,60,54,41,47,55,32,45,30,37
"Gene0777",47,29,113,70,74,43,84,68,108,76,30,66,64,66,40,100,67,47,60,88,29,48,81,88,108,74,17,66,80,119,80,104,35,58,52,36,66,54,24,77,89,57,36,86,84,60,100,87,40,75,71,30,58,42,56,104,83,86,96,48,34,43,49,94,56,78,48,61,54,30,46,77
"Gene0778",51,75,57,158,46,98,68,92,108,130,92,62,136,158,72,95,62,69,60,58,66,21,87,113,101,55,47,56,99,69,56,71,79,88,49,86,44,49,86,68,95,75,84,80,62,103,107,47,50,40,82,65,48,56,93,134,92,70,46,113,53,119,110,41,100,74,45,117,86,49,133,65
"Gene0779",16,16,11,2,15,25,17,31,16,18,29,9,20,13,19,24,16,11,8,6,44,22,14,29,4,14,8,12,8,14,11,20,30,12,22,12,24,14,22,13,14,5,16,20,16,11,4,23,9,7,15,6,21,22,26,29,10,11,24,25,11,15,16,22,29,14,14,17,13,11,10,16
"Gene0780",71,36,72,75,40,59,44,29,57,41,20,42,74,83,60,36,21,27,62,37,22,71,56,37,59,57,66,43,33,66,57,51,69,48,41,49,34,52,83,63,50,52,52,26,45,48,54,77,73,43,41,49,30,18,53,43,35,48,61,79,45,14,38,78,41,71,74,21,49,43,54,61
"Gene0781",41,41,61,22,38,42,59,41,26,31,39,19,28,59,26,54,52,31,41,22,47,60,31,38,29,29,21,39,39,38,58,46,16,53,47,20,50,50,44,45,28,69,40,43,33,62,11,64,39,22,46,53,56,59,61,59,44,49,49,43,30,20,32,20,35,69,39,33,35,45,13,53
"Gene0782",135,129,193,74,236,115,155,66,80,53,110,55,158,269,257,93,116,47,103,150,112,87,117,132,98,61,75,91,127,194,181,110,132,191,80,109,161,67,88,121,165,154,41,157,107,62,154,192,153,167,130,209,203,163,199,205,84,125,117,151,145,74,67,139,80,114,50,120,147,176,105,173
"Gene0783",16,8,13,18,10,10,15,19,8,7,14,12,13,6,14,10,11,14,9,7,5,25,14,20,6,8,9,9,20,21,10,12,11,16,9,10,3,5,8,8,6,9,14,3,13,7,12,5,18,10,11,17,23,11,5,20,19,3,10,8,14,16,15,10,21,15,11,19,10,25,13,9
"Gene0784",14,13,17,3,12,4,15,11,10,10,22,30,18,15,17,17,13,19,9,7,8,8,10,11,15,18,8,11,22,14,8,6,10,12,12,12,13,19,12,23,20,3,7,8,10,19,13,15,6,18,16,26,14,11,16,16,21,17,14,23,9,10,16,12,21,22,16,10,26,8,9,14
"Gene0785",90,243,170,157,126,83,241,168,98,112,101,197,34,121,67,117,152,195,120,77,133,100,236,147,130,239,161,106,177,76,97,201,77,128,94,93,144,150,174,161,134,89,122,179,118,115,137,192,151,176,218,114,45,139,151,53,107,155,99,131,122,173,49,148,148,110,92,90,95,88,139,99
"Gene0786",18,20,21,31,15,18,17,22,52,41,24,14,37,54,24,40,14,32,14,20,33,34,50,74,15,36,31,16,54,14,26,46,28,18,31,21,42,20,15,38,23,23,16,18,56,17,28,4,34,25,32,76,9,44,30,59,30,19,24,29,18,18,19,32,56,108,91,75,55,75,88,65
"Gene0787",24,8,10,20,34,49,18,6,13,27,23,21,19,31,38,32,32,21,31,26,26,23,29,31,37,34,14,28,20,32,23,43,20,49,22,20,11,9,11,45,47,30,54,19,33,20,17,14,14,26,15,34,22,18,26,10,22,25,16,38,43,21,23,22,29,30,12,10,36,39,38,25
"Gene0788",88,108,71,69,42,56,63,77,52,28,53,50,57,71,68,88,59,37,22,40,63,32,70,77,46,70,28,33,64,101,66,80,46,46,52,73,72,58,71,74,52,41,66,36,72,53,30,84,59,43,36,37,67,88,57,80,109,46,105,74,61,50,88,76,63,67,50,71,44,57,105,99
"Gene0789",39,36,40,38,39,24,21,44,35,46,31,18,37,65,33,16,40,34,66,45,42,25,42,47,35,39,26,36,44,19,48,52,26,13,26,47,36,20,38,36,29,37,78,41,40,38,20,17,43,39,39,43,39,72,37,21,48,42,38,36,39,38,33,61,22,44,46,26,29,32,30,42
"Gene0790",399,422,831,482,351,234,475,470,725,307,355,972,298,522,977,332,675,417,619,602,936,573,350,653,96,638,256,356,578,398,609,292,493,430,512,550,418,645,428,726,297,927,341,353,712,405,955,678,684,389,574,463,420,332,367,481,571,585,595,525,564,516,350,614,133,132,127,151,148,108,149,213
"Gene0791",85,79,87,59,41,61,122,108,33,57,121,26,110,89,128,78,94,84,53,74,60,59,32,83,81,47,113,78,107,89,90,85,48,50,63,73,34,81,49,75,45,45,154,131,53,98,39,62,74,53,72,75,104,111,77,31,131,42,88,79,70,27,89,53,86,63,90,150,86,58,76,66
"Gene0792",61,79,86,136,30,55,75,43,77,36,77,85,21,34,83,65,60,102,111,59,72,86,120,73,84,58,115,77,55,15,139,94,60,48,44,78,41,68,32,37,62,62,76,50,79,70,58,61,58,57,18,24,36,72,63,92,122,52,31,83,27,24,81,42,32,14,83,138,35,88,52,72
"Gene0793",116,324,194,195,195,174,146,120,69,136,191,139,243,110,124,146,193,194,152,195,259,163,231,137,206,180,226,178,93,149,219,156,125,169,125,198,97,179,104,155,212,240,214,92,87,105,126,161,204,121,276,183,164,167,151,95,98,243,217,207,263,235,88,65,119,100,93,193,100,242,175,133
"Gene0794",32,36,61,27,28,46,34,57,81,25,24,22,57,19,35,15,24,35,80,94,49,29,84,42,48,77,63,48,41,32,72,66,81,24,38,49,43,44,71,40,83,46,43,35,35,21,45,80,48,53,50,71,92,41,35,59,19,38,38,66,47,67,28,41,42,46,28,76,17,25,35,49
"Gene0795",82,87,35,85,77,73,66,38,38,54,44,79,42,55,86,62,40,27,52,65,59,51,56,47,43,104,32,62,104,66,26,66,36,57,46,72,63,49,41,46,65,36,100,59,59,40,97,60,56,50,42,136,22,95,40,66,39,63,50,34,32,29,76,56,55,56,81,80,56,69,77,77
"Gene0796",12,15,6,12,15,5,15,23,8,11,11,17,5,10,11,5,18,16,11,17,17,11,11,17,18,15,24,20,16,9,15,12,11,10,22,13,36,13,8,36,5,26,14,18,13,9,3,33,11,15,16,20,14,12,10,9,16,11,11,7,27,42,22,14,9,7,9,8,9,11,9,16
"Gene0797",2,5,0,5,1,12,7,9,0,8,0,1,3,5,4,2,6,2,8,10,1,5,1,4,3,4,4,2,6,4,0,5,4,3,6,1,4,10,2,6,6,5,1,4,5,4,0,6,2,1,3,0,2,7,2,6,5,3,1,10,4,3,1,6,8,6,5,3,2,5,4,5
"Gene0798",17,10,6,11,20,6,12,8,12,12,11,10,18,17,5,18,8,13,15,9,15,20,10,23,22,10,20,4,20,1,16,14,7,4,17,16,17,14,8,11,13,15,21,11,28,13,0,12,8,11,12,14,9,12,7,16,10,22,7,16,17,17,10,14,19,18,18,14,15,14,17,14
"Gene0799",40,43,77,69,90,56,40,66,48,52,58,77,51,46,60,88,63,48,75,59,33,60,40,118,73,79,19,57,52,48,45,87,78,41,75,62,32,64,39,80,68,76,36,74,201,61,51,57,47,59,37,87,77,45,95,29,28,37,49,51,61,40,53,76,46,39,106,53,52,25,84,45
"Gene0800",19,10,24,27,13,23,15,10,9,25,17,16,22,12,14,18,12,7,11,24,14,14,21,14,10,8,12,12,9,13,23,13,12,17,10,21,16,28,13,8,16,26,16,15,14,11,12,9,29,12,25,14,14,32,19,10,13,13,11,12,13,16,15,19,14,22,19,14,5,17,12,12
"Gene0801",81,135,130,58,109,185,87,145,176,59,121,118,94,123,98,85,190,87,147,49,132,168,142,143,163,173,102,83,118,77,78,111,110,74,186,111,178,130,114,99,107,120,166,143,127,231,75,142,97,148,114,111,187,39,111,129,127,168,133,105,172,97,87,68,117,136,190,69,95,76,147,132
"Gene0802",216,112,163,83,162,191,67,214,101,73,88,146,87,150,199,114,191,126,100,169,154,229,122,178,81,202,93,60,139,115,88,103,121,116,142,150,55,185,171,89,105,89,155,83,166,102,86,108,90,131,151,150,149,117,93,200,143,128,109,116,60,106,176,139,142,113,173,126,161,121,98,85
"Gene0803",41,60,45,42,34,71,63,27,105,32,111,140,52,89,42,76,93,104,42,85,75,37,91,115,59,29,101,52,110,46,55,92,46,51,80,63,53,62,59,70,56,105,99,70,70,51,34,102,76,70,62,19,57,69,113,100,76,120,99,95,82,145,31,73,75,59,117,87,87,64,95,52
"Gene0804",58,44,47,26,39,52,22,29,41,44,12,34,50,44,71,48,41,25,54,25,39,33,73,23,46,39,47,37,15,26,14,44,26,27,8,66,29,51,59,61,27,46,40,58,67,41,36,24,37,46,36,21,72,39,30,24,33,23,23,32,46,31,62,65,29,52,49,27,30,58,45,35
"Gene0805",15,15,9,13,6,8,18,15,8,11,11,19,12,10,13,3,7,8,19,13,10,6,12,8,3,9,8,14,10,11,6,3,8,8,3,8,10,7,9,16,11,16,9,3,8,11,9,11,0,5,1,1,0,4,1,1,9,10,11,5,13,15,12,9,16,2,13,18,9,5,5,7
"Gene0806",50,53,44,23,53,34,57,39,51,50,55,49,36,31,50,22,44,23,54,36,27,49,45,27,52,60,26,36,34,31,38,39,47,42,16,25,27,23,31,23,43,35,28,38,26,34,76,70,28,19,38,32,22,32,32,20,41,34,50,47,40,44,54,34,79,20,43,55,32,40,34,36
"Gene0807",28,15,36,46,14,22,42,29,50,47,36,19,51,24,19,68,30,22,34,21,28,36,42,17,26,31,59,36,20,14,31,38,44,24,14,40,18,34,38,29,33,35,32,23,26,27,63,22,31,18,25,30,26,22,27,41,45,48,32,26,28,19,20,21,34,35,31,25,36,42,49,37
"Gene0808",199,174,126,155,55,114,126,93,109,75,93,123,115,91,107,108,75,124,62,87,69,92,141,94,110,145,110,113,135,132,78,94,117,81,88,120,164,130,69,108,102,108,35,153,204,58,112,149,67,86,108,48,122,105,108,87,164,146,109,94,126,97,134,136,40,28,27,24,29,29,35,40
"Gene0809",185,322,327,277,253,269,132,232,277,256,200,232,385,312,220,247,224,294,348,143,217,259,473,211,101,327,249,328,154,203,153,249,195,202,152,326,313,218,176,254,139,198,208,358,378,150,305,214,323,287,315,276,195,249,145,236,328,181,161,244,195,228,309,441,92,193,271,201,208,333,265,242
"Gene0810",149,66,135,94,42,59,91,111,90,118,130,129,110,64,74,118,62,87,93,79,72,71,123,56,95,202,167,100,92,149,43,163,106,40,70,92,91,78,78,93,97,102,72,118,155,69,51,58,73,76,112,67,64,57,40,33,95,119,131,60,69,64,132,127,137,159,47,61,91,97,90,128
"Gene0811",3,8,16,16,11,14,29,11,15,34,4,9,13,18,22,9,20,25,13,11,19,19,6,11,13,8,13,25,17,12,21,12,12,14,6,29,18,12,7,9,5,26,12,7,10,13,25,14,12,11,9,13,9,10,14,19,18,7,14,19,23,17,14,10,12,24,5,15,8,22,35,14
"Gene0812",370,561,323,546,634,236,376,338,309,146,555,439,401,649,343,451,346,283,714,247,439,579,366,531,613,362,403,604,466,407,765,299,352,228,420,287,304,295,336,466,163,241,373,360,358,442,456,320,412,287,264,317,283,411,505,619,360,416,371,366,359,429,413,417,1705,2295,2647,2153,2587,2068,3014,2387
"Gene0813",196,160,212,290,271,176,194,155,111,227,144,172,217,139,201,276,172,106,158,121,91,240,239,150,115,276,61,243,262,153,178,176,131,186,141,143,88,271,131,179,236,255,136,232,58,135,145,130,130,183,191,286,142,143,123,190,202,100,179,171,218,218,179,131,109,130,136,108,194,254,244,125
"Gene0814",79,64,42,42,91,38,61,73,70,69,88,71,55,92,76,38,63,68,78,104,68,58,53,109,60,61,79,98,121,78,69,75,63,86,52,73,18,71,85,109,115,66,90,90,55,71,59,95,53,102,62,67,111,60,68,31,52,106,91,105,80,84,59,37,51,86,72,97,77,39,80,42
"Gene0815",3,1,0,1,5,6,2,1,3,5,4,4,4,1,2,3,1,9,1,0,3,5,2,4,4,2,4,2,5,6,6,6,2,4,5,1,8,4,1,2,1,4,1,1,2,1,2,4,11,5,1,3,4,2,3,2,2,1,1,6,4,3,3,6,7,8,5,4,3,3,5,5
"Gene0816",13,5,10,13,25,14,23,22,22,21,14,8,25,31,18,17,17,14,3,16,25,34,20,12,2,25,8,20,8,14,14,21,12,9,16,8,18,22,12,12,6,11,12,11,23,15,17,11,9,29,24,27,19,18,17,30,17,20,14,19,13,18,15,20,18,10,26,33,6,20,15,16
"Gene0817",57,29,36,54,82,71,20,50,42,21,106,61,22,55,37,50,56,44,52,40,73,30,70,36,42,51,62,76,42,41,32,42,34,37,64,33,24,33,60,61,46,44,51,47,80,26,67,44,47,75,23,34,54,44,57,64,23,34,34,54,42,45,68,61,93,68,59,69,22,25,39,54
"Gene0818",101,116,113,177,159,88,96,77,83,275,158,138,93,196,166,115,187,76,107,118,102,309,176,240,29,204,71,200,150,169,135,95,176,89,84,126,59,234,153,128,118,135,42,144,215,144,133,107,73,157,152,90,181,166,192,67,79,147,178,107,136,190,278,134,239,141,229,154,102,158,218,111
"Gene0819",5,18,6,16,12,14,13,21,6,9,6,23,21,27,12,16,7,5,15,10,6,10,14,11,11,15,13,12,12,11,11,4,9,23,19,8,8,16,9,10,28,16,8,12,9,19,11,23,26,11,18,23,18,6,6,19,26,5,13,11,11,16,15,7,18,16,22,12,23,21,12,18
"Gene0820",2214,3158,1847,599,3034,2893,1567,2701,3779,2041,2960,2443,3017,1324,1594,1793,2286,3820,2146,2357,4060,3362,3067,1021,2875,2017,1654,2934,3625,2318,2834,2313,2146,2701,1826,1960,3336,1468,2070,1283,1002,1314,946,922,3016,2517,3097,1656,2848,1060,2778,1777,1739,2498,886,3578,2509,2933,2488,2591,2369,2948,4394,1632,3270,4344,2504,2276,1517,2261,3575,2489
"Gene0821",0,2,1,1,2,0,4,0,3,4,3,2,3,0,0,1,3,4,2,4,3,2,0,3,6,2,3,3,1,3,2,2,3,1,1,1,2,2,1,2,5,2,2,2,2,0,1,1,1,3,2,2,7,2,0,2,1,6,3,1,5,7,1,2,1,1,4,2,2,4,2,1
"Gene0822",47,13,66,22,35,46,60,78,23,19,57,33,36,38,48,43,39,52,24,16,33,54,42,26,88,20,21,62,45,22,20,53,67,37,37,64,46,61,26,20,51,28,27,21,57,47,64,44,31,37,38,36,46,47,28,23,42,60,24,42,42,33,44,27,62,21,61,47,99,35,47,38
"Gene0823",31,54,40,21,34,35,37,53,21,28,26,51,39,27,45,35,47,17,26,54,24,16,56,57,45,36,70,57,19,20,40,43,42,30,40,61,65,13,58,29,63,42,36,59,26,43,21,39,60,23,78,22,27,82,41,19,62,53,19,35,42,35,44,16,49,22,33,55,29,32,45,21
"Gene0824",26,12,17,35,11,46,14,38,24,11,21,31,14,34,27,21,25,35,28,22,20,23,30,5,15,32,20,31,25,18,30,22,23,25,38,25,26,17,26,13,17,13,27,34,6,22,12,27,25,22,66,37,16,37,35,19,23,20,26,18,22,20,28,27,40,20,23,35,27,21,30,17
"Gene0825",37,22,29,52,33,52,28,43,50,43,53,45,40,15,13,45,50,43,27,21,26,13,52,58,37,21,56,38,33,42,30,32,23,47,36,24,27,39,62,11,83,38,33,27,24,16,49,70,32,74,34,54,31,32,53,24,21,49,38,47,49,50,48,39,42,46,30,52,32,39,103,37
"Gene0826",100,103,247,154,172,204,136,127,146,137,168,103,134,76,77,174,104,124,105,100,130,157,170,116,212,102,156,96,204,100,222,202,136,80,70,124,162,60,122,109,109,211,100,182,138,168,136,188,134,141,165,125,166,101,48,131,187,118,155,112,150,148,97,65,112,110,101,201,138,89,126,134
"Gene0827",13,13,21,26,26,18,14,12,30,20,6,27,22,8,34,19,23,18,29,21,18,24,10,18,24,12,12,16,14,32,29,32,15,14,23,19,26,17,36,23,24,8,16,26,12,10,3,36,40,15,18,9,17,13,20,31,20,20,24,27,13,11,19,8,29,23,27,38,19,21,10,17
"Gene0828",1,2,4,4,0,5,5,7,2,2,4,4,4,5,4,5,5,1,10,8,4,3,2,2,5,6,1,8,3,1,1,7,4,7,3,1,6,2,3,10,3,6,3,1,10,5,3,4,4,2,4,3,2,7,2,3,7,4,3,13,7,3,6,11,2,3,3,4,5,0,3,7
"Gene0829",74,79,116,36,48,59,20,86,71,53,52,48,58,63,31,63,52,61,38,68,80,73,47,49,77,42,72,44,45,61,73,17,80,68,63,82,74,63,20,57,61,38,28,34,70,80,47,71,81,52,45,34,66,58,77,144,68,71,60,36,62,47,67,46,37,41,59,63,59,45,55,75
"Gene0830",78,47,65,55,33,70,69,39,56,43,69,51,33,28,41,37,38,42,81,78,40,34,74,60,90,27,51,52,76,28,37,38,47,35,55,59,54,32,74,32,33,39,56,54,48,36,83,58,71,38,58,84,54,20,71,52,75,72,52,59,53,60,44,57,7,5,6,10,12,6,21,9
"Gene0831",71,58,52,75,39,44,67,70,44,39,65,101,78,60,80,72,55,58,29,31,51,65,36,33,19,35,106,59,78,70,38,64,66,37,65,36,63,56,29,26,42,77,39,35,92,36,52,53,69,32,33,38,25,38,53,44,46,65,30,35,55,44,76,80,228,185,302,156,243,313,219,251
"Gene0832",72,70,117,174,187,123,157,146,118,48,107,173,131,97,122,37,95,83,191,76,120,93,88,114,126,140,103,108,112,66,114,103,67,168,189,109,93,152,53,108,152,87,162,176,46,115,48,87,65,163,94,111,235,80,211,93,173,170,82,99,173,196,106,171,80,60,100,229,92,111,151,120
"Gene0833",33,34,48,76,41,63,106,31,40,55,85,99,59,41,26,94,51,74,129,33,77,61,54,45,73,78,56,54,73,66,65,52,84,37,47,56,55,34,29,13,51,67,52,33,85,51,57,46,67,51,75,34,42,26,41,19,60,51,48,90,37,34,52,60,81,57,41,45,72,77,45,46
"Gene0834",81,81,107,99,163,145,96,223,127,152,111,162,107,102,90,116,80,41,159,54,232,181,35,49,114,131,89,121,79,234,135,113,144,67,130,99,131,116,167,94,78,112,252,234,91,177,91,139,186,67,124,189,98,218,104,128,202,65,78,159,120,156,180,118,143,98,162,159,218,121,157,136
"Gene0835",3,5,5,1,2,2,1,5,2,4,3,4,6,0,4,7,3,5,3,7,4,6,1,4,5,6,9,1,1,7,4,10,6,4,12,7,5,3,9,6,3,8,5,2,5,5,4,1,44,34,25,38,36,29,28,29,12,5,11,10,3,6,6,2,5,1,1,5,5,5,6,5
"Gene0836",16,19,15,14,17,17,13,16,10,8,9,15,7,18,20,14,20,16,8,8,25,12,5,15,13,22,16,14,27,15,21,20,27,13,20,9,7,12,19,9,20,19,9,19,13,15,18,21,12,29,8,7,7,24,5,17,10,7,25,5,6,13,14,16,22,12,29,18,13,7,14,6
"Gene0837",125,140,216,86,103,73,72,94,69,82,80,109,126,48,49,132,57,52,59,132,87,58,96,65,36,106,77,62,60,58,73,54,97,63,50,149,44,58,48,110,131,42,86,96,58,84,66,162,47,113,99,130,52,129,23,67,126,82,105,81,84,56,72,140,25,42,76,44,49,106,56,91
"Gene0838",24,10,15,40,36,32,55,36,15,40,14,34,47,85,21,19,19,29,24,41,22,17,33,31,33,45,28,38,30,38,34,40,26,37,40,17,47,49,36,64,42,53,10,47,33,33,63,12,24,37,17,63,38,37,25,38,40,43,60,54,42,38,42,25,17,56,38,59,38,22,26,44
"Gene0839",221,364,126,101,211,283,164,121,175,160,66,263,122,112,66,262,103,252,198,100,114,157,178,197,100,226,126,89,176,269,183,256,240,166,243,90,107,55,165,199,237,89,168,112,228,151,207,207,202,183,184,121,126,199,236,190,107,203,167,222,177,188,141,232,144,164,110,201,166,205,249,230
"Gene0840",27,14,22,9,10,9,25,9,16,16,29,16,29,12,13,9,29,32,23,11,14,8,30,17,16,16,31,26,14,25,8,10,21,23,16,17,26,19,10,13,13,22,18,8,12,20,18,19,22,10,16,17,26,14,12,7,13,16,13,19,17,15,20,29,112,102,162,91,86,89,105,107
"Gene0841",47,137,86,137,151,183,125,100,141,128,91,207,84,226,206,37,104,191,60,92,176,111,208,98,204,96,90,181,123,131,222,114,99,128,76,103,105,104,108,149,86,132,132,135,96,108,100,211,185,146,169,108,123,142,96,165,126,129,82,107,128,126,110,126,29,32,19,32,47,37,39,44
"Gene0842",15,29,16,13,14,18,31,30,21,16,11,24,49,25,13,39,21,22,32,32,37,14,24,30,9,10,28,36,22,26,23,21,34,18,14,25,36,21,6,10,21,43,19,52,37,35,17,24,7,32,20,11,19,17,33,21,16,34,22,24,23,34,21,33,38,5,8,19,22,25,18,26
"Gene0843",19,10,13,12,4,8,16,23,29,13,8,20,14,5,8,9,7,19,4,9,17,25,15,25,16,7,10,6,11,19,15,13,3,14,8,13,10,11,16,10,9,16,13,19,9,8,9,22,21,27,13,20,18,14,18,27,15,23,12,12,10,22,22,20,29,9,16,12,5,13,13,11
"Gene0844",45,41,40,39,19,32,49,8,42,33,43,34,23,25,34,36,40,58,36,56,31,35,43,57,81,19,52,19,30,36,42,25,16,21,30,27,44,58,50,50,23,31,35,41,21,20,17,25,62,27,62,40,17,8,68,34,16,71,48,12,28,25,19,47,39,50,55,32,54,56,32,10
"Gene0845",79,99,27,69,57,60,50,24,59,25,45,71,21,53,74,53,51,97,106,80,110,32,21,60,24,71,70,45,22,46,120,35,22,70,105,60,57,52,62,33,75,56,41,77,12,31,47,38,107,40,55,59,39,18,67,52,37,59,102,47,134,64,56,46,84,98,37,58,56,60,69,82
"Gene0846",19,8,7,26,7,21,3,16,2,17,18,5,29,10,5,16,15,19,9,8,11,11,10,20,11,12,15,8,27,14,10,19,11,8,5,15,8,7,6,13,16,7,20,16,17,12,7,17,2,7,2,3,4,8,4,6,15,20,18,4,22,24,9,7,21,9,12,12,16,5,11,8
"Gene0847",21,22,33,15,15,35,14,14,8,29,24,20,16,12,29,32,43,15,23,15,10,10,24,19,26,24,27,19,16,25,10,16,20,26,18,13,25,30,13,22,34,15,26,33,24,18,42,7,38,19,37,22,13,18,22,11,32,26,24,25,16,29,31,13,22,27,13,16,18,20,15,15
"Gene0848",6,14,11,19,11,20,10,12,6,10,25,6,16,11,10,8,21,9,23,5,13,7,10,20,10,6,3,4,11,17,12,8,22,15,11,11,24,10,12,11,11,12,8,13,8,9,8,7,22,18,7,8,12,17,15,17,15,18,10,19,11,10,6,9,14,3,6,8,9,16,32,8
"Gene0849",107,115,193,135,134,342,171,200,135,123,162,239,98,96,267,201,150,82,154,159,153,243,284,181,347,63,151,87,241,236,209,307,179,279,159,269,108,46,139,197,286,209,206,91,152,154,330,166,183,187,324,219,48,277,194,206,258,146,130,310,35,267,243,297,177,81,83,90,163,161,177,269
"Gene0850",91,130,110,176,194,99,190,125,115,84,168,225,182,153,134,84,176,112,170,148,136,125,67,140,88,111,107,84,93,82,157,151,111,220,197,120,68,147,115,97,93,56,172,133,221,136,68,125,79,118,95,93,173,108,100,153,164,118,100,218,111,160,140,69,139,128,125,224,185,83,181,102
"Gene0851",19,14,10,26,12,9,13,14,10,21,20,12,11,15,18,8,12,13,15,30,14,9,22,19,11,36,18,16,8,8,26,13,19,26,19,14,19,7,9,14,33,14,28,37,13,11,22,14,13,12,18,27,21,17,7,16,17,19,14,16,14,24,7,6,37,18,20,26,33,21,14,9
"Gene0852",136,68,73,92,114,42,107,105,80,96,99,124,168,124,104,56,76,81,94,115,90,115,70,95,168,88,81,64,161,205,138,116,50,51,100,165,76,102,125,51,127,122,100,152,73,125,59,143,47,59,96,97,81,103,86,137,107,95,130,81,85,132,75,36,178,116,131,178,107,118,88,85
"Gene0853",9,28,9,60,15,22,68,24,20,25,40,21,45,28,21,39,44,30,32,40,47,62,32,45,46,29,40,40,36,53,69,21,40,23,13,50,35,44,33,45,62,30,23,48,24,37,60,46,24,22,37,43,19,25,41,47,40,40,58,58,33,15,59,62,38,37,47,28,35,19,33,41
"Gene0854",8,15,11,12,16,4,16,8,13,16,14,30,6,9,27,8,8,19,14,19,8,10,37,17,9,24,21,16,5,10,18,14,21,16,9,21,12,11,14,22,17,21,4,8,12,9,15,12,14,11,20,13,19,17,20,10,13,24,18,18,18,3,34,17,11,18,5,12,2,14,18,15
"Gene0855",76,90,42,84,92,103,40,119,50,75,49,118,106,74,48,69,116,99,94,85,109,108,165,38,102,55,147,106,58,58,83,114,55,76,69,57,76,117,79,91,146,98,53,87,103,101,51,70,128,103,126,137,131,104,66,50,50,85,64,132,111,104,87,81,68,85,49,98,62,142,138,59
"Gene0856",46,14,53,36,30,18,50,12,20,13,31,40,42,55,32,36,41,66,50,27,27,40,27,25,32,41,33,46,23,61,26,39,27,32,25,50,31,45,23,22,43,44,40,20,38,12,17,40,17,56,52,55,45,15,51,53,33,40,43,36,29,36,37,32,12,9,7,4,7,6,4,6
"Gene0857",167,104,92,141,249,105,170,167,191,179,107,163,300,152,192,83,83,70,156,182,101,175,137,173,90,233,130,128,251,190,182,159,173,144,77,109,340,132,162,130,134,103,182,198,153,160,101,92,210,215,101,176,117,184,175,91,87,131,140,202,114,123,129,132,99,183,140,192,79,140,178,91
"Gene0858",36,15,48,59,33,35,34,66,44,34,44,40,37,53,37,46,86,42,43,71,76,88,49,27,70,34,32,29,43,50,51,49,35,57,56,27,32,53,55,71,40,36,40,43,51,65,55,29,46,67,25,39,25,22,16,65,35,23,33,33,60,53,54,44,42,22,49,33,52,20,50,26
"Gene0859",208,219,449,285,236,223,365,173,191,282,332,261,224,242,206,278,304,177,285,125,217,120,180,318,176,367,137,150,139,358,132,153,265,151,170,283,194,187,172,170,112,237,213,236,152,352,206,127,338,240,130,408,282,154,115,297,197,198,252,238,351,143,215,233,182,163,164,162,250,234,99,148
"Gene0860",17,43,17,22,31,33,29,28,25,49,39,19,18,18,20,18,21,15,30,34,21,28,20,25,45,32,48,46,28,34,30,16,32,37,19,39,23,14,32,17,19,12,34,12,22,25,42,24,30,32,21,40,16,18,20,33,21,36,25,31,19,44,5,15,14,37,48,11,40,49,35,40
"Gene0861",86,116,66,91,66,125,85,38,94,78,72,105,85,70,35,74,79,59,71,85,74,86,39,78,38,88,51,84,78,73,62,95,73,78,43,97,80,139,127,23,81,63,82,61,76,65,41,90,305,253,204,191,293,232,198,253,58,65,75,73,75,60,65,38,56,62,65,72,86,78,44,39
"Gene0862",95,58,63,145,149,79,101,60,54,61,46,55,100,107,58,94,84,147,69,66,77,64,115,88,90,99,9,17,22,14,23,18,133,101,82,42,66,76,73,26,106,65,64,74,116,67,87,167,101,97,138,91,98,128,61,90,73,99,175,103,64,88,90,84,98,90,54,47,127,132,58,82
"Gene0863",114,77,65,66,62,66,82,86,54,77,41,84,99,62,106,129,47,62,49,53,69,55,40,97,141,75,164,33,31,81,62,45,53,65,66,66,119,107,59,38,100,116,90,110,93,52,51,43,66,53,94,79,55,66,92,71,90,51,119,77,65,48,105,45,55,96,73,79,57,38,56,85
"Gene0864",101,54,54,78,39,119,56,41,44,39,66,71,143,51,100,90,63,155,98,43,74,59,63,60,105,79,48,40,50,104,61,60,72,27,78,49,82,50,49,86,66,101,116,63,69,31,31,43,70,70,62,75,61,82,90,64,91,106,72,78,93,63,74,105,22,64,35,51,61,76,75,101
"Gene0865",48,75,64,43,67,20,98,43,44,62,30,37,50,46,67,31,64,43,49,27,87,58,70,64,49,94,64,53,56,93,41,47,64,73,46,16,28,67,29,36,35,33,58,74,86,58,58,39,54,60,80,95,42,49,98,78,83,49,44,59,33,76,25,12,59,51,69,53,79,50,52,98
"Gene0866",45,51,70,92,33,27,88,38,33,42,75,106,56,52,60,28,94,30,75,33,72,66,49,57,54,74,30,52,56,61,46,36,52,30,27,66,32,37,21,93,35,36,43,30,83,55,56,23,62,43,81,61,37,29,66,35,57,58,62,29,33,38,39,31,25,38,57,84,49,58,24,33
"Gene0867",488,342,304,386,311,248,221,467,473,188,178,478,518,427,206,263,155,173,173,372,243,516,432,211,294,254,289,164,201,355,361,215,318,161,168,369,293,186,287,474,369,290,413,418,247,163,375,396,258,459,531,223,238,217,362,493,215,422,405,399,361,291,425,210,268,439,424,294,252,301,366,200
"Gene0868",207,159,172,129,131,112,189,125,285,173,203,125,198,122,132,214,197,172,114,101,159,186,255,283,141,217,152,143,250,90,76,179,82,225,181,124,94,181,140,160,126,227,163,288,152,159,201,137,115,251,214,111,215,226,151,221,202,128,107,310,192,179,158,278,114,134,99,111,63,141,190,123
"Gene0869",27,28,25,31,8,22,46,33,9,26,18,20,22,32,12,47,22,27,46,20,19,30,29,25,31,29,13,39,12,33,23,31,21,25,26,17,18,46,24,12,50,24,16,44,26,22,48,16,35,28,19,25,30,38,19,38,16,13,18,25,30,19,17,31,16,25,27,19,10,22,11,28
"Gene0870",494,221,298,243,583,309,375,307,347,263,377,233,376,330,428,140,237,260,294,189,462,350,321,276,417,154,245,208,190,153,310,415,487,272,300,231,263,431,359,324,216,364,544,286,330,276,297,327,293,515,290,211,173,314,269,314,209,311,116,268,406,129,331,325,379,193,212,195,346,315,134,201
"Gene0871",37,62,68,53,53,35,50,44,99,78,42,76,51,65,56,69,49,89,77,63,41,149,73,56,45,71,50,29,48,56,29,67,28,109,101,59,67,133,50,53,99,54,95,40,52,50,45,46,40,107,34,55,33,33,54,43,52,42,60,69,61,74,55,40,81,78,78,47,70,38,27,59
"Gene0872",25,29,23,21,6,29,42,14,33,18,35,8,14,33,8,14,14,36,20,21,34,50,36,27,41,18,12,26,22,26,15,25,19,15,18,30,24,19,28,22,24,19,32,28,40,19,14,22,26,53,15,19,42,39,9,31,41,21,20,38,26,23,26,33,61,132,87,93,80,91,85,88
"Gene0873",69,34,49,39,73,47,51,72,75,69,56,77,72,103,45,53,92,78,35,85,88,53,52,23,46,49,72,78,73,49,20,76,97,90,80,51,120,55,64,37,106,55,35,114,61,94,58,89,94,42,50,83,96,99,52,39,71,190,94,19,59,67,64,38,42,68,60,35,53,75,72,64
"Gene0874",30,27,40,16,39,42,60,59,50,47,43,21,45,26,24,59,39,78,53,60,17,52,28,63,26,26,33,70,43,47,34,24,57,49,41,81,15,77,66,33,34,53,44,12,23,36,48,78,49,51,41,55,13,27,23,22,43,29,74,34,62,46,29,29,17,43,47,40,49,34,70,46
"Gene0875",70,67,63,36,63,73,49,65,61,57,53,98,55,41,69,78,66,42,87,78,100,48,60,75,59,24,72,64,94,41,130,30,48,67,91,47,72,97,66,39,64,65,66,87,65,103,26,40,75,57,79,38,72,88,75,58,48,65,87,50,88,87,47,32,60,29,68,84,31,66,28,35
"Gene0876",24,15,5,9,11,17,13,35,5,10,25,35,5,15,9,18,16,21,8,9,27,28,28,13,5,18,12,11,12,29,18,16,17,23,21,25,21,25,17,15,16,17,23,19,12,19,13,20,21,10,22,22,44,11,12,16,14,19,5,20,26,18,22,14,31,9,22,11,22,11,16,19
"Gene0877",25,23,11,11,13,24,19,27,25,21,22,28,23,20,14,18,11,29,33,39,25,24,15,26,18,19,23,16,27,13,13,17,5,22,15,16,23,21,13,42,31,31,18,13,15,23,7,30,25,10,11,19,24,24,25,17,20,16,28,20,24,16,26,19,109,77,99,108,86,65,68,101
"Gene0878",227,438,54,262,235,260,196,218,322,358,156,220,299,366,377,240,384,267,327,341,236,193,351,326,250,321,357,301,181,167,138,193,209,240,270,299,223,242,195,313,130,262,246,212,243,155,207,382,326,388,166,336,205,279,170,91,457,251,270,310,340,146,320,174,204,366,186,412,416,181,488,326
"Gene0879",265,123,300,127,325,143,121,171,178,114,95,270,185,140,170,229,146,163,281,207,159,147,275,224,139,86,108,409,90,171,268,222,195,123,135,188,335,131,115,162,234,255,219,161,224,223,133,80,123,110,151,110,166,176,73,186,142,69,151,168,91,268,160,77,326,184,224,228,138,252,151,254
"Gene0880",8,27,12,23,24,18,17,28,26,12,33,16,30,15,26,11,29,22,9,15,15,15,17,29,29,34,11,18,24,25,25,17,27,33,16,31,23,22,13,31,18,16,30,29,10,19,24,14,9,15,29,16,28,22,22,26,20,11,9,8,15,16,15,17,34,10,34,18,33,33,15,6
"Gene0881",6,20,31,23,15,10,44,21,28,10,15,32,23,20,16,17,15,26,23,24,11,27,23,27,14,7,10,13,29,22,30,19,14,9,19,20,21,20,24,6,9,13,9,5,6,5,17,24,12,21,13,24,13,11,27,6,15,12,33,30,17,21,21,13,19,13,32,18,35,19,19,50
"Gene0882",342,245,410,562,599,370,639,250,390,863,525,308,253,291,352,296,502,458,207,338,474,417,247,359,419,315,462,621,473,278,921,159,509,524,453,486,243,319,212,569,439,436,365,1077,466,394,294,496,352,259,233,687,348,338,791,468,685,253,366,245,459,280,275,328,431,576,418,364,361,165,481,637
"Gene0883",695,1236,761,680,388,457,350,497,737,826,376,624,489,421,669,691,518,474,608,307,387,447,646,298,387,1035,291,294,738,366,248,642,1160,361,453,585,727,301,680,510,1010,675,583,434,671,885,399,554,787,226,501,568,681,309,249,655,585,386,457,844,1107,676,357,430,344,747,668,496,505,184,370,802
"Gene0884",30,22,31,14,24,15,25,14,16,19,26,21,31,19,37,12,28,24,16,16,31,21,10,17,13,20,23,44,12,10,33,31,23,15,18,19,34,29,19,18,32,31,29,17,8,31,24,7,10,26,21,55,19,28,18,28,29,32,22,16,21,10,30,9,50,23,21,24,36,15,25,35
"Gene0885",14,10,9,9,13,16,13,14,9,18,9,3,8,15,6,17,5,8,11,8,11,12,19,12,4,9,10,15,10,8,12,13,7,10,27,5,10,18,9,7,15,11,13,13,17,13,13,9,48,54,59,49,63,60,35,39,6,4,26,31,8,12,9,8,24,11,11,9,7,11,8,12
"Gene0886",1579,1662,1149,1891,1761,1688,1764,510,2051,872,1218,1206,814,578,1159,1581,764,2482,1788,604,1448,1014,1360,995,1964,980,1841,1393,1142,1300,894,1797,1669,1791,1891,1167,1417,1554,1514,1405,1058,1258,1578,1378,1383,696,1136,1369,1258,629,1631,949,807,843,1855,796,1257,742,1448,971,1183,1436,1309,1434,836,999,961,1141,1862,568,1581,1257
"Gene0887",66,29,39,73,59,46,55,93,56,39,60,42,33,57,53,71,45,30,104,60,110,66,103,73,56,110,74,69,73,89,91,40,44,138,86,57,84,70,81,81,84,84,75,76,74,46,127,69,43,135,53,63,69,55,69,66,92,90,79,130,29,64,61,61,125,35,84,73,83,109,60,67
"Gene0888",81,54,65,92,80,120,68,36,45,75,84,49,46,56,52,54,60,66,43,31,44,25,18,123,109,71,102,58,52,26,105,58,54,62,116,51,60,51,61,47,87,92,94,67,50,46,92,66,64,101,43,44,63,89,76,34,60,95,34,116,42,91,65,64,34,109,72,71,51,41,96,83
"Gene0889",89,36,49,50,58,36,91,106,33,79,84,56,36,108,115,27,57,66,75,28,44,32,39,34,46,67,85,67,55,68,100,52,55,80,68,31,109,81,120,88,41,74,47,87,78,85,76,55,41,88,31,54,31,65,64,85,44,71,35,103,46,15,22,21,33,45,63,105,77,96,31,51
"Gene0890",325,182,397,143,92,305,212,389,103,325,393,260,244,328,383,212,419,338,248,391,169,335,139,341,301,261,420,179,321,420,605,267,308,162,259,170,277,392,345,486,245,335,163,164,321,229,301,272,310,478,262,278,290,272,278,442,184,119,127,340,203,200,221,249,195,225,327,270,111,265,552,164
"Gene0891",41,44,24,58,27,18,33,23,63,18,56,30,44,53,36,35,42,52,49,70,19,40,36,72,48,39,26,57,40,43,52,43,11,38,82,37,85,23,34,30,71,63,26,18,41,32,68,48,13,52,19,31,29,60,34,36,43,57,37,42,47,22,35,8,38,44,63,22,23,21,44,28
"Gene0892",301,555,539,247,368,345,408,246,239,245,184,367,322,294,226,429,362,170,572,514,186,221,243,309,303,161,246,219,149,289,179,169,356,265,316,421,328,229,439,485,153,355,359,232,193,324,460,343,153,338,184,355,391,146,243,449,480,323,236,467,277,217,255,460,343,234,471,472,196,349,304,230
"Gene0893",45,59,20,33,59,14,36,47,49,51,25,40,41,26,32,38,34,18,37,41,45,44,22,35,34,52,49,55,49,51,63,33,43,38,43,17,42,57,41,35,22,43,50,37,45,45,60,62,53,57,39,30,61,27,51,53,42,40,35,47,35,48,39,29,58,49,40,33,48,20,41,42
"Gene0894",168,122,103,80,103,131,169,83,102,94,99,145,75,85,113,100,90,62,98,105,205,97,92,121,61,136,114,122,53,125,107,59,54,73,52,181,120,175,161,149,55,99,157,65,150,109,100,89,161,106,139,125,172,67,26,106,95,149,47,133,180,106,131,143,95,136,98,176,83,212,135,92
"Gene0895",13,12,15,10,15,15,26,11,11,18,13,15,14,7,11,12,5,17,6,15,16,15,21,7,12,21,12,13,12,10,20,28,13,16,10,15,13,12,30,20,13,4,10,15,25,11,28,14,14,18,19,13,22,4,16,11,14,6,17,9,32,11,18,14,15,6,15,19,24,19,15,19
"Gene0896",97,74,50,52,91,63,47,75,117,45,103,107,94,83,35,104,51,14,82,67,34,59,53,34,98,63,73,54,39,90,34,50,104,22,43,52,38,60,58,57,87,68,28,38,83,67,71,82,33,34,95,93,64,82,100,59,63,75,54,59,44,101,44,20,13,61,30,58,42,67,46,45
"Gene0897",139,265,163,289,229,179,246,263,204,120,249,243,188,136,345,157,35,247,228,185,326,233,217,241,212,261,195,175,202,199,169,297,153,350,226,240,313,164,457,276,466,241,345,160,268,107,235,189,228,331,149,297,265,244,247,129,366,189,324,213,210,273,225,289,124,189,302,233,225,308,217,189
"Gene0898",27,22,59,41,21,35,35,39,86,39,31,24,38,38,52,50,45,53,43,24,46,38,30,47,39,41,7,6,4,8,6,3,28,56,73,37,20,25,31,25,49,35,36,57,28,39,33,38,36,28,51,39,33,29,26,39,72,58,64,32,32,43,46,35,30,22,49,35,37,60,29,35
"Gene0899",138,309,229,165,124,289,299,446,318,333,257,289,309,509,237,292,357,301,297,285,258,382,384,275,355,203,332,284,216,157,189,133,133,462,226,151,399,135,89,240,141,447,213,205,315,304,135,266,184,183,154,176,298,194,365,196,255,354,230,348,321,235,141,199,282,343,112,239,312,218,220,345
"Gene0900",1973,1512,2021,1456,2584,1242,1521,883,1540,2153,596,721,2021,2660,2311,1291,1464,985,1084,1012,1171,1284,1171,888,1666,1314,1066,559,1196,1049,797,1723,1954,2146,1395,1219,1773,1308,2030,1667,1788,1363,1650,2243,2002,925,935,2307,2472,1306,1821,974,2091,1473,1399,2225,1007,1674,1544,1474,1644,1229,1567,1401,9911,11246,7411,12113,8065,9963,10629,7453
"Gene0901",128,157,252,168,164,173,115,156,288,67,95,168,130,194,369,165,179,179,75,64,164,232,179,226,369,216,230,71,130,84,254,172,116,131,139,146,130,121,161,219,155,244,364,134,199,72,96,175,185,239,104,196,121,105,139,184,177,190,139,168,183,251,254,185,106,75,171,150,203,116,129,249
"Gene0902",51,26,21,24,41,64,25,40,23,30,39,44,50,28,43,29,15,24,43,44,19,47,34,32,36,44,54,17,43,35,23,45,47,55,43,44,25,46,34,53,46,54,34,45,21,64,35,43,42,47,32,48,40,51,50,15,43,30,19,26,32,44,29,47,43,40,53,58,19,29,72,36
"Gene0903",57,59,57,78,54,109,77,74,102,59,71,40,74,28,40,78,67,78,61,91,65,55,92,59,73,41,46,50,57,61,75,141,60,26,17,104,37,43,61,77,66,72,83,63,53,111,97,92,69,54,47,53,95,39,74,48,35,121,62,55,31,36,36,93,39,39,28,48,77,47,56,70
"Gene0904",27,43,26,27,18,19,24,18,33,9,43,42,31,22,36,16,37,45,39,31,27,42,29,22,11,59,31,41,50,17,44,24,53,16,22,31,32,38,20,13,53,20,38,14,15,30,21,41,29,11,45,39,32,39,40,40,41,27,46,50,28,46,60,40,33,47,31,52,30,40,49,52
"Gene0905",1214,565,742,892,328,737,789,534,635,942,953,1029,874,1115,852,693,784,760,773,994,353,578,521,518,760,1345,570,358,467,502,522,601,718,539,913,535,946,844,810,904,337,1102,522,481,348,753,843,1042,758,830,984,909,774,776,438,828,1441,810,519,365,1180,571,833,903,908,659,523,505,1200,936,1033,930
"Gene0906",0,2,2,0,0,2,1,2,2,0,1,2,3,3,2,1,1,1,1,1,1,1,0,0,0,2,2,1,2,1,1,0,0,4,3,1,2,2,1,2,2,0,1,0,1,2,5,1,1,1,3,0,2,2,2,2,1,2,1,2,3,2,1,1,2,2,1,3,2,2,2,0
"Gene0907",54,39,38,69,59,57,81,37,44,51,39,100,39,33,96,103,43,71,56,38,40,28,46,49,59,53,53,39,43,52,59,36,31,60,67,96,28,68,40,53,51,76,78,68,92,69,44,62,43,40,51,35,100,55,48,76,34,59,45,59,180,99,45,71,58,70,54,58,60,48,26,67
"Gene0908",49,85,63,44,43,165,31,98,66,42,60,33,66,43,64,31,38,66,52,56,68,87,59,77,34,33,58,68,41,64,86,73,44,65,54,34,78,42,79,51,57,101,47,106,53,48,62,98,41,37,85,11,65,20,70,38,60,85,44,54,62,135,28,124,47,28,80,35,65,59,117,65
"Gene0909",85,93,64,43,48,73,44,142,136,47,98,46,91,46,108,38,68,49,62,98,44,48,46,57,32,102,80,53,36,94,34,91,58,65,79,70,80,46,97,86,166,44,44,64,67,51,77,73,72,46,29,122,81,81,126,49,17,68,36,117,98,83,101,100,74,32,51,65,31,57,64,79
"Gene0910",5,16,10,7,11,8,8,13,10,3,8,7,8,1,9,19,8,7,9,7,4,4,6,6,8,22,9,4,5,7,5,10,9,7,5,11,9,4,5,9,2,3,9,8,6,11,17,7,9,9,9,5,7,9,3,16,11,13,7,4,7,11,12,12,3,9,2,19,5,7,2,9
"Gene0911",100,61,119,45,86,89,102,31,46,113,82,84,74,73,33,43,102,49,64,60,116,98,67,43,45,65,79,62,60,65,30,36,122,106,131,78,33,77,51,143,60,54,54,46,54,86,102,90,70,106,81,53,47,65,59,146,39,27,83,94,69,33,41,31,36,21,44,61,66,57,92,89
"Gene0912",17,45,125,65,93,54,118,84,77,71,72,92,32,73,15,39,89,42,104,65,47,72,51,57,73,49,40,85,100,53,55,28,55,22,105,62,69,46,94,22,89,75,39,39,51,95,76,50,46,78,51,46,69,63,41,71,42,107,61,93,47,62,56,94,105,59,100,64,48,75,65,65
"Gene0913",242,81,86,141,374,137,121,200,283,108,291,234,378,291,350,264,230,264,250,197,135,216,159,225,455,167,230,167,323,199,239,171,304,173,227,140,186,273,505,230,338,360,264,440,210,168,305,228,182,237,481,394,177,237,113,427,261,309,111,125,90,77,146,191,224,317,266,174,394,189,89,202
"Gene0914",140,60,79,156,43,73,69,68,96,80,134,111,76,82,106,94,182,94,158,125,76,96,65,173,85,98,46,63,98,64,101,75,109,210,89,62,105,155,56,241,121,66,53,104,84,85,183,108,95,161,168,45,73,85,151,89,157,57,44,114,132,136,77,105,68,125,128,114,77,108,150,90
"Gene0915",163,126,103,138,194,207,264,248,121,123,242,148,228,143,360,211,267,259,241,312,256,247,185,120,208,199,376,223,179,192,182,285,146,195,264,151,233,123,187,199,261,233,188,222,104,244,103,278,398,242,144,165,198,163,222,200,207,151,79,175,167,287,315,262,231,309,189,266,235,216,268,194
"Gene0916",13,30,32,10,22,25,14,14,17,12,13,16,21,13,8,14,15,10,17,17,12,31,16,13,19,14,16,28,29,43,19,25,17,14,20,17,10,10,28,10,31,23,10,8,11,4,14,9,12,13,13,19,15,18,14,14,15,17,10,4,6,13,25,17,21,31,12,20,31,11,23,21
"Gene0917",62,36,19,45,29,70,60,35,33,75,49,16,62,44,35,30,41,43,50,51,41,67,50,36,60,37,267,214,336,267,268,235,53,58,43,56,58,69,41,47,57,47,44,32,50,40,55,53,4,8,4,9,11,8,13,7,95,52,58,47,42,42,43,22,32,60,70,60,45,40,25,57
"Gene0918",38,58,66,60,79,45,66,89,113,61,69,62,144,53,65,77,39,61,63,70,44,91,84,41,38,86,89,123,98,46,65,64,82,95,77,42,65,51,36,76,81,39,96,38,59,68,67,44,38,65,55,73,73,95,128,51,74,56,65,89,79,54,56,54,111,85,106,52,82,74,84,73
"Gene0919",63,44,39,45,74,88,58,72,103,63,48,79,83,61,115,41,99,102,47,90,82,88,67,101,90,56,84,49,67,40,50,76,70,41,74,71,92,53,63,97,107,50,98,65,82,59,75,116,67,72,36,60,105,41,34,83,35,67,143,67,110,33,120,78,82,39,67,69,121,51,45,55
"Gene0920",29,20,27,40,17,15,38,27,43,21,35,10,24,25,25,17,26,55,18,20,19,14,12,18,28,16,40,26,9,24,31,19,14,28,32,28,13,18,38,32,32,23,16,18,25,39,25,17,14,32,26,30,15,23,10,35,33,25,15,27,16,17,19,22,19,36,18,29,31,31,25,16
"Gene0921",282,361,237,304,154,210,434,393,430,169,298,563,432,291,376,210,325,343,257,282,292,477,213,337,315,126,497,239,213,296,387,351,185,299,229,588,433,297,257,121,332,391,194,559,173,427,88,195,453,272,218,356,428,379,413,321,289,330,240,674,447,345,276,369,208,211,662,354,236,199,363,455
"Gene0922",25,62,25,16,24,43,42,28,14,30,16,31,32,18,22,38,24,20,23,37,24,32,34,22,15,16,40,21,22,21,32,18,13,30,10,9,21,27,27,26,37,28,23,34,18,19,29,29,17,38,11,17,29,28,8,38,13,14,8,30,22,22,22,25,15,19,23,23,29,32,19,24
"Gene0923",4,3,17,8,5,4,4,7,9,6,10,9,7,8,6,8,5,10,15,14,7,8,2,3,6,2,4,3,6,6,8,11,7,10,12,5,13,2,4,8,11,7,10,5,7,4,0,11,7,6,6,7,5,16,0,9,5,7,7,13,7,6,12,6,7,2,2,3,1,11,12,2
"Gene0924",67,126,38,81,98,62,118,73,64,62,115,148,93,114,99,95,119,112,71,57,48,96,51,119,103,87,144,105,82,128,56,63,77,132,97,73,66,121,53,77,66,102,120,113,46,122,76,81,41,117,75,85,87,120,56,87,102,76,113,68,85,37,60,33,130,81,40,93,121,41,80,33
"Gene0925",33,156,168,122,127,83,103,139,164,247,128,199,144,124,138,201,76,124,97,87,113,160,100,115,113,95,115,106,166,72,190,141,90,135,171,188,144,206,123,139,103,63,71,158,75,99,144,227,109,92,131,139,99,151,75,157,130,87,89,47,83,81,115,129,115,192,113,114,149,81,93,74
"Gene0926",165,109,62,210,289,190,103,112,130,85,95,194,238,334,248,165,215,182,207,197,166,132,273,188,183,193,138,155,177,289,163,129,115,204,147,181,130,147,150,259,202,160,145,103,55,150,139,144,273,132,131,209,143,152,156,169,90,178,161,181,100,63,139,209,144,180,232,206,175,231,121,147
"Gene0927",11,22,11,22,9,12,17,13,18,8,15,13,7,21,12,23,9,21,12,20,13,18,21,10,17,24,20,12,7,6,20,22,18,13,17,19,31,35,17,14,22,9,17,11,30,31,14,17,17,14,17,20,19,14,9,22,19,26,33,7,21,9,19,20,22,11,47,29,34,7,24,10
"Gene0928",44,36,28,43,41,30,62,44,26,38,41,35,63,42,37,56,89,34,30,31,31,28,28,38,44,23,33,23,39,31,49,47,66,23,45,58,21,47,32,57,60,37,41,45,42,26,47,39,47,37,26,47,31,28,64,37,50,46,28,36,33,35,44,51,41,51,34,49,20,55,36,29
"Gene0929",7,15,15,6,10,22,20,12,8,9,4,2,12,9,8,15,13,6,14,2,9,12,9,15,10,8,6,8,7,6,26,12,12,7,12,12,2,13,16,9,10,5,18,14,8,12,9,4,5,19,5,8,21,8,11,10,8,15,5,3,9,9,9,4,7,7,16,6,7,10,12,7
"Gene0930",111,183,170,84,172,234,136,86,101,85,87,108,159,90,92,103,204,108,59,197,130,91,85,134,114,86,122,203,109,282,123,110,243,118,106,77,203,94,182,209,141,109,108,182,141,95,107,154,195,150,61,123,189,181,155,95,175,147,256,78,129,111,138,103,103,214,164,176,223,126,127,131
"Gene0931",70,136,125,39,140,77,97,144,72,108,112,64,44,124,46,76,65,42,60,86,105,78,48,105,82,50,80,29,82,169,121,29,97,62,113,120,58,48,75,57,62,104,98,97,88,81,58,59,97,83,57,20,92,183,78,133,64,65,118,98,129,40,88,35,88,51,62,54,82,54,104,66
"Gene0932",196,287,184,134,97,146,191,145,117,130,146,162,134,147,181,104,232,157,179,291,196,201,178,133,171,170,235,62,163,145,77,93,101,202,113,124,152,193,81,115,200,126,170,101,186,150,144,66,109,209,79,126,218,177,212,196,102,146,118,196,129,263,244,189,172,175,171,54,208,146,214,133
"Gene0933",173,68,124,116,141,92,86,67,77,149,142,150,80,125,77,178,140,144,94,115,104,197,112,77,80,88,178,95,70,118,93,155,83,132,77,86,127,132,215,68,172,143,113,104,120,77,125,93,238,467,484,238,472,288,297,425,181,92,60,106,58,173,147,140,84,171,113,150,130,138,181,158
"Gene0934",32,29,27,37,47,17,51,20,19,9,23,17,16,22,40,17,34,16,9,22,50,20,17,15,26,10,32,15,36,22,31,22,53,33,27,22,14,7,9,37,34,18,18,21,18,25,16,32,14,35,32,41,35,31,17,28,38,37,22,23,15,22,24,23,198,254,197,247,249,249,222,164
"Gene0935",58,88,68,113,54,29,93,57,62,34,67,66,71,71,30,76,74,94,44,81,79,59,86,113,57,33,80,67,141,81,78,91,36,79,159,40,25,71,97,60,31,91,73,64,65,107,64,110,138,64,83,49,171,54,41,55,68,58,160,73,74,65,64,143,83,53,40,56,52,131,59,53
"Gene0936",3,1,7,2,3,2,4,3,4,8,10,8,4,14,10,6,7,9,7,1,8,5,2,1,5,4,7,8,6,4,3,9,2,9,6,6,6,4,6,6,4,7,4,4,9,4,3,4,4,7,1,6,7,3,5,5,4,1,3,13,4,8,3,9,6,5,3,5,2,7,7,2
"Gene0937",85,212,71,44,106,160,134,93,79,99,145,122,95,59,78,99,68,64,115,95,92,69,82,161,123,152,68,112,107,120,71,160,49,126,54,125,83,94,98,60,85,126,158,78,97,50,96,135,116,49,105,58,63,63,70,133,87,87,48,131,79,85,145,74,58,100,75,100,154,69,121,70
"Gene0938",276,114,155,291,140,175,150,156,178,340,73,222,240,164,140,184,113,156,106,288,155,180,151,120,144,237,166,96,75,215,131,136,206,185,175,233,289,223,185,225,184,178,165,138,209,183,142,178,22,26,20,23,27,35,20,18,225,248,131,182,159,179,299,334,170,116,140,170,237,158,272,199
"Gene0939",20,12,28,19,21,8,29,23,7,16,30,10,9,10,22,14,9,10,14,19,23,16,25,26,17,15,23,9,12,15,26,23,30,29,27,19,23,17,21,25,12,29,18,26,13,22,16,28,18,10,17,20,13,13,18,10,8,17,38,17,7,23,5,7,5,25,12,15,15,12,25,17
"Gene0940",8,3,5,10,2,3,7,6,5,5,4,7,1,8,4,7,2,10,4,5,3,2,7,6,5,1,5,10,5,1,4,10,0,2,7,4,4,8,8,5,5,5,0,7,3,10,3,2,7,7,2,5,1,1,1,6,2,3,2,3,7,3,3,4,4,1,3,3,12,4,1,2
"Gene0941",8,4,5,6,7,8,12,12,2,6,2,6,19,11,8,7,8,11,11,16,11,16,13,12,4,16,6,3,8,14,5,8,8,2,13,9,6,8,7,14,2,4,7,5,6,10,5,18,7,12,10,9,8,7,6,8,18,13,14,5,7,7,1,8,7,7,9,10,11,7,4,14
"Gene0942",16,7,15,12,16,17,16,10,18,16,9,22,17,17,24,10,27,10,11,5,26,10,12,22,6,17,19,12,11,19,14,15,5,19,18,19,22,18,14,10,8,12,30,13,26,9,10,14,10,13,21,26,22,17,10,17,15,16,16,15,7,15,24,2,23,5,5,18,10,9,21,12
"Gene0943",278,490,110,152,331,268,125,189,109,526,127,279,300,124,269,162,105,185,153,384,223,236,319,111,301,368,137,308,274,460,267,417,327,173,338,272,250,330,151,399,475,615,225,362,247,287,298,157,408,267,209,234,247,220,215,341,138,158,152,342,352,353,178,296,476,133,186,227,412,193,179,224
"Gene0944",64,55,56,67,44,60,70,43,33,27,83,78,21,100,71,77,54,40,58,64,37,39,68,56,97,27,74,28,78,65,24,41,40,49,73,44,52,38,80,51,59,49,59,80,67,41,37,62,39,27,42,54,69,31,34,95,80,64,38,47,60,48,76,66,9,12,15,5,12,11,10,13
"Gene0945",9,8,13,14,10,7,5,14,3,14,12,20,12,15,12,11,1,4,8,17,10,15,7,26,15,21,10,16,7,10,12,16,8,3,14,19,7,11,6,15,8,3,8,16,13,6,17,11,20,28,19,16,10,7,7,5,12,17,6,7,17,20,10,12,18,13,22,11,9,22,13,5
"Gene0946",125,99,108,149,86,91,79,67,171,102,61,72,124,90,104,79,79,226,149,82,69,73,127,101,60,94,172,107,67,90,55,35,87,126,62,132,75,43,68,129,80,72,76,72,62,65,187,113,188,74,208,67,102,65,44,74,88,87,125,189,63,181,123,100,171,185,131,93,119,136,91,78
"Gene0947",5,5,4,0,3,1,1,6,2,5,4,4,3,1,5,3,3,2,3,7,4,8,7,1,3,8,3,4,6,5,7,7,5,4,5,4,9,3,4,5,4,4,0,4,5,6,4,2,1,0,1,2,7,4,4,10,5,4,4,1,3,5,3,2,1,3,3,1,2,4,2,3
"Gene0948",66,28,53,29,43,13,32,28,34,41,24,69,58,33,50,51,53,53,62,68,48,44,45,73,60,87,28,44,33,53,40,37,26,38,45,31,30,48,32,29,34,44,48,42,52,33,31,44,32,40,25,20,34,27,20,59,36,11,59,35,17,50,25,60,39,60,42,32,43,36,33,38
"Gene0949",47,295,293,181,190,282,113,207,145,138,124,247,257,155,269,192,132,231,124,166,430,211,179,234,253,200,366,137,139,88,212,128,167,158,243,93,249,257,257,304,233,130,261,189,31,258,388,130,174,160,184,274,229,144,155,119,251,205,132,265,246,336,238,193,242,334,268,284,175,124,184,246
"Gene0950",14,57,42,39,13,19,31,28,13,43,42,36,25,41,25,33,48,41,23,50,23,56,15,49,49,20,20,14,37,29,36,24,32,38,54,58,55,42,46,45,25,49,29,57,21,25,31,58,19,29,78,32,62,86,30,31,46,46,25,39,50,38,66,22,24,38,36,34,32,59,37,12
"Gene0951",208,372,213,306,212,332,88,294,262,248,156,360,265,240,251,508,282,192,137,276,341,337,154,213,186,181,145,313,191,195,410,237,344,323,241,286,312,287,231,328,197,186,178,326,273,211,258,291,321,285,127,389,233,124,120,263,294,292,230,280,263,271,323,540,265,263,191,117,282,241,98,215
"Gene0952",235,493,730,446,383,367,395,429,898,690,449,320,493,311,379,515,239,525,665,619,362,555,494,750,306,498,286,409,463,625,495,506,482,455,384,191,302,279,570,413,365,968,775,599,391,222,248,587,444,719,388,520,512,382,508,386,484,238,564,524,206,283,317,297,460,160,681,689,282,715,418,464
"Gene0953",9,26,11,16,14,18,28,22,9,8,22,19,15,20,15,18,7,16,13,10,14,8,9,9,12,9,13,14,6,15,8,14,22,13,13,12,20,8,11,7,12,13,13,15,10,17,26,11,32,13,19,13,18,24,15,14,14,12,12,9,18,11,15,13,7,25,23,12,20,16,12,20
"Gene0954",12,12,17,13,7,8,11,4,21,10,9,10,18,9,20,27,18,13,23,13,14,13,12,9,9,8,11,8,22,18,18,13,12,26,9,15,4,6,2,20,13,7,18,15,14,4,10,13,9,26,12,5,6,10,8,7,7,5,14,10,9,11,13,24,19,12,11,12,7,11,7,18
"Gene0955",17,12,13,23,15,23,11,10,26,29,23,17,15,27,35,33,22,17,8,26,15,16,15,19,35,16,18,23,28,13,33,35,13,31,9,18,28,10,18,8,13,12,8,32,13,14,21,29,12,25,19,13,23,37,16,14,15,20,21,9,28,11,13,16,15,31,16,30,14,8,33,19
"Gene0956",172,49,98,71,99,130,112,133,87,76,162,78,124,179,88,131,126,121,88,131,59,105,78,55,135,129,95,109,149,100,108,161,90,84,96,150,102,115,209,49,93,89,85,47,49,81,145,130,103,61,61,126,124,92,170,82,106,125,82,57,52,128,42,169,94,106,98,46,67,173,98,110
"Gene0957",171,156,123,139,219,229,78,76,174,119,176,115,124,135,70,163,250,141,171,123,83,292,151,252,71,75,226,241,167,165,165,207,145,181,247,154,233,154,135,154,127,213,139,47,180,189,184,204,122,167,173,183,145,120,74,179,239,129,222,69,103,121,136,128,82,180,129,191,117,165,172,117
"Gene0958",151,369,172,141,232,219,193,215,291,305,195,354,262,222,235,116,339,273,228,237,246,118,201,165,135,204,169,345,122,225,129,224,216,402,111,226,282,115,225,294,145,143,154,138,271,172,266,174,221,140,202,348,194,228,248,329,421,215,273,247,250,140,183,141,168,187,151,171,192,300,386,278
"Gene0959",206,151,168,171,300,240,277,316,114,250,363,154,372,168,271,316,355,299,334,293,271,267,232,231,289,229,192,243,358,304,341,332,143,135,330,214,295,180,240,386,207,167,368,223,153,197,376,100,239,423,405,188,508,181,301,331,309,260,224,354,176,407,211,378,313,186,165,263,288,335,154,194
"Gene0960",282,207,284,211,103,197,101,189,292,168,192,261,227,231,162,154,125,143,121,88,99,103,137,126,274,102,287,205,110,253,197,106,152,142,334,142,283,244,197,256,175,140,231,262,166,132,290,268,196,232,228,359,270,342,241,139,278,184,120,197,125,192,270,384,173,345,333,264,225,158,224,212
"Gene0961",207,89,192,195,165,189,100,130,123,165,122,191,150,191,207,204,191,154,190,170,173,173,179,129,150,149,136,164,106,179,128,183,108,134,145,91,62,198,153,99,300,161,108,193,175,148,185,415,89,150,218,262,121,154,159,128,172,201,245,127,234,109,82,154,158,144,155,396,160,70,142,53
"Gene0962",41,54,44,83,60,49,42,37,66,70,69,118,32,44,61,122,32,59,53,43,57,86,74,73,92,24,67,93,54,65,77,53,24,117,61,45,46,16,61,55,23,93,57,55,43,86,71,55,105,89,80,51,116,104,101,66,37,80,66,26,35,56,49,45,74,86,89,53,63,83,59,56
"Gene0963",24,17,39,25,27,23,28,50,20,21,21,11,22,13,21,29,15,14,6,15,27,14,27,11,26,14,40,19,31,31,17,24,18,20,9,17,19,15,34,25,6,21,17,29,7,18,20,22,22,9,10,18,20,10,16,53,7,11,17,18,18,19,14,6,22,8,16,19,4,18,24,17
"Gene0964",23,22,27,36,26,51,26,23,25,40,42,11,15,17,21,52,13,36,17,20,17,13,34,29,17,28,11,28,13,51,25,48,24,40,12,14,33,18,27,10,29,25,46,19,23,11,15,26,27,15,12,21,22,36,17,26,36,20,15,5,40,37,22,22,19,22,18,10,35,42,33,25
"Gene0965",85,107,100,78,110,129,105,68,115,49,76,74,150,46,75,68,109,110,109,105,7,77,54,100,64,91,84,85,105,74,37,85,65,226,35,89,69,77,80,113,84,77,108,57,85,150,70,52,70,89,102,91,83,67,99,67,110,51,62,49,102,84,67,65,83,109,109,118,90,79,143,80
"Gene0966",509,414,375,354,180,487,392,187,411,541,489,516,249,575,656,763,495,327,279,285,431,461,349,415,461,342,421,500,382,252,528,358,576,274,543,203,582,332,380,327,522,350,256,475,286,269,249,857,725,569,759,203,309,348,472,296,264,588,874,428,378,294,485,516,221,472,339,801,452,275,459,344
"Gene0967",632,377,353,655,532,411,446,346,415,466,968,266,518,459,302,343,277,589,307,604,405,483,211,453,430,371,685,382,896,744,529,374,436,489,193,409,442,405,293,325,588,247,402,478,306,423,368,284,186,510,668,360,555,674,406,294,509,297,294,556,363,251,311,225,404,669,616,384,366,316,550,528
"Gene0968",8,4,11,3,8,8,10,7,6,7,0,1,4,3,5,7,4,2,9,9,5,4,6,4,4,3,10,7,4,6,1,7,8,4,3,8,6,7,5,4,0,6,2,1,3,2,3,0,6,5,16,4,13,5,3,9,7,3,4,7,4,1,6,4,6,3,6,5,8,3,6,2
"Gene0969",22,18,30,12,9,18,18,20,14,7,24,20,15,11,19,29,17,10,27,24,26,31,1,22,22,28,18,16,19,22,26,34,45,26,9,28,12,16,15,29,7,13,18,27,29,17,14,13,12,30,10,30,14,26,11,37,19,15,33,21,18,10,37,24,34,25,12,25,12,53,15,37
"Gene0970",491,380,443,328,333,508,361,400,231,100,306,270,242,457,286,251,526,417,309,367,187,330,404,175,285,282,445,223,367,284,255,246,329,252,292,425,255,158,289,325,345,231,264,487,366,395,551,395,191,209,251,193,190,193,148,293,187,259,262,198,256,293,291,342,355,233,65,452,182,281,255,252
"Gene0971",10,23,12,20,8,18,12,12,16,12,17,18,23,5,11,12,10,11,8,18,9,11,9,10,10,13,13,19,10,14,17,16,10,6,17,7,5,23,15,21,17,12,17,12,20,11,16,11,10,14,13,34,13,5,11,13,15,19,20,13,16,16,15,13,3,1,0,2,4,0,3,1
"Gene0972",10,4,13,8,8,5,9,4,8,9,9,12,9,5,7,9,2,8,10,7,7,8,7,9,12,4,12,7,10,10,17,3,8,6,7,9,4,5,11,13,9,6,11,5,5,11,6,6,10,7,9,8,3,15,5,6,12,6,2,5,4,8,11,8,4,8,6,13,7,8,7,2
"Gene0973",74,62,165,43,132,134,117,51,110,232,69,124,115,51,48,96,125,99,102,185,89,164,107,113,87,167,98,82,69,97,110,81,150,128,125,185,92,104,122,100,137,81,48,140,80,126,112,165,108,196,110,66,125,68,156,68,109,88,176,124,98,102,87,116,79,65,126,116,193,103,84,117
"Gene0974",671,327,272,638,583,542,342,451,372,437,530,413,290,513,357,553,259,261,381,567,713,400,426,518,577,93,496,207,469,172,491,267,409,669,386,365,303,298,401,472,283,327,351,203,514,302,589,363,402,304,394,476,562,581,450,250,571,373,236,379,312,352,342,676,600,241,426,323,597,455,402,237
"Gene0975",437,717,519,302,636,707,609,627,642,581,503,630,476,522,392,555,696,377,428,581,458,688,519,481,433,610,179,561,489,603,492,470,554,573,461,758,393,695,658,257,979,644,634,509,650,368,654,306,548,573,616,330,764,564,158,192,599,383,576,436,923,584,518,723,594,449,435,813,754,342,500,325
"Gene0976",152,64,86,93,100,62,95,180,49,112,133,104,122,95,107,118,98,316,138,149,106,76,65,98,72,101,114,82,57,158,73,89,78,162,159,97,112,100,153,134,94,77,126,73,160,97,90,97,74,80,110,100,135,112,61,132,145,70,103,99,51,189,79,61,53,84,144,75,57,99,109,215
"Gene0977",209,82,101,87,165,80,174,106,180,136,155,219,58,162,21,107,174,204,104,187,182,127,157,223,102,110,75,150,110,157,169,203,124,81,87,245,116,207,113,128,142,81,239,99,69,71,126,77,286,179,91,80,207,126,231,152,94,144,138,134,115,136,138,121,1062,818,877,820,717,839,699,824
"Gene0978",124,182,90,139,104,101,60,77,97,102,77,119,107,48,46,45,170,47,107,44,127,67,46,80,81,178,104,80,95,142,126,158,86,89,50,79,44,89,144,112,120,51,177,104,78,105,96,103,64,101,127,81,118,80,137,58,97,104,89,75,142,146,128,128,108,142,30,60,75,114,115,176
"Gene0979",23,82,31,47,48,83,28,59,49,47,71,54,35,89,29,41,42,84,41,31,34,23,45,70,78,72,103,44,52,88,37,65,58,53,42,46,40,31,63,87,39,62,77,41,37,47,35,44,44,58,36,26,69,68,37,97,55,22,51,47,17,47,45,41,64,63,42,64,50,61,54,88
"Gene0980",1,1,1,2,1,0,1,1,0,1,1,1,2,0,0,0,0,2,2,1,3,0,0,3,3,0,1,2,0,2,0,2,3,0,1,2,1,1,1,0,0,2,0,0,3,0,1,0,2,2,0,2,0,4,2,1,1,0,1,1,0,0,1,0,2,1,0,2,1,1,1,2
"Gene0981",203,181,129,138,130,124,205,165,76,202,121,156,150,107,130,163,87,169,239,106,216,208,135,117,181,144,94,155,148,116,189,72,133,88,57,174,153,117,115,136,82,167,78,129,149,117,179,136,113,172,130,150,134,149,114,133,129,59,44,152,117,175,211,76,193,146,126,112,136,81,240,112
"Gene0982",56,22,28,24,60,46,13,58,40,70,33,54,33,33,47,43,35,35,28,45,46,31,34,38,38,29,21,16,19,22,21,56,21,35,21,21,28,31,26,29,51,40,69,33,22,28,38,40,58,26,43,31,13,74,34,18,68,36,38,25,48,33,27,19,29,28,53,65,33,44,36,48
"Gene0983",214,129,205,157,214,84,187,131,190,173,177,312,446,210,109,189,180,90,200,138,127,168,225,244,161,129,248,296,147,174,101,168,148,218,189,158,168,254,274,366,161,140,183,109,179,146,285,156,158,79,128,173,283,234,104,182,105,151,75,122,108,95,122,259,93,223,146,303,163,181,122,240
"Gene0984",16,18,57,15,27,25,9,17,10,43,49,22,29,23,30,21,33,43,10,19,28,6,34,20,12,29,29,27,33,49,17,23,25,16,17,25,19,25,23,24,20,29,18,14,40,16,26,27,19,18,20,17,31,26,19,9,32,18,40,15,40,24,12,19,27,32,35,17,32,33,12,16
"Gene0985",1,1,2,7,9,9,7,13,12,10,8,15,9,8,5,9,8,14,13,8,5,9,15,5,8,8,5,6,4,6,4,8,4,7,3,3,15,17,9,5,6,10,11,18,2,7,6,14,10,14,5,7,9,0,8,9,6,4,10,6,5,22,11,12,6,3,2,7,4,19,12,3
"Gene0986",156,303,137,126,266,291,187,258,120,148,211,188,311,129,229,268,204,120,256,164,174,213,483,113,186,268,108,277,352,363,146,413,177,196,151,103,332,362,360,310,276,178,194,300,154,269,227,231,277,138,182,213,209,89,130,239,396,165,233,186,421,196,324,135,278,133,198,278,254,172,206,188
"Gene0987",58,35,85,84,52,54,68,42,47,75,75,62,53,50,69,58,57,97,55,78,46,39,150,33,134,69,46,56,54,156,138,66,42,111,32,98,66,89,40,75,96,74,112,54,63,86,57,43,68,37,65,91,19,40,69,39,43,102,63,49,41,102,26,49,39,61,58,69,102,73,29,44
"Gene0988",3170,2543,2319,1744,1531,3096,1816,4844,2412,2110,2391,3069,3709,4903,3941,1234,5803,3004,3984,6370,5239,2578,3821,1525,2148,2386,3352,5544,4256,5190,3873,2773,4106,3351,2510,2232,4188,3459,2803,2680,4191,2749,2505,4574,4766,2538,2040,2536,1749,3268,3377,3969,2012,3539,3686,5510,5770,5178,3143,3143,2979,4137,7037,5167,1733,2486,4225,3747,2662,3551,5974,3704
"Gene0989",187,189,151,114,103,238,163,137,57,107,137,245,185,55,136,209,148,80,147,116,216,128,219,117,344,146,127,202,128,126,139,111,129,290,136,125,244,117,168,125,82,106,148,148,224,168,90,59,154,209,276,211,157,138,91,208,200,224,227,146,120,99,231,111,142,150,184,105,189,214,116,161
"Gene0990",151,114,101,181,119,359,197,311,121,182,70,169,222,260,210,295,194,130,237,162,128,221,212,189,107,159,420,194,181,201,135,153,203,134,296,291,180,251,103,105,188,121,158,173,257,264,189,180,137,198,219,105,148,248,197,70,257,191,174,208,225,160,220,159,46,40,41,46,27,48,50,51
"Gene0991",100,189,119,87,104,179,100,117,149,123,147,97,152,185,63,227,93,127,153,224,101,131,87,184,142,154,158,27,88,73,195,133,59,75,125,80,176,142,78,127,100,255,137,110,118,189,166,91,129,149,99,169,111,149,108,134,192,78,58,72,191,202,96,113,205,61,115,108,97,112,146,168
"Gene0992",31,16,30,16,40,41,24,27,21,9,19,28,54,24,21,28,18,13,23,33,20,16,39,17,16,15,38,24,26,21,28,46,18,22,27,31,20,16,23,47,18,31,31,15,18,24,38,23,26,29,20,34,14,28,31,16,23,45,14,32,15,12,24,27,29,42,27,37,25,24,22,35
"Gene0993",37,24,40,46,32,62,31,33,35,55,59,41,24,47,34,36,32,21,27,62,18,24,52,51,42,31,17,32,30,48,58,53,23,12,19,42,47,51,63,20,45,30,52,19,49,26,24,35,27,22,21,48,46,35,30,53,32,48,44,41,47,38,42,36,29,26,44,26,28,52,21,42
"Gene0994",277,131,213,126,219,278,186,186,215,123,212,225,193,171,172,185,262,155,158,135,186,199,250,89,237,227,242,137,327,136,177,174,231,186,118,163,129,262,306,214,146,180,216,186,316,222,107,191,118,183,254,301,266,224,133,93,166,323,213,251,302,104,227,126,170,87,274,183,274,159,172,217
"Gene0995",156,350,298,250,245,252,199,220,110,146,350,238,158,191,191,144,264,190,102,233,207,139,174,200,175,251,197,142,180,173,96,244,278,200,236,255,183,135,180,119,198,257,241,108,99,92,189,332,105,176,197,177,288,217,175,212,118,120,330,168,246,160,187,207,186,239,179,340,297,216,358,220
"Gene0996",124,99,114,38,82,235,84,121,131,55,147,93,179,225,175,124,126,205,75,77,93,123,113,69,99,136,160,80,63,99,158,92,66,111,51,81,95,134,101,112,189,64,59,156,90,148,196,53,117,87,101,62,117,79,113,145,167,149,72,67,161,75,290,135,77,99,155,65,118,109,118,124
"Gene0997",9,17,13,30,12,19,20,20,15,18,8,15,9,26,1,24,15,25,25,21,18,18,20,17,10,9,17,41,31,18,7,26,9,5,29,9,25,13,21,16,14,10,26,15,19,10,23,9,8,5,16,18,11,10,6,19,31,22,10,10,21,24,8,9,28,11,17,9,18,17,5,29
"Gene0998",298,481,486,472,478,517,576,200,490,422,325,377,507,345,464,237,444,334,614,312,224,274,144,831,156,425,600,301,866,244,438,350,542,222,365,456,364,332,113,225,358,227,375,509,648,476,473,395,309,463,159,362,152,333,344,476,498,233,425,263,395,502,699,275,483,511,266,325,446,401,242,198
"Gene0999",6,11,8,14,7,14,15,5,5,10,12,11,6,14,24,12,5,8,0,8,9,14,10,12,12,12,15,11,13,7,5,7,15,11,6,7,11,16,12,14,8,8,19,9,16,14,25,8,15,4,28,8,6,9,13,8,5,7,7,5,7,11,8,9,5,9,9,17,14,4,8,6
"Gene1000",32,41,32,57,58,24,35,52,28,46,30,30,37,34,23,31,16,30,25,38,26,22,33,27,20,24,39,30,21,35,10,15,19,55,46,36,36,30,31,30,44,37,26,19,43,33,37,44,15,26,24,55,19,15,56,27,21,43,30,32,41,25,41,45,10,50,18,28,11,23,9,15
"Gene1001",854,693,504,517,708,1465,706,465,644,914,962,483,1245,652,453,1444,1213,485,1212,925,897,810,1302,862,645,528,819,1096,1030,991,885,719,374,1334,528,936,1448,1209,715,1127,690,766,464,629,1218,1082,740,1338,833,813,639,917,879,1678,1464,755,1000,1218,517,670,1649,769,1194,789,722,1014,892,936,1196,398,507,923
"Gene1002",49,151,57,122,79,105,125,63,95,117,98,32,213,81,80,64,55,97,100,67,127,60,99,146,57,84,89,149,66,71,287,108,93,102,74,130,85,144,81,108,106,100,84,44,127,103,101,57,78,167,159,185,111,95,110,126,58,101,89,122,89,126,112,75,134,77,158,104,143,77,194,53
"Gene1003",235,244,293,143,132,247,236,82,191,96,184,114,426,126,181,97,218,140,73,128,142,125,127,253,201,248,235,182,76,182,220,301,212,138,163,224,253,110,157,217,120,263,202,245,167,160,112,113,328,103,214,102,184,163,145,157,156,113,189,100,154,338,197,52,256,165,143,191,105,146,245,180
"Gene1004",54,119,80,48,63,65,85,125,123,54,116,72,69,85,92,101,153,102,96,156,86,100,77,130,63,110,58,50,178,59,89,73,44,66,68,71,59,60,50,83,130,130,59,98,55,87,104,64,81,125,113,156,140,78,194,101,83,49,68,107,51,122,114,120,96,113,52,77,23,111,175,31
"Gene1005",7,7,17,6,26,5,21,27,13,21,9,4,10,14,13,21,9,10,10,19,7,36,13,20,17,19,21,26,26,12,13,8,14,17,18,16,8,16,14,20,20,11,16,10,20,16,14,5,10,25,8,24,21,8,5,5,19,12,16,10,19,18,9,13,80,99,64,68,85,44,79,74
"Gene1006",30,14,40,24,27,10,42,35,11,26,24,15,19,36,29,17,15,11,13,16,13,27,26,35,36,30,45,32,18,77,21,19,20,25,30,33,18,13,24,25,26,19,29,42,21,17,25,9,41,16,28,22,19,23,30,35,31,27,15,23,47,20,19,31,34,39,21,23,20,17,20,33
"Gene1007",70,68,124,72,15,60,59,62,46,78,62,55,64,51,62,107,55,29,45,73,45,100,81,73,45,55,60,64,95,47,38,62,51,77,110,83,66,36,51,23,28,104,87,80,65,97,62,134,53,85,62,99,73,43,77,72,56,72,178,35,45,41,72,49,49,62,76,68,68,116,102,81
"Gene1008",3,5,2,1,0,5,2,1,3,1,1,3,3,0,0,7,0,0,0,1,2,1,0,0,2,1,0,1,1,2,0,2,3,5,0,3,0,6,1,2,2,3,4,2,2,1,2,1,2,0,2,1,0,5,0,1,1,1,2,0,0,2,3,1,4,7,10,11,8,6,6,8
"Gene1009",28,23,23,11,14,13,36,36,21,18,22,36,2,16,14,26,17,18,9,24,22,21,17,29,29,11,10,17,8,21,24,4,13,9,29,23,21,42,15,32,16,15,13,20,25,17,25,20,28,31,13,22,15,8,13,25,21,13,36,26,45,10,10,21,17,20,27,14,26,16,10,7
"Gene1010",90,88,106,222,85,64,139,128,73,113,160,290,90,109,76,99,236,120,185,119,112,150,138,66,187,86,86,121,126,91,136,123,95,199,139,88,101,164,138,108,175,137,257,174,117,228,129,103,66,91,263,111,170,102,120,65,158,156,107,74,212,112,114,99,130,115,164,110,133,199,147,155
"Gene1011",51,28,33,30,50,42,35,37,14,24,25,32,31,40,29,26,35,47,14,30,23,22,43,46,19,39,18,32,4,48,56,18,28,33,44,47,21,50,20,27,38,45,53,40,28,46,109,50,30,31,33,41,30,30,32,45,47,17,26,49,50,38,36,45,68,74,29,22,48,55,51,44
"Gene1012",34,64,24,47,66,28,74,41,18,45,45,40,70,8,64,77,53,14,55,32,56,23,29,30,30,21,36,85,47,38,30,49,24,27,35,32,45,25,32,25,34,52,27,38,30,40,40,50,21,8,18,12,14,11,18,10,34,38,42,40,22,53,101,34,25,31,54,24,23,53,46,43
"Gene1013",148,105,158,187,111,186,180,126,195,159,75,164,143,320,239,130,97,142,145,212,407,145,122,160,102,181,130,174,206,117,165,137,140,175,99,262,198,219,143,157,178,162,212,127,170,137,101,170,128,137,196,184,73,170,85,81,139,116,193,139,170,112,174,175,124,221,205,110,90,150,257,149
"Gene1014",26,16,20,19,28,37,37,23,40,30,25,47,60,40,19,16,27,29,19,28,33,33,28,30,29,43,30,19,35,15,33,11,29,25,29,38,10,38,34,13,45,35,15,11,15,17,35,13,19,36,7,32,34,23,16,27,17,32,35,20,36,38,24,31,29,29,25,37,13,28,9,18
"Gene1015",60,53,81,140,106,101,82,107,117,67,192,153,172,156,112,141,129,195,129,57,42,73,123,133,163,80,94,95,107,144,175,80,75,165,90,79,110,65,149,89,72,167,145,176,127,157,128,86,131,120,149,112,179,94,144,74,101,87,119,59,86,61,78,133,162,129,69,190,42,121,105,93
"Gene1016",9,0,16,18,4,7,11,14,9,7,12,15,14,11,15,21,7,9,9,20,12,16,8,13,9,9,6,4,4,4,12,8,8,24,8,7,6,6,14,11,6,8,5,7,3,6,9,15,14,15,10,7,13,14,17,11,15,11,10,7,6,9,14,17,10,14,9,4,8,8,8,12
"Gene1017",19,8,2,15,10,24,15,12,4,13,17,5,12,5,10,20,5,3,9,9,20,22,13,16,17,5,12,14,15,15,13,15,15,11,16,7,18,16,12,15,15,7,12,9,4,6,19,19,14,12,16,9,6,10,14,7,12,8,13,11,16,6,5,8,5,22,15,11,16,15,16,18
"Gene1018",8,14,5,14,8,4,19,7,8,12,4,7,3,7,6,4,6,13,15,6,12,6,8,7,8,2,2,10,6,12,12,6,6,7,6,7,10,3,8,15,5,8,7,7,2,7,10,6,4,6,4,2,2,6,8,13,5,4,8,8,7,5,4,11,4,8,1,25,14,5,15,5
"Gene1019",56,71,26,95,85,101,64,80,105,46,27,70,57,46,57,72,109,83,65,103,36,57,74,64,51,38,55,42,60,70,33,56,92,121,64,82,52,68,80,86,33,68,66,46,66,30,78,67,85,43,98,60,65,39,97,33,67,60,83,27,42,58,49,70,25,45,45,40,63,48,54,92
"Gene1020",68,41,42,29,60,42,39,54,30,26,51,30,57,44,35,29,84,53,23,32,32,44,37,31,13,61,40,24,44,37,48,36,37,33,20,39,42,37,45,38,37,44,44,48,31,35,26,46,88,51,37,37,24,41,53,69,16,37,62,29,35,29,62,81,43,39,53,53,18,50,26,39
"Gene1021",160,346,379,400,196,403,231,231,312,96,248,215,291,434,339,403,214,296,219,336,393,424,252,270,258,262,177,168,351,310,232,366,243,304,310,363,265,287,207,388,217,433,424,351,222,305,91,345,397,365,509,326,343,347,294,182,312,364,391,153,245,321,139,210,214,340,203,344,149,417,419,266
"Gene1022",74,28,75,37,14,53,15,54,45,73,38,53,69,57,30,48,88,34,24,38,53,47,62,48,42,78,71,42,29,55,52,52,67,36,65,61,49,56,46,52,62,72,31,54,34,44,49,96,53,21,39,62,66,34,44,34,90,22,49,50,64,55,37,56,49,52,37,33,101,52,54,36
"Gene1023",232,328,305,326,193,229,201,223,303,263,175,347,424,128,258,222,388,217,382,338,343,428,253,323,316,150,340,186,337,308,322,285,280,259,451,228,175,222,391,310,179,300,272,228,325,257,242,325,255,143,224,477,237,381,146,293,297,260,233,262,421,166,319,217,205,121,290,144,214,327,450,294
"Gene1024",346,416,728,889,338,419,579,646,355,329,738,776,349,425,423,353,530,309,661,892,608,341,489,635,852,889,546,569,750,871,1104,617,578,339,433,436,739,669,256,1379,469,465,525,492,945,588,561,460,761,473,1008,703,565,454,506,582,462,564,460,613,685,839,511,683,349,729,338,501,476,721,686,998
"Gene1025",25,18,42,34,26,24,44,37,28,17,47,43,37,24,43,31,46,29,19,19,44,29,21,48,35,28,33,37,29,31,20,32,23,19,27,42,17,33,13,28,21,26,51,47,32,21,28,27,33,35,34,43,19,56,44,39,20,57,31,32,31,27,45,18,51,26,38,23,41,50,41,52
"Gene1026",44,63,159,95,72,78,82,157,46,123,71,62,41,93,49,96,89,71,79,45,222,48,91,105,72,91,65,160,65,71,110,48,39,95,55,143,93,100,94,89,171,62,45,83,125,72,70,37,114,52,102,80,102,155,95,72,64,132,62,62,117,58,69,67,79,119,71,67,103,127,152,152
"Gene1027",22,17,19,15,16,42,12,16,28,7,8,22,16,23,22,11,5,16,3,15,24,14,22,8,19,25,26,21,11,12,17,29,25,21,37,28,9,24,33,21,5,20,11,31,21,17,15,44,17,23,13,31,11,9,32,28,18,18,27,27,18,40,9,34,34,9,16,25,29,16,17,21
"Gene1028",83,48,73,201,178,118,157,164,123,153,124,77,143,107,158,176,75,76,146,68,250,128,144,101,131,140,124,93,92,95,137,99,159,65,90,138,115,155,100,157,115,118,126,161,150,118,219,155,122,78,144,95,221,149,105,112,92,118,163,204,137,190,266,139,124,186,128,117,99,75,101,70
"Gene1029",28,7,12,8,14,13,21,15,13,10,17,18,29,21,6,10,4,32,12,17,11,17,15,17,22,12,27,9,18,13,5,20,19,11,10,15,10,12,23,10,2,11,12,22,13,15,8,14,14,11,28,25,16,12,10,7,10,28,11,15,15,18,12,13,15,5,19,14,6,23,18,8
"Gene1030",14,11,21,17,17,12,5,12,19,17,5,12,23,19,15,25,23,9,19,13,22,16,28,9,13,18,18,21,20,13,18,21,17,8,12,13,16,14,14,20,19,14,21,38,26,9,23,11,7,8,11,11,16,12,9,28,12,8,27,14,16,13,20,31,30,19,19,21,21,11,7,8
"Gene1031",107,40,48,58,50,46,43,77,57,53,86,25,106,38,103,61,85,58,64,66,64,67,51,51,67,123,42,37,61,117,82,39,149,103,65,68,58,61,62,84,43,103,71,62,99,54,35,57,55,86,77,81,84,131,190,53,56,83,68,107,145,50,105,72,54,62,37,75,55,92,153,59
"Gene1032",79,74,69,106,81,41,79,62,38,51,70,94,89,69,36,86,53,47,54,40,56,40,23,67,46,28,56,44,30,58,16,67,92,34,22,59,80,107,32,113,104,137,58,63,45,71,97,70,41,66,46,34,46,53,56,90,57,105,50,54,114,33,16,24,120,120,48,42,68,70,73,53
"Gene1033",36,72,32,92,91,79,107,81,159,54,81,38,56,102,81,40,40,84,67,82,84,57,88,118,66,61,31,73,50,71,63,43,68,48,30,130,78,114,71,57,55,79,49,117,58,54,90,85,95,47,113,98,89,120,77,71,52,30,50,22,101,37,45,74,106,78,112,101,96,62,53,50
"Gene1034",28,20,58,35,28,32,21,40,78,79,48,42,51,56,71,68,58,57,101,45,64,48,31,51,104,35,107,50,107,19,54,74,74,58,50,70,144,95,30,49,70,53,39,46,52,44,45,47,26,70,57,55,42,78,62,22,35,34,25,44,45,94,64,90,50,52,60,80,56,67,36,85
"Gene1035",23,8,29,14,21,33,32,27,23,24,21,17,5,22,26,55,19,39,37,42,37,26,20,50,41,12,14,32,35,21,14,45,40,28,16,38,20,20,30,19,41,21,24,19,23,24,36,27,20,40,23,20,24,48,29,41,40,19,25,22,39,11,51,40,17,14,63,12,18,36,36,29
"Gene1036",56,62,35,34,41,67,33,28,41,32,72,44,89,50,42,41,68,79,27,46,34,60,45,30,33,51,19,95,38,60,26,57,71,37,29,44,70,50,42,37,44,68,27,21,51,34,27,28,38,37,47,115,44,29,62,86,20,50,65,39,54,66,31,37,44,79,93,44,77,55,83,46
"Gene1037",226,379,248,386,343,398,476,516,319,171,264,412,356,205,304,464,239,316,243,182,345,481,242,333,500,392,323,521,528,402,504,408,307,455,619,302,435,410,301,305,246,521,307,738,461,441,350,564,573,475,446,421,357,153,386,355,292,287,285,220,370,264,403,350,332,289,445,249,578,443,201,355
"Gene1038",50,39,35,46,66,50,41,38,30,40,78,42,30,49,39,53,45,46,51,63,63,72,38,70,44,43,91,51,51,63,77,69,64,48,71,32,42,17,73,30,56,96,51,49,54,51,52,45,50,48,22,44,74,66,41,80,58,71,50,51,87,69,41,52,49,55,41,29,22,82,49,65
"Gene1039",8,13,11,13,4,7,14,9,12,12,4,4,14,17,17,5,16,7,12,16,16,18,4,14,2,6,9,13,13,7,10,3,5,5,1,17,10,6,11,13,12,13,24,11,10,11,7,14,7,5,11,11,12,14,8,6,17,13,8,16,12,14,18,4,8,12,16,9,12,7,12,5
"Gene1040",33,16,41,38,34,24,27,10,16,13,11,36,30,32,1,23,17,20,17,15,27,22,24,18,13,19,17,14,26,31,19,22,25,23,11,7,33,13,19,25,26,14,16,23,20,14,20,12,18,30,31,28,32,20,18,36,18,24,12,14,16,8,20,14,20,41,25,41,19,17,18,24
"Gene1041",14,14,19,9,5,14,14,7,11,10,17,16,16,13,14,9,19,20,14,8,27,2,20,6,11,13,15,3,18,32,14,22,18,13,24,15,24,14,13,15,22,12,7,11,10,14,30,14,33,13,27,27,14,18,6,18,18,23,12,12,16,10,16,18,5,6,5,6,5,5,4,3
"Gene1042",16,26,21,7,7,12,13,12,10,14,13,10,30,17,44,8,12,21,24,29,22,16,29,15,16,12,19,20,9,20,23,12,14,17,19,14,15,13,6,21,14,33,14,19,7,21,27,43,17,11,8,21,23,20,17,13,7,7,28,15,28,13,21,19,20,14,6,24,10,17,13,10
"Gene1043",9,22,15,6,12,17,7,15,22,2,26,3,17,6,16,18,8,14,15,6,16,14,7,8,14,6,7,16,14,5,10,7,4,19,10,23,23,23,9,26,8,17,5,21,7,4,3,11,14,8,11,10,15,15,2,10,8,20,9,20,20,18,7,5,16,8,9,8,6,9,9,24
"Gene1044",2,2,2,3,6,3,1,4,2,2,3,0,1,2,4,1,3,5,0,0,1,4,2,1,1,1,2,3,2,1,2,0,1,5,4,1,1,1,5,3,1,3,3,4,2,4,1,1,2,1,0,0,2,4,3,3,0,2,2,3,2,5,4,1,3,0,0,2,3,3,5,0
"Gene1045",80,58,148,101,120,71,142,53,154,146,83,114,127,138,94,101,126,147,156,103,174,137,149,172,91,116,50,89,126,111,139,182,87,115,91,102,146,94,125,164,130,192,191,176,205,175,73,117,78,53,108,73,76,208,140,156,114,173,91,115,137,107,139,95,172,162,102,134,156,103,129,242
"Gene1046",94,139,135,158,40,130,128,125,87,101,97,81,98,74,86,143,155,39,136,197,170,52,156,110,109,128,89,56,38,56,51,121,160,118,49,186,127,43,110,199,58,139,105,168,209,124,94,145,80,121,59,50,123,88,33,137,99,67,121,136,150,118,121,88,537,444,498,632,638,485,305,525
"Gene1047",37,40,42,42,28,20,38,47,48,45,44,57,20,22,28,22,43,26,84,59,53,21,87,30,26,44,42,48,64,43,46,27,24,17,50,43,50,35,34,28,49,28,50,13,40,64,49,27,33,31,71,34,15,84,30,28,26,75,22,21,24,29,58,36,20,60,27,21,31,54,36,57
"Gene1048",22,37,25,27,23,52,37,9,14,16,30,20,25,15,18,15,36,15,21,25,32,27,17,20,44,13,35,34,24,11,14,11,24,10,12,14,13,21,14,33,25,20,12,16,40,13,20,20,27,13,13,15,32,17,7,12,11,34,20,20,20,17,41,34,17,30,28,16,27,28,44,42
"Gene1049",17,19,16,28,16,15,44,30,21,16,16,20,28,28,18,19,29,29,25,11,10,8,22,36,11,31,25,17,12,11,10,14,24,15,17,20,50,20,19,33,18,14,8,8,30,11,32,16,18,18,21,10,31,15,21,12,16,9,31,25,20,5,11,44,29,12,17,21,31,16,19,32
"Gene1050",89,80,142,126,118,133,62,78,57,41,78,127,62,68,44,64,28,65,79,62,119,93,59,124,99,95,124,81,93,98,97,84,42,54,100,116,106,105,106,51,55,49,136,98,45,53,77,121,150,66,64,118,209,43,36,106,83,90,85,74,92,170,63,48,104,81,82,61,101,92,119,75
"Gene1051",84,74,50,32,87,82,80,107,79,38,75,54,58,66,34,49,77,76,93,40,91,58,71,42,72,42,65,101,56,65,76,59,101,27,76,55,56,21,49,93,81,71,38,68,74,74,62,114,85,89,63,65,117,35,91,60,60,70,79,82,72,86,61,93,216,260,258,344,247,260,166,251
"Gene1052",70,56,74,91,69,101,77,78,87,115,75,54,95,66,86,108,131,83,93,106,65,122,104,81,104,43,30,70,140,112,152,94,52,118,107,94,17,70,133,165,126,47,112,119,123,66,38,50,186,185,110,87,133,107,53,103,69,86,53,102,44,100,55,104,125,35,81,118,76,83,123,127
"Gene1053",69,26,70,77,46,44,47,24,49,32,78,72,24,32,65,46,48,72,59,127,49,25,72,42,102,47,76,83,76,86,57,77,41,61,58,50,40,36,43,51,57,50,42,51,68,53,27,37,61,23,59,33,45,76,36,46,33,19,42,77,52,30,64,78,64,35,24,95,63,76,69,57
"Gene1054",89,93,130,96,72,167,104,72,100,137,84,79,118,143,103,175,86,108,34,146,49,81,149,145,128,136,135,179,66,126,97,144,165,122,139,249,129,149,187,123,89,45,74,178,200,87,46,123,145,91,70,62,145,106,110,147,65,101,97,103,77,129,67,119,103,110,112,67,130,73,106,157
"Gene1055",170,108,72,181,121,93,109,170,128,77,103,30,47,126,52,45,114,67,105,131,100,86,84,83,114,58,85,202,66,88,97,79,141,98,56,101,76,83,81,180,51,107,97,76,87,56,93,168,109,57,90,144,134,91,43,107,108,57,91,89,95,110,87,113,42,58,101,115,70,118,125,109
"Gene1056",107,63,59,111,109,57,166,75,68,63,118,144,95,142,59,139,113,82,92,48,166,100,75,92,79,105,52,95,115,143,65,78,265,151,95,127,110,159,88,84,153,84,167,144,129,102,64,95,179,237,112,86,123,59,82,115,78,117,94,163,88,106,106,46,79,108,146,64,59,98,182,98
"Gene1057",155,74,182,50,102,179,91,91,157,125,93,118,98,48,75,128,74,80,78,111,108,75,62,64,114,58,79,67,131,167,127,124,110,85,55,99,181,104,127,114,58,150,209,92,83,83,119,85,103,109,106,103,137,186,80,171,138,242,94,114,154,75,65,82,120,113,155,103,94,127,89,70
"Gene1058",324,367,323,305,257,187,506,359,369,427,444,327,218,496,622,426,220,347,686,253,431,524,443,334,538,406,228,329,272,166,393,294,377,369,510,323,456,267,247,233,467,524,269,358,338,236,230,353,396,256,289,491,400,443,337,509,377,524,303,204,453,265,667,447,430,507,625,328,635,266,201,515
"Gene1059",24,4,7,35,11,18,18,22,14,12,23,8,18,22,12,11,27,15,29,17,19,19,16,27,19,11,9,19,18,19,28,9,8,22,15,11,22,6,12,16,11,18,6,9,16,6,10,3,33,4,26,15,15,5,21,20,8,24,6,14,13,23,10,13,20,10,16,9,9,14,7,12
"Gene1060",282,467,264,297,274,302,306,370,286,642,139,335,354,258,267,174,478,317,446,181,173,372,167,213,527,229,162,156,234,450,398,295,333,257,272,366,384,344,414,240,559,254,335,389,682,359,337,248,580,381,281,369,287,344,470,472,228,428,374,328,378,285,338,524,291,282,313,448,356,485,421,265
"Gene1061",16,38,70,34,71,25,51,22,27,19,16,24,36,29,54,36,52,21,29,25,54,39,44,20,27,30,58,26,27,19,53,37,68,33,26,28,58,56,22,69,44,34,43,46,27,36,43,41,7,2,10,5,9,7,4,10,21,34,59,28,44,39,25,48,39,56,48,43,32,38,24,26
"Gene1062",47,56,103,63,35,51,51,75,16,50,41,25,73,82,81,48,35,37,59,43,48,30,53,40,29,57,68,68,54,50,48,59,44,46,49,28,58,73,49,35,53,60,31,58,37,39,31,57,32,58,86,74,26,24,63,45,62,53,47,54,74,51,44,38,121,48,52,86,52,53,37,88
"Gene1063",38,42,59,24,67,55,63,28,66,74,30,32,34,40,37,43,63,101,122,60,55,60,25,89,70,33,26,61,134,102,76,119,56,59,58,82,36,57,35,26,41,40,47,51,52,56,44,22,141,38,57,21,45,66,52,55,85,76,53,39,35,97,72,69,53,48,26,85,58,31,68,28
"Gene1064",42,32,19,39,23,28,47,50,11,31,19,26,17,35,30,43,25,44,35,25,40,36,16,39,32,20,48,31,34,27,35,27,20,36,32,20,19,25,21,39,32,18,54,31,38,35,32,53,37,24,43,37,22,26,50,37,29,35,21,30,31,23,31,26,27,22,24,51,25,52,24,19
"Gene1065",3,4,5,4,3,3,3,1,4,5,1,1,4,1,5,3,2,1,1,1,2,2,1,2,1,0,1,6,6,0,0,1,5,1,2,2,4,6,3,5,0,2,1,1,0,4,3,2,3,4,3,3,1,2,3,1,2,0,2,3,3,4,5,5,10,3,1,7,2,0,3,3
"Gene1066",47,55,21,48,28,28,38,37,17,41,40,41,41,23,38,17,89,52,50,72,33,45,46,39,36,36,3,3,2,11,9,9,35,45,41,37,29,38,25,21,24,29,22,37,33,15,39,28,69,42,24,15,35,33,56,8,33,47,19,49,60,50,43,22,31,30,33,41,34,38,21,51
"Gene1067",45,76,42,61,39,22,58,28,53,38,35,36,87,38,47,27,71,81,68,61,39,38,41,84,63,41,50,40,54,41,73,15,89,13,36,32,54,32,44,98,47,58,28,36,43,73,42,59,86,37,101,43,56,67,45,45,50,50,65,69,67,95,64,32,49,36,51,53,50,32,38,40
"Gene1068",10,6,7,5,12,5,7,0,2,8,7,8,1,0,6,5,2,3,1,9,6,6,9,5,9,7,11,6,7,9,6,9,3,8,6,4,11,3,7,6,3,4,10,4,5,4,4,7,8,2,8,19,7,4,6,3,6,8,1,7,4,3,6,15,15,8,11,9,6,3,6,4
"Gene1069",150,49,159,110,84,104,179,132,74,105,154,113,158,122,73,108,132,99,83,113,43,97,65,37,131,124,110,85,145,162,199,58,38,177,107,99,143,81,70,82,91,109,121,92,106,98,88,157,111,110,207,71,140,57,89,83,158,89,65,86,102,134,186,136,75,105,52,60,134,198,95,116
"Gene1070",23,9,26,31,15,16,37,23,42,32,25,34,14,34,13,24,16,10,20,44,26,29,28,19,19,12,24,6,40,21,38,18,23,20,40,52,34,51,33,29,25,17,12,18,7,55,20,31,39,31,28,35,27,49,25,72,20,40,35,37,24,18,35,10,30,48,20,16,17,26,17,19
"Gene1071",359,236,234,164,505,369,165,290,375,309,205,232,232,162,454,191,286,394,405,119,427,334,545,306,278,277,388,268,302,244,183,156,190,88,232,271,443,195,253,201,449,306,250,442,246,300,190,361,323,288,272,537,191,286,185,167,412,298,491,268,220,194,439,238,159,318,351,376,131,368,264,323
"Gene1072",30,94,89,102,55,46,129,100,80,56,75,68,80,42,29,87,72,62,74,62,44,55,58,102,38,69,60,164,94,59,117,86,77,33,108,40,28,67,101,65,113,82,52,91,84,90,61,93,51,43,78,127,41,71,145,58,86,50,40,98,44,65,49,107,60,124,40,101,57,44,78,105
"Gene1073",34,22,38,4,34,33,38,20,19,17,11,14,19,17,46,14,23,41,8,28,13,13,16,16,10,21,23,24,25,24,13,14,17,27,45,23,13,32,19,11,23,18,10,9,20,21,24,42,13,16,12,9,14,23,15,24,25,7,25,18,14,10,30,13,8,11,41,17,12,29,13,19
"Gene1074",43,66,57,69,32,35,50,91,35,75,28,70,74,29,70,98,34,117,57,102,111,50,30,66,68,107,25,44,75,27,67,123,56,54,53,104,78,60,73,38,64,106,51,35,60,109,59,88,102,120,75,74,53,89,57,77,56,36,61,48,26,78,35,57,124,115,32,66,65,52,55,113
"Gene1075",129,55,95,60,109,92,84,53,81,72,76,44,72,62,84,85,63,92,55,67,88,112,32,173,92,63,89,104,73,85,52,65,56,121,93,38,51,86,41,80,116,73,70,92,67,47,66,117,45,65,140,46,79,29,77,77,74,132,66,128,46,60,125,85,79,76,75,115,132,59,43,54
"Gene1076",108,230,222,139,131,159,164,97,124,144,223,136,157,136,154,175,278,189,189,118,89,88,61,123,142,130,110,164,223,230,232,296,284,284,148,148,210,233,198,289,156,233,193,218,167,125,234,65,138,163,149,189,116,226,166,71,161,98,142,170,150,157,142,254,228,141,227,127,135,172,160,207
"Gene1077",73,34,56,32,33,25,51,23,26,30,32,41,64,35,38,35,46,42,28,39,42,56,37,36,22,33,54,28,30,25,38,14,38,41,23,101,48,44,59,40,51,53,48,40,75,34,44,40,45,31,40,34,74,42,42,67,37,26,37,38,28,55,43,35,37,38,56,38,40,27,28,53
"Gene1078",3,5,6,13,6,3,6,9,5,12,2,6,1,7,5,2,5,7,6,0,7,5,5,2,8,6,9,4,0,3,6,6,4,4,13,3,1,3,2,7,5,7,5,6,6,1,5,2,5,5,3,3,3,3,7,3,2,3,7,4,3,5,4,4,5,6,10,5,8,4,7,3
"Gene1079",6,11,18,6,10,11,14,17,8,6,6,24,11,13,2,11,6,12,5,32,10,14,11,11,7,4,15,12,12,9,17,19,15,9,18,15,6,12,3,17,7,10,12,18,10,7,7,18,5,8,7,10,7,12,10,16,10,7,15,9,6,9,15,9,5,9,10,12,30,8,12,10
"Gene1080",14,30,18,22,16,15,18,14,16,25,22,20,25,13,15,31,24,17,14,14,9,11,21,6,18,20,39,12,20,11,21,18,20,20,18,9,31,21,21,25,17,18,19,23,17,32,30,15,14,16,26,15,15,16,28,9,21,19,7,30,24,22,9,29,18,9,56,21,21,23,14,26
"Gene1081",75,65,105,103,108,79,119,87,157,69,90,79,48,103,38,94,126,62,226,95,171,152,64,40,111,135,90,51,92,98,83,67,96,84,104,110,82,132,104,62,77,85,61,48,80,87,98,81,147,88,102,103,59,67,59,119,57,80,70,101,55,116,138,103,75,161,85,74,83,74,77,87
"Gene1082",47,33,18,61,36,43,55,12,39,30,63,67,33,34,31,26,45,75,21,35,33,25,42,53,25,39,55,46,32,25,50,31,32,54,44,43,62,13,43,63,79,35,22,26,41,11,57,15,32,31,69,45,35,38,40,46,83,69,23,62,28,22,36,21,18,39,29,42,43,44,54,14
"Gene1083",71,32,36,13,23,26,29,41,23,46,54,68,30,57,40,23,16,11,23,40,37,38,23,19,17,21,22,34,22,41,14,17,41,33,13,27,22,26,35,19,21,37,22,22,12,14,29,38,48,36,45,31,32,18,14,23,40,15,17,18,20,30,37,5,47,20,32,24,12,32,16,29
"Gene1084",4,27,8,12,20,20,19,12,18,11,20,20,10,29,22,19,7,26,20,27,40,23,31,14,7,22,10,16,15,31,18,13,7,30,22,36,23,24,20,18,9,17,11,25,12,20,25,36,10,36,23,15,19,19,12,22,6,10,25,21,18,9,30,19,21,28,14,32,24,11,30,18
"Gene1085",62,39,73,67,58,41,104,23,54,71,51,106,59,88,71,57,92,61,41,49,87,66,82,79,64,75,60,69,42,39,83,101,38,119,45,48,88,55,56,56,89,53,89,64,66,116,82,56,110,65,95,30,88,43,90,53,54,13,112,38,32,83,74,121,33,114,100,69,96,70,69,37
"Gene1086",10,11,7,18,19,18,19,29,20,9,4,9,25,24,44,10,30,25,43,32,17,10,27,36,12,5,9,13,17,21,13,7,30,15,30,14,42,17,25,17,18,18,17,7,12,14,16,22,21,35,16,20,11,22,25,21,15,18,30,13,6,15,10,27,15,26,15,36,38,31,12,19
"Gene1087",41,48,20,56,30,42,21,48,30,10,21,26,49,21,41,48,24,15,60,31,41,24,44,34,33,46,31,18,16,25,15,10,71,33,19,27,44,25,33,28,50,37,30,44,44,27,71,38,50,39,28,31,35,27,22,47,45,19,25,25,18,30,35,31,48,39,42,32,25,56,40,20
"Gene1088",21,9,29,10,13,10,10,17,5,23,22,20,39,12,10,14,23,17,18,19,34,32,25,9,16,16,25,24,28,8,18,7,10,10,19,9,14,22,23,14,40,17,15,9,14,17,29,22,38,17,24,31,27,13,28,14,10,21,8,24,12,25,19,20,11,22,19,16,11,9,14,8
"Gene1089",6,21,9,16,3,6,17,15,3,10,7,15,9,18,7,16,12,9,6,5,7,5,8,4,5,19,3,8,16,5,11,9,9,6,8,7,20,13,7,14,4,10,6,5,7,7,10,8,13,4,3,21,13,8,6,10,12,15,14,14,21,7,8,6,9,13,14,16,9,11,11,16
"Gene1090",131,188,310,226,130,236,184,150,99,164,179,189,224,124,147,179,228,93,194,338,124,172,211,219,207,142,126,174,309,281,191,178,163,148,161,188,293,306,195,101,322,113,277,259,189,194,163,198,212,158,117,323,247,193,196,147,122,220,215,61,238,104,153,84,81,254,163,197,156,90,90,259
"Gene1091",13,11,8,8,11,9,3,14,14,7,12,16,12,2,13,7,6,16,13,8,20,12,22,10,6,8,5,6,10,6,19,7,12,21,12,16,11,9,16,9,11,7,11,15,15,5,7,19,19,19,10,10,16,11,7,5,12,14,17,12,13,16,12,12,19,10,5,7,6,8,8,14
"Gene1092",34,30,71,30,49,71,38,47,52,23,112,49,61,42,57,52,66,53,94,50,51,65,116,37,33,101,17,102,72,29,58,68,29,65,72,44,31,88,32,117,56,83,95,32,89,64,42,44,87,65,64,44,97,41,89,46,42,46,54,78,81,66,50,42,79,23,77,92,64,68,37,52
"Gene1093",39,40,26,52,30,28,16,14,33,25,33,19,39,31,18,28,25,19,20,23,28,27,35,19,21,23,36,33,28,41,53,23,22,65,41,26,24,18,13,19,22,26,51,21,25,15,27,46,18,43,29,20,19,32,28,68,21,16,25,8,26,19,37,34,18,36,26,9,34,20,32,25
"Gene1094",30,14,8,6,23,9,18,25,20,19,14,7,26,14,19,7,15,29,11,26,25,35,19,11,15,20,21,11,24,10,25,8,14,8,12,17,16,11,18,17,19,19,20,12,5,6,28,8,18,7,8,6,16,12,16,1,12,19,14,14,14,10,11,11,17,15,21,18,21,7,7,21
"Gene1095",55,70,84,40,109,53,72,40,17,95,72,79,68,71,91,61,51,56,75,32,84,86,53,103,39,65,49,68,63,104,110,43,79,79,38,92,64,123,110,80,91,13,17,38,49,37,85,89,104,136,92,38,84,50,128,110,67,56,63,91,101,106,107,38,63,58,84,88,77,78,92,118
"Gene1096",67,38,92,88,196,101,70,58,105,75,190,102,43,97,73,87,94,73,142,114,132,81,122,95,116,62,71,71,181,79,65,46,33,61,91,145,71,104,79,63,25,129,95,69,65,39,104,106,108,111,96,190,63,139,89,54,113,122,84,75,118,69,27,29,54,62,84,66,74,50,99,71
"Gene1097",205,209,177,212,373,110,131,317,271,156,312,528,232,310,115,182,278,321,361,247,279,193,242,150,158,403,332,225,208,434,282,172,353,348,335,143,89,400,314,188,127,108,400,402,321,257,327,467,247,108,391,304,126,149,376,211,154,232,405,407,74,241,277,132,121,157,224,304,274,363,323,242
"Gene1098",69,67,149,55,20,71,57,59,109,141,74,140,90,51,79,71,46,67,45,49,111,46,84,55,112,102,37,99,131,83,93,84,66,141,104,51,60,95,62,97,77,105,84,95,76,96,73,62,65,102,153,81,103,62,64,85,97,79,70,68,72,74,75,75,110,70,66,96,86,101,48,36
"Gene1099",56,44,20,57,35,47,49,69,37,32,47,67,67,23,59,53,61,32,42,67,39,43,26,41,51,34,57,51,32,35,51,30,52,38,41,42,39,65,45,65,60,24,29,45,62,76,47,57,52,35,30,45,38,32,55,48,54,33,81,36,47,57,65,52,56,53,44,37,37,25,24,55
"Gene1100",919,962,435,1972,1048,519,1236,2602,1271,1575,1609,996,1223,933,1394,1220,923,1313,1065,1015,746,1588,870,1856,924,1463,1857,1459,748,1433,1263,858,570,1097,890,557,1329,1405,1174,870,850,1292,1633,903,1702,426,926,1324,988,803,1214,1177,626,1687,938,953,1001,1655,1537,1472,1696,1083,1308,2099,1212,1464,957,1837,1211,1013,1037,995
"Gene1101",40,18,31,24,36,10,29,21,36,21,16,16,20,19,24,20,32,23,29,17,27,28,14,23,11,23,17,26,28,12,32,44,16,35,14,44,14,22,36,21,24,8,20,23,26,34,47,15,8,29,21,12,28,42,22,29,10,17,26,19,58,21,41,22,23,19,29,14,33,36,38,39
"Gene1102",11,23,18,6,18,25,20,10,5,19,28,12,27,28,20,22,19,13,19,13,8,19,25,18,23,16,20,15,20,26,10,18,8,32,12,6,23,21,28,9,13,18,15,3,9,12,12,22,16,18,11,11,23,11,13,14,28,14,10,4,6,8,7,11,12,5,15,16,14,12,10,13
"Gene1103",33,14,15,49,31,37,41,18,22,42,39,62,35,20,32,44,31,27,31,7,23,30,27,31,35,33,18,24,24,28,22,18,31,30,32,15,16,35,48,31,38,23,16,49,23,62,54,28,8,15,31,16,15,22,32,44,36,23,14,30,39,47,28,8,19,44,41,28,22,14,24,17
"Gene1104",57,27,17,43,28,94,19,75,71,45,47,40,27,15,65,60,56,48,44,54,43,52,47,28,49,45,48,55,24,44,44,62,58,59,52,67,47,53,35,27,27,59,50,62,70,20,65,36,53,41,46,52,33,44,26,30,62,38,43,67,52,50,45,50,9,3,4,10,6,8,5,4
"Gene1105",92,123,65,50,91,76,46,59,38,75,109,102,87,101,121,100,151,107,149,84,110,86,144,122,139,152,86,94,66,124,178,34,108,157,151,94,128,50,141,64,217,132,154,122,141,145,118,133,49,121,78,127,120,104,160,142,159,106,158,64,72,95,113,200,70,77,98,107,182,148,101,105
"Gene1106",39,82,65,93,55,87,105,110,130,85,71,66,66,96,159,48,29,61,62,57,62,117,48,59,81,58,114,258,88,185,84,121,75,47,141,75,95,143,73,59,54,74,81,101,25,101,112,120,85,123,60,101,107,72,86,75,150,49,99,102,97,106,67,147,68,107,26,49,69,39,149,80
"Gene1107",44,47,53,30,71,27,51,41,38,13,39,64,25,17,63,47,58,46,45,29,36,36,58,37,56,42,24,24,45,92,78,29,32,38,29,43,58,66,26,56,84,68,51,44,41,44,51,58,44,76,57,55,69,56,91,22,77,21,75,34,70,50,64,11,44,44,47,52,108,31,53,58
"Gene1108",16,28,18,13,16,18,19,19,24,29,26,23,9,13,21,25,14,7,30,19,15,13,12,34,23,28,16,20,22,18,18,20,37,13,5,30,33,13,12,11,18,25,14,20,26,35,27,12,15,14,23,12,14,14,27,18,19,19,9,11,24,11,12,17,12,24,14,18,16,18,14,7
"Gene1109",164,87,242,212,135,201,124,210,147,172,186,262,191,145,151,129,249,190,187,401,157,290,182,201,126,172,367,121,349,316,144,218,229,170,72,153,85,278,342,253,170,345,236,150,129,359,217,393,291,260,290,244,240,285,222,225,154,277,158,270,266,184,134,93,198,71,149,176,58,257,281,148
"Gene1110",77,103,174,130,148,144,141,142,171,209,128,156,227,165,293,199,202,108,300,236,165,298,235,169,59,139,221,140,182,138,72,276,133,142,201,152,118,289,144,195,107,269,132,168,137,106,93,166,152,200,147,221,155,117,132,108,221,136,102,143,194,208,124,175,146,242,182,152,132,248,136,219
"Gene1111",16,12,21,57,15,6,21,21,25,24,14,12,22,23,20,20,5,14,5,26,29,14,30,13,20,29,22,21,28,17,38,11,33,30,14,37,33,26,25,19,29,22,24,18,10,32,19,13,59,9,37,19,12,31,10,23,57,38,20,21,13,32,14,37,32,16,16,17,18,26,32,19
"Gene1112",183,76,124,73,110,85,181,115,134,91,112,49,61,144,42,147,74,157,117,157,74,173,178,39,129,160,144,118,139,74,127,163,130,120,403,102,76,108,69,47,136,86,120,180,143,107,130,72,133,88,144,104,197,107,63,92,132,99,95,92,91,102,96,136,112,187,219,122,151,126,147,190
"Gene1113",93,115,77,102,34,100,70,39,62,78,53,65,143,87,155,35,100,115,54,86,119,81,69,122,81,74,107,125,21,61,114,139,107,142,83,93,138,92,91,119,170,84,78,141,170,84,40,81,86,89,110,88,90,54,94,167,104,89,95,74,68,108,135,128,266,242,233,350,338,271,341,289
"Gene1114",267,186,227,341,172,139,310,134,290,174,132,157,117,218,58,169,179,212,149,200,240,86,171,197,193,115,195,246,214,290,221,144,109,117,157,160,392,133,139,154,148,173,272,68,161,235,118,157,248,225,145,240,177,284,153,174,124,175,114,120,264,147,176,176,265,312,169,404,131,189,126,244
"Gene1115",85,49,115,38,68,42,30,55,89,67,74,87,57,72,32,65,82,47,76,52,49,110,59,52,84,84,21,60,65,60,90,56,26,27,49,56,124,78,32,36,67,104,54,42,123,43,66,77,98,52,56,41,55,39,37,123,57,75,63,52,57,68,47,77,226,215,200,199,255,230,220,240
"Gene1116",4,14,9,17,7,19,18,7,15,26,17,12,16,1,5,18,18,4,28,9,9,5,19,17,8,8,16,5,15,20,12,9,8,20,33,21,17,8,9,9,12,12,7,7,12,16,12,17,27,26,23,10,14,23,14,11,7,18,24,15,18,15,15,18,16,8,6,13,15,9,14,20
"Gene1117",102,176,256,148,207,139,124,269,185,67,186,65,130,156,267,146,200,194,149,109,261,107,87,101,222,141,82,94,152,86,68,173,117,120,166,179,92,78,194,197,144,109,156,125,81,68,231,166,62,61,102,70,110,164,101,64,252,111,150,219,199,56,137,84,176,226,87,133,152,184,170,180
"Gene1118",12,41,19,20,24,12,28,25,24,14,17,17,8,28,18,37,26,24,22,20,20,9,35,17,25,10,21,29,43,13,29,31,14,14,7,27,16,14,26,46,25,35,37,31,18,26,8,13,21,21,14,18,10,43,22,19,19,20,25,10,29,10,22,25,15,28,25,38,17,15,28,26
"Gene1119",66,83,95,141,218,198,179,96,117,127,36,63,88,129,116,71,74,95,88,55,107,142,84,70,132,187,118,161,71,74,96,47,68,134,83,86,121,139,106,85,118,83,140,122,75,109,61,103,88,75,84,181,89,117,111,146,141,71,66,247,61,69,116,91,214,148,54,148,111,66,153,79
"Gene1120",238,606,267,356,732,642,242,549,236,593,329,271,284,341,384,447,350,255,355,391,378,448,360,421,638,805,305,643,373,645,324,358,297,368,540,426,457,509,475,371,376,387,352,113,211,516,353,427,376,353,330,357,466,537,643,425,555,175,435,578,556,289,482,170,539,707,311,412,634,490,496,534
"Gene1121",6,12,4,10,7,9,13,14,12,14,8,7,4,8,8,11,7,14,16,19,8,16,7,2,17,7,21,13,5,14,13,7,5,6,15,5,8,19,9,9,10,6,11,8,10,9,8,10,4,15,9,10,22,13,6,10,8,19,10,8,7,8,5,10,4,14,8,5,7,10,12,17
"Gene1122",436,370,396,218,408,325,261,172,315,219,342,266,307,287,385,391,330,338,194,383,399,232,312,334,266,512,307,694,126,495,334,404,232,248,315,178,306,510,512,428,448,300,300,161,178,414,410,383,319,412,354,413,327,561,124,517,366,68,527,424,175,335,182,620,276,271,258,169,312,356,432,510
"Gene1123",146,419,250,458,319,438,445,195,196,164,603,320,92,188,231,70,414,162,246,135,410,306,290,256,332,185,465,262,490,277,330,196,147,514,290,267,337,267,455,473,248,152,184,508,404,357,269,270,134,304,368,90,166,214,483,189,229,298,271,325,295,507,208,587,387,169,253,329,169,326,308,262
"Gene1124",51,44,11,23,14,34,29,37,24,28,21,32,44,32,49,20,26,27,17,20,14,38,15,30,22,18,12,25,23,19,36,14,25,29,12,30,31,35,42,41,46,28,44,29,37,20,21,21,29,20,44,19,22,16,31,13,36,19,30,8,35,16,28,40,42,33,36,39,17,44,14,22
"Gene1125",52,15,54,45,60,27,46,47,35,32,27,27,34,58,36,49,40,35,41,43,43,15,42,18,18,56,35,58,53,26,25,29,37,45,41,50,33,55,53,33,44,53,56,42,31,33,26,40,32,49,38,23,57,47,48,30,16,30,43,28,45,60,60,18,21,54,26,40,21,45,26,30
"Gene1126",37,26,30,40,15,21,29,38,13,38,11,27,10,25,36,18,8,10,22,15,22,20,35,21,44,34,30,4,33,10,23,16,27,14,29,11,14,15,8,28,23,6,43,41,13,5,25,17,21,35,28,24,26,13,14,8,27,27,35,11,40,35,6,23,10,19,45,17,25,18,27,25
"Gene1127",25,19,21,30,35,31,17,41,16,18,22,39,13,43,32,31,34,44,28,31,24,23,48,16,40,25,27,26,21,10,44,22,21,15,21,22,19,22,39,16,21,39,25,17,34,55,30,58,19,22,23,49,13,37,19,6,18,23,14,42,22,29,35,13,29,32,12,17,19,29,19,17
"Gene1128",70,131,297,62,135,52,166,185,101,80,140,131,89,105,164,151,60,56,94,150,97,146,58,82,175,122,75,230,106,152,130,96,122,234,73,128,72,114,84,124,165,64,59,70,138,243,118,66,100,127,66,79,83,129,209,144,173,90,74,89,95,78,93,96,81,180,123,98,39,65,251,96
"Gene1129",19,12,21,7,17,24,11,9,20,29,16,11,19,9,27,28,19,6,22,24,17,24,6,12,15,11,13,19,25,11,39,20,20,21,18,28,17,21,28,12,16,12,19,9,29,15,1,23,12,14,23,18,17,18,11,21,20,24,28,12,21,21,21,20,19,19,28,13,7,18,32,16
"Gene1130",35,30,47,73,42,41,41,39,73,46,54,40,36,48,32,36,83,65,44,82,39,23,24,45,30,56,44,34,54,48,64,86,35,43,52,64,47,22,29,32,51,40,38,68,42,49,27,41,47,62,50,47,30,35,39,37,27,62,64,86,24,43,24,55,44,40,32,98,33,94,45,75
"Gene1131",56,46,27,49,54,36,41,58,37,55,28,51,54,66,39,39,44,58,39,22,45,20,39,56,22,58,71,37,59,35,44,13,68,27,40,49,41,70,41,102,72,50,41,43,32,42,60,44,60,64,61,59,40,37,21,18,39,34,40,67,47,43,39,38,28,30,52,44,41,77,45,40
"Gene1132",43,22,35,30,52,20,33,63,76,66,49,37,39,107,28,6,56,89,41,42,41,52,30,66,40,108,31,46,49,45,40,66,32,29,34,63,51,64,46,56,74,17,55,81,24,22,80,31,37,46,33,62,45,53,63,47,70,31,98,76,45,31,73,72,54,61,30,45,42,25,54,66
"Gene1133",112,32,118,68,70,35,49,21,41,45,65,53,41,179,77,47,62,95,98,47,44,82,57,64,42,48,29,32,42,64,33,74,78,52,82,128,40,74,50,96,52,27,62,71,65,101,50,31,90,85,97,46,80,64,77,55,101,33,84,74,104,51,66,118,52,53,61,31,50,64,46,33
"Gene1134",341,366,552,496,358,430,238,236,313,361,423,417,150,229,514,595,307,268,435,326,359,315,287,274,621,327,476,283,465,288,420,163,329,270,298,550,214,223,494,306,240,840,344,284,541,346,421,332,444,292,224,400,538,191,495,476,316,215,215,388,421,156,277,415,279,410,463,395,386,298,426,391
"Gene1135",59,47,34,47,32,48,15,26,22,18,19,40,15,22,36,37,27,33,26,31,30,41,22,28,32,22,26,15,44,27,24,25,44,38,14,18,25,12,9,27,26,70,12,35,29,21,11,19,37,24,45,27,41,28,31,31,10,43,46,22,15,23,23,27,33,40,11,30,27,13,20,57
"Gene1136",14,17,23,23,19,24,24,11,18,14,32,24,14,17,29,23,18,29,24,34,15,12,7,9,26,29,18,23,42,13,20,19,17,17,21,24,41,14,21,11,9,23,30,30,15,9,27,32,29,13,37,7,12,26,12,17,44,17,17,36,8,12,22,9,16,25,24,29,9,54,7,14
"Gene1137",136,83,27,91,206,193,204,107,166,126,108,174,75,50,238,141,157,146,116,228,160,227,82,159,157,137,95,232,111,211,77,79,142,122,153,88,116,178,182,116,162,123,145,217,322,69,192,85,73,147,128,118,226,184,88,108,129,126,69,81,165,86,147,179,176,158,76,222,153,183,100,187
"Gene1138",17,42,109,67,94,132,85,118,35,34,92,62,83,92,95,51,145,38,97,127,93,111,68,56,91,128,94,78,103,85,123,42,34,52,115,69,113,107,68,86,96,100,47,48,51,53,40,45,112,90,107,66,99,40,123,147,144,48,43,163,160,84,97,88,85,80,82,105,60,36,73,131
"Gene1139",75,89,86,65,47,142,62,36,65,168,67,52,94,99,94,80,59,32,54,127,77,67,47,91,39,63,42,49,53,134,44,96,55,84,122,63,70,52,103,68,54,73,70,77,82,80,111,58,74,74,63,98,33,52,65,71,55,80,82,80,63,53,77,77,125,80,58,76,74,145,46,35
"Gene1140",40,123,111,190,60,104,110,118,123,64,128,111,92,136,113,65,116,80,89,85,138,131,121,141,93,85,205,84,97,134,115,133,159,81,118,145,61,169,109,80,91,83,120,91,141,110,194,132,142,156,64,121,124,82,148,126,119,110,147,46,151,161,161,151,121,156,95,97,54,63,129,38
"Gene1141",15,7,9,16,2,5,12,15,9,6,9,4,16,9,6,15,4,12,4,9,6,10,14,9,4,7,19,7,7,9,11,7,6,9,14,9,9,12,5,10,5,21,16,9,7,5,21,17,17,16,15,6,4,15,11,8,4,14,10,3,7,16,3,13,7,10,9,8,4,12,12,7
"Gene1142",173,118,182,166,266,334,96,125,108,41,79,262,228,128,108,165,158,213,192,156,166,196,61,215,242,147,205,179,164,147,356,205,101,138,323,186,193,177,315,202,206,312,392,276,193,187,212,128,139,120,179,213,115,121,151,221,243,236,215,231,284,249,168,112,35,22,21,29,35,28,25,31
"Gene1143",123,160,60,73,109,99,105,89,135,62,56,79,68,90,129,124,106,109,99,116,71,66,64,87,97,43,98,48,68,134,47,152,117,78,147,99,60,61,43,166,160,97,98,53,170,70,60,154,62,84,70,174,26,92,110,47,73,70,158,80,64,67,61,149,47,114,112,114,58,86,50,90
"Gene1144",202,291,147,118,160,144,116,70,111,306,138,144,163,111,176,171,169,297,175,128,206,295,81,245,170,229,179,161,278,185,128,291,103,254,221,72,87,148,280,206,244,137,114,165,138,271,208,228,118,130,79,116,115,136,154,169,124,100,138,204,169,170,82,218,152,186,175,207,369,179,218,134
"Gene1145",40,32,12,31,14,25,40,16,21,24,26,22,22,22,17,20,23,29,27,12,24,14,18,34,27,12,34,36,23,18,7,37,23,41,47,37,27,27,11,51,24,19,36,23,31,20,20,29,21,27,17,5,33,18,25,20,44,14,17,25,33,32,30,41,13,73,23,23,38,25,21,23
"Gene1146",2,6,3,2,2,6,7,7,3,2,2,2,8,5,4,5,13,6,4,4,1,1,13,4,7,8,5,7,2,4,3,2,6,3,7,6,6,7,2,5,2,6,4,4,6,1,5,7,10,11,3,3,4,5,9,8,7,12,7,5,4,7,14,5,4,11,5,15,3,4,1,7
"Gene1147",37,51,17,16,13,30,31,14,66,25,49,32,34,36,39,40,31,24,23,49,58,16,18,10,11,7,41,31,35,32,22,17,33,30,26,12,36,26,19,25,28,24,36,25,29,41,24,36,26,22,16,31,27,36,31,17,38,23,29,26,24,64,60,12,32,33,39,44,47,40,41,18
"Gene1148",17,12,12,22,28,12,15,18,25,16,22,21,23,15,5,13,16,11,24,17,12,10,27,17,14,18,8,37,15,20,7,15,31,13,11,18,10,19,12,24,25,17,17,30,4,31,13,10,20,13,24,19,10,18,27,16,24,20,25,16,13,16,23,9,18,25,14,15,24,16,23,9
"Gene1149",867,754,317,745,922,1279,769,553,1381,510,651,484,215,519,562,342,906,992,771,777,865,1723,884,906,961,786,642,850,597,796,541,1111,444,1292,702,802,930,671,592,1037,602,433,526,477,1095,1199,467,792,628,456,690,741,474,478,905,973,841,592,928,808,845,722,447,567,1075,1170,512,353,1564,871,825,1465
"Gene1150",41,23,47,35,20,51,20,24,19,51,50,18,19,53,40,22,20,27,23,14,58,14,27,41,21,39,12,39,30,71,29,30,39,53,32,41,29,8,21,28,25,33,21,32,31,31,45,19,18,29,43,35,35,26,58,22,23,31,16,36,39,37,29,32,66,21,28,26,12,25,22,47
"Gene1151",34,61,58,31,25,38,49,44,66,44,46,56,39,52,37,37,39,58,59,38,31,35,32,37,44,40,57,56,25,41,26,54,35,50,22,11,51,32,66,45,38,53,50,31,46,33,53,61,42,49,42,44,73,36,17,38,109,39,54,40,27,53,63,24,44,51,28,38,22,33,26,28
"Gene1152",171,190,164,193,164,196,159,71,300,205,234,184,224,168,187,234,290,135,299,161,227,293,159,120,153,194,131,197,287,328,211,127,109,99,232,140,190,302,196,123,189,188,156,202,160,141,161,143,162,335,155,352,160,135,219,236,288,191,185,209,203,222,98,245,124,233,257,203,232,175,271,212
"Gene1153",106,96,139,47,148,85,214,68,75,147,142,62,167,151,82,86,89,161,185,69,76,98,99,137,94,165,139,142,149,134,64,80,139,72,100,110,190,119,92,91,88,102,110,75,78,91,213,114,70,94,135,73,45,212,95,31,143,116,111,72,94,145,77,104,118,121,75,232,145,61,112,121
"Gene1154",112,48,103,129,142,133,125,160,85,183,126,176,210,137,44,121,115,117,153,137,50,112,136,170,129,129,61,96,115,93,144,169,140,46,162,92,150,160,239,183,227,134,214,57,138,95,135,87,125,112,124,65,193,108,92,170,192,30,121,148,178,87,158,201,98,70,233,51,173,139,89,105
"Gene1155",2302,1345,1520,1626,886,1167,1493,1147,1190,992,665,1513,914,594,1530,1783,575,2023,1801,997,999,1263,1753,1572,2113,1012,1641,321,1353,549,607,1868,891,1223,1313,833,1470,707,1866,728,1256,1433,1738,814,1594,1937,1712,1458,1025,857,589,1155,973,715,1719,1038,1289,1023,1011,666,1604,976,1572,2120,796,1486,1655,1394,1076,1087,975,736
"Gene1156",81,54,37,30,82,94,78,78,62,85,74,80,40,86,57,113,119,45,44,48,66,41,31,92,46,27,50,57,106,70,41,46,107,78,67,55,51,71,85,94,43,30,32,127,61,64,64,78,67,28,66,74,60,50,55,78,104,53,58,97,40,63,89,61,41,82,33,56,50,56,97,39
"Gene1157",352,632,425,784,304,538,520,824,338,901,564,279,513,372,584,447,535,259,740,512,318,539,560,222,550,475,461,560,482,272,171,690,747,759,454,455,365,317,332,735,354,1121,791,1037,409,350,495,538,311,738,438,377,312,692,520,557,730,555,465,712,640,318,298,671,417,414,229,702,230,605,617,484
"Gene1158",78,70,36,62,145,83,67,131,51,124,72,44,92,163,23,84,43,94,55,67,79,102,72,51,54,89,111,38,74,47,96,99,93,104,98,66,74,56,65,83,61,139,27,70,81,102,70,145,52,45,32,40,89,50,103,51,124,118,97,105,102,43,21,115,100,67,70,104,114,71,26,51
"Gene1159",12,10,13,10,11,13,8,14,8,13,13,8,5,7,4,10,6,16,11,8,11,11,4,8,3,8,11,5,6,9,9,8,2,15,13,11,8,11,13,9,4,5,7,11,14,20,11,5,5,15,5,11,12,6,18,5,15,10,8,8,4,5,7,17,19,8,10,5,9,5,4,1
"Gene1160",2,4,9,4,2,4,0,5,1,8,2,5,5,0,2,5,4,4,6,5,2,4,2,4,4,4,1,4,9,0,2,2,4,10,8,2,3,6,4,6,7,2,3,4,3,4,2,6,2,4,11,2,4,1,7,4,1,0,6,8,2,2,1,0,5,13,3,4,4,7,8,0
"Gene1161",167,82,117,58,75,114,180,196,105,139,124,87,62,132,176,91,154,103,83,132,192,116,136,63,77,177,97,116,125,85,130,90,96,86,100,101,91,55,158,148,173,133,134,124,135,198,149,107,136,115,59,71,97,114,80,88,43,105,195,139,67,89,128,106,231,83,108,131,87,98,58,89
"Gene1162",20,2,24,20,18,11,25,7,24,9,8,6,34,21,13,12,24,21,11,24,10,6,20,28,5,24,29,11,15,14,19,10,12,12,17,5,11,10,22,9,20,41,16,16,10,13,19,23,24,27,18,14,6,12,19,14,14,21,8,4,16,16,19,9,19,8,24,28,17,11,10,26
"Gene1163",60,63,43,76,60,67,32,125,45,50,60,82,48,78,103,56,43,20,116,63,55,44,77,59,58,47,42,75,107,85,34,93,110,45,62,37,92,67,86,49,76,43,65,58,65,37,69,96,91,49,58,80,86,36,51,40,73,88,21,31,59,52,77,96,49,104,103,44,35,42,63,48
"Gene1164",824,349,625,540,707,486,297,473,278,363,228,340,439,444,466,413,552,313,284,453,345,252,472,630,590,284,480,374,393,626,785,601,89,407,608,520,1158,320,986,657,556,736,382,434,721,243,618,371,400,643,266,406,249,444,340,636,401,479,930,834,303,428,753,366,225,557,350,432,766,355,208,390
"Gene1165",60,79,111,80,60,76,122,73,110,126,67,101,119,100,74,72,66,98,65,66,103,93,95,130,74,63,102,93,67,58,104,64,83,46,52,99,60,63,50,115,126,163,139,83,109,34,78,77,65,48,60,76,52,90,81,44,54,87,97,66,120,49,84,68,68,42,74,108,114,98,99,39
"Gene1166",50,28,36,58,36,55,28,57,26,52,30,29,57,31,37,27,79,35,12,43,71,37,35,59,25,34,45,37,29,38,33,44,25,33,39,73,23,26,44,29,51,65,56,16,37,84,18,12,20,31,52,82,25,28,21,41,42,42,36,40,32,22,29,46,26,34,9,36,18,65,35,33
"Gene1167",3,3,6,3,4,7,4,3,6,2,14,1,5,8,7,9,3,3,6,3,4,7,4,3,7,11,4,7,3,8,4,2,5,1,6,0,5,9,8,4,3,8,7,8,5,9,7,4,4,4,4,7,5,7,5,8,4,8,9,5,6,10,5,7,5,5,9,6,2,8,6,3
"Gene1168",18,31,16,24,17,31,12,23,21,26,12,26,15,28,25,12,21,14,38,17,12,30,16,18,16,18,16,31,22,19,32,18,19,10,23,17,30,10,27,44,12,19,26,33,16,26,28,25,12,6,16,4,17,18,12,17,26,16,10,23,31,16,18,17,24,10,32,9,33,22,35,37
"Gene1169",39,15,28,22,29,43,29,28,43,34,34,15,31,33,13,25,46,23,44,24,18,25,32,23,39,23,26,19,30,36,21,42,35,28,19,15,19,20,21,28,32,29,16,18,46,30,28,22,32,28,14,12,38,22,29,55,22,46,19,15,18,22,48,37,35,32,29,29,20,35,26,26
"Gene1170",113,169,144,166,92,88,116,105,179,68,132,178,85,107,222,80,120,151,88,112,93,121,120,202,160,174,137,70,132,170,156,98,127,73,84,84,64,81,159,108,154,106,184,169,93,106,172,101,169,58,162,123,133,130,155,79,143,112,299,179,191,124,103,198,162,140,75,78,103,61,120,159
"Gene1171",83,56,132,117,87,78,109,120,80,70,160,77,163,77,86,89,126,85,60,93,109,71,119,76,134,127,101,45,51,152,166,56,96,135,59,162,143,49,61,145,175,135,107,88,95,130,101,73,63,115,131,115,93,138,94,124,142,74,59,150,138,125,83,124,61,75,96,48,77,70,63,119
"Gene1172",49,58,47,20,50,32,56,48,97,53,39,74,33,75,30,126,98,32,37,18,30,37,42,49,36,62,31,50,58,32,47,36,46,47,56,32,36,70,55,60,34,75,64,65,106,67,44,46,32,52,37,105,25,45,60,31,56,43,65,58,49,68,40,99,83,53,33,51,56,64,105,31
"Gene1173",61,117,69,91,44,76,62,40,38,68,82,36,63,79,92,47,76,41,62,50,31,44,60,66,112,68,55,36,55,69,59,160,77,52,96,86,49,70,98,55,58,60,55,61,47,18,54,85,90,67,36,51,88,72,94,35,78,87,36,35,70,62,56,78,49,55,57,101,104,46,100,38
"Gene1174",27,45,46,33,30,10,34,23,70,50,41,26,43,64,57,30,43,54,34,41,40,42,37,69,29,35,28,56,57,36,15,51,33,44,36,10,43,24,43,35,45,28,74,18,19,69,20,43,20,26,11,53,41,58,38,51,28,32,70,63,42,29,64,60,53,50,57,15,37,29,66,44
"Gene1175",56,59,75,57,27,44,25,73,136,56,54,75,69,38,30,29,53,74,72,28,77,94,68,49,83,86,58,39,79,74,58,34,38,94,86,57,71,56,47,30,51,55,48,76,51,52,100,60,69,25,37,45,63,43,50,55,67,97,41,32,90,90,26,86,76,35,29,26,74,80,26,35
"Gene1176",78,135,83,68,48,55,54,91,95,76,18,42,89,34,64,39,49,122,102,50,61,30,101,90,102,21,100,122,131,84,80,62,49,54,77,108,90,45,137,41,142,83,68,68,59,98,96,68,72,74,90,68,65,127,32,83,60,63,74,50,27,109,69,31,48,48,86,63,109,61,49,52
"Gene1177",131,90,93,59,37,124,60,83,70,79,144,92,48,184,93,99,50,177,121,92,51,69,80,68,87,51,102,72,123,55,27,122,91,146,74,48,52,63,92,210,141,72,73,152,103,104,77,93,51,170,67,119,55,91,120,160,133,79,129,46,53,72,100,90,112,111,39,67,36,67,212,101
"Gene1178",773,515,522,225,707,504,488,616,491,298,540,379,411,479,365,470,494,808,752,539,444,604,741,207,645,666,421,732,361,346,351,579,586,676,287,544,292,256,381,584,600,408,444,508,354,539,509,279,462,308,738,325,729,473,669,470,526,489,494,506,737,222,582,188,200,494,337,364,464,751,383,581
"Gene1179",24,23,8,6,14,10,23,22,15,12,11,17,13,13,3,11,11,24,9,5,20,20,9,18,6,15,11,19,16,7,4,14,9,11,14,22,4,11,19,14,8,15,25,12,17,22,5,14,11,8,16,13,28,13,14,22,19,8,7,13,10,13,25,14,9,11,21,6,21,20,15,17
"Gene1180",243,262,284,204,197,363,237,316,316,181,284,369,409,176,424,480,697,214,320,233,536,148,218,132,239,494,269,301,306,302,252,222,294,295,619,333,451,566,298,624,379,174,452,160,248,159,500,393,550,633,291,379,318,245,383,427,159,244,161,245,257,255,245,418,545,211,364,310,304,297,393,202
"Gene1181",97,115,29,177,154,209,151,70,99,142,117,64,19,98,153,160,71,83,156,111,87,66,141,98,197,119,146,95,120,132,100,131,109,119,119,52,203,134,73,61,176,236,140,221,102,155,91,143,116,94,139,81,65,120,115,73,85,136,131,87,117,126,126,92,151,49,136,139,121,106,75,130
"Gene1182",14,15,9,11,14,4,2,12,7,9,13,11,9,6,8,8,11,4,8,8,6,11,8,7,5,9,7,1,15,5,22,1,7,14,7,7,4,6,7,5,10,7,13,8,12,3,10,12,15,4,15,11,5,6,4,5,7,5,13,10,8,9,9,8,43,39,36,45,48,46,43,37
"Gene1183",55,40,60,48,48,29,47,33,30,66,59,26,23,25,61,23,35,23,48,15,12,45,22,33,38,28,22,22,54,35,42,69,23,50,51,35,23,51,21,31,55,64,47,47,28,19,36,38,65,67,40,32,48,34,38,33,39,28,24,28,37,58,13,65,30,38,45,29,23,35,69,30
"Gene1184",28,48,20,17,15,32,27,12,34,16,27,43,29,31,32,19,21,6,41,37,24,54,21,27,54,22,31,14,19,29,32,34,24,29,23,38,35,20,21,34,33,7,26,25,14,23,17,20,32,15,18,22,37,18,15,18,6,21,11,12,20,28,18,17,22,21,8,35,33,54,23,23
"Gene1185",18,12,12,17,8,43,11,14,15,17,10,10,24,11,14,14,36,24,16,21,6,17,8,21,30,21,9,21,23,13,12,9,16,18,27,19,20,21,28,14,18,15,15,23,16,17,23,18,2,21,7,20,24,18,19,20,26,24,25,22,13,18,48,25,13,27,21,10,15,20,37,5
"Gene1186",6,10,6,7,9,5,7,11,9,4,14,2,7,10,13,6,10,10,10,11,9,8,16,5,15,2,8,10,9,17,12,2,6,13,9,4,6,4,19,9,5,6,9,19,4,14,2,8,5,13,11,13,7,9,15,11,8,7,4,14,6,3,14,3,8,8,4,13,7,12,3,11
"Gene1187",27,16,24,55,35,20,33,23,18,34,20,19,14,48,19,25,59,28,17,31,49,18,21,26,35,9,17,22,25,42,21,16,54,21,27,53,12,17,28,13,9,38,32,17,31,37,12,45,49,29,18,26,25,20,45,28,64,30,15,34,22,37,55,61,37,46,18,27,41,15,39,23
"Gene1188",36,57,30,22,19,30,26,23,31,17,57,33,29,23,15,18,19,23,20,24,16,30,40,35,36,37,43,18,18,24,45,45,27,29,21,24,49,34,28,44,28,31,26,26,14,21,71,24,35,23,43,18,28,13,74,52,41,50,19,25,25,18,32,21,27,43,25,33,14,46,13,38
"Gene1189",51,47,43,53,48,36,27,32,46,34,34,28,59,23,31,22,31,29,22,39,52,29,31,28,10,37,28,23,44,33,38,28,43,28,67,41,23,44,23,56,28,71,50,40,41,45,54,56,32,51,50,41,51,58,21,41,48,44,26,21,24,42,18,10,43,39,20,67,17,33,40,59
"Gene1190",2,6,4,2,0,2,7,4,2,5,4,5,1,5,4,3,2,6,4,4,4,3,7,7,2,11,9,11,7,3,4,2,6,5,3,3,3,2,4,5,5,3,4,2,2,3,10,8,4,3,2,3,9,4,3,7,0,3,1,4,8,3,2,3,6,8,6,3,7,2,9,7
"Gene1191",129,135,63,63,71,59,104,111,105,83,100,79,75,71,59,58,81,43,70,70,105,96,64,61,77,139,85,68,89,79,72,97,79,78,93,73,96,151,114,68,59,90,89,71,153,134,62,89,121,69,163,104,96,54,98,103,95,146,84,123,164,71,77,90,97,60,131,74,116,50,153,73
"Gene1192",78,116,61,116,144,120,138,113,117,205,98,79,131,183,174,166,145,95,90,76,77,115,119,174,147,134,99,154,156,72,255,116,140,92,57,149,90,170,143,161,123,114,108,97,100,160,90,93,141,150,121,188,214,112,131,73,135,123,128,92,121,121,115,140,158,93,142,214,100,300,266,101
"Gene1193",196,259,81,145,158,142,143,94,89,140,201,91,110,131,96,171,196,206,119,124,167,80,158,181,148,128,104,93,209,72,101,146,136,188,80,151,59,175,96,118,136,111,87,118,131,135,236,94,133,159,59,159,69,134,66,104,238,182,37,156,151,46,123,131,114,291,153,27,161,66,91,161
"Gene1194",129,132,162,119,100,57,225,142,116,133,133,70,119,73,169,199,57,181,162,181,122,114,134,96,148,211,180,116,183,91,126,95,61,181,224,111,62,107,103,195,104,153,151,148,80,61,136,92,150,121,192,133,230,162,97,158,112,138,161,129,122,153,109,134,158,90,102,176,76,99,107,167
"Gene1195",38,83,75,98,83,67,95,91,42,51,70,111,97,66,48,45,91,75,70,31,79,96,60,87,66,35,41,101,83,26,34,32,71,83,85,70,61,99,82,56,52,41,41,69,73,48,97,62,68,60,47,77,76,97,87,73,85,50,85,72,48,50,80,62,96,61,67,70,113,69,62,54
"Gene1196",500,326,370,261,463,281,408,222,261,515,247,388,328,225,216,430,190,375,314,374,388,248,239,323,294,126,319,274,400,258,113,337,297,677,226,262,221,192,265,446,443,294,759,299,231,102,326,390,215,540,292,272,322,274,342,418,209,258,258,160,243,281,162,308,213,445,307,405,218,299,172,199
"Gene1197",34,18,17,19,19,15,17,7,17,17,25,18,8,6,21,16,24,11,18,11,25,5,18,14,18,18,10,12,21,14,32,24,24,21,24,21,21,20,17,23,13,5,8,16,19,14,21,20,4,18,11,14,10,19,12,28,12,33,18,9,10,25,9,25,21,10,9,21,19,7,14,19
"Gene1198",16,8,6,6,7,12,16,13,9,15,18,7,17,9,16,15,7,5,12,15,20,8,20,8,13,5,25,17,11,16,11,17,6,13,12,5,8,7,23,10,14,5,23,7,18,25,5,18,5,15,13,17,24,8,16,16,11,8,10,19,22,7,18,3,16,15,19,6,19,18,17,11
"Gene1199",62,36,79,48,43,22,52,92,48,142,96,114,68,55,80,70,83,100,37,59,98,103,74,101,45,105,54,124,82,65,76,59,114,105,44,77,89,100,66,115,156,79,109,82,90,64,135,113,91,64,93,66,81,90,116,64,91,60,106,37,128,104,50,151,48,47,80,56,78,55,66,53
"Gene1200",86,80,71,111,75,53,61,55,73,96,266,69,92,109,67,119,90,86,107,83,58,70,92,120,52,111,139,94,101,74,74,50,66,82,115,103,112,102,53,73,99,62,172,50,91,98,53,76,92,50,58,45,99,98,94,96,65,93,87,81,121,60,65,111,132,76,181,74,98,61,60,127
"Gene1201",17,27,22,16,25,17,22,21,34,21,12,19,20,19,25,18,13,18,18,29,6,32,13,17,24,23,22,18,27,26,16,5,34,15,26,19,25,31,14,13,16,34,40,8,31,43,28,31,18,9,22,48,45,13,16,30,12,26,35,21,21,13,3,17,20,34,24,23,11,12,16,19
"Gene1202",34,38,47,48,79,68,52,48,31,77,80,47,72,24,46,43,50,77,41,60,28,38,51,53,46,55,50,60,64,34,85,57,43,70,77,52,67,38,55,87,21,37,79,59,73,77,64,41,75,47,94,54,48,41,30,42,67,54,60,61,61,59,67,58,19,7,11,7,12,13,2,7
"Gene1203",15,67,103,118,82,76,98,59,55,110,124,109,83,71,83,66,45,128,57,37,139,77,65,74,51,55,132,67,120,54,94,70,118,55,152,93,83,79,77,79,72,119,124,89,157,113,150,116,70,37,56,48,107,100,36,98,98,53,85,55,66,46,161,96,75,93,44,74,43,59,101,73
"Gene1204",76,49,72,162,143,59,38,60,58,149,77,90,71,86,83,113,142,56,132,76,119,59,34,45,84,109,80,94,157,108,97,77,71,72,117,43,65,95,51,166,84,50,44,38,108,71,78,117,54,94,68,76,64,38,70,76,39,54,78,135,52,119,92,57,45,49,28,84,86,83,40,56
"Gene1205",162,117,52,239,176,240,210,191,120,197,90,203,164,93,106,126,85,182,242,169,132,127,62,200,51,152,143,177,96,100,149,216,100,153,155,184,172,262,262,118,142,165,139,140,135,122,148,191,151,155,110,107,74,178,155,109,156,180,210,133,68,287,134,105,108,123,105,131,160,181,51,167
"Gene1206",189,299,124,77,119,115,117,222,169,241,143,135,200,156,202,89,217,81,225,252,199,144,287,120,240,120,237,231,244,136,357,155,125,191,242,104,106,176,138,288,131,209,89,195,155,134,154,91,308,145,125,143,172,268,173,82,121,246,252,201,91,188,235,187,54,136,227,100,198,118,283,161
"Gene1207",4,4,6,2,1,3,3,1,0,3,2,1,2,4,2,1,2,4,1,2,3,1,8,3,2,3,2,0,3,7,2,2,4,5,2,5,2,2,2,2,2,2,5,1,3,6,3,4,2,5,1,3,6,2,0,6,0,2,4,0,0,2,0,2,3,3,2,1,4,4,2,1
"Gene1208",645,309,456,609,279,671,350,418,214,398,476,667,501,323,526,624,492,374,278,507,769,251,736,694,403,603,286,276,395,422,221,489,338,542,243,631,233,546,489,510,495,300,436,793,527,170,500,611,251,466,485,218,904,513,137,393,609,362,296,365,465,889,380,782,432,344,684,357,390,455,437,429
"Gene1209",80,66,89,120,75,85,92,79,133,57,73,66,76,132,126,81,82,70,73,32,116,83,57,133,137,98,97,73,72,49,87,66,61,61,101,85,128,83,116,210,33,113,70,55,103,61,116,62,131,78,55,66,137,92,85,107,93,111,57,89,87,72,75,131,77,69,107,38,76,133,91,140
"Gene1210",23,40,33,18,23,19,22,22,43,24,19,42,22,32,37,38,31,37,15,23,53,31,20,28,31,45,43,26,22,21,15,32,28,27,28,46,22,24,42,28,18,30,43,32,28,40,26,18,15,33,41,16,17,38,24,26,38,17,25,23,23,16,30,35,7,11,7,11,8,11,12,11
"Gene1211",16,17,18,13,9,8,23,5,8,20,15,19,16,6,15,16,20,9,13,17,15,11,12,37,20,16,14,15,19,14,10,7,11,8,11,11,7,7,7,16,12,24,12,12,8,9,18,12,9,9,6,7,8,13,16,12,22,16,3,20,9,18,16,16,15,16,10,15,20,12,5,9
"Gene1212",152,225,128,317,142,175,89,198,126,201,155,96,92,192,202,194,216,257,140,196,113,150,134,251,148,131,234,85,89,193,266,188,176,148,296,392,177,129,155,120,134,181,83,106,125,70,163,151,165,183,232,86,161,104,180,227,157,157,145,242,197,144,101,202,164,59,210,163,216,94,104,250
"Gene1213",79,73,74,57,89,137,80,87,39,73,192,135,100,76,87,55,82,106,97,82,123,53,28,32,34,74,52,81,76,164,38,87,84,54,116,47,47,97,86,67,61,36,52,107,96,88,98,152,64,54,102,76,44,109,76,75,94,73,78,86,66,74,89,77,374,349,476,333,335,335,393,338
"Gene1214",218,236,165,160,113,188,209,123,272,225,277,166,158,163,486,155,273,162,140,141,106,173,171,208,215,237,102,294,241,226,284,288,250,111,212,145,133,171,151,184,228,216,248,191,154,191,183,167,333,189,172,86,235,221,141,270,246,189,86,171,141,213,228,195,138,306,217,243,302,164,173,203
"Gene1215",47,49,66,81,50,71,42,46,84,46,45,85,55,62,76,98,29,72,70,87,63,63,60,84,42,69,66,10,59,41,47,48,54,41,29,50,39,83,51,38,47,37,57,58,54,27,39,40,54,71,37,31,56,54,63,51,54,61,28,30,53,43,51,61,76,54,63,31,18,57,34,45
"Gene1216",31,54,35,55,67,53,49,67,47,49,20,31,40,42,25,39,96,21,25,32,48,40,39,34,42,33,263,192,220,185,244,213,5,48,56,59,50,22,35,62,52,30,34,53,26,55,48,67,35,67,41,54,28,59,15,61,38,35,33,26,37,52,19,41,27,75,29,60,32,23,49,28
"Gene1217",553,452,737,506,685,451,887,565,962,422,655,1309,323,918,763,719,1374,408,1149,912,675,840,736,1278,775,612,1197,772,1083,962,561,1307,1080,532,1018,941,1066,848,963,822,338,805,1005,877,347,950,953,1031,640,458,1476,1026,1086,1146,833,835,1360,426,919,1432,1557,730,794,976,1393,1302,1027,788,890,1437,1479,734
"Gene1218",7,5,3,8,3,9,10,5,7,7,7,2,7,11,3,3,10,1,3,11,5,2,1,6,4,4,6,4,3,6,4,6,4,3,4,7,3,5,2,2,4,6,1,9,2,4,2,6,7,5,3,4,4,2,12,6,1,3,5,4,3,9,5,7,3,4,4,10,7,5,3,3
"Gene1219",53,65,141,132,81,94,117,81,146,101,101,45,79,79,67,156,36,97,85,87,108,96,65,100,81,66,35,112,49,58,96,52,51,112,177,149,41,95,95,99,53,101,84,63,68,147,59,157,97,43,75,118,106,105,71,87,53,92,75,99,40,116,65,87,93,76,83,94,76,52,75,95
"Gene1220",128,150,77,59,114,101,115,59,108,98,64,75,80,66,53,85,134,58,128,92,88,38,55,43,153,53,129,111,75,52,103,50,59,93,110,92,130,75,89,21,182,107,98,52,65,88,109,83,102,84,81,78,34,75,62,89,55,102,52,89,100,56,81,59,85,116,77,119,73,97,82,66
"Gene1221",43,153,102,56,68,110,63,82,112,91,86,112,75,101,52,86,90,111,107,162,181,68,83,86,150,69,57,113,92,39,79,122,104,79,53,93,53,168,56,148,61,76,65,23,82,95,87,87,90,84,101,99,90,94,63,148,53,122,68,96,137,77,82,106,108,112,56,82,177,63,66,119
"Gene1222",85,215,111,107,81,155,93,97,85,76,121,85,140,88,127,74,151,97,81,53,63,107,206,73,147,79,125,94,99,92,137,197,83,150,70,129,125,128,106,77,165,92,119,105,118,118,109,95,127,77,124,131,96,98,103,101,126,90,129,81,91,103,84,107,344,374,340,386,405,300,362,292
"Gene1223",42,32,55,38,35,56,41,47,19,34,22,41,22,28,38,30,45,41,21,41,55,14,71,18,19,46,42,20,74,68,42,26,42,39,50,40,52,59,16,21,28,55,19,55,63,26,28,22,34,27,21,67,53,41,49,35,30,48,60,16,34,18,20,44,38,50,36,20,24,71,24,31
"Gene1224",173,249,235,226,247,196,209,239,358,149,97,225,156,198,162,72,178,268,199,176,322,215,231,356,240,327,192,113,359,135,60,296,290,140,238,187,329,368,234,214,297,246,237,307,183,181,178,255,299,298,292,317,103,88,195,190,218,208,282,255,283,217,208,300,219,203,530,127,147,311,209,214
"Gene1225",5,1,1,0,0,4,2,3,2,1,0,1,1,4,9,0,1,4,2,2,1,2,2,2,1,7,1,5,2,5,3,5,2,0,2,1,1,1,7,8,4,0,3,5,2,3,2,2,3,1,0,7,3,1,2,5,5,1,2,1,2,2,4,2,3,5,2,0,3,4,3,2
"Gene1226",25,18,40,25,18,21,27,29,17,25,21,11,16,31,21,14,45,21,19,23,25,14,21,19,13,19,21,31,22,24,12,37,17,8,29,18,25,9,28,23,23,20,7,26,17,25,25,43,16,17,20,9,33,10,26,11,20,15,22,30,15,27,31,24,78,129,86,103,89,88,83,89
"Gene1227",47,112,22,51,44,45,41,50,61,33,49,49,32,59,51,49,34,41,15,24,48,42,33,68,44,108,24,20,31,47,36,39,63,50,62,37,69,29,87,59,64,66,17,26,27,58,53,62,52,52,40,58,43,38,65,60,11,24,87,55,69,42,38,43,22,57,23,65,44,67,56,64
"Gene1228",104,121,41,32,34,46,45,82,56,45,57,87,97,116,51,91,73,72,45,94,56,160,85,47,73,34,75,62,40,58,68,52,56,58,59,91,66,73,36,105,53,90,72,104,62,78,73,42,39,100,37,39,85,97,45,55,72,83,62,55,96,32,103,70,109,75,75,40,54,86,84,47
"Gene1229",78,62,104,101,97,29,110,29,49,88,102,96,127,134,121,89,88,124,59,101,106,100,57,61,143,134,116,151,128,133,129,120,95,110,92,63,112,90,109,61,105,51,156,64,122,87,96,110,153,125,88,76,64,92,71,65,102,96,84,77,105,72,73,80,21,14,21,20,27,12,11,15
"Gene1230",161,83,181,206,82,158,69,86,118,116,84,58,94,228,136,188,115,195,64,139,204,73,144,126,136,176,85,219,63,151,136,137,160,141,102,132,54,55,90,133,96,110,198,159,131,49,124,122,140,111,139,131,145,148,162,71,160,158,126,143,150,151,132,180,148,77,250,69,174,73,127,229
"Gene1231",9,16,5,8,10,5,2,6,6,2,6,10,11,11,16,14,12,7,12,14,13,10,17,9,8,6,13,8,11,20,3,12,8,15,5,7,12,19,8,9,8,17,8,14,15,14,9,9,14,2,14,12,6,6,10,7,17,13,9,6,8,5,18,11,16,8,8,8,11,4,12,2
"Gene1232",25,50,65,90,43,60,41,82,53,66,35,49,31,86,25,32,48,48,44,54,39,57,56,97,84,51,90,79,72,31,43,74,44,94,35,37,56,46,41,50,130,58,44,44,40,53,43,41,37,52,72,88,58,55,52,75,50,61,71,55,55,84,53,58,194,207,255,201,244,205,251,152
"Gene1233",69,52,55,142,65,85,89,95,138,147,49,208,200,94,82,114,90,85,126,103,129,192,108,52,104,66,110,79,77,76,81,79,45,80,152,121,123,52,135,64,114,83,88,105,120,105,204,148,111,147,143,74,80,124,83,67,65,87,106,69,91,81,79,66,105,34,189,78,108,92,108,135
"Gene1234",481,225,207,325,246,363,300,196,302,404,227,239,217,396,219,152,258,217,181,301,362,238,254,380,267,219,128,256,364,265,423,294,235,149,218,139,274,199,203,131,223,138,185,172,395,416,203,496,372,134,338,205,310,236,188,413,156,281,301,351,239,206,353,436,345,551,300,170,103,240,186,139
"Gene1235",60,62,23,56,45,35,71,22,30,35,50,18,34,79,58,37,34,58,26,78,45,59,49,23,25,40,73,92,51,55,44,44,49,32,52,46,33,42,34,40,65,107,25,50,54,53,82,42,44,36,65,31,19,40,33,42,40,59,58,29,60,59,40,44,59,85,43,37,28,42,63,41
"Gene1236",766,507,588,202,178,518,422,367,372,107,283,219,500,304,392,197,424,324,295,641,271,284,407,420,354,385,356,311,350,606,545,450,310,389,429,399,334,786,621,313,270,371,637,222,623,405,411,363,788,171,401,634,690,648,368,483,346,641,248,347,198,208,407,273,434,122,299,320,224,390,229,412
"Gene1237",34,34,25,37,29,21,37,37,71,32,17,37,32,27,44,20,58,35,51,28,19,17,31,42,32,37,38,50,22,29,28,57,38,26,41,51,43,19,22,44,23,14,48,54,23,20,34,55,66,45,46,65,57,41,68,31,10,36,53,38,55,23,30,77,31,32,34,39,31,34,37,40
"Gene1238",60,57,87,65,50,61,32,71,66,23,69,45,62,57,55,63,49,28,40,50,58,75,68,32,82,56,55,93,61,38,31,63,41,59,60,62,20,42,64,40,40,37,73,16,48,72,46,33,63,29,69,43,33,38,76,18,21,25,35,41,33,31,31,49,108,68,24,41,42,35,99,38
"Gene1239",68,51,67,60,55,38,31,109,94,76,74,121,40,93,80,91,67,39,47,55,66,81,77,103,59,32,137,52,67,30,100,55,108,74,48,90,67,62,61,90,61,76,114,64,71,79,33,41,76,57,76,86,81,92,91,44,108,81,111,74,53,53,41,108,90,70,71,108,74,74,73,111
"Gene1240",40,60,37,22,33,16,21,32,29,22,32,31,28,21,48,20,13,20,15,32,29,27,43,36,23,18,39,18,15,36,17,39,47,16,35,13,23,48,52,50,13,32,23,25,46,24,34,20,41,33,16,37,25,36,33,36,26,18,49,11,24,32,21,16,24,22,9,9,26,40,50,32
"Gene1241",162,129,145,67,69,119,175,183,110,214,184,142,91,116,155,74,150,163,71,97,147,90,88,112,31,119,151,66,151,201,91,45,152,132,78,201,224,107,94,151,114,113,107,86,120,78,124,133,172,68,135,239,116,77,173,117,77,57,116,86,226,218,69,105,152,121,76,80,104,184,159,128
"Gene1242",10,20,21,4,8,9,10,9,6,14,5,20,10,6,12,21,8,15,14,7,11,20,11,17,8,17,20,5,3,11,15,11,13,6,4,12,12,3,9,17,12,4,12,16,6,18,12,4,4,6,4,14,16,10,10,6,5,9,9,18,2,11,5,12,8,15,3,13,4,10,9,4
"Gene1243",54,55,84,59,47,64,57,59,42,36,68,92,42,58,47,33,68,86,85,35,89,45,52,45,29,19,56,29,44,34,45,61,31,61,53,66,45,78,69,94,57,94,67,70,47,33,39,59,43,56,57,48,35,38,53,40,102,52,49,44,31,45,75,31,29,68,92,51,44,33,48,59
"Gene1244",30,44,35,16,21,26,57,27,22,19,37,24,29,44,42,29,37,22,32,24,45,21,67,27,23,34,21,40,25,34,40,13,38,26,38,32,21,31,29,20,30,29,27,21,10,36,31,31,18,15,19,21,25,37,20,37,18,44,29,51,42,14,36,16,20,16,32,26,36,25,24,21
"Gene1245",30,16,26,18,21,14,22,32,41,15,24,32,7,25,17,85,76,24,33,44,9,34,44,23,51,42,41,16,27,33,32,11,32,22,32,47,35,18,33,30,13,27,55,21,36,12,16,32,32,17,37,23,21,3,20,38,66,43,42,22,33,33,23,62,26,33,23,50,44,28,24,37
"Gene1246",435,63,185,187,167,298,184,147,271,318,259,276,197,197,251,237,100,99,96,143,142,244,334,369,149,75,269,208,233,251,233,198,175,218,232,169,195,182,371,237,199,147,168,142,223,212,270,204,338,282,121,116,492,429,154,220,294,243,244,239,417,225,191,89,176,192,153,135,164,160,230,112
"Gene1247",194,166,197,251,220,174,143,260,198,267,261,169,222,167,108,154,179,138,127,110,164,101,385,124,183,203,74,81,134,172,147,234,93,307,185,248,288,125,210,211,179,233,233,98,116,176,201,165,178,356,207,173,125,296,105,133,140,152,153,164,159,143,204,168,46,52,61,71,46,77,47,51
"Gene1248",319,493,187,247,300,395,342,206,709,176,345,371,478,448,263,409,505,334,201,345,339,401,135,150,306,649,224,167,457,368,361,360,371,600,117,222,505,383,455,168,542,253,257,331,475,119,231,322,380,298,327,425,298,126,191,367,416,638,302,315,370,291,253,667,440,422,403,264,370,267,377,338
"Gene1249",54,35,60,55,29,59,51,63,36,58,73,31,51,41,38,57,20,20,41,52,43,35,14,51,34,31,26,22,33,32,25,58,23,29,40,59,28,42,49,54,54,53,61,72,44,45,34,29,51,26,30,32,31,32,61,27,64,39,42,39,59,48,57,35,19,28,42,26,25,36,17,27
"Gene1250",46,41,89,60,61,47,86,57,42,21,20,70,32,41,35,63,55,48,55,53,71,65,47,86,46,81,93,65,40,29,58,53,79,55,79,55,56,33,64,100,55,67,46,62,89,49,34,43,46,81,64,97,96,74,56,36,40,48,61,83,59,21,51,24,69,55,28,35,49,47,42,79
"Gene1251",4,10,6,6,11,10,13,5,5,9,6,5,5,10,15,8,14,5,0,5,4,8,14,13,13,8,12,11,13,19,7,18,12,7,7,6,9,9,4,7,8,6,3,5,12,10,10,14,10,8,7,4,15,7,6,6,9,16,1,2,8,8,10,7,8,9,4,11,3,3,6,12
"Gene1252",57,21,30,29,36,31,57,25,51,39,18,29,36,54,27,47,35,51,51,37,69,9,28,22,17,20,22,33,44,44,20,32,21,49,42,20,37,34,52,21,40,39,51,48,67,71,23,69,38,19,14,13,21,52,32,20,22,41,43,19,30,19,65,24,39,41,45,55,24,8,23,40
"Gene1253",451,687,424,412,311,592,515,548,270,717,842,758,385,706,491,616,895,554,618,438,233,312,422,252,426,395,397,360,441,483,251,360,562,310,479,493,595,509,567,315,602,341,839,484,546,838,860,585,506,216,665,508,398,628,674,326,364,508,597,520,784,359,399,437,354,821,510,280,499,608,283,427
"Gene1254",43,58,29,36,40,57,20,18,34,29,52,17,25,18,49,27,47,32,45,21,22,17,35,36,46,19,16,35,44,29,37,36,20,32,28,47,35,30,19,39,34,32,74,43,30,15,51,37,23,19,16,31,32,33,63,33,35,26,17,17,14,32,38,18,31,28,12,28,21,32,28,23
"Gene1255",16,27,20,9,11,9,29,12,4,10,15,11,9,7,17,15,16,6,13,10,14,18,16,6,16,12,11,14,21,18,13,18,10,15,3,17,22,10,17,26,9,9,18,2,16,11,16,5,14,4,11,9,14,17,11,11,5,7,11,18,10,9,13,2,16,22,10,6,15,12,18,23
"Gene1256",80,18,44,55,67,77,27,64,68,51,49,54,80,97,70,56,62,73,46,78,41,77,56,45,54,90,46,82,71,31,68,31,40,99,33,31,122,64,47,49,42,52,76,15,39,32,50,61,26,88,68,44,78,67,71,121,64,32,66,79,56,50,28,60,34,111,50,85,106,49,111,84
"Gene1257",334,380,265,147,246,276,299,222,135,276,337,184,210,186,296,201,133,291,275,126,218,347,266,378,223,228,258,344,311,412,164,293,361,267,368,260,282,232,310,391,204,237,131,183,350,271,186,364,182,292,200,158,237,408,212,374,189,245,238,157,206,201,307,267,444,116,454,160,256,271,196,129
"Gene1258",6,14,14,7,6,10,8,10,1,17,9,14,11,7,5,17,13,15,11,10,11,6,5,10,9,6,2,2,3,1,3,4,5,10,11,6,7,7,8,8,8,8,6,10,5,9,7,3,9,5,16,8,11,2,9,11,3,13,3,5,11,8,12,12,2,5,10,6,10,9,6,11
"Gene1259",46,47,25,28,41,36,30,44,35,50,31,89,16,41,61,21,70,47,27,47,28,35,29,32,27,27,30,38,53,63,42,30,59,9,41,42,20,49,50,27,27,64,73,32,56,60,14,52,14,12,39,81,27,42,46,25,39,25,28,35,21,63,38,56,44,57,39,17,29,64,70,45
"Gene1260",115,152,31,83,87,151,68,135,62,139,89,59,122,47,74,92,89,103,150,46,140,92,79,81,84,79,157,111,189,53,92,76,209,61,144,67,205,180,42,78,58,92,29,119,51,42,51,181,87,122,51,125,80,91,90,124,99,107,62,134,24,130,59,95,33,107,120,127,49,136,118,57
"Gene1261",726,577,890,545,754,443,686,744,340,428,468,1096,342,690,392,676,456,724,574,393,533,679,459,641,572,701,816,565,372,585,1063,498,549,471,548,404,399,690,598,326,842,900,687,618,488,553,388,435,383,483,800,402,745,478,210,459,647,720,941,370,580,764,309,953,182,381,759,246,665,639,344,439
"Gene1262",20,21,36,26,32,33,13,24,28,41,40,37,43,15,36,44,19,16,26,29,25,23,30,26,23,36,23,8,11,18,25,20,23,23,24,38,32,29,18,11,23,29,28,27,10,28,26,17,19,32,30,32,21,32,12,37,17,18,14,24,21,41,33,13,16,24,54,28,18,26,8,33
"Gene1263",230,304,433,352,345,228,481,220,381,384,244,344,372,239,413,225,533,286,425,565,343,482,254,297,218,241,314,493,294,311,463,467,379,229,125,688,313,263,283,391,351,168,227,678,256,449,364,451,438,337,314,254,367,185,330,503,350,392,426,329,187,480,352,307,170,553,448,163,371,537,217,197
"Gene1264",23,44,47,13,43,47,29,10,61,43,17,49,78,24,32,52,38,59,36,32,20,32,18,46,27,18,20,35,27,34,22,38,13,43,27,14,28,35,33,38,24,46,40,26,20,40,60,17,22,18,15,37,51,29,32,36,17,28,7,21,43,24,45,28,31,36,15,11,44,53,33,32
"Gene1265",7,34,19,15,1,13,18,17,12,9,17,12,21,16,21,28,14,15,16,31,13,9,2,14,10,14,15,23,12,18,5,18,30,21,5,22,5,13,16,10,12,16,17,19,13,16,18,38,12,9,27,15,19,28,33,12,25,6,19,11,22,17,17,10,4,13,15,12,0,13,19,18
"Gene1266",10,15,20,10,35,10,12,5,13,8,8,12,9,9,5,9,21,25,23,25,9,15,6,12,12,6,3,15,5,24,18,27,11,13,19,8,8,21,19,15,11,21,15,18,10,21,27,22,17,9,17,15,17,11,12,11,20,18,15,23,18,31,9,8,9,15,11,18,9,27,15,18
"Gene1267",44,39,33,37,38,40,28,48,51,50,34,73,118,18,49,33,60,81,39,32,34,42,53,46,61,92,27,41,30,38,33,36,59,23,31,50,30,48,56,35,57,38,28,34,47,32,58,22,44,50,32,69,45,27,67,50,42,42,65,36,37,58,28,21,41,51,56,44,46,35,40,22
"Gene1268",39,42,51,55,53,47,86,84,26,51,43,29,43,98,48,108,40,44,66,36,81,44,60,65,81,53,73,59,61,45,42,84,37,81,33,88,90,68,51,41,47,43,66,67,50,45,94,75,26,63,70,36,52,49,78,61,41,59,50,34,56,30,63,59,73,25,61,70,51,55,45,49
"Gene1269",59,45,19,70,29,27,29,50,30,9,24,30,44,39,28,18,19,45,77,50,47,35,72,54,34,36,40,32,72,29,36,38,60,25,21,37,36,62,37,34,44,28,42,22,66,38,42,23,52,29,18,35,64,63,27,37,30,37,23,15,57,24,66,56,23,37,40,65,57,39,59,52
"Gene1270",118,208,164,233,262,217,233,307,89,186,156,346,238,74,267,235,271,259,100,155,156,141,240,163,198,111,351,94,87,228,101,84,162,137,178,166,142,149,96,237,327,180,227,56,215,235,266,174,149,103,312,155,292,124,137,74,167,155,153,195,143,209,164,170,203,198,236,245,144,180,222,207
"Gene1271",56,64,156,61,98,40,23,76,71,55,60,77,59,63,33,63,33,99,68,56,60,56,83,70,74,30,99,82,72,54,50,82,83,89,48,104,75,84,83,91,55,59,45,130,129,67,44,86,48,74,105,70,77,91,30,65,67,45,46,53,63,66,89,36,6,8,14,10,11,8,15,12
"Gene1272",51,79,70,35,55,73,24,63,95,63,58,32,51,33,37,18,50,59,55,25,26,31,89,37,41,44,39,19,44,39,35,78,35,59,21,53,24,35,18,19,51,31,49,76,25,56,51,58,33,31,61,48,30,65,50,62,46,29,28,27,34,67,63,52,54,48,22,59,36,40,64,46
"Gene1273",7,17,14,12,15,21,18,15,14,19,35,27,19,16,13,19,25,10,15,28,11,49,36,31,32,15,18,44,23,22,32,27,30,22,14,33,16,26,45,14,46,19,23,25,9,14,26,19,27,24,17,8,29,20,52,26,28,26,12,42,43,30,11,45,25,34,21,17,63,40,28,28
"Gene1274",14,3,7,22,19,3,8,11,14,18,13,11,17,16,9,9,13,15,7,16,7,16,14,13,5,15,3,14,9,3,8,26,14,11,6,12,10,21,17,13,10,17,5,20,8,7,21,13,6,9,10,11,13,10,3,5,11,11,17,22,14,8,2,17,19,12,16,18,16,16,20,13
"Gene1275",5,2,6,8,1,3,2,7,8,5,10,2,5,4,5,15,8,3,4,7,2,8,7,4,7,1,4,5,6,2,3,6,1,14,9,4,5,10,1,3,4,2,8,6,2,6,5,5,1,11,2,4,11,3,5,8,8,4,2,15,5,4,2,10,3,3,7,6,4,4,7,8
"Gene1276",100,89,41,83,69,48,127,37,51,72,112,96,73,61,90,56,44,75,37,85,90,56,105,108,69,46,15,67,83,70,60,81,15,71,50,66,130,140,54,60,61,100,101,36,91,70,94,59,136,94,82,85,55,121,68,106,72,30,22,53,86,56,84,88,84,90,57,74,66,62,105,143
"Gene1277",43,86,41,44,63,69,59,30,45,64,109,48,100,86,33,16,35,47,62,81,31,92,15,64,69,53,43,70,56,62,76,63,46,39,125,23,38,85,50,60,67,51,30,46,50,74,23,45,18,36,56,33,64,69,61,38,22,43,68,40,97,63,81,37,49,142,58,38,61,33,38,46
"Gene1278",135,216,195,182,143,194,217,210,147,179,460,322,481,375,349,207,407,333,294,353,429,225,423,228,407,506,596,241,165,334,428,522,131,216,314,325,239,132,578,250,248,109,251,270,374,307,220,298,329,395,402,222,121,265,418,291,202,363,265,154,227,547,570,419,277,232,279,327,203,382,166,129
"Gene1279",45,68,51,92,95,94,68,96,104,34,128,86,59,96,108,104,86,88,31,45,126,73,59,49,126,86,34,88,64,81,62,86,85,94,113,52,45,55,103,44,59,52,64,96,102,83,68,57,81,96,72,86,56,96,60,82,127,39,83,107,57,140,89,59,72,125,71,166,107,59,94,54
"Gene1280",147,71,207,74,123,144,100,97,62,100,172,176,188,67,129,268,169,175,292,147,116,129,103,279,234,69,107,103,178,165,164,169,78,156,89,154,170,117,123,226,173,97,129,180,157,179,154,163,96,99,148,173,144,135,188,126,112,108,161,113,114,119,58,67,180,85,67,106,90,103,144,146
"Gene1281",100,122,56,36,49,50,63,87,21,79,32,78,58,57,58,51,39,45,44,55,23,52,49,75,69,51,36,29,50,46,64,35,46,57,45,59,41,49,21,59,34,78,38,53,73,74,43,114,55,84,64,30,45,59,137,47,40,43,40,31,28,94,42,40,66,21,66,52,41,19,83,54
"Gene1282",17,24,23,22,17,30,20,24,23,32,23,32,24,7,19,25,26,17,11,43,12,20,18,6,20,19,21,32,20,20,33,20,20,20,12,45,7,16,25,7,25,40,31,22,20,19,24,35,25,21,16,14,22,15,27,11,17,21,11,23,36,15,26,34,23,9,10,30,18,27,15,28
"Gene1283",79,89,128,66,78,116,75,110,99,70,53,51,51,31,92,118,44,25,84,94,95,65,101,82,95,128,97,50,89,51,50,59,99,163,62,104,83,72,93,46,80,56,95,86,70,113,108,89,113,72,101,75,55,57,95,69,137,65,121,97,56,63,37,75,43,99,56,120,77,54,86,102
"Gene1284",83,72,89,39,108,79,60,46,107,58,96,90,110,86,65,25,160,39,118,129,85,75,120,81,88,53,73,74,99,56,70,52,31,80,100,50,48,99,76,72,104,81,79,92,72,37,98,57,119,51,81,87,64,54,80,62,89,56,70,58,114,91,109,108,82,69,64,96,43,75,90,48
"Gene1285",34,12,12,16,24,20,9,17,37,13,12,22,23,30,22,19,24,14,15,14,17,9,35,35,8,6,8,31,23,16,21,22,20,17,27,31,24,30,18,18,19,19,16,18,25,26,25,12,22,18,26,18,14,31,14,24,15,36,7,16,38,4,5,17,24,14,5,14,22,14,20,18
"Gene1286",60,42,62,49,47,54,118,43,46,54,30,54,46,57,51,68,46,90,64,29,73,85,47,84,45,83,71,71,37,84,85,79,55,77,71,86,50,64,38,50,39,34,25,41,34,84,39,86,48,60,49,51,40,59,50,72,34,62,64,57,102,44,93,66,44,69,108,39,49,34,37,55
"Gene1287",580,725,558,1024,424,500,252,464,487,547,683,323,682,616,470,462,613,691,479,793,382,557,778,835,627,1616,650,490,908,292,896,664,565,432,582,854,937,857,837,583,621,852,867,592,589,787,495,702,428,557,630,654,651,525,561,664,760,1142,779,469,707,377,367,266,603,797,1067,660,198,301,600,546
"Gene1288",12,7,18,8,13,11,9,13,30,16,12,20,11,9,15,14,11,12,17,13,3,16,19,15,8,7,7,9,20,21,9,19,14,11,14,8,7,8,18,17,14,27,13,13,13,15,3,20,10,14,16,28,30,16,4,9,13,24,11,9,9,21,16,12,19,16,19,15,16,19,21,10
"Gene1289",432,329,411,257,333,298,392,206,251,329,184,303,401,402,324,442,485,173,297,371,205,192,365,454,319,339,383,307,208,180,348,264,356,231,212,473,254,183,288,219,709,446,235,220,213,631,246,292,435,176,371,198,329,197,443,272,426,380,185,249,183,395,273,353,304,513,193,343,271,196,218,368
"Gene1290",39,23,48,62,45,51,29,55,24,36,44,25,47,24,38,35,46,63,34,61,41,39,49,26,54,24,37,28,37,33,28,36,23,50,41,54,38,39,43,27,30,15,34,42,40,42,50,25,27,50,39,28,45,18,43,54,24,48,49,29,85,31,78,30,46,23,36,39,58,58,20,44
"Gene1291",267,306,325,209,280,604,228,298,211,171,413,288,163,357,166,279,240,280,234,383,174,516,285,286,342,215,469,116,249,262,225,303,581,243,158,316,374,231,297,352,377,426,214,248,238,551,352,484,437,297,378,251,379,268,369,431,220,290,319,399,170,245,347,184,306,480,246,277,286,345,231,481
"Gene1292",13,12,21,5,28,38,14,33,7,23,20,17,36,22,47,19,20,23,26,17,15,21,18,19,30,20,14,14,12,9,34,18,24,33,15,42,22,21,10,13,13,16,16,12,15,28,3,17,39,10,19,18,29,19,16,9,12,30,15,4,16,12,22,13,25,14,14,14,14,13,21,25
"Gene1293",30,26,37,31,51,38,25,35,63,68,51,50,58,41,52,50,45,37,63,63,43,13,26,40,29,35,64,33,52,55,82,49,37,80,65,36,36,43,79,56,58,32,12,64,31,66,72,37,28,47,71,20,63,19,40,25,48,29,70,51,32,24,79,34,48,115,23,41,42,27,33,58
"Gene1294",55,52,55,58,78,64,86,54,25,101,73,39,59,55,50,79,65,32,111,62,161,43,108,100,75,46,76,71,58,83,109,89,93,59,107,92,47,77,111,79,93,54,73,68,79,66,44,70,77,87,69,87,55,131,50,108,64,47,46,78,111,67,78,105,107,33,76,49,66,50,51,79
"Gene1295",32,67,61,68,56,49,40,45,48,61,51,39,72,32,38,73,51,36,51,41,34,33,42,36,69,64,75,41,43,55,41,29,47,61,45,48,41,55,64,41,25,71,32,27,66,21,40,51,35,48,88,45,56,86,33,84,52,31,38,40,37,37,59,49,34,15,54,43,25,33,60,52
"Gene1296",118,124,221,118,125,104,90,120,109,128,137,111,125,90,95,88,160,106,144,85,117,94,117,159,125,151,172,127,130,116,145,94,65,128,191,103,116,109,112,218,133,72,98,133,158,163,40,85,59,88,117,116,100,160,115,64,131,75,110,98,89,88,101,116,134,102,101,160,69,43,129,77
"Gene1297",35,48,44,44,58,71,66,42,68,26,64,47,54,43,31,46,44,35,51,74,42,54,40,15,23,49,57,51,57,70,43,45,29,66,54,84,31,54,48,32,56,56,42,30,28,50,34,33,50,38,28,36,28,45,32,19,46,75,57,24,48,30,45,49,58,35,33,45,25,29,45,52
"Gene1298",287,192,301,221,299,282,326,215,194,194,204,228,196,149,255,212,348,185,152,223,343,209,148,109,185,581,351,240,141,135,327,192,144,253,223,249,401,383,210,177,226,195,176,278,243,237,125,295,212,123,265,220,271,165,366,211,172,237,282,246,225,206,143,393,352,313,212,260,164,355,252,221
"Gene1299",93,37,27,76,97,53,73,83,77,58,74,72,48,71,78,61,93,76,98,55,95,68,80,31,73,33,81,103,74,55,119,51,92,39,36,45,103,109,30,55,36,66,81,40,54,65,62,53,84,60,78,102,121,68,54,66,61,79,75,99,67,80,60,56,7,19,19,15,11,6,9,9
"Gene1300",164,161,104,101,41,125,148,132,166,221,104,126,128,141,156,244,98,190,150,131,122,131,142,100,187,216,211,181,108,92,160,40,151,234,153,222,57,68,65,95,69,182,153,100,249,144,55,140,167,97,143,104,149,56,140,94,103,128,63,127,86,124,120,110,180,181,182,147,121,117,73,79
"Gene1301",15,10,14,10,8,15,8,16,10,12,17,21,6,4,15,11,22,8,13,5,13,12,18,18,11,18,7,16,12,14,18,13,1,11,30,7,11,15,14,14,8,19,6,2,9,17,19,0,8,16,18,11,30,3,17,12,13,21,11,5,17,6,21,16,1,4,3,7,0,4,4,4
"Gene1302",13,31,25,31,27,28,23,39,37,13,10,27,16,31,46,40,26,22,14,12,18,25,56,41,26,24,21,27,40,13,25,10,7,37,31,24,28,24,37,17,21,28,35,11,40,29,19,20,20,23,49,32,15,40,32,35,39,38,23,21,14,12,18,5,18,20,26,25,24,20,34,15
"Gene1303",163,287,184,293,239,62,261,232,147,59,297,159,138,274,333,158,308,174,228,141,191,204,152,61,147,204,333,107,121,131,295,218,225,194,251,167,117,107,102,90,217,95,89,315,155,112,220,200,317,115,89,179,185,143,118,192,292,140,232,125,269,109,111,141,348,167,210,272,142,208,143,231
"Gene1304",81,85,108,102,98,164,101,214,79,104,95,100,115,140,81,91,103,107,124,120,99,118,128,76,109,81,66,168,157,60,97,120,116,110,224,86,79,147,60,97,102,61,77,109,106,134,50,122,105,147,119,43,97,47,104,96,192,116,56,79,84,137,86,69,97,91,114,123,168,104,41,96
"Gene1305",51,34,77,85,18,39,41,57,60,59,24,56,48,49,53,48,47,34,34,49,75,82,35,17,70,67,61,56,16,64,66,50,48,36,80,63,30,57,37,47,73,56,53,64,49,33,42,21,41,32,39,24,63,37,59,46,56,23,47,47,33,83,76,50,43,28,38,48,42,52,35,41
"Gene1306",47,40,76,37,63,40,30,30,54,59,33,34,46,78,40,29,61,34,34,31,39,31,45,44,49,44,48,35,58,65,66,42,55,56,42,23,36,83,45,62,44,73,58,72,69,34,41,39,30,54,34,40,31,21,41,66,59,60,59,18,51,59,35,57,48,70,49,73,45,112,79,46
"Gene1307",188,132,70,117,65,136,89,95,129,139,195,123,58,130,75,177,156,100,132,86,103,214,152,124,176,156,227,188,111,93,152,75,166,122,205,123,175,105,229,88,153,252,117,74,123,185,88,71,73,71,237,161,119,184,125,146,113,106,219,120,177,104,70,131,107,105,111,169,183,168,186,184
"Gene1308",20,38,21,45,75,55,37,24,56,27,11,39,32,26,54,31,33,33,55,34,31,48,56,58,59,40,33,21,29,36,39,18,35,44,36,88,39,20,31,74,47,33,26,19,68,64,53,103,40,44,21,92,78,36,48,40,24,40,41,31,24,47,79,68,43,40,77,40,22,36,46,46
"Gene1309",70,38,58,66,28,58,36,41,87,95,28,49,78,66,81,73,52,61,48,65,65,49,40,51,125,72,53,78,58,29,51,22,91,39,39,52,51,58,90,91,63,24,63,43,52,88,44,71,86,93,45,45,53,70,43,61,37,56,77,75,59,79,43,59,45,29,88,66,43,74,36,77
"Gene1310",4,4,6,7,14,8,5,15,9,5,7,6,6,6,9,16,1,5,5,4,2,14,16,11,9,12,6,2,4,7,4,7,3,5,9,2,7,6,6,9,1,10,8,8,17,7,4,4,5,6,10,8,7,6,9,20,8,7,8,6,12,14,6,5,10,11,11,8,11,7,8,6
"Gene1311",606,285,280,201,639,439,561,534,493,502,400,535,493,406,674,327,210,262,443,443,441,316,200,746,391,236,511,458,288,365,364,626,501,512,180,647,187,398,618,489,446,427,446,958,249,331,405,618,348,315,236,423,539,305,565,312,686,247,330,191,353,380,384,443,441,423,447,737,473,608,240,361
"Gene1312",138,83,87,106,89,122,126,176,65,139,63,148,116,186,168,180,218,138,164,183,100,140,99,136,67,136,102,162,142,105,108,218,132,165,144,145,216,169,177,135,222,251,39,146,172,197,253,148,106,137,101,96,116,55,115,128,76,91,137,92,165,103,282,75,254,150,146,176,109,174,136,206
"Gene1313",66,143,141,232,199,91,159,66,117,113,195,92,81,202,104,99,125,209,188,146,85,229,61,165,135,76,164,216,247,190,166,223,91,163,129,157,81,176,132,113,84,116,111,288,162,96,103,127,141,221,207,138,85,216,198,88,170,159,92,112,221,168,153,137,193,161,119,191,134,82,193,115
"Gene1314",7,12,4,5,5,5,6,13,5,10,7,7,3,8,3,2,2,7,6,4,2,3,9,2,7,4,1,2,2,4,4,7,2,2,3,5,9,2,4,6,8,5,6,4,6,4,2,7,9,9,2,4,10,4,5,7,7,4,4,11,5,5,3,3,5,6,7,5,2,11,1,5
"Gene1315",34,103,58,38,36,34,49,54,55,52,69,18,77,56,63,98,62,36,38,60,28,40,59,33,18,99,43,36,32,91,47,36,63,22,56,37,24,43,38,45,54,44,38,30,15,42,65,23,39,37,61,55,56,37,39,35,70,64,27,59,37,68,53,54,53,53,54,34,48,45,62,100
"Gene1316",32,20,35,33,49,40,68,36,38,23,21,16,25,24,29,38,26,54,30,60,50,12,38,25,54,14,23,32,30,53,30,30,27,54,30,22,43,60,21,39,27,40,30,14,28,37,56,59,24,54,42,41,17,34,22,34,55,27,25,50,36,26,28,33,19,42,30,23,37,28,23,40
"Gene1317",10,8,12,1,5,12,6,12,14,8,12,9,14,17,2,11,14,16,7,3,10,6,9,13,19,7,23,10,13,20,19,8,14,5,9,5,11,20,9,4,7,11,13,7,8,11,18,17,11,14,11,13,7,16,7,8,9,14,19,17,18,9,14,8,9,10,1,22,11,14,5,8
"Gene1318",97,112,194,154,76,126,96,154,78,82,79,85,118,73,112,80,120,127,70,167,126,114,64,74,93,149,187,173,95,247,178,99,138,146,101,195,61,115,69,169,132,84,167,112,131,289,169,119,121,124,148,170,141,86,120,74,76,118,54,68,127,122,170,59,93,125,102,73,199,109,99,90
"Gene1319",299,329,225,281,108,301,239,175,319,210,220,261,321,302,178,151,174,292,331,458,305,223,375,234,253,268,386,382,235,155,298,342,412,288,214,220,273,212,263,142,201,190,447,141,162,258,203,183,248,179,112,127,460,195,319,189,191,200,281,234,261,345,216,121,262,274,209,229,183,75,331,232
"Gene1320",12,49,35,19,37,27,12,52,15,41,41,15,16,14,31,31,36,63,23,23,19,30,23,38,34,27,34,26,46,48,51,37,41,48,33,35,47,24,17,21,25,27,32,23,17,26,41,33,35,23,27,28,15,13,22,31,10,27,58,22,32,12,36,26,30,54,16,35,19,9,40,43
"Gene1321",29,31,41,68,48,37,69,24,19,28,24,37,30,80,12,23,33,86,53,39,20,65,42,55,16,25,23,38,36,22,26,47,49,63,78,44,29,24,72,26,16,27,31,34,35,93,66,46,24,91,39,39,40,41,21,60,35,61,66,35,21,30,39,45,62,17,35,71,44,39,14,51
"Gene1322",312,364,506,315,405,224,384,350,279,206,425,367,461,549,306,306,545,450,709,302,730,544,287,329,260,567,645,376,496,496,373,469,296,392,410,671,177,537,580,411,413,238,253,605,171,199,491,319,299,467,202,444,406,290,545,403,373,691,496,249,418,537,545,262,461,256,316,509,360,486,222,500
"Gene1323",8,9,6,1,6,8,5,9,23,6,9,6,11,12,11,8,13,5,6,1,4,4,11,4,13,5,5,7,11,11,2,3,9,3,9,6,2,14,6,7,6,2,12,6,3,8,11,13,9,9,8,6,8,8,10,9,12,6,6,2,8,7,7,11,7,6,5,7,10,9,2,6
"Gene1324",119,149,44,90,120,129,70,103,89,152,189,51,98,155,40,163,165,105,213,171,154,64,189,80,178,68,150,128,144,84,166,90,111,153,87,127,101,112,240,68,76,76,112,53,123,150,136,128,80,74,104,102,164,250,81,93,88,137,120,170,134,79,47,121,197,191,228,95,206,101,67,96
"Gene1325",41,27,22,20,20,48,30,55,53,21,30,45,32,12,35,59,30,73,56,34,23,38,47,21,32,36,63,18,43,41,46,37,48,39,36,36,46,32,39,27,43,29,39,27,33,31,33,44,31,34,28,32,57,22,29,21,37,27,28,30,48,33,25,15,31,49,27,24,46,25,62,89
"Gene1326",34,63,95,64,58,36,48,35,40,37,86,31,19,75,30,44,39,22,61,48,63,61,28,63,49,56,45,69,38,73,33,30,36,40,33,38,56,49,51,62,42,47,37,35,67,49,54,21,62,64,43,42,57,78,76,20,69,51,55,35,19,46,33,32,45,59,41,52,31,19,48,54
"Gene1327",31,25,21,45,9,15,19,29,17,35,37,20,32,21,33,18,34,26,30,22,14,29,16,32,33,27,34,35,30,26,32,31,26,36,24,25,14,34,41,20,22,17,25,14,32,22,13,24,17,32,36,19,47,23,29,31,34,43,40,31,27,23,20,27,30,24,30,21,24,14,32,10
"Gene1328",178,273,113,241,278,213,266,232,211,149,245,291,178,216,223,297,188,180,124,136,231,154,296,208,169,218,252,155,181,338,167,154,185,403,226,166,467,421,373,117,187,298,122,164,496,241,481,338,175,203,141,147,133,140,99,160,137,198,189,246,247,256,308,118,108,414,174,105,162,266,155,128
"Gene1329",12,12,9,9,15,15,17,18,6,23,14,18,12,28,12,6,12,17,41,9,5,15,24,6,21,11,12,18,15,17,11,10,10,24,15,25,8,8,7,10,9,11,16,18,17,9,23,23,10,14,17,11,7,11,15,15,19,9,7,8,2,12,21,16,4,11,28,11,26,17,7,18
"Gene1330",213,183,194,165,199,145,155,170,100,182,279,168,227,161,183,101,212,205,154,178,184,120,170,115,120,209,201,169,149,224,177,138,203,100,315,179,193,178,239,139,115,213,54,143,279,96,148,122,74,158,189,183,123,135,139,272,273,255,190,160,166,94,94,105,111,236,109,103,166,89,190,139
"Gene1331",178,258,360,264,161,320,243,153,231,310,407,462,420,318,458,289,284,256,139,266,206,245,235,202,257,288,192,229,611,254,377,341,406,431,528,354,206,241,349,319,171,276,205,458,399,668,227,282,238,314,184,184,321,253,218,272,323,161,268,174,191,220,389,423,250,405,293,210,362,357,393,356
"Gene1332",9,6,12,4,6,7,9,10,8,5,7,1,15,6,9,4,2,13,13,7,4,12,9,8,8,4,8,7,9,8,4,7,4,4,10,13,3,4,13,11,5,16,3,8,10,12,4,6,8,5,7,14,8,6,10,1,2,5,3,11,13,12,13,9,13,11,4,6,14,7,14,11
"Gene1333",19,12,10,7,14,15,8,27,19,12,20,2,8,10,11,9,28,17,15,9,12,26,11,19,18,22,5,12,7,12,16,17,11,8,9,12,10,11,17,13,19,25,14,27,19,20,7,12,14,21,12,18,16,14,25,6,19,8,22,22,9,12,18,18,12,13,25,10,8,11,21,11
"Gene1334",75,104,136,167,89,210,117,137,71,109,196,158,180,149,112,82,88,132,76,158,86,108,187,253,156,127,90,143,118,90,84,81,158,117,68,152,119,138,84,41,74,45,82,192,67,90,84,45,86,82,131,84,74,49,167,192,141,71,63,97,97,101,116,102,161,156,132,148,134,72,73,72
"Gene1335",9,4,19,10,21,21,16,10,23,19,26,21,26,19,14,14,38,13,15,20,16,14,22,11,15,42,28,10,13,18,20,10,18,17,15,10,16,9,18,10,21,17,24,15,16,13,27,9,19,28,8,31,8,29,14,22,12,16,15,17,24,3,13,15,21,25,21,16,15,19,31,8
"Gene1336",12,8,19,41,21,48,22,37,9,20,40,11,21,22,41,17,28,9,20,24,17,25,10,34,25,18,17,19,31,15,26,18,26,21,13,13,18,20,30,19,20,29,11,14,20,19,16,38,27,17,24,43,28,13,12,23,20,33,16,21,8,18,33,34,40,16,40,18,13,22,15,42
"Gene1337",40,54,31,30,35,29,37,27,18,31,19,21,56,16,29,29,65,54,41,32,62,22,23,38,29,26,37,59,28,33,42,38,39,40,35,39,19,26,22,9,33,39,35,38,40,12,26,21,31,39,13,33,14,21,13,27,16,22,22,19,23,30,39,27,20,18,37,39,36,36,14,34
"Gene1338",33,19,40,32,25,60,58,63,33,38,52,35,69,34,43,18,31,35,26,36,47,17,46,56,41,60,27,39,31,43,27,24,31,31,37,34,82,34,60,51,21,38,44,78,51,41,16,45,25,60,47,44,49,25,42,23,19,47,19,56,37,20,26,53,29,37,64,19,21,29,30,18
"Gene1339",109,88,176,148,125,101,83,218,141,65,140,151,131,134,101,146,129,125,187,49,105,166,63,138,181,87,148,286,200,206,63,90,115,83,145,98,92,163,31,156,146,105,127,81,85,45,94,139,71,121,132,219,155,148,89,85,105,140,140,172,128,96,115,164,105,187,53,56,61,245,50,118
"Gene1340",37,16,20,40,22,43,33,12,21,6,28,24,19,34,29,25,21,22,20,21,12,36,19,15,26,26,14,38,46,20,19,43,15,14,23,12,13,56,18,20,19,22,35,36,34,17,15,22,25,39,37,52,29,49,35,32,13,17,18,22,31,34,32,33,30,30,28,16,15,28,46,26
"Gene1341",56,61,59,56,45,74,70,52,67,54,63,49,57,50,66,42,77,74,33,34,44,52,65,23,76,37,72,36,71,80,50,96,28,119,31,61,13,53,76,94,50,64,67,39,73,102,30,42,58,33,46,91,43,97,44,38,133,49,63,55,21,46,60,75,54,52,80,63,27,51,73,36
"Gene1342",188,120,199,158,67,169,204,207,137,200,101,195,132,87,117,177,153,103,64,133,91,159,132,106,57,245,134,173,164,172,178,154,129,87,96,117,48,88,111,90,100,121,179,129,197,91,103,143,110,143,92,69,99,151,118,154,79,173,43,180,159,74,92,141,167,77,172,180,188,130,93,89
"Gene1343",4,15,5,3,10,4,14,4,9,5,19,10,3,6,11,8,4,11,20,6,9,6,12,7,11,10,11,7,8,7,5,10,11,7,8,14,9,12,6,11,8,2,8,5,3,12,8,6,4,3,19,4,13,24,9,12,8,9,25,4,17,12,17,5,10,8,3,7,6,7,9,11
"Gene1344",20,46,40,30,19,30,21,25,44,15,24,25,23,33,25,23,25,21,19,36,19,15,28,21,19,14,14,36,23,21,34,19,12,23,30,27,7,32,26,34,17,20,32,24,23,18,16,13,18,40,55,40,7,10,15,21,22,26,17,24,16,17,23,30,20,39,13,11,34,15,17,25
"Gene1345",162,228,57,197,164,208,98,184,124,97,148,154,212,106,138,170,259,143,186,222,191,278,84,141,168,145,136,195,69,96,149,133,183,99,127,146,83,269,131,227,251,146,200,194,118,142,249,197,174,193,181,198,128,253,162,80,166,105,108,184,128,160,102,134,949,1264,1112,1219,1420,1203,1023,1109
"Gene1346",37,61,50,25,19,21,30,26,31,29,11,46,49,10,55,33,40,23,29,12,36,21,25,25,36,25,41,37,15,38,34,27,36,45,22,26,12,31,52,39,45,52,46,23,52,49,23,17,21,33,59,37,56,31,33,29,35,26,20,15,38,31,47,34,68,20,35,26,35,39,21,16
"Gene1347",4,1,0,4,3,4,1,5,2,0,3,1,3,1,5,2,5,6,3,1,3,2,1,3,3,3,2,4,0,2,1,3,4,0,2,4,0,0,1,6,3,2,5,6,0,0,7,5,1,1,1,7,3,1,1,2,2,3,5,0,2,3,4,3,2,0,2,5,2,11,1,3
"Gene1348",18,22,4,9,10,21,33,10,13,10,23,13,11,13,5,19,18,24,15,19,10,16,10,19,25,14,24,30,9,11,17,27,27,18,17,30,13,15,20,17,19,29,26,29,25,21,22,10,21,37,17,27,13,39,17,15,10,14,22,17,25,30,9,27,21,16,29,13,18,16,14,9
"Gene1349",343,197,97,237,122,114,153,258,182,149,112,193,97,168,97,97,122,159,133,74,178,87,129,209,128,95,143,75,213,158,205,163,121,169,121,109,54,111,199,165,172,179,151,90,181,204,155,118,185,72,198,89,134,106,137,105,129,143,65,189,133,139,183,130,103,150,131,145,159,101,110,122
"Gene1350",53,43,17,19,25,18,38,11,6,33,29,29,32,31,39,39,20,39,31,34,27,29,43,18,22,49,34,5,41,26,40,31,55,21,37,31,40,27,50,48,57,27,42,24,25,45,22,20,44,32,27,65,35,32,51,26,25,35,40,25,29,12,26,24,45,31,19,32,18,25,32,27
"Gene1351",52,21,30,29,42,24,29,26,23,26,14,33,31,33,31,25,24,42,28,29,28,33,37,24,55,51,19,22,43,35,38,27,27,15,26,24,45,33,31,52,22,37,19,21,33,32,22,36,35,14,44,19,15,48,46,36,44,26,24,68,36,25,23,24,31,73,24,38,35,42,58,43
"Gene1352",44,40,48,53,20,58,48,39,50,38,34,15,40,54,26,74,76,28,60,88,37,83,31,41,40,43,37,36,87,64,65,46,70,79,38,23,76,34,31,22,37,47,28,26,60,71,30,73,33,18,59,33,46,40,67,31,44,35,43,39,47,52,62,53,192,172,208,196,135,250,188,188
"Gene1353",50,57,172,97,143,164,145,87,173,154,150,178,135,131,129,79,80,174,181,80,104,136,114,76,88,53,135,125,107,89,101,74,166,140,77,176,139,63,102,161,201,95,68,111,76,204,168,63,147,154,161,106,166,85,168,101,84,154,153,140,99,171,95,224,215,99,125,138,120,120,146,147
"Gene1354",34,28,13,36,38,30,38,26,16,38,42,35,24,23,26,64,12,41,15,30,28,20,53,45,40,33,26,16,29,24,17,41,37,26,35,40,47,37,38,41,21,36,20,20,30,26,35,40,24,34,24,49,35,30,20,15,39,28,42,32,54,16,24,47,30,24,35,32,11,44,14,22
"Gene1355",52,141,42,100,69,138,94,63,90,49,128,65,91,85,66,67,127,110,45,101,71,100,113,67,136,104,143,51,91,19,170,80,116,84,129,92,78,81,68,78,67,116,101,128,94,131,87,100,98,42,94,125,93,59,83,49,99,131,59,72,135,133,39,83,63,33,65,99,135,74,64,66
"Gene1356",69,96,108,70,106,98,88,118,108,100,102,139,56,91,116,96,84,92,44,105,83,154,78,81,121,69,119,77,75,98,119,69,73,93,98,81,125,80,118,171,116,80,77,76,201,62,65,134,173,147,104,93,88,151,126,83,81,162,163,93,186,85,200,129,100,95,114,143,122,100,112,158
"Gene1357",18,24,22,7,9,5,33,10,30,25,7,15,4,14,14,10,10,20,20,25,9,6,16,12,23,24,25,7,8,12,10,21,6,24,19,10,10,14,25,27,8,30,16,11,11,27,19,18,4,17,19,12,13,15,16,5,17,8,17,7,10,20,17,19,16,6,13,18,13,26,13,21
"Gene1358",41,36,79,65,45,21,55,35,22,53,65,55,30,50,111,57,42,37,50,86,39,36,49,28,55,35,20,49,14,54,33,49,83,34,51,61,27,49,62,45,25,24,48,34,70,45,21,30,24,46,67,57,53,20,80,40,101,44,32,21,79,57,34,67,44,69,23,72,50,48,27,45
"Gene1359",26,17,33,12,26,22,41,25,33,29,30,35,20,39,36,33,10,21,14,60,25,30,41,42,53,35,44,18,45,24,41,37,33,31,28,35,24,44,27,46,49,19,60,40,31,21,27,36,24,21,61,32,20,16,16,29,17,22,21,22,31,15,26,38,16,30,17,14,56,35,24,12
"Gene1360",107,64,60,112,168,45,56,135,109,110,109,170,66,110,87,33,153,51,58,44,104,68,166,81,151,38,116,75,118,103,51,124,140,34,62,99,36,55,97,116,65,103,38,70,132,123,95,138,101,36,55,111,114,70,92,71,59,128,65,57,116,120,40,59,59,84,56,88,128,76,94,111
"Gene1361",2,6,25,6,6,9,5,7,7,11,12,13,9,20,4,5,5,8,13,8,7,4,14,5,9,5,2,6,8,12,9,5,14,7,8,7,7,0,15,12,8,5,6,7,7,9,7,10,5,7,13,11,9,16,6,4,3,6,7,13,2,3,13,9,10,7,7,10,9,4,3,3
"Gene1362",372,493,216,316,238,351,240,259,311,322,266,367,756,234,295,314,407,579,314,365,316,394,224,187,339,390,233,170,161,662,269,146,241,290,365,357,250,288,504,412,438,381,293,330,256,328,448,583,342,459,215,653,444,287,525,351,262,247,465,212,181,262,378,371,315,257,430,230,266,354,531,378
"Gene1363",165,447,267,209,327,180,392,299,210,352,265,180,275,383,329,270,372,255,392,257,264,252,121,369,230,260,279,190,227,528,344,444,240,185,362,296,210,403,366,175,322,188,163,269,123,329,149,287,183,220,171,211,284,283,149,399,463,326,158,254,477,346,322,293,237,159,233,307,192,407,121,254
"Gene1364",38,15,25,32,20,26,12,16,25,13,13,27,33,11,15,15,21,21,18,29,27,9,19,21,28,15,13,10,14,24,17,20,22,30,25,17,8,7,8,27,24,18,10,33,25,18,15,33,14,12,41,15,11,25,17,24,18,19,19,7,27,21,19,22,16,19,22,17,25,16,15,19
"Gene1365",13,17,37,17,16,21,24,33,28,28,44,22,36,10,29,23,22,30,28,24,25,18,13,35,22,16,38,27,26,24,5,8,33,10,29,35,38,34,16,24,32,28,33,27,25,13,19,39,15,13,22,42,25,38,27,28,35,24,20,10,23,18,36,29,19,20,24,28,33,16,17,11
"Gene1366",35,11,11,20,16,20,24,8,16,15,28,24,4,41,26,20,23,5,14,19,17,16,22,19,16,23,23,13,28,23,23,17,19,22,18,13,13,23,9,18,27,22,26,15,14,34,7,32,9,18,19,22,8,8,25,19,17,20,18,29,12,10,16,13,19,14,23,17,16,8,17,28
"Gene1367",26,59,63,19,41,46,57,34,34,39,67,33,23,46,36,57,44,16,88,37,77,52,19,32,41,60,48,21,55,27,33,45,40,50,31,32,44,38,78,62,44,47,37,26,54,53,47,67,39,29,39,40,47,52,33,49,29,63,49,68,40,29,31,70,33,53,54,64,36,15,54,22
"Gene1368",41,12,23,34,20,39,38,3,25,49,17,38,14,23,39,17,36,17,33,34,18,28,20,16,12,34,22,13,26,37,37,13,38,36,40,14,25,28,32,27,20,39,24,43,28,6,25,44,36,20,32,35,40,38,21,33,13,10,45,22,21,13,25,34,32,43,39,33,45,37,32,18
"Gene1369",72,70,46,34,48,68,44,56,38,58,61,25,51,64,61,112,78,79,32,54,72,18,73,105,72,60,61,58,69,35,85,45,76,54,67,57,38,99,66,44,92,31,59,98,26,37,104,85,59,33,47,46,53,62,28,86,24,78,55,34,61,64,54,40,40,79,44,71,72,54,50,69
"Gene1370",4,3,4,1,5,9,7,2,4,2,1,8,6,4,11,7,3,11,1,6,7,7,9,8,5,4,3,7,6,6,6,1,5,4,5,3,7,7,1,6,13,4,5,3,4,14,4,2,2,5,7,8,6,4,7,2,11,2,14,6,7,2,3,6,3,4,6,7,4,14,4,2
"Gene1371",39,68,38,59,38,68,138,66,45,63,71,46,51,56,105,61,48,68,62,60,105,82,59,60,40,16,57,39,82,90,89,145,61,42,79,59,86,68,46,80,75,49,88,87,35,39,70,55,29,46,87,45,45,67,29,58,64,54,92,51,60,68,68,76,64,54,68,39,56,62,28,44
"Gene1372",39,48,105,56,44,30,65,98,40,70,56,77,86,59,32,25,35,73,45,32,96,71,43,33,54,60,64,110,55,37,52,46,56,36,22,49,56,88,43,42,61,95,59,63,26,70,23,58,39,88,76,33,48,55,43,61,36,45,45,27,27,36,62,42,39,59,88,49,59,76,52,54
"Gene1373",8,5,8,8,9,9,1,5,9,7,7,13,7,10,8,4,10,11,10,7,7,10,3,5,9,2,8,3,12,13,5,20,6,9,4,9,7,3,5,14,13,9,10,16,5,15,11,8,18,6,2,8,8,9,8,5,7,9,7,6,5,3,8,5,7,6,6,6,8,8,6,8
"Gene1374",18,99,30,55,98,138,50,93,76,54,54,43,30,52,101,72,85,52,94,68,77,102,45,60,32,143,42,55,104,67,58,72,109,76,70,95,90,83,94,42,129,77,35,87,113,44,78,79,76,54,81,98,51,67,57,53,58,108,56,26,91,53,73,63,34,59,97,72,45,153,71,130
"Gene1375",96,39,64,70,55,99,64,36,68,55,37,54,64,45,21,67,61,48,48,42,63,58,39,35,60,61,41,77,35,79,49,69,54,26,56,46,65,59,67,45,49,52,74,88,49,36,42,97,21,77,63,95,72,56,62,75,44,88,103,70,61,44,75,45,39,54,119,30,33,62,74,94
"Gene1376",64,32,60,69,41,65,28,18,49,31,21,34,46,21,21,7,30,41,28,33,33,55,28,27,23,19,34,39,58,23,49,37,60,30,41,38,26,61,23,29,57,50,34,9,34,30,25,64,25,30,75,34,56,35,36,45,30,35,48,27,43,17,28,83,54,36,23,25,37,44,49,43
"Gene1377",60,83,66,73,27,39,55,46,72,78,88,44,80,53,48,38,86,38,25,21,88,44,57,59,70,36,43,34,28,103,88,49,66,61,44,30,56,59,44,50,66,33,72,105,79,53,41,63,45,121,21,57,21,51,61,46,55,61,59,71,14,103,66,44,58,48,43,33,55,76,87,41
"Gene1378",100,51,83,99,110,64,81,72,64,40,112,79,72,82,115,43,74,119,83,35,91,51,59,105,58,80,129,132,53,128,174,123,77,83,79,55,75,97,70,140,82,66,66,48,87,114,95,147,55,177,156,62,90,78,98,63,34,59,65,28,118,40,71,56,47,51,48,79,65,128,114,71
"Gene1379",85,55,65,130,84,109,80,90,138,76,55,86,125,140,54,73,135,77,52,59,57,55,105,115,90,141,82,131,104,63,50,107,52,73,106,48,61,97,149,44,104,18,69,99,99,84,72,74,85,93,54,101,80,88,94,107,145,66,43,38,110,59,119,121,106,61,66,83,75,60,63,51
"Gene1380",32,38,34,20,32,19,32,40,43,29,24,36,4,59,39,24,37,21,29,37,52,23,65,51,19,15,24,32,31,13,41,29,27,48,21,22,22,45,19,36,48,22,18,56,56,30,76,45,26,58,18,17,27,32,68,40,25,40,33,20,44,41,24,19,27,23,41,31,14,41,21,42
"Gene1381",259,271,288,113,132,141,232,248,142,110,119,200,248,481,195,318,300,107,268,274,116,318,139,155,318,236,150,167,218,332,173,257,284,265,114,250,106,289,288,237,119,183,202,91,286,124,212,244,135,92,180,234,337,241,150,221,272,156,203,107,481,237,122,343,220,328,151,277,131,163,136,184
"Gene1382",84,64,42,50,40,70,55,79,32,20,68,38,43,94,39,83,40,50,70,67,65,42,48,44,63,58,21,15,18,17,6,19,23,57,62,52,42,84,66,41,78,55,40,66,65,78,64,45,43,37,61,59,21,51,31,52,14,46,81,120,46,80,83,46,82,40,77,43,44,40,32,73
"Gene1383",48,37,28,60,64,79,62,61,40,73,55,50,43,30,19,72,56,66,54,34,27,77,19,38,24,34,56,40,117,38,29,42,36,38,76,59,64,47,44,39,36,43,32,71,32,40,81,83,42,32,52,66,81,54,74,68,43,49,37,48,79,48,65,75,40,36,57,57,35,18,43,50
"Gene1384",133,114,217,43,199,169,105,156,150,95,190,172,273,90,237,112,109,88,263,78,134,214,154,177,137,257,184,153,117,146,92,207,175,202,77,177,190,195,173,263,152,171,226,108,105,202,117,146,235,133,232,204,165,211,144,220,148,269,122,254,186,145,159,253,98,177,188,238,204,193,207,175
"Gene1385",148,138,105,151,229,196,84,173,156,192,260,215,181,288,188,134,84,146,145,394,156,216,209,304,131,243,130,287,205,184,230,176,116,139,124,149,25,201,135,267,117,191,319,194,141,403,156,40,129,204,96,207,176,99,67,156,213,192,241,294,230,276,188,217,201,101,239,130,143,109,258,213
"Gene1386",36,16,22,16,15,14,34,42,11,40,24,26,9,23,17,8,15,43,32,21,35,42,28,40,16,13,23,13,19,35,10,15,26,22,15,27,32,15,24,23,24,44,46,17,8,16,25,11,23,16,40,23,6,8,11,32,32,15,22,12,19,20,34,16,8,32,30,33,20,33,24,15
"Gene1387",7,9,15,17,15,14,18,9,13,9,18,16,18,17,19,11,5,19,12,14,12,5,18,22,15,20,11,13,20,10,18,17,9,17,9,25,12,11,15,10,15,23,8,9,15,20,11,18,16,19,16,23,6,29,22,15,15,17,14,10,9,39,14,15,4,23,20,10,11,11,10,11
"Gene1388",30,21,9,42,14,16,13,23,25,20,17,20,33,34,35,17,18,45,40,19,20,34,25,23,17,19,53,57,33,45,38,13,20,15,37,32,27,20,14,20,20,26,27,34,18,22,12,16,24,17,13,24,10,23,34,27,38,9,15,33,10,30,18,27,36,19,5,20,22,17,38,47
"Gene1389",9,12,14,5,8,9,18,17,18,6,14,12,18,8,15,11,19,12,18,8,9,14,11,17,7,10,11,15,11,11,31,17,9,14,14,5,12,6,17,15,31,26,16,7,11,13,9,14,17,10,22,7,17,4,10,22,14,8,12,10,13,25,8,17,10,15,10,16,21,24,22,24
"Gene1390",5,12,6,7,10,3,3,4,4,5,5,6,8,4,8,9,6,6,8,5,9,6,7,7,1,5,2,3,6,0,5,6,5,9,6,9,6,6,5,11,15,2,6,7,12,2,7,0,10,5,9,7,8,9,3,7,8,5,10,9,7,8,5,4,22,3,11,13,6,9,3,10
"Gene1391",73,83,114,103,115,100,49,64,115,86,100,107,80,134,126,122,61,114,88,70,118,106,83,106,84,76,86,38,81,116,77,47,46,69,84,69,117,174,176,84,65,26,69,43,60,65,51,77,81,77,102,72,106,71,68,55,108,138,39,83,65,51,51,46,76,59,89,77,134,85,94,34
"Gene1392",62,26,41,25,43,68,38,29,43,56,31,54,37,55,28,33,83,52,57,38,50,36,44,33,44,26,57,46,32,52,57,55,34,25,37,42,52,16,37,36,89,64,38,41,76,41,61,39,80,46,30,59,79,30,40,30,55,54,30,53,38,48,29,34,143,197,232,213,222,197,154,187
"Gene1393",128,89,130,123,173,117,89,125,163,84,115,146,180,94,34,61,84,93,135,129,124,60,83,77,128,163,150,212,121,87,155,138,103,77,142,173,46,106,188,98,106,53,64,132,72,107,183,77,47,202,105,150,104,67,78,142,85,66,76,114,76,147,251,42,79,153,123,125,80,118,88,46
"Gene1394",71,44,42,58,53,49,47,89,35,82,38,76,35,49,39,19,65,31,46,42,38,33,19,104,45,69,47,59,61,40,40,44,16,42,52,70,27,68,49,50,47,66,66,48,19,48,92,57,56,60,44,65,53,39,39,71,67,52,85,29,80,51,34,32,59,41,56,26,41,76,26,65
"Gene1395",64,94,84,110,66,42,71,84,207,58,88,92,65,70,82,142,76,109,82,97,102,181,121,49,79,192,50,125,99,71,115,87,36,168,41,133,67,81,68,125,111,101,77,49,84,54,65,119,81,142,74,79,102,62,54,91,95,55,99,66,31,97,96,68,106,90,58,62,76,75,137,146
"Gene1396",25,20,34,14,20,13,57,28,22,24,37,33,37,36,44,80,27,10,15,30,26,31,48,21,18,21,32,31,40,40,57,30,48,29,24,39,21,15,26,41,22,18,30,30,29,27,16,49,34,20,33,25,16,23,23,37,33,20,25,38,17,19,45,37,39,32,37,21,45,31,27,33
"Gene1397",9,12,21,19,29,11,14,10,5,31,8,19,28,12,12,15,25,8,16,8,6,8,17,19,18,13,18,7,19,27,18,13,27,12,13,24,29,29,10,24,14,13,9,17,6,16,7,31,13,20,20,24,30,9,19,29,23,14,12,13,13,25,25,26,35,10,11,9,14,29,16,38
"Gene1398",78,126,123,115,167,93,85,180,166,211,126,123,159,151,120,185,138,54,131,179,207,152,156,83,116,176,209,97,180,161,215,116,127,117,115,150,200,145,106,251,162,132,140,74,211,111,113,149,151,91,89,179,115,170,110,113,114,142,138,186,132,175,130,137,85,109,112,120,256,207,95,64
"Gene1399",156,193,109,150,150,141,120,139,109,209,215,237,264,77,90,138,236,150,152,149,107,73,168,120,66,120,324,87,225,112,44,108,49,109,119,208,94,120,163,59,116,188,172,197,104,154,165,192,169,97,84,111,64,82,70,75,178,136,83,108,219,101,136,91,149,119,102,124,312,146,63,53
"Gene1400",8,5,12,9,5,10,10,3,12,6,3,9,12,5,3,6,7,7,3,5,10,1,6,5,5,1,6,6,5,10,6,4,6,10,5,3,9,10,5,1,3,6,9,13,7,9,8,5,13,8,6,8,5,5,5,7,6,7,4,14,0,11,5,8,3,6,7,18,8,7,5,8
"Gene1401",92,175,114,178,192,235,178,179,103,239,205,207,142,123,145,127,63,182,173,159,146,143,125,215,127,275,117,40,136,203,76,212,93,161,116,196,91,209,320,159,334,134,214,157,84,210,126,276,198,272,72,123,133,173,230,125,213,122,122,127,169,174,157,148,979,922,989,987,981,889,931,805
"Gene1402",3,7,1,3,4,11,5,8,12,5,10,13,12,13,5,9,3,6,6,8,4,4,2,2,6,8,5,1,8,7,5,5,10,2,5,11,3,3,14,14,7,6,5,6,6,4,8,5,6,8,3,4,8,5,12,6,11,6,3,4,9,6,5,7,7,5,3,5,9,4,7,3
"Gene1403",44,32,29,46,43,83,37,50,52,27,87,34,19,50,72,29,27,51,69,67,39,56,60,55,31,43,73,43,53,49,62,45,71,57,67,37,25,61,67,17,60,50,84,35,76,27,70,24,35,71,51,28,63,54,40,63,22,30,70,41,48,57,26,49,32,31,65,49,42,64,44,27
"Gene1404",48,32,19,18,34,17,36,41,24,41,25,24,31,19,20,30,21,27,51,38,21,23,42,27,32,34,39,65,56,31,65,41,19,24,42,51,20,39,32,24,43,31,27,31,29,35,10,26,30,18,18,42,33,23,31,36,25,21,33,47,64,45,16,58,33,48,79,41,17,32,29,29
"Gene1405",74,20,15,66,70,82,62,37,39,18,39,33,22,57,24,36,65,75,56,50,32,41,37,28,27,32,45,27,87,25,16,114,53,51,33,47,41,34,60,57,69,28,42,47,42,44,62,41,46,33,48,40,73,31,35,43,61,20,71,44,62,37,59,22,24,45,73,63,50,45,58,64
"Gene1406",169,255,279,263,218,303,260,269,153,258,310,212,188,273,122,263,209,212,215,155,127,232,186,143,188,208,727,897,896,878,761,596,206,185,123,106,336,256,279,200,203,116,103,357,263,233,138,181,252,225,208,255,104,162,291,330,122,164,201,145,163,169,330,159,160,297,144,209,277,143,188,219
"Gene1407",7,10,14,8,12,14,9,14,17,13,17,3,4,13,17,17,23,9,15,8,8,9,9,5,16,19,6,4,13,18,9,14,11,6,11,20,4,4,3,8,14,7,25,13,9,8,11,5,5,7,7,4,12,16,1,7,8,15,11,8,18,6,8,11,6,12,9,15,23,6,22,6
"Gene1408",47,37,61,31,37,47,79,17,34,22,25,52,49,60,71,55,59,28,34,55,51,21,34,37,79,38,37,30,54,34,34,34,22,55,41,30,61,48,48,54,43,18,21,21,39,41,40,53,31,49,36,39,73,32,14,21,45,43,13,53,80,69,14,38,28,21,25,41,20,31,39,51
"Gene1409",1212,590,1196,1808,786,1667,1197,894,1077,860,902,662,771,1472,1915,658,1148,1034,1244,823,1223,1055,941,1264,811,1080,828,880,1051,1420,1678,616,1345,859,711,717,1116,812,1078,988,720,1029,611,518,676,1445,982,1401,1120,1057,1023,594,1231,1488,1588,1284,1257,1217,1450,374,1218,1211,1377,822,1566,739,1734,803,372,1029,967,1173
"Gene1410",6,6,11,7,6,17,4,7,8,12,13,15,14,7,16,6,9,10,0,2,8,6,15,10,9,8,12,23,4,8,6,5,5,14,12,8,16,12,4,5,15,5,4,9,5,16,3,3,5,17,3,3,11,13,11,10,10,11,7,15,5,12,8,7,4,8,17,9,8,4,7,11
"Gene1411",25,29,25,11,29,37,13,40,26,19,24,36,34,13,30,15,7,29,30,22,13,38,22,20,15,33,15,16,29,40,13,26,32,20,11,24,17,34,20,16,25,37,20,27,27,40,30,29,100,106,87,120,129,109,91,101,28,47,32,18,46,27,45,32,29,14,22,14,25,21,9,11
"Gene1412",34,54,50,42,25,29,86,82,36,50,87,54,45,27,33,80,48,35,36,57,63,51,88,41,78,71,18,63,45,49,38,40,55,78,38,79,69,22,73,55,34,59,64,26,70,61,64,10,67,46,59,18,50,35,18,49,44,75,55,36,51,54,53,89,63,62,23,69,29,66,34,60
"Gene1413",54,115,68,79,71,105,43,35,49,53,93,64,46,101,37,48,79,95,114,59,65,31,116,61,81,64,87,73,80,61,102,84,48,30,104,47,31,41,41,70,77,42,41,52,65,142,49,78,70,69,58,67,43,57,82,136,45,61,42,52,44,54,51,99,81,81,68,52,73,47,82,32
"Gene1414",30,33,21,39,33,19,17,21,27,61,20,24,27,25,17,29,22,17,34,58,17,16,32,41,25,22,25,19,20,24,34,34,33,35,28,26,43,27,21,30,33,22,32,8,52,24,27,26,28,51,14,33,29,18,26,10,22,35,14,32,34,19,14,37,23,28,18,48,36,22,27,48
"Gene1415",40,46,33,26,27,48,47,30,25,28,24,22,19,53,28,29,30,35,40,28,34,52,57,49,13,84,18,22,45,27,46,44,46,56,34,38,53,47,26,55,37,25,25,36,28,44,29,29,41,18,52,56,29,45,43,29,23,43,45,39,27,46,50,53,28,39,38,39,20,16,22,65
"Gene1416",93,268,242,186,201,88,216,163,169,216,257,187,145,244,267,240,167,168,169,241,274,106,363,310,167,115,293,79,189,265,132,216,278,223,151,156,247,210,173,283,93,186,124,286,264,128,175,133,271,271,194,163,177,272,50,287,137,198,281,133,229,203,169,126,229,183,158,111,111,118,252,282
"Gene1417",23,39,23,51,24,32,48,52,44,35,52,65,48,43,36,54,42,32,30,47,71,39,53,55,33,48,53,59,39,73,56,32,35,60,35,42,32,49,37,42,72,56,51,58,45,46,24,28,44,48,67,37,37,75,40,59,60,71,47,27,30,44,39,37,49,46,27,40,37,35,20,29
"Gene1418",44,67,48,98,88,110,115,93,90,72,65,107,47,49,106,105,91,61,57,89,138,43,67,88,49,82,82,78,112,38,130,108,60,63,149,55,86,112,82,74,92,56,84,46,106,101,89,40,107,65,77,95,48,99,74,84,109,35,93,64,46,56,80,64,47,78,86,54,33,87,61,50
"Gene1419",53,110,110,179,90,68,21,140,59,70,102,66,81,78,48,84,89,119,53,94,57,66,102,71,122,62,92,49,112,120,41,106,44,74,82,70,117,78,44,75,118,100,38,55,128,53,76,73,46,149,73,90,93,70,79,67,74,100,115,77,83,75,39,51,72,59,53,84,65,127,128,53
"Gene1420",115,51,135,125,51,71,140,32,111,146,56,125,82,35,92,69,100,36,52,105,82,59,99,50,97,87,93,84,157,77,75,59,87,103,163,111,82,92,90,122,72,49,98,106,69,71,134,109,70,91,106,138,108,81,93,87,93,122,99,83,75,85,100,113,9,13,11,12,12,7,12,19
"Gene1421",61,29,127,53,79,92,168,148,144,89,72,170,127,98,96,19,78,116,92,85,133,172,58,186,135,77,149,74,136,73,91,142,57,82,87,116,138,122,41,47,72,160,40,86,53,191,149,55,194,72,132,73,61,86,103,79,93,80,86,114,102,79,88,98,31,23,19,19,13,17,22,21
"Gene1422",91,23,26,87,82,84,45,106,65,39,25,32,59,69,58,102,38,70,49,20,42,74,38,86,43,80,39,66,78,57,36,70,28,40,55,49,38,62,42,50,28,75,72,81,63,43,45,15,96,63,55,65,21,28,81,48,79,67,54,55,60,29,43,38,43,70,50,68,63,61,46,60
"Gene1423",16,19,27,31,35,25,31,29,31,17,38,30,23,17,16,27,35,31,25,22,44,14,25,19,15,19,34,21,9,26,21,11,23,10,34,19,21,28,13,23,29,39,20,24,15,19,16,25,38,31,21,18,15,16,27,25,36,25,31,13,23,28,20,16,28,18,26,24,30,23,13,8
"Gene1424",46,38,67,76,54,58,45,57,37,91,57,35,24,59,79,72,83,58,27,66,61,30,48,32,97,36,75,47,26,39,33,51,63,51,50,59,31,74,20,54,75,37,70,52,21,23,43,62,35,67,95,32,77,75,33,53,41,51,39,39,75,42,35,63,75,71,83,82,41,49,47,57
"Gene1425",13,16,9,7,12,18,18,11,17,13,30,19,24,15,9,6,4,21,12,11,9,17,28,15,25,7,25,28,16,19,36,13,15,25,12,32,22,24,15,9,13,16,17,16,16,8,13,9,24,22,8,15,31,14,26,10,30,20,18,8,11,25,23,17,21,20,19,21,10,18,8,21
"Gene1426",48,58,47,83,42,55,67,60,46,40,64,60,31,77,76,35,38,40,52,65,37,50,94,44,31,35,65,73,147,86,30,55,26,32,147,85,37,80,80,68,31,59,106,22,48,36,74,81,69,54,69,40,84,36,49,60,80,79,39,39,81,46,58,88,80,57,30,38,42,82,39,43
"Gene1427",39,62,37,59,58,46,15,31,32,28,55,32,53,45,33,42,42,28,18,27,60,31,21,22,50,32,55,47,14,21,50,30,34,32,70,16,55,30,35,31,29,13,26,21,37,25,32,52,26,48,31,37,27,21,17,34,30,28,50,40,37,35,35,54,57,23,22,38,24,46,32,37
"Gene1428",63,70,31,66,66,54,55,49,71,74,30,43,32,20,61,23,62,101,60,63,42,47,40,38,33,35,32,28,74,16,38,77,72,54,47,29,38,56,69,33,37,23,31,53,37,30,59,50,56,25,63,58,66,27,57,31,32,80,32,63,29,35,48,41,55,67,46,65,31,42,42,31
"Gene1429",6,16,11,19,19,17,20,12,19,10,7,14,12,8,16,10,12,19,13,8,23,15,20,22,7,23,27,9,7,12,20,8,17,11,18,11,20,9,19,14,11,15,20,13,13,22,14,21,20,3,16,9,20,34,13,12,18,6,8,13,14,5,9,20,11,19,11,12,23,21,13,20
"Gene1430",22,35,33,33,18,33,35,79,32,41,28,34,24,39,68,80,42,37,46,54,21,48,61,58,82,33,38,38,67,15,31,35,40,47,27,49,41,22,45,37,62,55,39,27,18,40,26,18,40,43,21,35,10,42,38,41,33,58,31,65,47,41,13,25,16,19,54,20,67,57,21,60
"Gene1431",15,18,27,24,16,8,15,14,20,17,30,14,17,22,17,10,18,13,15,10,13,11,11,26,9,11,16,15,12,14,15,15,12,5,22,13,13,17,20,15,11,10,10,15,8,13,11,19,8,12,7,18,6,14,16,12,22,22,2,7,16,12,18,15,17,3,9,8,18,4,19,14
"Gene1432",48,31,25,20,24,32,32,30,38,36,54,20,36,26,12,37,43,30,22,11,16,35,16,38,36,49,54,67,25,33,34,27,31,18,38,20,27,41,4,44,15,34,56,41,35,41,15,35,40,39,29,46,47,54,27,43,28,34,52,9,27,8,12,25,70,46,13,45,35,53,50,35
"Gene1433",130,119,79,141,80,130,78,133,68,73,98,86,59,152,100,57,62,96,78,107,78,74,201,135,127,155,119,84,71,130,181,104,115,60,83,98,83,202,90,120,101,108,70,39,98,161,138,134,94,126,76,84,109,51,80,126,74,45,125,75,79,83,59,113,104,102,96,118,145,88,89,124
"Gene1434",76,66,79,91,39,119,91,95,62,49,55,67,66,57,57,68,54,62,104,61,59,46,36,78,71,76,81,59,91,87,58,45,85,89,52,60,61,52,68,71,83,59,67,63,60,70,53,48,59,32,50,57,61,35,75,96,55,76,51,66,70,81,90,88,8,10,11,8,8,11,14,11
"Gene1435",102,203,161,134,130,172,319,94,174,203,122,126,207,108,169,61,64,135,90,215,103,168,199,214,215,182,224,153,168,129,274,89,228,108,82,94,99,105,136,112,305,131,250,168,90,89,145,173,169,106,74,134,131,109,236,132,123,128,87,193,323,72,225,99,160,185,297,91,77,114,165,164
"Gene1436",69,130,87,78,117,138,92,109,116,101,125,161,96,65,62,97,74,70,130,125,42,104,75,77,74,94,112,96,116,67,65,104,72,33,86,72,79,91,78,67,95,108,113,92,83,72,75,111,160,140,97,55,77,90,125,105,54,180,192,179,138,169,100,102,70,53,95,81,67,130,248,128
"Gene1437",97,50,42,76,48,23,76,47,40,33,50,64,85,51,58,70,97,146,63,70,42,88,65,74,76,66,54,102,40,74,44,79,64,77,126,94,69,80,76,40,62,97,35,35,51,77,57,51,62,52,76,86,27,54,48,70,63,120,84,62,59,33,92,126,54,45,33,87,76,39,49,39
"Gene1438",132,229,259,78,110,297,140,308,234,161,190,259,98,118,199,130,226,155,154,68,108,271,84,176,235,106,103,185,138,93,171,172,110,99,166,123,73,130,223,223,104,142,205,127,91,254,95,94,143,187,168,226,148,106,189,130,166,133,191,328,221,309,110,85,143,148,349,181,169,177,241,325
"Gene1439",136,175,456,244,233,212,160,335,299,195,372,222,202,333,186,204,371,115,153,96,179,333,225,189,445,240,88,227,194,217,186,517,191,561,126,157,209,208,299,60,261,122,138,244,424,127,222,231,99,224,252,93,132,187,277,249,422,197,354,336,247,191,266,267,199,125,212,251,119,228,100,230
"Gene1440",14,13,6,12,6,8,12,11,7,5,12,9,12,12,12,2,4,7,6,20,20,10,5,4,22,8,20,5,12,13,10,20,5,7,8,12,7,9,7,10,9,8,22,10,2,13,14,5,12,4,8,1,5,7,9,9,13,12,12,9,11,1,15,7,24,18,7,10,14,8,7,7
"Gene1441",140,160,195,301,189,146,259,95,209,129,127,186,178,54,105,204,101,176,219,203,83,125,115,140,80,139,185,184,237,165,193,184,136,199,163,114,137,174,195,191,117,258,124,235,279,130,153,167,204,167,104,261,96,177,151,176,217,211,234,314,291,98,307,72,78,137,207,166,109,137,197,213
"Gene1442",159,67,121,136,64,155,151,104,152,305,78,91,71,113,134,121,185,151,117,42,94,167,111,84,157,100,60,145,59,150,258,153,216,104,92,224,199,126,164,126,51,146,107,106,238,120,130,256,177,125,101,229,169,66,133,159,36,238,89,118,162,137,166,115,134,157,112,109,134,127,125,135
"Gene1443",171,231,77,226,194,176,103,140,240,208,162,117,206,104,150,273,139,71,238,262,142,109,225,281,254,200,156,84,261,203,117,191,165,140,163,133,96,234,171,144,147,157,116,133,219,162,294,156,243,281,126,193,187,263,146,135,107,64,42,154,146,142,208,162,119,239,148,80,127,194,83,171
"Gene1444",17,17,16,11,10,32,27,23,22,21,23,12,17,9,10,13,19,21,7,13,16,21,5,13,11,19,26,13,17,25,37,7,22,18,13,18,11,6,20,10,18,10,10,20,12,10,20,26,12,30,28,12,11,19,17,12,19,26,18,15,27,13,15,10,29,21,37,25,13,18,22,10
"Gene1445",1293,1462,1150,982,1085,1113,706,1110,835,998,713,731,1217,1283,828,535,1836,1050,779,658,758,841,821,1231,1243,925,504,863,1442,578,687,824,764,1063,838,831,1154,744,1333,550,565,1572,1115,492,1701,519,899,290,1154,1208,1223,788,1216,580,699,852,1142,558,932,1462,1045,524,830,1272,870,1317,1075,965,1205,891,983,728
"Gene1446",2,3,3,1,4,4,1,0,1,1,5,2,2,2,9,3,6,0,4,1,1,0,3,2,0,0,2,3,1,3,2,3,0,3,1,5,6,4,1,2,4,4,2,5,1,5,2,6,5,4,0,4,0,2,3,4,1,4,1,1,4,2,3,2,2,4,4,1,2,1,2,0
"Gene1447",54,42,87,73,74,54,21,56,33,95,77,23,39,51,64,63,83,66,83,64,22,118,87,58,39,37,24,64,43,45,28,60,44,46,30,92,42,49,43,41,60,59,67,61,38,60,77,38,10,7,9,8,5,9,12,19,48,41,70,40,50,45,64,66,265,202,188,233,176,209,233,209
"Gene1448",47,46,47,78,40,49,95,42,51,98,60,54,73,70,76,37,82,39,27,62,47,56,51,94,100,19,45,85,35,36,71,52,50,42,83,57,51,49,69,68,100,41,96,72,89,80,61,77,57,75,59,62,104,94,86,33,86,91,49,43,57,37,47,49,56,80,60,93,55,85,43,44
"Gene1449",29,59,42,44,56,64,55,40,51,56,42,39,34,39,47,76,35,62,41,72,69,56,51,49,31,45,41,51,36,50,45,66,56,53,49,22,59,71,62,31,65,70,55,72,29,34,39,86,42,28,56,38,84,32,36,25,38,45,61,48,37,24,76,64,25,47,39,68,61,40,35,63
"Gene1450",209,104,79,78,157,190,147,169,187,163,200,265,153,138,122,111,175,123,79,56,162,153,85,129,94,233,123,160,80,239,108,189,112,73,160,148,171,111,269,214,154,128,185,157,270,86,123,158,181,120,68,133,190,130,119,131,57,100,167,242,169,79,94,56,194,163,147,110,109,60,158,89
"Gene1451",66,42,105,48,27,46,45,70,98,57,89,50,67,65,64,50,43,82,61,54,104,69,52,37,99,54,42,53,60,41,69,31,40,54,36,35,61,50,52,79,54,93,79,52,50,58,32,60,57,60,57,78,99,44,22,60,46,62,110,53,58,94,54,32,97,66,87,58,65,19,53,64
"Gene1452",17,13,15,29,10,19,12,27,23,23,28,30,24,30,18,20,19,37,16,22,10,28,8,20,26,29,58,26,35,23,27,20,12,14,21,7,11,15,15,27,11,21,10,23,25,23,11,16,35,43,23,21,15,30,27,20,15,22,14,13,16,29,20,15,20,32,20,18,21,18,33,12
"Gene1453",239,178,243,407,224,178,298,323,266,356,327,522,315,193,356,276,386,169,344,141,295,319,240,299,233,274,2351,2186,2226,1964,2688,1965,344,201,304,404,240,289,235,379,280,485,260,196,458,183,258,260,334,201,135,349,449,365,180,277,318,263,350,638,288,270,383,795,344,449,240,250,252,326,205,171
"Gene1454",54,35,49,39,43,54,46,52,32,28,35,47,40,39,67,14,64,23,50,23,51,22,45,41,32,27,27,27,62,36,62,38,73,98,52,32,33,33,39,35,55,44,49,17,29,58,17,83,39,13,30,50,63,27,42,58,65,39,44,38,18,37,22,21,28,70,51,51,30,25,49,38
"Gene1455",146,156,157,35,188,184,98,92,88,71,174,117,120,45,120,110,69,175,130,93,91,101,104,77,154,113,158,95,104,110,82,56,124,45,77,114,164,120,105,78,117,131,135,145,111,161,104,102,62,152,85,103,88,98,198,112,86,198,100,112,108,72,81,140,74,87,169,120,65,114,135,179
"Gene1456",27,26,34,25,25,36,14,21,30,23,9,19,32,31,36,13,37,10,9,22,20,26,38,18,22,7,32,22,24,24,37,26,16,12,38,18,14,14,35,28,10,18,12,25,17,32,19,42,28,27,21,47,23,17,31,14,29,15,8,33,41,37,16,29,28,9,12,29,30,29,21,20
"Gene1457",6,14,8,10,14,9,17,7,19,7,5,10,17,10,10,19,12,8,13,3,15,20,14,13,15,17,19,12,7,12,9,7,19,10,8,20,19,20,26,15,39,25,21,16,17,2,14,18,10,9,15,17,16,2,7,9,17,14,12,16,15,17,19,15,10,20,15,13,26,1,9,22
"Gene1458",29,20,37,21,48,44,23,31,23,29,30,33,17,24,27,11,30,51,25,31,46,31,32,29,23,23,20,30,26,7,12,14,27,30,31,35,48,49,22,57,36,12,68,25,29,27,27,14,37,22,25,25,45,33,26,34,19,29,10,43,24,17,26,28,32,12,34,34,31,13,12,32
"Gene1459",19,24,14,7,9,17,19,13,6,7,25,14,19,19,18,14,14,17,9,12,13,3,10,11,24,10,16,29,10,12,10,31,14,25,4,20,14,16,9,32,11,33,16,15,13,15,19,18,6,16,21,14,21,15,9,8,14,11,7,13,26,7,10,26,14,8,13,6,15,13,20,19
"Gene1460",117,51,221,57,109,89,86,103,63,47,149,93,98,117,84,118,73,131,114,53,67,103,177,101,78,70,75,68,108,45,85,83,84,95,163,107,53,93,116,115,134,127,66,115,82,82,83,63,62,208,141,93,197,75,90,184,85,97,161,80,200,86,70,79,169,128,161,140,48,48,196,122
"Gene1461",6,4,8,20,2,10,9,8,11,10,5,18,5,17,6,1,8,7,6,8,8,13,5,7,2,7,8,12,10,2,5,5,7,6,6,8,5,8,7,5,9,17,1,11,9,4,7,2,4,6,9,8,6,11,5,12,10,6,8,10,7,5,3,9,5,6,3,9,13,8,9,12
"Gene1462",24,13,11,20,8,18,8,12,11,8,5,14,10,22,30,8,12,15,13,14,22,18,12,23,7,13,12,32,16,40,26,14,22,12,17,29,6,17,7,17,17,21,10,8,7,14,19,11,30,18,11,12,4,14,12,17,10,11,19,24,16,28,15,9,10,10,20,18,14,9,19,9
"Gene1463",96,66,55,47,40,39,43,23,44,48,56,20,46,57,48,67,67,78,47,37,93,36,16,37,66,49,29,71,60,67,53,80,48,96,59,63,77,52,29,37,71,18,79,31,67,72,44,61,60,31,61,39,60,46,60,40,35,51,142,20,62,23,70,46,58,64,31,39,69,106,60,26
"Gene1464",2,7,6,9,5,14,7,14,9,3,7,3,11,12,10,10,9,10,6,6,7,7,12,5,14,7,6,7,7,4,9,8,8,5,13,13,15,5,10,21,10,5,5,13,12,1,8,6,6,12,10,11,9,6,10,3,9,8,6,9,11,9,4,6,5,13,8,5,5,5,8,5
"Gene1465",36,29,54,22,41,13,15,18,18,29,9,44,33,30,39,33,36,28,37,49,52,9,17,33,31,11,19,17,14,42,33,37,23,22,28,43,25,22,28,11,22,35,18,44,27,15,15,26,29,21,24,35,29,45,30,24,17,24,13,37,25,22,46,22,26,64,16,35,21,40,55,30
"Gene1466",35,52,36,24,55,51,35,37,44,26,37,41,82,30,22,39,32,29,24,24,56,54,50,20,28,32,46,42,20,27,21,24,45,52,23,25,53,29,41,49,53,36,31,43,36,30,55,24,4,8,9,3,5,3,8,9,15,50,43,38,71,49,44,38,35,33,43,36,30,53,50,23
"Gene1467",264,205,73,150,200,390,209,174,285,402,140,282,219,472,269,354,209,302,262,380,231,293,188,231,214,263,351,353,283,328,153,200,131,366,311,387,128,151,179,317,354,158,148,278,252,367,378,127,419,268,369,241,248,287,232,216,197,264,353,300,242,273,185,355,360,207,314,134,146,296,225,325
"Gene1468",20,26,24,31,47,32,46,48,42,37,98,24,42,46,29,43,42,44,73,81,50,76,35,39,58,47,37,41,49,65,59,22,49,64,27,44,54,34,19,55,28,39,16,49,20,44,31,33,49,25,57,53,45,66,56,24,24,45,52,38,33,57,45,26,37,27,26,42,52,57,56,30
"Gene1469",35,42,24,21,51,42,23,37,15,20,17,13,36,20,14,23,21,45,30,19,26,25,43,24,70,11,45,47,26,24,39,11,33,25,20,51,36,20,14,55,5,23,34,28,39,23,36,23,28,35,15,23,23,13,28,30,21,24,31,48,35,17,40,34,12,12,17,23,16,45,16,26
"Gene1470",35,21,22,21,30,26,34,23,22,32,14,29,14,25,17,26,7,23,20,29,12,29,37,30,25,12,13,22,14,17,29,31,12,29,11,13,4,9,29,29,18,25,35,30,27,20,15,23,17,55,24,18,20,8,29,32,23,18,11,23,19,26,19,19,34,50,25,35,17,12,16,24
"Gene1471",92,97,184,35,106,67,102,154,38,100,143,86,112,78,113,132,46,75,111,89,107,86,88,104,113,68,43,55,70,110,104,39,153,77,101,99,71,118,89,68,113,95,70,68,84,129,117,132,140,165,58,70,132,90,85,162,105,111,96,127,106,73,93,80,326,317,331,422,323,322,245,428
"Gene1472",31,11,42,53,56,34,24,39,20,46,30,64,20,41,44,23,44,30,88,22,26,31,61,48,10,30,36,21,40,44,62,49,13,32,31,51,23,32,23,85,63,49,34,34,36,51,29,20,33,34,18,36,41,28,35,15,37,60,27,42,55,54,47,49,80,14,37,13,29,16,33,34
"Gene1473",21,36,18,47,35,30,28,29,28,23,30,29,24,11,16,13,10,32,26,40,39,21,23,46,38,39,34,12,13,30,14,12,15,28,35,29,15,38,27,24,22,32,16,20,23,26,15,29,47,25,52,50,24,21,28,16,25,11,65,52,39,51,19,18,37,48,19,24,42,22,22,36
"Gene1474",73,29,27,35,47,40,25,46,33,49,53,24,25,56,31,42,30,39,17,31,15,27,23,23,20,28,22,25,44,24,27,23,32,49,17,33,20,44,24,62,26,47,17,28,33,74,36,30,43,29,38,25,61,32,27,33,33,29,29,22,16,25,34,18,12,17,59,62,54,73,35,32
"Gene1475",139,120,167,176,244,238,243,90,101,195,197,218,196,179,177,178,142,220,169,312,241,146,249,194,152,308,151,175,201,150,157,309,214,290,220,257,150,95,255,220,151,217,173,146,243,99,171,237,354,63,156,218,121,149,240,275,167,185,303,185,398,278,167,178,237,67,134,169,237,161,122,219
"Gene1476",383,382,239,198,298,330,318,289,436,315,944,502,379,346,213,599,419,254,392,466,89,223,351,183,427,454,369,275,146,213,265,276,438,504,336,374,373,260,407,373,425,390,240,120,305,482,324,317,251,200,241,255,363,151,236,360,304,496,332,309,359,295,383,467,62,47,69,36,61,56,28,54
"Gene1477",18,29,16,28,25,14,21,32,20,29,18,24,25,9,20,18,6,14,16,7,20,27,21,23,50,32,33,34,8,14,18,31,42,32,30,41,19,20,29,22,20,17,29,16,28,22,37,23,13,50,54,28,15,25,55,21,32,38,28,32,17,31,27,23,5,1,2,3,1,0,2,0
"Gene1478",52,44,33,87,39,52,52,56,34,55,45,73,29,36,57,82,56,70,35,109,94,83,85,54,42,45,96,46,54,43,49,33,29,80,58,56,60,101,81,69,83,41,32,46,53,92,67,66,36,27,31,61,59,74,41,76,48,81,49,29,34,68,30,52,28,22,43,37,49,50,34,60
"Gene1479",32,15,42,32,68,47,38,39,57,27,50,34,22,52,41,30,36,48,86,35,24,41,28,27,44,38,56,39,26,36,37,29,25,25,38,27,25,44,52,38,31,25,37,58,36,40,12,19,30,41,28,9,26,25,67,38,37,47,31,30,50,28,61,64,47,28,51,43,29,30,22,11
"Gene1480",451,548,327,489,623,478,499,670,573,687,566,330,434,424,786,489,437,692,778,457,622,521,862,348,509,342,500,761,605,195,549,270,325,1369,322,519,474,563,347,276,502,847,443,598,424,584,324,455,440,292,840,266,473,598,459,553,817,427,804,378,412,496,420,639,641,487,155,615,427,291,123,489
"Gene1481",98,145,186,190,206,130,146,84,138,173,88,77,96,108,95,69,132,124,116,163,92,99,225,89,68,100,158,134,195,104,44,109,90,63,137,130,56,73,92,72,44,65,75,193,159,93,121,169,79,134,129,114,155,118,205,139,114,101,71,122,102,171,124,116,127,80,84,60,106,79,86,53
"Gene1482",11,7,11,5,3,9,9,6,7,10,14,9,3,5,8,7,7,3,11,6,5,3,3,5,0,8,11,6,7,9,5,3,4,9,8,6,4,4,2,4,4,5,5,7,4,9,4,8,8,13,17,5,6,6,5,1,8,5,4,2,5,5,4,2,2,4,7,8,9,3,6,9
"Gene1483",26,35,34,19,33,32,9,38,53,27,22,29,37,39,15,29,23,11,20,10,44,17,21,32,26,37,27,47,46,19,34,37,28,48,18,32,47,20,19,14,31,27,61,42,34,48,30,45,21,51,25,24,41,25,20,24,28,18,59,48,33,28,22,30,42,40,27,20,23,44,44,34
"Gene1484",4,2,4,1,3,3,1,0,6,3,2,3,5,1,6,6,11,3,5,6,1,2,2,0,3,6,3,3,3,6,1,4,0,9,6,4,4,2,5,5,1,3,9,4,3,6,4,3,1,3,8,3,2,5,4,5,2,6,3,7,2,2,0,4,3,2,2,3,7,3,3,4
"Gene1485",48,49,33,55,24,69,72,104,26,43,44,74,83,56,43,81,48,64,28,38,72,34,34,44,38,42,60,52,12,23,65,40,42,78,73,52,22,75,59,33,43,31,50,18,43,50,45,43,28,35,42,49,46,63,34,30,45,46,43,47,54,68,40,54,3,7,3,8,6,8,12,2
"Gene1486",173,59,101,71,139,196,209,148,115,108,301,104,91,185,118,80,120,120,65,66,82,132,192,116,176,168,101,119,125,119,218,159,101,93,152,93,241,184,91,173,121,116,119,177,98,75,127,77,135,75,65,105,171,94,125,104,149,118,35,188,92,105,234,128,105,86,78,155,132,141,146,103
"Gene1487",20,5,12,36,9,11,13,25,14,9,6,15,18,31,18,10,21,29,29,14,21,11,19,11,12,29,15,18,17,33,17,24,8,27,33,31,29,13,14,27,18,32,22,17,23,13,26,6,22,31,17,14,15,12,12,17,24,9,10,16,19,19,21,21,29,19,9,13,23,12,19,20
"Gene1488",8,5,8,10,8,8,6,5,11,3,13,8,14,6,5,10,12,14,9,10,17,12,12,14,7,9,16,9,20,9,13,7,14,17,5,8,3,16,9,18,13,4,16,13,14,5,10,15,10,14,11,14,18,11,16,6,18,14,7,27,9,6,8,10,18,19,12,13,12,10,4,16
"Gene1489",176,238,191,389,304,204,169,199,252,413,324,264,251,93,325,233,252,312,218,291,226,345,263,386,420,249,527,140,181,211,264,108,303,457,244,337,300,498,248,96,315,247,214,217,200,234,228,415,263,374,288,228,417,145,166,202,219,258,281,218,161,302,161,112,258,212,398,320,238,380,163,263
"Gene1490",9,14,13,27,19,19,7,25,16,37,20,10,14,10,11,16,19,19,17,8,32,11,8,18,11,20,6,20,13,9,13,25,9,13,33,22,15,25,6,19,19,28,19,28,20,18,22,16,79,47,61,56,75,67,79,54,15,11,22,14,15,10,32,25,22,13,20,15,30,31,12,18
"Gene1491",47,174,131,189,205,119,175,100,119,105,142,164,211,116,139,155,70,230,234,87,100,142,198,176,244,285,144,172,248,197,193,102,147,145,132,201,71,108,53,169,170,172,183,87,254,157,115,88,237,293,212,87,112,31,122,219,170,91,132,204,134,135,232,90,177,160,150,187,254,216,307,163
"Gene1492",80,52,96,95,46,68,84,112,79,85,89,107,46,58,109,72,115,114,51,56,44,23,164,76,38,24,97,70,89,52,65,69,55,57,43,61,51,52,78,49,82,85,117,108,75,55,48,74,45,68,55,64,87,60,46,61,79,119,85,71,65,68,53,23,71,85,92,68,65,62,87,83
"Gene1493",154,211,233,132,170,92,170,158,246,92,98,182,70,134,125,189,202,241,72,143,152,174,231,161,222,138,183,101,209,112,143,319,177,134,152,92,145,100,93,135,188,246,62,291,166,107,81,87,132,190,172,228,254,139,113,86,91,133,162,206,280,89,151,194,192,121,174,187,92,120,231,157
"Gene1494",250,58,242,186,382,64,125,158,64,152,157,214,259,155,163,179,250,149,142,265,203,188,151,134,223,144,136,143,163,193,220,122,106,203,157,204,106,132,139,185,175,329,219,195,89,160,209,311,142,170,118,225,143,182,320,170,225,210,165,203,157,170,199,196,821,791,859,611,607,637,705,680
"Gene1495",87,215,151,177,214,207,201,151,242,404,174,219,323,206,135,184,102,183,142,280,196,120,375,215,169,198,365,242,179,72,148,229,274,162,163,125,223,98,329,255,129,124,232,355,144,185,228,127,262,166,221,366,265,104,229,257,60,168,201,309,129,128,240,152,203,147,208,199,251,140,352,273
"Gene1496",171,161,219,139,222,117,342,230,387,314,221,324,236,189,95,204,162,81,256,138,448,368,140,448,213,507,336,164,129,157,191,148,128,111,317,255,179,299,163,176,141,348,250,140,196,243,370,152,239,204,87,261,207,200,510,222,148,350,245,206,297,404,215,296,369,301,254,281,352,213,285,302
"Gene1497",64,86,119,68,88,68,83,87,38,88,77,77,24,75,58,72,64,125,72,60,59,75,66,72,112,41,97,70,166,93,45,41,97,79,93,61,136,69,69,112,73,73,59,95,43,61,53,80,52,144,117,20,48,47,129,86,91,44,36,78,98,100,65,151,99,24,96,62,87,115,72,68
"Gene1498",93,31,85,53,89,108,41,71,41,76,132,111,58,43,39,70,94,43,49,64,52,87,70,82,54,91,31,94,58,51,21,59,90,32,31,27,36,52,28,59,82,98,43,87,57,69,34,63,61,74,42,68,70,89,74,61,106,42,92,47,62,48,50,51,49,63,40,70,14,108,55,26
"Gene1499",16,7,10,18,6,25,32,11,27,25,43,19,12,11,25,21,13,15,6,41,11,19,16,13,25,39,9,28,29,20,33,28,18,15,20,22,10,37,16,8,23,19,2,18,24,13,22,12,9,17,8,16,25,30,22,18,10,34,22,18,18,19,16,31,31,18,23,20,14,16,12,19
"Gene1500",14,12,18,11,8,7,13,8,10,7,12,7,17,6,2,6,5,7,13,7,5,8,9,11,10,20,8,11,16,6,6,5,36,8,12,9,14,15,6,21,18,7,8,6,7,9,10,14,16,13,16,8,10,18,15,15,11,13,18,9,9,6,13,10,21,8,14,8,14,5,6,11
"Gene1501",29,21,13,6,12,24,25,23,32,9,27,27,16,19,15,16,42,33,19,26,25,16,37,40,33,44,38,24,23,10,42,41,20,63,20,45,28,31,8,35,33,29,12,14,42,29,27,35,32,27,18,27,18,36,23,33,14,16,24,47,25,33,16,32,55,50,26,9,36,12,29,31
"Gene1502",31,37,34,51,58,44,42,56,44,32,53,78,43,10,85,73,52,38,37,51,54,23,32,30,55,52,24,70,53,74,27,24,50,55,33,31,44,76,35,28,39,51,46,59,51,47,31,31,16,17,12,10,10,1,4,14,51,39,47,45,71,68,39,70,27,27,49,16,89,64,28,48
"Gene1503",23,21,5,18,16,20,17,18,22,10,29,28,15,14,14,16,13,14,3,13,18,7,26,20,4,11,19,36,16,30,19,25,18,11,20,12,27,8,17,16,15,12,20,23,4,21,8,13,19,25,22,25,10,16,8,24,8,17,13,6,13,20,27,9,12,22,14,29,11,16,21,9
"Gene1504",67,107,188,195,228,167,168,70,113,130,128,188,151,183,88,168,123,338,161,116,109,123,157,104,164,176,257,178,186,121,193,197,159,89,159,171,133,138,89,204,224,188,134,122,172,188,255,115,144,135,118,128,200,166,101,131,132,76,122,91,149,184,184,137,111,299,151,147,184,243,259,87
"Gene1505",24,35,53,13,24,13,9,19,23,26,3,25,33,19,29,27,11,20,12,24,11,5,30,29,18,18,17,28,11,23,20,21,13,16,30,5,14,26,18,16,21,18,21,19,10,21,8,20,17,39,53,39,13,13,12,12,21,27,28,22,24,22,6,10,24,23,31,21,10,28,16,24
"Gene1506",64,36,55,63,102,105,67,58,60,188,59,74,113,75,53,71,123,76,99,54,77,85,123,66,69,56,47,94,48,88,94,77,65,54,62,124,59,134,111,110,75,37,49,93,86,116,73,46,59,46,52,86,56,82,57,99,38,90,63,86,47,90,162,56,113,74,100,99,50,110,74,69
"Gene1507",134,229,244,83,220,143,167,203,157,101,194,111,181,134,195,145,94,190,190,237,101,107,220,75,277,185,172,262,290,223,131,145,270,141,164,176,115,145,230,225,200,145,190,242,108,109,163,87,80,126,100,142,142,114,138,249,154,152,187,116,168,175,152,106,137,156,133,151,100,166,226,117
"Gene1508",19,7,14,25,5,10,7,6,2,14,10,8,21,13,13,13,17,11,6,5,11,9,8,16,22,12,9,17,19,9,10,9,30,12,6,10,20,21,8,6,6,11,6,5,20,15,6,15,16,25,11,5,22,19,19,11,19,7,20,23,11,22,14,17,14,12,17,14,6,34,5,6
"Gene1509",251,212,186,363,231,112,191,178,249,204,158,274,210,196,142,87,249,337,262,154,280,203,237,108,109,159,265,179,212,410,140,185,164,291,150,85,198,204,211,204,135,196,117,134,215,220,197,231,104,134,257,117,226,298,261,111,282,155,205,202,114,181,184,106,248,245,165,184,91,105,150,174
"Gene1510",2,4,6,4,6,1,8,2,5,3,5,3,6,5,3,1,5,6,3,4,4,3,4,4,6,3,12,4,3,5,4,4,4,4,4,2,5,4,6,1,4,2,7,7,6,5,6,9,8,1,1,1,5,2,2,6,4,0,9,3,5,5,11,4,4,2,3,2,4,1,6,3
"Gene1511",124,72,54,45,123,62,62,76,57,154,64,87,63,69,132,70,38,130,20,108,118,76,79,84,102,72,46,99,105,54,69,59,105,83,61,90,87,67,93,120,94,73,63,84,28,47,69,84,60,85,50,57,106,69,63,77,67,52,79,61,76,106,78,70,67,61,54,58,82,66,54,43
"Gene1512",305,211,316,334,295,363,546,173,119,286,248,192,376,472,319,397,342,412,523,490,246,184,293,266,252,118,347,577,510,342,353,502,225,281,248,251,179,271,313,187,226,451,287,221,360,202,242,228,220,348,279,299,605,470,305,395,288,285,364,313,249,311,432,340,44,51,38,46,48,34,46,61
"Gene1513",97,199,88,191,104,83,39,115,96,152,232,96,108,115,65,95,83,124,95,75,116,92,205,64,75,137,90,67,100,132,65,143,110,118,265,58,44,51,75,104,152,98,76,95,70,108,181,65,102,126,169,73,116,151,161,106,113,38,55,101,75,86,115,106,138,93,152,81,189,110,83,109
"Gene1514",201,134,153,165,149,199,180,158,162,251,191,158,110,108,98,300,114,162,298,126,76,254,118,154,162,125,255,185,224,179,196,193,133,115,172,184,200,146,165,269,139,182,156,156,123,137,242,82,141,170,140,140,87,186,141,155,257,151,171,145,242,150,172,177,133,201,157,190,131,208,147,227
"Gene1515",37,32,33,45,20,25,25,5,18,39,26,31,32,15,53,22,16,25,42,21,35,24,31,50,20,14,21,23,14,22,20,29,18,18,20,21,15,27,27,23,15,20,18,28,29,24,35,28,21,47,57,19,14,46,20,19,44,26,28,32,14,41,33,39,14,21,38,18,36,27,53,27
"Gene1516",56,101,58,77,53,50,79,89,52,95,66,116,144,55,38,68,77,96,113,68,78,98,29,60,53,39,64,41,64,60,81,81,133,61,62,76,51,125,87,94,65,60,59,117,69,109,90,34,71,88,129,92,77,61,39,29,67,93,70,73,78,106,77,60,135,92,74,62,77,63,54,49
"Gene1517",184,309,161,118,113,252,201,222,242,276,299,142,253,117,238,205,210,131,375,205,194,205,171,209,232,202,195,124,76,312,136,240,148,171,95,226,197,204,202,95,226,94,323,150,129,252,184,135,152,137,113,295,161,205,218,314,161,123,172,241,358,129,200,158,254,312,166,111,183,255,203,303
"Gene1518",9,6,9,17,16,14,18,8,5,13,2,15,4,9,17,10,23,8,7,7,10,15,12,10,10,24,3,8,7,14,1,9,7,9,13,4,8,5,7,20,15,8,14,16,12,7,12,23,11,8,8,16,6,5,10,22,10,24,6,3,8,12,5,13,12,11,12,7,12,10,10,5
"Gene1519",93,149,193,115,94,111,115,112,143,293,122,128,190,170,178,139,104,155,177,179,145,218,138,181,55,151,136,272,218,125,300,180,158,111,106,205,252,168,223,211,101,205,195,229,175,40,184,165,115,207,71,80,148,236,221,152,201,165,258,227,135,302,188,223,254,173,204,163,152,154,250,148
"Gene1520",5,5,18,11,5,19,5,17,5,8,6,6,16,10,5,14,8,19,11,7,10,13,6,10,23,5,11,14,5,2,8,10,14,10,9,10,13,10,13,4,17,5,9,12,15,18,13,10,22,8,8,24,11,8,17,4,9,8,7,8,8,20,10,13,1,2,1,3,3,3,2,5
"Gene1521",32,51,48,9,35,40,25,60,19,40,31,21,31,34,30,13,20,9,39,39,30,62,28,40,31,20,24,30,16,19,36,28,24,36,20,27,27,31,24,39,31,39,14,34,24,25,20,47,29,38,45,34,34,23,31,21,51,31,12,24,19,43,24,10,38,17,19,36,47,32,42,49
"Gene1522",1379,1699,1502,1110,1617,1103,791,1427,870,448,1124,1325,1529,1345,903,744,439,1083,1016,1068,1350,647,1400,1125,1346,1041,937,1316,1450,800,548,848,988,1245,1481,1153,1927,903,799,1063,2906,625,980,1417,900,1116,757,1038,628,1311,1703,530,1424,1095,1568,670,846,1524,851,1598,2072,1327,591,770,1471,672,1928,1741,1787,1625,1271,1339
"Gene1523",84,167,95,64,92,77,123,112,184,166,79,109,122,81,222,127,35,130,98,67,202,117,166,77,89,175,101,195,89,125,51,179,128,71,106,129,123,135,85,119,83,115,61,87,72,100,54,95,103,60,65,85,129,75,121,136,130,95,47,58,148,161,158,80,130,78,43,78,66,191,85,59
"Gene1524",57,21,28,24,60,47,55,39,49,32,36,94,51,56,11,118,53,21,58,29,46,50,89,47,50,76,41,63,94,27,36,65,54,79,26,55,52,24,32,43,75,42,72,54,46,32,12,95,20,31,67,57,88,37,29,43,53,10,56,33,78,22,19,30,35,18,40,54,32,73,54,51
"Gene1525",155,134,165,486,293,129,113,146,105,69,443,64,141,123,61,145,164,259,217,190,188,70,60,251,201,255,196,364,187,172,118,199,290,278,264,99,158,131,194,87,104,146,116,202,225,256,212,283,145,93,183,153,159,241,245,202,188,158,313,189,148,129,64,185,175,183,198,207,104,198,207,70
"Gene1526",34,28,39,32,19,31,46,41,26,32,32,53,31,59,20,37,39,24,64,43,17,34,23,24,23,42,47,16,48,40,53,43,74,53,35,47,55,41,104,13,34,20,55,37,12,40,24,37,32,24,30,34,72,68,48,52,38,36,15,51,27,55,40,23,50,9,43,40,47,49,21,61
"Gene1527",77,75,167,122,99,172,77,194,67,146,155,119,159,80,171,85,90,88,129,75,84,96,83,121,125,208,157,154,37,122,103,145,96,136,119,188,90,126,126,122,44,78,85,118,61,178,156,132,123,55,70,91,107,107,62,71,83,71,116,55,115,229,241,95,171,107,87,122,106,88,80,58
"Gene1528",21,36,49,53,20,32,39,38,17,26,35,26,46,48,29,15,26,55,23,47,33,30,35,50,25,25,41,38,15,56,60,24,44,40,43,45,43,35,33,43,54,32,37,45,33,25,52,42,33,42,30,27,35,38,40,35,37,67,34,18,49,27,20,31,29,25,61,70,38,45,44,32
"Gene1529",3,3,2,3,0,3,3,1,4,3,4,2,2,2,3,4,2,3,4,4,1,7,3,3,5,5,8,3,5,3,2,1,0,2,3,3,2,3,5,4,5,4,2,4,4,0,3,3,2,3,6,2,2,6,2,1,6,2,4,3,4,2,4,2,0,2,3,0,1,2,5,1
"Gene1530",91,142,121,22,54,132,132,111,120,28,59,132,40,117,96,122,139,83,129,70,115,70,80,126,75,113,68,95,90,75,110,86,75,82,24,132,101,93,82,68,121,117,41,86,164,71,32,104,55,47,82,86,66,83,90,75,157,71,178,116,65,101,187,44,81,116,56,114,86,83,72,105
"Gene1531",43,48,31,13,22,38,25,21,39,40,53,23,27,31,18,46,32,63,37,32,43,11,21,46,27,28,12,32,35,48,29,16,38,28,26,60,17,17,24,21,28,8,36,14,26,24,19,36,31,27,19,24,15,26,31,63,27,31,27,30,28,46,16,29,29,20,26,21,50,20,28,26
"Gene1532",22,47,39,23,20,39,17,31,48,15,55,26,14,28,21,29,44,30,22,29,17,19,13,27,42,48,13,45,15,29,11,35,24,13,13,35,18,29,26,46,45,11,11,21,20,28,19,38,20,19,16,17,24,40,27,37,36,19,22,37,30,33,23,21,28,28,34,19,12,22,20,35
"Gene1533",37,52,55,40,80,70,58,30,28,45,32,39,50,50,31,77,32,29,62,33,41,55,43,21,55,30,59,63,50,54,70,41,60,60,37,84,35,40,28,69,48,62,53,46,83,38,47,46,7,8,11,7,7,12,7,8,51,33,32,84,53,45,80,59,112,55,96,69,46,51,45,70
"Gene1534",320,250,312,173,150,265,159,359,181,276,118,136,168,236,421,172,220,228,196,262,406,326,200,317,110,226,279,192,250,378,561,348,290,215,196,350,188,162,171,316,279,317,425,229,158,227,198,190,268,195,196,125,293,208,254,443,167,258,462,376,404,202,191,228,142,233,205,239,371,317,205,243
"Gene1535",79,83,84,33,113,65,43,46,54,71,63,110,84,139,59,94,59,147,61,101,142,100,76,77,66,62,25,68,24,42,92,94,148,119,88,102,36,72,97,53,69,64,68,66,111,104,54,55,84,93,62,139,79,65,85,105,98,81,101,141,70,131,113,66,108,90,71,78,106,32,120,61
"Gene1536",162,115,294,119,169,205,152,202,93,152,169,195,90,180,147,120,166,88,107,151,198,177,192,143,105,59,182,168,143,175,246,131,177,158,191,209,226,129,223,127,66,220,165,205,126,117,80,193,99,190,50,88,166,118,68,115,118,161,87,144,133,171,135,159,116,82,83,73,61,65,232,188
"Gene1537",93,99,95,95,83,112,105,155,75,170,113,89,154,113,24,133,120,182,69,151,180,111,78,117,100,69,60,156,75,126,79,70,155,97,205,74,33,153,160,156,166,64,105,74,78,219,160,130,208,126,98,109,79,105,106,160,93,222,86,185,114,89,99,77,46,152,121,49,67,108,94,183
"Gene1538",69,82,113,66,54,47,50,81,39,179,54,53,41,65,95,77,105,70,30,106,89,85,89,56,58,96,29,68,44,17,78,107,61,35,40,42,37,47,64,46,100,79,66,66,49,84,56,63,197,188,160,230,228,228,194,146,52,57,76,78,62,61,60,58,303,258,431,302,354,337,347,321
"Gene1539",148,102,110,81,118,111,103,177,119,72,71,98,225,50,171,116,69,107,73,65,134,151,106,159,93,117,112,97,129,85,175,91,104,141,111,120,115,89,90,100,93,143,170,91,99,119,163,107,116,142,202,96,225,58,121,108,229,106,49,157,120,179,79,76,181,154,115,82,182,91,92,229
"Gene1540",69,62,32,41,61,31,36,32,57,73,61,8,66,54,46,70,59,38,57,82,35,46,49,48,33,64,29,25,60,43,67,49,78,69,45,31,34,23,23,48,78,39,33,27,35,25,23,56,42,42,54,40,92,8,19,57,42,95,6,40,23,62,36,23,47,45,37,69,54,71,73,29
"Gene1541",11,5,18,16,8,31,10,13,10,22,7,27,11,11,13,12,11,7,12,11,7,13,25,14,6,18,8,21,15,6,13,11,22,22,15,11,9,9,9,17,11,5,8,5,16,13,6,15,14,8,13,7,3,16,13,7,10,7,14,14,5,8,4,9,8,13,14,16,13,6,6,23
"Gene1542",64,56,130,62,112,80,56,42,64,48,123,142,55,97,108,73,62,71,158,48,30,110,90,46,56,134,42,66,93,45,64,75,118,127,101,95,72,50,47,99,21,64,58,131,238,65,43,56,100,64,125,79,43,43,78,38,76,72,83,43,31,40,104,178,32,81,45,64,86,79,109,105
"Gene1543",2,1,7,3,6,4,1,4,2,6,5,4,1,2,2,2,3,4,0,6,1,3,4,0,4,1,4,2,0,3,5,4,6,1,0,1,2,3,1,2,1,7,4,4,1,2,1,10,8,2,1,3,0,3,1,4,4,5,2,4,3,1,0,5,1,2,1,5,6,2,3,2
"Gene1544",2,33,19,18,16,17,14,6,10,23,13,8,10,21,13,17,14,10,17,17,22,8,13,30,11,11,18,17,19,16,13,17,33,9,17,9,10,24,27,11,9,17,19,19,7,14,16,14,12,43,17,25,13,15,35,14,17,10,25,17,12,10,10,27,20,11,21,15,22,14,5,13
"Gene1545",46,70,78,25,61,16,32,41,27,19,57,54,36,53,28,68,24,36,60,74,60,48,74,35,38,66,34,57,22,29,49,68,36,94,33,56,46,27,56,35,31,41,84,50,43,47,58,35,37,48,80,35,50,50,54,39,59,23,41,40,53,79,27,78,49,44,25,40,53,55,78,43
"Gene1546",23,44,51,32,46,26,47,48,18,33,27,25,76,21,40,37,35,81,46,34,79,45,56,21,58,39,43,42,67,45,41,38,37,72,48,47,26,58,35,23,20,49,68,16,37,34,26,47,26,24,67,29,66,42,32,54,46,40,83,27,27,67,53,42,77,52,49,34,62,40,63,49
"Gene1547",21,48,29,41,26,28,29,32,48,26,29,62,40,24,36,49,47,29,18,28,43,39,35,26,64,35,34,27,28,30,29,42,51,27,40,10,24,54,20,19,11,7,23,38,41,38,21,16,22,21,54,48,30,32,39,31,33,39,33,32,24,30,37,27,122,213,144,138,146,202,168,153
"Gene1548",72,152,241,288,219,153,205,174,155,178,139,146,166,246,129,206,211,90,167,196,285,343,248,167,178,149,296,216,126,97,210,174,135,208,187,178,154,98,163,272,225,192,118,144,162,147,199,178,169,93,194,148,150,195,164,204,110,119,110,182,258,243,131,240,162,185,123,82,161,135,154,155
"Gene1549",9,40,19,12,3,16,13,18,2,5,18,21,8,9,18,16,14,26,29,20,9,16,6,15,10,10,8,15,9,13,9,17,18,10,18,10,22,6,17,14,13,1,11,7,15,22,20,13,26,26,20,18,13,17,12,14,7,11,18,14,14,12,20,22,3,19,24,29,6,19,8,17
"Gene1550",0,4,6,2,2,2,1,1,4,3,2,1,2,2,0,4,2,5,3,2,2,3,2,0,0,3,6,1,0,5,3,2,2,0,0,0,1,4,4,2,0,3,7,5,2,1,2,0,5,1,2,0,3,0,2,3,1,2,3,2,1,1,5,1,7,4,2,3,5,6,6,2
"Gene1551",96,88,172,97,71,267,163,162,164,116,107,95,120,113,90,142,89,133,114,217,100,126,153,136,123,94,103,143,169,126,94,114,133,102,121,52,191,148,142,381,88,185,117,124,59,138,177,175,191,154,69,196,53,133,115,168,155,175,158,92,105,155,98,96,141,122,104,155,184,104,206,102
"Gene1552",31,50,45,41,40,44,57,14,50,66,51,39,24,33,70,47,23,54,42,46,31,36,51,20,86,44,73,88,79,59,33,30,40,93,21,30,73,37,68,91,39,52,46,46,32,35,49,48,29,86,61,51,61,50,48,66,51,107,32,53,40,60,38,58,29,60,66,73,59,39,27,74
"Gene1553",37,79,65,40,60,96,61,65,49,51,24,90,48,39,20,36,39,16,76,81,52,71,75,34,35,52,41,93,37,45,46,32,29,24,40,21,21,61,57,29,47,91,49,102,51,28,86,48,75,34,21,60,40,51,104,52,23,46,43,48,64,29,56,54,43,35,77,65,37,50,80,33
"Gene1554",15,46,37,24,35,48,17,60,36,38,38,39,35,29,28,42,29,19,77,39,61,23,28,17,23,42,21,29,26,48,25,41,18,60,28,24,40,30,51,52,31,16,45,56,42,58,58,20,39,17,37,23,36,60,44,16,38,28,21,16,47,19,23,41,32,66,42,38,45,34,13,50
"Gene1555",12,19,2,3,12,7,5,9,4,2,11,13,8,2,6,15,1,4,7,4,7,3,6,13,2,6,8,8,22,8,11,1,8,6,6,2,4,6,8,13,1,12,4,5,4,6,4,3,7,11,8,9,14,4,7,4,6,8,8,6,11,6,8,4,8,2,7,4,1,6,6,2
"Gene1556",21,7,6,20,12,35,7,18,9,17,11,9,8,30,18,19,6,16,8,11,19,18,26,8,15,18,17,25,14,10,9,9,12,15,9,19,23,12,18,6,16,17,25,32,20,25,13,21,19,39,12,15,31,29,21,22,23,15,6,8,13,18,10,21,28,15,13,12,18,6,33,15
"Gene1557",107,87,129,169,112,68,93,96,159,164,155,76,156,66,95,40,125,123,119,91,26,85,91,72,140,93,95,112,100,131,82,133,73,117,51,117,84,95,104,92,133,110,67,152,77,20,58,64,87,69,109,85,69,142,91,76,53,105,68,117,119,55,117,106,99,56,135,45,34,66,98,202
"Gene1558",41,64,53,48,45,54,91,68,71,29,84,37,69,58,57,72,72,50,76,77,89,60,37,36,70,29,76,42,57,63,26,50,76,39,39,31,56,71,54,36,25,41,95,38,60,37,55,27,18,64,78,60,67,38,63,67,45,29,34,43,68,65,72,56,58,26,59,74,34,49,62,102
"Gene1559",16,15,4,15,15,14,26,11,6,10,6,6,17,8,13,10,13,8,10,19,12,2,3,10,7,13,10,2,9,7,7,5,14,21,7,10,7,8,6,13,13,6,8,4,13,18,9,8,10,15,14,11,14,19,13,11,6,8,10,14,12,14,11,3,11,14,14,9,6,7,11,5
"Gene1560",76,113,117,99,188,78,114,77,74,86,102,91,127,66,116,74,102,48,115,165,95,65,96,180,132,93,152,88,56,54,98,75,118,57,110,30,104,157,111,60,76,78,112,125,134,81,146,101,116,92,63,155,132,92,130,128,115,57,130,94,96,115,177,165,127,157,63,76,132,94,165,55
"Gene1561",190,122,228,158,74,87,208,115,117,227,215,97,96,103,142,166,125,152,142,104,125,150,102,146,82,80,162,127,123,216,131,128,265,95,129,153,122,109,104,127,90,67,85,84,124,88,225,144,148,120,89,181,82,209,96,170,168,150,79,207,131,93,41,198,116,141,86,212,46,307,126,201
"Gene1562",64,15,73,33,41,68,50,36,39,64,40,39,47,107,42,50,22,35,71,56,23,41,46,34,60,25,54,36,24,58,38,28,36,42,70,57,52,26,41,70,39,31,31,50,55,64,49,79,40,25,41,35,72,68,50,64,75,57,61,21,48,26,17,60,29,41,35,48,31,36,31,77
"Gene1563",23,38,63,57,46,67,46,42,29,38,36,52,55,26,80,25,76,67,35,65,23,102,48,54,93,30,68,47,50,42,61,34,43,28,18,97,99,43,46,40,48,49,38,104,61,39,23,27,41,41,65,74,31,57,38,46,37,71,24,43,52,79,39,60,41,47,53,20,61,50,67,35
"Gene1564",218,157,420,154,403,315,316,191,127,318,326,194,441,205,406,277,213,192,199,223,267,414,287,311,447,435,323,171,187,241,266,318,268,175,232,238,180,287,370,266,171,231,131,485,361,184,344,251,242,125,518,169,294,195,345,214,247,120,270,300,267,200,403,159,314,177,328,395,332,373,326,270
"Gene1565",72,59,68,102,106,120,111,51,91,96,82,73,84,181,60,103,61,92,160,103,119,71,59,108,114,114,69,49,96,117,56,146,64,99,123,34,162,111,91,153,79,114,107,118,87,125,96,121,61,50,54,108,72,57,155,110,68,44,80,94,58,95,111,151,103,106,44,84,51,104,123,88
"Gene1566",162,325,153,335,204,154,118,258,311,291,158,328,365,207,206,287,188,300,538,215,125,285,291,389,139,483,297,335,269,173,216,246,174,202,188,307,174,346,324,159,263,295,135,111,299,152,272,317,191,269,140,179,127,337,330,372,416,274,450,307,236,341,113,227,158,272,173,140,84,246,199,182
"Gene1567",46,29,50,51,85,51,53,76,89,22,29,45,33,92,36,23,31,71,39,57,18,34,69,43,49,62,87,72,81,72,79,41,28,83,65,27,48,29,37,54,62,36,85,67,26,31,73,56,31,55,56,67,53,46,113,42,55,62,53,72,48,48,25,29,43,69,57,38,63,58,29,42
"Gene1568",248,301,120,329,177,133,382,473,545,372,302,221,475,280,773,480,293,336,251,240,267,416,449,366,344,563,293,224,300,278,213,291,492,460,291,209,200,377,389,470,278,266,298,210,210,341,373,391,368,585,192,188,457,382,536,497,282,467,325,245,85,346,373,513,372,321,260,358,157,405,177,345
"Gene1569",43,40,48,52,55,26,26,48,35,41,34,36,42,32,54,44,42,35,86,58,25,16,47,49,39,26,41,66,38,61,68,62,28,66,47,60,62,56,26,78,67,57,63,58,75,33,64,80,33,42,34,33,13,25,76,109,57,34,50,38,59,41,19,38,43,32,25,54,110,47,45,48
"Gene1570",117,157,236,117,255,126,104,171,153,171,134,163,267,214,149,139,46,95,203,176,136,205,188,112,121,114,161,163,101,178,102,97,149,92,215,164,182,81,129,82,91,114,105,172,100,125,218,197,146,190,196,129,234,237,75,93,115,173,183,150,125,84,235,198,165,143,224,136,207,145,284,181
"Gene1571",21,60,35,24,49,65,26,15,45,28,25,31,60,89,20,36,38,46,18,35,27,55,33,43,46,25,58,30,28,29,43,25,44,30,34,52,20,52,57,25,36,70,65,13,41,79,39,33,35,43,25,35,46,55,15,28,33,31,26,28,83,18,43,37,62,36,24,20,28,26,27,81
"Gene1572",13,19,26,17,4,13,8,19,15,12,22,18,17,19,9,17,16,11,9,9,14,13,6,14,7,23,5,13,19,3,12,17,8,9,22,7,17,41,16,23,15,11,34,23,11,16,15,19,25,11,12,9,7,9,23,8,16,8,12,12,11,15,10,23,1,2,2,2,2,2,2,2
"Gene1573",94,148,129,209,153,141,187,166,195,148,270,170,120,401,176,267,141,208,138,154,179,197,197,97,230,109,251,235,103,166,86,248,245,162,130,252,160,204,245,341,142,315,183,95,184,162,216,216,208,246,245,105,159,283,160,254,165,53,189,136,169,108,174,166,126,140,80,165,149,168,104,277
"Gene1574",987,775,1332,982,640,1458,530,673,721,699,1171,631,645,1025,820,678,1158,581,917,1682,663,791,1527,673,849,1392,749,971,462,1155,863,377,1360,674,559,696,308,1148,954,703,682,912,1128,936,202,1274,459,271,572,574,630,1423,1036,574,515,1961,802,1159,783,810,564,638,999,990,1005,943,587,563,1008,797,620,1223
"Gene1575",42,36,30,12,34,79,82,33,25,21,21,15,44,27,75,28,36,19,10,31,47,46,44,25,26,42,45,39,23,53,48,39,43,23,64,33,26,47,34,28,18,13,43,39,34,51,34,35,28,21,59,47,48,42,40,24,35,64,31,45,38,29,39,37,40,30,52,23,53,22,42,56
"Gene1576",403,388,168,201,279,308,202,140,366,414,378,141,261,268,106,320,258,409,438,169,159,348,190,281,305,480,167,258,303,237,294,518,235,130,359,190,264,337,456,382,232,345,331,331,336,304,257,588,269,432,508,174,310,325,598,286,348,302,409,224,391,591,461,190,249,197,391,299,272,251,494,316
"Gene1577",22,47,73,25,40,37,25,23,35,61,72,34,24,29,32,25,20,33,52,47,67,80,36,45,16,50,33,35,50,57,31,69,59,23,39,19,42,36,32,28,36,44,63,31,41,40,56,17,54,43,18,21,50,48,46,30,51,41,31,53,66,37,85,39,29,71,50,46,40,38,46,54
"Gene1578",307,82,193,184,131,152,153,236,126,151,115,212,119,194,153,124,102,236,200,108,80,204,227,178,266,175,191,155,146,123,258,145,180,146,156,164,158,169,198,68,126,159,180,44,271,102,299,69,196,103,110,156,204,198,105,272,214,35,184,159,160,176,154,111,96,240,221,136,174,189,102,216
"Gene1579",9,22,12,12,22,13,7,22,12,18,13,19,11,4,20,18,20,8,19,23,13,24,13,16,13,29,25,32,29,8,14,8,11,10,16,5,34,19,10,42,23,20,25,22,25,19,11,43,11,14,10,24,27,15,17,16,17,11,7,23,11,29,13,19,1,14,20,39,23,29,13,12
"Gene1580",87,101,34,31,108,39,75,114,87,46,66,63,58,91,84,97,53,101,69,177,56,89,98,90,85,65,54,36,83,100,86,102,79,48,112,36,88,60,123,84,109,87,93,102,61,56,59,75,68,95,44,71,113,141,48,84,99,67,99,124,79,59,57,72,87,62,81,75,64,64,95,63
"Gene1581",9,14,20,13,26,14,9,28,12,9,27,27,17,22,24,25,17,26,35,15,31,15,24,15,23,16,58,28,13,17,11,21,11,20,14,16,24,30,21,25,31,22,33,41,18,22,22,11,15,25,19,39,19,14,12,17,21,12,16,46,27,37,43,35,16,15,22,21,25,12,14,17
"Gene1582",15,17,9,9,15,23,7,3,6,16,18,13,15,11,7,10,13,7,15,4,7,8,5,12,16,1,9,4,4,17,10,22,21,14,6,5,8,7,10,14,15,24,10,3,3,11,7,4,9,11,12,10,10,9,8,13,3,11,19,19,6,7,3,11,6,5,18,9,18,7,17,8
"Gene1583",62,114,220,153,146,218,46,90,116,133,53,179,118,181,140,75,125,165,209,114,112,140,97,146,76,153,149,135,148,159,82,68,189,143,99,75,137,160,96,96,121,167,144,94,112,240,93,156,144,134,157,140,141,141,93,212,128,156,138,109,115,76,91,120,18,12,16,25,18,16,9,19
"Gene1584",142,543,529,443,440,219,284,299,722,211,447,387,413,195,288,557,541,281,271,224,413,420,372,590,381,227,239,437,490,497,394,398,259,291,470,596,357,211,249,460,352,221,440,410,338,220,389,608,750,309,436,188,309,371,205,518,206,181,220,235,573,173,353,382,427,605,555,481,281,406,378,508
"Gene1585",20,14,25,34,26,15,6,25,26,24,26,30,24,18,16,19,18,13,18,20,20,13,25,27,12,15,65,14,14,17,40,16,18,8,10,16,26,19,33,22,13,19,22,26,14,17,12,26,9,28,46,30,15,9,19,23,12,19,19,19,27,23,18,22,11,24,14,23,6,17,15,29
"Gene1586",15,16,40,22,18,29,46,38,14,11,4,15,6,13,17,28,23,7,29,20,36,14,34,13,25,18,20,15,14,13,31,13,30,17,22,35,32,30,13,26,11,30,19,21,19,17,14,52,17,25,38,45,36,17,20,14,27,27,7,14,37,10,30,28,23,19,15,10,12,8,18,16
"Gene1587",20,20,22,15,15,12,28,16,13,19,22,14,16,14,36,15,13,9,9,28,12,13,20,15,12,22,10,32,23,25,20,21,21,15,12,22,8,12,13,19,15,11,36,19,11,22,11,20,13,11,22,10,14,9,13,12,20,12,13,13,7,36,1,12,5,16,31,8,8,6,10,14
"Gene1588",34,14,12,9,48,32,26,37,34,40,39,48,22,19,56,31,24,47,31,20,37,34,30,38,45,22,14,41,27,22,31,40,50,26,20,67,28,16,44,10,46,51,17,38,28,25,37,32,14,12,51,22,27,9,30,21,34,37,42,26,28,32,34,28,16,13,7,10,11,13,13,8
"Gene1589",76,192,216,159,52,104,161,78,192,84,63,156,160,104,95,136,90,145,68,116,136,45,168,192,83,184,86,105,176,124,166,291,60,79,98,132,215,121,66,194,100,111,43,116,169,128,57,112,114,176,48,201,98,89,143,110,161,43,101,175,92,163,204,153,102,100,157,79,148,106,170,102
"Gene1590",134,198,200,157,97,190,74,80,72,175,151,43,211,88,112,256,188,124,111,148,173,222,60,153,115,134,92,109,77,79,180,216,81,103,97,187,102,127,171,123,89,87,56,238,54,99,208,158,101,120,105,127,141,161,158,98,95,184,178,127,159,175,157,132,77,148,131,199,80,118,110,101
"Gene1591",89,54,88,78,48,23,112,109,108,78,83,94,147,113,59,82,46,113,59,150,114,71,102,104,91,113,20,19,16,26,17,26,149,47,91,123,82,77,116,86,94,56,51,90,88,105,85,95,130,120,146,134,159,72,50,84,65,159,102,116,113,123,31,41,113,131,99,48,56,140,103,127
"Gene1592",85,122,184,307,82,157,135,154,80,142,89,101,193,258,215,160,169,105,121,87,145,168,50,218,110,120,115,194,171,208,244,87,81,111,111,175,164,157,79,133,81,162,122,254,169,168,107,280,157,213,187,113,204,126,115,131,109,119,185,134,139,155,216,224,179,308,130,128,119,233,75,75
"Gene1593",18,25,15,19,29,21,23,34,21,14,21,15,31,42,29,35,26,16,14,33,53,38,50,18,22,21,35,51,43,25,50,16,19,32,31,37,40,57,27,52,36,55,34,38,29,27,18,49,60,30,26,33,12,54,59,26,24,21,23,43,74,32,16,19,37,26,32,19,25,37,31,42
"Gene1594",47,67,30,35,47,76,53,26,32,24,43,39,43,75,27,49,66,25,26,35,54,59,45,56,44,45,64,30,38,26,78,23,45,15,46,61,58,93,90,26,51,30,56,43,53,47,36,42,48,47,67,90,46,45,27,48,60,65,24,43,42,52,40,69,24,26,52,34,64,34,68,31
"Gene1595",207,101,94,259,85,78,38,63,119,68,144,148,104,155,91,204,202,151,155,141,208,113,119,76,162,169,246,114,82,185,134,118,107,132,257,134,187,88,135,88,210,144,48,120,162,109,211,92,181,119,43,153,68,104,228,74,144,96,67,168,103,117,136,118,96,126,93,52,69,81,128,210
"Gene1596",18,27,22,33,23,60,61,40,23,58,31,31,40,30,69,37,18,55,27,26,27,42,28,46,45,63,33,56,23,72,38,51,32,48,33,64,35,35,23,50,37,31,54,24,26,21,29,61,38,54,47,39,60,33,57,63,58,40,41,24,49,27,26,47,33,56,45,33,38,19,45,20
"Gene1597",34,26,18,15,8,17,17,15,9,8,22,7,23,9,9,18,10,15,26,26,23,20,15,14,15,15,18,7,6,15,21,20,31,15,17,10,7,26,18,25,23,19,14,7,20,19,17,13,14,21,21,8,19,19,11,49,10,6,27,26,15,16,13,19,17,15,10,26,14,23,21,25
"Gene1598",10,12,5,19,20,19,5,10,16,19,12,20,12,10,11,4,18,7,3,7,6,3,15,9,17,9,5,9,11,8,11,12,10,4,4,11,10,7,12,11,10,7,4,19,10,10,15,18,12,25,10,20,9,6,12,12,7,7,13,5,19,14,10,11,10,12,5,9,9,5,9,13
"Gene1599",1591,774,1712,1124,1685,834,1324,1027,1864,1574,1267,1271,1954,991,770,1121,1299,1370,2307,1825,2413,1636,1376,1977,2063,1221,677,1857,1335,1117,2138,1296,1226,818,1058,1137,1302,910,1051,1736,1859,1104,1377,1566,683,2361,1737,2833,1559,1785,1247,980,1252,1035,1897,686,985,1906,723,1420,706,993,701,1879,1395,1698,2596,605,1442,1227,1170,1666
"Gene1600",5,4,6,4,7,3,2,5,7,3,4,3,5,11,9,4,10,3,12,12,6,9,2,10,3,10,6,5,4,16,3,5,4,3,3,6,4,10,7,10,14,8,6,9,7,5,10,7,8,7,13,7,8,4,11,5,9,7,11,5,16,4,7,8,5,12,9,6,6,6,10,7
"Gene1601",51,28,58,66,56,56,96,54,22,62,90,42,52,57,47,33,53,39,84,51,67,83,110,49,81,49,105,100,33,40,91,31,91,42,62,59,48,42,75,50,44,28,58,53,55,61,45,30,68,34,55,75,34,19,36,76,47,66,65,55,42,44,59,89,70,68,62,45,44,47,76,48
"Gene1602",721,314,367,587,316,615,836,659,690,353,503,487,803,569,866,571,472,413,1009,581,518,468,339,376,282,570,644,437,427,491,457,626,449,366,1003,404,635,750,511,593,996,1125,714,485,473,224,467,438,302,427,780,397,678,951,316,766,888,690,627,335,673,675,892,1066,315,812,503,545,389,435,414,372
"Gene1603",142,191,172,113,184,101,293,128,116,117,189,145,110,185,175,260,138,110,203,138,161,162,116,131,211,116,166,100,210,85,144,162,204,135,157,56,105,293,199,96,205,155,219,144,120,160,110,153,304,264,225,179,95,122,215,112,119,183,167,116,193,142,116,120,135,96,54,143,112,185,113,50
"Gene1604",32,71,58,62,42,26,31,19,17,26,40,26,36,53,58,44,44,53,95,40,33,44,70,36,54,31,40,34,63,52,22,41,79,81,26,58,32,61,30,72,36,56,31,36,55,44,52,71,47,57,33,51,34,31,68,15,25,35,16,48,50,74,57,53,45,49,53,41,46,46,31,44
"Gene1605",212,89,96,174,72,102,68,112,69,48,78,93,73,105,165,59,119,121,123,120,100,132,114,91,89,87,595,583,651,730,814,550,85,66,85,67,102,206,83,121,64,98,78,97,55,140,95,88,71,141,78,76,101,101,82,100,154,75,92,61,126,48,98,39,166,113,138,63,140,139,59,122
"Gene1606",262,353,895,775,415,500,516,252,330,576,414,713,691,475,819,377,470,675,446,728,336,332,466,428,405,548,455,467,157,665,350,544,436,400,349,311,248,462,394,615,407,503,470,443,446,257,506,585,577,549,454,408,972,370,297,299,597,294,549,602,743,297,489,387,584,436,369,219,334,349,714,461
"Gene1607",47,96,67,42,80,38,53,64,67,70,110,102,50,59,92,51,65,119,38,73,65,163,75,74,37,57,86,54,70,48,59,25,44,34,72,61,75,49,116,34,54,39,65,62,87,142,99,101,63,67,73,74,88,83,46,43,79,85,28,101,141,37,83,91,39,61,90,39,69,72,46,62
"Gene1608",37,21,42,20,44,8,14,48,20,18,26,25,24,38,36,36,32,42,19,21,46,31,50,38,8,20,8,28,13,24,33,27,8,28,35,41,62,25,21,43,20,21,6,17,17,31,16,53,32,28,23,30,22,33,13,37,20,18,15,34,44,20,23,23,35,19,27,9,36,16,26,47
"Gene1609",550,283,490,315,352,232,250,492,312,442,472,557,372,233,440,369,148,284,162,363,385,204,241,436,682,156,363,300,256,457,198,263,440,452,315,381,329,430,276,413,369,287,245,491,262,309,328,165,267,389,135,412,240,414,226,295,550,295,401,225,233,295,283,429,439,222,453,365,434,467,591,406
"Gene1610",553,301,620,658,283,543,201,352,539,383,822,556,501,621,632,610,249,469,703,562,639,596,318,425,659,289,742,481,687,317,558,494,607,465,185,491,325,291,279,418,858,499,307,717,392,695,387,403,425,631,665,561,394,422,562,524,625,712,405,564,504,477,238,495,3195,4000,3207,3832,2898,2688,4216,3499
"Gene1611",5,15,17,19,7,16,26,7,18,7,14,10,16,22,15,23,27,21,20,17,15,18,15,26,30,6,21,18,20,19,16,17,27,13,12,28,15,8,21,21,20,27,9,24,7,16,26,26,21,13,15,10,17,14,19,14,20,15,4,10,13,11,13,7,18,11,17,18,22,10,15,12
"Gene1612",183,90,71,91,85,93,245,162,69,168,136,171,107,135,132,84,98,109,287,162,57,81,104,147,130,115,173,136,114,102,97,237,129,129,101,148,141,136,98,76,104,70,124,78,97,109,83,85,97,150,83,162,175,94,99,94,132,161,65,97,83,179,152,206,54,89,30,115,182,44,120,143
"Gene1613",91,57,51,45,82,92,88,50,117,89,77,58,48,65,115,93,47,85,29,50,44,63,88,44,28,64,36,53,167,60,25,64,44,66,65,67,67,63,72,36,41,18,50,24,111,38,80,76,43,68,57,53,54,56,76,94,29,44,84,58,58,61,69,78,65,32,37,20,111,49,78,67
"Gene1614",76,81,86,138,138,165,132,123,154,143,103,48,111,169,110,111,121,232,234,126,95,86,98,113,106,122,122,114,95,126,76,66,149,154,109,52,191,47,75,86,185,45,65,95,125,85,78,51,76,112,128,148,195,118,95,74,254,130,69,77,130,212,211,119,77,160,130,98,244,124,104,118
"Gene1615",95,127,53,95,139,70,77,118,74,81,145,106,103,83,158,222,68,79,102,103,44,133,64,110,113,92,124,177,107,124,69,84,95,87,53,121,105,69,107,108,94,108,107,30,70,83,115,61,59,154,148,189,81,44,64,173,109,106,126,70,128,108,105,104,706,858,740,818,847,847,865,980
"Gene1616",34,64,52,45,75,41,33,26,71,82,47,58,51,90,42,38,28,40,58,44,86,44,71,41,84,36,28,42,54,98,63,73,74,45,40,87,30,43,94,41,35,63,45,82,18,56,23,71,34,76,34,32,42,53,64,75,28,64,31,34,54,57,68,33,49,60,63,33,23,54,62,111
"Gene1617",166,43,53,144,94,52,27,88,67,122,86,83,180,100,115,76,154,50,67,147,79,54,53,99,120,61,105,91,96,69,81,90,118,61,76,118,77,100,113,71,96,61,60,98,116,55,95,28,77,110,115,75,124,78,46,143,86,66,68,77,82,83,65,54,90,24,179,67,46,109,131,159
"Gene1618",9,5,24,11,14,11,25,3,19,5,3,29,13,5,5,6,20,14,23,15,10,9,14,11,13,9,13,14,14,3,11,19,11,7,8,17,16,16,14,13,10,10,4,7,12,17,15,14,7,6,25,10,14,18,9,16,11,10,8,16,10,12,18,16,9,10,32,6,7,17,12,20
"Gene1619",12,9,8,11,18,12,4,9,4,4,9,11,15,7,13,17,10,12,11,20,14,10,10,10,8,14,8,14,10,15,10,6,7,10,16,2,6,6,5,20,12,9,9,14,9,9,9,18,18,14,18,7,14,12,4,14,9,4,4,9,4,8,2,12,10,6,6,10,8,14,7,7
"Gene1620",99,43,158,66,100,106,214,121,140,165,139,95,159,151,160,108,148,114,76,191,198,118,129,123,161,48,146,93,154,132,160,69,112,153,157,126,175,77,53,186,91,96,75,117,171,233,153,190,106,91,86,98,66,169,147,91,134,121,103,218,150,174,115,183,184,149,118,172,94,171,213,192
"Gene1621",80,37,97,40,64,99,17,50,33,61,40,118,46,58,47,18,40,55,50,25,43,61,48,49,35,51,34,74,85,81,25,94,60,56,86,122,59,77,80,47,55,13,79,47,97,88,104,68,102,40,51,35,42,44,60,51,52,86,72,26,77,73,53,124,24,76,32,77,41,67,24,35
"Gene1622",17,23,84,69,59,62,27,87,56,63,68,38,26,25,38,37,38,70,45,44,59,93,33,41,20,57,67,49,31,51,24,57,31,64,65,44,64,35,53,32,49,41,57,35,30,50,29,23,43,26,34,96,47,83,63,61,40,19,71,65,54,34,50,100,51,42,35,42,70,60,65,36
"Gene1623",8,7,5,13,10,6,4,10,6,8,4,12,9,3,4,7,13,5,4,11,13,10,14,12,6,8,14,6,7,8,9,11,10,3,9,9,7,10,2,6,7,3,6,8,4,4,6,11,8,9,7,9,10,8,3,6,10,8,5,10,17,3,5,16,3,6,12,8,10,6,18,3
"Gene1624",40,25,24,39,63,12,34,27,10,24,21,35,45,20,24,23,19,16,21,31,32,27,25,27,25,26,31,51,47,38,23,22,46,37,28,18,28,16,30,21,13,43,18,20,19,26,25,33,16,27,24,20,15,20,10,38,55,29,24,16,26,33,29,24,31,39,32,11,43,25,19,25
"Gene1625",67,68,42,48,80,89,106,55,26,54,50,66,75,35,50,118,42,65,47,44,70,56,104,92,81,28,120,61,41,56,35,63,101,104,73,120,39,87,23,91,112,46,26,91,50,36,82,49,83,102,103,127,62,53,30,39,25,83,68,88,98,33,79,138,82,29,96,82,49,71,83,122
"Gene1626",21,30,24,30,11,27,35,15,22,30,23,29,32,21,38,29,26,29,23,33,42,19,11,30,31,15,29,24,41,43,19,34,33,48,47,29,34,19,8,25,19,42,35,46,13,22,36,21,32,19,35,11,24,25,20,30,34,20,42,41,41,41,43,18,32,26,38,27,34,27,31,29
"Gene1627",37,33,32,48,52,65,25,64,36,48,93,56,60,31,57,45,72,28,65,54,66,55,117,30,46,69,82,53,71,44,40,60,17,44,47,78,60,65,52,45,85,69,37,79,63,52,47,30,76,34,55,58,51,66,41,42,36,64,18,42,104,27,42,50,77,75,41,80,57,60,78,51
"Gene1628",104,126,49,57,55,126,76,105,77,62,89,108,84,133,89,145,94,64,81,94,76,57,72,78,79,52,61,80,35,68,69,87,89,82,115,109,95,94,69,44,47,73,63,44,106,87,97,68,131,109,83,112,143,87,72,67,71,74,66,89,74,71,92,77,19,16,21,24,22,27,18,14
"Gene1629",39,33,77,40,81,27,52,44,40,42,48,38,57,54,48,51,43,34,22,26,43,37,51,27,35,47,34,54,41,49,23,30,61,94,12,66,29,54,72,42,16,27,48,56,91,47,30,35,27,59,54,57,46,61,54,32,63,38,87,40,32,21,87,57,54,74,52,45,51,26,32,33
"Gene1630",100,128,100,114,131,62,96,66,83,61,45,84,139,90,104,54,132,74,144,69,60,50,121,47,142,117,113,68,69,227,54,58,53,114,94,70,67,86,31,132,75,121,121,70,120,94,96,103,86,121,80,87,122,134,68,94,135,117,125,122,75,116,174,105,80,52,93,108,90,66,108,119
"Gene1631",20,28,29,56,28,55,26,21,43,42,52,44,17,35,44,42,33,36,50,36,49,56,65,55,33,56,40,34,39,32,66,66,50,19,79,29,59,64,13,16,36,27,22,28,19,42,50,31,47,34,55,30,9,58,44,54,16,74,46,41,44,49,37,34,58,38,53,43,24,30,37,42
"Gene1632",38,46,36,29,34,31,34,33,36,36,18,22,32,61,17,40,39,14,35,64,38,36,77,50,15,23,14,41,22,37,28,29,50,38,43,26,31,48,38,31,48,59,35,48,45,16,13,18,19,15,44,35,26,46,44,64,42,30,38,55,23,45,35,36,28,64,50,31,58,28,23,23
"Gene1633",61,35,39,38,30,73,26,44,36,30,36,25,40,38,59,35,37,13,25,22,33,51,87,22,35,55,52,52,61,48,75,23,50,39,48,18,35,42,53,48,28,40,27,52,45,56,54,30,41,49,27,31,22,50,23,48,21,35,61,49,38,40,41,78,11,20,34,40,22,47,37,41
"Gene1634",146,147,126,147,109,149,92,97,71,55,92,81,79,84,95,81,84,130,255,72,112,193,167,108,96,102,172,176,78,97,93,169,50,156,126,146,168,66,158,66,85,56,216,82,68,101,73,159,103,126,50,95,46,117,106,178,98,90,95,118,132,101,131,223,130,95,101,90,96,111,101,49
"Gene1635",129,126,137,184,133,106,163,252,135,145,199,101,228,113,122,170,109,259,160,72,284,237,150,134,123,66,130,129,65,201,177,73,141,119,150,130,105,82,72,93,89,145,120,126,141,106,90,280,94,165,198,157,244,176,94,121,81,124,101,76,131,272,105,86,215,172,97,68,121,111,117,77
"Gene1636",504,954,592,621,854,765,1151,1316,1263,360,1120,754,629,1425,1095,1652,405,803,1430,1136,980,1207,927,1076,836,887,1089,793,751,1379,791,832,916,563,1179,864,1175,980,735,1290,1318,774,924,1720,747,575,1734,621,1056,672,651,676,560,1128,632,1840,556,1068,943,628,1965,741,768,1111,1008,1117,820,1316,938,542,887,891
"Gene1637",10,13,21,17,18,20,9,24,17,6,14,21,10,13,19,14,15,4,12,33,9,19,7,23,9,18,12,19,18,23,17,16,16,17,13,19,20,19,11,22,5,5,27,48,8,12,30,18,12,18,17,8,17,11,10,13,13,24,16,19,20,9,9,12,20,8,9,13,12,19,25,15
"Gene1638",11,40,19,18,21,24,17,16,20,15,12,19,22,15,22,22,30,31,25,15,12,13,6,16,24,33,24,18,24,18,14,19,18,31,41,8,18,18,16,32,17,33,23,32,37,43,19,18,34,3,34,25,19,30,13,26,11,37,22,39,28,34,26,22,32,22,20,16,26,29,24,20
"Gene1639",92,190,111,100,78,170,113,92,157,90,131,84,77,105,86,96,78,88,84,145,202,145,105,82,86,144,103,155,128,220,92,162,136,97,93,54,80,66,87,149,120,68,119,63,196,70,53,116,255,43,153,143,162,65,142,150,196,118,181,75,104,82,104,120,147,83,90,280,100,166,188,100
"Gene1640",379,503,352,324,368,520,337,479,443,393,262,249,437,178,692,147,329,255,293,772,634,275,432,396,355,301,270,490,306,390,375,520,544,181,225,279,637,527,345,235,602,508,509,368,520,582,319,456,308,344,333,377,370,182,777,304,432,213,254,258,245,312,156,290,293,516,398,254,530,345,260,296
"Gene1641",298,411,238,261,252,214,304,89,130,265,189,185,315,329,302,231,186,225,203,178,99,201,237,282,279,263,319,271,244,184,371,289,412,164,222,154,423,309,304,397,261,295,269,137,371,167,275,131,229,205,284,227,272,186,477,218,237,183,304,164,280,237,150,101,296,190,519,196,345,156,152,112
"Gene1642",56,23,37,19,41,49,34,64,49,33,23,42,46,25,18,44,37,21,31,49,3,46,32,31,24,32,33,19,46,21,77,29,47,26,34,30,36,35,21,33,21,35,24,43,22,20,10,49,39,44,36,41,19,55,47,30,23,27,34,37,32,31,44,33,38,25,30,32,34,15,36,21
"Gene1643",27,23,26,16,25,11,22,31,25,29,17,25,47,30,35,25,35,26,24,23,21,33,23,37,30,21,35,14,38,21,29,14,29,22,21,32,21,17,32,26,9,28,10,16,18,40,14,40,36,19,44,27,25,24,25,20,13,30,25,12,21,8,18,20,41,29,24,41,16,19,55,15
"Gene1644",465,509,597,453,396,456,336,318,332,588,362,343,623,536,433,434,590,422,318,406,401,471,233,333,313,446,314,414,438,516,630,348,547,331,382,424,300,336,380,697,705,319,404,462,496,238,159,285,430,476,591,202,477,818,370,642,545,254,302,289,267,334,516,303,446,558,442,367,478,304,288,361
"Gene1645",472,330,487,180,179,268,610,355,265,382,200,342,227,217,315,457,571,314,327,542,462,198,271,509,333,282,801,448,217,250,458,465,432,235,372,266,85,379,449,410,777,347,224,391,356,170,396,349,570,388,390,326,205,613,330,257,516,573,280,394,343,271,534,354,245,275,336,508,282,459,521,322
"Gene1646",79,42,65,91,53,52,100,66,81,75,49,50,48,95,55,72,65,87,46,40,39,122,34,64,48,86,73,96,72,67,150,49,76,73,71,66,155,92,77,153,99,105,57,55,75,69,74,65,76,38,80,71,63,128,65,28,62,67,102,107,72,52,88,106,38,47,35,132,42,63,108,61
"Gene1647",278,408,214,729,1058,325,345,538,268,531,416,432,671,175,130,362,379,735,500,494,391,286,330,434,742,467,639,631,412,465,595,486,349,134,620,475,311,143,442,272,465,366,365,475,385,407,390,289,1331,1647,1233,1888,1273,1669,1211,1077,758,683,356,514,667,270,371,299,396,505,387,407,325,276,306,378
"Gene1648",115,37,58,42,66,36,52,44,35,38,37,54,39,120,70,65,37,59,94,44,60,74,40,57,36,26,30,77,65,62,29,52,69,57,17,81,78,38,99,45,61,49,38,34,50,41,49,29,62,53,57,92,71,66,54,60,45,36,69,23,38,65,23,31,97,40,27,72,49,32,76,39
"Gene1649",34,25,9,18,14,10,20,23,30,12,18,25,9,32,18,31,19,20,22,29,12,19,23,13,5,27,18,5,29,17,13,15,27,21,18,6,12,10,8,8,23,17,27,21,27,18,20,28,106,79,86,74,91,100,118,77,19,14,16,24,39,20,36,30,10,19,9,8,23,37,15,21
"Gene1650",82,54,122,50,55,30,52,40,61,67,35,77,58,99,53,66,121,34,63,91,67,76,86,35,47,56,64,48,78,48,72,55,45,17,30,20,86,26,41,22,60,43,58,62,71,56,51,66,58,36,63,58,34,15,79,27,83,71,63,49,63,47,66,45,64,60,24,54,71,74,57,29
"Gene1651",31,59,47,50,90,78,50,112,90,29,105,30,49,39,68,44,73,42,32,80,63,72,41,36,44,44,63,54,43,66,58,82,99,68,44,85,53,53,28,61,55,30,90,51,44,90,78,94,50,74,44,129,56,66,33,51,61,78,35,77,51,51,58,47,52,85,91,39,71,54,61,26
"Gene1652",13,8,9,10,21,8,12,6,10,9,8,9,8,8,7,9,12,8,3,14,7,28,16,10,6,3,3,16,5,6,5,10,12,7,3,12,4,4,3,11,4,11,8,5,2,9,2,9,4,13,7,7,23,5,7,1,11,5,21,9,9,7,8,11,4,3,2,1,5,0,3,1
"Gene1653",51,64,56,28,33,37,45,43,35,21,28,73,35,36,22,27,29,79,39,35,41,46,49,30,56,50,65,39,40,50,35,74,69,36,46,32,34,49,52,19,34,39,43,21,15,38,52,14,50,48,29,39,27,27,92,62,47,67,19,15,42,53,51,48,80,44,44,54,73,39,37,24
"Gene1654",33,51,29,26,26,23,20,45,10,23,42,25,38,24,13,33,27,31,30,24,43,83,41,14,24,59,18,26,42,32,23,31,29,53,35,23,55,15,32,65,32,24,27,27,21,33,21,38,45,52,35,30,44,13,34,36,31,45,49,28,58,26,21,43,14,53,25,16,45,24,48,41
"Gene1655",125,61,115,122,50,72,121,28,108,32,114,106,113,115,99,94,94,61,93,82,84,55,93,44,134,105,101,82,136,84,219,97,54,85,164,66,106,154,113,111,151,154,101,62,122,64,73,162,30,95,121,75,136,138,41,127,188,97,137,94,86,84,200,57,73,85,84,57,161,129,89,121
"Gene1656",39,15,19,37,14,36,15,38,34,44,15,31,37,32,27,27,18,25,46,32,31,32,29,32,26,24,6,4,3,8,4,8,14,55,47,31,30,18,27,31,34,39,42,43,52,30,45,10,25,20,24,43,21,34,44,42,49,25,47,13,35,30,13,18,63,18,16,28,41,34,20,41
"Gene1657",92,109,129,50,101,208,124,50,121,78,165,95,71,59,125,50,106,120,66,148,58,65,61,85,49,66,104,60,94,81,134,84,169,118,73,111,83,148,119,93,88,92,90,44,104,149,109,112,147,137,92,45,77,68,54,92,114,53,86,81,19,63,86,64,159,67,88,86,80,94,157,73
"Gene1658",41,102,57,73,71,118,102,109,95,164,110,62,164,77,127,158,97,92,100,55,188,78,83,121,114,138,185,101,108,153,137,86,123,76,90,131,168,21,179,117,84,92,82,129,83,122,98,157,123,237,125,115,113,154,87,136,74,100,68,73,59,137,183,131,80,85,116,99,49,38,57,141
"Gene1659",39,34,59,19,28,21,23,55,74,43,57,42,16,31,52,48,40,44,31,30,34,60,27,41,59,27,60,25,24,42,31,32,33,31,24,33,45,38,76,21,19,20,58,39,32,43,55,29,32,64,52,34,38,24,34,48,37,60,15,34,48,11,61,64,84,49,33,43,18,42,50,30
"Gene1660",48,75,77,17,78,19,43,35,56,39,47,56,26,79,68,21,32,70,23,80,43,30,53,77,58,87,40,49,17,69,46,56,84,58,56,59,70,42,61,51,55,34,34,36,64,37,85,50,57,55,44,69,55,32,64,74,58,76,59,68,60,39,76,29,52,36,56,53,67,33,46,57
"Gene1661",858,468,700,670,1454,1117,761,1127,1601,801,740,1233,988,771,581,753,357,841,699,1012,1022,1669,565,1102,1243,1193,800,493,1632,1120,1355,735,964,1124,1420,1417,533,1472,843,1159,707,462,731,659,1309,858,1614,1095,1064,740,1388,897,1256,956,575,793,577,907,1153,752,1047,936,1076,1032,1030,1128,466,1011,756,595,1047,853
"Gene1662",504,253,470,353,145,401,161,177,304,222,179,247,411,444,197,184,396,428,573,298,301,512,176,221,409,221,442,280,319,389,322,350,151,229,258,386,352,354,458,277,425,457,214,425,453,365,345,593,386,251,418,361,590,228,421,523,547,216,346,465,427,201,328,346,310,337,183,149,512,521,139,210
"Gene1663",218,447,325,461,278,358,374,265,171,408,301,413,541,194,297,322,306,160,319,504,281,417,308,426,250,269,237,462,272,341,231,389,364,354,239,264,208,453,365,304,518,429,304,166,414,188,257,252,186,443,295,647,255,79,389,186,247,398,357,202,369,372,447,255,315,603,375,459,572,257,290,262
"Gene1664",43,22,101,56,48,52,77,25,30,87,62,47,67,77,31,21,74,48,90,61,92,41,43,29,24,74,39,25,90,63,57,50,39,75,63,81,52,20,28,30,50,50,70,39,111,70,30,32,57,36,68,40,55,33,81,44,18,45,78,40,37,72,52,63,60,42,62,134,33,29,58,38
"Gene1665",13,27,18,21,23,20,34,20,13,46,13,41,19,20,23,43,43,21,10,15,14,19,6,17,17,19,27,15,16,13,24,32,24,16,35,14,29,24,16,13,27,17,17,21,18,27,7,29,27,18,24,26,10,13,22,16,9,19,23,9,26,12,17,18,25,12,13,41,13,19,9,29
"Gene1666",133,100,127,65,81,109,93,127,134,74,194,86,165,134,98,244,124,171,176,165,157,118,105,121,123,87,100,117,156,148,25,69,102,137,141,126,129,87,145,88,87,115,94,155,151,159,104,92,106,192,134,47,107,181,136,78,81,96,73,125,82,164,136,92,66,72,45,134,84,110,64,54
"Gene1667",53,74,65,54,25,23,122,47,64,37,77,61,75,71,82,64,75,86,25,84,59,128,75,59,72,104,61,102,83,21,64,103,98,68,75,54,43,66,36,73,82,33,50,59,53,44,77,105,28,41,60,45,34,41,64,74,59,100,56,83,164,60,100,54,73,101,27,83,80,79,59,32
"Gene1668",4723,5906,4659,3599,3369,4187,2825,5012,3257,3006,5337,7301,1951,3570,7521,4480,3213,3962,4873,4046,3086,2245,3713,4724,2882,3823,4673,5082,4256,6911,5755,6309,4375,3950,4101,2973,3301,4611,4685,4955,3916,3095,5239,2089,3406,6354,4223,2463,2325,4756,3948,2751,4950,2037,1924,1645,3289,4091,3509,4305,2766,2149,1941,6612,2146,4552,7739,3317,9081,4881,3484,5100
"Gene1669",3,5,7,7,18,7,2,8,4,7,3,4,2,0,8,1,9,6,4,3,7,3,3,8,3,8,4,4,5,3,5,5,9,7,5,6,5,5,4,4,2,4,1,1,7,4,5,2,3,7,5,9,1,5,5,13,3,12,11,9,5,9,7,5,3,13,2,5,9,3,4,5
"Gene1670",50,74,39,49,45,24,48,46,64,40,48,38,34,36,44,17,52,20,66,34,12,14,15,40,45,37,36,52,28,60,44,34,14,26,67,32,30,40,12,54,73,47,36,29,38,77,77,30,43,33,74,65,29,69,41,32,27,27,51,42,28,31,24,30,60,58,60,26,43,54,17,51
"Gene1671",275,330,362,350,379,328,448,570,250,440,763,331,407,364,482,319,159,499,299,414,336,402,382,337,244,548,279,156,157,232,364,378,256,230,441,428,281,319,482,294,414,247,242,257,426,276,293,327,493,193,521,243,284,295,311,132,260,391,276,199,345,257,168,637,129,440,660,206,240,271,79,352
"Gene1672",5,1,2,7,8,5,3,2,3,1,5,9,5,2,5,1,5,3,2,2,7,4,2,1,2,6,4,1,4,2,1,0,7,5,5,4,4,8,2,1,3,4,3,6,4,4,1,8,4,3,13,5,2,6,2,3,5,10,5,3,7,2,5,6,0,5,5,6,2,11,4,4
"Gene1673",52,70,52,24,39,24,42,68,48,56,45,54,28,40,33,40,84,16,32,18,49,32,44,41,46,36,46,63,43,54,47,53,48,27,38,48,39,58,14,43,87,26,45,27,67,25,34,55,28,46,26,21,18,51,42,34,33,17,64,57,50,54,63,54,48,43,18,14,41,27,40,35
"Gene1674",55,109,92,84,74,45,56,71,96,108,79,144,80,43,89,87,66,86,59,46,117,70,75,77,163,138,62,100,71,24,211,66,83,56,59,118,55,132,46,89,67,82,82,73,55,117,91,46,75,155,102,66,59,68,72,70,79,66,80,138,73,47,131,26,108,59,101,69,99,107,119,74
"Gene1675",63,43,48,22,63,22,23,42,42,33,36,38,34,30,68,77,55,22,50,74,33,33,33,36,53,31,31,31,45,32,48,38,29,53,19,55,55,22,14,25,58,35,29,42,26,61,23,44,27,38,86,41,41,42,43,21,37,77,56,42,64,35,43,33,47,59,41,34,68,31,45,33
"Gene1676",5,17,12,11,15,9,18,14,22,18,20,11,22,14,17,31,4,14,21,15,3,8,12,20,26,19,22,9,11,4,21,15,23,14,25,15,18,20,28,37,6,25,15,21,12,17,35,20,25,23,22,11,22,20,21,9,17,23,17,23,9,16,40,10,14,13,19,33,24,21,23,18
"Gene1677",42,28,55,64,61,55,21,16,24,24,74,52,48,48,27,58,84,38,19,22,48,82,11,92,30,17,23,76,50,27,46,59,49,49,68,64,27,27,60,43,42,30,59,50,52,40,26,99,80,53,55,90,66,67,18,38,40,32,55,43,53,62,70,53,51,85,37,32,32,45,96,36
"Gene1678",222,362,171,252,177,520,194,241,448,381,136,257,230,316,336,283,224,203,368,271,374,270,166,154,322,98,237,239,369,271,372,199,232,253,237,202,239,448,452,308,313,324,421,230,216,301,119,144,324,224,312,518,351,166,195,212,253,124,378,203,222,187,165,179,243,229,404,165,146,189,245,325
"Gene1679",23,4,15,20,11,18,21,18,10,12,8,13,9,8,10,17,5,7,12,16,8,9,11,2,10,9,15,8,4,8,2,9,10,8,10,9,20,12,20,7,20,12,9,16,16,15,5,15,38,24,44,39,27,36,29,57,4,5,8,4,14,17,8,17,9,25,8,13,9,18,6,23
"Gene1680",398,136,239,256,259,246,269,211,299,299,478,123,193,255,548,151,335,268,253,460,248,434,163,570,71,223,297,224,248,354,402,315,321,285,523,313,272,215,456,420,187,362,300,189,172,264,546,318,368,257,244,382,226,244,243,324,505,276,502,157,245,187,336,133,425,257,420,628,390,246,186,362
"Gene1681",140,146,196,114,144,244,151,374,169,197,146,145,288,162,107,168,146,179,223,133,264,113,162,246,257,144,224,201,132,90,182,172,245,100,184,81,252,336,100,235,109,139,179,176,157,273,175,202,116,253,291,136,146,196,189,102,190,107,122,133,170,234,86,199,273,126,73,163,188,155,135,239
"Gene1682",10,9,10,5,13,5,15,6,21,9,8,7,10,8,4,7,20,23,16,15,6,15,9,14,16,9,7,6,8,26,13,8,6,9,11,6,16,10,17,9,20,8,6,17,7,22,3,7,6,15,13,10,9,9,7,2,18,6,10,16,11,19,17,2,11,12,10,21,19,17,9,8
"Gene1683",6,12,10,12,10,17,9,9,5,9,4,16,11,17,9,10,9,10,7,5,9,14,11,7,4,13,9,10,10,10,9,8,9,10,4,9,18,10,10,10,14,2,10,10,5,5,3,9,13,10,9,6,16,6,14,5,12,11,7,15,7,3,15,10,5,10,3,6,4,9,17,4
"Gene1684",54,67,37,87,79,81,35,76,39,31,76,57,39,55,67,41,57,39,60,98,33,60,50,35,78,33,61,41,59,55,31,26,80,57,66,51,53,76,70,39,58,32,36,25,32,91,79,59,61,85,58,51,40,47,48,78,41,41,79,45,92,35,71,90,63,91,57,64,61,70,63,33
"Gene1685",72,99,95,43,76,41,59,96,85,106,87,71,91,80,90,62,87,82,118,116,168,71,87,97,29,95,74,75,45,77,77,92,105,53,42,59,65,76,39,45,143,64,90,72,112,29,45,44,52,82,49,64,74,64,57,59,59,51,61,36,92,102,103,32,96,30,57,73,66,55,81,118
"Gene1686",105,400,169,184,289,258,220,200,321,272,353,138,175,374,229,156,335,326,165,302,126,221,175,159,228,417,272,150,248,180,208,169,252,281,251,253,263,158,159,210,338,200,267,254,239,170,176,121,191,294,344,293,363,329,288,200,473,168,121,237,178,208,148,196,147,333,265,275,425,250,206,127
"Gene1687",50,40,40,59,39,50,94,87,59,48,36,54,55,32,90,63,34,37,41,38,50,54,52,53,55,41,3,4,12,7,8,7,30,62,55,60,53,54,55,63,26,79,49,18,64,55,18,52,75,25,12,44,19,27,34,64,62,61,61,55,25,54,51,54,61,57,55,57,61,82,78,54
"Gene1688",72,63,125,88,32,122,96,89,59,88,114,58,94,84,40,59,105,55,96,91,126,69,94,92,102,63,85,106,88,112,50,118,44,50,107,85,82,89,65,66,97,72,55,16,117,100,69,106,120,64,85,92,68,83,84,131,29,51,64,60,178,68,24,63,76,91,80,168,122,61,65,114
"Gene1689",118,176,106,351,256,225,184,152,245,224,378,258,220,366,126,198,240,298,244,383,300,233,276,305,245,252,889,866,921,957,863,870,183,410,260,147,271,239,188,286,247,101,194,227,70,202,173,266,322,549,209,215,300,296,242,139,276,199,203,165,527,212,174,151,79,257,230,387,252,155,105,381
"Gene1690",244,263,140,232,203,142,134,194,196,158,223,135,185,278,286,289,202,165,176,156,295,323,184,115,174,220,397,209,202,310,245,267,138,79,346,215,335,289,256,222,171,378,153,214,189,173,252,279,200,261,87,235,228,171,272,186,239,184,210,198,189,214,123,230,283,205,182,337,189,257,194,199
"Gene1691",133,188,196,129,158,124,204,103,126,135,152,110,150,124,251,209,126,203,167,167,157,133,268,110,137,199,69,93,144,190,203,160,185,183,180,108,144,232,54,196,143,165,107,154,134,128,175,113,685,662,608,588,703,535,848,886,138,151,139,82,77,77,93,170,145,139,158,193,131,88,94,291
"Gene1692",111,79,69,185,80,87,40,76,42,100,49,47,50,71,42,98,104,109,151,48,106,64,35,86,100,102,53,115,58,97,71,45,69,62,76,107,79,110,54,96,112,67,111,53,73,123,84,59,57,85,69,85,63,71,40,99,70,74,120,103,69,79,78,89,474,373,405,438,417,618,336,456
"Gene1693",68,151,42,99,115,49,105,50,89,67,68,130,50,50,71,98,58,83,82,73,74,93,131,141,69,50,79,136,121,49,63,84,135,72,38,42,82,79,105,64,107,67,79,100,48,79,61,112,136,104,98,147,61,74,139,69,80,40,71,90,100,102,94,87,33,69,103,104,123,55,19,91
"Gene1694",157,272,235,130,311,266,146,313,140,214,284,153,326,270,439,385,74,250,221,240,107,282,219,236,273,139,184,295,176,118,246,192,275,161,152,255,179,195,204,164,275,111,278,265,313,465,181,337,239,373,296,145,132,130,151,281,267,284,295,135,82,193,220,205,191,137,171,378,261,268,199,356
"Gene1695",196,283,254,128,258,222,409,217,183,258,352,164,215,126,159,247,131,152,246,141,220,155,168,97,148,279,218,370,192,196,154,281,300,181,265,251,232,253,301,273,147,256,229,295,274,257,199,66,148,122,339,179,195,357,212,129,251,454,312,375,76,207,290,221,128,218,171,315,202,209,219,193
"Gene1696",55,64,42,29,55,29,43,98,92,80,63,88,46,56,38,34,40,53,16,50,78,73,54,45,105,79,31,47,44,22,77,70,72,95,24,45,49,72,22,45,27,30,57,44,126,31,36,58,53,35,40,78,65,55,57,59,39,47,38,44,14,34,23,40,51,58,67,24,46,86,57,60
"Gene1697",102,70,68,104,51,130,75,94,59,125,95,50,116,100,96,59,63,99,96,151,77,79,89,104,121,90,69,118,80,72,57,98,38,67,97,87,132,69,104,69,76,46,108,41,59,98,84,94,74,156,125,85,148,61,76,87,63,52,118,141,92,63,80,52,73,105,96,63,65,137,43,81
"Gene1698",259,369,471,412,516,336,318,308,540,338,489,634,462,386,164,437,642,244,178,454,419,296,414,300,696,719,233,268,693,357,561,407,307,387,280,475,245,451,338,535,446,425,491,419,371,436,449,435,72,55,77,58,49,55,71,57,561,288,410,253,514,488,412,496,534,600,641,370,518,348,368,283
"Gene1699",195,281,367,492,395,195,203,402,442,340,279,169,248,249,494,228,258,295,324,236,198,559,413,283,349,400,238,331,287,218,221,520,299,594,428,298,291,454,390,438,197,325,431,392,579,172,421,258,435,542,188,313,182,302,380,209,250,360,233,276,288,274,398,333,857,1246,1049,977,1276,1008,1177,934
"Gene1700",18,11,9,15,21,22,17,15,2,9,18,9,14,22,18,11,12,13,7,15,22,15,10,8,21,15,11,24,20,19,17,25,8,9,14,18,18,25,18,12,12,18,11,9,17,10,11,9,26,32,6,12,17,14,11,28,24,25,35,14,13,13,23,19,12,27,18,11,12,9,10,19
"Gene1701",296,374,437,297,356,286,292,283,325,140,176,344,262,273,295,305,253,396,271,214,196,164,364,649,238,292,379,332,350,189,265,213,258,310,422,202,292,360,516,148,112,211,231,129,338,273,453,218,145,291,381,352,273,409,196,418,288,368,432,300,313,121,255,346,374,298,359,317,209,223,530,329
"Gene1702",35,38,26,30,32,48,72,60,96,49,31,54,53,84,37,35,45,55,36,51,53,49,48,41,45,71,60,50,38,43,21,50,41,101,51,96,62,46,61,51,31,50,56,46,60,52,54,40,78,46,69,38,29,131,66,52,72,20,46,45,30,54,30,49,68,84,18,54,49,26,35,43
"Gene1703",12,4,10,11,10,9,9,9,9,4,15,6,10,8,14,9,5,9,5,5,6,11,11,5,3,3,10,2,4,6,6,6,1,3,7,9,7,10,9,6,4,5,6,9,6,3,6,6,9,11,10,6,1,6,6,10,6,6,3,13,11,11,4,4,1,4,10,9,2,3,5,6
"Gene1704",251,295,333,401,370,277,224,222,253,206,111,122,128,225,251,301,289,248,460,206,247,217,284,390,215,433,414,409,177,288,184,213,242,133,296,244,165,312,215,282,119,181,298,160,111,129,154,236,255,187,223,116,310,191,167,179,173,220,291,154,133,376,263,292,409,337,365,354,142,277,211,292
"Gene1705",123,34,67,83,62,47,116,90,54,82,25,32,116,31,38,51,63,41,86,84,61,82,88,43,78,39,67,74,81,76,50,63,124,62,96,81,69,84,58,36,53,47,65,65,41,45,64,90,88,60,54,66,37,67,94,42,62,71,43,59,55,65,67,60,361,380,368,323,570,309,377,479
"Gene1706",153,177,203,204,180,254,146,250,106,96,139,153,209,178,108,131,126,53,166,151,148,164,312,170,168,187,134,169,205,223,188,103,93,203,141,297,126,124,105,218,162,151,141,168,149,78,232,100,131,204,281,259,111,86,216,99,147,150,134,215,90,160,153,187,246,262,118,278,183,128,288,213
"Gene1707",409,468,308,664,838,380,629,718,683,796,533,613,714,436,830,652,281,366,338,593,578,751,451,448,395,883,532,246,776,542,542,655,258,531,582,386,699,806,515,244,628,433,656,452,487,658,372,377,728,497,1208,462,284,736,527,488,361,1114,688,490,500,584,336,435,484,585,545,245,506,720,414,635
"Gene1708",163,296,122,302,182,292,219,231,246,103,157,176,203,279,272,226,127,130,95,71,346,193,233,463,142,198,318,262,153,238,119,328,180,176,213,109,172,277,79,90,210,180,165,264,188,190,153,183,43,41,66,39,28,37,47,48,132,217,59,163,245,135,345,280,269,122,233,302,375,163,241,242
"Gene1709",78,48,35,58,28,38,18,33,60,38,41,16,44,65,23,24,15,18,40,30,23,41,33,27,55,25,18,16,30,31,34,58,35,38,16,49,51,18,36,35,35,62,54,23,35,18,23,53,63,34,43,21,44,30,54,49,33,47,38,17,51,41,14,48,27,26,82,34,38,22,14,40
"Gene1710",49,29,32,34,30,28,60,50,47,18,32,44,46,47,53,27,22,37,53,32,43,43,22,30,15,22,48,29,37,40,52,78,65,17,55,48,43,30,76,26,36,25,26,57,54,33,39,40,62,84,50,51,77,50,50,69,53,77,50,111,31,38,38,22,39,24,37,41,26,42,77,40
"Gene1711",16,12,34,18,25,12,18,16,15,14,13,16,14,25,9,23,14,19,19,8,18,9,17,23,28,15,18,18,17,28,21,17,15,19,20,22,18,21,15,19,22,6,19,7,10,15,27,15,13,18,25,14,17,10,10,33,12,16,25,12,27,9,6,28,13,22,12,24,18,5,9,22
"Gene1712",23,19,12,22,8,14,14,23,19,17,21,18,32,26,20,31,20,20,30,32,11,10,13,23,16,57,23,17,19,15,20,17,13,28,25,29,24,38,16,22,14,10,30,15,29,20,20,28,17,28,17,40,43,13,9,24,16,19,29,24,19,20,8,19,21,25,19,23,32,25,14,13
"Gene1713",171,126,167,54,122,129,146,85,105,86,153,125,61,73,86,60,63,77,115,167,77,127,146,144,76,39,109,80,95,119,161,83,72,87,109,47,122,56,63,167,74,65,54,114,148,141,130,59,98,104,126,152,96,124,137,150,64,111,88,137,80,94,146,88,21,32,16,26,27,32,11,18
"Gene1714",55,48,21,25,34,26,28,38,28,11,52,26,40,56,32,46,29,25,22,37,17,58,60,30,25,48,63,36,28,38,34,43,14,27,53,23,52,26,28,35,27,26,38,41,59,57,74,20,53,35,16,35,46,37,19,51,27,49,18,39,12,19,42,51,28,37,48,49,35,32,33,29
"Gene1715",186,96,178,106,90,127,58,72,68,59,161,93,108,140,112,122,121,128,160,91,58,117,132,129,123,87,210,64,222,134,149,106,178,96,93,60,45,83,181,107,169,150,146,142,91,151,77,196,84,152,157,57,159,131,92,242,62,98,199,79,121,122,163,194,154,114,110,70,126,140,144,96
"Gene1716",136,107,98,188,125,153,95,208,225,93,203,218,109,99,232,179,182,135,115,206,27,93,143,275,125,166,122,168,277,74,116,196,60,157,116,146,158,72,98,58,185,94,208,104,121,245,166,81,74,156,95,207,110,58,118,149,78,94,110,97,137,159,239,93,79,152,95,109,232,131,202,150
"Gene1717",84,112,149,92,136,119,59,94,145,99,78,89,80,74,71,72,55,78,93,84,85,104,48,84,48,59,97,80,82,63,121,37,92,62,87,152,119,64,43,127,86,142,52,70,51,87,76,83,167,113,110,102,47,90,61,92,193,60,123,91,60,47,109,97,30,81,72,46,129,128,77,167
"Gene1718",57,53,17,40,25,34,12,27,20,48,24,22,54,39,41,49,16,38,37,32,30,14,53,49,29,47,43,45,38,22,58,22,8,25,26,24,26,34,36,19,35,10,13,34,32,52,49,58,31,16,34,23,33,45,40,42,10,51,34,36,51,25,14,33,48,53,25,14,37,37,29,51
"Gene1719",8,18,11,3,7,8,19,7,6,7,8,13,9,11,11,15,9,6,4,10,6,10,4,6,12,3,9,4,10,5,8,6,5,9,10,11,4,6,10,8,5,12,9,2,22,8,12,8,13,7,12,10,5,6,6,14,5,10,4,4,8,12,4,5,4,13,5,8,7,10,8,13
"Gene1720",103,36,63,75,45,80,46,53,77,36,33,31,96,47,98,126,35,79,52,11,79,78,78,28,46,47,57,50,78,49,42,54,41,35,53,41,85,89,39,74,57,55,52,67,76,38,30,38,61,52,37,63,45,86,37,52,37,43,73,72,44,121,59,63,70,35,81,97,50,89,82,68
"Gene1721",13,14,19,13,25,12,11,14,11,14,19,15,19,18,24,16,5,9,2,13,29,20,15,3,20,10,31,16,18,25,23,12,12,18,23,14,18,12,17,11,7,35,26,10,7,28,24,16,17,12,13,11,16,7,13,20,9,35,27,26,15,22,13,16,14,4,5,12,7,18,14,10
"Gene1722",103,141,107,120,174,150,154,87,80,141,92,188,168,118,84,141,66,278,112,119,199,85,125,164,133,209,60,177,70,170,39,98,245,120,166,68,111,153,186,103,170,130,88,122,88,90,111,159,140,242,97,72,74,188,224,60,200,97,162,85,113,149,66,97,133,56,155,57,108,138,113,72
"Gene1723",67,159,137,202,137,111,143,139,137,117,169,92,124,119,178,157,926,1037,729,827,152,119,99,141,85,87,156,181,168,47,125,133,80,139,113,185,168,169,131,150,126,205,107,121,143,218,112,98,140,146,61,193,134,141,102,103,304,150,131,152,124,161,114,262,77,66,199,111,103,139,213,144
"Gene1724",48,69,59,63,79,93,109,102,44,92,79,138,24,85,56,91,105,78,58,45,99,72,87,103,119,50,77,95,74,45,78,92,164,68,74,88,49,113,39,57,63,77,127,66,38,27,80,103,97,65,70,89,96,45,106,61,90,71,34,135,138,79,67,83,101,80,62,105,40,95,72,70
"Gene1725",18,10,17,16,21,8,16,12,28,26,16,13,21,16,21,22,5,8,14,22,19,15,13,16,6,12,21,26,16,15,16,7,18,21,19,10,16,8,15,14,20,12,8,17,11,20,26,43,7,6,32,9,16,10,12,12,18,7,23,20,9,15,19,7,8,30,10,14,54,7,11,17
"Gene1726",21,28,37,28,15,17,22,19,28,20,31,16,20,18,13,18,10,26,26,24,22,36,36,5,29,18,33,18,36,41,39,12,33,31,19,9,34,18,28,22,22,22,14,34,21,14,26,27,30,24,7,31,4,20,11,25,18,23,45,14,23,25,26,19,114,97,76,82,64,104,97,80
"Gene1727",24,19,34,33,18,31,27,14,22,39,30,24,29,25,20,37,26,22,39,50,25,16,27,29,26,64,10,41,19,37,37,29,37,38,40,26,29,32,17,21,31,29,18,32,19,16,36,29,20,8,40,30,44,31,11,36,38,38,34,18,37,19,30,20,56,32,9,13,8,26,44,26
"Gene1728",87,58,33,64,86,70,54,64,47,72,141,51,67,85,56,51,56,49,30,54,31,62,76,62,93,37,66,96,43,109,72,101,75,36,29,64,53,60,37,38,81,53,78,85,27,70,99,30,108,106,76,83,45,61,49,90,49,40,29,71,43,91,32,99,51,47,48,78,15,51,60,66
"Gene1729",320,1131,811,439,1693,269,1396,1225,1469,1334,1072,475,1035,468,996,1318,1665,616,1285,1148,1136,1089,1053,575,732,673,1160,854,401,1006,1178,808,601,1099,784,631,956,744,1059,785,750,926,327,1283,624,684,830,823,634,1137,832,871,1518,1006,633,606,911,1404,896,1555,751,1534,728,1057,839,1166,1093,818,958,1408,511,878
"Gene1730",15,14,8,21,15,13,4,36,16,11,19,11,20,23,23,24,25,19,10,20,32,14,16,20,9,23,45,22,41,18,18,18,12,22,21,28,19,14,15,18,14,32,17,15,22,29,16,27,11,30,8,18,20,18,14,15,28,11,15,29,18,28,17,30,24,29,12,21,13,11,24,15
"Gene1731",6,2,7,2,6,6,7,1,2,10,1,7,7,1,10,3,6,2,1,4,3,6,2,6,7,5,3,2,4,6,1,4,3,5,6,4,1,4,10,1,5,5,6,5,6,1,8,1,9,4,6,1,3,7,3,2,5,4,8,3,3,5,4,5,3,4,2,3,6,7,4,4
"Gene1732",39,34,52,70,39,68,42,41,51,18,31,28,44,27,39,64,40,50,23,44,26,40,34,64,52,41,37,46,69,93,39,23,26,47,33,24,28,69,59,54,63,51,49,65,49,51,19,53,54,44,60,31,51,79,28,46,40,54,35,59,22,35,34,28,49,59,59,45,50,28,24,54
"Gene1733",9,9,20,18,12,14,27,17,19,27,37,13,27,30,15,30,10,19,21,16,24,14,27,10,16,24,13,24,19,30,25,24,14,17,25,32,16,13,19,17,24,16,19,32,6,27,17,39,19,19,11,17,12,14,15,19,13,18,17,21,11,19,23,10,17,21,16,26,20,6,22,35
"Gene1734",3,7,3,4,3,4,1,4,0,5,4,6,3,0,7,6,0,7,3,2,5,3,6,1,2,2,10,3,3,4,2,3,4,1,2,10,0,5,3,2,7,4,10,2,2,8,1,4,4,3,3,1,1,10,1,5,4,7,4,2,3,3,2,3,3,6,5,7,5,2,6,3
"Gene1735",19,20,17,3,19,7,8,8,12,23,6,18,19,18,34,20,22,16,14,38,25,22,29,17,22,13,14,5,16,19,18,23,12,20,18,25,21,17,16,21,27,31,18,27,32,17,16,24,14,27,31,21,22,20,12,14,18,11,24,15,23,26,7,15,17,19,16,9,21,43,22,18
"Gene1736",35,20,42,65,30,26,29,28,54,22,19,22,42,49,31,38,64,50,20,40,23,33,63,39,44,39,49,41,61,42,27,34,17,71,39,31,56,79,39,53,41,36,41,30,36,35,23,42,35,17,26,79,18,30,42,39,36,21,20,31,36,13,38,85,30,26,36,45,26,38,59,27
"Gene1737",23,7,22,4,15,6,19,8,8,6,29,28,17,11,19,8,16,8,8,12,16,12,15,10,5,12,22,10,16,18,7,9,12,21,14,17,10,27,13,29,5,32,10,9,18,21,10,17,7,12,20,10,13,15,14,20,12,13,27,17,17,16,14,24,9,10,12,7,9,8,7,8
"Gene1738",123,184,124,221,178,66,141,183,79,207,86,86,116,105,104,116,97,183,160,61,174,289,147,130,159,82,108,99,201,89,83,160,106,60,128,148,89,149,87,55,115,76,143,93,75,74,144,136,75,128,103,114,159,122,50,166,162,109,224,105,196,182,89,190,35,184,141,143,137,119,110,146
"Gene1739",319,101,259,129,89,143,72,142,105,147,228,112,109,96,297,187,211,144,202,299,93,177,176,215,104,215,134,199,95,225,238,218,248,194,48,222,193,228,187,234,262,194,150,199,74,129,179,184,178,87,135,135,126,214,113,151,269,183,157,115,138,186,117,124,136,338,153,108,255,114,202,205
"Gene1740",23,48,68,55,25,84,18,49,55,34,52,35,38,80,19,27,47,43,37,41,47,26,51,24,34,38,26,51,32,25,11,32,52,32,34,67,25,19,34,21,26,35,17,89,70,31,33,18,38,34,33,26,35,33,32,26,46,41,36,37,38,31,42,35,53,25,22,38,63,45,64,49
"Gene1741",3,5,8,9,6,7,4,5,6,4,5,7,16,10,10,8,16,9,3,7,16,3,6,4,9,11,8,16,0,9,11,10,6,17,11,11,4,3,13,5,27,15,7,5,9,18,15,5,11,9,17,6,7,11,19,16,9,16,11,6,9,5,10,17,7,10,17,1,8,8,11,4
"Gene1742",139,133,96,189,246,139,86,110,183,83,148,122,105,105,124,68,118,31,212,56,91,170,140,157,67,60,139,94,63,98,124,148,75,81,122,120,103,141,103,111,137,79,109,157,102,205,63,82,94,113,75,123,78,49,142,96,89,64,84,82,67,144,167,80,119,125,115,140,144,86,98,131
"Gene1743",20,37,17,24,32,30,17,19,10,23,43,15,18,18,32,15,12,19,27,17,26,15,17,30,11,31,11,25,20,10,35,14,11,8,15,11,32,15,18,6,17,17,14,23,30,12,22,19,20,16,15,17,13,16,25,12,18,27,23,24,15,22,22,14,4,9,2,11,6,3,3,11
"Gene1744",18,26,22,10,11,20,14,13,25,31,17,9,15,30,22,21,17,28,15,22,10,7,10,3,19,39,5,14,19,31,10,39,11,21,30,10,24,13,22,27,8,21,32,18,15,13,17,10,31,12,12,7,24,12,33,6,10,12,17,13,16,31,17,18,20,31,21,28,17,28,23,26
"Gene1745",48,69,61,42,75,22,50,61,41,51,32,50,60,95,57,103,72,58,82,50,114,75,49,67,71,46,89,67,82,44,67,29,48,102,71,48,97,68,54,49,50,49,86,117,40,68,61,75,64,89,85,39,96,52,69,58,83,113,66,71,44,66,115,71,69,68,92,50,86,78,67,56
"Gene1746",16,20,11,16,16,11,18,32,30,29,14,11,16,21,8,17,21,13,12,18,18,21,20,14,11,27,23,12,20,3,7,14,12,11,11,13,8,12,26,21,16,21,21,34,10,19,25,20,18,17,32,16,17,16,10,28,12,20,9,9,27,21,19,19,19,36,21,20,14,6,13,17
"Gene1747",46,41,48,43,63,66,20,32,32,47,21,35,36,25,72,40,24,57,47,62,27,26,30,24,74,43,46,51,31,38,28,34,46,62,32,52,33,30,58,41,22,13,28,52,39,25,23,18,38,44,44,30,97,27,83,45,32,38,58,64,52,32,32,25,44,25,80,45,31,71,48,22
"Gene1748",33,14,25,40,14,15,13,7,29,14,25,31,12,19,21,16,17,11,25,21,34,20,10,14,19,21,17,29,2,17,11,34,7,33,29,23,21,16,21,33,23,49,25,18,15,36,12,17,16,10,23,24,19,13,26,9,18,26,9,17,24,20,27,34,38,28,24,12,21,18,25,19
"Gene1749",94,64,109,88,42,79,47,53,72,168,58,101,42,99,99,89,100,163,75,112,110,54,125,71,126,58,117,76,57,68,63,103,158,61,82,55,141,58,106,139,98,40,103,128,101,88,76,76,115,85,59,113,91,88,48,113,29,98,127,72,120,114,129,114,51,101,36,64,54,107,46,88
"Gene1750",35,25,10,10,17,23,30,37,39,18,37,17,12,17,15,14,51,19,20,13,22,11,8,21,33,12,19,41,34,10,26,25,27,23,16,27,14,23,37,11,23,17,25,10,10,34,18,26,20,15,19,26,22,19,20,27,16,30,10,21,18,21,10,32,22,11,32,21,21,24,15,22
"Gene1751",26,16,14,19,23,20,24,32,12,24,14,11,11,18,10,11,6,26,23,30,15,3,3,14,19,21,14,22,37,17,8,26,20,26,12,17,15,12,22,19,13,11,13,18,41,7,32,25,16,25,3,24,16,21,8,18,17,10,16,24,12,24,16,20,9,18,19,10,14,4,24,16
"Gene1752",23,8,24,8,18,23,17,23,7,28,14,17,6,20,12,24,18,8,14,35,17,14,7,8,15,17,13,21,9,12,21,15,7,17,18,26,15,35,24,31,6,6,21,21,18,21,24,6,9,14,21,7,23,28,21,20,23,21,20,14,8,10,4,7,20,16,23,17,21,8,20,10
"Gene1753",40,35,90,75,41,76,19,70,63,65,41,63,32,81,79,36,64,90,66,51,43,61,49,46,64,37,46,60,77,69,68,58,34,56,42,57,31,119,33,62,39,42,54,41,30,40,35,75,81,47,25,57,49,23,22,66,41,48,73,22,66,31,47,59,58,13,27,27,72,41,43,34
"Gene1754",136,132,267,169,170,199,313,210,211,195,354,273,340,250,265,203,114,236,462,312,285,200,336,144,309,105,177,206,340,209,386,239,301,250,342,255,96,242,131,218,403,394,295,222,174,220,225,225,195,359,355,192,251,98,139,272,216,291,283,239,293,179,352,259,233,270,244,169,202,137,211,169
"Gene1755",23,16,18,11,23,16,14,8,18,31,39,33,18,19,22,29,22,26,12,32,22,11,44,14,18,21,8,26,14,29,13,14,21,20,12,7,7,29,6,11,30,21,13,21,25,22,16,16,22,20,15,22,9,31,11,23,19,9,10,18,25,18,20,6,14,21,32,25,12,14,28,18
"Gene1756",97,233,55,34,75,53,61,59,86,56,51,80,41,27,78,64,39,50,35,49,58,64,44,85,110,36,70,53,78,66,91,116,32,53,35,67,106,75,113,32,63,88,115,76,76,73,60,64,46,61,114,75,129,74,85,54,21,113,48,26,107,60,81,80,66,69,70,32,76,59,48,47
"Gene1757",18,40,5,17,23,18,23,14,17,7,23,21,25,28,30,19,33,32,17,23,26,22,48,26,20,27,27,24,21,11,11,26,22,41,30,34,15,27,17,19,34,29,56,16,18,24,44,14,26,14,21,23,23,38,49,20,39,17,31,7,17,21,28,17,25,25,26,16,14,19,34,13
"Gene1758",16,14,20,18,22,15,36,14,15,4,15,16,15,17,13,18,16,20,7,10,22,23,15,11,14,16,13,17,28,30,20,26,13,12,17,15,14,4,9,4,21,27,19,7,9,19,3,32,10,15,26,13,5,22,9,10,26,8,10,10,19,14,13,13,12,8,15,10,25,6,18,4
"Gene1759",283,128,345,206,241,229,267,215,213,311,218,167,208,316,214,161,107,255,239,181,138,295,125,226,149,154,203,186,383,267,157,367,210,161,207,144,103,254,244,182,243,276,340,220,59,139,291,226,141,342,183,224,121,184,123,103,149,125,242,169,171,183,143,252,187,184,229,93,194,190,196,286
"Gene1760",46,51,37,25,30,45,8,30,29,41,21,24,17,19,22,30,39,24,17,42,32,37,25,18,28,28,28,29,26,12,12,21,25,24,34,29,47,17,36,34,25,31,36,37,25,20,21,25,29,39,31,31,9,19,12,38,28,40,36,6,14,25,16,22,35,11,21,24,35,32,28,21
"Gene1761",289,349,370,298,324,548,347,227,347,409,366,549,396,352,431,549,198,685,325,270,453,205,290,410,290,218,294,711,486,300,260,385,275,630,555,260,467,166,527,425,388,222,139,383,428,346,301,454,372,707,187,328,618,553,258,335,414,451,288,711,525,490,400,360,232,593,266,603,473,250,357,454
"Gene1762",13,43,25,26,26,34,29,15,22,12,66,30,27,24,22,17,23,38,12,16,19,13,8,22,10,24,13,47,14,25,27,14,21,10,20,42,45,15,36,10,10,46,34,30,17,23,34,14,13,21,22,11,25,36,25,13,23,32,37,15,46,12,14,21,26,15,15,32,32,17,11,12
"Gene1763",103,85,74,134,137,88,89,82,91,197,139,68,206,107,151,108,140,139,134,120,123,75,137,122,82,85,108,107,106,97,184,174,98,164,71,94,197,59,98,107,112,62,98,124,187,100,69,111,98,69,120,111,124,97,125,56,48,209,216,103,153,71,144,147,129,89,77,129,94,100,71,226
"Gene1764",138,79,365,134,101,320,165,198,153,329,167,369,247,289,122,222,200,169,266,178,164,265,124,181,125,198,185,140,198,179,182,185,223,210,141,209,69,218,200,262,215,251,252,117,122,145,158,220,178,250,264,320,213,106,227,192,255,417,164,189,379,211,138,163,193,154,240,204,138,137,183,187
"Gene1765",367,561,747,745,1173,563,869,1045,215,957,980,1039,690,697,688,559,1152,464,1225,997,841,1303,1078,852,560,458,479,948,754,308,952,1224,1295,743,391,507,684,915,279,481,903,561,519,886,916,984,607,603,761,421,497,801,405,522,749,808,694,1256,898,504,349,584,707,664,883,789,730,584,489,461,370,580
"Gene1766",15,24,19,11,15,13,17,15,11,13,26,15,25,4,14,26,16,20,20,35,17,17,19,26,21,11,15,29,15,30,11,16,37,16,8,22,26,26,14,22,26,12,39,30,28,6,12,17,28,17,54,35,9,31,22,19,17,16,6,19,12,28,12,30,15,7,49,13,40,10,10,24
"Gene1767",53,93,128,80,73,39,73,112,40,83,22,67,87,56,53,40,53,83,79,32,67,199,16,51,94,78,42,39,87,53,58,120,129,49,95,56,62,69,56,78,86,49,84,47,63,104,47,97,74,31,71,74,70,70,73,45,66,44,137,82,82,34,84,30,66,57,46,22,37,41,77,39
"Gene1768",123,212,127,183,135,138,182,186,267,216,232,162,220,190,153,166,104,169,143,239,79,202,138,168,227,192,145,193,138,168,194,125,155,101,191,220,99,316,112,141,162,294,166,303,129,269,172,130,247,279,141,169,87,154,155,142,321,248,135,224,266,112,162,213,228,113,133,168,215,174,123,167
"Gene1769",39,21,19,29,28,18,35,32,10,37,28,16,29,16,26,20,31,26,23,38,20,35,19,10,58,32,24,16,34,32,40,35,19,13,29,9,47,32,12,34,28,21,29,16,15,33,22,19,24,41,7,14,26,11,24,37,37,26,33,26,20,20,20,36,13,31,35,39,20,23,61,66
"Gene1770",113,155,105,62,63,97,106,48,123,127,85,174,152,67,127,129,147,143,162,68,106,125,117,97,109,61,121,86,69,177,109,91,103,224,96,136,70,49,120,159,139,60,154,125,167,153,175,143,93,30,104,76,179,66,80,89,82,129,50,121,119,72,118,60,65,39,122,165,131,83,43,78
"Gene1771",31,36,16,50,35,50,13,21,23,41,22,36,40,50,31,31,20,22,48,22,50,57,8,17,48,28,46,27,28,37,44,39,36,27,56,52,39,56,35,21,36,40,27,23,37,59,32,52,26,34,22,23,33,26,49,50,41,42,21,43,13,57,14,38,38,25,13,51,28,39,23,51
"Gene1772",20,16,15,14,10,4,10,6,13,11,12,5,5,25,11,13,11,5,18,21,10,11,18,28,18,29,7,26,6,15,10,8,20,14,19,4,18,9,18,12,24,14,8,12,16,25,23,24,19,10,12,26,12,15,8,11,15,14,16,11,13,22,6,5,21,32,13,11,8,14,11,15
"Gene1773",7,1,2,1,3,2,5,5,5,4,3,3,4,1,5,6,7,6,3,4,3,4,3,5,1,0,4,2,3,2,5,5,7,3,6,1,6,3,3,2,5,4,5,3,7,3,4,2,4,3,7,6,3,5,3,3,7,5,4,5,2,12,2,2,2,7,3,5,4,1,5,4
"Gene1774",42,94,57,94,110,84,80,104,75,200,187,81,92,53,126,114,88,79,127,81,202,116,46,74,141,67,72,114,66,72,93,93,98,79,112,90,70,123,129,175,51,123,87,148,66,104,104,100,136,84,97,65,101,84,154,135,62,88,91,85,131,100,59,92,110,102,144,122,76,132,79,74
"Gene1775",15,28,35,25,43,27,15,24,59,20,48,14,16,23,75,38,24,40,32,19,15,61,38,34,42,30,72,30,14,24,44,28,11,33,27,55,32,38,41,70,60,48,30,23,26,69,39,49,48,19,27,57,34,51,34,57,55,39,34,48,23,16,22,48,42,40,33,32,56,22,25,33
"Gene1776",285,389,368,494,376,345,470,745,303,253,245,535,561,340,418,550,486,461,600,316,344,577,314,166,240,518,418,323,242,588,425,740,611,273,560,908,889,365,267,382,338,550,379,309,426,448,445,274,417,422,530,480,369,321,442,553,486,355,824,348,295,268,216,307,568,315,250,343,704,429,439,342
"Gene1777",7,7,15,24,8,15,17,5,11,17,9,14,16,19,6,15,6,8,20,14,8,12,12,20,13,18,10,16,15,14,8,6,10,14,16,16,13,18,18,13,17,17,13,12,27,9,9,13,8,20,22,5,13,16,11,6,13,24,10,18,11,6,19,8,16,15,12,17,19,6,13,22
"Gene1778",43,26,27,52,23,27,29,17,47,16,49,19,42,27,37,25,28,33,25,22,47,33,27,27,25,28,43,35,40,25,16,54,21,29,13,38,33,52,47,41,17,32,19,47,25,44,25,19,34,14,39,21,42,13,30,30,18,18,31,34,16,50,19,61,25,46,20,28,42,18,47,21
"Gene1779",113,203,57,146,110,75,155,170,117,126,145,188,243,179,161,118,283,126,86,97,178,149,205,81,122,117,41,221,77,149,188,107,233,173,146,180,152,149,149,132,55,138,226,149,209,103,201,185,236,136,179,91,224,124,143,117,149,301,152,274,255,55,229,197,59,171,142,65,146,121,162,131
"Gene1780",44,58,47,13,59,24,26,30,27,51,38,49,25,16,37,36,17,54,34,32,33,46,35,24,25,35,37,34,50,41,39,52,47,13,77,78,39,40,37,28,27,42,68,26,28,21,39,31,43,99,47,69,30,86,43,20,54,17,24,45,27,34,49,33,34,19,22,29,46,33,44,80
"Gene1781",72,129,83,153,103,137,109,171,72,73,138,135,67,86,50,100,95,77,88,94,86,63,174,99,119,135,132,94,109,70,74,121,77,134,160,120,63,41,82,99,116,110,53,125,96,100,106,41,95,132,79,79,119,89,100,84,110,195,89,90,97,125,88,140,71,77,94,52,68,78,86,96
"Gene1782",400,215,271,218,150,294,359,352,148,204,324,227,257,270,308,238,279,316,253,246,397,389,207,188,214,371,355,300,284,452,128,337,131,218,326,315,273,194,204,306,209,257,257,121,273,490,253,196,266,239,305,317,349,206,210,586,348,411,331,263,306,242,481,241,245,145,351,301,207,391,199,105
"Gene1783",1009,793,602,788,708,536,420,757,1202,740,545,551,862,847,299,387,543,555,959,907,574,1108,439,535,708,908,474,437,1069,903,620,638,1034,1348,733,1098,747,250,879,1026,426,725,1024,383,366,1169,1283,908,1005,688,615,596,320,623,493,802,437,652,630,766,1376,419,1087,908,542,309,590,912,645,906,717,322
"Gene1784",70,65,93,53,47,66,46,108,81,96,63,64,33,79,50,80,66,28,47,66,77,47,69,70,48,75,39,54,42,53,63,47,67,51,35,100,39,50,67,80,47,71,40,79,47,50,69,60,33,49,53,37,52,44,53,18,35,40,81,55,50,46,58,62,11,2,12,8,7,6,11,14
"Gene1785",16,17,20,15,20,25,21,21,28,25,12,18,12,13,20,14,22,17,5,13,28,19,38,29,19,20,27,7,6,16,29,15,21,24,10,25,30,15,22,24,21,15,13,30,30,24,33,21,29,20,18,28,24,16,22,14,10,14,11,16,21,27,25,17,31,16,20,14,31,11,16,27
"Gene1786",12,5,16,20,10,6,10,16,14,16,18,11,24,8,23,26,9,19,14,12,20,8,19,12,11,22,10,14,21,12,26,20,12,17,10,9,8,17,15,8,14,21,10,17,9,15,14,15,15,21,21,36,25,11,11,3,6,9,12,20,18,13,13,19,23,27,4,2,13,24,19,18
"Gene1787",37,28,37,25,39,23,18,27,37,15,35,24,35,37,30,20,43,52,32,32,22,16,21,22,25,27,203,192,193,234,184,179,22,23,25,22,40,35,34,25,24,25,31,18,41,42,29,25,41,38,25,17,47,34,35,13,19,22,53,40,35,42,41,41,19,32,45,11,22,25,25,25
"Gene1788",62,34,40,30,31,31,24,34,34,15,13,31,25,46,17,21,14,32,40,35,50,44,25,41,8,25,26,47,42,19,29,19,22,33,33,30,38,17,38,19,28,35,34,36,33,31,33,43,21,44,21,35,47,56,42,22,25,17,38,20,47,22,40,36,50,23,34,52,40,79,19,51
"Gene1789",10,11,14,21,3,7,10,17,14,11,17,14,7,12,27,20,14,13,3,6,10,8,16,10,10,16,13,8,17,3,9,5,17,14,8,11,13,9,15,12,7,15,16,18,8,9,9,18,8,10,6,15,2,22,16,16,18,12,10,6,11,21,17,10,5,12,15,19,9,8,9,3
"Gene1790",138,110,138,174,86,143,80,59,95,117,76,90,114,120,105,73,137,148,115,90,123,49,116,36,111,133,83,178,90,173,126,86,138,152,42,142,68,152,115,94,172,120,58,69,154,58,147,120,170,72,129,125,118,101,80,111,102,88,105,195,170,119,103,118,81,124,98,164,119,107,119,91
"Gene1791",317,342,503,388,200,215,625,348,607,272,195,427,226,177,240,368,249,214,197,226,177,420,247,265,263,163,176,364,494,238,317,134,466,264,125,254,229,403,141,180,283,330,124,574,190,424,274,242,229,259,410,289,502,308,277,375,150,208,350,408,183,346,202,353,184,391,88,265,123,141,455,176
"Gene1792",40,37,29,39,24,46,39,53,26,41,11,19,22,36,34,28,46,46,32,33,14,44,29,41,49,23,55,25,35,45,21,23,37,33,34,49,46,18,31,29,20,43,26,30,41,41,20,28,19,22,21,49,18,43,36,28,35,11,33,39,22,16,33,29,27,28,37,56,26,20,41,28
"Gene1793",18,23,15,23,9,7,17,18,18,8,18,11,15,20,15,20,14,12,29,19,11,20,14,27,13,14,13,6,25,16,15,2,12,12,5,19,11,15,20,14,19,3,19,11,18,11,10,7,19,8,16,9,17,13,12,22,19,16,15,8,28,14,7,26,6,35,11,13,14,11,13,18
"Gene1794",10,23,10,7,6,4,10,17,4,18,6,7,13,6,14,23,17,18,8,10,11,8,10,10,8,9,6,10,10,17,16,14,11,15,15,8,15,15,13,15,11,10,14,15,13,16,23,16,12,6,12,16,19,20,14,20,7,3,10,15,24,16,10,8,12,15,9,4,14,13,12,8
"Gene1795",144,81,193,112,166,153,62,104,66,125,99,156,146,243,145,207,174,172,192,200,105,142,109,85,83,157,144,127,138,77,81,212,120,119,184,190,130,96,77,118,137,167,246,126,195,122,73,159,201,125,179,113,207,186,145,104,84,124,179,217,209,186,133,209,167,296,189,157,171,73,69,189
"Gene1796",54,35,95,47,44,62,67,49,37,48,62,66,48,24,67,66,56,42,40,48,30,54,92,27,28,62,46,69,39,53,76,39,84,63,46,97,49,62,37,49,61,34,37,47,83,81,48,61,41,75,50,53,49,54,51,21,37,22,110,51,64,45,57,65,30,34,44,63,19,99,81,63
"Gene1797",4,12,15,8,12,6,8,1,4,10,3,5,5,1,0,4,3,4,2,4,10,6,5,1,7,4,6,9,3,8,6,9,3,7,8,4,6,6,2,3,2,15,8,3,5,9,3,5,5,7,6,8,8,7,9,3,4,4,9,8,5,8,4,3,4,5,6,2,13,6,3,3
"Gene1798",42,38,20,39,74,62,60,33,58,65,55,26,56,33,56,37,61,50,36,60,36,45,74,31,45,71,75,53,31,28,29,70,41,61,25,37,65,25,29,41,31,57,29,29,71,59,35,51,65,46,43,21,37,28,51,73,45,63,55,25,33,19,35,93,33,45,20,58,45,61,51,35
"Gene1799",50,49,79,78,31,44,65,111,41,82,85,22,40,41,100,76,45,39,76,44,49,52,32,77,34,97,61,53,41,68,61,21,43,69,48,19,64,33,58,43,41,45,79,44,90,61,31,58,59,84,53,25,56,51,41,75,48,71,44,40,58,20,102,37,51,92,86,37,65,60,42,34
"Gene1800",27,24,20,8,27,49,23,19,36,22,12,20,25,30,13,25,17,9,27,21,10,14,23,22,25,28,29,32,16,26,12,20,14,23,37,11,23,27,27,24,15,3,37,13,28,29,7,32,14,16,14,24,13,38,40,37,17,11,29,6,21,10,38,8,27,32,19,31,21,19,17,14
"Gene1801",8,13,16,18,8,15,10,18,6,7,9,16,12,14,14,11,12,8,20,9,10,8,25,16,16,5,11,18,11,7,20,11,16,8,30,10,26,9,9,12,12,8,11,13,15,14,14,9,9,11,16,6,18,15,18,13,11,18,11,20,13,11,12,13,21,25,21,16,9,7,5,13
"Gene1802",15,62,23,31,37,54,25,37,22,35,53,26,34,60,64,20,41,52,46,46,32,50,25,22,44,31,65,34,24,23,18,31,40,30,22,46,24,28,6,21,14,48,28,24,41,21,36,35,32,29,21,36,22,31,32,21,33,33,37,29,27,9,31,29,25,32,17,13,32,46,13,30
"Gene1803",18,31,26,21,28,21,23,14,17,28,14,33,25,10,23,36,15,18,30,29,12,12,32,31,27,9,23,25,14,21,17,18,11,14,31,40,29,24,33,38,10,7,19,10,25,14,14,16,33,19,28,39,21,36,28,23,33,20,30,17,22,34,12,28,1,1,4,2,3,4,2,2
"Gene1804",16,54,31,17,15,22,23,30,13,19,26,16,14,61,18,37,35,10,18,43,32,35,32,23,14,36,15,12,11,25,27,22,13,28,23,54,9,16,20,15,33,17,17,43,33,13,20,17,54,19,25,30,21,30,20,41,18,35,23,20,35,17,19,16,33,15,26,15,11,32,13,23
"Gene1805",5,3,2,9,3,4,4,5,8,14,3,2,3,5,6,0,0,2,2,11,3,2,2,3,4,0,5,4,5,1,3,3,1,3,1,5,2,3,6,7,3,4,4,3,6,2,3,4,3,8,4,9,1,4,4,5,6,6,3,3,5,3,2,2,0,0,0,0,1,0,1,1
"Gene1806",22,46,18,44,66,40,49,46,40,69,63,32,14,21,31,13,60,75,58,40,64,28,53,26,69,34,41,43,47,49,44,41,41,29,36,29,26,27,27,13,28,65,41,73,42,41,53,35,39,50,19,51,68,40,46,75,31,36,57,52,39,52,40,49,14,24,46,34,30,33,69,48
"Gene1807",177,338,154,168,256,278,218,124,384,189,139,156,297,194,125,192,92,209,86,165,131,248,102,99,135,91,154,175,196,186,99,134,148,137,146,159,83,110,126,153,122,207,83,256,223,247,170,215,149,212,223,161,77,122,199,176,156,128,259,100,121,163,115,396,170,112,193,119,162,125,154,120
"Gene1808",133,176,210,136,144,240,236,159,136,198,168,356,148,364,145,141,113,243,299,285,457,264,257,274,302,303,363,283,132,220,383,238,252,251,141,261,245,102,249,256,302,168,116,226,133,155,199,177,102,175,279,112,249,246,210,191,293,273,316,304,280,241,269,198,239,219,335,177,217,185,190,207
"Gene1809",676,478,415,1012,418,613,432,405,729,328,511,757,367,908,247,793,300,1291,491,478,473,513,807,456,516,565,756,670,643,372,551,845,735,241,483,835,778,504,691,445,217,737,637,973,657,469,947,535,626,718,1234,638,851,634,794,563,519,1208,963,459,513,1000,757,614,342,570,413,557,852,765,769,526
"Gene1810",78,41,133,51,28,43,70,50,58,63,94,88,51,72,77,61,102,77,62,92,125,80,68,46,78,102,45,85,34,124,39,92,113,63,69,73,116,49,101,42,84,87,93,47,47,77,47,58,80,53,60,104,74,62,119,68,49,40,96,63,65,67,41,49,75,45,91,66,119,85,54,41
"Gene1811",13,8,8,27,30,11,11,11,17,13,20,39,23,22,18,9,17,12,27,12,10,17,20,6,20,8,12,23,6,19,15,13,13,24,13,23,7,21,8,6,5,15,10,19,6,10,7,20,11,17,13,13,17,10,14,31,20,24,18,23,19,21,17,21,19,18,8,20,8,15,24,8
"Gene1812",74,138,107,156,41,161,127,73,161,117,79,121,56,103,119,127,172,83,148,91,135,76,112,64,63,38,120,40,102,78,119,149,114,84,104,200,139,71,145,109,61,74,54,63,109,86,153,67,61,179,104,92,119,42,76,71,138,99,196,62,81,66,38,59,129,77,70,105,97,77,97,121
"Gene1813",293,174,145,118,278,183,282,200,174,281,177,289,201,320,273,275,215,188,313,122,177,357,108,122,126,203,174,80,265,219,144,327,224,85,140,94,272,227,211,164,309,243,223,187,309,234,165,232,200,314,123,49,186,188,354,215,269,212,192,172,182,156,223,228,199,230,138,150,256,148,156,329
"Gene1814",286,413,502,852,536,333,446,648,880,608,569,784,346,576,345,490,420,294,482,614,597,740,505,420,236,607,543,653,388,398,722,592,380,609,612,417,868,349,548,774,578,556,440,441,605,680,286,636,765,326,711,603,380,290,537,425,412,360,334,345,766,575,449,683,560,885,567,748,410,561,351,933
"Gene1815",155,109,124,120,234,68,213,184,77,162,191,157,131,325,75,64,53,91,211,170,123,116,129,95,192,265,195,176,89,77,102,95,139,78,120,88,113,141,238,151,106,256,144,154,222,218,122,133,93,138,237,61,180,136,81,89,72,133,208,129,189,183,150,92,193,102,102,219,45,142,132,162
"Gene1816",218,440,190,378,320,258,123,327,339,291,238,355,321,295,218,279,288,392,272,399,236,231,205,217,288,349,232,386,343,199,313,388,329,246,118,341,188,367,345,232,163,289,403,300,158,357,244,249,255,168,369,311,414,359,288,155,134,275,560,249,290,290,401,304,297,350,144,178,320,354,89,228
"Gene1817",144,77,119,107,61,83,49,75,93,127,145,68,90,195,99,130,97,96,71,68,69,39,168,130,92,152,153,82,187,71,130,53,130,112,93,160,39,95,160,51,115,80,62,122,122,109,48,105,80,71,53,82,50,68,124,41,121,122,34,117,89,72,85,113,76,108,97,85,95,74,43,78
"Gene1818",4,5,7,10,20,4,8,5,7,5,6,4,15,9,14,15,8,3,14,20,13,11,8,9,17,26,14,8,9,8,6,16,8,9,25,3,9,13,24,10,17,14,11,9,13,9,8,13,12,10,10,17,13,8,6,8,5,10,13,10,20,11,18,5,10,9,18,7,7,18,15,14
"Gene1819",14,21,21,25,29,28,24,22,23,10,13,12,16,18,24,21,29,17,16,7,32,17,28,13,17,19,15,25,24,25,13,9,11,28,4,9,19,17,30,20,16,18,16,29,37,25,23,16,17,24,36,16,26,15,16,17,15,24,11,18,20,22,17,15,28,25,25,9,15,28,11,24
"Gene1820",770,397,319,457,285,508,523,404,439,604,652,487,546,858,431,315,555,496,242,600,705,687,527,443,556,425,674,334,370,1036,627,526,863,593,496,304,582,447,513,717,328,442,380,566,652,311,629,403,572,441,403,471,477,533,317,713,736,488,684,319,518,412,255,286,797,566,267,467,546,534,529,454
"Gene1821",136,165,130,64,166,95,159,125,114,96,149,71,177,111,209,189,195,79,266,180,142,52,160,116,152,133,154,128,229,71,120,195,129,92,97,100,122,111,102,120,51,53,129,157,174,80,143,94,122,97,114,110,172,92,111,129,106,42,74,169,115,206,75,152,102,73,180,49,148,105,105,70
"Gene1822",26,26,23,19,20,28,25,19,21,21,31,25,23,25,20,45,14,6,28,28,32,29,26,7,22,28,18,3,25,19,33,13,16,17,33,21,41,45,35,18,23,37,24,18,52,19,22,22,34,13,13,16,45,46,8,24,21,22,30,20,32,22,19,19,5,2,9,5,4,9,2,3
"Gene1823",20,21,14,28,24,24,14,15,21,42,4,53,21,24,49,23,10,38,16,13,22,35,35,12,40,5,19,50,26,14,20,12,30,29,14,13,31,25,17,52,24,17,28,20,21,29,45,19,11,12,6,21,8,39,17,13,25,22,28,28,35,31,16,29,30,14,22,17,21,12,36,33
"Gene1824",15,24,24,9,16,19,4,20,52,26,22,12,18,4,7,9,8,24,32,34,30,8,13,16,29,19,17,12,18,14,11,18,30,10,10,21,24,19,14,12,14,15,11,16,22,6,7,8,17,14,13,24,22,14,20,10,17,18,15,11,18,6,8,19,30,12,26,18,21,8,20,18
"Gene1825",50,59,78,112,90,65,54,59,32,101,67,83,90,50,55,99,86,107,40,71,56,28,58,57,53,89,77,73,64,43,59,56,83,45,49,68,40,57,81,71,48,68,65,41,74,50,32,72,66,101,62,109,86,76,78,65,59,48,63,32,48,110,58,73,34,58,98,65,73,52,83,68
"Gene1826",37,46,36,28,36,15,28,30,36,14,64,57,37,52,19,45,41,42,46,25,19,31,44,29,38,40,42,53,38,43,49,42,57,60,54,32,39,24,34,50,60,18,44,29,41,18,108,30,28,47,35,38,44,27,37,67,47,50,23,52,47,50,20,52,18,12,26,51,82,31,35,50
"Gene1827",18,7,25,9,8,28,17,19,11,15,16,8,13,14,28,28,22,17,26,34,9,16,20,14,25,17,23,17,15,15,14,13,13,19,5,9,23,11,13,16,12,17,18,2,26,4,7,27,28,7,16,11,11,20,37,15,8,9,9,25,21,19,10,19,10,23,21,16,19,23,13,29
"Gene1828",290,188,195,168,193,191,173,81,105,193,207,234,209,309,447,247,361,252,232,154,237,137,350,223,163,334,196,168,407,259,300,95,339,229,200,282,170,371,220,209,78,193,410,230,275,140,417,190,368,319,412,141,111,256,351,245,159,342,122,216,161,171,299,206,353,313,278,461,213,93,235,158
"Gene1829",21,58,45,50,77,93,44,45,45,81,79,83,49,109,11,71,51,26,50,77,29,67,63,55,42,34,80,45,29,51,74,47,66,111,40,117,41,134,49,66,45,22,61,48,41,112,29,13,54,34,41,61,46,58,59,38,51,38,33,59,55,59,76,60,89,28,39,48,90,104,86,53
"Gene1830",118,176,161,235,199,190,96,151,172,230,125,77,101,124,112,81,90,164,179,96,80,113,115,210,100,154,177,79,135,178,137,75,105,199,115,138,93,212,184,165,103,174,116,138,127,115,82,125,124,94,158,167,234,140,185,181,106,228,156,120,141,127,173,80,79,90,166,125,110,180,71,140
"Gene1831",63,26,40,43,38,11,29,37,43,26,38,49,52,30,28,34,23,33,14,43,30,45,32,36,26,52,39,61,37,59,43,32,30,39,44,26,55,35,30,23,21,35,28,18,53,47,29,26,32,38,33,41,22,29,30,39,19,39,25,45,41,23,24,32,21,20,26,21,53,54,25,29
"Gene1832",133,34,57,82,21,65,41,65,87,61,71,107,65,48,74,137,60,89,83,83,58,63,78,46,30,107,53,82,96,53,47,49,70,51,129,58,44,49,44,47,31,47,79,112,51,97,39,84,97,58,59,95,57,60,81,43,66,71,66,57,61,51,61,73,60,71,46,71,32,117,38,51
"Gene1833",182,219,110,140,164,165,202,196,222,105,352,301,149,190,117,253,153,117,207,225,143,174,315,200,252,240,217,223,79,256,191,304,209,181,217,32,138,340,216,91,199,98,103,219,321,229,160,122,245,233,230,181,155,223,97,180,145,213,199,182,220,214,169,198,59,34,34,41,26,65,52,39
"Gene1834",87,65,83,135,129,87,129,155,127,138,91,102,72,85,181,181,94,211,200,115,105,89,110,154,107,107,81,77,85,78,142,81,129,175,74,54,193,83,107,194,163,91,60,129,136,73,261,122,95,154,102,140,112,140,174,128,119,83,183,215,133,135,242,122,64,153,111,151,215,83,99,141
"Gene1835",184,142,111,221,172,130,179,65,224,169,240,129,109,228,161,261,163,188,184,106,51,111,322,123,144,204,151,151,129,122,89,247,167,221,87,160,82,185,225,143,121,99,175,104,193,255,137,157,162,154,243,129,162,252,178,291,99,97,124,171,145,301,162,139,158,256,100,170,228,191,138,137
"Gene1836",13,5,9,9,4,6,6,7,10,6,5,9,14,5,9,9,12,4,3,7,5,1,4,5,5,7,12,9,9,1,0,6,13,1,8,7,2,2,8,5,6,7,8,10,9,6,13,4,5,4,7,2,3,6,2,3,6,2,5,7,4,7,2,3,4,7,9,6,15,9,9,12
"Gene1837",114,75,83,63,76,69,60,61,112,65,48,51,65,20,84,83,67,67,105,49,37,101,93,52,58,59,52,84,55,37,89,73,66,71,95,56,46,51,84,82,39,25,40,78,50,108,81,86,109,12,83,34,68,38,37,113,47,68,116,58,87,84,90,67,58,72,96,86,65,76,85,107
"Gene1838",23,37,30,35,69,29,61,48,42,26,27,50,20,49,38,25,39,40,28,33,41,41,95,41,54,28,30,51,80,43,18,25,34,40,28,50,52,27,67,31,15,44,13,24,25,21,55,58,43,20,73,34,59,11,108,18,41,55,43,46,26,25,22,30,17,44,24,53,49,27,46,68
"Gene1839",30,14,32,55,18,31,61,20,24,13,43,50,30,19,47,20,33,30,34,15,22,14,33,13,23,26,21,29,44,32,32,13,28,17,14,20,15,21,35,16,25,13,15,25,15,13,26,36,20,44,21,34,23,16,17,44,20,31,22,18,23,14,20,17,14,27,17,18,19,22,25,41
"Gene1840",29,42,18,32,32,24,28,31,22,17,30,25,26,50,28,9,26,27,15,51,22,19,37,25,46,21,31,40,24,40,28,38,18,34,14,34,43,43,12,18,26,41,30,28,33,31,47,33,21,16,40,14,26,31,34,35,23,16,41,31,37,27,39,30,12,42,17,16,60,35,25,42
"Gene1841",305,128,310,494,707,524,464,438,575,368,167,828,253,386,248,383,538,449,463,618,398,764,164,678,232,681,336,329,429,372,756,416,430,360,542,501,386,332,307,225,490,246,527,519,567,834,378,325,502,619,331,191,270,296,224,412,573,204,394,429,532,644,550,118,300,293,891,330,299,361,265,553
"Gene1842",93,42,57,148,91,91,109,171,37,102,115,66,57,84,45,111,72,95,75,108,113,92,55,124,140,71,90,53,88,123,50,34,106,178,52,90,97,81,98,81,36,85,106,106,91,63,91,100,109,98,112,96,95,82,69,123,40,168,100,57,109,130,69,124,84,115,70,92,94,103,110,78
"Gene1843",68,20,43,82,14,38,47,37,30,35,37,44,77,62,68,41,44,23,38,24,61,43,20,50,50,73,67,60,32,32,29,23,36,48,40,39,43,33,29,50,33,38,38,50,74,58,28,14,45,55,35,71,43,34,49,41,43,20,43,48,55,54,52,48,64,67,50,38,62,43,27,40
"Gene1844",229,212,142,127,159,118,141,203,135,86,143,248,109,162,162,164,201,112,157,95,118,128,126,143,270,157,280,89,229,87,88,319,177,85,203,95,172,148,256,160,209,96,177,216,216,260,190,200,112,191,95,167,172,202,258,227,41,221,141,183,172,188,249,157,181,250,62,143,288,180,184,261
"Gene1845",39,23,26,21,29,41,45,31,24,21,12,16,33,21,14,17,25,40,24,44,19,22,23,23,28,21,25,32,27,19,35,25,19,22,44,47,30,47,66,73,22,16,22,58,18,17,26,32,32,32,64,4,23,17,22,25,22,39,32,45,34,22,35,20,44,28,16,44,25,20,35,38
"Gene1846",108,53,106,62,109,50,29,81,66,80,49,61,52,66,41,83,66,87,98,72,73,93,36,43,89,81,70,39,43,81,95,36,92,111,29,46,49,85,81,74,132,61,91,53,91,60,52,57,76,50,67,72,95,101,68,47,57,78,45,49,76,145,61,40,40,63,47,22,49,148,64,67
"Gene1847",420,442,163,257,423,386,284,443,170,419,326,241,369,411,516,357,336,181,283,250,297,233,233,585,528,446,327,310,464,283,150,317,449,231,309,342,571,442,476,111,225,316,339,326,420,292,344,325,481,415,436,206,196,191,187,316,346,284,328,273,279,185,220,271,252,290,424,411,430,281,264,390
"Gene1848",67,23,63,40,26,34,71,41,23,63,27,45,32,39,42,36,42,63,31,32,19,32,45,30,23,62,51,37,48,59,32,16,61,41,24,24,53,36,37,25,45,44,25,23,28,34,16,48,41,44,36,63,40,26,37,23,44,49,32,39,40,55,33,21,33,39,37,47,49,36,25,21
"Gene1849",17,13,32,13,29,14,13,14,24,36,29,23,28,16,19,29,15,32,33,40,13,10,24,11,18,34,10,22,52,46,15,13,4,32,15,32,11,12,34,11,11,29,16,20,22,12,12,26,8,41,29,23,29,16,20,20,9,9,20,13,27,29,22,29,26,15,32,44,22,23,12,12
"Gene1850",40,24,38,49,20,26,16,32,48,24,39,11,34,35,17,45,32,54,25,28,34,29,45,20,20,22,35,45,10,24,32,48,33,16,36,34,29,27,16,9,37,38,30,44,24,13,20,18,27,24,36,21,23,15,29,43,27,42,16,23,19,57,44,15,30,35,23,32,26,15,16,46
"Gene1851",13,9,10,11,15,35,12,4,18,18,17,7,9,24,10,24,32,8,11,12,18,5,14,14,13,9,2,34,10,12,15,12,9,19,20,29,14,9,27,10,11,9,10,28,14,32,11,6,16,13,15,27,22,5,25,23,7,11,10,18,13,6,18,19,26,7,7,21,16,13,21,36
"Gene1852",127,55,82,74,111,73,77,105,66,65,70,65,53,68,56,128,72,62,65,68,88,102,48,88,85,52,33,44,51,39,78,89,76,47,36,42,106,53,76,114,53,77,79,87,65,70,88,156,71,131,91,37,52,74,50,47,53,85,101,102,96,95,106,86,423,417,643,527,303,429,613,452
"Gene1853",67,47,90,31,82,102,52,46,76,68,78,69,109,50,87,49,81,99,105,49,96,58,85,62,123,134,45,50,53,77,91,102,53,69,90,96,99,114,51,62,79,97,77,65,114,110,38,88,147,124,96,128,38,61,110,60,74,48,83,99,79,72,73,87,567,500,484,437,471,537,480,546
"Gene1854",219,132,157,108,104,103,251,141,81,213,197,155,183,232,143,224,106,80,128,78,143,146,148,125,160,213,69,235,149,90,104,198,125,167,108,146,184,170,131,149,137,199,76,105,159,89,186,182,154,116,237,82,47,172,82,133,129,179,200,128,153,119,123,76,157,203,74,62,81,121,138,98
"Gene1855",494,565,326,508,363,429,283,253,640,569,419,445,631,579,654,428,434,411,413,452,569,366,630,643,722,687,570,433,523,581,452,507,512,284,309,510,591,745,612,348,468,304,420,271,389,621,507,786,456,120,555,310,577,493,478,241,259,748,417,438,617,386,451,658,496,429,492,286,729,726,431,255
"Gene1856",275,385,270,342,138,336,333,398,251,234,354,380,134,218,229,257,370,242,226,250,332,463,306,440,302,222,130,191,289,325,259,193,202,207,303,164,181,465,274,182,308,459,208,235,259,215,268,269,388,389,201,388,339,287,298,272,233,340,252,171,147,240,283,199,340,317,283,204,327,260,322,155
"Gene1857",9,11,23,16,11,8,26,13,7,22,11,13,9,11,20,5,14,13,13,10,16,8,29,8,5,12,17,13,14,15,3,4,12,20,11,6,18,4,22,13,6,1,12,18,6,11,16,29,21,13,11,11,15,9,17,18,8,8,10,11,8,8,16,11,4,7,17,7,22,13,17,21
"Gene1858",696,492,388,685,690,489,982,362,482,504,562,750,839,280,622,488,338,441,526,871,780,957,405,556,296,464,444,345,567,766,214,711,743,430,574,389,1235,723,256,398,406,652,570,533,707,916,750,755,637,534,349,723,188,570,644,576,681,918,517,773,873,1077,829,532,653,565,705,493,471,912,442,764
"Gene1859",97,82,53,78,81,35,45,96,56,113,72,28,131,33,52,62,45,50,79,74,71,31,74,64,56,101,43,81,41,66,120,46,111,122,43,72,53,110,28,100,95,42,62,42,99,39,68,84,66,45,33,98,108,67,60,81,74,61,80,33,32,44,76,58,62,42,53,71,56,31,63,52
"Gene1860",24,54,51,91,34,18,29,45,53,36,29,52,25,13,16,12,36,23,19,70,46,22,39,45,28,47,43,32,22,53,30,10,39,40,3,15,39,19,21,55,20,42,25,45,24,51,19,24,37,26,62,32,61,35,55,28,30,25,23,34,39,22,46,23,36,28,41,43,37,40,22,39
"Gene1861",549,495,300,281,466,322,756,339,657,522,216,340,422,337,833,578,596,839,451,610,859,727,417,382,293,239,436,277,573,586,662,450,358,455,416,284,573,497,429,347,348,585,796,369,495,826,625,446,597,431,295,412,531,602,704,817,769,389,440,468,873,675,440,765,234,463,247,315,352,611,574,428
"Gene1862",84,147,71,193,108,72,116,58,45,152,71,62,91,62,91,87,32,73,85,77,104,58,71,56,81,84,117,54,56,82,104,44,112,58,114,97,75,86,140,76,100,72,109,99,43,76,112,101,79,57,70,81,89,41,55,95,35,113,58,110,84,89,169,76,153,68,120,82,71,101,127,45
"Gene1863",221,546,383,711,497,345,446,511,282,420,283,533,680,323,446,538,659,409,486,686,341,384,400,414,297,302,293,500,311,779,139,574,454,213,313,402,595,354,419,259,437,481,581,498,478,234,497,632,513,700,266,701,176,330,579,413,613,398,373,277,289,675,695,310,375,623,526,529,674,427,699,517
"Gene1864",21,44,44,68,26,27,45,38,41,55,69,22,39,29,39,77,68,37,29,65,24,62,38,55,62,89,89,48,50,47,41,68,75,44,51,74,54,79,42,17,43,37,33,62,50,85,36,31,57,57,56,44,60,49,14,59,63,60,81,40,96,59,38,33,75,70,59,67,38,60,65,54
"Gene1865",19,11,20,3,25,18,21,26,16,28,31,34,19,18,25,30,15,12,22,25,15,20,9,20,23,17,23,17,15,16,17,29,9,38,16,20,20,20,18,27,24,19,22,16,27,10,22,20,31,21,32,21,26,25,17,31,9,28,24,14,33,31,23,33,38,12,29,10,20,22,27,17
"Gene1866",5,3,4,5,7,5,11,2,12,5,12,5,4,3,1,3,1,9,1,6,8,4,5,2,1,2,4,8,6,6,2,3,13,4,7,8,1,6,4,9,13,5,8,8,3,6,10,4,2,3,3,4,3,10,4,5,10,4,1,5,1,7,2,3,4,5,2,8,8,8,2,11
"Gene1867",164,194,163,164,265,166,202,261,122,184,112,173,128,211,188,204,256,178,165,201,169,182,125,177,196,228,67,232,271,267,256,197,249,46,232,182,349,312,247,235,167,98,344,239,128,214,181,202,150,309,170,245,247,316,178,165,323,268,344,180,123,309,183,151,222,308,273,220,540,299,242,150
"Gene1868",18,41,24,14,19,12,13,13,19,25,23,8,10,17,11,19,15,18,9,38,15,18,11,13,37,24,15,24,12,17,28,0,32,22,32,34,32,24,25,31,23,17,10,8,16,19,25,19,28,18,31,8,14,26,42,14,14,7,34,15,11,31,24,12,24,36,5,19,12,18,21,23
"Gene1869",166,142,130,245,89,148,152,100,167,113,93,129,148,177,170,141,120,90,145,255,186,94,83,152,252,134,127,155,183,195,181,124,132,66,248,147,79,159,201,97,166,97,279,81,198,83,246,74,141,157,42,186,153,199,201,108,143,94,129,223,154,202,154,225,93,140,262,201,90,112,163,137
"Gene1870",37,26,80,61,82,36,50,47,66,26,36,25,18,81,47,62,49,55,59,63,74,41,55,62,40,32,35,52,68,53,62,46,121,45,55,91,68,86,14,79,84,48,79,142,42,49,73,52,38,38,59,28,69,77,45,87,69,75,52,61,55,47,61,59,21,27,23,21,28,12,11,19
"Gene1871",160,97,69,176,63,166,65,120,109,101,75,34,60,95,171,43,58,141,92,108,125,112,55,35,88,132,69,72,149,108,83,139,92,63,159,110,165,67,62,51,146,106,88,27,94,114,158,65,91,133,112,108,63,68,55,89,67,47,78,71,90,179,50,75,88,105,69,81,95,114,90,79
"Gene1872",193,296,221,307,143,259,245,212,448,437,197,103,130,273,221,259,302,448,106,211,239,456,382,169,462,193,230,297,269,188,249,328,430,186,440,211,348,262,246,240,380,359,86,229,356,314,471,214,201,231,268,191,358,235,282,193,313,222,184,342,229,278,241,384,183,288,210,341,226,244,457,159
"Gene1873",9,23,29,33,20,28,29,28,26,29,41,16,18,19,42,23,28,21,45,31,39,46,47,19,20,39,54,21,43,27,25,25,39,70,17,30,47,20,32,20,52,32,35,69,46,36,28,13,20,30,33,27,32,40,24,17,55,24,17,30,17,30,37,38,29,9,33,36,31,41,26,13
"Gene1874",50,26,39,9,33,30,41,44,39,20,49,26,21,43,42,58,47,58,15,44,36,24,34,17,31,44,29,23,52,18,24,21,39,34,14,27,26,25,25,25,36,50,17,16,48,18,31,33,28,47,36,37,21,16,47,44,17,36,37,49,41,35,53,45,19,25,31,16,37,45,20,21
"Gene1875",71,58,39,53,44,55,31,58,63,33,57,15,45,59,45,23,26,41,51,30,39,46,52,26,24,26,58,32,29,16,45,29,69,84,56,39,27,32,28,55,29,56,27,33,43,61,44,32,24,47,14,54,25,56,47,67,70,37,49,25,36,26,37,32,52,29,45,39,51,42,49,56
"Gene1876",181,148,145,147,190,162,303,274,206,91,164,159,142,111,92,166,206,178,198,345,433,145,359,233,338,100,253,389,124,128,105,183,184,263,135,121,285,201,227,150,206,234,226,85,215,275,116,193,104,226,59,211,163,134,335,212,99,283,215,184,123,89,136,247,121,144,152,259,165,172,125,216
"Gene1877",36,17,27,17,15,16,40,35,26,39,38,22,33,14,55,50,10,41,20,24,64,20,58,18,31,24,35,40,36,36,17,39,60,46,26,13,28,24,45,27,22,57,19,19,54,40,26,39,16,20,48,52,35,32,18,33,34,30,53,37,20,20,35,28,54,58,34,35,38,27,21,17
"Gene1878",51,16,40,108,43,57,30,49,20,40,66,54,45,48,55,47,39,41,35,31,81,64,55,12,25,56,31,47,52,62,101,48,9,58,49,71,34,41,38,41,46,52,92,41,77,62,35,36,43,45,15,46,56,49,53,30,26,22,38,29,41,75,79,46,39,34,20,24,49,33,41,30
"Gene1879",65,132,180,100,190,189,182,173,148,199,118,161,80,158,106,152,107,135,265,130,234,222,121,122,195,113,101,96,99,231,188,124,144,200,232,105,104,100,236,79,183,148,121,78,141,65,212,146,177,121,141,90,133,179,108,212,168,159,97,172,154,153,166,160,20,18,16,10,19,14,22,17
"Gene1880",79,212,171,128,65,103,223,166,110,69,105,151,172,171,111,88,107,104,192,166,242,106,99,102,203,150,159,119,99,177,112,82,164,114,75,187,97,219,158,76,121,50,100,110,198,125,118,127,109,91,289,126,41,193,101,74,106,85,124,131,88,129,88,187,99,157,166,85,146,100,201,157
"Gene1881",166,208,115,239,142,155,129,176,93,188,80,67,210,155,159,187,108,111,84,147,220,178,103,112,131,150,101,163,161,150,219,146,277,169,159,138,205,99,138,113,236,131,96,114,143,204,168,71,123,143,176,73,146,156,321,171,116,170,119,160,159,203,141,214,108,173,210,117,81,128,153,152
"Gene1882",43,34,37,49,63,70,37,77,40,64,46,49,45,35,64,50,41,47,103,39,33,72,67,22,87,61,29,33,65,64,97,68,120,50,65,29,21,71,88,49,57,57,45,38,37,87,54,35,64,49,66,89,28,21,50,42,45,68,60,91,57,49,29,93,71,54,52,28,40,66,48,38
"Gene1883",158,39,182,68,143,219,250,159,69,181,80,135,268,58,176,127,127,97,141,53,113,164,117,56,43,159,116,185,175,120,159,90,199,92,176,171,103,83,146,128,96,102,276,70,132,180,124,58,92,202,215,263,165,147,99,118,226,114,142,137,142,109,128,203,57,106,117,176,60,147,60,102
"Gene1884",49,104,97,123,27,49,48,68,93,94,91,57,78,103,117,38,99,70,26,80,86,101,66,91,59,84,71,91,89,84,86,48,98,74,70,70,83,116,116,147,160,82,58,79,79,101,34,99,77,98,76,95,64,83,103,47,56,62,68,99,62,58,56,133,110,62,52,91,79,67,47,47
"Gene1885",15,11,29,13,47,44,14,15,13,33,18,46,39,39,49,24,17,28,19,12,14,36,30,32,23,37,49,37,23,24,35,34,40,23,17,24,25,24,20,32,14,26,31,16,17,66,20,26,25,20,34,35,36,29,41,28,28,26,16,16,20,25,32,40,10,29,22,19,42,10,28,38
"Gene1886",457,430,456,761,148,400,485,968,521,271,619,455,334,288,429,518,436,516,413,579,493,307,448,791,631,499,429,209,621,305,406,339,531,1077,312,393,468,421,361,454,442,390,812,497,452,399,413,633,489,512,409,714,500,401,597,322,497,237,270,345,284,703,696,685,469,221,584,461,664,549,349,348
"Gene1887",3,5,6,6,1,2,3,3,3,4,10,11,5,8,6,11,2,5,8,10,6,4,6,6,8,4,14,11,9,7,12,1,8,7,7,4,5,4,7,5,6,2,2,5,5,5,3,4,11,1,0,7,6,5,4,13,11,10,9,8,8,0,5,0,0,5,6,3,4,9,10,8
"Gene1888",168,173,167,132,226,239,158,164,154,381,149,92,233,71,190,194,108,92,145,121,127,160,125,82,156,155,153,128,165,77,170,176,164,117,109,143,94,186,63,104,219,134,131,131,197,177,167,72,193,113,239,147,217,133,112,146,190,87,67,146,200,95,103,149,166,133,150,88,131,126,127,218
"Gene1889",64,37,120,74,109,72,162,69,46,60,59,29,95,31,50,100,35,131,105,79,90,78,72,103,55,112,48,79,64,44,55,34,123,109,46,30,76,85,43,114,86,100,69,91,85,60,70,126,64,26,96,65,97,147,42,62,63,73,76,56,39,38,51,44,54,97,61,89,59,46,110,93
"Gene1890",56,81,75,20,81,66,73,60,25,32,50,86,77,52,70,41,114,82,30,90,72,37,78,54,39,55,78,36,83,37,19,25,64,67,68,17,85,62,130,69,78,40,75,47,99,60,73,67,69,22,89,80,47,78,46,66,46,54,66,64,48,52,58,84,56,30,82,116,37,31,51,47
"Gene1891",21,13,52,9,26,35,43,38,31,15,30,37,28,34,23,15,21,19,47,44,32,38,33,31,39,15,39,25,33,30,26,33,10,17,25,23,19,19,36,35,19,22,24,21,10,30,27,37,31,16,64,20,40,30,26,7,22,15,23,39,34,41,21,28,16,22,33,12,18,15,22,23
"Gene1892",52,28,32,26,52,49,34,30,39,51,86,47,21,21,39,12,49,67,32,44,34,36,31,52,29,42,62,24,44,61,35,44,38,28,15,32,24,35,39,60,56,42,28,37,41,42,58,43,51,52,31,36,64,43,33,48,42,79,30,15,16,49,20,39,40,36,42,33,42,34,64,41
"Gene1893",783,530,759,392,318,336,695,604,270,585,299,588,538,865,488,299,510,306,786,595,317,239,373,263,384,130,593,259,358,663,344,400,671,570,436,389,598,510,293,352,355,614,419,300,627,221,564,253,444,523,492,438,140,555,238,326,331,409,272,263,556,510,442,270,338,328,1131,616,584,273,278,332
"Gene1894",38,39,64,36,43,72,35,41,14,55,40,31,40,36,56,28,88,88,33,38,62,26,13,48,36,49,36,30,62,35,89,46,49,29,36,43,70,45,61,43,46,69,38,88,38,56,51,42,38,63,52,52,87,59,39,54,112,21,58,51,42,28,49,49,92,58,45,77,43,58,46,77
"Gene1895",57,24,28,92,29,19,23,49,46,35,38,40,73,32,26,40,61,28,36,53,37,35,17,70,34,49,20,15,27,44,22,58,44,78,56,29,68,35,37,15,31,28,34,38,45,32,69,56,60,55,36,25,65,13,18,24,21,33,48,49,21,38,36,26,25,28,40,25,35,58,43,25
"Gene1896",11,24,25,7,16,9,21,22,21,16,25,12,22,26,22,29,19,24,9,5,9,31,22,12,22,13,19,10,18,23,15,29,16,26,23,10,12,17,13,20,12,9,28,27,10,16,45,26,9,27,11,15,25,15,29,20,11,22,17,21,16,15,24,26,145,133,150,123,167,174,144,96
"Gene1897",25,46,43,24,54,27,35,43,22,11,38,40,23,15,27,49,23,33,28,24,24,36,24,61,47,19,31,32,28,13,30,20,24,18,30,26,29,42,14,34,32,30,37,21,23,53,40,34,26,35,52,35,37,24,32,25,15,26,33,41,46,34,34,22,19,29,27,53,34,20,28,20
"Gene1898",88,69,47,72,33,65,58,47,57,71,60,108,17,24,42,30,38,36,47,59,91,60,35,55,23,65,21,37,39,42,49,28,59,26,33,59,33,39,46,33,55,45,41,39,50,76,32,45,163,219,153,198,125,213,225,144,65,38,38,21,32,85,33,103,72,57,63,38,46,59,45,25
"Gene1899",15,12,9,9,13,16,2,13,18,4,10,14,17,8,3,19,5,14,4,11,21,3,21,17,11,8,16,17,8,6,10,9,18,30,16,9,2,14,8,17,7,12,11,15,7,7,11,14,13,0,8,2,6,9,5,11,7,10,9,9,10,11,18,10,8,10,14,8,27,10,12,14
"Gene1900",111,248,242,197,325,244,177,216,378,233,219,261,182,80,255,395,166,243,103,292,191,289,299,273,131,154,119,181,245,269,171,180,165,232,249,166,296,118,222,263,404,299,149,265,224,116,265,440,195,156,350,126,125,221,119,318,320,228,120,209,279,116,252,167,202,103,344,159,288,228,105,113
"Gene1901",75,42,55,75,35,27,26,28,46,87,35,84,98,58,85,107,36,64,65,84,68,37,66,101,68,87,44,33,91,49,82,44,71,72,43,43,91,76,72,106,88,66,56,65,60,76,78,79,113,62,59,32,58,25,53,37,68,30,70,125,54,86,91,41,40,85,32,69,67,33,53,68
"Gene1902",183,449,354,372,325,425,323,323,244,204,179,252,330,604,471,326,284,178,303,290,423,441,366,334,154,252,369,385,266,294,461,493,286,174,668,222,323,174,527,249,134,326,252,198,194,484,241,246,180,361,242,249,288,268,127,259,337,337,342,351,325,481,157,281,308,284,193,281,333,295,107,262
"Gene1903",126,184,207,272,240,157,114,174,125,247,259,207,231,160,249,139,134,238,102,231,106,76,242,183,338,117,91,219,231,209,141,221,124,119,64,246,191,444,181,124,218,58,237,136,162,134,266,180,157,112,98,89,155,217,70,139,134,122,190,222,171,87,151,159,63,201,129,200,139,136,138,165
"Gene1904",273,186,403,169,396,436,233,209,468,266,309,410,376,463,325,178,459,360,360,341,231,420,315,246,143,240,273,175,223,299,343,248,391,227,440,466,428,602,444,107,169,160,249,297,278,280,305,268,297,363,373,266,184,292,407,370,454,297,302,524,324,273,266,393,185,325,245,211,302,429,483,99
"Gene1905",9,6,10,7,10,12,20,17,25,10,13,7,5,13,6,21,13,7,15,10,7,16,18,11,19,17,4,7,8,14,24,14,10,11,10,17,14,21,7,14,14,9,15,10,5,4,8,6,17,8,10,6,10,14,18,10,14,8,10,14,13,9,15,19,14,8,10,9,7,23,10,3
"Gene1906",50,154,68,76,127,82,84,47,92,42,57,59,37,93,42,131,126,93,156,175,61,115,87,82,111,82,83,91,71,97,77,112,117,145,93,68,170,83,211,119,133,125,148,158,124,92,154,145,44,115,126,175,100,77,49,149,102,66,143,77,147,54,139,127,148,94,23,53,114,79,132,64
"Gene1907",25,47,40,48,38,36,29,19,89,37,10,14,41,42,16,27,35,56,22,25,35,46,49,41,48,58,29,43,45,38,26,21,33,33,44,34,47,40,28,48,73,24,54,29,42,35,52,40,18,24,23,53,43,46,24,40,22,47,30,20,19,25,35,50,20,44,38,26,56,75,46,36
"Gene1908",37,22,83,101,26,65,60,47,24,87,50,25,68,37,42,52,51,41,51,33,44,24,135,56,52,69,46,36,22,47,94,26,72,21,80,33,99,35,43,40,39,54,60,48,21,32,52,56,33,56,62,33,27,85,51,85,76,32,29,59,64,62,60,42,63,49,36,69,44,78,77,60
"Gene1909",18,11,18,17,41,11,41,28,21,32,30,23,39,40,24,25,22,21,45,25,9,31,44,22,29,23,28,22,23,20,17,24,26,19,27,34,41,38,20,14,36,18,22,10,25,42,37,33,51,28,15,30,24,15,21,15,16,50,30,27,31,19,25,20,34,18,26,42,15,34,16,23
"Gene1910",93,40,109,68,81,64,65,59,83,79,92,61,107,35,77,76,54,50,79,67,58,54,29,36,48,71,47,36,69,60,106,40,37,40,118,78,60,54,62,83,73,82,44,108,92,73,59,48,38,110,94,41,83,53,122,61,73,83,62,49,79,55,62,101,358,332,425,317,427,330,409,358
"Gene1911",52,94,31,60,48,88,52,65,34,36,68,29,53,69,63,92,103,93,64,150,55,72,79,92,76,49,48,58,58,49,42,62,78,59,86,65,61,72,61,41,87,80,62,84,61,50,39,80,81,49,94,72,70,127,30,96,37,43,51,59,101,72,31,56,58,56,32,76,44,31,37,49
"Gene1912",5,4,5,5,4,2,3,1,3,3,10,1,1,4,2,6,4,4,9,3,6,8,3,4,7,1,2,4,5,11,3,2,5,8,4,9,3,5,6,3,4,4,3,1,9,4,1,2,1,2,8,1,3,4,2,4,5,2,3,4,1,5,0,6,2,8,6,4,2,5,2,5
"Gene1913",212,170,72,186,99,83,155,126,108,138,170,228,272,102,201,188,175,164,145,153,106,189,38,135,166,173,101,145,136,268,105,148,232,137,159,100,171,227,127,74,107,153,129,63,204,154,124,137,167,112,139,277,162,148,131,236,166,144,126,186,119,136,75,96,191,207,148,85,197,92,208,58
"Gene1914",75,27,53,51,44,135,60,58,40,48,80,91,105,64,78,60,40,34,44,47,63,58,91,62,40,24,80,69,83,43,119,84,47,35,41,130,54,53,25,80,52,85,57,77,69,46,61,65,48,60,47,105,37,70,70,98,48,83,45,45,65,45,62,96,57,88,59,68,47,64,65,88
"Gene1915",21,14,12,20,14,9,11,17,21,16,16,10,20,20,24,18,9,33,19,24,28,38,20,18,12,18,16,14,14,13,14,20,12,22,14,23,18,14,11,10,12,6,17,17,16,11,12,12,21,5,10,19,12,14,22,13,13,21,10,20,14,8,15,20,15,7,31,15,40,15,9,16
"Gene1916",9,16,9,8,19,23,7,19,16,8,11,26,15,11,17,17,11,22,11,9,12,3,14,9,7,13,6,10,21,10,22,25,10,18,22,18,13,19,11,20,5,14,12,8,7,14,30,13,16,15,6,18,9,13,14,19,27,15,11,4,20,13,14,10,26,21,26,1,9,11,18,8
"Gene1917",23,25,22,11,26,38,29,16,20,11,31,43,33,40,24,29,28,37,28,28,15,15,16,29,35,15,26,8,8,31,23,21,10,21,27,27,20,13,49,33,29,22,26,16,14,50,45,30,19,10,14,19,30,14,20,10,25,26,34,17,28,23,20,11,18,26,38,7,29,29,28,22
"Gene1918",4,7,9,6,5,4,9,6,2,7,5,4,6,10,9,15,13,9,13,2,6,5,5,4,13,9,6,4,7,2,11,3,3,6,6,5,7,11,9,9,10,6,4,2,18,14,8,7,3,4,9,5,5,8,9,9,7,12,12,7,4,8,11,12,14,7,7,7,5,6,8,8
"Gene1919",35,63,38,75,23,48,114,39,37,49,30,62,62,61,87,85,56,69,41,47,114,49,79,60,57,26,48,81,55,73,48,46,40,58,52,78,75,43,66,71,43,46,78,175,32,46,52,38,65,74,37,59,51,99,48,62,31,26,43,48,94,80,69,89,52,45,54,74,43,75,78,99
"Gene1920",496,266,162,461,405,197,136,511,266,458,174,496,323,357,296,201,345,417,205,385,349,161,376,309,358,319,183,230,255,383,817,293,353,365,223,373,255,276,201,165,421,548,223,503,259,307,202,171,484,310,339,209,191,385,477,434,170,256,243,343,222,258,342,405,300,196,225,400,354,346,360,308
"Gene1921",104,66,91,114,56,82,52,51,77,96,46,44,84,78,82,60,24,36,95,41,86,55,115,97,59,75,31,87,69,85,49,63,71,47,113,21,63,39,90,59,58,60,37,103,65,47,75,43,77,62,58,84,129,75,86,77,50,41,52,70,34,90,74,77,56,68,79,84,76,88,64,69
"Gene1922",140,47,70,164,63,130,90,110,69,106,76,96,95,139,79,99,149,146,91,158,146,119,110,110,102,58,150,68,62,78,100,99,95,91,93,61,107,130,112,140,78,98,79,140,130,59,82,69,99,117,125,49,92,88,92,155,57,78,189,115,127,68,59,72,154,112,64,58,129,158,114,110
"Gene1923",13,6,13,14,15,7,10,4,10,5,5,8,14,7,5,5,7,8,8,19,9,7,15,18,9,10,6,10,14,8,14,8,12,7,10,9,6,13,6,7,7,15,8,13,9,8,8,9,7,10,2,10,24,9,4,6,9,7,7,14,9,10,12,17,63,53,78,64,76,65,69,80
"Gene1924",10,1,5,12,15,20,6,6,13,13,7,9,2,17,4,13,10,8,12,13,7,9,4,18,2,8,2,3,13,8,4,7,3,7,16,9,8,5,11,10,13,10,10,6,14,8,7,11,16,5,5,16,9,13,7,7,3,12,10,5,8,13,7,10,8,8,8,16,8,12,4,9
"Gene1925",16,29,28,22,11,16,37,14,18,20,9,14,35,15,16,21,19,26,29,17,8,19,17,10,21,20,19,16,17,32,36,17,15,18,9,22,14,17,13,21,14,15,28,19,17,38,23,19,19,17,17,12,24,14,12,12,13,29,15,10,12,21,10,21,25,11,10,16,19,17,15,9
"Gene1926",131,52,70,191,94,126,142,128,122,84,89,185,41,90,73,111,188,142,100,115,107,88,140,142,135,201,117,161,85,74,87,63,117,154,139,166,120,181,129,124,78,87,68,96,230,150,89,69,99,259,117,86,133,233,189,91,78,132,43,230,337,67,152,140,152,131,161,71,138,240,206,55
"Gene1927",28,15,13,28,26,13,17,13,25,17,21,20,11,18,15,13,16,15,29,13,6,18,16,18,15,16,22,18,10,13,18,24,14,8,16,13,18,23,16,24,26,13,24,27,16,7,8,18,29,8,15,45,24,18,10,22,17,25,16,22,12,22,21,17,22,39,19,14,16,12,20,14
"Gene1928",121,115,88,81,159,126,200,135,118,59,76,92,94,95,123,68,104,84,75,48,61,151,35,140,122,101,133,43,123,123,101,116,82,128,120,111,91,95,57,33,101,173,74,119,48,121,114,119,164,107,127,63,165,97,76,123,43,94,117,101,96,83,114,158,79,146,238,69,135,42,90,116
"Gene1929",39,19,51,47,40,19,35,60,44,34,20,50,30,36,60,21,58,54,19,47,56,35,25,39,27,30,32,49,37,47,59,59,50,25,28,41,32,60,60,51,37,50,29,64,34,48,78,37,55,34,59,31,59,80,29,59,53,28,54,33,44,27,25,51,26,59,31,48,86,69,54,61
"Gene1930",83,106,81,100,73,109,30,62,81,99,49,127,70,85,122,123,52,133,47,85,54,88,102,95,103,74,52,77,99,61,46,154,118,41,128,86,96,93,41,79,52,114,32,91,100,110,71,104,62,83,130,33,55,119,110,37,93,63,130,74,44,87,55,90,61,77,113,77,91,94,127,102
"Gene1931",25,35,10,14,7,19,15,10,15,14,19,7,11,28,6,21,11,9,3,13,9,5,15,13,7,17,11,9,12,7,11,12,25,8,12,23,31,18,15,17,7,12,16,23,21,11,18,11,29,3,6,17,21,12,4,9,13,11,12,9,12,14,19,9,0,0,1,3,1,5,2,4
"Gene1932",17,15,19,10,12,15,17,21,24,16,21,9,11,23,16,25,25,18,23,8,15,12,19,8,15,23,15,13,24,20,14,17,19,11,6,4,7,29,16,5,26,24,24,17,10,34,18,20,16,22,15,10,26,10,31,22,29,13,19,11,10,22,25,8,25,13,11,39,22,31,21,28
"Gene1933",35,37,20,57,43,60,46,35,46,32,44,49,54,20,62,45,57,104,49,34,28,51,50,81,27,42,40,29,13,46,31,42,41,30,50,31,77,45,44,31,29,25,27,39,52,96,49,29,59,33,47,44,49,45,33,61,61,71,41,44,57,77,44,35,37,46,55,77,54,59,25,23
"Gene1934",24,55,40,39,50,56,19,62,41,47,45,36,26,27,36,64,55,57,35,61,43,40,72,17,61,66,27,20,25,18,21,52,62,27,35,47,19,39,25,33,53,44,40,42,54,29,40,31,45,38,62,70,33,69,47,24,87,35,13,58,33,19,19,26,31,18,78,60,39,42,35,18
"Gene1935",5,8,9,3,14,6,8,11,8,6,5,4,2,6,2,1,7,4,5,5,7,5,7,2,8,5,10,3,8,9,6,16,2,4,5,1,12,9,9,8,0,5,7,10,4,6,9,11,5,6,12,4,5,3,12,8,8,3,2,3,6,3,3,6,8,2,8,5,0,8,6,1
"Gene1936",134,107,109,95,131,171,152,43,90,88,37,59,86,91,51,75,98,105,71,120,73,196,125,87,162,77,37,161,104,114,182,157,43,97,129,37,178,138,55,108,225,95,62,81,154,79,98,97,122,130,137,56,205,76,97,105,40,41,110,73,152,92,61,61,71,179,89,99,188,53,112,71
"Gene1937",6,6,2,9,10,3,4,6,7,8,0,7,7,5,3,1,5,10,10,6,6,1,11,14,4,2,7,5,7,3,5,1,8,3,9,4,3,5,4,1,2,2,6,3,7,3,6,5,6,1,5,2,7,8,6,6,10,6,5,11,7,6,4,1,14,4,5,9,2,3,1,3
"Gene1938",24,68,33,26,17,38,52,42,25,30,42,28,20,47,38,50,53,22,44,39,28,23,42,13,33,33,46,33,25,48,56,47,26,31,33,27,21,13,43,49,29,32,38,27,31,31,10,28,25,49,58,13,42,32,52,46,31,23,39,40,51,49,24,45,28,39,53,31,19,40,39,23
"Gene1939",68,33,45,61,52,58,21,59,50,41,82,30,34,22,79,38,55,72,27,42,49,35,32,66,87,82,85,62,74,51,59,32,51,112,122,54,74,91,46,97,93,44,48,51,29,60,82,136,43,41,33,75,119,46,71,46,44,69,52,99,60,37,103,72,40,83,67,103,47,47,44,94
"Gene1940",29,18,39,30,20,17,35,27,20,25,20,41,35,25,13,24,10,27,14,54,14,33,14,54,8,16,51,41,8,31,55,40,38,11,19,21,31,19,22,18,31,50,8,10,23,28,22,17,23,36,26,21,19,18,21,8,28,17,7,20,28,26,8,23,24,12,19,16,8,17,17,13
"Gene1941",12,9,13,7,11,14,16,11,11,5,19,7,7,11,24,7,8,17,12,11,7,12,3,9,9,6,8,11,6,10,23,7,8,3,6,10,13,14,9,7,14,10,4,13,13,7,6,12,6,7,5,20,10,6,12,3,6,8,5,20,15,11,11,2,17,11,13,10,14,18,14,13
"Gene1942",74,22,31,27,40,20,43,36,13,21,36,17,43,49,45,48,49,18,23,42,28,29,40,29,28,20,21,13,52,46,41,63,25,29,22,22,17,36,21,31,36,31,33,58,32,31,38,23,32,56,40,48,44,34,54,71,55,35,54,19,18,20,51,26,47,25,30,20,27,31,44,27
"Gene1943",51,51,56,58,49,46,36,34,30,30,28,43,27,51,28,39,44,40,69,36,58,36,54,105,22,38,55,59,36,44,45,31,63,51,22,32,61,11,47,47,35,62,83,70,48,22,64,19,39,77,57,55,44,41,19,111,36,37,31,84,55,58,48,41,198,196,211,180,149,185,153,183
"Gene1944",13,18,12,15,30,14,19,16,20,11,15,36,16,10,26,5,28,22,12,31,18,13,29,26,22,8,25,13,14,16,5,16,14,33,26,6,16,29,16,22,22,32,12,15,17,31,25,16,13,8,19,15,14,14,26,11,20,25,11,10,19,11,13,11,22,23,10,28,11,13,15,30
"Gene1945",5,6,12,6,18,7,9,18,9,3,11,8,4,10,24,6,11,7,8,10,7,22,9,6,4,8,9,7,11,8,11,7,7,10,11,10,18,10,16,9,19,5,22,15,8,2,10,21,12,11,17,5,16,11,13,8,8,5,8,23,9,5,10,16,14,6,12,11,11,13,14,15
"Gene1946",11,13,11,16,9,7,10,9,14,18,12,18,17,14,13,10,19,11,12,10,8,11,13,2,14,9,12,7,7,6,22,20,15,14,8,7,6,11,12,7,10,9,11,14,11,10,12,4,16,18,15,4,13,15,33,7,15,13,10,9,15,11,10,26,12,12,17,15,19,7,10,23
"Gene1947",36,14,36,33,28,30,36,45,23,33,44,26,50,20,23,17,26,40,42,48,19,13,24,45,32,15,37,48,37,18,24,20,31,14,20,26,33,23,33,29,44,31,14,25,40,18,32,48,42,34,38,20,20,23,31,49,32,46,20,48,21,47,27,20,20,23,40,19,17,19,13,37
"Gene1948",22,24,56,34,19,41,24,24,18,28,22,48,26,35,30,27,45,23,24,26,41,23,38,34,23,43,43,24,68,18,33,38,21,36,51,16,31,27,55,20,48,18,30,19,31,45,31,37,30,32,24,47,25,36,26,28,24,26,13,34,56,19,39,46,15,31,20,21,17,37,49,28
"Gene1949",276,367,345,249,245,246,343,349,297,356,238,270,427,467,337,326,329,227,364,223,261,320,148,231,269,274,385,228,267,446,282,413,280,472,229,168,265,346,437,282,179,395,540,319,373,117,363,346,144,452,440,155,169,412,185,392,277,279,197,223,225,271,340,177,211,568,165,213,301,230,195,248
"Gene1950",22,11,7,14,15,7,10,12,8,10,16,13,14,13,13,6,23,11,16,12,13,6,10,18,9,28,11,15,14,14,11,19,14,19,5,9,17,18,8,11,2,13,9,22,11,12,20,7,11,3,24,11,17,10,9,17,15,8,2,12,21,16,3,4,7,20,14,9,7,6,14,9
"Gene1951",78,58,51,47,141,67,119,59,89,90,111,81,92,135,66,101,80,120,59,86,98,153,75,62,70,92,214,106,52,62,78,143,76,73,26,65,128,72,109,83,76,40,69,57,131,181,110,97,57,73,99,73,105,70,47,51,89,50,101,92,105,133,91,86,92,48,68,62,46,64,72,56
"Gene1952",49,52,18,30,37,47,50,53,22,33,24,33,51,29,36,53,37,14,40,36,40,34,33,24,50,33,27,29,34,23,56,22,37,33,53,15,39,49,26,15,57,27,50,42,41,37,32,24,30,57,18,23,40,30,27,42,24,36,31,15,21,21,14,12,25,49,30,55,38,67,12,34
"Gene1953",56,88,41,60,66,39,60,60,32,54,77,42,39,62,82,101,59,46,35,21,54,70,52,59,80,106,40,47,85,38,44,32,66,50,119,62,92,93,25,81,88,46,78,30,59,115,134,77,56,65,74,61,39,43,91,70,34,57,52,85,65,47,70,80,55,111,76,82,74,87,52,60
"Gene1954",33,12,9,28,22,42,21,42,21,10,29,19,16,16,19,18,26,15,26,19,32,20,21,42,26,25,20,13,29,15,15,34,28,31,16,14,51,17,19,9,20,31,34,25,23,45,16,18,11,22,24,42,21,26,14,29,15,32,25,24,13,19,14,27,52,26,13,26,23,37,10,17
"Gene1955",241,155,80,81,80,151,97,99,187,102,105,110,153,95,142,158,183,132,130,95,72,74,98,229,201,66,149,57,164,195,154,127,226,116,152,85,84,138,265,301,191,203,184,216,124,45,121,196,103,161,245,81,200,116,108,107,184,128,101,110,328,105,199,100,126,171,98,166,127,188,122,135
"Gene1956",7,5,7,3,9,11,8,2,11,14,4,6,6,5,14,10,9,3,4,5,17,3,6,4,12,2,6,8,7,8,5,4,0,12,11,6,4,9,7,5,6,9,7,2,10,3,9,4,9,7,2,2,7,13,6,9,3,9,9,4,7,2,12,5,10,1,3,5,4,14,1,7
"Gene1957",50,46,71,93,84,51,37,61,88,87,68,41,33,47,31,35,72,32,63,42,125,71,66,48,37,75,73,15,90,107,87,60,83,58,68,45,49,72,111,44,88,46,86,57,41,87,41,62,82,80,33,78,56,45,73,52,41,82,51,85,32,32,34,63,91,47,43,84,100,82,65,84
"Gene1958",79,58,81,46,31,108,64,103,50,36,55,35,40,120,69,49,53,93,31,87,59,62,43,84,50,45,67,75,76,35,55,24,82,61,56,46,24,90,98,86,32,45,38,31,66,104,62,56,33,32,36,27,44,42,44,55,61,71,38,65,51,91,89,65,65,81,72,68,48,44,33,86
"Gene1959",172,189,143,153,99,120,155,306,255,139,231,259,236,192,151,146,212,113,214,245,229,230,74,132,237,243,102,262,187,165,122,72,233,209,188,208,267,180,266,105,289,221,197,415,249,166,155,309,268,237,185,201,226,274,222,197,239,208,296,235,112,200,285,192,278,163,245,261,337,241,317,190
"Gene1960",34,38,30,41,57,35,44,20,19,32,27,61,52,52,40,31,42,70,43,42,43,24,24,40,41,38,45,73,52,37,30,34,43,59,31,18,43,33,33,44,27,26,41,17,44,42,39,29,97,63,39,32,40,32,55,45,67,49,31,39,20,89,74,39,66,23,90,30,15,43,45,64
"Gene1961",91,133,53,89,84,69,73,73,101,50,73,131,101,47,111,119,73,187,137,149,71,104,95,57,156,148,96,137,79,99,64,64,92,82,96,46,87,80,113,139,67,97,77,102,63,97,51,122,78,119,110,133,99,83,73,66,34,66,101,80,64,242,91,109,78,55,77,143,141,72,137,70
"Gene1962",65,45,222,97,88,86,75,109,140,60,106,82,113,48,103,44,72,104,50,79,117,66,79,90,105,73,85,151,121,101,123,69,53,71,105,144,70,153,96,64,149,162,112,84,116,97,80,107,79,86,68,49,85,77,97,158,91,61,131,29,76,50,140,94,48,110,130,74,62,71,153,73
"Gene1963",47,41,18,24,33,16,29,42,22,43,22,18,41,21,11,20,6,24,35,8,15,36,48,16,20,28,28,27,30,48,15,13,22,17,22,29,10,33,22,42,27,21,14,27,22,19,21,22,23,39,42,24,21,14,25,15,29,20,56,21,21,21,28,29,18,23,33,35,16,24,26,22
"Gene1964",41,37,21,47,37,84,50,41,39,53,57,31,57,41,44,71,25,34,64,62,28,66,41,33,32,55,45,22,27,53,54,42,70,45,21,42,62,46,57,45,37,29,37,42,44,59,66,31,71,22,87,14,51,25,34,73,54,107,86,54,45,63,74,38,58,35,17,43,75,27,40,31
"Gene1965",67,57,55,67,37,34,38,32,47,28,46,48,43,56,42,43,48,51,55,90,41,53,44,69,49,72,36,52,49,31,73,78,69,33,37,25,45,32,62,56,32,19,42,31,28,89,47,41,59,29,55,52,42,60,62,53,74,18,90,58,35,35,55,27,41,108,24,53,46,28,52,56
"Gene1966",144,240,63,266,124,131,179,128,205,345,202,161,295,383,263,106,138,147,154,221,169,187,222,174,195,350,235,161,236,138,178,251,230,415,199,225,130,141,125,347,152,191,119,176,262,360,262,149,216,154,76,255,279,198,114,213,180,246,245,221,51,118,215,183,245,143,174,162,218,191,383,168
"Gene1967",43,101,50,53,125,54,106,71,49,97,111,43,89,80,60,29,143,25,27,101,72,74,76,47,46,75,32,41,95,83,72,83,50,62,79,65,71,100,106,40,34,72,31,75,78,53,110,34,74,71,49,63,64,60,88,28,97,76,74,55,60,63,84,91,49,51,55,132,94,69,121,65
"Gene1968",116,44,69,64,51,111,105,117,70,96,83,51,62,85,122,109,107,51,69,95,28,90,97,54,46,54,45,52,75,86,81,48,47,154,75,78,65,76,130,68,67,41,60,63,42,57,85,46,59,51,50,96,64,81,76,78,20,59,59,77,42,62,52,106,83,100,116,60,93,79,49,91
"Gene1969",739,1320,861,1033,723,2054,951,1331,965,1175,1243,2008,836,908,1666,1433,765,743,825,1037,1313,516,641,825,562,678,752,1414,1224,522,944,1055,656,660,1239,1093,1212,1140,668,829,833,854,426,676,620,640,1336,918,508,934,746,896,757,1077,561,791,376,338,967,1684,1113,1136,652,789,549,1371,1063,1033,752,845,521,493
"Gene1970",63,166,87,47,105,135,67,118,108,102,100,68,75,79,42,190,81,122,91,94,99,131,113,104,108,110,110,49,44,82,52,120,115,56,74,166,87,93,63,49,66,92,71,122,102,143,89,144,63,111,129,89,91,135,108,110,92,73,102,65,120,90,138,24,114,77,62,43,98,62,142,184
"Gene1971",139,139,58,63,108,134,84,82,44,40,113,95,52,63,111,64,77,39,58,78,95,85,105,85,81,60,73,51,117,131,78,48,65,144,77,72,62,75,125,117,55,48,80,139,50,121,44,42,26,147,85,96,54,55,78,72,87,128,121,50,60,103,96,48,79,112,76,46,110,99,63,86
"Gene1972",64,90,83,96,101,131,145,66,115,89,116,135,160,67,66,94,76,210,72,149,152,64,117,105,166,144,44,95,117,160,132,93,63,102,122,89,91,110,63,153,86,55,70,130,148,75,168,184,97,78,82,120,94,80,90,216,117,76,45,56,63,104,130,71,141,101,74,51,96,91,99,85
"Gene1973",494,474,820,371,315,187,268,448,300,147,169,368,229,233,257,563,784,203,356,201,405,305,357,237,335,341,606,362,195,222,380,455,696,301,171,357,526,295,303,255,323,219,261,350,405,229,327,158,385,267,520,243,640,293,476,400,414,400,346,304,213,264,385,261,345,512,309,302,244,388,277,579
"Gene1974",103,218,131,153,64,126,232,135,171,159,111,77,199,120,139,177,261,179,192,155,108,116,219,184,190,193,150,283,183,198,107,83,132,239,172,120,215,176,163,166,168,197,171,156,223,181,173,211,103,225,357,76,188,175,210,159,254,240,206,141,204,259,125,139,181,101,111,130,241,56,295,149
"Gene1975",116,42,104,24,82,52,71,65,109,46,150,66,78,66,115,188,74,148,37,84,88,88,75,79,46,61,90,84,74,64,151,112,27,68,79,86,89,112,65,98,63,65,99,80,101,82,33,61,95,123,86,54,113,60,23,104,47,38,59,68,98,87,127,60,80,98,48,138,71,76,74,138
"Gene1976",27,35,19,30,43,6,45,44,26,29,42,29,15,31,21,16,19,23,34,22,24,35,36,18,28,29,40,24,25,36,13,31,23,11,20,36,28,12,25,19,49,14,26,24,25,35,22,29,15,31,24,28,22,16,60,32,43,19,18,24,24,49,31,40,28,17,42,18,15,14,19,21
"Gene1977",75,87,142,118,59,85,60,81,59,70,127,44,78,77,62,116,65,130,69,43,75,28,64,55,68,45,57,62,69,74,110,100,141,68,86,71,93,96,102,75,43,73,110,109,136,102,67,82,87,78,49,79,50,91,60,107,80,68,90,105,60,79,79,62,24,22,22,17,29,27,33,17
"Gene1978",50,112,74,77,33,59,58,29,100,125,75,50,39,55,49,46,39,64,75,43,76,106,73,97,44,59,72,67,39,78,42,60,64,37,64,44,67,63,90,53,99,65,68,59,58,65,62,63,48,64,36,58,59,38,70,123,82,70,84,49,113,41,39,43,62,36,117,11,68,54,40,90
"Gene1979",6,8,9,6,2,5,14,3,0,10,5,11,7,4,3,5,8,2,7,3,4,11,9,7,2,5,5,8,10,8,11,10,7,9,4,7,4,12,6,9,3,6,8,5,2,5,9,6,5,6,5,4,8,2,2,7,12,7,3,5,5,5,2,9,4,3,9,2,7,7,4,7
"Gene1980",9,6,14,9,8,7,6,10,11,7,16,10,10,8,11,5,17,18,10,4,7,9,17,10,11,12,6,4,8,9,6,8,3,17,13,5,7,1,14,8,7,7,7,9,8,12,15,11,4,8,7,7,8,2,5,14,6,3,9,18,4,9,9,9,4,11,7,6,12,4,6,10
"Gene1981",2,10,20,9,5,5,9,3,9,3,5,5,6,5,11,8,7,1,3,3,7,14,8,8,7,13,3,6,8,2,4,3,9,11,18,8,5,3,4,3,6,8,4,6,6,14,6,6,5,6,5,3,13,9,9,9,8,6,5,8,6,4,9,6,16,25,11,23,33,23,21,23
"Gene1982",201,265,124,239,212,204,242,386,322,170,306,321,364,192,212,333,187,288,207,324,501,324,231,249,166,255,289,260,361,368,430,346,320,105,267,385,274,185,503,163,367,325,310,370,407,338,286,293,198,156,232,314,252,309,275,225,498,278,206,197,347,132,293,354,269,154,252,109,392,400,173,325
"Gene1983",176,135,73,123,90,85,150,144,83,108,64,126,162,90,89,80,122,101,81,108,104,123,112,104,87,148,77,166,89,101,49,73,72,159,89,175,76,39,62,142,143,145,113,220,149,118,122,159,148,149,156,96,138,212,241,91,151,173,77,148,182,173,52,138,68,133,92,139,162,91,143,71
"Gene1984",2,2,2,1,0,1,5,2,4,7,2,2,3,3,3,2,5,5,1,2,5,7,3,9,1,2,1,1,7,4,1,2,0,4,3,5,3,1,2,5,3,3,0,2,3,2,6,1,2,4,4,1,5,1,4,3,10,3,3,2,2,2,1,3,3,2,5,6,2,2,2,4
"Gene1985",143,82,64,107,79,62,118,37,110,90,95,135,127,66,242,80,63,128,50,73,135,113,120,68,126,88,111,73,121,69,113,155,107,148,65,65,75,118,98,110,82,120,118,91,107,89,95,63,124,54,37,73,62,41,88,64,97,113,71,65,152,106,94,44,99,93,99,137,51,78,66,91
"Gene1986",43,42,45,51,67,35,30,61,15,26,76,35,27,48,103,63,24,37,72,60,44,29,78,34,77,74,49,76,46,47,47,44,67,67,35,114,116,81,62,49,48,74,46,81,27,47,95,39,53,83,69,36,74,28,18,56,42,55,89,89,89,85,62,37,58,43,116,50,46,53,49,46
"Gene1987",29,50,58,43,29,25,35,36,54,55,49,24,39,38,49,30,54,49,25,47,31,34,42,52,17,47,68,42,24,67,34,35,16,40,52,55,34,35,30,23,42,33,72,43,50,35,14,27,61,39,8,44,45,63,19,32,45,33,43,22,105,42,46,52,49,43,53,40,39,35,31,28
"Gene1988",22,23,33,27,19,20,13,19,24,23,15,9,26,17,23,40,31,22,17,13,9,27,21,20,10,10,18,35,13,14,11,18,20,36,18,34,19,24,17,27,11,14,10,44,20,10,10,18,41,16,35,25,19,14,16,15,11,18,19,17,26,41,35,21,18,18,24,29,19,25,16,14
"Gene1989",8,8,10,16,14,14,9,23,4,9,20,14,8,13,14,10,12,19,10,16,14,9,11,13,23,13,7,9,27,8,16,10,13,9,18,16,12,14,14,26,6,12,2,28,14,10,24,9,11,19,8,18,9,14,18,7,15,7,13,18,9,14,4,12,7,9,14,15,8,9,17,10
"Gene1990",145,147,118,55,189,266,102,110,167,158,197,170,146,215,245,144,67,307,137,230,184,177,152,173,258,84,251,198,120,129,317,180,157,182,173,152,162,206,204,121,275,75,169,127,158,77,140,176,210,185,156,94,98,259,140,185,290,101,87,216,148,106,142,152,114,110,95,132,157,173,150,114
"Gene1991",27,38,32,14,13,28,44,13,31,30,39,35,33,42,11,21,33,23,46,27,24,15,22,29,44,16,35,17,54,31,28,42,21,30,15,30,22,21,18,21,36,17,40,27,14,35,23,46,23,14,29,39,33,15,17,30,21,17,18,27,33,50,23,28,27,31,16,19,18,44,24,30
"Gene1992",46,84,49,35,39,44,24,34,116,35,34,61,26,55,38,45,69,18,39,30,41,45,58,100,23,25,43,54,26,36,45,74,59,32,57,57,57,67,24,84,40,69,48,30,45,40,44,47,58,42,33,28,69,31,39,50,32,62,55,48,66,33,35,33,2,7,5,11,6,7,4,9
"Gene1993",79,60,126,30,114,108,99,99,121,118,105,70,72,123,127,79,178,48,108,138,83,62,89,82,94,100,101,83,70,128,85,66,95,74,73,78,61,81,110,125,92,104,56,51,115,157,79,148,76,32,73,197,204,76,119,151,92,111,145,144,113,25,179,118,84,134,88,230,127,175,81,133
"Gene1994",104,62,89,178,50,99,140,79,56,90,143,92,152,107,112,97,137,115,189,100,69,131,83,47,83,76,103,192,234,56,132,102,20,128,95,74,98,56,96,76,158,101,83,89,140,106,128,109,90,113,159,94,44,36,139,57,153,68,108,130,122,79,142,99,76,82,113,62,55,104,83,86
"Gene1995",28,47,23,14,81,28,22,26,58,37,43,32,47,33,45,31,43,13,43,41,17,37,23,37,42,42,13,48,23,31,28,20,29,23,39,70,21,25,29,47,26,20,31,29,39,41,25,29,31,20,47,19,29,74,29,55,16,40,44,21,30,46,34,20,75,67,33,12,24,37,15,31
"Gene1996",18,60,32,39,36,13,37,36,43,21,30,20,30,10,35,34,44,58,8,16,43,22,24,40,17,15,20,50,22,34,14,19,11,12,40,30,20,28,30,43,33,43,32,24,6,23,48,36,15,22,18,18,17,21,31,22,7,24,19,31,13,18,37,40,10,32,19,16,37,27,14,31
"Gene1997",65,65,74,60,113,42,100,77,41,115,119,72,43,58,62,97,60,64,64,83,61,115,29,46,46,35,100,66,71,106,80,132,17,58,108,70,100,46,50,88,114,65,34,78,106,62,51,84,64,25,67,77,98,62,73,102,83,70,88,84,77,74,144,57,69,59,184,34,72,50,99,139
"Gene1998",10,10,11,13,14,15,6,21,6,19,6,15,10,17,9,11,13,6,15,18,14,6,7,21,25,20,10,16,4,11,10,8,9,13,21,5,15,21,11,11,9,6,18,9,15,14,10,17,10,26,9,17,10,18,25,15,19,13,29,17,12,13,7,24,12,21,7,11,9,15,10,11
"Gene1999",57,64,97,79,79,118,73,97,78,95,77,35,52,59,102,102,58,86,125,127,86,113,99,50,101,161,43,107,43,81,62,43,49,42,99,90,94,62,84,55,92,37,97,73,93,80,79,82,91,60,57,73,48,29,44,60,86,91,104,68,116,104,90,60,76,126,77,110,119,78,51,58
"Gene2000",32,65,49,70,55,55,47,54,44,101,61,44,67,40,65,90,77,70,47,98,35,47,86,66,36,59,94,111,91,52,53,82,47,49,52,105,62,62,39,114,95,88,61,75,66,39,62,86,105,98,70,77,60,57,58,85,39,22,40,43,69,34,81,50,34,43,38,68,59,172,69,95
"Gene2001",63,75,69,46,63,48,70,35,47,54,45,75,63,61,103,75,60,92,54,45,50,76,102,87,68,53,104,46,93,39,70,49,74,74,113,71,60,66,61,73,30,101,118,45,108,53,63,99,53,97,119,67,71,134,63,105,61,98,84,118,57,59,132,68,77,56,44,55,68,54,32,37
"Gene2002",39,32,42,15,51,18,30,40,60,46,54,53,53,45,33,53,52,50,78,46,41,34,56,39,31,25,35,37,61,23,24,15,30,64,27,29,59,57,59,63,26,34,16,42,56,93,56,30,43,39,33,66,44,31,15,41,29,32,51,38,41,24,35,41,35,50,11,17,33,54,49,30
"Gene2003",7,4,3,4,11,3,10,7,7,5,6,6,4,4,9,9,6,7,11,6,1,14,10,4,6,7,7,11,1,6,9,4,12,6,19,5,2,11,6,14,8,5,4,10,9,10,9,9,7,1,4,4,8,5,9,8,6,5,4,5,17,8,4,5,10,5,8,4,8,1,5,5
"Gene2004",3,6,2,5,8,3,9,0,7,2,3,9,5,6,7,2,7,3,5,9,11,3,18,0,3,2,5,6,6,6,8,6,9,4,4,7,6,3,2,2,4,3,5,5,8,6,3,9,5,3,4,5,3,6,4,2,2,5,4,7,5,9,0,1,4,7,9,1,5,7,13,5
"Gene2005",6,15,13,16,24,6,7,8,12,8,11,10,20,6,21,9,14,14,9,13,13,12,11,8,22,5,13,23,13,9,7,21,12,11,9,10,9,34,9,18,6,14,8,12,10,17,8,10,8,18,7,8,8,24,12,12,17,18,12,13,9,22,13,11,4,9,12,9,13,19,11,12
"Gene2006",73,92,58,90,77,144,74,127,102,81,45,130,37,107,89,97,81,88,71,44,71,95,65,54,117,101,55,74,55,59,105,69,99,65,64,92,119,35,69,127,67,48,70,63,72,67,36,56,50,69,47,88,104,25,49,37,49,79,36,112,98,116,77,79,91,93,128,113,58,63,94,86
"Gene2007",20,28,54,82,47,38,35,53,31,59,42,37,46,35,53,46,31,49,64,32,56,43,76,31,43,90,21,32,37,27,31,45,56,52,41,61,37,49,43,40,24,36,58,38,34,49,39,76,35,57,71,37,69,53,27,42,84,30,54,42,42,44,50,63,154,210,237,187,151,213,190,185
"Gene2008",12,20,20,15,18,16,32,31,7,38,18,30,31,39,48,15,29,27,17,5,28,25,19,34,4,18,16,15,31,10,17,30,18,15,19,9,13,17,15,26,11,10,27,21,12,11,32,20,6,27,19,38,7,32,18,15,23,15,23,8,29,25,51,19,25,17,23,25,35,26,19,9
"Gene2009",30,19,9,23,27,6,21,24,20,40,11,17,17,10,40,6,19,20,16,26,21,15,7,18,11,13,9,15,25,15,28,42,20,29,11,6,33,40,29,42,17,23,20,3,27,25,16,26,22,19,26,23,25,20,14,5,17,17,24,16,18,22,18,37,21,17,13,8,21,29,17,32
"Gene2010",92,120,86,51,95,114,105,110,47,98,90,243,137,117,78,88,71,74,96,179,55,116,83,69,226,103,116,148,60,108,121,121,127,72,83,112,138,171,99,130,143,69,77,148,91,118,97,107,51,81,123,108,90,140,132,120,150,101,94,112,89,96,72,57,118,68,79,151,77,135,98,149
"Gene2011",5,5,7,2,10,4,10,3,6,10,13,9,0,4,6,4,6,14,8,8,7,11,1,11,9,14,15,8,6,10,18,5,5,7,9,7,14,7,3,16,7,6,5,12,9,8,10,11,2,13,0,6,12,16,8,11,4,8,14,14,7,6,4,11,4,14,5,9,11,3,10,7
"Gene2012",109,108,177,257,203,99,130,261,168,159,88,80,202,67,136,179,217,28,208,146,257,152,135,125,110,129,219,82,98,122,121,259,163,142,162,139,134,150,164,121,105,218,85,84,134,90,154,65,78,121,134,193,103,92,137,139,96,158,88,220,152,157,107,160,185,135,63,125,90,67,150,114
"Gene2013",211,74,66,71,88,71,125,73,95,115,101,56,79,35,93,67,106,96,126,68,57,98,34,121,110,101,45,51,113,110,84,104,82,144,81,61,153,78,139,66,74,106,105,74,121,137,129,59,58,55,83,82,126,39,125,117,95,118,47,122,127,72,151,91,62,132,92,116,57,214,99,81
"Gene2014",10,33,8,33,36,28,21,19,32,38,7,5,17,24,13,8,30,14,11,20,20,21,10,25,32,15,18,40,17,20,19,24,5,21,29,43,34,15,12,30,25,26,30,5,12,8,18,16,27,27,12,23,22,37,16,10,5,16,10,19,19,19,17,7,17,19,30,38,14,25,34,22
"Gene2015",49,71,41,56,23,60,64,41,35,31,28,49,38,76,55,45,26,54,74,39,31,39,42,88,59,36,75,68,27,41,72,28,25,36,61,42,47,50,57,34,111,41,56,80,10,31,71,37,36,85,26,36,38,47,85,17,59,27,46,79,57,87,54,69,52,38,32,57,56,70,81,44
"Gene2016",114,101,168,128,154,23,204,143,63,90,117,168,285,96,163,112,186,149,140,162,248,138,188,96,89,248,166,112,142,178,152,97,59,93,98,161,201,223,149,227,57,291,130,116,110,115,136,118,200,109,103,223,227,200,175,131,109,137,113,167,132,164,154,116,253,142,189,94,238,150,139,108
"Gene2017",210,167,270,210,415,199,222,212,308,184,247,273,130,404,215,216,224,429,292,273,390,360,310,279,196,274,193,152,309,269,298,381,184,249,163,114,188,168,373,322,197,366,256,254,274,286,305,247,91,93,108,115,102,94,102,106,195,169,502,252,206,154,236,133,130,284,389,491,208,523,421,239
"Gene2018",354,476,216,227,214,313,327,221,182,273,416,332,333,255,329,201,586,149,493,152,429,220,486,466,210,186,553,171,441,534,403,262,410,163,259,388,320,151,284,271,224,335,396,381,238,309,343,270,1349,1052,1299,1269,1461,1621,1186,1554,301,231,633,182,353,380,230,509,183,326,172,388,320,208,305,216
"Gene2019",49,126,114,118,101,101,70,53,67,100,126,71,84,88,35,75,84,54,96,101,108,53,50,135,102,54,94,81,72,66,43,112,83,163,145,85,63,64,37,118,133,65,150,73,63,89,73,106,90,104,128,85,141,90,99,97,47,65,80,39,102,29,72,87,100,140,122,85,143,107,90,97
"Gene2020",27,37,18,64,41,48,55,50,35,65,41,29,25,53,56,10,34,30,39,52,95,25,44,8,44,33,26,72,51,21,36,42,43,37,38,33,73,47,37,99,58,47,10,38,62,53,50,35,73,28,41,46,33,47,75,53,30,42,57,25,40,61,43,36,10,11,12,13,13,9,18,7
"Gene2021",81,80,32,69,106,65,133,50,102,158,107,81,74,108,67,45,119,129,129,117,46,76,55,72,91,79,101,112,57,77,121,158,113,116,123,72,168,110,48,149,104,95,124,157,57,87,29,127,110,92,58,91,60,167,73,121,99,64,104,67,61,95,64,104,75,68,52,83,80,39,128,90
"Gene2022",26,41,43,29,59,15,41,21,41,34,73,38,39,47,26,54,38,36,55,57,24,22,34,42,31,74,40,55,27,44,77,19,44,18,48,34,46,52,49,26,38,60,33,54,20,33,45,49,43,36,65,39,33,50,18,45,34,29,35,50,46,46,25,49,23,50,49,44,43,29,49,40
"Gene2023",19,8,15,22,23,19,11,7,13,21,13,24,21,24,17,23,32,16,24,26,6,20,13,24,3,12,6,9,11,30,26,11,19,6,16,13,12,14,11,7,26,9,16,12,26,8,22,15,16,11,28,28,11,13,12,10,14,32,12,9,13,13,15,28,8,15,12,23,13,16,12,5
"Gene2024",176,147,192,185,114,150,95,171,99,129,209,108,147,233,206,196,158,101,140,208,77,192,209,198,176,185,132,131,97,182,217,99,177,183,244,141,167,166,118,161,106,180,148,126,205,243,138,232,121,160,109,178,126,143,115,201,91,66,211,139,136,232,146,117,130,119,191,157,310,132,258,161
"Gene2025",145,183,129,354,171,104,288,102,81,147,181,125,213,94,151,133,141,84,173,64,183,51,160,48,123,94,119,85,116,123,60,208,77,165,61,126,191,84,128,115,61,72,167,108,120,56,158,143,235,202,115,82,110,100,97,168,171,65,136,143,103,76,106,121,91,44,124,139,92,112,156,86
"Gene2026",208,197,371,165,221,269,173,172,142,367,133,204,325,225,246,249,326,153,158,192,160,258,238,219,121,664,205,348,367,322,190,250,264,407,426,267,323,536,482,333,299,148,254,235,218,263,107,201,318,269,94,412,248,92,267,220,278,148,348,213,246,344,394,300,444,169,139,293,128,333,299,275
"Gene2027",91,246,647,546,617,314,408,518,407,516,287,222,402,555,753,178,235,397,440,199,214,460,440,661,386,547,293,569,360,503,439,419,422,595,428,335,399,372,439,256,892,671,407,331,322,212,251,547,417,419,350,314,323,281,327,401,402,325,269,472,369,383,198,444,624,293,392,250,228,355,558,367
"Gene2028",230,285,445,601,439,437,158,268,168,279,413,362,327,324,318,302,364,168,409,125,216,266,246,303,326,363,126,369,210,472,370,195,580,282,356,336,207,154,208,326,123,340,136,170,325,197,312,516,473,203,170,364,263,380,266,497,296,296,340,179,219,301,312,314,1362,1524,1253,1257,1118,1354,1420,890
"Gene2029",231,127,179,124,96,287,150,138,96,110,188,149,115,142,196,124,98,220,143,125,286,195,168,131,229,96,238,125,179,140,58,158,163,59,96,150,117,176,242,141,54,151,103,117,178,221,88,214,110,178,205,107,192,149,138,102,179,206,49,155,153,231,214,155,206,100,73,131,238,212,110,206
"Gene2030",53,48,61,39,81,49,64,44,35,45,67,75,61,44,93,56,65,50,50,37,69,38,78,56,82,34,35,86,55,25,67,23,66,25,36,55,67,62,89,46,91,32,38,34,57,28,60,42,33,47,50,51,41,38,53,31,42,37,50,56,54,76,54,40,130,58,52,81,48,14,61,44
"Gene2031",49,40,63,51,27,56,35,28,66,64,50,75,46,53,54,35,43,53,71,41,56,52,61,69,27,42,8,9,9,12,14,14,26,70,47,37,65,27,39,31,55,84,51,45,66,35,19,41,66,42,33,49,37,39,72,47,25,81,40,51,20,18,22,27,52,67,83,41,47,45,61,39
"Gene2032",26,35,27,36,24,20,32,39,53,32,16,24,16,32,44,15,28,36,22,50,44,41,26,25,33,24,39,18,24,19,22,41,23,18,35,33,29,57,43,49,81,40,35,66,25,28,15,29,21,43,19,24,33,36,31,38,27,60,40,33,64,27,29,53,35,43,33,38,22,36,67,39
"Gene2033",20,24,12,18,29,18,25,25,19,28,10,39,22,21,21,16,10,24,27,17,36,16,31,26,24,30,9,19,13,29,14,33,28,33,18,36,8,27,23,19,20,15,30,21,12,19,34,29,17,21,26,7,31,15,21,26,27,32,19,25,13,17,33,18,32,25,24,24,32,25,6,18
"Gene2034",48,55,38,18,21,17,27,52,14,60,37,38,45,38,39,34,31,43,40,31,43,32,34,15,9,45,28,13,42,70,27,17,35,12,21,21,97,58,37,33,36,33,34,19,27,43,22,32,30,39,38,49,28,41,40,23,31,41,29,33,22,23,19,19,41,47,20,30,37,46,36,25
"Gene2035",26,122,111,92,179,100,133,78,74,118,154,107,89,135,98,132,146,75,75,111,69,117,57,107,213,196,171,137,137,40,72,73,143,94,84,174,126,53,131,76,48,131,125,88,135,67,209,115,150,140,88,104,126,110,147,130,121,92,140,116,87,98,123,122,150,33,98,93,171,107,107,206
"Gene2036",88,88,92,93,130,76,68,83,94,70,62,58,58,132,83,172,32,61,52,59,78,67,68,61,233,142,55,61,82,50,112,110,92,71,127,85,54,122,51,116,47,81,65,66,79,66,84,69,109,32,99,66,150,125,48,111,81,64,67,137,66,77,46,80,63,40,52,81,89,100,70,124
"Gene2037",14,15,12,5,10,14,13,10,18,12,12,11,22,13,14,13,7,5,7,18,19,15,13,3,30,4,13,21,12,13,14,16,9,25,12,15,7,24,10,12,5,10,5,10,14,9,5,9,19,9,7,13,9,24,12,29,18,13,4,17,12,14,9,8,13,6,19,2,16,16,9,13
"Gene2038",97,88,359,307,254,180,390,137,301,185,401,167,420,97,390,164,181,181,367,227,181,98,242,278,234,499,266,408,234,179,229,172,252,162,289,187,256,271,310,253,191,100,238,233,81,251,218,195,107,328,115,141,290,283,157,264,258,228,122,255,198,154,352,211,401,186,185,225,445,321,154,259
"Gene2039",291,447,409,479,97,232,230,180,132,365,265,249,239,168,294,199,427,199,287,301,248,293,404,243,157,304,342,256,278,285,223,237,225,284,169,318,447,163,301,350,174,171,227,298,179,334,271,164,162,165,206,276,296,369,178,127,243,331,178,160,116,129,152,262,239,220,342,189,378,314,118,175
"Gene2040",487,113,324,539,265,515,206,271,382,469,535,284,307,164,253,400,291,305,386,307,510,349,379,183,113,473,486,303,286,234,290,173,351,217,386,309,327,298,257,112,270,392,227,246,115,619,506,230,287,306,242,277,163,258,490,375,330,312,123,361,264,216,230,237,388,362,447,261,157,364,346,520
"Gene2041",14,15,20,6,4,19,7,15,15,12,14,10,14,19,7,6,8,10,12,15,18,8,14,7,18,5,2,14,20,19,11,11,6,13,16,9,14,15,6,14,22,14,11,9,22,24,5,14,12,13,3,4,18,4,17,12,4,18,13,8,14,17,15,9,10,10,10,6,11,11,9,9
"Gene2042",25,45,14,19,31,30,51,38,31,23,40,36,23,22,44,32,26,47,17,26,41,15,28,22,35,31,17,17,17,25,37,37,19,18,34,48,41,27,24,34,48,28,27,43,39,29,52,20,44,24,31,38,38,34,39,9,38,8,49,16,24,15,22,46,34,18,36,31,25,26,17,15
"Gene2043",32,35,42,44,51,44,34,43,36,20,33,48,20,26,42,34,39,24,27,47,50,30,19,34,24,17,25,57,31,26,31,25,37,18,21,17,35,31,44,34,47,25,36,28,53,41,38,30,23,28,42,12,37,26,52,26,30,34,37,29,30,22,35,44,55,41,34,66,38,44,22,44
"Gene2044",22,26,30,15,37,18,27,60,26,26,23,48,14,27,26,45,14,35,9,49,15,30,53,23,29,38,10,20,41,19,16,50,34,47,48,21,15,52,33,17,21,28,38,22,27,28,47,25,43,61,19,31,36,50,35,39,32,37,36,33,49,38,49,27,21,38,24,41,24,39,16,24
"Gene2045",24,17,33,20,40,33,34,30,23,10,28,27,13,19,24,36,26,51,40,24,18,38,36,67,20,25,5,13,22,4,32,35,29,26,40,34,32,30,20,17,26,29,35,39,34,23,18,27,39,27,42,24,26,53,21,35,40,29,47,27,35,23,26,24,34,29,29,27,32,31,19,34
"Gene2046",23,19,37,50,32,14,6,26,35,23,41,44,34,30,29,26,26,20,22,12,22,29,28,26,27,25,9,5,6,8,4,8,38,23,31,44,29,17,36,21,18,42,17,22,49,38,50,25,29,19,30,41,28,22,24,35,25,24,25,27,50,46,30,16,18,48,39,17,28,42,12,31
"Gene2047",10,36,20,11,15,23,18,26,28,8,14,16,7,12,10,22,12,7,14,18,15,20,9,20,12,9,35,32,18,21,9,27,23,18,11,11,30,20,6,18,18,20,33,23,19,11,13,25,9,18,27,11,25,18,8,23,9,22,13,29,12,5,5,21,13,44,18,13,10,7,15,10
"Gene2048",29,24,20,23,42,33,35,28,15,15,21,37,27,20,21,28,35,21,25,12,13,28,23,25,22,38,161,224,194,259,267,210,33,11,28,14,40,36,35,34,18,16,18,25,33,36,24,18,22,27,38,12,33,29,33,48,19,17,49,17,20,32,32,38,62,38,53,30,12,17,12,25
"Gene2049",29,33,17,32,29,42,52,43,31,35,38,37,19,31,30,26,19,28,38,64,25,19,41,53,28,22,36,26,39,30,50,22,32,40,24,19,9,22,50,70,39,30,59,53,18,16,19,67,24,36,43,45,51,56,38,47,17,32,28,37,51,41,42,14,25,73,42,21,50,25,40,44
"Gene2050",115,140,46,90,66,94,78,35,65,60,100,42,37,92,57,54,48,57,26,82,99,78,39,57,38,56,94,45,59,44,52,113,98,104,119,124,76,77,38,85,55,75,43,76,86,58,78,59,113,59,71,57,38,58,30,55,34,46,101,70,112,35,40,82,68,81,38,75,84,46,49,138
"Gene2051",79,180,197,81,64,161,57,76,119,100,134,152,189,132,95,83,82,102,64,108,114,132,137,137,99,61,118,63,69,151,118,86,116,55,72,101,192,75,105,84,106,171,223,129,102,146,131,59,79,66,188,166,135,72,102,158,102,135,75,121,186,93,69,100,81,69,117,99,148,102,155,59
"Gene2052",251,108,55,321,196,216,263,78,173,117,186,231,58,141,152,182,112,146,179,136,150,165,218,284,92,157,209,267,147,149,72,91,114,194,115,204,162,158,295,234,112,136,128,128,193,171,143,134,53,37,44,65,49,57,37,45,252,171,126,154,122,400,113,149,165,149,224,83,290,106,97,306
"Gene2053",52,22,9,22,22,17,15,28,19,15,22,16,21,17,13,44,22,4,27,34,38,16,14,24,5,13,18,30,21,30,29,27,17,15,43,19,38,18,13,32,17,21,30,31,21,16,27,27,33,22,20,24,24,12,27,35,9,15,18,22,15,32,10,24,29,22,19,21,20,18,29,13
"Gene2054",77,44,38,65,59,34,49,47,44,91,88,24,116,61,46,62,28,105,102,40,19,37,69,96,51,43,52,24,49,94,61,67,32,34,61,11,60,42,69,39,55,54,29,68,46,61,26,86,33,34,32,99,23,53,95,63,52,67,49,51,72,29,43,34,17,44,80,52,59,81,42,133
"Gene2055",1097,1128,796,566,982,446,1050,560,683,535,614,812,468,945,1478,386,666,1414,1000,851,1131,1122,955,698,1211,1203,1053,1235,1222,403,1208,403,741,1509,1323,364,951,834,928,552,1099,1035,878,1091,516,760,704,477,611,802,879,1107,1538,609,377,818,1147,509,1063,589,703,835,653,920,1249,768,427,832,608,1212,591,496
"Gene2056",18,27,26,46,44,33,28,25,30,13,40,43,40,16,12,39,34,65,42,19,29,45,52,47,23,44,16,11,36,38,40,28,20,24,31,35,25,34,27,47,25,31,65,41,19,30,30,52,43,46,18,18,32,48,33,42,11,17,31,48,22,15,29,29,13,28,38,22,25,63,23,28
"Gene2057",211,186,88,116,138,284,109,129,132,127,148,128,112,145,110,101,143,39,85,100,105,147,214,85,230,149,113,59,156,176,140,272,116,162,166,127,61,132,144,108,88,172,111,57,183,59,99,101,75,88,115,110,169,82,120,114,27,148,107,199,199,210,65,72,145,142,58,141,122,302,260,107
"Gene2058",40,22,8,22,23,16,21,18,15,34,29,20,20,19,21,32,15,27,20,37,28,28,30,31,12,22,37,21,32,19,29,16,26,29,41,37,24,14,14,22,27,8,35,33,52,11,20,19,26,26,30,12,27,14,24,25,42,14,14,27,28,9,15,37,15,14,31,19,10,41,19,18
"Gene2059",118,325,164,312,141,137,144,225,170,148,78,150,184,205,191,172,182,77,180,140,98,292,300,323,241,276,314,383,152,130,214,228,215,208,297,186,306,95,122,154,207,124,245,299,141,225,190,108,210,155,103,201,282,135,136,315,146,78,178,243,389,152,122,168,117,182,239,167,161,296,159,297
"Gene2060",96,190,139,98,57,84,87,181,160,102,118,107,56,73,135,150,174,105,141,91,88,71,130,168,79,133,56,116,119,158,142,137,93,52,105,144,138,68,159,109,136,82,120,144,41,77,75,94,114,107,151,104,89,25,173,116,97,128,178,32,83,80,130,22,68,246,77,90,79,100,57,97
"Gene2061",10,13,17,16,13,31,27,12,7,14,21,17,14,21,5,4,16,3,20,13,6,19,8,19,12,12,13,21,28,15,15,11,20,12,33,23,10,32,10,6,13,17,18,17,28,12,18,18,18,10,13,15,29,12,9,27,9,18,27,29,11,14,26,19,24,34,27,22,29,22,16,27
"Gene2062",119,111,152,251,178,156,139,111,63,240,88,250,192,180,115,114,96,300,113,131,58,218,218,115,200,138,264,94,328,238,142,379,344,80,167,227,131,199,143,196,308,196,189,151,191,211,250,181,177,129,155,141,214,246,165,235,152,217,163,211,209,230,181,193,45,47,31,44,45,49,41,36
"Gene2063",190,333,244,166,282,213,191,364,84,116,236,302,191,213,265,202,273,194,196,210,384,296,172,110,117,185,208,187,172,154,202,97,321,275,126,122,256,203,169,161,267,261,276,310,177,169,98,172,153,293,304,287,129,155,188,130,147,151,152,159,237,148,121,231,242,157,144,406,182,301,124,238
"Gene2064",128,132,229,179,221,155,115,137,82,182,73,123,124,163,61,117,64,188,161,181,101,329,155,218,152,99,141,247,126,93,201,140,193,115,215,94,143,245,104,207,232,166,213,165,109,92,140,100,119,233,241,57,78,90,251,219,75,148,141,103,200,196,168,142,246,105,238,128,102,125,140,105
"Gene2065",2,2,3,2,0,2,5,2,4,0,1,2,1,1,1,2,1,0,2,2,1,3,3,1,2,3,2,0,1,1,2,0,4,2,2,2,3,1,1,0,1,0,1,0,3,2,2,0,0,3,3,1,1,3,1,1,3,2,5,3,0,1,5,5,2,2,1,3,3,2,2,2
"Gene2066",49,53,53,52,56,31,124,40,38,45,67,154,80,87,36,38,59,59,69,69,40,82,64,44,92,55,66,87,79,50,40,41,52,91,36,67,56,45,72,51,60,99,28,36,61,79,32,38,83,32,83,100,29,45,42,91,39,86,73,67,76,54,52,101,100,58,53,90,54,62,51,49
"Gene2067",569,313,190,187,305,482,439,349,299,442,443,492,326,147,575,200,220,231,366,232,375,401,313,354,347,327,559,292,383,259,291,684,495,282,333,227,350,441,203,281,317,303,407,360,444,419,238,342,652,333,558,353,183,583,304,494,111,295,483,255,221,191,387,284,488,354,203,200,358,223,394,400
"Gene2068",33,37,26,56,27,26,24,46,49,51,55,29,15,49,30,53,62,77,27,41,38,74,52,28,59,54,58,27,51,45,32,30,10,42,20,47,58,47,48,23,56,61,26,44,48,48,33,43,72,44,48,75,52,54,33,47,26,64,42,54,34,29,19,35,26,61,39,46,44,30,41,46
"Gene2069",26,11,17,26,15,53,39,53,11,43,23,16,21,20,24,31,56,25,24,16,15,16,17,19,10,22,17,30,9,18,47,29,36,52,30,14,34,26,24,38,29,22,33,24,30,29,34,11,54,32,28,12,18,23,35,32,44,29,27,28,16,44,20,25,41,29,36,19,49,17,30,17
"Gene2070",45,90,51,28,69,47,22,17,15,51,72,65,54,21,36,33,30,32,54,55,29,45,29,110,25,52,47,30,39,21,55,63,51,29,71,55,40,45,59,63,57,42,25,35,44,60,45,31,58,56,53,29,49,46,19,17,72,61,77,46,28,51,50,33,48,36,67,55,49,24,18,38
"Gene2071",4,5,4,2,1,8,6,4,3,0,4,2,7,3,0,4,4,6,2,0,4,4,2,3,2,1,2,1,3,3,5,1,6,5,4,4,3,2,2,1,3,4,2,3,2,1,0,8,2,3,6,5,4,2,3,5,4,3,2,4,2,5,3,8,2,2,5,3,1,4,3,3
"Gene2072",19,16,29,11,7,5,7,17,19,10,23,7,17,12,16,15,14,39,17,19,15,16,14,10,11,6,13,16,46,17,9,7,4,10,14,31,12,10,33,6,19,11,17,14,10,19,15,6,23,15,11,9,11,14,21,13,20,3,19,12,11,25,19,19,9,12,6,12,14,13,18,10
"Gene2073",56,34,43,17,80,41,62,23,63,41,50,41,49,67,32,14,33,79,57,29,43,30,45,43,64,50,103,80,50,68,27,49,61,33,63,24,24,63,31,51,68,50,69,35,77,17,31,27,67,61,27,51,60,51,65,56,60,56,96,36,33,48,58,89,52,60,34,73,48,46,47,54
"Gene2074",168,172,143,169,180,269,102,129,200,145,105,179,192,128,293,90,88,83,90,191,65,72,102,93,130,143,72,172,181,214,137,131,150,143,85,77,178,164,153,99,63,99,138,141,222,30,99,161,110,80,124,135,218,68,186,167,87,332,185,107,121,101,219,139,116,94,152,218,191,113,67,173
"Gene2075",24,67,51,104,64,96,76,53,28,76,40,53,71,34,79,161,80,115,40,62,70,81,66,67,116,43,79,76,83,28,103,91,50,36,104,38,59,54,43,92,119,128,83,90,66,62,94,31,96,160,37,49,138,109,54,69,86,116,69,84,70,40,72,94,39,68,43,108,66,44,58,61
"Gene2076",80,126,93,169,121,82,126,223,77,100,123,91,145,165,99,108,129,80,158,85,112,150,91,55,143,145,36,141,125,173,58,92,178,87,110,113,45,57,95,80,85,148,149,89,100,94,91,142,73,176,96,42,101,149,84,138,116,188,175,71,103,175,106,148,157,137,149,116,150,121,136,120
"Gene2077",14,21,23,5,35,31,13,17,25,7,18,14,25,9,11,15,16,8,10,18,21,15,19,24,16,10,17,9,21,29,21,16,34,19,12,20,16,8,23,14,16,10,22,17,21,16,15,15,11,23,6,14,14,24,23,16,10,21,20,24,30,19,22,15,9,10,17,12,18,18,31,15
"Gene2078",247,271,213,290,128,399,307,316,303,223,412,254,442,398,276,398,413,452,286,382,463,357,385,219,387,406,247,292,234,252,384,221,268,326,398,562,267,111,227,176,498,207,356,425,341,195,216,243,346,351,495,279,482,204,190,485,481,223,293,366,718,155,419,366,446,241,293,362,263,348,303,188
"Gene2079",133,173,144,254,215,228,263,451,292,128,119,203,210,195,159,220,284,164,355,235,213,281,214,402,139,139,156,211,274,250,276,261,316,148,448,330,241,214,180,108,132,198,176,279,258,323,107,173,204,231,189,189,317,334,250,237,302,177,229,166,124,365,166,152,354,158,246,283,271,118,184,194
"Gene2080",140,121,63,205,61,140,110,72,173,203,102,63,183,89,141,153,54,152,179,113,166,65,103,47,104,85,106,248,46,108,196,98,136,140,136,104,136,74,127,146,208,107,82,144,211,187,36,132,123,111,161,70,71,64,103,83,85,83,147,181,227,100,92,180,151,98,140,59,120,107,184,85
"Gene2081",51,27,67,53,44,53,64,49,52,28,25,60,49,47,46,22,33,78,82,90,58,54,59,24,33,58,65,36,38,32,36,23,86,114,27,40,56,57,29,48,41,48,31,53,16,15,16,41,70,37,29,13,46,41,55,96,46,38,49,41,63,33,33,60,10,9,3,8,10,10,5,3
"Gene2082",247,117,150,214,187,167,148,198,118,216,100,74,303,192,227,175,79,104,179,97,101,240,180,149,186,148,135,115,164,224,166,69,168,162,132,238,154,73,137,77,232,156,164,123,180,103,195,177,193,215,199,55,246,150,52,150,200,148,246,168,216,298,273,126,82,140,102,124,82,167,141,138
"Gene2083",10,10,22,10,11,28,38,26,26,19,22,19,18,32,16,23,19,14,52,32,17,36,13,32,10,15,28,28,21,15,12,14,24,33,14,28,25,12,18,19,14,17,21,8,58,33,11,16,27,26,17,28,31,22,20,41,24,6,23,26,9,20,28,29,49,34,12,27,34,36,33,28
"Gene2084",20,14,10,21,17,22,16,13,22,19,12,11,12,21,13,8,11,16,24,25,5,15,14,9,17,25,12,9,15,35,21,19,8,20,20,32,20,18,15,18,8,14,12,20,27,10,13,38,10,14,22,26,24,14,28,24,11,14,22,25,27,14,16,42,13,26,20,18,33,13,20,10
"Gene2085",3,5,6,5,1,2,5,3,7,6,4,4,2,2,4,2,3,9,6,9,2,3,8,4,5,0,1,1,5,6,8,10,4,4,6,5,0,8,1,5,6,4,2,7,4,1,2,0,7,7,9,2,5,1,3,3,3,2,6,4,6,0,0,5,4,4,3,6,2,2,9,6
"Gene2086",114,36,50,69,73,55,84,55,90,63,38,55,78,48,72,79,58,60,85,64,72,90,34,66,74,101,34,110,56,47,54,28,100,72,58,77,112,39,62,110,49,69,70,27,82,90,59,20,57,79,69,71,89,47,55,104,41,61,37,77,77,44,63,88,45,86,56,58,125,35,81,60
"Gene2087",1,1,3,8,4,4,7,2,0,8,4,3,2,0,2,10,1,6,9,3,3,4,9,1,5,4,5,4,5,1,3,6,7,1,7,7,3,6,0,1,9,4,6,3,2,2,1,1,3,4,3,0,2,7,2,10,0,3,2,2,3,0,3,3,5,2,5,1,3,5,1,4
"Gene2088",26,39,61,41,29,40,78,71,28,37,54,65,77,49,104,26,46,30,69,53,40,39,55,80,62,73,29,81,66,76,77,44,67,60,26,50,49,35,41,49,63,64,33,63,53,47,48,46,67,34,53,15,53,71,33,41,50,57,57,55,70,42,52,46,222,275,231,243,224,190,285,226
"Gene2089",27,127,101,107,57,72,130,91,90,99,84,88,78,67,53,84,139,44,80,73,117,72,96,52,98,193,103,64,47,66,67,90,50,79,85,143,116,73,116,116,127,57,48,118,86,91,65,77,100,72,101,76,67,113,142,101,159,124,36,86,112,83,102,47,131,142,85,91,86,131,86,89
"Gene2090",95,233,101,60,193,109,123,224,169,198,99,148,88,162,130,238,188,104,112,198,192,119,138,224,215,118,222,74,168,153,229,86,110,115,282,103,199,126,136,115,86,165,220,186,113,172,122,74,190,126,105,91,113,148,137,122,149,115,58,126,124,130,180,111,188,132,79,238,165,221,125,135
"Gene2091",148,144,115,175,306,308,246,204,114,230,275,183,400,197,172,195,328,241,145,186,140,141,160,182,148,202,197,226,243,160,277,85,133,178,118,272,173,157,284,122,142,126,180,222,181,176,190,172,179,186,156,275,143,162,239,125,57,153,167,145,216,182,178,272,127,191,223,190,252,190,157,184
"Gene2092",70,65,95,132,136,113,154,98,136,225,67,134,89,116,67,138,109,78,88,241,88,133,131,159,143,94,116,126,117,182,154,115,102,40,146,161,43,92,71,125,150,88,147,84,70,109,54,203,135,51,100,157,69,162,132,136,124,146,125,111,69,91,111,123,102,129,142,85,83,125,92,74
"Gene2093",11,53,26,28,9,14,10,9,25,17,19,24,13,17,21,18,18,27,18,18,10,19,32,17,22,11,24,24,18,11,21,13,24,27,10,25,18,6,28,11,19,21,17,43,46,14,13,30,4,18,7,6,15,32,31,7,10,26,8,9,25,18,26,20,29,24,28,36,12,36,13,13
"Gene2094",90,125,141,222,70,125,198,193,84,150,212,150,152,157,205,134,258,211,136,168,285,244,79,106,211,234,95,230,75,145,124,122,74,223,216,219,109,249,117,153,154,267,256,153,102,246,175,96,124,78,207,145,369,166,142,157,186,140,173,93,91,108,176,132,227,166,255,227,155,292,198,125
"Gene2095",74,49,50,74,74,28,60,61,62,107,51,84,44,58,80,47,90,87,90,53,32,57,103,93,34,76,74,99,42,44,50,73,52,79,25,77,40,52,35,40,84,55,61,104,85,73,32,106,73,76,57,33,24,27,28,58,45,57,33,68,45,86,70,32,36,74,89,78,71,84,16,54
"Gene2096",7,6,2,4,6,5,3,5,8,11,6,4,11,6,13,9,3,0,6,4,6,3,14,7,5,2,3,8,9,3,1,8,16,1,5,5,5,7,6,3,9,5,8,3,3,8,9,8,8,6,12,10,5,7,18,2,8,8,8,12,11,3,6,8,6,1,8,5,3,7,3,15
"Gene2097",52,28,56,71,45,32,16,56,35,58,43,58,34,24,55,76,43,49,31,77,70,17,23,31,71,26,78,59,70,47,57,57,43,55,29,88,65,65,63,60,29,48,49,33,93,51,64,32,28,52,67,27,44,49,49,34,62,25,48,48,48,54,49,26,89,86,44,51,29,25,66,30
"Gene2098",8,4,7,8,11,7,2,12,11,2,7,8,4,4,3,9,5,13,2,11,6,6,9,9,9,7,7,8,9,10,3,4,6,6,7,6,8,10,6,6,2,8,5,3,1,7,2,5,6,2,2,12,5,6,12,6,4,7,5,7,4,9,9,2,4,7,4,10,3,8,8,6
"Gene2099",17,14,15,23,27,22,15,13,20,18,8,13,10,10,17,9,20,11,12,13,13,13,14,16,0,14,14,7,13,20,7,8,7,19,35,7,9,10,18,37,30,20,19,17,23,15,19,16,13,18,29,23,20,8,14,16,13,10,9,13,25,20,20,18,35,20,11,15,12,13,16,9
"Gene2100",25,24,17,32,36,16,10,43,17,18,23,14,5,35,35,35,24,21,21,32,10,33,24,18,17,21,28,21,13,29,32,20,26,30,34,40,26,20,32,32,31,12,17,25,26,27,18,16,30,46,23,39,38,34,37,12,22,9,33,15,25,28,38,13,25,22,23,7,29,34,22,29
"Gene2101",10,54,36,28,41,24,22,23,44,28,28,21,15,27,22,11,30,30,53,11,22,28,24,28,33,47,22,45,32,21,18,19,28,21,35,32,35,19,14,31,28,38,24,13,39,32,34,24,11,52,18,28,35,13,41,24,20,51,15,40,18,29,40,22,20,18,22,24,25,13,17,20
"Gene2102",138,132,158,163,155,119,74,231,219,123,209,162,216,209,71,182,119,257,244,99,86,112,142,223,156,179,259,63,174,184,339,175,161,74,164,69,153,175,244,163,204,78,199,152,185,149,187,200,151,269,212,77,210,76,188,172,169,85,79,168,216,191,99,226,112,265,233,153,179,247,104,138
"Gene2103",64,43,22,61,35,62,79,34,50,42,45,75,85,71,47,31,47,31,57,39,45,22,41,70,57,73,92,49,41,77,43,30,65,48,24,59,46,19,55,38,44,38,46,41,41,68,40,26,60,56,41,54,71,55,42,53,76,52,63,56,41,46,39,45,30,44,62,56,44,30,47,53
"Gene2104",24,15,15,12,11,7,21,12,18,21,28,19,40,16,11,22,17,34,24,23,22,31,35,26,22,28,7,7,11,9,15,21,20,15,9,32,14,24,18,26,31,24,8,12,9,11,15,25,17,17,15,16,32,3,11,9,15,32,7,12,19,16,5,12,17,12,12,30,7,9,10,11
"Gene2105",26,28,9,39,25,19,18,20,29,17,14,16,22,33,34,40,30,18,18,33,19,14,30,17,17,22,88,125,137,143,115,143,22,21,16,43,16,14,25,24,29,19,11,26,15,22,28,24,20,20,23,11,22,51,28,31,35,23,20,28,27,20,31,29,53,37,38,12,35,26,16,22
"Gene2106",35,36,21,15,25,21,29,22,25,44,22,25,49,32,20,7,19,19,31,28,15,18,48,28,26,36,39,37,35,37,23,15,16,35,28,17,38,31,20,22,17,19,35,26,22,24,34,14,24,27,38,46,36,18,26,29,17,28,16,20,39,18,30,36,31,41,42,34,42,50,23,27
"Gene2107",21,77,72,87,90,112,45,59,87,110,76,64,110,61,49,41,43,56,70,77,91,77,48,46,38,82,29,50,52,50,11,48,76,42,43,62,58,63,68,63,52,28,74,96,48,74,103,143,56,101,115,71,69,57,68,96,60,75,45,65,68,55,67,42,52,53,63,58,76,55,108,51
"Gene2108",70,94,95,81,130,80,97,87,107,83,121,123,40,90,94,157,61,75,79,165,101,161,53,97,167,141,141,118,75,141,148,133,235,111,135,68,96,95,44,129,124,72,118,127,108,165,97,56,88,57,99,109,100,78,37,40,122,128,128,138,84,116,127,121,16,23,34,16,35,31,25,32
"Gene2109",31,38,41,36,57,27,23,44,24,23,42,30,35,40,19,19,38,40,46,39,59,37,23,17,25,21,16,31,16,58,27,16,31,54,38,32,46,53,50,54,35,18,40,54,35,23,36,21,34,30,30,55,22,41,59,23,35,26,7,21,32,21,42,26,43,24,48,40,18,33,16,26
"Gene2110",29,16,43,16,67,42,35,35,50,28,41,40,44,35,38,57,31,44,16,60,42,28,19,34,33,36,31,20,34,38,29,38,42,30,37,54,53,67,59,27,60,20,43,32,17,27,29,35,38,21,46,20,59,27,28,32,20,60,20,25,19,20,28,45,36,52,67,41,40,30,36,31
"Gene2111",86,51,109,99,110,65,169,135,200,226,65,63,172,98,89,87,124,106,73,68,67,145,87,84,114,73,121,119,54,119,103,144,96,56,138,86,106,77,81,131,65,95,79,111,39,110,126,86,87,97,115,66,148,74,36,89,53,56,114,157,58,103,82,64,144,82,117,74,65,87,107,119
"Gene2112",29,28,14,15,21,19,12,39,19,24,25,23,37,11,17,11,16,7,9,26,18,11,10,10,17,16,21,23,27,14,23,20,34,10,15,8,21,17,37,4,16,17,30,16,9,24,20,14,20,30,18,33,44,18,17,16,44,14,22,15,42,22,14,23,13,23,11,22,7,25,31,31
"Gene2113",32,31,21,43,39,44,52,35,56,52,53,40,37,33,26,50,56,45,45,74,62,53,45,47,159,54,51,58,26,27,28,48,32,33,31,74,48,66,26,44,55,46,41,39,58,38,26,20,39,24,53,52,35,59,74,68,15,29,65,24,49,96,51,49,65,46,56,21,40,50,29,21
"Gene2114",49,17,53,62,28,27,78,39,40,29,70,54,51,49,78,31,81,40,39,40,28,52,54,32,22,68,74,47,44,39,62,47,47,79,75,36,18,42,40,57,49,68,54,31,48,72,27,38,43,41,40,54,47,36,58,23,38,49,40,57,62,34,32,54,24,38,20,32,39,48,65,42
"Gene2115",12,13,21,31,12,18,28,32,11,25,29,15,23,15,25,56,26,18,34,36,28,24,13,27,17,20,17,15,35,15,24,26,15,15,16,15,23,17,30,27,19,24,25,23,12,23,31,15,28,39,11,34,12,29,18,36,21,10,30,27,20,16,27,38,26,19,15,14,21,24,12,14
"Gene2116",49,30,17,22,20,19,26,31,18,32,22,24,11,35,5,32,28,28,18,27,19,30,32,21,20,13,35,33,24,22,25,31,20,23,19,21,22,25,29,31,38,28,43,28,39,16,39,12,19,14,11,41,28,11,13,11,17,23,21,26,21,26,21,30,27,22,38,22,33,27,19,23
"Gene2117",27,23,28,68,39,39,91,28,67,41,50,51,50,55,15,35,37,27,10,44,35,37,39,30,27,44,43,28,38,29,25,23,49,50,41,28,29,17,35,60,42,36,28,33,18,46,38,50,44,27,48,40,32,27,48,29,37,59,27,31,27,30,28,31,37,76,57,53,46,26,20,106
"Gene2118",19,19,10,14,18,16,6,21,19,26,25,18,29,24,35,17,16,14,30,17,17,20,8,17,21,21,16,28,25,12,16,19,2,18,17,13,14,33,24,7,26,15,20,18,23,21,7,25,18,19,4,11,11,31,25,8,10,28,10,25,20,16,13,14,26,27,26,15,9,16,26,22
"Gene2119",50,78,46,52,36,45,60,41,64,62,28,21,23,79,50,68,31,89,73,80,86,58,14,41,30,61,71,35,63,20,56,59,45,43,40,41,36,32,32,64,50,35,32,82,71,41,48,30,30,33,46,88,52,85,35,90,48,76,58,45,49,32,48,77,338,244,507,367,407,355,319,377
"Gene2120",17,11,3,22,21,13,15,9,9,14,13,12,16,18,9,8,9,5,7,18,20,14,21,9,14,12,7,7,18,7,11,13,13,16,6,22,9,20,12,7,36,15,6,6,13,8,14,12,14,6,11,17,21,6,21,10,15,10,14,6,7,4,11,9,4,5,5,13,14,12,9,7
"Gene2121",77,86,67,137,138,71,44,81,105,87,101,66,59,80,181,92,63,50,82,53,53,65,66,127,88,87,100,103,96,32,50,63,77,80,58,107,45,53,20,70,76,58,77,98,43,51,59,167,71,59,30,105,85,166,68,63,84,116,82,75,79,130,122,90,132,61,88,154,98,111,86,142
"Gene2122",34,29,12,49,14,54,56,11,37,20,62,51,21,57,60,14,34,54,33,22,47,38,31,26,42,33,42,12,28,27,28,26,49,44,29,15,37,42,9,37,28,21,46,58,13,26,55,50,10,31,20,25,54,34,33,41,27,38,36,43,39,30,28,29,11,8,39,42,58,38,49,25
"Gene2123",153,31,93,124,205,174,141,102,120,183,101,137,137,114,71,136,81,104,129,133,225,146,113,94,132,123,193,98,365,162,228,87,123,137,100,78,113,70,107,102,123,81,164,162,91,211,162,195,159,146,206,190,161,146,131,57,135,87,225,97,167,68,223,181,105,97,70,141,100,102,169,71
"Gene2124",111,103,119,51,86,117,64,36,121,81,111,110,35,108,97,113,92,126,108,54,132,126,116,114,48,172,78,218,68,73,76,110,77,57,122,48,83,70,73,94,124,50,115,139,132,110,55,135,64,73,63,58,86,122,101,46,86,73,73,41,101,159,121,107,57,139,116,81,125,32,53,29
"Gene2125",26,22,29,20,28,55,39,43,27,24,51,13,30,34,38,36,30,52,19,44,31,26,20,12,29,20,26,25,28,28,21,33,22,22,18,23,39,25,21,84,47,20,23,21,5,18,21,19,23,30,20,12,11,35,33,30,37,21,38,24,16,34,20,29,22,41,39,30,27,13,14,34
"Gene2126",31,25,32,36,33,21,39,24,27,29,35,40,17,25,45,43,29,41,37,59,52,28,49,22,34,44,34,33,13,29,29,18,30,38,15,55,35,22,47,46,31,15,27,31,43,50,32,26,38,40,22,26,31,44,32,40,42,40,29,29,49,30,57,33,69,20,18,34,57,24,42,44
"Gene2127",112,179,82,136,170,119,89,69,180,97,105,102,103,162,91,105,78,80,195,110,99,100,98,167,166,127,65,120,52,82,184,78,131,92,123,104,100,143,165,173,76,145,71,68,59,138,163,54,136,66,93,109,167,84,135,191,90,44,138,106,149,79,118,88,152,106,181,103,116,132,94,160
"Gene2128",113,112,56,207,135,106,124,118,128,182,66,112,179,204,174,114,96,173,155,123,160,114,102,148,103,223,182,103,89,53,91,107,161,167,142,157,124,112,197,107,144,182,83,238,159,137,66,154,263,113,114,89,267,73,125,170,147,73,271,161,126,102,238,127,82,120,112,155,77,115,77,153
"Gene2129",47,93,71,101,81,151,81,74,87,57,115,74,76,69,85,101,107,96,84,126,45,45,139,54,136,132,83,183,109,66,38,101,79,142,143,60,126,80,64,112,90,66,45,68,90,65,100,108,80,46,32,111,93,117,103,84,96,155,64,146,119,58,56,94,72,50,128,140,59,104,128,115
"Gene2130",147,102,56,52,149,113,138,97,35,57,65,85,116,163,80,159,62,34,58,139,79,72,47,60,133,60,54,34,75,91,121,84,67,126,75,53,82,59,35,141,24,71,97,78,62,86,59,52,92,57,67,98,94,94,95,80,67,50,109,56,69,142,113,73,105,65,73,75,102,117,99,69
"Gene2131",7,6,3,6,9,6,12,8,4,6,7,0,12,2,4,2,4,6,6,3,9,2,6,5,9,14,8,6,3,6,4,5,4,3,6,4,3,7,11,4,7,7,4,8,9,3,5,8,10,6,6,10,6,3,3,2,3,3,6,7,8,5,3,8,2,1,1,2,1,1,2,1
"Gene2132",40,37,116,84,17,95,61,64,46,66,68,51,56,89,68,79,29,54,52,48,42,53,66,32,107,59,70,69,57,39,41,94,45,70,51,54,26,85,76,43,50,62,55,61,44,54,47,114,71,60,68,67,107,38,74,62,106,85,140,103,80,73,33,50,64,60,95,89,71,42,56,54
"Gene2133",12,11,9,3,7,24,9,9,7,12,12,7,2,10,9,6,13,13,8,19,9,14,11,12,11,5,12,9,6,12,19,3,11,6,11,17,9,13,5,6,5,7,8,9,7,7,11,11,13,13,10,9,7,6,17,10,6,13,6,12,10,5,15,11,6,12,13,12,7,6,13,10
"Gene2134",56,44,90,29,49,55,58,63,57,56,133,79,32,43,40,60,41,36,64,39,30,60,67,95,83,142,47,39,65,74,65,29,65,42,79,55,39,103,55,79,73,18,105,49,92,87,78,29,44,44,91,58,101,76,56,85,42,67,88,61,79,65,93,85,56,88,66,51,60,92,51,29
"Gene2135",20,19,30,15,20,19,22,21,22,14,9,19,12,29,19,39,43,24,20,33,26,28,33,17,34,15,22,22,11,47,26,47,29,38,10,28,27,22,22,21,15,28,19,32,21,18,18,19,32,35,24,26,15,29,11,18,29,21,28,13,12,18,9,44,26,22,17,16,14,34,26,22
"Gene2136",19,87,85,53,50,47,42,70,106,35,41,29,56,29,95,70,80,52,35,62,74,47,53,87,44,29,25,80,53,73,47,78,70,65,41,16,63,13,57,32,45,23,45,50,63,82,29,56,55,23,47,64,24,94,23,35,30,94,42,50,37,84,67,54,42,52,22,33,61,50,24,42
"Gene2137",5,9,7,13,17,15,11,9,8,8,10,10,16,4,17,18,13,5,19,4,28,17,7,6,21,8,17,13,21,5,10,28,24,19,21,8,10,16,8,4,14,2,9,16,12,5,12,25,21,18,15,11,15,10,7,8,18,12,16,13,21,14,7,17,12,17,10,20,11,22,5,9
"Gene2138",26,50,20,33,28,61,43,67,66,37,48,31,25,43,46,35,39,62,50,57,67,27,44,26,44,34,78,24,45,27,43,43,43,43,32,54,56,23,61,39,54,53,49,38,52,18,45,55,30,39,34,33,29,61,73,40,36,59,55,51,35,30,79,37,32,35,20,45,62,45,37,45
"Gene2139",450,214,285,374,255,258,285,334,167,291,167,440,573,200,588,302,316,272,455,105,357,296,130,478,303,238,345,287,424,289,228,111,352,350,305,219,202,430,282,288,270,187,313,242,319,391,344,448,495,233,467,256,273,270,489,274,293,393,310,535,209,364,264,326,314,326,459,342,334,431,427,327
"Gene2140",936,757,620,574,529,574,739,399,510,402,467,853,652,631,352,639,188,809,507,500,296,248,416,488,292,723,361,223,569,492,588,706,511,463,718,325,559,504,543,432,360,328,829,372,454,283,874,566,573,198,396,507,251,159,353,328,483,636,500,491,389,450,549,356,330,459,353,598,466,427,464,638
"Gene2141",3,1,6,4,1,1,6,3,2,0,0,5,2,2,1,0,2,1,5,7,4,5,2,4,2,6,7,7,4,5,0,5,3,5,1,4,1,3,0,5,3,3,4,1,3,2,3,4,2,5,1,5,3,3,3,4,2,4,4,2,0,2,4,4,0,2,3,2,4,0,3,1
"Gene2142",3,6,5,2,3,4,7,9,7,3,5,10,0,8,4,5,7,4,11,8,6,7,6,18,7,5,7,2,18,14,9,10,5,5,4,6,8,10,5,8,8,7,11,8,5,3,7,12,2,3,1,1,2,2,4,5,6,8,4,9,8,6,14,5,9,15,4,6,14,17,3,11
"Gene2143",3,7,7,9,10,1,10,17,9,17,4,13,14,11,6,11,9,12,4,6,9,9,4,10,17,13,9,10,6,13,4,15,21,9,13,8,16,9,19,10,7,7,8,4,7,3,6,4,7,5,7,14,9,13,4,10,7,16,9,11,3,13,11,15,10,13,5,13,7,14,8,7
"Gene2144",19,8,15,14,14,10,7,10,5,4,14,23,7,7,13,12,8,13,12,16,20,2,11,12,5,12,13,16,3,1,10,18,13,8,8,16,13,6,11,9,13,8,14,18,29,9,17,15,11,8,17,15,13,16,22,19,12,7,13,13,22,5,11,8,13,12,6,15,13,10,14,21
"Gene2145",952,779,598,709,296,630,798,991,542,501,539,462,375,601,579,1126,804,764,625,339,915,830,774,585,836,334,258,1462,689,1053,869,1011,745,666,420,432,609,1077,331,676,764,723,765,961,852,324,710,754,658,400,473,588,773,870,649,859,596,797,619,439,742,806,721,526,654,547,348,528,463,616,704,399
"Gene2146",245,245,42,296,165,240,233,251,426,100,66,235,199,190,298,232,250,258,302,216,229,200,223,239,243,181,144,159,201,131,131,170,339,130,165,186,170,368,153,222,185,76,143,172,228,106,177,73,296,184,183,178,265,167,56,204,160,379,111,63,335,168,246,254,143,131,274,298,120,219,225,263
"Gene2147",53,63,51,36,39,57,8,42,54,37,24,25,102,33,60,63,39,40,36,51,28,63,54,50,63,33,45,50,54,56,35,30,77,41,35,24,42,26,49,53,78,47,80,61,88,33,36,43,38,59,83,70,60,61,67,35,40,52,48,90,57,61,28,53,44,65,35,35,58,61,23,65
"Gene2148",206,259,103,267,186,82,74,236,199,75,134,140,129,115,284,259,225,185,247,280,158,189,86,137,132,62,250,93,107,164,256,270,184,112,128,195,273,217,218,137,128,224,222,210,361,217,162,93,77,205,102,220,275,243,103,205,153,86,84,202,142,149,170,263,151,247,208,143,187,264,113,142
"Gene2149",782,604,507,595,600,1542,1294,1431,656,614,616,999,215,518,839,496,817,952,504,909,748,816,342,749,564,866,911,739,1326,386,657,1237,777,443,541,912,679,822,787,498,613,432,905,1008,1184,562,385,691,791,747,674,680,768,513,634,859,712,1168,740,959,394,344,717,748,1391,1127,711,763,1313,1135,956,1241
"Gene2150",107,84,138,145,79,103,167,106,114,79,155,123,147,140,221,104,110,116,105,111,108,112,117,104,103,196,78,91,125,117,259,71,49,72,90,136,89,140,69,102,131,137,73,182,57,85,212,52,65,172,152,174,128,64,112,137,138,64,44,143,121,75,93,101,86,172,56,203,131,111,121,129
"Gene2151",792,539,619,295,251,518,317,394,520,439,498,324,376,609,590,440,311,474,435,305,619,360,455,581,245,634,347,449,754,224,509,778,202,232,322,386,562,358,457,422,431,332,472,650,404,387,859,532,501,383,477,361,144,313,227,617,318,366,504,216,191,270,385,667,294,438,222,333,319,313,629,783
"Gene2152",18,13,15,18,13,19,3,10,5,21,12,5,4,14,9,14,16,14,19,13,18,23,27,21,35,4,16,13,14,14,7,24,17,13,5,7,21,14,19,10,17,9,16,14,21,14,3,9,19,15,8,31,14,15,8,6,23,16,7,14,18,11,7,9,12,9,13,23,18,7,15,17
"Gene2153",6,8,15,10,12,6,14,17,13,10,21,11,25,23,12,10,5,17,15,15,25,11,5,13,11,17,12,8,6,13,16,28,12,15,14,6,19,18,18,9,22,11,11,15,13,7,24,21,15,19,19,27,10,14,8,4,11,9,8,16,15,17,16,12,14,8,16,23,13,8,12,9
"Gene2154",141,229,140,106,137,102,131,171,215,192,151,128,239,204,83,163,192,155,149,121,99,275,194,265,196,162,209,241,251,118,175,184,176,83,117,109,202,126,152,231,193,156,253,199,92,200,239,231,127,77,141,93,149,143,108,151,91,337,167,159,184,185,241,136,113,174,205,170,116,342,68,186
"Gene2155",168,104,167,157,224,171,125,240,218,145,202,121,99,337,316,102,210,286,182,106,114,142,189,171,118,62,119,124,145,231,85,174,208,129,82,51,174,94,126,169,118,146,184,188,88,54,117,90,177,153,217,242,167,117,159,253,64,279,236,153,158,152,260,206,123,193,77,96,121,159,168,179
"Gene2156",110,214,88,197,159,257,111,138,93,90,111,182,169,218,143,149,190,143,118,168,190,146,115,184,188,178,141,100,120,169,159,283,196,63,81,194,180,173,216,153,121,177,220,117,248,106,166,69,157,146,184,175,168,67,266,90,126,128,153,130,148,229,167,116,226,76,88,114,81,187,135,183
"Gene2157",114,133,76,126,99,100,141,157,84,144,122,144,59,160,105,86,79,83,98,170,37,148,88,110,118,144,81,125,144,45,65,139,201,107,132,88,91,130,89,137,104,79,187,63,69,48,58,85,86,120,124,112,106,94,31,98,98,267,89,152,74,116,81,70,66,66,62,43,85,89,121,95
"Gene2158",31,47,41,27,20,25,32,26,31,28,56,27,31,57,11,43,19,23,31,55,23,31,31,19,16,41,22,56,29,13,12,13,33,17,27,28,34,13,49,42,36,43,43,19,35,35,43,27,22,33,43,29,43,21,51,20,30,23,21,36,40,37,12,32,12,42,35,26,21,35,35,23
"Gene2159",211,188,172,132,137,170,162,176,95,187,288,214,156,166,176,124,82,313,113,132,148,275,163,232,68,210,153,333,127,151,170,182,169,116,231,93,178,245,206,93,244,162,251,62,133,220,145,144,188,249,238,121,154,82,155,145,153,206,191,126,362,187,86,267,157,142,228,123,145,149,162,241
"Gene2160",682,467,629,243,527,1096,368,262,931,444,363,358,757,394,687,500,567,674,337,846,527,327,632,533,682,484,352,851,476,442,197,723,366,205,899,550,295,376,288,447,806,206,336,634,432,666,426,550,661,966,363,308,682,937,588,362,533,286,393,226,367,475,429,427,803,384,652,619,649,382,445,655
"Gene2161",144,181,226,285,226,261,304,233,393,154,46,367,338,217,231,260,260,316,232,217,145,145,205,127,257,140,288,294,209,245,154,185,309,285,260,195,278,231,161,230,233,97,198,213,301,347,518,374,231,264,274,101,310,331,231,251,301,178,335,279,248,277,267,327,1486,1414,1491,1791,1819,1694,1611,1755
"Gene2162",9,12,14,7,13,10,20,5,12,14,13,3,12,9,6,13,8,12,7,4,13,6,14,15,9,10,3,12,2,8,10,3,11,2,8,16,14,8,9,3,22,10,8,3,4,11,16,14,14,10,11,8,6,5,11,19,6,13,11,21,14,13,14,11,4,7,15,9,3,9,13,22
"Gene2163",53,156,184,159,91,74,130,70,170,124,92,135,121,87,118,81,66,132,41,112,92,112,26,125,84,118,101,52,143,73,71,152,101,37,156,51,130,161,98,84,166,166,122,71,111,58,189,67,99,103,131,104,114,107,58,67,122,185,48,117,102,83,69,94,95,57,101,67,74,113,114,106
"Gene2164",58,51,49,47,35,58,16,43,31,60,37,33,93,39,71,65,38,35,43,36,43,55,58,58,62,44,42,65,49,38,56,48,51,25,52,58,114,27,30,35,48,114,36,74,55,48,50,31,52,52,122,78,38,29,64,37,40,77,38,29,33,52,69,56,33,19,22,44,76,84,11,78
"Gene2165",53,60,76,51,80,39,56,55,101,45,81,87,50,37,80,85,46,50,34,64,63,83,74,41,78,57,50,73,52,64,56,46,41,56,54,40,57,83,42,42,77,63,52,88,56,68,48,72,90,54,64,40,88,24,80,57,44,49,72,120,67,54,76,97,59,69,19,54,59,59,19,76
"Gene2166",52,46,40,60,30,51,35,30,31,22,49,29,42,64,24,33,56,44,55,64,27,51,48,18,51,23,52,29,31,47,44,59,51,34,65,65,41,62,51,50,40,51,30,34,33,34,31,41,27,47,51,45,57,35,17,52,43,49,33,29,28,81,35,72,56,32,39,25,52,48,51,36
"Gene2167",25,2,2,3,10,10,18,10,4,14,23,8,8,11,5,18,12,19,10,23,7,23,9,12,8,13,15,12,17,4,14,11,11,6,8,11,16,19,13,19,15,5,10,9,14,19,13,17,5,8,8,11,10,11,8,20,8,21,11,17,22,12,14,9,9,14,14,15,13,18,8,8
"Gene2168",40,60,29,51,95,87,84,56,63,126,58,84,114,73,80,33,110,39,77,44,108,65,22,78,95,69,62,42,57,107,161,24,87,104,91,76,131,55,66,18,104,94,116,157,139,39,78,119,79,56,53,74,68,108,123,64,82,36,52,95,116,99,135,79,60,79,81,80,45,56,67,39
"Gene2169",176,299,437,165,322,161,233,575,236,294,330,417,198,280,153,266,258,246,228,363,230,274,278,235,191,231,203,162,292,223,160,186,139,177,238,418,265,98,468,407,175,315,231,396,252,197,201,466,166,107,116,290,165,309,194,180,232,141,404,374,217,196,254,173,312,414,199,270,389,185,331,330
"Gene2170",292,357,560,306,306,279,545,633,371,432,500,280,418,389,453,349,282,389,558,400,287,263,563,416,404,429,184,209,313,575,481,244,229,274,315,562,253,476,709,302,434,534,239,403,235,150,100,467,505,499,267,355,328,480,353,249,551,571,437,332,285,334,491,369,299,448,185,386,379,303,460,499
"Gene2171",79,96,158,92,106,117,50,113,62,93,108,128,73,86,108,154,82,56,87,92,69,28,124,117,98,97,175,94,74,155,193,72,118,90,58,77,84,189,87,155,145,146,151,92,95,71,38,47,64,92,95,86,96,117,67,68,57,60,106,98,113,72,139,114,93,109,94,85,133,87,99,61
"Gene2172",27,34,19,21,28,29,10,13,21,15,29,10,23,24,28,17,11,15,34,23,29,16,29,16,30,27,23,19,31,16,15,50,23,20,35,19,19,12,4,24,26,12,14,19,32,19,15,21,19,19,17,19,28,15,22,10,25,35,34,22,20,45,14,16,31,11,38,19,25,19,20,12
"Gene2173",22,24,30,21,42,12,14,28,18,21,71,20,16,29,13,15,27,22,37,36,24,51,30,26,13,22,14,25,34,19,30,25,33,30,15,30,36,21,56,28,66,14,20,53,14,31,46,26,24,45,18,32,24,25,45,33,29,17,27,18,39,23,30,12,27,15,42,15,23,11,31,20
"Gene2174",60,28,38,31,9,26,27,23,19,13,52,49,39,44,29,21,16,11,23,41,19,15,28,20,34,28,19,43,13,33,16,20,37,38,15,43,29,27,36,18,17,31,41,14,26,51,29,30,27,55,12,24,38,24,16,23,22,20,25,25,25,29,19,17,83,67,79,71,72,62,42,74
"Gene2175",78,189,136,145,100,130,70,119,151,140,57,74,106,93,151,117,123,140,155,88,132,108,81,104,200,139,141,216,114,189,95,218,144,110,100,135,210,94,167,95,119,154,95,113,139,61,56,66,74,84,76,129,99,157,94,162,168,219,113,201,59,136,176,59,98,99,152,77,126,164,92,62
"Gene2176",61,47,29,45,14,22,34,31,39,39,45,41,66,46,24,47,27,42,31,35,54,29,66,48,33,32,35,27,33,32,31,71,25,34,58,41,45,39,27,18,69,39,62,43,54,41,41,63,29,27,41,17,31,39,50,28,49,17,19,62,30,16,43,26,58,61,21,72,42,26,21,55
"Gene2177",1700,1914,1605,1918,1425,1054,1256,2244,1256,935,1514,2643,1921,2355,1163,2395,2038,1455,808,1476,1315,1615,1571,1809,1541,1577,1392,1853,1573,1421,986,2023,1153,1433,1364,1839,1500,1255,1622,850,1542,2091,2673,1347,1757,1834,2450,1502,3712,2682,2803,1453,2519,2255,2347,965,1733,2987,840,531,2554,1747,1520,1444,2070,1640,836,2623,1766,1819,1512,818
"Gene2178",29,68,36,22,61,25,55,33,48,35,50,35,42,15,28,57,79,21,67,24,32,32,53,37,67,45,64,18,33,49,35,16,54,61,19,41,36,32,27,40,72,42,52,35,55,22,24,56,22,32,48,24,57,55,47,21,44,41,40,21,30,25,43,47,36,45,25,41,49,37,35,27
"Gene2179",98,54,51,28,31,116,18,61,109,62,67,109,64,63,82,45,19,62,62,54,37,72,59,79,56,41,37,35,50,68,43,56,54,108,48,72,81,60,75,114,51,65,41,39,101,82,45,61,63,71,67,104,51,69,35,51,35,59,40,79,96,61,29,71,43,73,73,78,50,57,59,92
"Gene2180",83,46,48,44,42,53,53,42,49,39,34,59,54,30,80,35,42,42,66,52,47,67,52,34,35,34,59,48,21,28,56,31,19,37,41,30,42,44,52,66,32,48,30,42,26,40,49,35,181,239,197,210,183,146,228,216,39,28,25,32,54,49,66,46,45,37,43,44,44,37,25,49
"Gene2181",40,21,13,23,23,26,26,16,21,16,23,23,32,20,19,12,17,37,15,7,29,36,30,35,22,19,21,18,24,47,34,35,31,12,31,29,28,28,7,30,26,33,13,35,22,18,34,27,33,20,58,19,11,20,18,20,25,27,21,22,38,17,31,39,22,23,26,29,27,27,29,24
"Gene2182",72,155,94,189,88,97,157,157,139,87,248,236,235,165,237,231,151,123,212,141,151,143,111,166,87,171,70,256,162,289,112,108,234,142,115,99,110,45,217,106,69,97,83,226,242,185,121,170,142,144,73,88,170,156,127,132,90,139,76,192,189,231,165,155,161,182,136,182,112,205,240,87
"Gene2183",20,39,42,33,28,13,16,37,29,16,31,19,29,61,22,42,35,21,21,24,25,26,40,30,29,31,5,3,4,6,8,3,30,25,41,55,34,26,22,35,33,32,24,29,17,33,16,28,13,39,43,17,70,36,22,32,30,30,20,32,34,35,27,32,7,6,6,1,3,5,7,8
"Gene2184",58,58,36,59,62,27,51,72,29,70,45,62,54,53,62,81,52,85,28,52,40,45,55,42,44,78,31,65,25,31,82,73,51,65,35,62,32,49,67,42,58,45,99,36,71,22,9,75,104,49,41,39,60,89,37,50,51,40,52,28,68,91,51,57,136,43,57,55,58,36,58,98
"Gene2185",29,49,27,44,36,37,60,38,49,34,52,29,28,42,53,20,15,40,27,23,21,44,34,24,73,28,52,65,43,61,41,51,74,51,41,41,37,34,29,52,41,54,51,50,27,36,19,36,43,33,46,24,37,38,32,26,51,46,24,13,33,29,43,57,22,56,20,17,61,32,45,48
"Gene2186",5,0,0,6,3,4,0,2,3,3,2,4,2,2,1,0,1,1,0,1,4,0,2,1,2,0,2,3,1,0,2,2,2,2,6,0,3,3,0,2,3,2,1,1,2,0,2,0,1,3,2,4,0,1,2,6,2,1,4,3,2,3,1,3,0,1,1,3,0,1,3,0
"Gene2187",123,138,106,97,117,140,107,37,75,274,204,97,108,142,131,86,160,192,106,155,124,71,60,114,127,181,87,176,54,78,71,115,105,160,76,67,149,72,164,63,123,113,83,99,127,108,167,116,414,505,379,343,249,397,305,426,90,114,88,175,128,132,67,196,147,94,171,161,167,124,160,59
"Gene2188",73,74,31,36,89,59,59,118,23,64,100,94,78,70,64,45,82,74,81,24,72,40,69,46,42,125,125,66,39,107,46,46,63,40,56,113,92,74,106,75,41,93,59,88,63,66,61,75,89,99,47,82,64,29,62,27,107,24,122,45,34,39,101,51,155,144,90,42,52,42,68,70
"Gene2189",26,16,16,22,17,13,29,16,17,20,33,23,17,23,6,5,24,12,12,22,11,6,23,10,28,16,21,29,35,13,35,14,8,21,11,21,34,11,28,11,37,9,17,22,20,15,16,20,21,33,8,15,11,27,50,10,24,17,21,25,27,11,23,7,27,30,10,12,20,13,16,24
"Gene2190",309,177,230,256,174,296,272,279,203,317,259,506,182,285,276,259,365,327,225,177,183,207,402,227,331,425,216,374,476,254,236,203,344,254,296,228,204,376,326,146,362,243,392,383,125,432,429,169,272,240,453,319,104,432,241,363,303,281,364,332,367,283,250,117,376,247,419,189,352,216,309,203
"Gene2191",17,16,7,12,8,14,7,13,12,14,10,14,5,13,15,14,9,11,16,7,10,7,12,6,18,12,9,6,9,14,9,15,12,15,14,25,16,17,9,15,13,12,27,13,21,23,23,15,7,11,16,6,18,4,13,7,12,10,9,10,8,25,15,6,20,16,8,14,9,14,11,4
"Gene2192",8,4,7,9,12,3,4,12,6,11,14,5,9,6,4,3,2,9,5,5,1,10,6,7,3,11,10,2,14,15,3,8,4,1,14,6,5,4,3,7,10,13,13,9,7,12,7,5,2,4,11,9,10,8,11,13,12,16,2,9,10,4,9,3,7,5,5,6,3,6,6,8
"Gene2193",24,39,10,13,27,11,25,17,27,26,21,18,22,18,19,29,35,38,42,30,43,26,18,22,34,23,26,25,41,20,32,21,16,34,23,21,27,7,22,22,14,23,17,41,28,38,49,15,28,43,18,29,24,23,31,20,30,43,34,18,27,12,22,31,15,33,31,40,19,40,30,43
"Gene2194",20,21,5,8,20,12,8,20,21,5,6,13,18,7,10,15,4,20,21,2,7,14,17,13,29,33,22,4,3,11,15,27,14,11,9,7,11,9,18,10,8,15,11,11,13,15,21,13,28,38,32,33,39,36,37,30,11,4,3,4,28,12,17,9,13,17,11,8,15,6,17,9
"Gene2195",156,140,172,139,212,114,124,130,150,183,167,129,146,127,92,195,155,183,293,157,141,199,144,112,82,82,163,275,174,260,100,139,125,117,179,204,137,237,130,181,192,61,81,112,102,116,108,187,111,148,147,218,142,97,71,124,76,91,92,50,170,152,183,201,199,151,156,121,57,164,78,163
"Gene2196",37,79,52,76,51,29,30,75,34,48,33,93,157,51,87,55,69,44,88,31,51,55,75,42,73,120,46,40,64,63,112,38,69,49,74,48,75,32,29,53,88,31,42,45,121,63,38,45,54,87,63,77,43,40,47,83,31,63,108,35,24,58,33,71,35,40,46,112,78,64,42,47
"Gene2197",23,37,31,27,45,32,38,28,28,30,52,17,37,36,51,36,25,12,31,47,54,46,27,32,32,31,48,19,34,39,45,38,39,16,31,30,64,25,36,62,30,23,15,52,40,31,18,49,40,45,42,26,23,33,43,35,34,32,38,30,50,17,45,26,43,38,18,27,31,33,40,25
"Gene2198",80,40,42,69,35,57,47,21,77,38,45,48,53,42,75,31,61,88,75,67,51,49,25,47,51,108,81,101,7,70,35,67,39,52,43,17,41,83,59,41,74,67,50,101,70,54,30,65,106,68,27,46,81,64,46,70,22,52,43,59,147,63,52,36,76,41,84,54,79,34,53,45
"Gene2199",19,30,20,22,19,40,4,13,14,14,13,19,12,7,23,15,12,17,23,10,20,15,19,14,16,11,33,15,16,9,10,4,12,19,8,28,11,31,18,11,3,26,24,24,15,21,10,26,11,9,27,14,13,16,14,5,16,17,13,23,8,19,14,15,90,63,68,51,53,44,52,61
"Gene2200",70,46,45,47,103,29,39,56,152,75,61,43,41,41,82,53,87,46,101,47,72,54,23,54,61,96,77,84,55,55,75,69,49,65,52,25,91,121,27,27,67,32,49,111,61,63,65,78,30,107,42,76,83,37,62,66,71,51,55,42,45,69,82,71,67,69,108,94,91,40,108,57
"Gene2201",117,102,55,42,64,29,64,47,71,65,98,21,88,51,45,82,84,74,106,36,36,57,40,71,66,90,71,80,82,113,37,64,40,116,38,101,89,37,26,104,70,55,62,66,41,90,52,51,66,45,59,64,65,66,73,30,79,51,70,65,64,47,70,45,44,38,54,86,67,95,57,52
"Gene2202",18,40,26,52,58,50,55,47,73,23,38,53,73,52,51,39,77,31,31,41,16,62,73,76,22,43,70,59,44,53,53,61,25,59,40,42,35,61,55,43,79,28,59,60,32,75,8,28,64,72,38,37,65,40,37,68,42,86,49,83,47,71,82,40,41,43,45,46,43,29,30,29
"Gene2203",38,42,69,63,39,48,93,39,52,65,50,32,61,24,57,66,28,67,54,84,79,51,67,56,60,63,44,63,66,81,46,67,45,27,46,56,64,73,85,50,29,41,59,65,98,34,25,23,26,38,84,83,64,31,73,63,59,62,65,48,39,119,61,45,84,30,63,21,29,51,35,41
"Gene2204",11,17,13,25,10,22,17,26,17,15,14,21,16,12,15,19,11,17,3,4,13,12,16,4,17,10,10,7,9,28,6,17,18,9,13,15,12,22,39,12,10,14,18,24,16,5,12,21,6,18,11,16,17,14,21,8,9,10,23,14,11,4,7,19,19,6,10,9,7,14,21,17
"Gene2205",220,119,251,155,214,238,135,147,331,381,130,117,151,202,192,157,108,97,87,162,125,136,83,325,99,118,157,334,151,154,263,216,160,144,198,96,229,99,153,201,143,181,164,133,134,137,253,231,161,143,91,256,184,154,128,192,279,141,112,98,271,114,87,81,92,140,107,136,253,148,179,238
"Gene2206",7,6,14,1,4,12,10,10,8,9,2,8,9,4,11,7,5,6,10,14,4,13,6,7,10,3,6,15,13,12,9,15,12,8,3,13,13,7,7,8,4,13,5,11,12,7,5,16,3,7,10,4,12,5,11,4,4,6,16,11,8,10,6,11,14,7,10,9,12,10,5,8
"Gene2207",837,547,743,561,529,837,1537,951,1144,1644,784,725,668,950,799,1003,777,1320,747,273,793,1299,816,714,382,656,1272,1318,888,322,1214,1074,959,457,694,812,764,694,726,1104,406,551,887,498,545,671,530,674,816,1067,435,521,1214,457,835,846,1050,966,716,1101,707,443,867,1455,1011,974,615,494,804,502,971,606
"Gene2208",249,179,331,539,218,324,277,393,428,416,321,151,705,418,396,439,197,306,356,225,490,409,273,511,235,500,241,285,822,109,479,214,263,427,237,639,301,476,380,626,249,639,403,241,301,150,332,388,416,504,592,357,568,463,490,202,574,499,209,336,393,248,303,454,607,301,318,262,371,507,399,312
"Gene2209",120,107,138,65,103,173,77,126,121,162,105,157,39,105,61,110,107,85,76,116,48,152,94,65,151,110,58,125,111,158,113,121,63,116,43,211,73,67,97,138,161,113,78,131,70,141,89,199,75,78,95,99,170,88,54,76,119,72,57,98,143,98,81,151,126,71,66,190,119,78,61,118
"Gene2210",11,17,15,7,8,11,5,3,16,9,5,8,6,9,10,22,0,10,8,12,19,11,15,20,15,6,12,7,16,13,8,10,16,11,17,7,10,17,8,12,13,7,11,6,11,6,15,11,6,9,16,5,7,12,10,8,7,12,4,13,7,8,8,14,8,17,18,18,8,12,7,8
"Gene2211",100,75,62,55,187,133,87,81,87,70,39,67,118,138,91,99,125,69,79,74,55,86,156,74,102,55,81,78,102,59,99,158,104,116,148,127,86,138,49,155,75,68,111,84,48,61,78,121,55,93,123,42,119,116,93,114,82,28,67,78,82,157,156,37,92,122,119,103,58,57,116,95
"Gene2212",3,9,7,0,8,4,8,10,10,1,5,12,5,6,12,3,14,6,10,12,1,3,3,7,11,3,9,23,12,7,7,15,2,1,1,10,4,8,7,10,1,5,9,7,7,10,2,11,0,10,17,6,4,6,12,2,6,7,12,7,8,4,6,5,7,9,4,10,8,8,8,13
"Gene2213",33,52,63,44,61,63,69,29,44,12,21,55,44,22,48,38,25,16,35,32,43,36,30,55,29,79,35,48,57,61,21,52,9,34,51,17,39,30,25,42,38,27,70,24,42,24,63,53,31,29,49,35,38,53,50,42,54,58,21,23,45,37,29,25,48,76,45,29,33,72,20,23
"Gene2214",90,96,181,218,155,170,70,175,76,98,196,156,175,185,221,126,159,77,101,137,201,132,188,89,138,131,145,115,143,167,286,144,59,174,66,124,110,108,182,145,209,165,161,86,210,102,177,170,179,104,154,82,79,106,142,124,132,137,131,174,141,147,138,158,638,600,859,847,1008,690,662,625
"Gene2215",88,79,108,275,129,123,209,46,106,163,135,146,135,234,80,153,138,74,278,129,165,163,93,131,158,164,100,85,109,124,210,184,93,103,162,150,106,201,160,133,231,138,160,136,176,161,204,141,80,131,196,126,177,231,113,97,140,90,180,203,97,209,69,105,255,159,135,177,164,118,128,268
"Gene2216",46,50,76,41,29,30,58,38,29,30,25,51,93,37,36,42,72,78,65,93,46,76,65,62,88,46,39,46,50,31,78,47,51,51,50,59,56,44,40,83,38,61,56,59,74,73,53,59,48,26,47,58,84,43,33,77,52,61,126,41,63,60,40,42,45,36,64,75,92,90,46,39
"Gene2217",58,69,20,53,54,35,32,33,23,25,48,56,43,34,47,48,38,34,46,25,45,52,27,44,21,42,50,57,53,33,16,41,60,41,47,17,22,37,29,84,42,56,50,54,45,42,49,51,51,37,35,51,55,29,32,56,51,38,32,55,34,22,18,42,40,42,73,12,62,42,29,58
"Gene2218",94,92,68,54,54,90,76,79,55,63,74,41,51,42,84,50,81,50,55,62,50,93,96,76,86,22,82,59,55,59,77,57,42,72,33,57,52,92,98,81,33,34,83,163,86,52,49,44,48,105,78,125,84,76,77,86,78,40,115,79,127,104,104,64,72,65,54,52,116,47,74,69
"Gene2219",6,7,2,8,10,3,11,6,3,8,4,3,5,13,4,7,10,9,8,7,3,4,5,6,13,3,1,3,2,10,8,7,6,5,15,12,7,5,25,6,6,2,7,7,9,4,3,3,4,15,8,7,15,4,19,7,9,5,4,8,7,18,9,3,2,7,8,3,2,3,13,9
"Gene2220",24,20,48,14,27,17,27,34,32,30,25,36,23,37,57,20,21,23,40,17,33,19,21,31,42,32,24,17,34,24,39,52,14,36,39,61,39,43,31,39,58,78,36,42,27,23,7,37,33,25,11,19,34,43,34,36,28,22,29,51,31,32,38,22,15,31,24,16,30,35,25,34
"Gene2221",616,150,568,349,271,610,328,697,729,576,295,493,301,609,336,475,664,331,402,493,548,339,484,658,394,361,491,426,299,524,342,204,672,1016,405,677,484,516,323,721,325,384,293,795,532,341,409,684,599,483,177,299,381,448,484,555,482,481,425,482,579,528,411,497,1924,2418,3951,3084,3441,3000,3172,2910
"Gene2222",4,10,6,8,11,3,3,5,3,4,4,5,3,3,8,6,4,5,8,10,4,2,7,8,5,2,7,3,3,16,5,9,7,3,4,10,9,4,2,2,10,3,13,4,11,3,10,12,7,3,7,0,9,14,7,7,8,9,12,4,5,6,17,4,4,3,4,6,7,7,7,20
"Gene2223",529,515,541,204,250,552,428,408,230,247,404,233,162,395,301,354,506,278,321,467,388,700,394,356,259,364,597,435,262,409,439,316,454,507,202,569,264,682,307,362,397,200,215,638,429,381,482,465,480,236,261,315,615,258,500,240,384,100,308,290,257,321,235,499,403,427,322,576,322,303,363,276
"Gene2224",45,82,58,81,48,95,66,54,37,66,101,60,86,75,100,170,177,69,61,126,188,93,98,96,126,48,79,126,137,90,104,112,96,77,134,88,45,121,79,83,139,68,75,86,110,101,49,92,109,182,82,105,68,140,90,126,186,105,79,150,109,87,92,42,163,72,94,78,84,140,135,92
"Gene2225",27,33,29,41,45,41,54,13,48,46,36,38,59,43,23,34,31,34,26,16,11,11,48,33,53,20,15,39,28,35,13,32,63,90,39,70,32,42,24,28,59,47,20,26,21,53,33,58,22,71,39,61,30,49,15,42,30,18,30,29,37,19,34,30,34,37,44,30,53,21,35,57
"Gene2226",658,923,931,1142,1010,800,1490,958,618,441,998,879,914,817,1151,615,650,400,558,1883,608,471,891,667,399,1372,485,1121,953,771,555,1583,951,1178,1409,567,509,1763,940,491,780,689,573,504,751,795,724,601,1620,585,1134,851,925,703,808,706,904,544,889,707,622,495,720,307,1093,1024,594,611,1224,768,716,1358
"Gene2227",18,42,51,20,46,32,70,23,57,44,65,53,42,35,51,44,29,82,19,20,46,61,34,18,48,29,71,52,53,38,26,64,56,59,30,56,38,74,23,42,67,28,58,40,42,61,101,40,35,47,61,46,37,77,63,59,77,49,97,28,51,53,26,35,59,24,45,49,71,42,26,57
"Gene2228",602,373,399,309,674,952,320,393,610,789,363,255,444,360,717,765,569,656,282,822,626,519,318,581,431,1238,456,356,422,628,740,650,514,472,525,654,353,444,484,274,666,309,475,320,571,513,198,588,739,420,897,464,784,312,432,950,602,972,289,707,525,230,626,478,239,464,492,450,968,415,419,568
"Gene2229",66,33,69,107,48,35,58,26,59,55,31,30,35,88,109,47,65,36,102,55,28,73,127,108,71,90,47,34,67,47,8,63,77,73,104,53,46,48,64,43,68,56,45,38,51,49,91,96,45,71,63,117,74,44,43,71,23,55,34,109,44,61,85,82,21,54,41,38,18,63,48,32
"Gene2230",37,100,76,136,76,77,100,125,77,173,145,98,101,31,75,73,130,83,96,190,155,104,97,80,64,161,73,107,86,65,64,112,199,104,92,113,130,130,110,165,166,60,191,101,122,122,123,198,61,130,142,131,121,89,59,131,90,115,107,103,64,81,104,126,539,476,528,706,461,678,707,611
"Gene2231",37,6,24,29,19,34,14,27,38,32,28,35,29,42,14,20,16,37,34,7,78,47,14,37,26,18,35,26,32,33,39,40,31,30,20,30,20,14,10,26,18,43,45,32,33,28,34,31,15,31,37,51,13,29,45,29,50,15,24,35,22,29,17,22,18,19,27,41,26,41,23,26
"Gene2232",14,12,18,39,19,15,10,15,8,13,21,10,28,12,27,12,10,13,12,29,11,14,22,23,3,24,2,34,9,30,27,13,11,34,11,20,21,31,27,24,14,29,20,34,18,24,14,22,9,11,11,24,13,22,17,23,13,13,16,17,14,17,18,8,3,4,3,7,6,13,7,4
"Gene2233",3,1,2,2,5,2,4,5,4,3,2,8,4,5,0,15,4,7,3,6,2,3,1,6,2,5,2,7,2,12,4,5,6,2,9,10,5,6,5,5,3,1,7,8,4,9,4,4,5,7,2,6,1,2,4,7,5,4,8,1,7,3,6,2,3,9,5,7,2,13,7,6
"Gene2234",15,34,22,28,14,20,21,35,25,15,13,27,17,19,9,24,35,17,19,45,29,35,26,18,19,11,24,14,15,12,23,23,17,10,12,12,37,29,11,53,20,18,27,42,24,28,23,19,14,26,27,19,59,27,11,22,14,32,24,12,39,26,10,28,24,20,11,9,34,14,25,31
"Gene2235",146,94,147,147,135,100,140,122,186,224,72,185,160,111,103,127,103,185,78,96,171,126,144,151,120,150,117,101,117,204,143,228,228,82,188,95,249,97,96,148,143,168,151,97,47,146,72,175,151,84,63,156,110,174,137,177,92,193,136,130,166,133,149,226,175,92,77,164,99,185,124,206
"Gene2236",16,6,21,12,13,23,9,21,19,22,13,8,8,8,23,15,20,3,25,14,8,11,15,10,16,8,14,33,15,6,15,27,9,14,12,7,30,11,9,32,12,8,12,18,20,12,11,24,12,9,16,19,13,18,18,12,17,18,13,11,10,13,13,21,14,8,18,9,18,5,6,9
"Gene2237",11,12,13,15,17,17,12,12,9,26,3,13,4,33,9,14,9,8,7,6,18,11,13,3,8,8,13,15,11,17,9,5,14,6,5,8,18,14,21,11,14,14,11,10,11,19,15,19,13,19,14,13,13,27,7,26,18,17,2,9,11,22,12,7,7,6,16,8,15,9,12,8
"Gene2238",32,20,24,22,50,35,40,29,17,69,42,22,51,68,24,17,19,26,27,31,45,35,34,38,53,32,22,32,22,66,34,24,21,27,24,21,10,20,40,25,59,28,28,53,19,27,22,27,14,40,27,52,12,24,23,25,46,25,21,52,30,12,22,15,27,43,26,8,40,18,52,21
"Gene2239",73,53,99,66,30,65,92,98,79,62,72,81,44,52,66,55,81,89,53,49,45,100,77,69,74,59,51,71,62,76,85,95,61,43,24,78,126,155,81,44,32,29,40,74,63,102,92,59,51,42,42,107,47,40,56,56,69,73,53,53,61,46,95,40,61,48,60,73,37,60,81,64
"Gene2240",26,41,35,21,26,30,34,32,36,47,36,31,20,37,35,46,35,31,38,22,27,19,15,37,68,28,22,30,35,35,34,31,31,29,24,38,28,35,24,35,33,30,51,27,29,28,29,42,36,47,27,39,28,40,24,27,22,24,50,43,21,63,34,24,21,23,26,27,15,25,30,49
"Gene2241",257,491,537,245,231,173,184,249,201,95,189,154,234,280,255,218,262,349,299,250,219,186,140,197,321,197,102,432,243,171,165,187,240,381,186,158,178,140,148,160,315,356,338,233,248,251,272,261,289,182,279,203,227,236,336,146,307,267,174,461,296,375,144,68,99,141,520,336,319,292,253,209
"Gene2242",87,135,94,85,90,101,44,93,114,69,125,114,93,73,63,53,78,53,137,84,88,100,160,72,129,67,100,60,79,63,62,133,90,119,67,72,84,71,87,129,63,61,73,79,81,57,137,64,130,64,66,51,79,94,92,117,72,87,94,61,111,133,101,113,55,60,65,97,80,66,71,106
"Gene2243",65,27,36,128,33,51,49,45,41,70,48,57,84,55,48,53,28,41,100,76,47,122,97,34,28,41,45,40,31,27,60,97,76,32,48,95,69,45,32,30,59,42,12,69,44,67,59,65,60,18,75,67,65,42,61,53,45,84,47,51,33,33,38,103,52,50,105,62,58,47,59,100
"Gene2244",17,15,23,9,20,9,5,20,9,17,18,5,15,7,12,10,19,11,33,20,2,12,11,15,8,15,15,14,29,12,22,15,13,37,26,5,15,22,23,10,14,7,17,8,19,8,12,14,17,6,21,23,15,19,25,2,22,27,8,18,22,8,9,13,12,8,12,8,3,16,4,21
"Gene2245",8,12,13,15,13,10,10,11,21,18,10,12,18,16,16,7,13,39,8,14,11,29,43,16,24,25,18,29,18,18,16,21,27,10,21,14,15,18,20,16,35,39,15,14,13,20,13,20,15,16,6,10,23,17,26,19,5,16,10,15,12,14,17,8,16,22,25,17,11,20,15,16
"Gene2246",79,56,75,112,99,58,120,126,102,42,103,59,70,83,139,69,158,95,91,65,81,53,109,71,44,131,104,52,133,48,115,82,105,85,86,50,77,82,132,124,89,124,26,51,84,135,66,136,162,90,95,100,147,195,105,117,120,59,105,93,100,64,77,50,68,99,102,117,63,133,85,40
"Gene2247",39,30,30,12,33,12,59,25,47,19,39,32,28,39,42,37,30,30,23,30,23,62,25,36,39,32,31,50,54,22,34,42,27,48,32,33,27,21,10,43,30,45,23,49,19,57,50,65,20,40,23,13,28,29,26,42,43,21,27,23,39,33,55,31,41,34,32,39,43,38,44,79
"Gene2248",212,142,381,204,167,419,127,153,115,285,148,340,110,145,206,221,283,348,209,261,272,228,134,188,186,203,216,279,400,384,253,260,136,123,201,218,219,398,190,374,214,150,149,226,145,125,221,178,359,271,96,406,217,269,272,183,181,329,149,228,165,147,150,278,223,171,108,98,171,160,80,294
"Gene2249",6,6,14,3,14,8,11,8,3,9,16,9,10,10,7,10,9,10,12,2,7,5,10,5,3,3,3,7,7,3,5,2,11,11,12,10,3,11,8,4,7,9,4,13,7,4,8,5,8,5,3,6,15,3,13,4,8,13,5,9,6,6,13,13,7,8,6,6,5,6,5,7
"Gene2250",76,84,80,97,60,122,29,49,73,53,115,92,76,103,80,57,58,78,104,128,135,90,36,25,90,80,76,73,81,64,130,64,30,135,66,53,46,171,151,35,125,57,24,104,49,117,84,91,87,121,113,57,31,115,76,60,66,94,137,67,51,73,105,44,121,48,80,60,83,102,71,66
"Gene2251",31,24,20,28,16,15,27,40,34,32,29,24,38,32,32,50,29,33,18,20,22,46,25,25,13,45,14,48,39,25,22,23,26,17,24,25,36,20,29,20,23,14,40,20,30,27,28,13,23,31,34,59,34,10,27,29,69,24,21,40,57,47,43,32,15,41,36,48,28,12,16,34
"Gene2252",420,391,226,350,276,250,345,348,184,309,505,387,178,265,209,198,160,814,422,372,331,300,197,324,277,224,439,148,307,289,355,328,560,276,242,255,276,225,339,275,261,523,238,288,258,232,467,270,309,407,912,284,191,298,244,326,127,367,234,426,76,266,361,148,422,162,198,271,664,177,323,347
"Gene2253",75,106,99,40,154,154,94,64,109,46,84,82,46,140,151,125,137,79,97,67,70,138,137,125,105,55,53,75,98,86,95,33,137,118,84,126,85,59,58,74,33,86,75,158,91,134,107,95,70,121,80,108,114,66,111,119,95,66,109,89,150,59,85,99,84,139,65,57,37,81,107,61
"Gene2254",13,15,7,9,13,12,10,15,11,22,23,9,21,15,18,15,12,11,20,20,19,12,6,33,17,8,19,16,27,19,6,16,18,33,19,10,13,13,16,28,15,13,17,19,13,11,17,20,25,26,4,6,21,7,17,12,7,18,4,12,20,11,6,27,17,8,9,25,13,18,36,21
"Gene2255",11,10,4,10,12,16,12,7,20,8,23,21,8,3,13,7,11,12,9,17,11,10,13,7,25,8,11,13,6,6,15,10,14,16,7,7,8,20,6,14,21,6,12,5,7,19,11,21,17,7,9,18,9,19,12,14,8,5,5,17,20,13,12,10,5,13,16,14,9,18,9,15
"Gene2256",69,82,60,58,49,44,45,53,84,70,71,121,116,83,91,78,80,53,51,17,47,55,62,50,83,89,60,81,83,69,51,42,55,71,93,75,74,67,48,55,111,82,71,81,59,116,75,119,35,114,129,43,66,46,89,47,43,82,76,100,115,68,74,92,114,98,69,74,54,126,65,79
"Gene2257",22,49,29,21,30,25,30,39,49,44,27,46,38,61,38,42,31,34,36,38,34,28,25,71,44,30,36,29,35,59,30,20,25,44,31,46,21,40,22,45,18,43,33,22,44,33,32,40,42,49,40,19,16,45,42,48,44,28,63,42,84,67,27,19,19,45,30,28,31,58,42,23
"Gene2258",52,81,11,64,45,33,66,51,59,20,56,31,21,22,66,33,97,48,38,44,55,73,13,42,34,40,82,29,27,27,48,38,31,68,57,42,60,63,71,62,42,38,45,36,48,55,66,27,12,86,29,71,39,60,46,76,40,35,35,33,31,72,27,56,40,47,49,50,29,46,37,59
"Gene2259",22,27,77,38,40,49,72,19,34,30,41,30,43,42,59,44,47,33,50,56,65,26,40,30,53,19,45,58,26,56,36,35,24,52,41,11,43,16,70,46,35,65,21,54,28,49,29,60,47,48,61,39,27,20,26,33,61,42,40,57,46,38,48,39,45,48,42,40,50,64,52,56
"Gene2260",109,84,149,84,34,107,113,67,132,61,194,55,120,54,91,86,140,109,95,78,86,97,54,135,96,80,127,113,121,157,99,97,95,71,131,125,79,67,115,138,176,141,165,52,102,137,144,109,102,154,172,131,99,120,89,115,101,108,199,141,125,131,154,175,414,414,507,387,426,358,353,404
"Gene2261",17,18,14,6,7,10,17,9,16,25,16,11,9,13,28,10,23,17,10,7,22,2,25,34,14,23,15,11,13,12,5,22,16,10,6,23,10,13,14,17,24,21,12,11,8,16,13,13,4,14,12,2,13,13,7,32,11,10,11,18,20,14,28,11,12,11,23,22,7,13,28,14
"Gene2262",1412,6230,4521,3940,2593,5570,1845,3678,5905,1337,2992,3419,2561,2007,2489,3667,1953,2974,3868,2996,2853,4062,3039,3837,2682,3166,5472,4523,2707,5050,4067,2451,2276,3713,2683,3555,4457,2368,2073,3897,2592,3692,2147,788,4402,4679,3819,2961,5456,2201,2150,1987,3014,3210,2901,2474,4324,3365,4748,4979,4286,3586,2333,2967,5826,5140,2382,6333,2628,1386,5209,2378
"Gene2263",77,161,63,86,74,125,68,76,43,111,63,82,73,71,77,46,27,34,42,66,69,68,70,71,20,79,87,106,116,70,88,33,37,71,50,73,101,119,38,105,99,35,103,69,129,29,121,46,128,37,91,70,79,74,49,79,54,104,68,84,91,150,92,61,65,35,92,74,62,59,69,40
"Gene2264",13,27,17,42,43,36,23,18,38,45,41,28,13,15,25,47,26,44,18,40,61,33,36,15,42,17,41,27,19,14,52,41,27,43,22,29,34,51,48,36,31,15,15,18,17,20,30,7,25,26,10,47,18,35,20,32,14,29,32,25,24,13,20,5,19,23,31,13,19,33,25,15
"Gene2265",52,37,56,24,32,31,38,59,41,41,58,57,60,40,48,44,37,62,14,43,25,48,38,63,47,38,50,44,46,70,39,58,36,36,45,48,25,32,60,52,44,57,65,42,46,37,25,39,56,28,10,62,67,80,56,42,42,38,42,66,32,39,79,60,64,38,31,23,33,44,41,37
"Gene2266",123,84,58,59,88,116,124,78,156,57,96,133,150,144,221,123,147,143,120,73,90,86,135,140,69,109,76,167,95,92,161,85,170,70,98,142,56,64,61,84,70,135,87,101,76,106,165,69,81,96,110,95,199,32,175,81,98,52,86,75,121,136,87,113,64,138,58,66,201,102,141,163
"Gene2267",117,90,111,50,95,70,127,85,115,120,83,73,71,212,152,104,103,176,121,127,56,65,118,143,145,105,100,97,153,123,153,143,178,61,98,146,113,110,131,138,115,76,59,44,169,153,68,44,86,152,97,125,124,114,140,168,122,152,128,89,181,107,174,131,387,435,437,495,385,402,531,399
"Gene2268",8,5,6,8,8,6,1,9,6,3,15,4,3,5,4,9,6,4,11,4,5,16,10,4,6,16,3,4,10,9,2,4,3,0,4,7,1,8,11,7,6,13,7,2,13,7,9,8,8,3,7,4,24,5,5,9,16,14,1,2,12,3,11,4,3,4,4,6,10,17,6,8
"Gene2269",5,4,0,8,7,4,7,4,1,7,0,3,8,6,2,3,6,9,6,3,7,5,6,4,4,7,3,1,3,2,4,12,3,1,4,3,3,8,4,8,3,10,8,8,2,4,5,5,5,5,0,6,3,4,4,4,4,6,3,6,10,9,4,4,0,7,7,3,2,2,4,7
"Gene2270",33,36,70,34,55,42,64,50,63,60,35,42,43,33,55,36,54,39,58,39,88,42,37,53,43,55,38,54,62,25,37,26,42,40,50,48,22,38,32,46,70,43,42,66,19,31,52,70,49,42,42,71,41,57,39,42,71,97,34,41,26,39,47,33,50,112,43,54,64,53,60,47
"Gene2271",162,94,202,218,142,104,132,129,68,212,183,196,175,177,131,149,96,140,119,178,57,121,222,115,125,152,147,61,103,154,58,154,110,91,103,135,100,152,194,146,162,153,169,129,185,244,145,107,250,76,139,115,158,129,113,100,104,127,136,171,126,144,176,166,367,402,403,399,294,353,443,363
"Gene2272",64,90,59,44,36,84,55,63,93,63,79,35,34,70,87,87,36,39,55,68,104,74,33,81,60,96,41,57,64,55,106,69,108,75,43,57,63,73,82,59,49,68,59,72,76,80,62,67,97,65,47,78,60,60,39,33,75,64,48,65,63,59,61,66,17,8,17,7,9,10,12,7
"Gene2273",129,186,109,90,145,198,166,209,172,163,288,106,285,243,137,179,204,352,153,266,156,91,138,141,279,75,129,281,102,273,112,246,87,275,166,237,130,73,54,168,300,274,271,125,125,159,201,154,140,108,248,201,253,248,92,215,185,192,178,87,218,203,156,197,139,170,176,226,142,98,133,385
"Gene2274",87,119,41,110,126,104,92,111,43,105,87,108,109,68,73,100,70,78,58,109,115,123,73,47,115,101,51,92,83,105,95,51,52,110,113,149,85,79,80,102,130,90,72,44,77,43,79,124,66,60,80,62,109,85,132,80,46,87,70,56,58,58,72,102,95,85,91,96,72,62,183,69
"Gene2275",36,91,22,80,90,96,65,137,101,104,75,96,132,44,158,72,52,45,130,105,90,66,62,76,72,23,144,78,56,92,33,71,116,87,46,150,101,139,80,78,123,158,70,145,77,66,142,78,112,112,98,136,60,109,68,66,63,62,139,43,112,45,115,90,70,91,135,117,156,86,117,139
"Gene2276",961,320,301,390,304,461,374,309,549,502,373,399,302,422,376,413,272,425,361,426,378,538,441,288,482,554,551,342,578,584,443,427,385,522,312,376,254,530,746,332,314,345,361,397,209,340,592,389,496,265,390,450,824,910,328,502,443,552,371,410,247,148,527,222,623,419,373,323,387,269,419,605
"Gene2277",26,35,10,20,10,10,10,18,5,15,20,38,7,15,17,11,11,14,22,24,30,10,8,11,24,16,13,12,13,14,27,21,9,15,19,23,17,22,14,6,10,15,22,14,9,12,14,9,8,17,13,21,15,9,18,13,12,10,12,9,6,14,10,11,10,13,11,13,12,21,21,22
"Gene2278",20,31,15,16,19,14,30,16,27,19,17,18,20,24,52,15,25,5,48,11,33,17,16,45,39,19,27,19,11,18,22,25,33,25,48,43,11,20,13,19,41,25,25,28,23,21,21,7,18,22,10,21,16,6,23,37,19,8,22,32,30,26,18,21,19,6,16,16,15,14,30,22
"Gene2279",162,98,127,72,83,52,198,39,89,126,38,212,77,117,80,82,96,56,79,95,47,107,119,77,115,35,51,116,134,58,61,51,109,116,47,60,83,73,86,99,81,86,135,168,39,91,88,64,48,103,57,59,95,73,59,101,80,36,134,97,65,58,48,34,83,81,52,73,101,51,60,99
"Gene2280",133,44,80,156,36,58,67,91,100,39,56,34,96,84,74,44,102,64,64,105,62,27,192,55,94,84,129,138,53,110,50,53,92,62,51,61,54,41,80,44,45,29,48,75,131,95,52,64,52,77,139,62,137,49,62,67,70,74,47,71,93,154,66,33,108,61,40,81,56,17,54,51
"Gene2281",3,14,1,0,3,1,8,2,1,7,1,4,3,2,4,5,3,9,3,5,10,1,2,4,2,2,0,1,1,4,3,0,2,7,1,4,6,4,3,6,6,4,6,6,0,5,4,4,3,4,10,5,4,3,3,4,1,4,2,2,7,4,0,4,2,5,6,3,5,2,3,4
"Gene2282",169,154,160,158,80,145,55,102,123,140,112,55,59,50,52,88,168,84,94,133,156,87,138,138,60,85,78,96,65,126,139,88,101,152,131,56,114,190,72,62,99,62,117,222,93,88,59,71,81,169,124,96,66,181,104,105,139,99,109,64,140,147,136,101,56,104,131,62,147,90,88,135
"Gene2283",12,23,13,4,25,16,15,10,6,9,8,16,7,7,7,18,15,20,9,13,17,19,11,8,17,11,11,10,6,15,11,12,1,10,7,11,13,13,20,16,10,12,19,7,7,15,21,15,11,8,11,14,8,15,12,19,13,13,14,9,9,17,9,6,5,8,2,9,11,6,4,6
"Gene2284",8,8,16,20,8,9,8,13,17,6,7,9,15,10,11,19,12,20,13,20,16,21,12,7,20,17,11,43,11,12,23,8,15,5,14,18,14,10,7,6,5,12,13,13,12,19,14,11,9,15,13,1,19,6,22,26,22,24,12,13,14,17,15,8,7,24,12,4,16,14,9,9
"Gene2285",565,645,382,398,392,897,481,718,370,435,235,174,566,413,361,319,750,540,315,361,849,438,452,594,318,247,402,542,252,310,430,332,278,586,577,509,407,545,317,487,157,559,573,868,403,306,615,396,233,258,431,288,365,187,406,370,336,402,290,457,191,128,241,798,546,507,468,688,337,255,564,444
"Gene2286",185,182,275,155,185,138,155,162,250,285,177,356,204,231,331,146,270,101,171,204,444,225,185,196,202,90,147,114,259,303,244,224,47,226,115,342,299,395,366,252,154,173,209,183,247,346,237,94,176,233,390,326,229,426,252,260,167,260,205,177,221,243,253,290,40,26,28,18,25,35,28,28
"Gene2287",35,16,28,9,14,14,17,18,22,12,26,15,18,21,26,18,22,28,32,10,26,27,18,27,28,10,17,18,21,20,16,12,36,19,16,28,13,22,27,29,24,17,27,5,30,31,32,43,28,18,21,16,14,32,19,12,22,24,29,16,27,33,8,11,32,30,17,33,32,22,27,22
"Gene2288",317,498,344,397,522,250,644,337,261,250,324,141,368,263,269,507,257,310,318,689,401,471,284,162,475,500,349,573,285,235,302,195,439,275,675,419,585,406,511,234,480,306,297,371,188,593,216,318,406,381,235,336,392,361,240,578,406,368,284,461,265,321,348,722,429,284,322,328,340,322,373,446
"Gene2289",30,52,19,27,26,16,25,38,37,23,28,27,18,43,7,47,14,43,30,31,30,35,28,43,48,25,46,14,20,31,38,29,40,8,35,38,20,32,40,16,31,43,27,50,19,28,11,28,16,19,18,17,39,38,23,33,21,17,28,37,34,19,33,29,38,12,32,34,42,26,26,19
"Gene2290",248,186,57,231,142,254,175,221,110,363,200,189,214,231,255,170,177,230,163,141,305,77,132,145,127,181,264,113,168,113,235,190,361,110,180,131,190,313,189,188,187,182,126,236,95,257,178,236,127,227,124,228,102,101,127,152,92,82,180,225,207,152,157,134,243,51,292,145,265,177,183,353
"Gene2291",184,226,450,490,255,141,362,250,340,381,274,412,321,306,270,113,328,239,277,602,439,397,254,191,327,391,228,235,205,394,504,168,250,310,258,378,332,155,220,167,226,310,220,446,439,436,291,188,174,309,259,189,208,419,153,297,387,221,374,185,109,192,348,80,326,370,173,235,323,284,236,344
"Gene2292",347,147,339,260,421,169,342,515,195,310,439,224,447,277,107,219,497,229,290,274,324,218,228,392,259,160,297,261,351,245,253,230,269,239,332,317,319,334,346,221,496,282,309,226,192,289,302,304,185,222,223,288,248,375,103,313,193,237,186,273,252,324,204,176,143,380,244,264,270,164,316,166
"Gene2293",177,141,312,233,217,276,219,201,138,249,221,204,134,236,228,191,220,315,458,146,300,205,166,295,469,178,414,257,389,310,193,388,136,326,316,150,228,300,84,166,193,220,278,186,282,467,263,273,72,272,131,238,385,194,329,306,217,215,163,226,298,194,323,305,252,195,175,173,247,287,218,223
"Gene2294",41,21,25,49,35,16,49,37,31,24,62,63,22,30,19,32,83,23,20,54,47,20,47,37,33,32,33,22,31,25,50,39,65,35,36,32,52,43,37,42,40,45,43,34,46,29,45,48,286,286,283,289,324,320,314,271,30,33,42,54,33,37,45,32,19,35,24,46,41,26,28,19
"Gene2295",29,43,25,17,33,19,43,29,34,21,16,39,39,16,29,35,15,38,58,23,37,39,31,45,22,17,28,40,16,40,32,31,37,21,27,23,31,26,42,27,31,35,23,33,20,43,29,49,123,133,174,163,101,172,192,135,30,49,30,29,32,32,31,25,18,34,21,44,20,39,13,25
"Gene2296",319,123,297,125,334,235,218,156,356,250,113,175,219,213,231,179,351,165,125,160,84,200,271,425,167,119,213,234,265,237,256,150,337,249,279,212,272,242,258,336,207,219,245,228,172,207,200,338,321,335,123,144,237,138,192,204,350,348,242,235,207,175,284,153,166,460,351,193,241,369,198,270
"Gene2297",54,42,28,52,97,42,65,41,37,68,58,26,23,51,62,76,32,34,43,46,45,28,83,42,43,59,36,58,52,55,42,86,56,49,46,50,28,47,27,36,75,37,62,56,28,37,39,60,43,85,28,21,46,76,44,35,85,32,36,31,56,54,72,39,60,36,28,47,11,19,26,46
"Gene2298",39,30,46,28,10,15,47,32,11,15,19,34,24,17,25,12,19,31,21,35,18,43,28,40,31,25,8,20,11,18,38,25,24,28,19,31,18,20,41,17,18,15,37,18,13,52,43,18,14,22,21,27,12,29,41,15,18,30,26,25,39,34,21,15,4,4,8,5,6,5,8,6
"Gene2299",17,11,29,15,13,21,7,41,9,10,3,12,15,24,18,10,18,31,27,16,18,10,28,22,24,22,5,21,25,17,35,14,7,10,7,20,6,15,20,17,25,24,23,6,26,17,17,8,13,5,9,28,22,34,26,15,32,15,12,19,10,9,20,19,22,4,24,29,23,19,24,9
"Gene2300",219,376,194,121,218,250,186,156,227,291,209,423,362,342,339,205,245,258,305,146,307,323,305,354,309,249,321,130,180,155,301,210,454,273,200,293,344,323,253,235,239,406,217,256,361,267,151,267,191,335,239,365,304,289,229,304,352,184,244,243,239,257,171,440,192,271,228,264,178,273,385,106
"Gene2301",233,115,131,279,173,69,152,111,128,84,158,143,91,121,146,97,124,80,221,244,159,101,232,117,172,239,148,167,174,118,104,235,205,84,80,142,270,205,101,146,193,143,97,104,152,110,88,235,63,107,149,106,74,147,55,170,94,191,81,225,161,153,158,97,112,171,183,194,148,139,113,128
"Gene2302",189,251,315,414,315,375,346,298,273,418,403,377,210,313,299,378,353,369,234,254,458,251,233,342,119,278,391,288,285,258,262,241,170,557,267,653,195,191,388,406,503,312,214,307,254,214,337,493,372,246,215,244,537,404,311,324,397,171,377,335,463,448,408,280,238,235,299,255,317,229,251,160
"Gene2303",17,30,24,18,35,26,21,34,18,25,38,33,26,13,23,40,64,37,15,26,12,34,30,25,16,28,41,26,17,30,32,24,27,19,21,23,18,45,41,30,59,28,24,29,11,17,27,15,22,13,33,35,14,10,21,16,14,48,14,20,15,24,31,16,25,22,39,9,27,41,32,11
"Gene2304",77,94,74,86,85,58,52,45,80,52,53,51,83,68,57,70,79,129,107,120,58,89,52,31,96,70,71,94,57,61,69,82,59,93,58,63,103,69,44,73,71,92,74,42,69,102,75,100,52,72,79,55,56,94,126,124,80,60,70,54,82,111,41,47,93,62,100,75,92,87,75,53
"Gene2305",2,14,22,7,13,21,18,14,11,17,19,9,11,6,7,13,13,9,24,21,13,16,12,25,11,18,15,6,31,13,6,14,13,8,5,8,15,22,10,18,15,25,14,11,5,16,8,7,6,7,18,23,26,11,11,15,18,10,13,17,16,9,11,28,12,13,12,9,18,10,7,15
"Gene2306",58,22,54,58,49,110,42,54,52,64,68,57,66,53,63,59,34,94,58,41,58,49,85,32,58,103,73,45,68,62,54,61,106,106,28,66,74,49,67,42,89,44,84,69,64,44,63,67,50,27,63,56,79,80,41,65,41,57,27,61,39,111,30,106,98,87,52,81,16,100,67,60
"Gene2307",23,14,59,20,10,18,6,15,11,4,17,57,29,27,27,16,20,21,19,37,18,19,11,18,8,20,31,14,26,20,23,20,13,10,29,16,11,16,7,28,10,20,35,27,19,32,21,19,20,23,21,17,33,31,8,34,25,34,14,27,14,11,16,23,8,18,17,11,19,27,13,12
"Gene2308",89,96,79,67,32,104,23,91,74,113,68,79,46,102,96,114,128,101,84,95,150,94,123,64,128,106,117,121,75,62,113,55,37,79,92,99,121,130,34,123,81,44,86,69,61,85,102,68,54,47,104,114,77,70,115,71,85,116,60,106,126,54,57,91,99,109,64,63,107,54,103,138
"Gene2309",68,42,32,48,35,47,42,24,43,62,44,71,89,64,58,19,31,29,93,62,44,53,54,57,39,80,35,45,46,56,74,47,135,59,59,58,39,36,19,33,40,35,32,30,36,50,40,84,70,52,38,62,48,54,28,49,45,57,30,31,62,35,94,46,70,39,16,43,61,78,30,57
"Gene2310",200,318,611,233,579,359,381,430,477,338,327,401,173,227,355,238,381,332,269,360,306,385,276,131,204,389,315,528,336,156,170,246,209,482,222,304,546,318,212,247,260,381,413,362,347,473,554,303,480,186,204,338,264,503,564,191,381,392,232,402,217,266,254,305,205,260,384,562,165,405,265,248
"Gene2311",83,148,68,54,81,33,43,164,66,52,135,101,96,121,117,81,70,16,78,77,92,53,63,85,73,99,79,116,72,90,85,58,58,107,124,94,84,122,70,71,111,100,48,69,69,151,89,93,80,76,126,108,82,36,131,30,102,89,50,61,82,36,98,88,52,89,104,94,90,48,79,94
"Gene2312",28,24,64,14,29,27,23,33,25,40,27,38,37,33,56,32,27,54,31,49,27,55,24,33,31,46,49,40,61,52,23,17,31,19,22,39,43,51,32,61,26,39,61,40,20,33,19,34,24,29,17,27,27,38,41,29,57,27,27,44,25,25,24,58,24,32,33,14,39,28,16,44
"Gene2313",6,13,3,4,3,6,2,2,6,8,3,6,6,17,6,6,4,2,2,17,6,11,3,7,13,6,8,1,3,14,9,5,3,5,7,7,10,13,4,6,5,9,6,6,4,3,5,11,10,5,6,5,10,9,5,10,9,11,11,7,5,5,12,2,4,7,1,6,7,7,11,10
"Gene2314",14,32,35,39,25,19,7,74,40,17,40,29,40,33,23,37,15,29,49,62,44,42,13,32,39,19,18,25,11,51,31,65,38,34,17,22,44,29,31,24,63,53,36,53,20,37,27,23,24,13,23,41,31,20,27,36,20,25,29,29,30,34,24,32,193,182,178,268,222,226,271,174
"Gene2315",24,20,35,26,24,19,27,13,28,29,32,35,34,18,24,57,27,12,46,10,18,19,37,16,21,10,27,18,31,30,20,24,21,21,14,35,32,25,30,23,34,32,40,57,30,17,25,30,40,28,12,27,30,7,9,27,26,24,41,19,31,26,29,35,22,9,40,37,34,16,16,27
"Gene2316",140,313,257,208,111,203,56,161,173,154,107,252,279,63,135,268,217,219,329,173,102,242,294,302,217,213,228,261,336,227,177,165,133,345,191,127,162,209,214,140,155,301,178,139,219,155,137,233,271,180,196,72,267,177,168,157,180,222,200,190,251,114,302,218,199,235,281,218,205,205,270,182
"Gene2317",109,74,51,81,129,79,125,82,80,119,135,64,71,92,70,84,66,94,139,59,85,106,173,137,66,67,77,70,106,78,38,103,97,104,78,102,108,46,83,63,69,95,157,119,81,156,82,98,85,161,77,59,101,112,44,143,169,154,83,100,122,101,129,65,76,98,94,52,101,65,132,107
"Gene2318",20,16,38,35,13,17,21,50,61,31,24,33,23,36,39,15,20,35,8,20,32,24,33,13,38,18,13,12,14,21,21,29,41,37,35,29,30,63,19,34,21,24,21,21,17,10,39,65,17,8,36,26,17,15,45,33,38,20,17,20,21,26,19,18,48,30,33,20,19,41,26,26
"Gene2319",54,43,46,114,76,77,72,76,74,32,67,35,99,128,87,62,92,47,92,138,81,97,64,70,72,83,118,59,77,51,94,96,88,49,84,42,36,46,54,76,71,99,45,87,100,94,65,84,52,69,28,63,57,94,62,23,46,92,48,44,68,65,67,46,108,51,90,33,94,97,65,72
"Gene2320",68,82,64,89,58,54,46,88,98,41,76,54,69,78,78,50,64,40,54,60,96,63,81,59,38,60,67,38,14,36,21,51,31,81,57,67,58,70,76,68,100,51,35,57,93,99,63,62,40,62,22,30,49,49,62,50,40,74,71,54,78,85,47,54,75,52,69,73,53,77,76,76
"Gene2321",95,94,132,81,86,96,97,91,45,65,111,51,82,105,88,41,32,42,54,94,78,84,67,81,76,87,69,71,103,68,68,60,68,87,125,57,77,99,58,60,108,102,75,60,145,78,60,88,76,80,69,92,99,102,89,143,81,71,75,49,51,45,65,92,62,84,81,70,71,98,120,66
"Gene2322",18,36,63,23,53,43,25,34,23,44,26,36,34,50,52,40,69,43,41,42,37,44,59,36,51,58,43,24,46,45,17,32,57,34,26,32,35,19,18,29,41,50,22,34,55,46,50,42,38,43,13,23,35,32,22,35,86,31,81,54,72,38,22,68,39,32,26,31,17,40,32,30
"Gene2323",212,255,143,229,163,134,324,140,295,162,244,277,128,221,112,211,197,162,214,192,119,330,170,254,126,244,286,358,335,178,453,279,298,237,199,242,127,358,340,104,220,235,250,171,347,287,288,398,328,459,363,206,186,414,265,162,259,222,214,168,159,165,256,189,193,213,180,130,287,144,338,341
"Gene2324",433,187,326,201,209,360,211,290,341,87,259,208,272,208,215,200,305,69,135,267,233,559,187,241,177,340,386,216,189,235,231,238,246,353,294,145,269,198,291,474,258,144,130,287,273,201,201,228,190,299,262,177,529,132,261,250,212,148,283,257,250,128,222,220,306,341,377,168,214,298,373,185
"Gene2325",10,12,11,4,14,12,15,16,17,16,14,11,18,14,12,21,19,17,15,20,8,11,19,23,11,14,10,9,22,16,21,20,4,6,3,9,16,10,18,11,14,21,18,23,16,11,3,14,7,11,4,9,6,15,17,10,20,20,28,12,13,20,24,13,11,14,10,13,14,17,10,10
"Gene2326",352,152,159,154,135,179,266,152,193,108,92,226,133,190,107,70,271,145,165,120,197,130,182,210,175,163,222,233,125,214,205,173,151,242,79,198,195,211,100,131,110,323,180,184,156,152,129,170,158,191,219,243,188,161,202,230,174,133,188,206,146,144,238,293,240,254,222,135,229,163,113,223
"Gene2327",16,20,14,21,8,13,41,31,8,6,25,28,19,47,25,24,22,26,23,45,16,15,42,25,15,38,21,40,21,16,20,21,29,11,41,20,12,15,10,16,38,17,29,11,23,14,26,40,23,15,18,16,39,32,22,21,14,10,39,22,35,21,22,23,34,20,40,19,8,17,39,11
"Gene2328",42,56,99,68,75,74,68,54,55,129,153,45,81,114,43,16,63,62,76,79,68,70,53,151,110,131,38,92,50,56,107,74,50,73,78,60,53,55,102,77,84,55,47,58,57,52,92,143,92,55,78,53,72,91,59,104,91,53,58,73,100,38,51,66,83,75,65,65,42,59,106,110
"Gene2329",145,245,175,118,152,376,122,153,181,121,223,394,151,215,130,111,208,187,120,334,212,230,113,306,127,182,324,138,232,78,67,66,91,266,166,168,190,202,94,165,206,231,224,188,97,70,109,162,156,66,184,154,243,280,131,228,88,107,117,176,348,116,217,186,202,78,124,96,136,144,111,254
"Gene2330",96,98,117,101,93,45,148,108,84,93,79,61,59,49,102,75,112,117,140,153,102,127,52,100,97,112,86,70,127,81,105,94,83,163,44,78,71,90,88,93,92,86,36,49,64,79,56,32,70,83,145,81,133,62,105,147,120,120,72,62,41,150,87,142,126,67,155,75,61,134,87,62
"Gene2331",35,26,92,39,40,105,39,54,102,48,81,17,29,57,44,24,117,39,29,22,38,69,55,30,77,47,68,52,69,69,55,34,55,23,37,52,79,38,61,66,36,112,56,30,29,48,52,62,48,47,56,81,58,55,91,46,27,17,37,64,31,73,22,43,25,100,24,55,33,29,54,37
"Gene2332",90,34,41,21,55,77,44,24,81,23,86,46,94,41,74,44,55,68,71,62,58,70,59,84,63,58,95,47,34,76,44,38,28,79,47,46,26,104,121,53,107,51,42,102,54,69,40,54,48,60,83,56,64,45,60,57,50,52,46,30,19,53,52,31,113,77,47,104,49,85,70,56
"Gene2333",673,1155,821,1332,939,1075,701,475,508,573,275,962,709,947,1074,976,967,1061,458,1344,620,958,842,778,1002,622,759,562,847,658,1072,403,1240,698,937,375,669,713,658,1229,995,771,552,1040,836,633,894,958,1088,717,630,864,1575,692,797,871,615,656,1025,866,424,878,1260,442,575,469,575,507,792,709,511,1042
"Gene2334",445,529,303,204,161,288,415,350,571,306,206,172,198,281,371,488,527,251,396,420,234,357,352,250,277,169,277,377,321,238,280,221,489,517,194,176,645,332,189,258,163,333,322,327,511,255,471,206,331,242,334,296,413,250,360,188,393,304,294,408,311,308,335,288,1635,1823,1572,1442,1050,1265,1267,1174
"Gene2335",57,28,60,43,77,75,59,56,88,34,73,42,95,44,25,95,56,83,52,36,33,77,57,54,62,50,60,34,34,71,72,55,74,63,125,68,32,17,72,50,73,35,39,80,53,39,68,64,50,58,32,105,42,16,73,49,52,39,56,58,61,90,42,74,45,57,34,50,88,35,33,53
"Gene2336",39,52,37,31,50,83,52,27,32,25,20,79,37,36,29,19,38,60,55,58,34,30,27,29,30,36,25,26,16,23,21,28,59,18,19,28,14,50,17,52,58,33,45,41,50,34,51,27,27,33,48,30,22,41,28,23,40,37,44,41,45,39,36,21,7,12,13,5,5,10,10,7
"Gene2337",686,242,533,375,349,512,330,274,392,416,451,603,147,549,557,286,602,493,390,477,488,532,762,401,480,361,449,323,247,572,397,853,519,511,366,768,660,507,508,495,489,687,536,314,722,386,250,347,433,325,608,244,368,354,355,614,503,395,602,354,335,207,543,685,563,567,326,598,402,607,345,634
"Gene2338",38,26,47,36,49,31,67,70,78,132,68,102,89,66,56,55,77,71,98,76,57,40,57,93,45,63,41,33,41,35,22,100,50,54,82,43,67,38,65,29,71,27,40,27,59,80,110,50,57,96,55,53,46,66,53,74,91,42,58,31,43,113,47,76,93,62,39,58,78,86,57,57
"Gene2339",65,78,65,64,49,228,75,92,75,115,33,46,65,109,50,108,60,47,93,102,83,74,157,95,79,71,134,102,132,77,70,89,92,116,38,64,72,81,69,92,78,140,52,106,159,47,71,84,66,74,95,100,89,154,96,111,152,74,86,118,66,97,88,142,82,108,75,109,59,57,78,86
"Gene2340",209,391,267,200,412,222,460,168,505,274,108,193,202,350,235,255,354,281,274,194,354,269,343,328,345,265,1417,918,1216,1389,1656,1564,266,163,332,226,109,180,264,365,199,248,295,265,257,224,243,263,226,431,302,217,253,91,199,452,179,278,259,214,368,238,579,286,240,190,299,302,193,213,224,281
"Gene2341",26,29,23,28,1,13,16,39,27,22,18,36,36,18,26,12,16,27,52,13,21,5,26,12,58,20,17,22,29,24,17,28,27,17,22,32,15,17,28,25,19,38,37,25,22,32,18,10,8,38,12,37,24,35,16,27,39,36,10,19,28,33,26,15,35,36,28,20,34,30,29,38
"Gene2342",21,23,30,25,22,20,42,38,43,10,54,14,8,33,31,43,35,48,32,25,20,30,51,20,22,57,27,14,38,22,39,40,27,38,29,40,21,26,30,60,24,30,25,34,23,32,32,21,16,35,36,39,31,43,45,57,24,64,23,52,25,30,31,22,40,30,57,62,27,39,17,49
"Gene2343",66,30,30,40,72,50,35,43,27,35,49,36,34,48,24,45,18,43,57,38,27,30,47,35,59,26,51,46,30,21,26,59,42,20,25,50,40,26,26,34,21,13,49,20,56,40,14,23,24,30,50,21,27,34,56,39,16,54,36,44,22,22,58,41,40,48,32,25,45,12,32,18
"Gene2344",77,47,48,47,71,33,110,42,75,61,81,40,67,77,47,110,27,123,107,104,84,64,53,112,61,45,23,55,77,49,124,67,49,82,39,34,30,55,60,145,93,63,44,61,49,83,65,92,81,37,84,95,73,90,103,66,69,40,68,50,62,71,62,47,63,46,49,67,62,58,49,46
"Gene2345",5,5,4,1,5,3,1,4,6,7,1,2,2,0,2,1,4,1,3,0,3,6,4,1,6,3,2,3,1,2,1,1,2,0,1,3,2,7,3,5,6,1,7,3,5,3,3,1,10,2,6,1,3,7,7,4,3,1,3,2,3,3,8,5,3,3,3,3,6,5,7,3
"Gene2346",21,15,57,23,65,37,58,16,42,20,18,31,31,32,39,42,24,30,45,37,24,14,26,36,34,38,38,39,19,47,36,22,30,41,14,32,23,34,25,27,57,56,9,23,33,45,40,38,50,46,49,21,35,10,32,25,32,20,47,12,17,75,19,32,36,35,28,17,46,54,31,25
"Gene2347",58,63,97,74,240,87,143,82,144,91,96,133,93,99,129,187,130,123,74,122,112,114,111,140,148,190,173,72,64,81,112,115,160,88,132,103,108,72,94,137,74,199,107,139,81,73,102,101,68,59,116,57,80,104,229,135,133,129,178,191,81,234,105,74,178,167,143,162,200,140,58,172
"Gene2348",77,104,90,57,124,66,40,126,114,137,52,19,55,46,123,57,71,89,57,90,78,98,23,63,76,85,135,66,101,78,76,101,70,61,102,121,133,104,64,77,44,107,98,108,104,81,22,60,45,87,47,74,70,74,78,56,107,98,103,107,61,75,70,63,121,83,102,118,61,76,119,17
"Gene2349",98,103,56,30,119,70,91,113,117,102,76,46,129,97,213,66,117,114,147,106,59,172,79,34,70,59,134,86,68,105,74,57,98,86,163,74,53,89,76,70,68,41,69,84,99,83,113,60,35,73,63,65,87,74,114,158,124,222,140,83,79,59,52,81,92,73,98,123,42,56,83,73
"Gene2350",8,5,5,16,19,6,1,17,5,15,6,13,14,4,7,5,5,10,9,16,6,6,3,8,4,8,8,7,9,3,10,15,5,15,5,7,10,11,5,10,17,11,4,11,7,7,12,7,7,6,9,4,9,12,11,10,2,5,8,9,11,11,6,9,9,12,8,9,5,8,9,11
"Gene2351",29,54,79,43,83,33,126,95,64,34,67,57,33,85,71,61,55,52,71,73,37,110,61,87,50,61,42,101,55,67,31,70,59,108,40,101,57,49,66,64,28,64,27,40,69,72,96,103,112,84,78,40,74,80,83,50,49,35,63,61,52,78,94,58,48,61,65,10,90,94,77,117
"Gene2352",33,55,55,44,48,54,96,23,58,48,45,68,56,33,50,80,59,34,27,37,83,55,74,12,64,58,31,38,43,31,51,30,95,68,45,27,91,56,44,75,53,52,70,51,57,46,44,41,82,30,53,31,48,40,77,33,25,41,60,22,39,44,33,80,32,74,34,63,42,61,24,26
"Gene2353",80,70,86,83,83,61,118,67,45,41,41,37,60,101,46,70,35,40,70,26,71,62,47,48,25,62,38,31,62,35,58,48,55,35,92,44,55,55,56,52,52,50,38,60,101,52,65,80,88,75,62,85,70,64,54,45,28,75,51,32,53,49,34,101,94,44,71,29,43,61,53,31
"Gene2354",183,136,163,205,139,240,141,129,130,148,71,147,102,178,165,87,313,158,160,262,136,124,119,186,270,184,216,275,269,159,213,220,179,84,117,114,229,187,95,67,78,243,130,184,127,102,175,164,137,111,169,135,246,196,144,144,188,87,123,71,77,148,267,84,170,102,99,111,235,122,136,138
"Gene2355",310,382,480,417,187,408,377,361,302,420,227,275,275,510,274,480,279,153,465,605,195,327,205,198,185,389,285,286,120,326,229,325,197,432,151,335,274,265,270,257,151,416,224,153,273,392,626,192,310,449,134,252,323,276,356,420,270,245,463,335,375,192,237,232,312,612,194,581,386,419,280,205
"Gene2356",18,35,47,43,32,42,58,26,67,18,45,36,39,23,36,39,30,10,69,48,42,29,24,25,76,81,52,32,18,41,40,67,39,61,37,39,42,55,47,57,50,94,51,47,20,44,31,46,42,66,22,32,16,22,42,35,29,54,29,34,26,68,36,27,81,42,29,57,23,70,24,68
"Gene2357",35,35,27,20,9,25,32,36,22,12,23,15,34,42,28,38,34,35,33,20,51,34,32,14,24,27,23,22,12,31,19,25,20,30,29,14,20,29,26,28,29,19,28,40,20,47,32,25,18,20,17,19,29,22,40,20,22,13,21,30,38,28,25,39,49,21,37,29,56,29,22,11
"Gene2358",26,32,28,47,51,29,21,35,18,25,62,33,97,24,68,64,65,45,45,38,52,43,40,16,50,42,66,54,50,32,107,56,25,45,22,49,52,25,45,24,59,42,38,71,37,17,19,35,29,29,34,41,50,84,45,39,35,21,26,19,42,47,37,79,46,28,35,39,79,33,19,25
"Gene2359",123,165,212,303,89,266,76,221,169,77,79,99,117,118,108,216,127,139,140,97,230,112,118,159,114,125,111,125,146,233,158,304,110,132,102,72,124,70,95,195,86,86,170,174,119,107,94,85,135,122,169,69,119,76,109,98,115,175,150,108,177,130,154,106,87,85,108,294,170,132,148,134
"Gene2360",35,46,37,50,17,72,45,43,60,56,70,68,22,44,51,48,39,41,39,29,36,33,49,52,29,45,56,51,34,20,71,60,37,24,68,41,57,39,49,34,46,61,34,39,42,45,43,35,49,38,44,36,47,49,24,20,58,47,42,58,37,54,51,48,46,47,37,42,19,33,30,16
"Gene2361",26,34,32,17,19,39,23,15,21,27,53,38,28,39,28,55,27,30,30,38,27,57,30,28,72,15,36,39,46,12,24,59,31,36,32,32,28,38,30,20,20,19,32,38,31,31,28,45,53,41,29,16,39,29,32,63,54,38,26,46,28,21,19,32,45,39,27,49,24,33,43,32
"Gene2362",58,23,48,109,57,45,58,53,42,50,38,36,29,36,88,31,33,37,54,74,93,38,40,24,56,56,41,54,46,32,90,28,71,73,26,47,49,64,15,42,73,50,54,26,82,57,80,31,26,37,66,72,56,61,55,79,62,39,20,134,70,25,41,25,65,55,60,44,27,95,27,50
"Gene2363",182,241,280,223,159,267,162,106,129,419,233,132,404,274,440,350,386,257,162,283,554,260,368,328,417,190,370,150,317,347,215,220,263,181,293,413,323,260,201,232,392,380,301,301,469,142,240,357,213,146,325,188,473,217,311,297,141,481,186,194,347,273,341,249,177,285,215,373,411,127,275,396
"Gene2364",16,18,24,30,21,19,20,23,14,12,17,29,15,22,11,13,13,18,22,8,17,12,17,22,6,14,23,22,12,18,36,14,13,7,9,9,11,19,21,17,26,11,17,5,13,16,22,20,22,13,16,27,13,41,14,31,20,14,25,13,13,27,9,17,24,39,10,9,12,23,35,15
"Gene2365",40,53,31,56,24,39,34,12,29,52,33,24,50,37,62,37,46,75,24,49,24,33,50,45,23,31,17,47,56,22,65,35,59,29,53,24,76,42,30,58,44,59,30,55,43,24,37,32,28,43,45,33,26,36,65,64,49,24,42,45,24,77,68,45,39,28,35,54,28,19,26,26
"Gene2366",13,25,11,6,20,23,13,16,19,16,22,16,5,5,15,12,8,17,11,11,17,18,15,11,23,20,16,20,21,10,19,18,20,18,24,20,10,19,24,20,14,18,19,12,17,13,5,3,18,20,13,9,24,17,15,6,14,21,27,20,22,7,13,11,19,18,15,10,41,19,12,13
"Gene2367",602,635,736,489,495,1462,1206,1041,835,602,481,1152,1143,607,649,1741,514,1230,1024,794,1285,442,1192,860,882,525,544,664,771,597,1199,453,859,364,1119,820,960,628,887,1055,738,1109,925,741,624,1132,1338,657,613,997,1277,1007,497,730,867,578,426,1238,1099,850,680,657,1515,754,891,633,695,446,1232,378,1018,1080
"Gene2368",14,24,27,20,19,32,43,29,42,34,26,42,49,32,20,28,24,31,32,18,38,20,10,20,31,56,17,20,40,30,37,52,43,28,23,31,39,23,37,20,21,25,25,21,25,14,23,24,34,37,19,12,33,35,24,49,22,14,26,38,35,32,31,33,16,40,19,27,48,27,22,26
"Gene2369",167,191,221,173,179,230,138,151,218,68,138,167,154,149,186,130,155,145,78,78,152,157,155,197,82,269,103,194,54,178,100,138,214,75,216,169,106,233,125,154,113,123,72,238,115,197,171,102,73,112,131,243,188,164,209,201,162,254,157,208,183,150,176,135,196,128,152,223,140,131,76,172
"Gene2370",55,56,36,78,53,66,48,57,60,133,54,50,44,45,49,39,11,41,44,54,48,57,70,54,43,59,262,295,258,222,217,285,79,79,71,29,63,28,35,71,50,63,29,37,37,72,48,52,44,83,45,70,85,57,54,71,51,31,62,31,53,71,29,79,107,38,47,43,94,69,39,36
"Gene2371",60,53,41,60,25,28,25,28,60,45,39,46,48,37,55,47,28,35,68,55,50,61,45,44,66,42,24,90,53,47,56,70,46,39,23,65,70,49,46,57,47,29,34,48,29,43,42,23,44,21,40,54,47,83,27,28,42,54,22,42,21,42,30,28,50,32,10,59,50,62,37,56
"Gene2372",14,43,43,24,32,19,35,32,37,47,31,40,23,61,52,15,29,42,29,41,24,41,19,21,56,31,38,30,17,31,51,35,27,22,29,30,32,43,35,27,31,42,27,38,37,33,38,10,59,26,38,27,37,22,47,41,31,30,37,32,26,56,31,31,64,21,24,49,19,14,37,70
"Gene2373",17,10,21,26,21,21,18,12,21,25,22,37,20,12,24,41,14,14,23,13,28,25,26,33,15,18,21,21,32,20,17,17,5,26,15,23,17,35,27,16,17,12,34,14,16,14,13,29,20,29,13,30,26,24,17,26,42,17,22,42,18,24,29,24,33,23,9,19,11,35,19,36
"Gene2374",231,258,252,210,115,305,276,219,254,338,496,175,357,372,204,195,365,362,565,233,436,445,210,265,300,315,144,481,145,221,250,346,219,328,441,322,189,279,360,209,197,140,343,156,350,490,148,149,236,141,129,355,204,189,152,209,253,153,341,344,199,222,448,206,302,295,300,174,484,248,319,165
"Gene2375",138,178,79,137,106,98,88,162,82,126,95,70,144,186,262,79,122,159,70,87,77,112,151,180,112,234,75,98,158,183,117,115,134,160,129,93,141,138,87,66,197,59,79,140,132,72,49,168,143,141,111,142,80,75,198,68,171,126,131,125,86,104,104,111,17,22,13,19,11,9,10,9
"Gene2376",49,57,51,39,85,96,53,48,33,34,49,83,29,34,43,56,85,55,74,61,47,59,47,59,67,39,64,60,38,73,50,35,44,63,40,46,85,52,33,68,47,65,31,36,20,64,66,51,52,61,47,23,50,32,70,66,39,45,50,54,17,51,56,76,22,76,63,63,139,42,52,39
"Gene2377",16,6,14,8,8,22,11,21,9,8,7,13,24,8,12,19,6,8,29,17,20,6,8,6,19,16,6,10,4,6,16,22,11,23,16,24,16,27,9,13,17,25,10,16,15,24,4,8,16,16,10,17,20,18,12,4,9,11,14,6,20,16,10,21,23,9,16,8,15,11,11,18
"Gene2378",32,32,46,37,24,28,20,25,26,22,38,29,28,42,32,14,42,33,20,51,19,25,36,33,40,44,21,21,14,28,40,21,42,45,26,34,20,17,28,13,34,25,32,19,37,38,23,60,31,30,32,43,26,45,63,25,33,26,27,48,27,19,36,20,18,42,38,29,53,39,38,19
"Gene2379",341,98,292,217,193,147,236,148,222,171,109,175,103,109,181,97,115,145,242,144,118,159,307,132,162,183,256,171,136,181,149,135,240,172,147,66,143,160,282,170,161,65,312,257,84,96,93,196,153,179,185,80,89,124,199,161,135,157,177,108,112,166,242,190,190,95,150,95,108,81,86,209
"Gene2380",17,17,6,11,9,21,15,12,14,20,17,20,28,7,6,16,14,20,18,22,11,17,8,10,21,12,13,13,25,8,8,15,19,18,29,14,24,16,23,22,14,14,18,6,12,12,15,12,19,19,11,28,18,6,23,34,15,11,6,7,25,24,20,13,21,11,12,14,9,26,18,9
"Gene2381",27,34,36,32,17,16,22,15,30,45,27,29,25,21,19,28,22,35,21,25,18,27,50,23,43,27,35,14,15,13,13,7,25,17,7,19,25,24,23,19,25,39,40,26,26,26,36,34,19,46,23,9,38,12,34,8,19,21,21,28,30,43,57,31,22,3,35,17,31,56,34,36
"Gene2382",143,138,153,171,102,246,270,195,126,108,99,101,147,66,222,265,106,53,154,134,76,93,104,105,91,174,248,226,198,131,108,116,190,205,78,129,114,134,205,132,182,135,86,172,144,273,138,125,281,241,118,156,181,184,123,107,114,84,186,62,123,134,121,160,83,142,95,82,175,230,119,100
"Gene2383",60,61,52,132,105,81,93,105,178,110,103,117,58,69,57,61,69,69,52,100,83,100,75,170,51,80,50,70,96,115,102,70,81,100,46,131,81,110,84,162,87,124,73,164,181,82,73,66,92,79,64,65,153,41,41,36,45,68,101,110,23,78,45,103,59,80,22,44,98,92,121,87
"Gene2384",28,27,12,52,12,2,24,15,31,10,14,38,4,18,25,41,34,31,7,36,28,20,34,19,21,49,40,20,14,36,36,29,22,22,35,27,20,14,48,33,25,26,28,42,15,37,23,32,47,22,15,12,12,24,16,19,24,32,19,23,22,30,35,14,16,14,33,17,23,36,28,19
"Gene2385",368,274,328,297,428,479,555,339,535,584,380,432,268,589,224,485,177,456,495,426,359,379,221,531,327,220,417,464,311,162,336,330,427,301,678,501,153,784,419,385,378,498,316,565,641,132,226,362,259,729,274,354,388,380,729,326,287,474,468,477,428,457,335,459,294,266,431,243,402,229,279,636
"Gene2386",13,17,9,8,16,8,11,9,11,10,10,15,18,20,24,16,16,6,14,20,2,11,12,8,20,10,14,7,6,4,10,17,26,12,9,9,5,18,13,7,21,19,16,11,10,11,13,7,12,7,11,15,16,9,17,10,21,4,31,22,4,21,30,10,26,16,13,9,7,17,13,16
"Gene2387",176,632,97,336,499,215,194,186,392,247,184,354,267,459,203,239,283,209,311,290,403,425,237,211,188,276,531,289,253,391,285,454,298,204,273,262,195,184,401,240,155,328,260,261,299,282,336,532,270,368,484,389,450,450,426,443,250,345,134,319,246,192,334,133,244,428,153,259,420,185,338,158
"Gene2388",91,187,314,148,48,87,120,137,107,166,77,148,112,208,116,80,146,153,167,125,87,168,195,107,193,127,146,180,80,117,146,212,219,106,116,120,116,167,147,52,94,173,171,238,192,236,81,130,127,234,77,191,145,154,99,167,165,155,120,159,204,175,219,168,160,263,112,264,95,90,119,93
"Gene2389",9,3,2,11,6,7,8,14,4,0,2,5,15,8,2,1,6,3,2,1,6,5,3,1,2,9,0,2,2,4,0,4,5,10,6,7,4,4,6,3,7,2,0,5,4,4,10,3,3,1,7,8,4,2,1,6,4,6,5,6,2,2,2,2,5,4,0,0,6,3,9,14
"Gene2390",43,84,119,119,76,81,71,59,116,109,77,77,135,59,88,94,51,130,86,67,64,99,106,88,90,49,56,66,79,55,133,60,156,68,38,79,54,47,56,95,69,57,70,84,39,59,61,47,131,52,136,94,68,105,86,113,119,109,71,48,66,95,54,60,148,67,143,51,83,71,93,72
"Gene2391",62,225,168,119,142,168,115,104,147,135,78,182,54,146,137,173,66,161,193,93,93,204,180,93,244,153,215,133,192,147,124,141,303,226,44,222,221,151,101,110,169,151,47,113,90,93,210,93,161,115,152,156,89,117,119,123,106,172,186,203,214,149,123,47,133,179,117,115,158,68,214,123
"Gene2392",18,28,28,25,27,21,17,15,20,14,18,35,29,28,21,27,25,25,30,13,16,31,22,22,20,26,8,27,24,20,16,21,21,29,16,22,17,26,21,21,37,43,14,8,15,24,16,18,20,31,20,14,13,12,9,22,20,14,36,54,18,22,43,14,20,39,26,24,18,11,19,18
"Gene2393",42,56,58,99,44,29,56,81,48,45,31,45,56,95,80,64,65,56,123,58,30,32,89,58,80,29,81,47,57,38,93,47,69,76,45,92,26,43,37,49,73,48,58,70,53,60,65,40,42,76,83,65,38,88,107,66,52,31,30,92,23,68,77,54,23,48,40,86,31,53,31,48
"Gene2394",12,12,9,14,4,14,6,7,13,9,8,11,5,8,5,14,4,5,10,11,2,6,5,5,11,6,10,6,6,4,4,8,12,8,9,4,7,12,10,11,7,6,4,11,9,3,17,21,9,8,2,6,1,5,6,2,1,9,7,3,10,7,23,4,9,12,5,6,5,8,13,6
"Gene2395",13,16,19,12,15,17,16,12,10,35,32,11,22,24,16,24,26,12,16,14,25,9,18,31,23,23,14,14,28,7,23,23,9,33,15,26,20,17,9,22,13,17,26,30,10,11,9,16,15,41,8,9,16,34,22,20,20,16,14,11,22,17,19,12,25,38,25,22,18,19,18,12
"Gene2396",145,32,82,70,85,114,35,48,74,83,54,63,64,68,97,151,55,80,109,55,86,121,29,48,70,92,75,38,59,42,117,64,93,51,44,72,49,41,64,35,52,58,45,47,112,58,58,87,87,57,102,47,68,106,39,59,61,52,96,50,135,38,41,82,60,77,76,55,63,52,59,69
"Gene2397",93,74,159,116,88,81,51,89,84,69,25,92,60,89,87,106,103,34,88,61,49,71,54,38,73,52,119,83,100,39,103,66,83,41,89,109,45,36,141,108,59,88,69,104,122,147,153,93,97,45,47,51,34,84,75,131,47,86,86,79,87,95,123,117,65,52,74,105,136,91,43,79
"Gene2398",81,35,46,86,31,51,46,62,67,78,30,38,52,35,74,61,46,85,43,37,41,58,83,65,30,18,61,83,43,41,40,28,79,55,24,76,64,36,20,34,22,68,53,39,42,21,40,44,65,47,45,28,65,41,46,52,65,63,55,61,45,78,57,48,53,35,50,51,78,54,62,41
"Gene2399",13,5,25,15,19,49,33,21,30,20,26,12,15,13,16,22,20,14,10,24,10,47,27,25,28,22,18,20,12,21,12,23,11,11,19,21,27,26,19,20,9,18,16,23,17,15,33,26,22,29,32,15,17,23,32,24,11,25,10,26,25,27,19,10,25,25,42,17,43,26,27,13
"Gene2400",112,90,91,120,148,149,65,76,76,114,74,64,65,49,116,102,46,78,81,99,64,127,126,134,23,102,158,87,161,120,85,112,106,152,72,85,80,108,130,106,43,119,68,75,89,123,86,99,89,76,169,114,113,136,140,92,156,105,150,146,128,161,71,74,105,85,92,66,129,108,84,88
"Gene2401",182,222,212,83,139,219,495,242,404,179,251,210,201,184,250,293,187,461,179,457,216,241,178,155,189,370,561,274,325,251,270,265,375,239,229,357,190,322,371,189,307,377,388,385,236,240,133,385,127,293,85,254,199,182,138,83,556,197,158,147,232,249,268,229,371,222,218,294,223,197,176,241
"Gene2402",26,32,32,16,28,6,22,21,18,14,22,13,46,28,57,14,37,44,26,34,23,47,36,23,21,5,26,22,30,33,14,37,22,25,44,18,20,36,31,14,23,24,18,40,8,38,36,50,23,15,25,34,16,35,31,28,24,38,31,15,28,18,37,19,26,11,20,18,21,26,41,41
"Gene2403",44,37,75,63,43,52,53,67,40,60,42,69,47,82,27,39,81,37,40,52,147,32,35,94,49,46,103,41,16,75,66,104,70,52,110,66,36,41,82,58,64,55,38,31,77,21,82,52,55,32,45,58,63,66,49,92,73,52,44,70,40,41,52,62,57,56,54,33,86,83,50,67
"Gene2404",22,36,18,24,34,27,32,41,29,20,42,34,18,29,20,43,24,31,28,42,23,35,17,26,32,28,26,64,34,21,34,50,24,30,31,25,10,31,24,14,18,33,29,16,39,31,14,27,30,29,14,51,12,26,10,42,62,59,13,49,20,53,26,24,10,48,23,27,59,27,43,23
"Gene2405",54,36,50,35,16,49,76,86,58,60,75,45,64,43,47,36,72,73,31,74,36,67,25,37,48,42,73,46,51,33,36,57,64,54,61,46,44,48,53,46,40,63,33,73,48,74,49,56,59,32,30,53,55,26,63,64,29,38,58,52,34,48,65,48,27,78,63,85,32,69,17,37
"Gene2406",79,61,144,57,93,46,102,71,79,44,70,48,44,71,46,116,64,24,82,66,48,137,38,79,87,60,48,42,96,69,46,66,76,42,54,67,77,92,99,123,83,68,59,95,83,86,57,49,94,59,92,86,101,44,81,94,81,94,107,48,69,54,47,46,110,76,37,130,58,84,113,56
"Gene2407",31,70,47,26,35,82,37,40,39,57,43,38,43,47,63,101,79,59,83,22,36,10,61,37,21,53,78,48,52,73,20,43,54,46,58,33,36,43,18,52,34,53,103,22,64,59,54,43,121,38,63,38,25,41,36,52,43,32,60,34,46,39,63,41,49,57,25,84,40,65,32,26
"Gene2408",22,30,26,23,39,35,51,51,37,67,34,21,49,36,50,47,16,14,29,28,22,33,27,33,23,30,45,55,46,63,36,32,28,58,31,33,27,24,19,31,32,44,55,32,31,59,42,43,17,33,36,24,47,42,43,43,34,40,23,13,45,19,55,36,49,38,49,58,38,21,26,70
"Gene2409",36,45,23,6,44,26,16,11,25,27,34,37,27,12,21,36,29,23,34,43,51,52,20,26,22,47,23,28,28,15,26,35,14,38,8,40,11,18,33,20,28,26,27,23,23,73,61,33,39,27,38,24,37,31,25,20,28,15,15,51,22,20,26,31,27,30,40,37,21,48,25,50
"Gene2410",35,72,62,50,80,113,84,48,48,62,56,94,22,74,58,33,72,74,61,36,33,89,68,114,73,32,42,97,59,73,54,33,76,39,22,55,95,31,78,40,85,64,26,63,59,95,56,96,28,87,73,83,56,39,88,53,39,60,47,50,69,69,66,49,249,193,161,242,236,211,239,202
"Gene2411",39,35,89,51,42,53,52,60,60,62,34,50,13,44,44,95,13,29,29,33,63,40,47,34,48,19,28,20,34,48,65,32,14,60,34,51,59,71,32,23,52,21,43,50,49,56,31,67,31,33,86,18,59,44,38,35,44,50,59,23,49,36,23,59,33,26,45,26,57,37,49,47
"Gene2412",22,28,23,23,33,24,24,36,33,4,31,26,24,17,43,26,14,19,12,27,32,53,24,24,32,40,36,21,27,41,23,16,54,14,44,14,17,15,25,44,36,41,26,46,29,16,34,33,30,36,28,19,18,19,16,31,43,14,30,21,26,31,34,33,41,24,37,18,30,48,30,25
"Gene2413",123,91,84,71,172,155,169,71,57,53,44,99,110,45,48,73,163,109,144,75,129,111,58,91,166,52,168,95,119,73,112,43,82,51,164,98,169,60,127,69,64,80,42,48,86,52,103,62,93,39,35,83,42,132,72,46,89,71,81,84,74,68,97,65,36,26,31,23,31,26,30,31
"Gene2414",103,57,122,107,89,86,87,62,42,99,60,72,73,89,76,170,120,82,123,121,86,55,132,45,28,86,61,86,55,117,111,122,44,87,75,65,68,57,104,37,112,66,107,73,68,73,54,53,82,111,60,55,66,109,90,84,99,99,99,82,84,54,101,75,348,267,319,329,241,297,295,238
"Gene2415",119,79,50,77,51,49,54,99,56,75,52,53,47,52,53,78,61,76,41,61,49,45,100,36,64,97,88,78,59,72,28,45,90,56,92,27,46,24,80,54,47,100,82,58,69,92,54,64,30,54,27,37,48,49,75,60,89,70,66,41,95,42,52,57,90,51,29,17,37,81,54,84
"Gene2416",10,17,14,13,13,17,14,5,18,15,16,12,21,19,22,17,10,10,14,14,9,20,16,17,13,30,11,16,20,11,4,11,21,22,5,17,8,20,13,15,15,7,12,16,23,8,6,31,11,13,17,8,7,8,12,9,24,36,5,9,7,16,12,8,3,19,11,12,30,21,5,21
"Gene2417",94,90,165,80,99,86,106,95,77,63,51,82,59,66,93,108,29,84,84,95,139,91,89,90,61,106,167,109,170,93,136,91,83,77,144,76,122,83,132,77,40,129,123,127,82,95,100,110,97,104,73,140,59,56,50,147,37,111,72,111,47,53,152,115,66,105,53,114,74,75,81,19
"Gene2418",47,73,133,82,76,65,69,54,34,46,63,108,110,88,55,55,134,53,49,81,96,72,59,147,37,66,91,63,88,122,86,25,49,125,55,78,64,90,104,61,44,90,54,110,84,182,63,141,70,111,62,54,50,37,83,94,58,87,66,140,61,125,103,170,99,58,60,65,132,66,161,80
"Gene2419",31,26,19,54,85,28,43,26,31,56,19,38,31,14,13,32,36,59,39,38,40,40,69,27,24,38,67,49,47,60,24,39,26,51,61,37,35,30,51,102,23,33,38,22,46,41,37,29,43,44,30,40,25,30,50,20,39,64,27,45,36,47,63,26,36,53,26,32,27,22,49,20
"Gene2420",147,118,73,53,95,92,115,93,106,149,86,185,186,127,47,130,96,110,50,117,152,149,148,111,137,58,203,201,139,82,77,108,106,135,147,239,157,82,55,111,130,101,168,53,89,73,100,128,138,115,110,88,113,91,83,81,139,62,86,110,125,143,108,120,97,73,65,95,101,47,167,73
"Gene2421",230,268,121,231,265,216,388,180,252,228,367,252,307,403,280,155,89,287,242,217,275,151,229,284,226,193,203,250,202,433,183,171,63,241,392,176,215,293,471,336,243,313,309,203,317,145,137,190,94,383,277,288,176,338,269,370,140,415,194,180,511,248,187,174,164,297,170,313,121,305,320,322
"Gene2422",115,56,82,102,106,51,61,66,117,22,68,61,105,58,63,144,83,67,75,64,29,56,96,94,75,67,112,38,68,96,196,121,78,72,56,67,102,116,78,71,80,60,54,98,67,67,99,68,76,86,103,70,102,119,46,69,92,78,61,59,146,57,119,86,55,54,62,69,31,66,93,79
"Gene2423",111,44,195,114,67,185,258,105,163,127,135,104,140,104,189,129,81,147,169,136,106,146,111,100,106,143,245,185,165,107,123,96,125,137,175,118,105,114,132,96,176,217,133,195,146,236,68,250,174,162,97,161,104,107,119,155,239,158,115,115,72,141,176,60,162,138,130,126,209,127,100,100
"Gene2424",146,437,161,501,283,182,101,219,135,194,219,222,304,204,345,160,305,161,155,207,165,206,187,247,345,340,255,154,323,278,206,163,182,373,144,290,251,277,240,401,272,152,408,123,343,380,194,372,181,331,209,403,235,322,210,269,248,270,219,145,174,241,204,205,372,172,320,319,256,394,198,126
"Gene2425",378,450,399,244,346,406,320,301,283,426,178,370,372,707,342,254,711,581,542,223,569,408,355,280,425,387,448,376,339,576,769,434,493,286,310,329,344,429,450,200,114,515,406,320,199,406,266,421,212,458,504,380,349,554,536,281,289,780,225,394,476,418,426,166,273,358,394,702,276,255,247,725
"Gene2426",32,8,23,16,24,22,39,8,32,21,21,35,44,27,36,40,34,22,31,38,32,21,30,22,19,22,26,10,63,29,17,18,22,15,23,24,20,19,48,52,34,29,16,33,37,29,34,19,31,21,25,32,12,33,26,15,22,20,19,47,46,25,58,15,45,54,38,26,27,27,57,46
"Gene2427",36,34,43,30,22,33,24,14,32,57,58,40,41,67,26,25,28,19,57,55,36,21,41,30,23,24,31,40,27,20,42,24,31,27,34,58,9,43,32,26,57,46,41,35,33,26,23,27,29,27,23,41,21,71,22,31,31,40,23,33,35,27,27,35,39,39,32,31,38,24,36,33
"Gene2428",39,33,63,30,17,26,29,44,52,28,27,59,24,45,29,26,57,33,42,51,53,40,48,37,36,42,51,67,25,66,38,43,49,56,48,35,48,37,33,60,46,44,47,36,55,28,15,31,50,78,35,48,31,22,21,36,19,42,33,20,26,23,28,45,28,46,31,31,22,21,36,32
"Gene2429",165,291,142,126,196,205,157,159,214,61,321,139,61,273,170,123,269,195,325,250,172,259,216,90,207,163,190,213,408,207,179,120,247,115,236,147,54,313,224,166,230,409,237,263,139,255,222,97,239,209,183,175,168,272,125,171,152,251,151,251,168,191,314,425,87,183,263,184,297,194,252,100
"Gene2430",193,86,77,185,36,103,88,102,121,41,74,101,67,106,81,78,97,50,138,60,110,66,113,83,103,36,165,120,77,86,150,71,242,120,158,162,85,103,87,59,124,70,109,80,103,180,54,220,121,178,221,112,183,185,70,146,127,84,51,104,136,117,93,141,80,132,94,115,150,99,134,126
"Gene2431",101,85,170,166,50,199,241,56,132,116,195,233,136,264,211,139,225,185,209,134,98,171,204,138,211,213,144,112,163,102,87,247,225,137,262,228,92,230,109,198,185,163,168,99,236,153,204,234,174,105,101,255,160,168,289,194,198,125,173,192,180,269,217,83,134,189,103,159,151,183,166,236
"Gene2432",85,91,55,136,64,115,86,118,115,85,125,95,133,54,163,149,59,71,123,110,44,114,83,87,96,68,63,84,124,79,127,94,88,98,75,92,66,57,53,46,63,86,64,70,84,52,126,43,68,92,60,46,67,96,87,106,57,64,75,63,139,29,67,161,61,38,50,94,90,49,48,101
"Gene2433",54,44,35,24,56,25,75,24,32,33,47,48,55,51,59,66,56,47,37,32,29,25,38,30,32,18,43,55,37,62,27,35,45,28,16,27,32,28,21,29,38,24,58,57,13,46,44,35,38,76,43,42,82,90,33,37,40,57,37,24,26,51,42,63,49,29,36,58,22,40,28,51
"Gene2434",6,10,12,7,18,6,3,5,9,9,12,5,13,17,13,8,14,8,14,3,16,13,7,8,14,2,6,5,0,1,0,3,6,3,13,20,5,22,23,5,15,12,11,6,10,2,5,15,7,16,8,13,8,18,7,6,6,6,8,21,15,7,13,24,4,4,12,4,8,7,11,10
"Gene2435",4,6,4,3,11,8,13,6,3,4,4,3,3,6,5,5,5,3,9,8,1,11,5,3,6,6,13,14,16,4,8,3,5,4,3,12,9,10,3,6,8,4,7,6,6,8,5,8,8,5,3,10,14,8,5,6,8,7,3,7,12,4,10,11,4,7,6,12,3,6,10,2
"Gene2436",498,809,563,509,590,363,597,705,639,544,394,1019,861,676,292,305,456,664,193,514,333,441,561,501,427,651,716,706,218,963,851,296,986,273,216,813,824,752,655,494,654,858,429,357,766,987,371,518,574,683,775,604,780,911,270,537,574,858,442,648,421,418,781,751,647,479,547,777,868,464,773,1013
"Gene2437",86,12,64,68,44,50,68,61,31,79,60,88,66,102,27,29,79,53,70,29,58,44,71,32,74,34,60,43,75,82,88,45,61,54,46,73,67,44,56,55,21,39,57,88,49,50,135,23,54,67,57,96,46,67,55,50,43,31,61,46,57,35,60,36,35,52,53,35,25,34,50,101
"Gene2438",156,113,54,127,236,124,66,60,66,112,72,88,94,74,135,42,127,72,67,59,150,91,117,100,185,60,73,181,152,92,72,181,149,105,111,78,54,144,114,117,162,153,117,110,115,151,95,81,91,149,63,110,112,118,83,77,38,60,99,161,168,80,156,83,243,93,96,128,76,112,69,106
"Gene2439",106,140,175,103,213,162,82,87,96,158,116,126,128,130,105,109,173,144,133,78,102,72,184,116,85,195,159,221,201,76,69,126,109,229,83,166,120,180,155,141,78,96,122,58,140,100,64,74,166,114,68,167,73,132,188,172,156,128,215,143,99,119,72,131,172,92,123,254,60,122,161,59
"Gene2440",514,460,390,255,260,299,221,345,168,165,482,275,459,162,341,448,364,417,346,168,427,294,498,196,392,244,423,274,256,115,291,383,260,295,80,142,376,316,158,166,448,146,203,128,587,308,178,371,212,218,310,484,174,121,237,245,280,172,363,279,238,589,303,169,492,583,369,331,184,557,324,207
"Gene2441",193,97,134,64,139,156,131,86,71,124,57,117,126,80,84,65,61,86,91,174,127,56,81,151,148,75,100,110,133,124,152,119,181,135,152,106,179,114,78,70,163,140,156,107,144,128,163,86,129,74,83,134,89,114,76,102,51,70,102,215,122,171,161,197,101,131,124,118,49,56,100,91
"Gene2442",64,76,28,63,32,71,71,50,67,73,34,54,57,79,66,71,59,48,67,69,128,81,59,58,68,90,55,75,62,91,29,48,50,40,106,60,69,74,37,59,64,51,58,69,151,30,45,54,37,60,58,19,72,41,64,48,50,46,31,62,48,17,62,120,70,68,39,50,90,54,64,76
"Gene2443",177,140,132,229,85,150,139,200,98,103,101,196,205,206,139,148,160,95,213,212,48,119,208,122,123,83,80,121,143,176,86,145,90,200,91,215,122,208,212,90,80,119,119,82,112,168,58,86,73,119,148,54,119,150,137,138,94,65,138,145,158,162,164,79,125,203,81,113,88,103,111,92
"Gene2444",71,45,96,109,112,42,74,53,110,63,62,76,92,89,30,90,45,35,62,125,52,65,68,105,92,89,97,108,63,104,84,69,68,58,122,46,81,72,96,83,49,90,90,72,70,109,89,91,59,94,166,54,58,72,84,33,125,80,49,50,137,84,67,53,62,104,107,101,36,125,69,26
"Gene2445",10,42,25,39,18,36,30,21,10,23,25,35,32,24,30,16,23,13,36,39,13,22,30,24,35,56,39,19,26,14,38,19,26,18,36,41,50,12,24,18,32,21,20,19,23,27,10,22,16,28,22,24,16,37,45,30,20,21,16,30,38,12,28,38,17,34,24,20,15,22,47,38
"Gene2446",227,124,290,260,108,325,301,175,137,243,125,181,123,135,125,234,238,110,211,171,203,224,148,98,121,121,112,138,151,147,263,113,208,142,99,96,245,154,110,120,253,335,219,118,216,150,196,155,197,235,194,225,253,228,243,209,151,246,156,99,202,97,117,312,179,224,254,188,107,271,207,245
"Gene2447",76,77,37,114,65,34,102,63,35,103,37,36,36,83,88,106,51,68,53,34,52,82,96,100,55,89,35,71,40,48,57,78,87,66,42,36,64,39,115,81,39,43,51,89,72,50,54,81,92,82,105,89,60,126,76,34,72,83,83,63,94,43,41,24,73,61,40,41,60,81,59,32
"Gene2448",31,30,54,27,28,26,21,45,75,79,41,44,36,86,31,50,65,36,55,52,58,47,30,35,40,41,40,94,42,90,51,73,56,25,59,62,94,36,56,56,48,86,51,52,33,78,38,82,30,93,61,53,60,53,48,51,47,45,39,70,85,59,56,29,57,26,58,57,72,26,45,57
"Gene2449",30,17,29,35,11,26,4,10,15,18,9,26,19,7,24,10,12,11,18,3,25,9,9,24,25,7,16,18,37,5,15,27,17,14,6,19,18,12,25,16,20,12,23,7,3,27,26,13,19,15,18,15,17,15,21,37,17,8,33,17,23,15,21,23,7,11,8,6,6,5,6,5
"Gene2450",242,180,169,343,267,173,214,231,350,167,212,239,268,281,197,215,171,176,171,94,99,137,343,121,229,158,159,247,356,263,225,128,147,116,176,299,176,175,345,321,212,200,151,173,281,216,310,319,214,333,257,271,167,355,252,103,341,220,133,214,203,284,147,87,322,197,295,291,108,178,148,353
"Gene2451",18,40,28,17,70,35,33,15,28,51,22,19,26,49,39,21,25,20,32,18,15,17,12,27,21,42,26,27,9,12,23,23,69,37,22,50,51,40,27,40,35,30,19,45,33,23,30,24,52,36,22,22,39,47,40,34,32,60,51,34,34,27,43,56,23,30,36,42,39,22,27,22
"Gene2452",35,75,60,44,35,66,48,65,22,20,60,33,41,72,55,48,35,59,51,33,75,48,44,60,34,63,50,32,24,102,36,32,29,22,68,32,96,24,64,52,28,25,53,95,42,47,61,68,27,39,37,128,49,92,55,48,67,53,33,90,34,29,52,35,41,65,18,56,94,79,24,72
"Gene2453",64,29,31,47,44,40,32,50,52,50,16,35,69,55,68,35,51,30,57,62,67,77,97,28,35,27,43,78,57,63,59,36,19,54,77,51,60,47,64,40,88,62,28,64,21,51,32,39,32,87,87,73,42,65,28,55,39,39,51,45,98,32,43,81,55,51,43,63,50,51,64,49
"Gene2454",52,56,59,78,60,53,25,44,55,39,52,74,60,43,39,75,64,49,46,39,40,82,36,34,67,38,50,37,71,43,75,68,35,52,11,36,57,32,48,41,33,52,67,48,28,72,44,44,34,35,94,36,61,27,52,35,61,44,48,58,64,33,56,64,52,40,32,58,18,43,50,58
"Gene2455",97,121,140,113,82,119,56,166,205,174,110,139,94,153,47,44,70,94,105,117,70,71,157,49,98,83,135,48,102,105,91,133,168,67,83,117,67,106,44,51,153,107,155,150,169,52,62,90,21,59,72,56,163,122,81,56,130,120,119,102,125,105,94,112,12,16,20,12,19,24,25,16
"Gene2456",148,119,247,157,183,149,76,132,229,165,106,109,200,240,50,134,121,80,180,92,226,225,193,225,82,74,186,98,114,77,120,144,88,208,203,198,222,229,122,237,169,157,64,123,304,139,233,140,119,148,121,63,162,215,248,215,179,110,282,241,214,128,118,193,187,123,151,238,257,128,183,197
"Gene2457",146,143,83,150,73,77,130,202,33,73,75,96,228,150,158,127,94,57,65,105,112,114,99,151,97,140,192,107,32,143,79,76,71,124,102,58,102,72,78,105,152,44,74,99,98,57,138,106,55,128,139,93,132,91,72,111,153,136,73,118,97,88,75,92,131,78,160,77,82,64,109,99
"Gene2458",3,12,7,8,8,3,14,21,17,4,9,8,12,4,19,5,7,4,4,18,11,6,9,7,8,14,11,3,7,9,12,9,11,6,7,6,10,12,8,7,15,14,7,13,14,10,19,5,12,8,12,4,15,12,26,6,5,7,11,5,11,6,5,6,17,8,7,16,7,10,8,26
"Gene2459",4,5,3,7,5,3,4,10,2,5,3,2,3,4,5,2,3,4,6,10,4,3,3,3,5,1,7,7,0,1,5,0,1,2,3,3,8,2,2,3,6,5,5,1,4,2,3,4,3,3,4,1,4,2,7,7,6,1,4,5,1,3,3,3,5,0,2,1,3,5,1,1
"Gene2460",18,29,53,46,26,25,23,28,28,25,31,62,44,47,48,22,30,49,25,27,39,15,29,25,14,48,30,34,46,55,24,26,20,38,50,47,19,57,35,49,32,25,34,20,25,38,28,23,40,25,41,23,31,42,33,34,39,69,30,37,35,28,29,25,19,27,38,18,34,41,21,41
"Gene2461",80,38,21,39,42,36,50,64,66,65,10,88,34,60,40,30,71,25,58,27,35,31,30,23,37,64,51,57,15,34,40,77,8,33,46,21,56,44,50,91,51,31,58,25,29,15,42,35,36,35,35,30,37,31,40,57,81,55,46,26,34,16,76,34,35,30,19,30,49,56,44,20
"Gene2462",66,68,31,61,79,17,55,40,58,43,27,52,34,36,33,37,34,11,27,54,58,80,30,30,40,37,18,48,48,22,27,36,39,34,51,32,57,35,44,49,48,23,42,30,39,29,43,40,32,80,78,41,57,12,60,25,36,48,54,47,36,41,44,35,131,307,312,260,249,261,211,223
"Gene2463",5,10,10,15,8,18,3,16,6,9,8,4,7,6,12,9,15,10,11,4,4,5,5,10,15,10,5,17,14,22,11,17,5,14,4,7,10,9,17,8,6,6,7,10,9,10,12,9,6,9,23,12,12,13,8,4,20,11,11,11,20,5,5,7,6,15,15,8,12,5,0,13
"Gene2464",27,36,27,6,37,11,28,7,14,12,23,40,31,8,30,11,43,8,17,20,21,19,16,26,17,16,20,17,28,29,24,16,13,19,34,32,26,12,23,35,26,24,23,15,37,15,4,29,25,46,28,22,10,21,32,12,34,37,15,16,26,35,40,23,27,33,27,29,33,20,15,15
"Gene2465",0,6,4,6,6,6,2,4,5,8,6,0,1,6,2,6,3,0,10,6,3,7,8,5,8,5,15,12,10,1,17,1,5,7,7,12,5,5,4,6,3,11,4,6,6,5,6,3,5,8,6,4,6,7,13,2,13,6,3,6,9,2,2,3,4,8,3,7,6,5,6,9
"Gene2466",1455,343,1584,986,1186,734,1044,1284,988,1204,1294,1325,1905,1589,1624,1358,984,945,2172,2038,2562,1028,2725,1036,798,1557,642,2352,1821,1162,1399,954,1308,2126,1004,918,864,674,1117,730,1471,1216,830,1141,1678,1444,929,969,539,948,1233,1547,1365,1401,2892,1388,1044,1665,1399,1294,983,1131,1427,1048,892,1210,597,996,1009,1505,869,914
"Gene2467",103,75,71,114,48,80,97,73,94,152,116,103,101,26,69,69,132,125,86,126,102,95,48,93,75,164,46,97,112,49,79,144,122,123,110,77,69,121,143,95,126,109,72,118,73,88,112,67,111,122,75,80,105,63,115,100,107,160,59,133,152,133,81,142,121,118,120,170,159,85,42,88
"Gene2468",58,38,53,110,56,58,37,44,41,75,69,37,94,70,43,27,40,47,68,24,48,26,67,75,45,57,43,13,62,43,91,58,53,91,81,81,91,65,80,82,30,50,36,66,53,66,37,51,53,44,45,58,44,37,45,37,62,68,35,41,64,49,60,55,45,22,39,47,77,39,95,49
"Gene2469",7,8,3,2,7,7,2,7,7,5,8,18,0,8,7,9,8,11,12,6,2,6,4,7,6,8,7,5,3,6,3,1,3,4,2,8,6,2,3,2,3,12,2,5,3,9,2,11,3,3,3,11,2,11,4,3,4,7,5,15,4,8,1,6,7,5,5,3,5,3,3,2
"Gene2470",35,38,15,50,80,27,45,34,21,32,41,31,48,52,27,43,16,31,23,67,65,27,56,18,21,23,27,56,47,55,62,41,30,78,72,19,36,41,69,26,19,35,33,31,14,29,63,75,13,34,38,39,33,38,37,29,54,44,67,31,43,52,34,52,37,27,44,33,54,33,27,23
"Gene2471",121,222,202,251,248,145,217,133,161,89,227,184,121,233,168,175,165,214,115,59,168,120,256,89,156,116,122,108,123,186,84,151,240,143,223,155,143,127,101,110,132,97,133,176,271,157,163,57,215,115,199,112,247,91,66,178,148,105,161,135,124,85,80,212,195,75,102,98,124,110,205,184
"Gene2472",214,188,118,96,98,55,103,167,77,235,164,79,143,208,225,81,77,179,122,165,164,107,103,143,111,110,143,238,157,124,142,60,122,200,93,173,127,155,142,128,154,184,51,103,132,110,156,102,179,115,186,132,119,118,187,76,101,112,178,104,90,144,118,152,171,138,180,128,176,50,129,95
"Gene2473",85,138,51,107,77,66,124,50,84,72,70,124,122,117,60,175,66,110,108,101,175,99,87,64,99,124,151,170,62,36,41,45,112,104,135,92,177,111,122,166,73,104,59,109,46,69,125,71,63,100,139,81,106,75,37,104,153,81,75,76,73,120,94,98,70,110,102,91,73,113,94,92
"Gene2474",208,249,209,142,254,343,440,113,145,358,366,372,495,283,493,239,215,284,176,259,263,474,180,160,183,356,275,231,271,240,284,522,191,215,410,356,435,431,293,420,368,106,427,316,315,233,349,171,316,223,194,279,393,353,216,356,266,280,343,323,219,342,288,425,991,1150,761,721,988,947,778,997
"Gene2475",7,8,1,6,15,5,7,1,13,6,8,10,3,4,14,7,8,8,6,8,6,7,2,1,2,7,2,10,3,4,9,8,6,5,3,5,4,3,2,15,9,4,6,3,6,4,6,9,0,1,0,1,0,0,0,1,9,4,2,8,4,7,6,1,1,5,5,3,7,10,6,4
"Gene2476",10,15,11,10,14,15,11,11,13,7,41,11,14,12,33,19,24,9,32,9,13,18,21,19,7,23,17,17,12,22,16,17,13,33,21,13,13,13,15,10,15,10,14,16,15,14,21,19,15,25,34,17,13,9,13,25,28,22,24,16,9,16,10,17,10,21,18,24,37,11,13,18
"Gene2477",67,55,32,89,66,104,46,64,36,32,41,61,39,52,69,53,64,20,38,57,69,106,75,31,64,39,34,42,44,86,60,31,52,26,20,57,30,63,49,69,47,77,43,59,60,56,85,50,31,29,37,42,42,34,60,31,29,50,67,40,57,50,50,58,36,28,53,46,91,58,115,21
"Gene2478",105,65,62,95,72,91,58,74,69,58,15,60,49,54,81,91,88,68,93,90,69,68,48,58,73,47,39,56,81,30,36,53,79,48,52,55,85,71,60,60,100,58,57,38,27,99,60,63,59,75,72,60,47,80,68,67,67,63,55,60,52,66,60,70,18,19,20,10,14,20,30,26
"Gene2479",25,24,20,18,9,31,28,34,28,42,17,33,51,30,31,16,37,36,12,13,33,37,22,25,13,30,27,21,22,9,17,26,40,18,32,29,17,23,10,31,30,33,20,26,41,35,52,17,30,26,21,13,49,19,24,43,17,29,12,24,34,25,18,11,30,42,24,25,59,24,24,21
"Gene2480",282,192,355,224,236,390,227,240,77,225,261,423,230,182,408,165,275,288,289,135,380,178,205,279,186,364,307,118,394,218,209,225,253,329,66,205,296,268,166,133,193,138,118,264,184,105,156,266,243,266,256,201,234,431,178,117,190,353,468,303,176,185,497,324,246,204,139,126,173,183,147,100
"Gene2481",7,4,1,8,2,3,3,4,5,3,2,6,5,8,5,4,4,9,2,5,3,3,5,1,2,4,10,5,7,5,2,4,2,6,3,2,1,2,6,5,3,3,1,4,4,3,7,13,5,3,3,8,5,4,4,3,3,2,6,4,2,4,4,5,7,3,0,3,6,6,9,8
"Gene2482",23,17,17,20,17,22,29,21,19,26,29,13,21,14,28,38,20,12,22,14,25,16,15,11,13,6,12,12,15,11,19,28,16,14,10,23,17,17,9,14,9,19,7,15,7,15,8,24,19,24,15,22,36,12,11,13,4,22,15,20,16,26,35,6,17,8,8,14,21,7,9,22
"Gene2483",251,388,208,333,341,302,164,273,244,354,362,355,401,534,347,129,405,241,616,766,278,424,447,510,298,149,370,540,585,439,912,374,291,410,261,367,549,652,251,145,288,203,206,718,339,929,310,594,234,406,523,386,509,319,409,413,263,437,439,389,461,175,325,397,252,358,558,360,263,288,341,563
"Gene2484",120,258,152,105,145,129,147,239,135,223,103,162,158,281,86,107,57,129,189,143,171,202,242,151,180,91,102,122,224,61,162,118,194,93,145,154,155,112,141,150,154,183,210,119,240,123,43,116,159,130,74,174,155,81,199,140,270,109,139,97,117,182,137,149,181,150,116,115,103,222,145,67
"Gene2485",10,10,9,17,8,10,4,9,6,6,6,10,12,3,6,10,6,4,11,4,2,0,15,10,8,15,6,11,14,14,15,14,11,2,10,8,8,9,2,8,7,6,4,13,6,14,12,13,6,7,9,4,13,20,10,8,6,9,6,5,14,12,9,3,10,6,9,4,5,6,8,13
"Gene2486",133,148,105,110,213,163,105,84,196,182,82,91,95,115,101,338,208,93,192,146,156,159,151,160,128,199,1087,991,901,755,1013,927,198,95,108,247,118,115,106,23,185,143,156,123,154,50,159,142,180,143,149,125,90,202,229,90,57,181,124,131,203,151,168,118,98,124,245,208,163,300,107,149
"Gene2487",74,102,123,61,88,58,38,46,154,87,68,84,108,54,82,107,130,85,95,93,36,120,74,35,130,112,54,71,105,61,71,97,111,111,142,95,44,91,95,90,100,60,76,95,81,73,71,128,246,322,262,331,275,279,257,341,61,64,85,90,50,93,92,95,541,429,353,438,401,404,350,419
"Gene2488",21,18,10,12,6,4,5,20,14,5,6,7,11,7,21,11,4,4,18,8,8,10,13,8,7,6,11,16,13,12,9,21,18,16,9,6,19,11,8,5,13,23,6,6,13,17,11,7,22,5,11,21,12,15,13,11,17,22,5,2,22,5,8,11,15,10,5,7,11,17,8,7
"Gene2489",51,90,99,60,107,70,77,68,75,79,131,87,119,85,38,50,35,82,59,67,91,77,117,72,24,109,34,95,73,57,101,72,67,69,60,88,57,158,61,61,78,199,103,62,33,89,63,122,79,87,93,87,68,156,103,96,66,77,113,98,102,104,100,66,68,120,81,63,80,138,114,90
"Gene2490",71,177,105,248,199,238,233,220,233,282,169,132,159,268,158,144,118,169,142,151,97,100,129,110,71,160,168,125,161,102,272,163,180,192,206,162,197,245,123,149,189,146,260,104,231,82,143,227,106,221,108,275,133,97,180,149,177,84,182,269,143,163,141,97,249,170,137,309,115,185,132,92
"Gene2491",13,4,11,7,11,14,24,15,23,11,19,12,18,23,14,33,12,7,17,26,29,11,11,5,18,13,28,9,8,20,21,13,28,21,10,32,16,9,10,22,10,11,10,19,16,9,14,11,23,16,24,14,16,11,24,10,10,15,13,17,24,9,13,2,9,18,7,14,9,17,35,17
"Gene2492",156,150,72,112,109,81,115,76,152,110,86,91,67,107,109,57,97,88,87,90,111,120,62,48,96,85,101,55,165,52,83,76,86,73,87,122,92,116,79,153,71,149,82,58,158,123,145,39,90,59,99,97,84,114,125,57,111,105,130,89,89,95,56,152,38,28,35,39,27,33,24,34
"Gene2493",15,16,31,16,6,10,5,8,5,8,7,6,10,11,18,8,7,16,11,13,5,10,23,5,7,15,25,13,15,8,13,9,12,15,13,9,12,8,14,13,8,16,5,18,8,10,21,6,31,16,18,10,10,12,12,12,13,15,1,27,6,11,6,14,6,3,17,18,10,14,16,3
"Gene2494",82,161,46,67,116,55,68,93,75,109,73,115,154,119,68,114,97,185,175,88,129,91,112,86,78,113,92,54,84,76,76,129,91,107,99,110,79,95,140,105,99,135,116,69,112,108,110,112,65,111,54,80,88,124,108,71,113,67,84,191,128,135,158,104,145,110,143,85,142,115,119,161
"Gene2495",25,18,24,15,23,15,7,12,19,18,20,19,33,8,24,13,13,26,14,14,20,18,6,15,15,9,29,13,15,21,38,7,10,10,16,20,10,9,7,14,30,18,10,11,11,20,13,9,4,23,7,12,11,34,8,10,15,16,7,10,14,3,11,22,21,9,13,15,24,18,20,17
"Gene2496",24,36,36,29,21,47,57,58,40,51,32,39,39,39,43,18,11,23,31,15,24,26,35,43,30,28,49,39,51,13,35,32,58,20,37,50,51,22,27,17,51,28,18,32,50,22,28,40,22,32,51,32,41,35,49,25,40,52,22,31,37,55,29,26,29,27,33,29,37,17,17,34
"Gene2497",9,20,24,20,20,8,13,16,11,12,27,6,9,12,23,12,8,11,12,20,13,7,8,9,14,18,9,25,11,19,27,24,19,16,14,8,16,9,11,10,8,8,12,11,12,21,20,16,16,19,24,5,15,22,18,9,10,17,8,13,18,14,19,13,39,33,39,59,51,66,41,66
"Gene2498",102,115,107,208,152,147,141,157,88,137,134,126,88,135,121,112,169,151,72,130,157,146,84,138,107,207,71,205,116,136,114,89,112,89,98,96,148,41,83,126,87,113,84,109,78,224,178,138,153,134,145,106,116,154,119,228,105,53,156,99,99,119,120,107,167,169,104,122,154,120,113,53
"Gene2499",52,59,52,31,46,54,38,18,46,49,66,39,46,36,23,28,64,43,33,33,51,82,16,48,49,59,48,43,32,44,34,52,82,54,54,34,55,35,48,24,34,32,46,25,28,57,30,71,70,67,42,38,58,51,54,88,57,26,41,68,50,28,21,45,33,29,22,47,50,45,22,58
"Gene2500",103,59,74,90,25,50,154,156,122,53,78,54,79,137,98,109,63,79,93,119,127,108,113,78,113,172,114,133,108,133,43,83,79,119,73,78,109,70,78,73,83,183,90,146,109,44,196,58,145,168,25,136,77,28,126,108,113,83,37,46,42,96,98,44,106,67,99,50,73,58,111,101
"Gene2501",83,71,89,91,72,140,53,97,64,206,64,106,139,107,117,172,149,47,165,178,35,82,106,51,98,127,78,133,158,115,84,173,137,95,144,101,72,200,135,94,188,105,46,84,95,104,93,238,61,103,123,123,115,128,109,65,200,151,70,123,37,54,117,75,108,85,87,80,153,158,123,127
"Gene2502",34,27,35,57,62,39,64,56,35,91,45,79,111,49,73,42,54,73,45,36,16,53,76,66,51,37,66,36,48,70,78,95,70,52,55,82,51,58,43,49,35,39,29,63,77,62,52,27,36,40,35,58,69,26,61,31,46,78,36,55,120,69,54,38,80,76,45,30,71,78,48,63
"Gene2503",55,46,49,53,84,47,33,39,44,86,81,60,45,65,53,71,39,48,43,41,66,58,70,89,59,48,27,52,53,68,34,52,28,55,32,66,38,39,64,21,57,51,37,43,46,54,69,43,90,47,32,37,23,36,31,58,17,20,59,48,87,38,38,41,41,110,21,76,110,36,49,38
"Gene2504",71,87,80,53,101,96,119,89,51,95,122,65,67,59,80,98,78,41,55,87,66,80,61,39,71,97,95,40,62,111,49,108,53,87,64,132,167,84,122,45,27,87,61,71,123,141,139,86,84,80,111,112,57,92,102,96,43,139,93,38,96,93,58,68,120,98,109,96,43,52,134,109
"Gene2505",83,82,174,78,171,154,193,200,91,125,195,94,83,126,124,94,57,104,99,142,114,135,113,89,136,116,128,49,118,54,159,95,105,125,104,161,92,81,35,134,57,102,108,99,121,101,92,45,154,128,77,175,138,138,148,53,98,65,125,133,123,123,102,142,15,24,37,18,30,33,17,20
"Gene2506",51,32,55,46,56,54,42,66,66,43,99,62,92,56,33,77,61,55,19,31,51,41,103,58,43,42,38,73,43,66,54,39,58,94,74,19,33,33,53,65,81,66,72,68,22,44,69,50,33,46,77,41,52,33,54,90,38,63,57,53,13,29,63,47,46,86,25,63,34,86,30,141
"Gene2507",180,90,114,34,78,95,75,61,57,91,62,68,72,117,132,56,118,89,35,84,76,45,110,91,110,83,68,98,82,95,120,109,77,26,82,104,53,76,125,101,34,97,93,115,82,75,74,114,131,64,104,141,64,37,75,93,61,69,42,105,161,82,125,59,100,58,83,104,83,132,113,36
"Gene2508",146,151,198,115,178,272,112,61,143,86,328,196,127,230,83,100,57,133,102,251,184,65,91,121,193,83,121,150,168,174,70,137,161,116,123,243,202,135,143,174,98,243,122,236,39,175,62,199,87,127,138,155,250,162,108,185,157,153,163,186,183,179,193,158,566,393,652,434,607,591,658,611
"Gene2509",28,205,123,89,124,93,98,110,103,123,105,91,180,102,195,125,113,92,156,59,131,99,215,115,115,151,157,91,98,161,74,107,77,128,123,142,55,106,83,69,197,51,58,187,216,171,101,257,66,114,145,146,91,114,141,226,144,154,149,199,159,65,58,120,191,99,116,223,182,105,139,137
"Gene2510",222,221,139,230,297,281,204,231,216,134,190,352,328,293,466,291,256,104,242,312,338,209,196,241,290,245,330,325,210,228,213,169,219,183,230,168,201,117,198,330,237,315,214,150,228,196,263,161,147,338,258,172,296,303,197,199,310,329,454,343,227,177,157,236,167,314,324,149,254,201,391,140
"Gene2511",3,4,10,10,8,2,5,6,4,3,12,6,10,2,9,9,8,8,6,11,7,2,3,9,11,7,4,3,3,6,6,4,4,15,5,2,9,11,11,7,9,8,7,4,11,2,8,5,3,6,2,7,4,7,12,11,13,10,1,4,3,7,3,5,5,4,2,16,1,3,6,3
"Gene2512",75,61,34,38,119,70,81,84,115,64,166,81,71,53,52,67,60,70,70,102,73,117,140,86,122,92,84,98,54,71,141,100,121,71,157,59,43,124,137,74,71,61,49,37,69,76,60,146,111,60,153,66,56,65,59,53,77,46,87,84,62,47,116,83,50,125,116,81,68,45,148,86
"Gene2513",71,134,78,78,41,58,112,73,89,63,81,57,51,41,69,35,59,57,81,52,49,50,67,99,30,56,52,80,35,71,86,31,46,66,48,82,72,52,103,55,78,79,80,79,37,33,51,100,33,77,57,68,68,98,63,44,48,70,65,64,99,38,39,55,5,14,17,12,18,19,17,13
"Gene2514",6,10,21,17,36,13,25,36,10,22,17,15,30,22,35,37,8,32,8,26,18,22,22,14,13,25,25,47,8,33,18,30,23,12,19,24,17,21,42,11,17,20,15,5,15,28,27,19,19,22,10,14,12,47,25,30,21,4,31,16,20,13,12,21,9,25,29,19,27,32,13,15
"Gene2515",31,19,18,17,25,39,17,12,38,27,17,18,23,25,17,10,22,17,8,32,24,27,15,13,14,18,28,31,28,13,19,12,19,28,19,35,16,16,22,35,21,11,23,21,23,11,10,23,24,13,39,11,27,26,29,9,35,20,21,15,36,33,16,44,52,19,17,28,26,31,16,12
"Gene2516",105,255,48,109,102,125,53,76,83,123,112,57,133,79,56,172,96,104,75,127,80,112,97,91,97,79,150,94,57,150,82,89,117,105,96,71,157,156,81,125,111,69,72,106,115,132,149,94,108,96,76,90,187,172,86,87,73,115,161,144,113,132,113,41,181,110,147,57,89,86,96,32
"Gene2517",17,35,43,26,51,36,28,33,57,18,34,28,70,38,34,56,31,22,45,34,15,49,27,19,16,31,23,40,32,41,46,42,45,28,36,32,31,27,22,61,35,31,35,35,44,36,31,46,43,48,56,25,45,46,11,9,19,23,28,54,44,41,37,28,47,52,54,20,19,37,52,22
"Gene2518",45,40,47,50,63,25,32,29,87,43,17,37,39,35,46,15,34,55,25,47,25,57,33,29,61,21,27,22,31,84,39,27,24,24,28,21,72,36,36,37,19,63,37,24,62,9,35,39,47,47,21,44,45,44,28,40,59,40,22,18,18,40,36,38,35,45,63,41,23,26,51,30
"Gene2519",108,73,86,116,81,62,87,122,56,62,53,97,64,106,125,141,73,172,182,108,140,98,60,92,52,108,91,103,70,190,100,80,146,111,98,165,119,147,49,127,86,127,133,95,47,107,119,24,70,63,60,95,134,69,68,75,76,67,136,169,112,102,100,75,108,92,76,53,149,73,152,70
"Gene2520",239,271,229,213,197,362,152,179,244,152,238,215,205,174,153,287,254,107,279,186,181,93,141,151,223,254,216,321,164,126,247,196,168,235,322,200,128,177,126,246,252,228,220,149,136,318,142,358,112,160,247,181,197,178,173,210,273,205,440,134,258,192,298,202,251,158,167,265,181,235,199,172
"Gene2521",490,535,961,501,624,780,559,823,993,831,697,497,566,349,1024,585,868,631,770,570,581,667,718,830,509,576,568,472,833,658,358,622,569,480,830,938,363,624,812,902,508,509,351,750,781,793,418,1037,838,496,659,420,807,745,305,562,486,546,619,508,824,494,591,309,584,924,720,341,298,968,604,467
"Gene2522",81,53,118,126,75,109,88,158,100,155,104,200,80,113,138,156,109,135,204,136,184,121,205,187,210,109,120,142,148,43,109,175,96,46,105,115,96,160,174,195,104,91,184,127,125,248,96,179,119,119,143,88,88,97,161,189,251,247,211,299,208,206,69,175,166,136,179,125,92,122,194,116
"Gene2523",837,345,723,179,376,806,456,348,360,687,736,289,299,712,231,752,706,393,911,622,820,357,477,550,482,878,427,482,510,917,673,897,473,257,326,658,734,385,609,481,322,645,1150,986,156,437,550,750,400,378,890,524,522,688,763,358,575,586,734,518,562,486,810,521,3118,2706,2738,3716,3526,3287,3495,2634
"Gene2524",218,294,277,167,203,342,358,162,253,164,274,449,153,202,295,247,129,164,398,126,205,73,154,205,224,242,158,261,168,208,237,201,211,239,534,319,607,223,163,262,272,147,221,142,112,203,304,130,265,229,202,110,190,343,85,398,157,180,199,131,226,150,380,235,318,193,140,164,233,279,478,174
"Gene2525",100,61,127,84,91,117,75,55,158,72,56,40,112,78,68,50,119,119,97,89,108,122,70,114,71,177,96,81,65,75,68,66,44,94,150,145,84,121,72,60,55,80,86,112,120,138,68,55,94,60,61,83,100,83,61,68,74,12,98,46,60,82,99,64,65,70,86,77,73,65,54,78
"Gene2526",71,116,71,101,70,50,71,82,55,42,58,62,78,163,54,84,93,92,103,96,131,81,96,130,82,84,24,60,94,64,91,143,140,81,143,71,51,78,65,53,43,53,77,55,67,71,65,114,74,69,86,135,130,55,49,92,52,38,114,78,114,85,165,51,58,57,52,72,66,82,85,78
"Gene2527",758,347,443,395,743,477,353,350,523,798,565,534,719,563,928,1016,168,710,353,607,620,452,411,516,543,295,761,536,255,543,849,266,390,658,661,655,779,463,337,305,342,663,258,314,922,201,698,283,507,360,873,474,437,399,568,630,493,844,521,521,424,564,384,226,732,593,554,424,403,403,730,1234
"Gene2528",16,25,20,27,14,24,7,15,10,10,10,27,13,22,5,24,8,17,14,17,28,18,15,15,1,18,14,23,17,7,7,17,23,12,15,20,4,21,18,2,16,18,21,22,4,14,14,7,16,4,11,17,12,15,19,16,16,6,13,17,6,25,19,17,9,11,13,21,10,19,20,19
"Gene2529",83,15,71,46,34,47,31,59,52,75,59,19,51,44,70,78,65,37,101,72,74,43,53,45,107,56,37,47,46,59,69,53,61,84,60,44,43,37,67,76,65,54,101,70,66,73,67,53,193,174,159,225,203,152,164,119,51,53,59,67,46,48,57,52,11,9,9,12,9,13,4,8
"Gene2530",64,58,72,53,65,53,45,74,54,81,54,98,57,94,34,80,40,44,42,66,56,75,73,14,27,90,106,77,92,100,59,76,181,23,101,19,98,95,67,69,112,53,54,61,43,89,79,63,52,40,63,24,81,55,52,56,23,92,110,47,60,80,133,46,54,122,51,53,25,80,91,58
"Gene2531",5,2,3,2,1,3,1,2,4,6,2,1,0,8,2,0,3,1,2,1,3,3,4,3,6,2,0,3,2,4,1,2,0,6,4,1,2,0,3,2,2,1,4,2,7,2,1,3,5,1,6,6,4,5,5,8,3,0,4,8,6,5,3,0,6,1,11,3,1,6,0,1
"Gene2532",33,47,45,44,68,42,25,40,36,64,19,16,35,19,25,33,31,21,39,31,50,40,51,56,24,33,22,59,36,41,74,54,69,35,58,27,59,35,30,29,43,31,28,47,30,75,34,62,28,23,17,30,36,62,40,29,38,26,22,22,63,33,14,44,28,14,44,26,30,26,41,29
"Gene2533",118,76,75,69,70,43,105,80,100,81,127,48,111,40,108,67,106,56,106,128,148,61,69,122,71,103,48,38,47,101,45,111,53,69,70,43,83,32,35,83,106,70,133,51,51,113,165,136,84,103,81,89,82,55,74,101,53,41,77,75,73,151,110,167,43,106,67,101,107,83,76,96
"Gene2534",2,0,5,2,0,2,4,1,1,0,2,3,1,0,4,8,0,2,0,1,1,1,2,3,0,1,0,0,1,1,1,3,4,3,2,1,4,1,1,1,3,3,0,4,4,2,2,1,0,2,3,2,2,0,3,0,4,1,3,1,0,2,1,2,2,4,3,0,2,1,0,1
"Gene2535",58,57,101,73,61,57,224,73,57,41,97,41,85,93,52,103,94,68,44,133,89,76,38,95,64,99,136,58,65,166,96,113,77,84,129,91,81,111,184,96,99,107,93,49,95,98,61,88,62,28,95,108,52,120,103,57,69,71,35,89,61,98,105,86,117,87,28,111,84,124,125,98
"Gene2536",47,29,56,34,44,43,65,18,45,32,31,47,32,36,38,12,44,81,53,63,38,56,38,67,54,40,67,63,49,49,46,41,41,23,51,27,38,19,16,30,30,31,26,22,55,35,26,34,53,4,48,57,66,47,25,37,47,31,34,27,25,40,55,32,36,54,46,39,30,49,48,16
"Gene2537",56,83,52,54,171,80,63,79,50,75,92,146,58,87,180,165,95,104,44,41,75,123,76,97,121,107,49,63,81,48,83,88,110,101,114,126,72,98,61,63,93,69,33,62,107,82,98,63,44,58,136,108,112,107,139,71,109,115,97,87,83,106,81,95,10,20,22,20,16,10,16,20
"Gene2538",172,169,186,184,76,138,152,116,170,198,87,104,135,150,93,79,57,176,153,200,146,139,157,110,111,91,77,86,130,252,105,290,209,166,247,108,44,190,151,141,104,163,80,93,118,202,51,66,187,138,126,158,57,123,81,71,101,116,141,131,83,134,27,41,83,77,225,92,131,146,169,200
"Gene2539",194,164,344,319,177,400,506,182,193,201,115,294,338,207,362,269,365,270,374,187,157,379,434,213,238,269,279,200,199,290,150,213,226,380,438,261,243,294,136,167,248,240,215,371,308,439,365,376,90,190,321,177,215,126,278,223,355,313,417,171,265,311,211,411,101,68,84,74,84,61,58,68
"Gene2540",7,8,3,12,10,4,7,4,5,4,13,5,5,7,7,5,3,6,5,5,5,12,6,10,9,7,5,9,5,9,5,12,8,10,3,12,1,5,8,12,9,6,8,9,9,4,3,12,7,4,4,5,12,6,9,12,14,8,3,9,6,8,7,5,10,6,3,9,20,7,9,2
"Gene2541",81,50,39,39,40,36,51,49,30,33,88,36,80,56,72,79,73,95,44,77,31,69,62,46,73,34,57,53,32,61,39,46,57,37,41,39,49,35,64,33,46,75,63,87,63,64,131,62,54,82,38,76,38,44,121,64,53,95,107,66,98,45,44,58,78,76,65,64,19,37,36,59
"Gene2542",19,14,16,25,29,9,27,20,15,22,14,32,14,18,15,25,19,27,29,36,32,9,35,12,36,27,23,14,27,34,13,8,24,26,35,18,13,12,19,24,10,23,6,17,31,36,26,13,19,43,21,18,26,15,48,22,28,20,11,23,29,18,42,32,44,16,55,35,26,26,30,31
"Gene2543",36,56,59,59,57,46,72,71,53,44,50,25,93,86,37,63,44,59,47,78,54,57,62,110,40,31,45,49,31,112,62,50,42,80,53,77,51,86,35,75,26,40,101,95,36,76,47,40,49,87,31,65,52,89,45,69,103,46,42,55,65,86,52,73,84,67,71,27,46,87,63,51
"Gene2544",37,27,30,42,24,62,16,53,60,8,146,54,44,23,53,34,20,69,39,41,58,40,78,21,56,57,39,37,63,51,66,19,30,47,86,42,49,55,58,58,72,55,36,68,43,42,73,45,24,53,16,60,42,59,50,18,70,56,71,41,45,49,68,51,57,68,56,52,35,34,73,50
"Gene2545",2,28,9,21,17,11,15,8,24,22,7,17,14,7,9,10,2,27,13,10,12,10,6,15,14,16,13,12,8,17,6,20,17,22,19,16,14,16,20,13,16,7,14,8,11,17,9,11,12,8,7,18,10,12,10,15,5,14,26,13,15,9,22,10,7,9,10,20,10,12,19,12
"Gene2546",3,7,7,7,3,8,9,0,9,7,11,4,5,3,4,12,5,6,7,8,5,0,5,8,7,3,4,7,6,7,8,5,6,4,5,7,8,6,9,7,10,0,7,14,6,2,4,4,9,7,9,10,5,3,9,4,2,3,6,8,8,13,9,9,6,9,6,10,4,6,4,4
"Gene2547",627,972,1296,905,1127,932,828,555,501,656,429,613,474,903,969,821,790,812,1126,732,520,1114,1014,485,1004,496,789,516,609,746,604,566,1078,504,847,713,562,431,333,932,1388,765,605,683,1114,541,523,541,770,832,939,659,522,644,859,806,672,479,619,618,862,849,532,827,468,873,401,695,470,450,754,404
"Gene2548",17,13,6,15,17,11,6,8,13,10,14,8,24,8,8,13,11,10,7,10,11,14,12,17,5,15,5,12,8,12,7,10,3,10,8,12,13,7,20,14,4,20,16,10,22,14,11,11,7,19,30,15,12,11,7,5,7,14,9,18,18,8,10,11,13,6,9,9,15,7,12,16
"Gene2549",147,63,83,97,84,130,56,68,39,78,148,101,59,97,57,80,89,100,76,85,88,62,48,32,77,98,101,87,56,61,80,38,47,130,81,89,74,66,84,74,70,37,85,155,56,44,90,37,62,217,42,89,73,89,55,53,84,88,61,51,79,79,55,77,369,398,291,309,273,282,330,367
"Gene2550",19,8,13,22,13,24,24,5,24,14,11,15,12,16,13,13,16,16,12,8,20,7,6,12,13,9,19,10,12,12,9,13,30,12,11,16,20,6,10,14,13,10,6,11,5,14,14,13,25,9,17,16,8,23,22,11,11,13,36,19,8,9,28,16,30,12,11,17,9,25,17,14
"Gene2551",433,422,270,364,333,427,292,394,154,143,214,299,423,365,272,331,299,189,196,462,415,355,279,296,624,399,238,477,508,392,186,362,245,331,539,306,471,480,408,421,245,308,248,160,374,495,304,464,238,789,269,265,421,238,145,226,396,355,361,369,512,252,529,301,168,290,232,285,268,276,261,354
"Gene2552",6,9,4,5,14,6,10,7,3,7,5,2,4,4,7,8,10,5,0,12,6,8,5,4,8,7,4,9,4,10,7,4,4,2,6,3,5,4,3,8,1,6,9,11,3,7,16,14,4,5,8,3,9,6,5,10,6,11,7,8,0,0,3,7,4,8,6,13,4,11,4,5
"Gene2553",23,26,12,17,9,29,16,32,15,8,18,16,13,11,31,18,24,11,9,36,21,13,19,14,12,27,30,22,31,2,8,17,29,17,12,23,6,16,11,14,32,13,14,15,15,30,15,26,27,9,30,15,19,34,15,10,19,13,14,20,12,34,19,13,27,22,28,14,23,4,19,16
"Gene2554",12,7,14,4,20,24,9,10,11,10,17,9,16,11,16,7,9,13,12,15,9,10,6,15,10,18,18,10,9,12,11,4,17,18,22,15,13,21,13,11,8,4,22,9,15,9,18,13,14,6,8,5,8,18,23,12,8,10,12,9,5,18,13,24,15,15,11,6,13,10,11,17
"Gene2555",62,54,71,57,66,18,55,80,36,64,58,47,39,79,31,56,37,66,35,41,53,58,83,60,70,31,126,68,70,106,83,64,50,44,102,48,40,54,45,61,42,60,34,145,49,49,47,42,44,65,57,51,47,52,45,48,35,37,42,95,51,28,52,52,26,42,100,47,37,56,43,46
"Gene2556",32,26,33,43,37,43,14,42,34,27,22,34,34,19,23,25,22,10,15,28,45,35,31,34,26,40,21,24,33,37,19,18,20,35,31,25,31,42,10,7,23,24,31,33,34,17,38,26,18,53,62,21,37,14,31,28,20,41,10,18,32,33,46,29,33,17,11,35,23,19,16,23
"Gene2557",401,1057,1165,1134,1161,763,1309,977,1096,193,734,1547,615,1160,810,1211,693,480,497,1055,380,1127,1404,760,1276,1594,817,824,1286,796,888,786,1329,1641,720,287,993,996,1054,753,728,1674,1075,353,1495,1163,1443,755,1103,934,1155,496,958,731,1097,745,1143,972,1173,1204,749,1044,810,791,288,288,268,223,235,246,218,272
"Gene2558",71,42,29,20,61,82,57,40,36,40,56,41,60,36,84,52,58,99,32,49,47,69,31,37,101,40,32,93,71,20,38,40,49,84,75,79,39,62,56,41,53,113,47,65,86,48,35,70,25,52,36,73,44,20,30,70,39,77,39,58,60,38,57,53,105,31,76,39,74,29,54,40
"Gene2559",358,157,221,257,388,289,160,333,147,172,308,260,287,214,203,389,106,222,259,234,368,397,172,241,207,233,332,346,326,185,280,308,407,243,407,194,280,198,210,220,313,169,325,280,217,455,289,303,137,141,170,372,230,128,216,361,273,129,278,246,238,469,198,187,223,279,165,88,386,267,249,140
"Gene2560",93,155,142,165,226,98,78,190,212,173,121,63,155,229,88,265,164,135,52,100,189,116,106,102,89,134,81,183,218,101,151,157,124,76,228,131,148,88,149,118,270,86,168,122,181,162,120,93,136,97,118,283,309,130,53,149,170,235,95,106,93,114,60,111,191,174,76,110,103,98,144,121
"Gene2561",138,72,137,191,181,173,132,52,54,181,127,186,85,135,180,51,101,141,197,142,50,49,130,131,199,64,90,216,96,182,159,154,117,66,109,87,113,80,166,158,147,125,81,101,196,117,149,80,184,155,144,145,179,183,176,59,136,137,115,70,79,172,155,158,109,116,69,195,52,118,157,55
"Gene2562",106,57,106,113,141,136,181,56,153,116,162,161,84,58,109,86,172,134,109,68,127,102,90,85,96,67,88,92,94,89,117,119,77,144,37,62,94,138,90,114,59,84,121,121,124,60,127,80,116,116,65,97,134,126,114,55,131,61,152,42,121,91,83,81,66,61,66,45,102,88,106,86
"Gene2563",43,112,37,61,32,58,92,69,110,63,107,164,42,42,32,99,27,58,40,114,52,65,95,75,64,27,90,79,56,52,124,35,101,80,108,62,43,61,76,73,46,47,103,94,44,53,77,122,69,38,74,111,92,118,65,66,39,76,40,32,45,40,48,45,83,64,42,78,81,66,51,101
"Gene2564",19,35,18,19,28,19,25,33,13,36,28,45,20,37,13,12,24,29,19,42,13,16,19,20,28,13,8,13,22,29,17,25,32,17,30,25,30,19,23,27,21,28,4,25,27,16,23,30,15,31,21,22,14,53,31,14,34,30,19,24,16,12,8,26,18,20,26,14,20,16,34,25
"Gene2565",52,28,28,32,22,30,25,34,40,23,36,13,45,54,47,45,43,31,16,22,46,32,23,26,27,27,43,28,37,41,23,51,31,38,34,24,33,51,31,25,49,40,54,19,40,22,27,30,62,35,39,58,26,32,51,31,40,55,41,46,19,35,16,40,33,31,42,45,29,34,30,34
"Gene2566",41,39,128,61,76,85,102,63,57,76,45,141,115,69,98,107,132,137,69,117,121,112,58,91,81,147,99,153,103,75,105,134,131,67,64,97,143,71,105,133,113,108,82,71,52,66,68,90,94,170,86,58,94,140,131,77,80,90,130,99,81,88,64,84,61,51,55,70,95,55,143,55
"Gene2567",5,1,1,4,4,3,9,2,1,2,4,5,1,1,1,3,5,3,4,4,2,5,2,1,0,5,3,0,1,5,4,0,2,3,2,1,5,0,2,8,3,2,3,1,1,4,2,3,5,2,5,4,0,2,2,1,1,4,2,0,3,3,0,5,6,2,3,11,3,8,6,3
"Gene2568",5,4,4,10,5,11,6,15,7,5,6,8,6,5,1,9,5,7,8,5,13,8,8,11,10,6,12,1,5,4,7,8,6,7,5,17,2,5,6,4,5,1,9,6,9,2,10,6,8,9,6,5,10,4,2,4,5,6,11,5,5,6,1,5,8,8,0,9,0,8,3,3
"Gene2569",38,32,20,29,34,29,25,31,13,32,47,27,61,22,19,30,22,55,16,30,20,17,33,21,30,43,76,17,30,33,14,29,32,14,29,37,40,28,16,38,18,43,50,33,7,43,38,45,32,56,36,23,19,44,23,22,29,39,23,27,11,26,30,23,43,30,15,59,28,36,30,13
"Gene2570",6,6,15,7,10,6,5,5,5,6,3,4,9,8,6,4,3,8,4,9,7,9,4,1,9,1,9,10,6,9,7,7,2,7,2,2,4,3,3,3,9,1,3,6,11,7,6,4,6,7,3,3,12,5,5,3,6,2,15,2,11,3,6,1,5,7,4,3,4,7,4,5
"Gene2571",12,103,138,61,73,110,49,55,43,41,34,72,61,74,77,36,58,77,60,72,47,108,57,50,56,116,48,92,78,60,34,69,45,83,94,105,119,62,57,65,59,80,49,84,58,100,64,45,48,58,59,59,45,61,64,51,57,111,78,64,58,52,66,77,39,64,117,50,56,41,37,86
"Gene2572",165,60,122,59,47,52,115,78,62,86,80,87,63,112,108,118,124,134,111,86,120,119,108,90,95,68,97,84,76,102,105,79,195,67,166,92,121,45,109,76,95,60,39,55,130,99,112,55,86,98,85,54,75,76,94,79,96,67,143,177,102,75,75,99,79,219,110,107,67,65,81,131
"Gene2573",175,299,109,140,155,184,204,94,151,179,98,328,119,162,111,152,213,123,91,142,208,145,182,167,211,180,171,143,149,162,190,133,136,194,95,159,217,124,143,73,121,152,186,192,173,197,121,375,56,183,216,154,98,64,143,104,180,210,122,171,138,159,167,146,24,12,28,23,25,21,30,25
"Gene2574",210,238,308,218,277,198,197,135,169,116,175,285,193,71,204,220,213,145,236,134,180,93,183,377,221,214,187,397,274,163,316,206,141,182,117,201,237,281,174,131,205,162,232,164,207,346,206,238,161,222,440,226,168,80,249,274,123,158,190,187,91,105,117,348,258,241,235,175,184,250,258,143
"Gene2575",48,97,75,85,155,100,137,60,127,86,114,127,95,103,74,101,120,92,68,124,169,66,146,114,107,88,83,73,78,111,240,122,128,61,82,57,108,85,132,126,65,118,131,77,138,136,91,64,63,145,110,190,143,105,88,96,131,61,125,157,147,96,44,127,53,86,207,125,66,141,81,69
"Gene2576",103,124,110,158,110,111,62,125,93,108,148,70,105,84,131,130,54,109,55,65,127,75,77,119,85,115,55,112,157,180,102,122,55,167,86,113,94,123,108,85,132,72,50,101,105,136,59,70,106,117,135,73,91,112,91,90,170,126,119,110,78,149,63,58,77,120,59,86,106,71,40,106
"Gene2577",50,90,56,57,37,102,65,92,78,73,29,66,94,98,79,58,69,66,66,48,81,56,105,61,78,59,47,68,83,45,90,112,141,37,103,81,89,41,59,46,133,93,62,48,74,32,72,40,45,54,83,84,43,89,42,39,90,66,84,61,62,65,68,73,89,57,48,105,96,77,116,33
"Gene2578",53,88,52,58,84,80,26,65,28,82,43,53,47,31,61,67,96,63,37,30,77,44,87,49,57,69,52,62,55,31,93,69,71,39,41,53,40,30,47,55,46,58,77,45,52,96,66,43,25,87,70,55,18,69,55,75,35,67,42,64,29,87,91,77,55,69,55,61,66,49,44,43
"Gene2579",33,24,21,10,8,21,20,33,24,17,16,43,23,15,24,9,26,45,10,17,9,19,25,25,14,28,17,36,31,26,23,26,22,35,33,29,21,22,5,13,28,8,28,12,18,13,6,9,9,25,30,15,11,16,26,15,26,16,19,30,15,25,26,21,11,29,16,23,18,18,18,8
"Gene2580",981,1319,429,864,742,919,758,1299,834,420,1019,828,1190,751,1000,551,1009,1201,749,2013,478,809,651,657,803,1007,1070,285,1017,646,873,720,441,684,951,939,1021,865,486,792,706,1488,833,528,1084,1032,289,765,745,740,1384,495,829,1607,301,1716,689,1573,402,1344,772,933,1643,774,1021,639,614,1049,1005,687,1043,762
"Gene2581",25,16,14,17,10,13,34,19,39,11,11,27,43,9,25,26,36,17,8,26,35,8,25,23,29,18,13,16,20,17,32,19,14,22,15,24,21,7,36,24,9,31,16,17,26,22,16,17,20,16,17,18,32,27,27,19,22,17,32,9,24,31,8,35,27,21,10,17,27,16,10,21
"Gene2582",493,318,411,345,466,372,404,398,370,308,218,421,316,210,226,482,384,173,379,177,445,422,210,442,608,327,1126,372,450,219,330,264,543,504,356,196,330,363,425,541,304,378,512,313,302,655,206,372,674,371,428,419,419,424,583,296,528,343,399,531,469,379,377,375,2246,2733,2379,3422,2373,2175,2255,2099
"Gene2583",231,129,195,130,239,242,197,134,95,81,140,231,107,127,176,193,157,209,142,160,194,242,140,131,126,123,110,93,80,183,137,150,164,132,224,120,62,131,324,135,103,156,89,208,160,233,276,132,127,289,124,111,101,221,122,165,142,171,78,276,264,144,213,154,132,125,172,88,105,156,113,196
"Gene2584",578,201,1116,526,748,557,618,551,748,900,1189,438,820,443,590,406,313,720,351,397,835,987,819,709,562,607,386,1311,845,345,427,443,693,362,885,972,602,1239,251,925,673,858,358,445,553,503,1117,301,1059,628,978,676,960,597,411,676,589,731,552,655,614,910,581,400,516,269,816,629,485,705,214,1242
"Gene2585",127,95,153,173,120,118,190,57,81,132,87,133,116,197,145,131,77,195,111,129,128,120,81,198,71,142,132,172,96,181,136,84,110,83,239,42,150,107,201,102,106,127,168,123,66,143,122,116,156,49,115,92,85,143,181,182,291,137,131,130,103,145,83,126,140,169,133,181,167,211,162,130
"Gene2586",35,18,28,32,31,22,11,46,32,34,19,21,52,25,43,15,35,44,35,61,44,26,39,58,14,8,30,41,25,30,34,60,30,35,48,42,35,33,32,31,19,63,18,24,35,38,28,21,66,22,42,33,32,32,53,35,24,14,12,41,32,47,21,37,47,30,18,30,26,27,18,40
"Gene2587",42,25,42,51,57,29,40,36,30,35,21,43,36,39,27,15,64,56,36,16,24,41,56,45,18,32,60,33,25,46,32,50,48,38,31,39,72,24,47,34,24,44,15,35,62,38,29,27,34,12,19,40,32,46,29,47,64,21,30,37,23,65,20,30,80,21,57,39,32,45,42,54
"Gene2588",14,8,10,9,4,15,18,3,16,14,19,14,5,14,8,4,9,16,14,3,9,12,15,6,10,7,8,10,15,1,13,3,25,7,6,16,11,11,6,2,19,9,4,4,4,12,9,17,13,12,12,13,14,11,9,13,16,5,10,11,11,20,7,24,6,15,15,16,17,6,9,6
"Gene2589",239,132,168,133,205,254,131,266,222,292,211,206,133,230,196,181,125,216,227,172,165,240,204,368,154,164,175,162,135,75,215,241,222,251,140,162,298,143,187,182,195,228,152,168,201,235,77,128,192,88,316,328,262,274,125,126,211,218,171,245,226,202,119,152,264,160,263,307,314,95,197,218
"Gene2590",36,30,55,38,38,24,69,61,46,48,52,52,55,40,13,68,59,34,51,32,43,31,53,56,71,51,34,61,49,61,32,100,91,90,69,94,79,70,37,36,80,133,58,25,33,59,50,21,115,79,115,37,65,69,50,33,33,70,36,50,65,104,42,65,45,26,41,98,54,58,60,49
"Gene2591",47,29,39,64,44,42,35,51,67,27,43,60,29,37,68,79,99,31,69,58,49,75,47,28,46,62,49,63,66,48,45,42,55,40,45,56,46,40,93,65,25,67,78,17,56,70,46,40,89,54,36,32,44,48,30,64,24,55,38,34,30,28,44,56,73,43,81,83,44,74,32,48
"Gene2592",61,97,56,78,71,58,33,81,51,53,25,48,40,45,46,32,63,101,69,41,26,72,50,77,46,54,61,98,60,61,61,30,81,48,65,80,18,49,62,65,53,65,96,41,59,61,73,62,35,45,63,62,50,33,84,86,49,57,118,66,18,74,94,37,130,74,77,59,37,80,29,61
"Gene2593",78,18,31,15,28,30,62,22,49,9,17,31,32,53,53,20,36,10,41,12,17,16,15,10,14,35,22,34,17,24,41,17,23,28,14,13,21,14,19,20,41,24,30,33,47,14,25,19,22,22,35,18,18,20,19,44,18,28,35,18,31,15,11,22,16,15,25,16,32,20,21,22
"Gene2594",53,40,34,22,33,39,32,29,28,24,20,27,28,21,29,42,9,41,68,68,49,25,41,28,39,42,29,29,37,25,27,52,27,39,15,42,48,44,41,17,31,31,47,31,28,11,25,18,25,24,51,36,15,43,38,25,28,16,59,22,20,40,51,65,32,33,52,49,38,32,24,42
"Gene2595",141,194,209,52,172,150,226,115,137,128,131,214,153,79,113,62,88,233,130,109,97,78,130,111,166,188,182,100,209,104,145,140,74,151,301,115,112,93,149,112,94,156,96,93,109,55,95,80,66,95,108,87,203,126,150,158,48,131,100,155,75,146,129,183,161,143,146,211,166,170,153,173
"Gene2596",354,308,218,270,343,199,258,230,127,215,144,256,308,181,310,347,220,111,221,293,224,180,310,423,321,254,219,367,245,228,339,389,259,104,161,429,220,230,317,413,67,245,282,356,330,457,237,269,250,423,303,223,128,288,170,156,212,349,146,221,267,174,115,347,208,322,112,333,178,298,423,208
"Gene2597",55,38,61,97,60,50,59,32,69,63,45,48,66,46,35,104,65,81,115,53,58,42,91,85,69,29,69,35,23,77,76,93,74,56,71,44,40,54,63,61,46,75,100,37,32,51,94,84,34,62,40,48,48,66,61,52,50,14,45,47,64,36,107,83,70,32,42,123,65,15,48,50
"Gene2598",81,41,98,63,111,142,38,64,77,90,54,84,69,50,74,100,77,70,52,69,28,92,34,74,120,109,63,55,109,54,77,36,111,98,117,31,104,128,114,54,78,74,50,67,76,62,68,79,110,89,102,82,61,66,125,85,64,89,58,56,50,63,107,73,43,88,37,56,99,52,105,38
"Gene2599",106,67,76,65,49,29,98,78,161,86,37,86,56,127,53,83,90,77,87,58,76,61,113,104,76,25,42,75,81,51,61,64,74,121,57,114,40,91,92,84,65,66,80,91,75,31,96,41,112,41,106,45,53,36,18,59,86,54,59,69,51,96,84,63,482,537,426,409,414,366,519,546
"Gene2600",48,84,91,72,73,71,30,25,69,74,44,101,54,26,45,69,74,102,53,108,118,76,72,55,57,83,85,40,60,64,56,110,42,68,96,48,71,96,34,93,56,41,102,62,93,47,45,71,74,73,71,49,60,80,35,59,56,83,49,40,41,41,40,60,147,56,86,75,131,62,60,76
"Gene2601",29,32,53,27,25,31,53,64,17,34,62,35,40,26,62,25,71,38,51,42,32,24,31,66,30,98,59,26,19,35,22,58,31,40,39,68,20,41,33,43,65,46,29,42,48,39,62,51,39,32,64,58,45,53,29,15,22,34,34,35,21,32,21,33,39,46,52,31,46,29,29,47
"Gene2602",125,54,70,72,46,118,66,128,71,114,99,99,120,72,69,29,118,81,79,103,91,152,82,162,157,67,143,183,87,70,92,92,197,103,180,91,46,88,98,133,87,159,131,59,166,174,154,120,138,95,141,150,118,70,83,166,118,165,116,113,78,118,183,67,107,142,130,104,52,106,80,137
"Gene2603",125,136,127,128,124,129,50,167,75,104,69,101,106,183,184,177,103,67,78,102,79,258,104,154,166,153,148,96,116,39,115,79,85,125,214,186,87,87,170,160,95,144,81,166,151,166,134,207,167,142,167,209,186,127,207,58,95,58,133,109,96,177,65,89,75,88,139,194,87,144,106,178
"Gene2604",83,81,54,69,73,130,141,62,56,36,93,82,60,50,124,50,44,33,75,95,123,166,80,25,25,56,100,112,79,80,77,45,159,56,38,29,47,25,51,108,121,72,103,85,41,85,81,70,58,69,115,87,74,61,72,121,85,50,49,67,50,87,94,72,91,51,103,112,59,81,56,70
"Gene2605",99,142,86,83,86,134,148,74,74,72,137,174,157,109,129,66,87,114,133,57,159,104,64,138,70,115,52,121,54,199,178,74,140,143,136,77,101,157,102,148,116,95,99,101,102,108,70,154,78,72,107,161,47,71,162,102,58,103,95,144,206,181,102,78,92,99,94,82,96,157,109,165
"Gene2606",31,16,33,42,32,30,43,32,38,25,27,24,24,22,12,41,46,19,21,14,23,21,26,56,21,25,23,49,35,14,32,11,47,20,27,16,35,25,40,46,16,39,10,44,19,13,9,30,21,23,21,16,34,27,50,50,26,32,39,24,25,17,21,28,20,30,25,18,49,21,55,40
"Gene2607",64,49,101,50,75,79,51,93,64,70,128,64,56,47,66,121,84,54,82,172,36,58,41,51,82,53,58,76,45,27,94,75,47,46,31,37,51,109,110,66,45,103,60,54,115,36,31,42,64,91,88,67,49,110,59,37,67,72,53,92,61,95,54,58,64,50,97,80,58,53,29,83
"Gene2608",140,105,55,133,158,98,61,86,119,117,107,112,123,91,122,54,147,119,81,81,114,109,129,113,167,182,160,54,114,106,126,91,98,92,85,83,153,92,103,84,108,122,141,46,127,119,132,86,129,251,249,129,148,167,96,82,72,131,27,105,67,89,104,204,55,59,63,54,187,131,156,146
"Gene2609",70,53,43,122,28,45,62,24,57,58,47,49,76,76,37,67,83,22,41,47,51,33,33,45,22,52,72,55,37,36,60,23,54,62,27,50,33,59,95,46,51,58,23,54,77,12,56,106,45,57,23,70,48,66,41,23,33,64,84,51,28,32,32,21,59,43,18,37,25,41,61,65
"Gene2610",56,45,66,55,25,51,35,42,61,37,42,40,25,43,14,44,106,17,44,51,60,63,33,37,44,64,55,46,52,37,60,38,43,26,52,68,35,64,44,69,27,35,69,28,26,46,43,65,37,62,49,50,28,41,30,49,37,34,21,55,81,24,71,34,59,25,34,85,42,47,76,55
"Gene2611",52,20,27,39,30,39,42,20,20,37,44,47,29,49,19,35,30,11,34,38,26,36,36,27,19,60,49,24,24,70,34,27,15,15,36,42,23,18,41,32,38,49,43,23,47,48,20,32,43,37,30,18,16,38,37,36,53,46,23,46,37,29,23,59,34,24,42,34,35,31,13,10
"Gene2612",111,203,167,66,99,107,142,128,142,95,68,97,103,145,130,82,65,54,75,129,87,175,112,114,134,126,94,171,97,93,68,118,110,82,155,91,140,87,182,84,46,47,129,62,144,98,68,37,78,87,119,118,72,79,122,92,55,75,98,115,137,44,73,61,145,158,55,194,219,139,77,103
"Gene2613",41,86,71,45,31,45,57,56,72,65,79,57,109,124,22,70,47,87,29,64,59,101,139,102,138,65,129,82,49,36,63,99,80,56,70,113,94,99,78,65,79,36,89,62,110,83,81,55,67,51,82,89,101,109,93,52,58,153,96,30,36,72,45,65,67,75,46,53,67,77,53,43
"Gene2614",1268,1318,1617,1686,789,1449,638,1062,834,2289,1650,333,1330,1634,796,936,1421,1329,1435,728,1314,1693,1015,1112,1369,964,1919,1566,1361,1659,1755,2355,1659,1819,1796,1059,1623,839,1325,1573,1317,1505,1342,2115,1115,1228,1312,1810,1401,1449,845,1282,1355,2184,1175,1351,1328,1232,1478,1241,1006,1540,1480,1083,7715,7829,8262,10783,7840,7109,10600,8123
"Gene2615",39,46,29,69,68,39,35,39,48,23,40,71,46,36,58,66,65,45,52,53,34,33,80,49,54,53,32,24,44,40,35,47,99,86,28,51,49,29,23,39,50,104,40,62,57,56,60,25,51,57,62,55,40,51,96,63,33,34,44,49,47,44,39,65,10,21,20,20,17,17,19,18
"Gene2616",27,33,54,51,49,88,106,56,61,36,41,55,91,59,51,69,64,47,38,61,65,59,62,48,41,83,61,62,56,67,32,78,50,131,57,44,56,42,58,57,80,57,62,81,30,82,70,37,75,87,34,27,35,49,54,60,47,51,42,34,30,51,29,56,42,39,38,51,68,50,47,44
"Gene2617",14,13,10,34,20,22,18,16,14,14,20,14,21,28,14,15,16,29,26,16,33,10,18,20,16,14,10,12,14,27,10,27,15,13,16,12,11,10,21,14,20,19,40,19,21,12,28,25,10,12,11,29,19,9,19,28,15,18,15,8,12,20,7,29,20,16,57,7,13,7,21,20
"Gene2618",62,229,166,119,145,207,143,127,161,138,149,389,167,120,143,99,130,229,106,194,180,188,128,148,88,131,186,89,190,126,214,152,157,188,190,130,160,254,270,250,151,59,153,113,143,124,121,111,106,182,138,124,237,230,129,121,171,143,192,208,259,241,168,159,198,135,162,221,98,296,85,158
"Gene2619",21,51,42,49,42,72,29,29,14,15,35,44,52,49,49,53,64,11,47,33,22,75,64,26,42,28,62,16,30,43,32,44,45,47,31,44,43,26,32,34,22,27,31,36,22,43,49,54,52,24,44,49,33,22,13,48,47,44,71,19,23,11,59,33,46,28,59,33,37,29,25,25
"Gene2620",45,78,62,104,29,70,78,109,66,72,95,52,66,76,123,33,103,24,48,42,38,75,60,62,69,37,37,68,58,74,97,50,36,68,57,55,94,27,57,56,57,62,60,69,57,23,56,56,81,46,60,34,34,60,102,58,51,47,75,35,47,45,82,40,74,50,59,26,43,49,61,49
"Gene2621",160,255,203,187,171,183,140,107,145,129,159,260,206,79,117,148,214,289,141,106,128,144,141,89,276,187,158,128,96,198,121,96,166,83,140,188,164,187,225,144,92,59,234,208,258,219,267,137,211,126,170,143,119,138,180,135,333,163,82,190,191,168,152,220,170,129,219,200,187,110,227,204
"Gene2622",375,254,318,308,383,285,269,239,265,325,323,253,239,335,250,417,148,201,169,286,339,574,269,500,500,435,211,202,444,346,385,194,329,270,252,253,345,285,477,543,263,451,610,397,172,310,264,311,216,348,186,164,189,363,389,290,207,487,111,536,352,492,511,164,563,106,154,135,447,234,410,256
"Gene2623",44,35,70,41,41,36,31,34,32,37,42,45,111,30,22,40,49,31,35,30,32,40,46,21,72,20,11,48,28,65,50,41,45,31,33,42,39,63,21,29,31,34,24,22,54,35,19,53,57,34,35,47,42,31,35,45,32,36,34,40,44,30,62,64,28,23,20,56,17,23,41,17
"Gene2624",61,36,44,17,25,33,37,52,23,30,35,27,57,42,25,36,42,15,14,35,56,34,19,46,29,45,37,37,43,17,41,29,36,24,33,51,34,69,26,33,24,29,44,28,30,39,24,20,21,31,43,40,25,41,22,37,27,45,51,40,59,34,21,37,29,49,45,46,35,33,50,49
"Gene2625",89,88,54,79,42,74,70,63,65,79,56,81,64,108,79,76,58,75,50,49,73,74,66,43,70,89,61,74,97,120,55,146,45,73,86,78,76,66,54,47,149,67,90,78,99,57,68,107,70,83,64,76,32,83,148,26,37,55,57,114,82,70,70,52,131,78,33,96,88,69,62,77
"Gene2626",213,240,175,177,198,189,309,374,149,113,183,197,159,106,270,151,395,259,457,222,305,193,337,245,173,274,121,374,171,209,464,234,201,155,168,198,205,207,175,251,297,226,217,337,173,243,193,214,241,295,190,108,407,363,173,166,273,283,232,156,226,292,145,293,163,232,174,144,188,117,297,269
"Gene2627",78,66,56,99,119,53,83,43,86,56,61,51,63,54,91,33,81,42,60,74,49,65,61,66,31,127,68,20,48,51,70,23,41,15,83,116,53,97,41,142,42,65,90,84,51,44,44,54,104,52,43,71,40,54,52,67,71,45,31,92,52,73,37,72,37,87,39,45,78,99,61,59
"Gene2628",70,87,113,32,113,105,133,84,46,124,85,54,35,53,54,86,57,136,57,86,38,65,56,85,78,68,66,78,57,94,77,47,93,48,82,68,66,32,31,27,118,56,127,73,21,74,90,21,65,96,57,38,106,57,80,85,82,51,74,33,62,58,48,73,53,53,115,44,62,75,50,57
"Gene2629",145,95,127,129,93,146,115,273,77,164,187,192,116,130,93,177,153,226,109,236,174,179,109,173,165,178,157,211,153,81,142,126,180,142,95,214,162,175,145,146,94,99,174,122,67,69,79,198,215,154,92,128,163,129,193,124,123,135,135,138,167,122,159,142,961,1333,924,1035,1017,1075,979,1229
"Gene2630",119,116,12,139,148,97,82,48,111,75,174,72,110,206,108,94,140,134,102,132,181,100,131,47,125,180,150,110,189,143,153,91,65,162,104,154,187,175,116,172,132,122,123,163,134,125,171,101,58,59,32,35,58,49,34,39,198,162,112,47,128,144,88,117,137,104,108,193,172,99,106,238
"Gene2631",108,90,212,191,249,364,164,107,151,225,156,115,240,94,213,109,275,285,301,88,143,184,132,205,120,244,114,136,187,172,202,152,164,259,159,95,162,143,230,109,234,138,259,143,119,157,219,171,171,224,130,97,254,74,181,150,307,119,143,169,110,140,224,197,355,201,163,143,172,174,293,155
"Gene2632",5,4,5,1,1,5,3,5,3,10,4,6,9,4,7,13,4,5,4,8,6,1,6,5,11,4,5,3,6,4,7,6,9,6,2,4,7,5,10,6,10,2,2,3,5,8,11,3,3,7,5,5,3,4,3,3,2,3,4,3,15,8,5,6,4,10,11,6,2,12,4,8
"Gene2633",11,10,15,15,4,13,18,12,6,10,13,18,4,18,31,12,28,3,13,3,26,14,11,19,20,10,9,14,11,7,17,9,13,32,12,8,14,12,7,15,19,6,4,7,7,8,6,14,7,9,10,8,2,10,9,20,9,18,11,15,7,14,7,14,21,5,24,11,13,8,16,5
"Gene2634",15,18,22,18,16,20,10,10,19,16,23,22,12,28,13,9,19,10,12,12,8,12,13,6,15,12,9,23,22,24,14,6,14,11,13,15,5,16,7,9,6,15,28,12,3,19,15,19,9,8,15,8,8,16,16,6,25,20,12,9,10,10,25,11,10,16,7,5,14,22,24,15
"Gene2635",71,88,70,94,138,115,78,99,57,114,94,132,129,42,122,100,37,120,36,63,72,127,111,55,73,71,120,71,113,86,70,76,52,49,74,66,127,124,64,109,79,54,54,88,72,88,95,105,37,109,53,161,65,77,100,68,58,50,63,53,74,69,80,97,47,154,117,58,89,88,77,138
"Gene2636",10,19,15,15,14,20,14,14,20,12,5,10,3,19,9,13,13,14,14,15,13,8,14,4,8,6,5,24,5,9,5,8,15,19,8,11,9,13,12,13,8,5,8,17,11,10,18,21,8,7,8,11,11,8,9,7,4,10,7,13,8,7,11,18,12,10,9,5,16,13,6,12
"Gene2637",36,23,54,22,40,56,34,31,26,65,16,102,52,23,45,52,33,28,82,38,41,51,23,38,19,42,41,48,28,59,48,11,44,78,20,41,22,37,23,54,24,21,54,26,37,51,35,24,46,52,51,44,45,40,56,28,66,33,36,29,51,32,42,37,45,54,54,29,30,65,17,37
"Gene2638",78,56,70,103,95,91,78,92,60,53,132,165,74,40,66,160,66,87,139,61,119,79,101,112,105,73,96,93,104,50,75,132,54,65,56,35,78,76,119,82,85,89,88,144,108,206,122,117,96,24,49,131,29,43,74,88,63,52,93,110,116,187,85,74,35,46,86,102,57,49,90,143
"Gene2639",455,356,560,333,557,463,700,486,527,712,172,476,950,244,601,1063,763,1100,881,456,629,493,560,840,836,588,429,701,769,461,457,241,455,425,372,721,666,294,366,485,522,557,378,813,589,585,512,956,822,420,940,438,738,569,718,450,619,620,332,527,755,753,676,655,547,741,331,770,760,817,450,859
"Gene2640",57,43,36,29,45,41,18,19,51,32,42,67,40,24,43,36,30,18,47,51,18,44,69,28,23,25,35,86,26,30,73,39,54,49,37,52,48,18,24,38,95,40,20,32,34,23,37,9,76,61,44,49,49,22,19,66,27,63,23,18,35,31,39,53,28,69,52,27,24,44,36,55
"Gene2641",45,68,48,74,48,45,57,66,28,41,43,56,20,62,22,53,84,74,45,36,81,41,41,46,32,29,27,29,76,55,21,26,66,56,78,33,44,57,47,77,38,44,45,51,57,36,79,60,52,53,47,61,62,63,43,9,72,88,57,50,47,39,37,53,39,58,51,19,61,93,105,73
"Gene2642",56,30,65,74,55,92,47,150,57,53,68,104,40,98,52,47,52,32,60,63,27,28,78,69,47,41,62,25,100,57,52,84,70,89,66,68,36,90,64,40,87,33,71,93,100,42,102,37,86,109,97,113,63,77,61,82,94,58,56,29,78,43,52,59,73,55,103,40,121,85,57,58
"Gene2643",19,50,9,38,29,53,17,19,31,20,24,17,28,28,25,35,29,21,14,39,23,27,16,18,32,16,35,20,14,24,30,20,30,22,26,23,19,34,35,36,22,47,31,17,19,19,27,22,14,23,22,30,25,25,48,23,21,27,11,20,16,26,20,30,35,21,51,22,22,48,26,7
"Gene2644",2,2,3,0,2,1,1,0,0,1,1,2,2,0,1,0,0,0,0,1,1,1,0,1,0,0,6,0,1,2,0,2,1,2,2,0,4,4,2,1,1,0,1,0,0,1,1,0,0,1,0,1,2,0,3,3,0,1,2,2,0,0,0,0,0,4,0,1,2,4,2,0
"Gene2645",331,298,285,390,270,332,344,451,398,223,279,592,393,464,217,299,461,329,338,401,196,199,232,378,274,524,171,202,257,513,378,187,329,436,338,273,161,314,220,490,499,172,163,644,258,559,635,383,220,229,539,338,164,616,640,366,279,276,259,515,604,196,245,244,158,288,469,234,227,202,370,280
"Gene2646",45,30,46,43,33,31,24,22,47,51,68,34,29,41,13,40,23,17,21,19,26,17,30,25,25,32,55,34,24,23,42,20,16,13,63,26,23,15,34,40,25,42,23,23,34,56,41,17,41,42,39,28,27,31,47,47,40,16,16,21,26,31,31,33,43,37,55,25,39,36,49,48
"Gene2647",23,20,26,26,29,15,26,26,24,17,23,40,26,30,22,17,25,16,25,31,13,32,21,26,20,29,21,34,27,15,12,13,40,9,13,14,24,11,3,18,44,27,32,12,18,34,24,16,36,59,12,18,27,29,22,28,11,24,28,46,32,31,29,14,24,9,9,27,20,19,23,18
"Gene2648",96,101,60,59,80,66,82,46,52,98,40,63,99,48,75,79,39,163,46,101,32,100,89,56,70,105,123,107,54,69,100,93,97,128,38,103,81,79,70,116,67,81,50,37,54,29,111,34,58,79,90,101,69,47,71,88,92,35,82,102,134,78,97,43,79,49,60,40,92,74,73,35
"Gene2649",51,27,21,11,23,21,23,14,24,21,23,18,21,36,29,24,41,33,17,9,33,36,28,33,20,26,16,16,17,47,26,29,30,34,24,20,43,34,28,16,16,31,49,34,18,17,12,38,14,29,31,15,52,27,35,38,22,26,34,23,24,23,17,29,28,24,46,20,26,25,24,16
"Gene2650",194,141,114,90,233,101,147,133,266,164,75,71,64,113,76,333,208,193,169,149,111,208,168,161,108,154,109,178,155,141,100,189,150,174,79,156,125,157,176,140,195,59,94,113,201,133,169,164,154,232,141,234,197,231,158,69,159,180,107,236,166,235,178,100,99,156,188,138,128,134,199,99
"Gene2651",48,19,38,42,21,23,47,26,35,20,32,20,28,19,44,9,44,25,14,35,33,35,23,11,40,15,47,7,35,28,34,66,25,53,46,18,28,47,29,25,12,55,18,33,45,38,21,37,33,30,26,60,27,33,37,45,21,74,34,8,35,24,39,38,39,39,32,38,26,16,33,40
"Gene2652",139,201,157,168,180,118,199,182,220,183,192,204,251,92,201,164,75,273,158,205,116,150,191,92,111,156,179,194,118,205,218,163,101,122,197,256,131,236,174,66,119,141,178,117,166,293,128,208,158,104,210,139,108,142,176,272,135,290,70,128,125,127,92,169,125,156,55,157,170,125,107,115
"Gene2653",73,23,28,31,63,57,41,43,46,58,26,58,77,44,42,61,39,34,37,58,16,44,40,10,20,43,26,28,63,35,33,59,37,51,52,53,31,26,37,45,17,57,20,27,20,46,51,43,40,61,37,41,29,42,42,25,30,39,49,71,29,51,33,31,50,36,38,30,61,44,53,32
"Gene2654",11,22,18,14,10,13,23,28,14,18,3,43,7,18,23,5,15,17,16,20,14,15,24,20,21,10,10,12,12,25,9,10,15,22,18,26,12,20,11,17,24,15,22,16,12,19,14,22,8,18,15,18,19,9,18,11,21,12,15,15,16,17,17,21,4,7,5,3,7,9,12,5
"Gene2655",123,126,289,114,122,107,150,209,95,152,140,56,185,59,104,82,48,125,146,63,76,123,72,233,88,131,148,147,115,111,111,101,260,79,208,160,105,224,143,228,137,128,147,109,95,200,76,108,224,107,124,97,75,144,111,140,101,59,91,123,116,146,86,64,184,102,105,89,179,207,177,183
"Gene2656",771,926,1107,533,793,681,969,863,1504,772,935,935,859,628,1060,1593,1474,746,684,973,888,619,813,970,1231,1131,1740,819,1622,698,1159,570,899,1551,653,1770,582,1422,732,1344,1217,1337,1615,982,870,1082,1171,719,1068,1707,1538,1257,796,810,1450,664,819,1788,959,1021,1747,608,1215,762,1042,1062,766,1133,1731,1255,540,430
"Gene2657",27,16,17,19,11,14,17,23,1,12,11,14,24,21,15,33,25,8,9,16,22,16,10,11,18,19,11,15,18,9,24,9,5,8,29,15,14,12,16,5,29,8,17,21,13,6,16,11,18,25,10,8,13,18,20,13,26,34,9,25,10,15,18,21,13,6,14,15,12,15,13,26
"Gene2658",44,23,29,22,29,43,39,32,30,24,16,24,26,35,19,36,19,36,39,23,25,37,11,20,19,41,34,35,13,40,52,54,41,49,52,34,27,12,20,19,42,38,60,33,11,46,37,31,35,39,30,29,16,38,44,41,47,24,23,35,69,36,46,31,46,53,11,14,33,49,30,33
"Gene2659",11,8,17,15,5,4,23,18,12,17,14,20,9,9,10,17,13,8,18,11,13,23,17,10,10,19,5,16,17,11,8,8,18,11,16,12,18,13,2,15,14,22,7,5,18,9,24,16,14,4,15,15,9,13,6,7,12,7,11,17,3,7,15,25,7,8,21,13,6,11,14,8
"Gene2660",307,445,200,334,372,342,273,560,345,518,421,358,125,254,355,631,291,282,555,406,218,479,490,421,239,678,562,281,415,540,393,501,285,394,289,234,275,376,565,178,835,319,383,328,289,452,334,320,229,693,311,379,351,449,303,399,247,160,426,324,302,494,133,155,292,329,289,500,417,412,229,342
"Gene2661",84,59,28,52,53,100,81,64,51,77,68,100,62,42,44,73,55,52,69,38,42,80,46,60,62,93,107,47,41,60,60,89,56,21,108,67,128,63,46,69,78,81,97,77,16,45,172,44,72,72,64,37,52,38,46,16,41,109,83,44,102,71,83,58,30,79,28,88,64,83,56,81
"Gene2662",1,5,2,1,2,2,1,0,5,4,3,6,4,4,4,6,7,2,2,0,4,7,2,1,2,3,2,7,3,1,4,3,10,4,3,3,6,2,4,4,6,0,2,3,1,6,5,0,5,4,5,0,3,6,6,1,0,7,7,2,2,3,3,1,4,6,0,0,5,1,5,3
"Gene2663",5,5,5,1,3,2,9,2,1,2,1,1,4,8,1,3,3,1,5,0,3,1,6,1,0,2,3,10,0,1,6,3,7,5,4,5,3,4,5,1,0,6,1,2,6,5,1,6,8,5,4,3,4,4,2,1,3,3,8,4,11,2,3,12,5,3,3,2,3,3,2,1
"Gene2664",108,344,271,272,141,214,196,254,127,190,72,117,183,176,215,137,155,156,104,162,157,142,307,126,204,294,119,184,77,209,166,262,175,170,145,191,160,153,98,190,254,202,194,140,216,192,68,213,177,131,51,149,83,139,312,149,116,125,99,152,140,193,118,339,150,227,167,218,114,239,143,121
"Gene2665",138,89,128,148,96,46,64,40,107,67,46,67,104,59,111,61,86,86,103,44,59,67,41,85,84,119,93,55,68,69,66,50,34,103,33,34,103,80,66,51,83,49,106,113,111,42,158,105,137,72,84,49,80,56,139,58,69,94,104,80,45,74,98,67,55,78,67,61,44,45,98,75
"Gene2666",6,10,3,6,5,6,10,8,1,7,1,3,3,4,6,0,4,2,6,5,7,3,0,9,2,2,3,3,4,5,7,6,7,1,15,2,10,5,6,5,1,6,5,7,7,5,4,11,5,3,7,5,5,4,6,8,2,2,3,3,3,3,12,4,2,7,4,9,7,4,5,4
"Gene2667",9,13,23,8,10,9,19,17,15,14,12,20,20,30,15,8,24,12,11,14,8,13,5,9,14,12,15,9,8,11,19,12,17,20,11,11,12,13,8,27,26,21,10,12,10,14,9,13,3,9,11,11,13,6,15,16,15,18,19,6,17,16,7,16,11,20,15,12,15,4,21,16
"Gene2668",66,54,58,113,88,119,66,62,70,68,165,99,91,110,98,94,78,56,61,96,105,53,46,101,83,135,52,102,43,74,70,75,166,111,66,154,44,97,80,81,37,53,54,79,47,93,74,57,87,104,95,92,64,67,65,72,63,96,83,35,68,90,140,134,95,31,71,84,164,97,73,89
"Gene2669",45,75,44,51,53,77,50,82,46,35,31,74,95,41,45,57,39,75,59,55,74,40,59,75,42,55,39,73,84,75,66,47,66,25,60,100,52,70,73,32,115,22,40,37,54,34,94,72,46,38,48,54,36,66,68,98,75,93,35,51,26,52,67,32,65,38,34,48,49,66,46,89
"Gene2670",2,22,0,9,6,5,8,6,7,5,13,6,3,2,11,2,6,13,8,7,13,8,2,10,1,7,7,3,10,7,5,8,3,6,3,3,7,4,8,4,7,2,3,2,12,9,9,6,7,5,3,5,6,4,10,5,10,8,0,9,1,6,11,11,3,6,3,9,6,5,0,3
"Gene2671",94,112,142,157,53,139,175,102,140,80,119,135,70,123,105,179,196,221,82,87,189,192,203,142,168,135,96,101,78,93,90,122,144,122,244,83,182,149,103,127,78,134,231,163,154,91,229,110,104,150,123,171,73,170,126,120,154,172,85,107,123,102,117,145,172,67,95,82,118,164,65,72
"Gene2672",41,33,33,36,38,21,38,17,42,17,31,23,24,21,22,34,40,18,36,24,41,34,35,19,39,18,36,41,21,17,38,41,38,39,42,27,21,40,29,17,31,61,33,35,18,44,30,26,44,24,48,31,23,28,38,18,22,17,28,34,22,29,49,32,37,29,27,10,35,23,54,26
"Gene2673",179,357,119,231,469,163,195,207,124,128,210,124,270,156,281,223,251,221,148,237,167,366,130,246,169,326,206,348,251,317,207,203,316,185,413,203,211,281,108,383,208,215,346,403,134,96,275,133,114,252,301,151,246,195,177,184,175,329,143,237,229,138,432,366,189,180,123,273,408,352,219,206
"Gene2674",85,49,81,55,92,97,74,47,81,118,80,64,98,85,122,105,107,110,129,106,114,150,117,69,62,50,146,55,101,133,87,55,73,112,136,87,171,75,86,145,181,128,83,39,70,76,30,88,147,95,101,94,88,109,79,144,53,70,51,95,91,50,132,112,142,32,65,72,78,98,95,83
"Gene2675",316,363,248,285,282,214,278,241,386,267,266,214,332,126,307,175,202,221,136,301,139,148,298,181,75,87,248,108,131,218,318,305,236,272,279,311,261,306,100,190,138,328,228,315,89,207,164,447,368,133,205,358,216,204,165,155,292,283,204,302,296,197,204,295,360,339,164,162,116,190,235,388
"Gene2676",12,6,6,7,8,4,11,7,4,4,10,6,4,3,6,6,4,2,10,10,8,7,4,3,4,8,4,3,6,2,5,2,6,2,3,3,2,7,9,7,6,6,6,5,4,3,2,8,5,2,5,7,11,5,7,3,4,6,5,6,4,6,4,2,39,19,50,57,22,23,69,24
"Gene2677",108,204,117,115,186,144,116,92,200,64,162,116,276,98,123,63,107,186,90,188,69,216,202,132,71,152,134,102,98,107,130,175,133,134,207,127,79,151,176,99,123,76,248,196,86,65,82,116,81,107,223,97,165,147,158,100,101,132,107,118,155,82,79,198,93,121,226,90,31,158,144,59
"Gene2678",228,127,279,234,211,195,268,279,184,186,172,187,303,199,306,135,212,122,322,146,259,300,146,208,90,179,158,174,135,96,143,178,248,110,265,66,159,156,174,200,126,163,130,94,263,105,127,111,214,204,200,295,176,257,272,176,162,118,231,135,173,90,149,160,218,231,133,144,289,184,213,266
"Gene2679",178,69,99,68,68,96,57,105,71,106,86,60,120,114,161,150,133,119,103,132,147,78,75,95,122,71,95,157,81,80,132,160,102,167,52,87,97,70,45,128,110,149,163,103,120,125,78,35,134,80,87,57,107,68,133,92,75,116,157,99,222,55,76,57,51,55,116,139,200,41,144,158
"Gene2680",22,13,24,16,22,15,13,19,11,14,8,24,19,7,9,14,2,20,13,20,9,21,6,15,10,21,17,15,13,3,13,17,26,24,6,23,20,10,17,10,14,31,13,10,3,7,15,11,10,14,6,16,21,13,14,22,8,12,7,12,11,6,19,11,14,7,18,12,5,8,13,5
"Gene2681",74,43,90,44,42,32,65,36,65,26,46,63,66,68,36,72,42,54,188,35,34,38,70,70,73,52,23,44,59,53,80,92,52,42,31,69,53,40,59,31,63,26,69,67,53,50,29,49,48,16,47,50,45,95,39,40,119,65,43,71,65,64,52,49,59,56,69,68,33,114,45,72
"Gene2682",11,10,7,4,5,2,8,12,4,4,2,13,10,6,7,4,5,11,8,4,6,2,5,6,2,9,7,2,5,5,4,2,6,6,8,4,7,3,2,10,6,3,4,6,9,10,5,6,8,3,2,11,5,8,3,8,12,8,7,1,9,6,9,6,1,3,6,1,5,5,6,2
"Gene2683",28,30,34,20,23,24,13,28,34,31,15,8,46,44,20,63,23,17,30,26,24,20,25,27,29,16,30,30,33,38,23,30,16,17,26,24,23,21,8,44,44,24,29,15,30,16,25,30,37,27,22,22,46,25,23,29,37,22,50,16,17,27,24,28,14,28,35,19,42,25,14,34
"Gene2684",21,15,21,11,30,31,39,28,26,20,9,20,14,5,20,16,20,16,45,18,18,26,14,8,17,19,21,16,12,22,13,26,17,26,31,24,21,35,14,21,43,11,30,36,16,35,18,7,28,35,26,16,22,21,22,24,18,9,28,37,15,38,13,17,23,35,20,27,36,20,24,21
"Gene2685",41,49,88,48,47,85,125,105,94,47,164,127,84,63,91,70,66,128,77,101,70,133,133,112,51,50,96,109,40,74,84,99,61,67,106,54,59,182,66,81,50,128,72,72,66,49,103,103,43,99,56,135,49,75,48,75,135,87,56,58,131,117,86,75,44,40,77,80,62,100,93,53
"Gene2686",368,647,644,505,583,987,913,517,639,993,632,387,675,765,854,456,855,337,806,510,572,709,1449,428,837,637,713,268,1078,544,817,500,1128,669,916,517,685,508,1387,648,564,1254,763,242,474,324,1013,713,627,818,541,879,628,793,295,361,612,489,763,890,729,673,654,1053,1074,447,620,1137,605,771,355,596
"Gene2687",94,60,45,116,94,76,55,95,100,75,96,125,97,70,65,33,56,125,121,107,68,75,153,73,103,86,85,76,104,84,79,41,65,71,92,71,87,99,80,65,101,91,114,96,30,83,94,131,84,125,92,82,72,69,126,60,39,75,70,122,78,66,64,67,41,57,161,77,75,85,54,43
"Gene2688",34,20,63,41,37,22,34,14,26,17,15,35,47,36,23,17,40,29,41,41,36,39,34,28,32,77,17,17,32,36,38,40,34,20,32,2,23,13,42,36,19,47,34,28,20,38,34,29,23,44,33,41,43,33,31,38,34,12,15,40,52,34,39,35,23,32,46,26,26,35,35,32
"Gene2689",293,198,144,140,165,80,121,115,152,164,193,141,173,180,223,205,182,112,196,131,126,439,114,74,97,152,135,93,167,128,112,128,108,191,236,167,227,134,97,91,179,150,229,228,169,200,163,160,168,165,159,173,177,291,187,169,113,178,111,224,176,162,80,150,187,146,174,161,271,111,136,146
"Gene2690",96,89,144,190,231,96,79,100,76,239,146,259,146,118,86,119,90,122,88,166,137,113,177,86,119,167,119,124,118,135,243,108,127,143,93,168,136,179,199,153,62,116,134,63,140,246,110,110,106,137,86,83,96,65,136,105,110,129,137,149,159,165,105,170,46,128,184,101,149,169,107,229
"Gene2691",63,75,101,94,106,60,53,39,38,108,72,67,40,51,68,42,82,121,80,34,135,54,50,29,74,127,82,53,77,57,70,103,94,85,99,34,82,110,69,62,47,79,110,55,75,70,71,75,84,65,94,92,46,81,61,121,95,60,69,61,60,57,66,142,84,51,93,128,77,33,115,40
"Gene2692",27,29,14,15,28,17,39,26,8,30,42,18,24,51,37,15,19,14,41,34,10,26,57,29,21,36,27,11,55,37,26,9,12,21,20,44,24,26,30,19,60,16,22,15,17,34,16,11,9,24,47,15,23,17,28,23,18,20,38,16,17,30,24,32,17,19,14,35,26,21,29,15
"Gene2693",113,128,141,114,69,73,201,118,116,127,136,126,54,97,105,47,111,191,150,81,79,178,155,58,74,145,213,25,92,111,77,97,109,71,82,74,182,100,112,62,97,109,43,162,89,193,79,146,89,148,81,70,84,146,132,219,133,123,202,138,74,97,66,120,137,80,111,98,125,142,87,120
"Gene2694",91,154,89,134,168,140,123,94,130,112,97,38,93,123,82,264,110,110,131,90,134,130,75,69,140,157,183,133,92,121,196,93,156,121,156,65,144,137,157,138,102,229,85,134,81,153,102,90,135,90,123,98,87,105,130,184,42,139,115,127,173,134,76,174,122,127,136,155,66,148,78,155
"Gene2695",95,116,46,126,36,51,51,90,66,91,59,59,54,124,115,94,104,118,91,57,124,93,29,96,66,113,111,65,74,109,56,30,100,109,71,59,111,91,47,93,143,121,59,75,115,78,81,54,96,82,77,101,111,32,63,75,93,105,38,39,127,63,68,61,36,15,119,117,85,56,56,65
"Gene2696",603,556,439,407,420,675,1049,475,454,812,576,426,535,588,635,535,311,418,677,656,557,355,578,459,525,760,672,794,526,729,412,296,555,543,397,468,517,564,583,798,629,437,675,636,735,797,851,760,779,510,315,432,1049,432,834,492,816,600,315,461,910,682,708,432,389,592,325,409,812,442,552,241
"Gene2697",1088,1124,1184,708,1117,1121,526,907,818,944,683,1074,1262,1097,638,559,832,1020,1043,614,728,1189,1247,921,595,441,924,1045,403,565,979,1103,382,1146,850,571,410,798,940,1186,999,650,1280,813,1001,1547,610,1371,1515,859,643,801,696,1597,914,1455,699,737,845,755,1061,726,1438,804,1117,1254,703,1200,658,1206,1048,893
"Gene2698",14,5,19,12,9,15,14,13,12,7,21,22,17,21,20,20,5,19,16,21,21,13,34,20,17,29,19,5,15,27,17,9,6,13,26,25,20,11,15,25,7,11,15,14,10,22,18,23,13,12,8,17,12,36,12,24,5,21,20,13,19,39,8,17,17,15,16,17,18,12,17,10
"Gene2699",160,63,99,58,98,61,47,55,45,123,75,121,87,115,74,120,234,117,67,138,88,106,79,59,132,88,107,136,103,90,97,134,103,97,33,82,95,97,180,114,77,128,54,127,92,33,61,41,120,109,119,61,47,87,79,202,55,103,77,69,64,59,112,118,78,58,70,62,153,18,58,45
"Gene2700",16,15,18,7,15,11,19,6,17,9,1,9,8,13,9,12,8,18,13,11,12,15,16,14,12,10,10,9,10,12,14,14,12,9,12,14,9,7,16,15,20,3,18,7,13,16,22,8,7,18,10,13,5,10,7,12,11,11,19,11,11,9,12,16,15,14,8,14,13,8,8,19
"Gene2701",32,24,52,44,27,42,21,51,27,10,22,32,30,32,50,22,23,26,16,26,49,20,17,19,37,6,25,8,45,24,34,43,32,31,42,44,26,14,31,31,52,26,38,19,17,24,39,38,33,40,28,11,31,34,30,31,20,14,34,52,19,36,33,24,19,40,18,36,27,27,21,22
"Gene2702",44,28,36,32,47,18,21,25,21,21,84,40,50,25,49,57,38,30,24,46,29,26,25,74,15,28,41,25,27,22,21,28,25,33,33,23,26,52,25,41,73,25,30,45,41,16,25,25,13,31,20,32,37,66,19,40,30,23,66,30,32,21,19,54,31,44,29,26,32,16,29,19
"Gene2703",43,40,44,41,29,34,53,64,41,26,36,39,31,58,41,67,61,64,43,35,61,43,43,53,39,37,30,43,26,49,62,54,43,60,37,62,32,39,35,15,50,33,20,38,75,70,67,53,47,56,30,38,55,41,102,68,59,43,39,57,35,52,30,39,204,176,178,108,126,189,230,215
"Gene2704",542,422,340,647,679,321,657,446,290,405,530,528,447,479,591,535,266,349,349,736,431,931,430,216,782,370,283,680,733,506,505,337,420,635,482,501,331,365,307,620,370,499,134,559,807,438,465,379,256,323,529,481,440,248,412,535,729,530,326,393,317,343,544,664,515,453,416,402,438,504,360,354
"Gene2705",28,21,39,26,27,31,11,34,10,24,21,12,23,19,22,32,11,47,14,21,13,25,8,17,28,26,29,18,14,9,30,32,15,18,15,26,17,15,31,16,9,17,13,29,20,12,6,18,18,16,13,19,13,25,11,17,23,23,10,23,15,9,7,16,14,19,17,26,22,20,11,10
"Gene2706",142,114,92,147,87,95,161,111,53,128,69,95,103,97,166,111,134,93,83,133,98,138,127,66,50,130,148,82,119,73,93,113,66,130,170,111,106,94,91,120,95,97,35,50,134,159,82,96,101,115,89,114,82,112,110,37,105,158,88,67,186,96,147,103,123,108,115,144,91,54,131,139
"Gene2707",114,229,136,221,72,216,143,123,73,237,132,164,222,165,66,156,119,118,208,102,66,103,143,139,83,166,98,135,210,86,163,175,261,189,234,79,133,114,97,228,108,181,128,153,105,108,86,139,158,145,159,174,157,101,110,122,43,89,163,198,105,183,87,154,120,128,66,152,82,101,219,147
"Gene2708",43,36,45,22,81,122,49,52,61,74,37,70,80,91,105,53,48,51,122,71,61,119,58,137,30,123,48,52,39,103,80,56,63,44,35,126,92,65,31,105,73,53,89,95,56,41,92,65,39,52,78,123,57,82,65,73,96,107,85,97,110,101,76,42,45,102,53,29,81,63,80,74
"Gene2709",181,115,45,90,125,75,93,126,77,126,44,118,112,107,133,92,116,116,201,118,65,72,107,171,154,66,143,137,141,38,41,92,110,46,161,116,123,107,82,76,98,198,131,98,79,124,238,51,90,117,120,90,104,197,71,257,100,96,155,51,85,28,72,81,172,67,73,90,111,141,109,109
"Gene2710",10,26,32,41,36,13,30,47,30,71,19,26,26,24,29,20,40,12,20,38,14,10,20,7,19,35,27,15,24,20,12,24,21,38,36,19,21,16,51,44,26,28,21,19,19,35,12,29,25,18,17,27,14,35,13,24,23,22,21,37,17,22,48,34,31,21,22,30,37,34,18,28
"Gene2711",37,29,33,29,34,52,24,29,15,30,25,16,21,28,19,47,40,37,19,22,31,20,27,19,24,26,34,59,48,24,23,17,22,39,26,24,11,27,32,45,33,30,31,23,18,35,33,29,189,154,136,165,192,255,137,221,18,32,36,66,46,44,25,39,38,16,27,11,40,42,37,61
"Gene2712",14,8,10,15,22,19,31,31,36,21,40,40,48,10,12,21,26,21,19,26,13,35,28,23,17,15,22,40,10,19,32,21,26,34,27,44,24,27,25,34,21,15,34,12,19,26,26,47,32,18,16,9,15,27,29,26,27,18,7,13,22,55,17,47,25,26,34,25,19,34,12,5
"Gene2713",8,7,2,1,2,2,0,3,8,5,2,5,1,3,0,3,4,5,1,6,3,6,4,5,5,6,1,8,6,3,0,3,4,1,1,5,5,2,8,4,3,4,4,3,6,7,8,4,5,7,7,3,1,8,3,8,3,8,6,0,3,4,4,2,8,4,5,2,12,5,2,2
"Gene2714",126,65,133,113,137,192,218,96,135,102,78,76,66,152,49,147,84,174,98,161,135,146,86,88,65,37,57,127,84,141,146,57,173,146,197,35,167,209,78,125,148,95,106,189,90,190,124,145,209,151,71,143,86,99,163,97,67,111,136,136,96,126,103,159,84,70,117,57,92,129,83,167
"Gene2715",18,43,20,44,15,14,30,35,53,23,28,17,22,55,39,33,44,3,25,23,49,38,15,61,25,71,29,49,23,25,38,6,53,57,36,37,33,31,13,19,24,46,53,23,16,33,37,28,46,43,35,21,22,60,45,30,43,16,34,48,30,56,40,31,15,12,25,26,41,25,38,31
"Gene2716",24,38,19,50,58,86,33,32,36,48,54,36,38,44,25,21,88,37,49,47,36,54,59,44,76,27,24,34,52,27,33,37,37,38,48,29,45,34,55,69,61,30,105,82,48,41,63,55,67,30,38,49,32,36,25,33,19,33,19,46,17,47,44,35,65,66,50,67,87,52,63,48
"Gene2717",94,206,67,162,56,91,111,119,66,97,133,102,106,81,30,117,78,106,92,121,148,227,120,108,107,55,76,103,110,90,155,65,131,90,83,133,128,100,106,133,89,36,176,142,182,96,127,202,191,111,112,141,76,73,159,158,132,139,110,202,115,160,83,63,163,85,72,184,98,190,71,121
"Gene2718",53,93,97,24,61,84,56,37,80,36,42,66,96,15,100,48,48,89,51,125,25,46,42,68,68,79,80,80,32,85,96,57,29,40,53,68,95,75,36,65,39,37,89,62,50,63,39,72,53,77,79,37,41,81,22,69,42,55,74,41,59,61,42,53,25,48,65,79,79,44,73,95
"Gene2719",18,20,44,65,61,29,22,58,57,25,24,53,110,109,47,107,41,72,40,51,71,25,29,65,24,57,67,24,48,58,104,93,39,33,50,73,4,50,42,90,37,61,57,41,48,46,57,15,67,48,53,27,34,49,24,49,21,37,33,30,59,52,65,36,33,47,39,36,89,14,27,89
"Gene2720",18,25,26,29,12,31,30,21,17,40,33,38,19,21,24,24,24,25,16,26,13,16,28,26,20,27,30,26,26,34,32,24,33,38,26,31,15,39,26,45,33,28,30,22,28,29,32,30,28,28,43,27,20,16,25,28,26,31,38,18,21,54,22,42,37,15,47,31,21,27,53,20
"Gene2721",246,176,580,396,395,228,375,344,316,374,403,576,422,493,262,205,432,445,440,281,313,549,163,403,388,449,322,337,516,243,397,210,499,395,344,435,218,257,352,567,159,407,427,510,300,415,269,203,382,701,233,276,605,346,304,133,519,333,426,185,461,405,529,334,440,737,377,352,242,426,523,411
"Gene2722",72,105,70,85,81,78,66,70,63,41,43,74,46,45,71,26,72,59,45,88,24,116,19,85,35,33,32,104,62,40,31,61,69,113,59,59,101,70,102,108,58,59,101,33,32,60,98,73,81,36,65,86,47,51,68,110,56,76,67,80,53,80,44,67,34,16,16,12,18,27,20,16
"Gene2723",61,113,46,106,42,41,53,78,79,85,48,47,31,87,70,52,80,81,70,102,79,67,45,64,29,71,83,55,57,77,83,70,47,91,60,35,60,36,119,47,105,128,27,49,77,26,44,55,30,84,106,32,40,41,79,53,62,49,44,55,64,58,62,81,98,46,89,40,54,52,81,87
"Gene2724",108,267,132,218,72,144,88,188,347,163,213,215,129,98,125,213,140,216,156,198,191,145,95,138,180,181,114,100,277,255,171,143,139,274,138,197,223,208,280,206,197,310,82,157,176,315,244,157,496,129,140,202,88,206,98,152,162,199,283,210,80,133,141,226,184,175,165,265,100,185,212,40
"Gene2725",68,102,76,129,56,48,92,118,93,61,55,104,79,139,25,132,178,59,63,120,97,44,61,40,34,96,79,101,51,51,81,71,65,39,88,67,68,104,95,86,62,84,59,61,108,58,120,130,44,77,110,88,100,122,69,52,68,134,77,88,75,118,84,70,78,77,64,164,124,84,71,80
"Gene2726",13,15,23,10,24,22,14,12,20,12,28,35,14,14,20,46,29,10,11,19,29,12,14,11,11,10,18,16,28,10,27,9,16,22,11,16,17,15,13,25,12,9,21,14,10,20,9,28,36,7,21,16,16,24,26,12,24,19,10,9,13,21,16,28,19,24,18,19,12,21,10,22
"Gene2727",26,45,35,25,32,30,39,32,19,20,34,27,23,26,53,53,10,34,38,38,59,42,31,19,31,18,21,30,33,33,55,38,71,14,21,21,32,25,50,20,35,27,20,29,45,42,22,20,75,33,26,25,36,25,32,44,15,18,38,43,27,47,27,34,13,28,38,27,19,28,43,29
"Gene2728",15,13,35,31,28,17,36,38,17,10,40,5,16,24,11,44,18,14,18,29,25,30,20,23,32,26,24,13,30,2,20,28,8,29,14,22,19,33,47,19,32,20,13,20,13,43,15,15,23,30,20,20,19,29,7,9,19,7,18,35,21,25,21,27,4,33,25,23,11,7,40,25
"Gene2729",5,6,6,7,4,7,4,7,3,5,1,6,12,6,9,7,4,3,4,3,9,6,9,6,10,2,2,7,4,20,10,7,1,7,1,10,3,12,3,8,5,10,3,10,6,7,10,4,10,7,2,5,9,5,7,3,2,4,9,3,12,5,7,8,1,1,1,5,10,3,6,9
"Gene2730",28,30,36,34,21,29,71,23,51,32,12,32,46,35,30,28,54,55,49,47,37,23,23,62,26,64,40,29,76,28,94,72,76,31,51,103,37,41,48,56,41,54,39,31,40,51,78,24,91,85,40,50,41,62,56,54,18,53,28,38,64,41,43,45,77,56,15,55,87,45,43,60
"Gene2731",81,70,77,74,152,113,58,118,95,85,61,99,85,124,109,94,120,131,131,97,104,104,138,98,100,139,110,175,121,190,96,140,85,118,183,68,90,73,95,157,72,145,82,109,127,137,101,60,100,47,99,66,87,185,113,57,119,87,136,98,99,124,99,133,22,26,31,13,29,36,19,14
"Gene2732",41,42,18,39,27,53,27,43,21,23,20,24,45,20,36,21,30,27,10,27,37,13,16,29,9,43,30,38,30,15,28,21,43,35,11,63,59,35,37,54,17,30,8,43,19,33,53,37,31,27,33,23,27,23,24,45,29,34,26,25,14,33,43,28,65,25,38,22,37,27,30,45
"Gene2733",39,67,88,86,75,145,81,86,52,49,140,49,111,115,96,133,96,56,83,129,126,34,62,20,102,113,78,50,45,155,127,108,102,179,99,105,121,140,75,182,69,106,74,57,85,124,43,93,85,45,86,111,109,88,127,94,103,52,65,75,155,76,40,76,58,117,70,76,59,86,81,91
"Gene2734",87,112,70,134,108,124,135,197,142,113,157,181,115,93,93,45,197,189,67,110,109,124,233,211,226,111,93,128,127,111,81,240,320,145,100,235,89,142,111,125,129,138,169,119,201,316,151,265,95,128,236,112,300,130,89,150,123,165,149,138,137,168,144,175,930,1124,1096,797,1081,849,819,948
"Gene2735",19,43,56,54,72,31,43,21,40,27,69,59,34,62,62,47,70,38,49,49,31,40,29,81,48,51,96,51,18,68,56,44,64,55,88,33,31,37,49,28,50,68,66,44,27,31,46,57,48,57,48,77,37,35,78,78,54,40,70,54,46,44,62,57,16,82,33,38,87,38,58,47
"Gene2736",30,18,30,17,18,54,23,25,32,38,18,20,44,30,20,44,36,31,13,43,13,19,26,21,10,27,35,19,41,32,31,13,25,25,31,23,68,26,40,17,54,29,16,30,20,15,14,12,34,24,48,34,67,31,24,30,43,14,25,35,32,32,35,48,26,10,22,23,37,55,35,29
"Gene2737",37,22,36,14,30,24,40,17,36,14,45,38,21,34,13,12,24,18,32,23,27,26,28,45,26,29,33,23,23,15,46,27,20,11,16,20,34,22,35,36,39,34,27,31,10,31,32,14,13,40,41,21,34,28,30,7,33,24,24,24,19,18,15,12,22,22,33,21,37,53,23,29
"Gene2738",44,45,24,32,37,28,30,39,41,16,64,55,30,43,36,17,35,32,73,47,31,20,34,32,49,45,26,26,23,47,32,42,39,40,25,23,29,103,40,31,55,76,86,39,47,58,35,56,47,55,21,42,26,49,29,24,40,83,21,67,43,36,51,23,56,53,55,37,26,31,27,19
"Gene2739",355,241,184,286,151,274,534,304,345,459,279,249,383,432,381,485,310,294,226,351,533,291,317,264,259,387,326,276,284,438,502,438,445,287,471,312,226,351,436,587,381,512,346,371,176,460,267,529,523,547,238,178,358,306,232,369,232,382,153,478,290,256,529,346,258,198,279,397,710,378,274,366
"Gene2740",54,79,62,40,52,53,45,70,44,74,42,55,48,58,50,86,77,59,44,128,42,53,45,83,37,102,40,76,40,41,72,92,71,48,59,41,42,68,76,106,78,44,40,70,46,39,54,37,40,50,59,79,73,58,40,60,108,35,24,29,59,90,40,36,33,49,50,91,93,79,52,76
"Gene2741",16,29,25,14,17,23,7,10,44,37,48,17,15,28,40,39,28,52,42,13,17,22,23,23,10,22,41,19,21,34,28,21,30,45,18,12,67,49,33,27,57,46,30,31,42,12,25,37,35,10,34,15,24,26,39,29,23,24,31,21,16,25,30,32,21,50,21,34,21,32,44,48
"Gene2742",42,28,72,26,33,36,30,36,47,54,62,39,29,53,28,32,36,24,27,47,15,35,38,23,50,26,47,41,42,39,28,37,42,20,13,36,25,24,43,22,29,36,25,35,43,27,35,40,7,27,28,22,38,13,47,64,44,25,43,22,59,23,19,27,18,33,35,15,49,47,33,16
"Gene2743",23,74,71,70,35,44,53,30,71,100,59,57,69,66,33,13,45,28,50,24,52,36,69,52,70,66,31,42,55,35,72,64,59,73,45,106,67,48,14,70,110,66,32,69,37,35,67,103,54,29,33,80,45,104,60,64,46,40,64,53,75,50,58,33,40,67,62,46,50,52,53,115
"Gene2744",75,136,30,59,91,102,32,60,83,44,24,90,65,59,79,78,65,83,65,84,107,47,62,103,44,55,73,62,43,58,80,99,89,34,87,133,92,99,53,78,40,45,47,35,87,131,71,61,75,91,46,70,32,86,108,55,115,42,66,98,93,79,62,54,33,124,87,105,79,83,70,36
"Gene2745",211,223,291,362,251,326,294,168,399,143,232,256,348,276,224,304,320,179,292,331,349,303,230,178,243,216,339,170,322,169,133,270,273,346,253,200,431,291,198,298,207,371,249,328,280,324,417,217,1053,1920,1453,1440,1048,1444,1285,1303,236,272,146,335,288,281,156,186,183,406,429,302,315,152,206,459
"Gene2746",44,18,37,37,19,36,44,53,10,19,52,42,27,35,35,37,37,23,29,13,47,37,25,34,36,58,19,19,46,53,39,56,30,32,31,18,27,15,39,42,43,23,26,8,58,43,33,33,25,19,34,38,39,41,38,72,34,46,36,33,36,32,52,32,38,54,32,26,24,57,12,28
"Gene2747",89,117,108,182,139,141,132,167,206,103,175,198,130,306,144,133,134,185,288,110,185,121,83,210,212,190,138,276,256,233,174,122,144,208,285,153,387,185,117,259,147,114,175,120,199,208,112,157,142,76,259,85,92,223,206,174,184,302,204,283,224,146,257,213,222,296,108,206,74,130,244,187
"Gene2748",29,40,50,29,13,23,63,28,47,23,41,25,30,11,34,41,21,39,26,33,18,19,30,34,12,43,11,35,26,44,31,32,28,20,33,24,21,14,51,43,16,24,40,17,29,23,8,14,42,15,25,19,35,25,42,16,15,27,27,47,23,33,22,27,8,37,18,21,12,25,19,14
"Gene2749",61,63,51,52,67,38,54,83,111,73,63,109,115,53,57,93,98,70,42,72,100,80,78,66,60,83,45,84,41,149,56,61,76,84,52,44,89,37,70,69,99,55,123,107,46,132,46,73,21,58,30,65,68,54,29,130,61,93,72,51,73,81,102,85,15,11,10,14,13,14,12,10
"Gene2750",22,59,41,28,47,21,49,65,53,54,28,24,27,24,14,42,32,41,59,76,26,58,37,27,37,29,54,57,31,30,12,40,43,25,28,27,28,32,18,47,12,40,50,42,32,25,64,31,60,38,45,72,11,50,21,20,34,39,23,32,28,45,40,49,27,38,46,47,50,24,27,35
"Gene2751",158,314,217,106,220,153,134,93,311,135,145,109,92,357,156,111,91,278,170,53,133,229,135,286,109,120,177,93,194,81,215,338,73,130,189,263,190,118,269,223,213,227,200,248,133,124,245,116,229,144,182,69,185,83,364,206,263,197,239,155,221,284,81,164,156,104,192,196,127,177,81,147
"Gene2752",215,109,386,252,198,371,280,216,238,387,124,201,359,178,349,313,361,243,235,267,128,294,582,123,510,263,341,377,211,384,248,326,262,238,199,209,309,290,304,238,358,409,363,235,507,454,228,300,160,301,206,310,370,252,327,108,374,200,143,167,355,314,272,231,249,170,227,204,568,399,293,378
"Gene2753",222,251,322,295,537,369,656,337,184,331,333,413,463,529,196,599,478,255,310,564,377,197,431,637,280,452,360,298,394,240,302,409,521,429,333,391,455,331,353,304,175,582,260,676,511,275,203,257,525,238,399,380,469,375,275,311,360,387,277,363,390,295,356,354,1826,2104,2124,2114,2436,1873,1935,1889
"Gene2754",67,102,127,106,63,189,90,100,43,146,81,78,82,169,182,141,126,209,84,67,137,59,212,85,207,103,195,93,129,107,142,58,139,34,110,64,117,70,115,72,97,109,154,154,124,137,111,86,76,124,77,70,125,99,106,67,185,228,80,79,108,90,126,76,141,114,207,178,82,75,72,243
"Gene2755",60,37,49,29,31,26,32,31,19,26,49,17,41,26,25,27,28,8,29,47,35,41,22,39,27,21,197,242,174,202,230,187,33,43,16,41,25,27,26,49,40,23,14,16,21,45,45,14,40,51,22,46,33,13,12,4,23,25,34,26,34,18,54,46,26,28,18,58,15,36,26,37
"Gene2756",41,34,38,24,73,63,41,57,59,39,38,29,81,69,49,92,52,51,36,62,52,69,55,56,34,38,27,21,49,25,42,63,33,24,29,44,63,35,40,38,38,44,50,65,39,53,29,34,50,45,60,21,19,54,43,35,62,34,52,67,53,75,46,34,25,81,37,48,54,77,72,33
"Gene2757",70,47,91,38,40,67,68,35,64,103,77,63,44,73,71,56,89,80,83,83,99,75,85,106,76,61,95,126,56,71,107,66,27,68,38,68,112,57,86,71,24,62,102,46,122,92,97,90,59,103,79,51,89,66,101,89,59,75,59,109,61,112,98,78,51,100,90,55,68,104,55,103
"Gene2758",4,4,2,4,7,11,3,2,9,4,0,11,5,3,4,0,7,4,3,4,7,10,8,4,11,3,5,8,8,0,3,2,3,8,3,4,5,7,1,6,8,5,7,8,3,8,4,7,2,0,3,4,1,6,7,3,1,3,6,10,1,1,2,7,9,4,4,9,11,2,4,3
"Gene2759",149,326,174,281,536,271,344,341,196,389,227,377,289,279,287,317,213,324,209,98,253,362,143,558,502,254,250,388,469,131,175,231,477,354,299,478,154,320,351,180,299,514,310,283,157,141,122,284,200,378,238,232,294,206,197,404,141,369,163,292,202,200,256,235,103,418,214,438,526,215,374,538
"Gene2760",12,26,14,23,16,19,4,20,20,4,11,18,7,16,18,9,27,10,8,24,19,25,12,11,28,11,15,13,18,13,7,8,9,13,18,25,10,15,12,10,31,28,13,11,11,7,27,19,9,7,4,15,12,12,18,13,10,25,19,8,8,22,9,12,2,16,11,7,15,30,10,15
"Gene2761",47,31,33,45,24,24,32,40,54,43,28,42,34,22,54,27,17,27,53,59,32,34,20,21,31,11,22,41,25,37,51,14,47,21,29,30,31,38,16,37,33,51,22,43,28,25,22,42,49,40,59,30,40,64,32,37,38,51,40,39,23,27,27,33,17,22,41,16,23,43,36,12
"Gene2762",253,191,244,535,289,476,264,110,279,417,353,146,152,256,251,432,340,215,230,218,398,299,116,404,465,184,366,179,404,389,226,297,394,234,166,285,127,43,457,380,466,218,182,527,309,200,208,170,297,327,225,219,492,259,401,216,120,230,324,269,305,220,227,192,263,287,170,144,199,444,187,276
"Gene2763",140,52,77,111,94,66,58,68,48,140,163,72,53,109,42,87,65,54,136,90,114,78,65,85,146,49,74,87,146,54,60,65,86,79,72,107,66,108,51,91,105,88,104,42,173,107,59,69,81,97,75,84,100,74,70,66,107,90,120,107,77,101,106,107,399,212,341,270,345,293,240,266
"Gene2764",89,43,47,76,120,60,105,103,95,57,87,121,79,101,73,45,165,48,65,91,124,87,85,79,83,142,83,123,59,115,177,188,72,75,160,161,64,62,99,127,86,99,155,59,84,111,162,75,88,122,98,43,89,111,77,159,52,67,62,87,107,82,75,105,116,82,111,117,101,33,122,68
"Gene2765",23,16,33,15,18,39,27,21,25,29,14,26,16,13,23,11,19,22,24,25,13,13,20,19,14,33,20,31,13,19,12,20,14,43,24,27,28,28,26,21,24,34,18,12,41,13,23,14,9,39,27,15,22,19,18,30,15,26,30,20,9,25,14,16,29,25,29,10,19,20,18,22
"Gene2766",10,4,5,8,8,16,10,7,11,12,7,7,3,4,5,3,7,13,10,5,13,11,12,6,12,5,9,7,6,6,7,7,12,8,1,4,10,9,12,11,15,9,9,8,13,8,3,3,5,2,2,14,4,5,7,19,14,12,16,2,12,10,8,7,3,6,3,7,5,3,8,9
"Gene2767",23,18,10,27,15,15,9,11,23,25,23,25,12,20,23,26,20,29,30,21,14,17,9,44,16,23,29,18,14,22,24,20,18,19,18,23,31,23,25,9,17,9,15,20,26,13,39,27,25,30,17,14,19,24,4,18,27,15,32,23,8,20,42,25,11,35,11,14,16,28,8,16
"Gene2768",63,78,53,93,79,142,53,87,57,114,112,55,78,83,59,53,140,68,91,169,82,71,54,90,176,186,75,86,97,94,32,102,151,94,215,50,93,143,71,179,102,109,107,93,102,109,63,94,78,147,60,95,130,100,79,84,107,119,59,96,61,71,84,48,59,124,82,104,88,178,112,105
"Gene2769",124,255,133,106,251,241,117,154,88,329,117,206,68,180,51,206,81,89,137,140,150,135,107,44,124,122,88,77,113,117,59,99,90,115,183,127,185,122,208,166,158,90,125,166,171,169,193,114,168,158,123,65,156,80,123,163,179,132,126,140,105,134,125,110,26,24,21,30,18,20,22,30
"Gene2770",42,65,50,59,52,61,55,45,83,89,47,92,72,48,70,43,91,33,65,39,39,61,43,81,52,35,51,52,25,90,44,31,37,44,17,61,114,49,67,60,71,35,22,56,47,38,53,79,84,75,63,42,59,89,93,32,38,95,62,40,48,62,73,59,67,79,78,43,83,87,70,61
"Gene2771",40,31,51,29,69,25,43,44,29,31,44,39,22,47,22,40,59,40,18,35,28,26,33,38,33,28,58,28,31,47,34,18,20,36,44,23,8,21,31,34,30,50,42,37,38,21,9,41,55,50,30,40,53,16,35,24,40,48,12,37,33,20,25,32,42,21,28,31,68,39,34,26
"Gene2772",133,59,115,131,48,127,114,49,78,48,90,82,97,160,157,44,26,61,74,88,99,86,110,77,39,46,119,154,76,83,35,76,105,105,56,145,61,173,132,113,122,89,79,37,109,117,75,65,97,77,113,146,84,88,135,69,84,114,153,63,77,69,65,54,77,120,52,138,65,102,52,58
"Gene2773",12,43,24,16,21,16,16,16,26,50,19,23,26,32,43,45,15,35,16,43,5,38,22,33,37,25,20,27,35,27,14,13,25,16,20,15,16,48,28,19,29,27,19,19,26,43,22,27,25,18,22,24,19,23,19,23,25,57,45,18,18,25,14,22,27,16,33,14,13,18,17,38
"Gene2774",84,115,111,133,63,108,93,82,90,70,209,74,131,108,79,58,96,89,87,239,124,198,101,97,133,149,62,88,74,47,115,92,142,95,140,60,94,60,104,105,54,68,121,168,105,115,89,131,85,87,190,93,86,169,99,138,68,122,104,106,85,51,81,105,38,66,61,80,63,78,97,78
"Gene2775",26,15,12,18,20,15,30,13,24,10,20,19,14,15,26,8,16,12,27,5,6,28,29,16,8,14,20,11,12,34,24,8,12,15,10,20,16,15,17,11,6,11,22,16,31,16,14,5,11,14,17,16,8,12,7,21,10,17,11,4,10,13,22,21,30,12,11,19,15,5,17,11
"Gene2776",528,375,734,415,432,435,321,575,672,341,840,549,319,569,508,611,733,466,295,604,494,335,334,373,563,300,638,426,275,821,344,463,478,195,379,542,314,444,446,533,710,787,171,485,471,558,382,547,724,687,410,430,558,349,355,586,219,612,479,773,405,403,521,590,348,669,147,430,480,449,390,573
"Gene2777",2,0,4,3,6,1,3,1,2,1,3,0,1,0,2,0,2,1,3,1,1,3,1,3,2,3,5,7,2,0,4,5,1,1,1,3,2,1,2,2,5,5,1,3,4,1,2,1,3,7,4,0,2,0,4,6,2,2,1,2,2,2,0,3,4,2,1,2,1,2,3,0
"Gene2778",395,317,514,374,232,208,469,467,87,412,385,435,409,237,452,399,577,238,353,312,327,419,209,442,321,99,301,373,497,197,242,227,279,541,362,280,446,530,435,417,320,222,218,397,318,202,171,234,239,241,677,356,281,438,594,420,443,389,379,320,302,507,605,260,241,183,290,212,402,261,532,279
"Gene2779",19,30,37,21,36,19,18,31,15,34,19,18,29,24,26,35,15,23,15,45,23,28,30,22,28,24,11,32,16,10,15,24,19,27,20,37,32,30,41,23,52,22,11,38,5,18,29,26,23,36,18,24,20,22,16,38,7,20,35,16,13,16,23,16,22,19,19,39,38,14,19,39
"Gene2780",114,135,128,215,320,222,406,137,324,471,163,109,278,296,146,261,314,300,134,435,211,274,327,263,194,337,201,440,157,204,285,146,280,308,260,336,176,144,122,484,264,209,258,94,91,230,201,59,182,148,148,197,356,475,104,135,184,236,197,165,211,387,319,317,161,166,137,350,130,360,164,120
"Gene2781",5,10,7,10,12,12,8,7,8,24,7,16,4,12,10,7,11,8,6,12,6,18,10,10,12,15,9,14,8,14,6,9,21,7,19,4,5,16,10,9,6,7,10,11,9,5,7,12,5,11,5,13,10,16,14,8,5,19,12,19,6,12,15,13,14,5,11,6,13,9,7,8
"Gene2782",57,45,39,51,99,46,37,33,50,49,51,10,36,36,35,39,26,45,39,33,53,9,22,19,43,30,37,39,34,34,31,37,45,11,49,17,35,21,29,27,33,32,48,54,49,24,27,47,40,35,21,32,60,37,29,35,55,50,31,44,48,33,39,48,3,5,4,5,7,4,6,2
"Gene2783",43,76,39,53,74,53,114,77,79,45,19,89,57,46,74,82,65,87,54,116,65,94,141,60,104,64,46,136,50,139,70,117,96,70,78,95,79,62,67,50,49,43,89,82,62,43,164,44,66,84,53,98,41,82,193,27,59,79,106,76,48,25,16,81,36,72,88,67,60,84,28,79
"Gene2784",20,9,16,8,15,17,18,7,19,21,22,18,9,16,6,7,18,14,15,7,9,9,12,11,22,19,5,19,18,19,12,13,9,9,8,11,23,10,12,7,24,23,16,37,11,28,9,12,10,14,12,6,18,21,10,9,19,12,32,16,4,5,16,22,20,20,19,8,14,32,8,15
"Gene2785",31,29,21,12,24,22,60,33,22,49,23,25,26,19,37,21,36,27,12,40,33,18,48,33,22,43,40,46,37,21,16,43,13,20,31,24,11,41,24,40,24,26,26,28,29,24,18,21,28,41,22,18,39,29,23,27,30,21,48,23,39,31,15,13,52,28,21,16,44,18,34,16
"Gene2786",65,98,159,98,69,174,52,76,101,61,121,56,86,53,106,80,55,50,216,140,93,154,73,62,98,136,45,51,108,50,87,62,63,162,96,83,53,110,110,111,133,90,207,64,120,48,58,140,133,103,54,101,42,148,65,150,116,61,128,175,38,178,101,66,131,105,76,82,69,85,83,94
"Gene2787",140,109,76,145,183,76,57,200,133,74,157,78,93,140,143,110,104,92,123,83,128,99,108,160,114,59,63,118,56,115,61,114,169,135,101,94,120,122,106,147,120,84,165,72,90,83,159,150,45,58,103,58,155,104,126,138,163,91,98,118,123,156,129,120,99,110,90,91,147,127,184,144
"Gene2788",8,10,15,3,10,12,7,12,12,19,19,9,13,4,21,8,6,9,16,13,11,9,21,14,18,25,14,20,17,9,22,10,14,7,15,13,16,4,6,8,23,10,4,10,16,11,12,16,13,13,23,26,19,11,14,9,12,17,13,6,12,12,10,4,12,12,15,14,12,5,15,10
"Gene2789",4,28,21,30,4,33,25,7,29,9,9,5,25,22,13,13,20,22,16,12,9,9,20,6,31,12,16,12,10,21,9,9,18,9,12,26,45,7,15,15,8,27,5,13,20,17,5,22,12,26,23,15,14,32,23,22,14,16,15,17,14,17,5,8,21,13,19,19,10,12,14,15
"Gene2790",39,67,32,56,59,50,54,51,90,62,63,88,115,60,87,72,44,43,28,56,91,79,46,100,34,60,83,81,94,42,54,72,74,71,69,63,102,52,78,47,76,61,82,99,77,73,49,50,57,154,80,81,43,88,89,24,55,85,68,55,80,48,65,56,81,55,73,98,59,81,89,81
"Gene2791",350,131,371,253,297,207,222,276,265,338,205,396,242,310,540,409,359,170,257,158,259,311,307,556,302,224,191,320,340,86,244,348,385,188,376,408,212,256,146,137,144,401,499,463,325,440,512,416,193,308,402,488,209,556,153,143,165,241,381,342,329,277,334,246,299,259,287,499,271,244,348,126
"Gene2792",123,153,69,74,162,132,64,209,95,81,83,197,217,160,169,95,207,136,139,152,197,60,102,163,118,80,112,76,115,100,131,87,64,125,151,124,206,72,116,111,152,77,100,135,233,145,128,143,162,131,191,161,125,73,87,180,99,129,109,93,148,92,189,128,28,19,19,25,19,10,22,27
"Gene2793",9,2,6,10,11,21,21,6,6,9,3,10,7,10,2,6,6,4,7,19,11,12,10,5,4,4,6,10,9,5,4,8,11,3,15,3,5,2,8,12,10,10,14,5,15,12,6,3,34,25,21,15,20,16,38,27,7,6,6,7,5,6,12,6,14,12,4,11,4,17,8,12
"Gene2794",18,23,39,24,37,23,33,30,22,19,19,12,17,22,11,28,40,32,29,22,37,24,21,30,39,21,33,20,21,25,14,29,25,24,36,25,9,22,20,3,35,24,17,17,28,10,11,46,16,36,42,33,26,11,20,23,29,19,14,13,17,17,25,49,13,11,11,35,25,6,20,46
"Gene2795",11,3,5,9,5,7,5,8,9,5,4,6,8,10,7,6,4,3,3,4,5,9,6,6,9,11,6,6,4,9,9,12,4,6,8,6,7,10,12,6,12,4,7,3,5,6,7,13,10,5,7,5,7,5,12,13,8,6,12,6,7,6,5,8,9,2,14,9,5,7,6,14
"Gene2796",111,74,177,112,156,141,118,82,107,200,138,173,176,184,123,109,92,122,170,111,173,116,114,119,223,131,247,78,144,53,225,65,134,136,127,67,91,120,105,54,157,128,121,90,234,95,136,101,76,109,90,131,200,81,133,161,148,174,98,129,151,118,226,139,252,127,101,183,88,164,74,92
"Gene2797",5,12,26,32,19,13,20,23,8,34,21,12,22,15,13,24,10,12,27,20,14,13,21,14,9,21,19,19,26,14,21,23,9,10,31,18,29,15,22,5,22,13,22,12,16,24,25,28,9,32,19,35,16,13,10,14,15,22,28,16,21,10,32,20,13,29,14,22,14,15,24,6
"Gene2798",62,92,71,44,35,34,62,48,37,37,92,23,47,59,45,32,56,104,53,48,43,21,54,43,56,37,32,59,69,23,55,79,39,84,41,45,19,75,77,48,31,25,75,50,29,39,44,79,58,55,42,66,61,57,47,89,61,50,57,40,81,79,79,99,26,68,27,68,45,61,43,58
"Gene2799",131,74,74,145,84,98,142,85,125,62,155,150,95,55,164,29,130,143,83,54,98,111,111,133,264,69,72,104,93,140,111,113,88,52,115,77,184,89,72,63,116,196,81,76,86,99,135,165,167,71,90,100,155,73,88,131,96,120,109,72,103,64,65,99,94,78,49,99,41,136,104,94
"Gene2800",52,32,29,49,38,36,52,63,41,33,36,69,39,74,53,68,33,59,67,37,22,39,20,67,105,53,55,53,27,36,20,69,71,47,36,30,39,67,45,38,99,66,41,46,37,38,35,49,40,40,47,77,40,60,34,82,59,8,66,38,49,46,62,23,59,54,33,48,50,29,100,42
"Gene2801",5,29,18,22,21,16,26,18,20,35,22,14,16,13,36,19,10,18,38,53,18,20,16,24,34,14,12,38,26,21,17,20,22,15,25,31,10,20,29,22,21,7,15,21,16,25,28,14,22,12,16,15,20,28,13,9,9,35,14,14,21,22,18,20,25,12,22,14,24,18,12,6
"Gene2802",66,62,62,109,73,105,27,30,95,46,35,68,46,49,65,84,85,58,45,92,104,101,61,77,47,61,81,45,85,61,31,66,73,55,70,55,84,73,107,118,36,32,48,28,56,94,47,68,84,38,99,117,40,76,72,51,38,54,74,48,48,52,99,54,52,63,38,93,72,48,51,22
"Gene2803",22,8,5,8,14,30,13,3,13,7,21,7,9,13,4,7,13,13,18,16,11,8,8,20,11,10,11,9,14,15,12,2,24,7,16,14,5,18,14,8,4,7,10,13,12,6,11,6,6,7,18,11,12,6,10,12,2,8,5,15,17,7,13,5,15,13,10,19,15,5,14,17
"Gene2804",729,1023,1189,1148,739,1218,1691,853,846,883,1250,1027,1237,975,955,931,958,1408,973,399,728,710,352,1312,899,820,892,1822,1432,1211,1190,1024,515,511,1042,851,257,1189,1152,1043,1397,668,845,1102,945,1044,1081,721,372,264,313,322,341,455,445,318,1267,800,890,889,1332,826,682,956,524,1372,1278,1476,1216,736,1446,364
"Gene2805",3,1,2,5,2,6,2,1,0,2,1,2,3,5,4,1,1,4,2,1,4,1,2,7,2,1,2,4,2,2,2,4,3,2,6,3,2,5,8,2,0,1,6,7,2,3,3,4,4,4,3,1,0,3,2,5,9,4,1,7,3,0,1,1,5,5,3,1,3,2,5,2
"Gene2806",856,588,678,627,791,780,557,857,888,823,830,1751,1019,516,1168,889,1047,664,1163,466,453,572,734,807,768,1227,907,773,900,544,638,633,348,1109,590,623,896,880,1096,662,566,608,1113,737,988,665,628,667,1306,1060,771,579,734,893,628,758,688,1146,468,1194,759,653,968,981,698,609,1703,404,1023,954,855,827
"Gene2807",98,85,150,108,99,58,107,73,119,154,106,75,71,102,173,69,70,123,57,65,52,105,93,83,60,128,64,131,154,99,22,72,132,77,199,70,96,85,114,97,61,114,100,66,47,80,133,69,120,143,73,120,81,126,173,109,71,71,78,88,105,150,52,114,137,150,128,191,119,101,91,64
"Gene2808",22,20,36,14,20,24,18,28,40,18,22,16,27,7,25,10,12,12,7,16,45,21,11,35,28,16,9,18,18,21,28,26,29,26,39,27,13,15,26,21,7,29,11,26,23,10,36,12,26,40,38,27,27,49,35,34,23,15,26,33,19,14,19,11,16,19,34,16,25,36,16,42
"Gene2809",62,90,136,89,53,74,30,43,59,85,35,67,50,46,117,80,72,151,97,96,155,57,54,82,62,62,51,62,54,59,75,70,74,61,57,73,77,172,64,61,87,83,18,66,59,46,116,37,78,44,66,73,43,59,54,60,59,79,79,64,101,81,156,129,36,70,54,102,74,80,43,48
"Gene2810",62,29,56,29,40,29,38,39,62,83,51,30,19,53,61,41,46,27,35,29,71,35,31,39,46,30,65,48,46,34,63,23,59,33,45,47,40,57,54,66,43,56,59,56,55,58,65,59,223,163,208,235,256,214,239,255,32,44,53,67,20,55,61,99,38,72,52,35,51,42,61,32
"Gene2811",1297,914,981,939,1530,470,2097,1392,647,887,451,934,564,479,632,260,646,656,514,1313,728,1311,756,626,726,1554,784,261,824,920,945,851,741,761,627,768,553,1615,947,685,1095,799,1542,612,593,1111,698,818,720,561,492,617,701,1071,860,1025,780,721,881,759,816,913,868,842,113,103,121,110,94,121,89,123
"Gene2812",1079,1275,822,736,541,1479,802,340,424,738,575,762,715,560,643,715,832,576,510,708,756,1000,367,867,437,858,1455,927,297,633,440,861,792,719,1145,840,707,1521,649,570,715,1301,608,715,681,569,649,1094,423,402,859,978,508,547,893,965,1103,1023,771,1390,661,799,557,503,443,710,1860,557,742,668,560,657
"Gene2813",126,133,162,138,112,86,162,79,174,148,142,214,96,246,195,76,113,88,94,104,186,180,242,374,99,165,136,147,146,214,272,92,131,93,168,96,129,139,117,185,90,113,173,139,136,143,176,184,141,117,117,70,141,128,86,201,180,170,148,148,133,141,149,137,668,702,730,932,1025,653,907,568
"Gene2814",55,49,16,45,32,22,89,38,45,16,40,37,38,35,59,49,26,24,36,45,46,55,40,39,26,27,52,37,33,26,38,40,37,77,31,22,56,45,30,32,45,27,31,38,22,55,33,47,222,300,271,220,211,240,249,312,41,64,29,43,36,49,44,51,156,210,185,165,134,165,168,176
"Gene2815",39,42,67,78,67,58,63,41,42,56,65,131,37,70,81,65,108,67,48,58,50,62,94,50,80,54,40,72,72,46,49,46,43,84,86,64,95,95,143,45,95,36,138,53,78,55,29,67,76,59,26,100,53,55,70,68,52,80,102,31,49,112,55,47,62,90,53,79,66,33,83,70
"Gene2816",13,31,25,19,36,26,16,9,26,24,18,32,13,31,29,18,9,18,26,16,8,20,4,18,14,17,12,44,11,24,17,11,25,12,26,15,25,19,19,16,14,38,10,22,24,17,15,22,17,20,43,45,12,21,19,10,28,17,36,16,8,28,28,9,18,8,20,24,32,24,21,23
"Gene2817",30,21,14,11,18,28,13,28,12,12,17,23,10,11,24,16,9,20,12,21,7,15,41,32,39,6,11,18,20,14,13,30,14,22,21,10,37,17,27,11,17,22,28,15,11,12,9,11,22,33,6,19,4,21,9,5,20,8,12,8,11,20,20,13,31,16,14,6,15,11,13,14
"Gene2818",54,23,64,51,21,20,26,33,27,9,41,28,25,61,29,36,46,47,21,20,61,42,86,27,37,46,49,8,13,40,31,46,27,48,25,18,49,37,22,32,36,35,63,17,26,25,20,29,17,43,30,32,23,11,15,34,32,33,57,44,27,60,52,17,24,37,53,78,56,44,43,21
"Gene2819",290,371,410,273,88,216,305,463,279,224,195,351,435,383,346,504,294,298,232,175,378,294,356,316,445,337,346,141,331,349,288,216,471,397,196,478,423,579,627,255,266,195,444,350,349,497,315,611,377,227,409,339,481,491,428,440,353,430,495,452,355,320,547,249,532,179,204,396,450,352,347,336
"Gene2820",17,32,33,49,37,29,33,40,30,14,39,20,37,34,15,29,41,29,17,56,43,41,59,30,28,41,49,13,47,62,30,32,48,24,44,26,26,20,41,15,45,26,31,28,15,46,40,28,28,34,33,25,50,66,16,17,35,53,37,25,27,46,14,18,4,35,31,32,10,40,28,10
"Gene2821",42,126,86,46,74,107,40,131,68,59,21,60,53,62,111,54,48,54,124,52,91,73,103,115,58,37,40,102,73,68,80,56,82,107,123,69,90,96,59,73,47,58,94,99,106,105,124,67,53,131,54,147,40,45,109,69,155,64,96,92,64,77,77,92,80,70,73,102,63,66,153,99
"Gene2822",445,250,161,125,352,340,223,205,179,157,201,336,367,268,244,200,205,275,233,241,211,175,201,270,334,284,443,198,464,158,221,144,235,246,531,258,225,270,356,102,259,292,348,264,246,303,328,371,226,271,292,376,227,186,171,349,273,467,169,304,252,178,134,250,327,247,120,250,399,292,127,307
"Gene2823",70,110,63,86,58,82,62,97,46,94,88,84,72,123,48,81,65,90,51,146,124,95,88,38,122,59,43,46,131,47,113,105,76,109,87,69,45,96,125,151,123,72,82,90,45,59,106,218,95,47,81,120,108,76,79,154,113,87,105,85,98,124,161,85,56,156,96,60,57,79,95,65
"Gene2824",56,81,87,70,61,163,98,115,126,35,62,58,81,184,137,97,146,63,74,83,88,101,75,136,76,136,54,66,79,64,62,95,101,117,134,123,88,84,112,116,38,51,94,125,94,141,206,90,92,52,174,141,80,29,145,101,91,62,111,112,85,65,50,120,83,152,68,71,43,128,62,76
"Gene2825",21,5,40,40,35,41,20,23,26,19,37,27,22,38,37,19,31,35,31,30,14,40,24,15,20,16,21,15,28,26,25,24,41,19,18,25,25,20,32,23,31,25,24,24,23,14,16,32,43,39,41,12,31,19,31,17,39,27,20,37,28,18,12,32,6,3,4,6,3,2,7,3
"Gene2826",26,59,49,83,78,75,68,66,57,107,59,61,33,82,93,78,82,65,85,55,64,60,49,66,58,49,48,80,92,69,47,41,64,59,74,98,36,77,77,58,43,46,60,34,57,55,89,81,162,71,45,99,96,48,53,80,41,97,83,27,49,60,60,43,72,104,77,26,55,57,56,24
"Gene2827",23,27,20,26,19,19,23,26,9,12,19,21,17,30,9,21,25,15,13,24,22,16,11,11,28,21,21,17,13,18,19,13,8,25,24,25,19,15,14,8,32,5,15,13,29,27,9,17,16,19,30,9,17,40,8,15,11,19,22,13,21,11,22,12,21,15,9,13,14,11,5,16
"Gene2828",33,14,31,13,13,17,23,26,18,37,7,30,10,18,20,12,31,24,18,35,24,33,20,18,21,33,15,9,23,34,22,24,31,16,18,9,22,23,36,29,12,9,36,23,5,17,29,27,23,16,20,32,9,19,9,26,23,18,12,20,14,15,20,27,9,17,29,16,23,25,10,30
"Gene2829",19,8,17,22,7,13,11,14,15,18,20,10,12,5,29,2,12,12,16,13,10,10,9,10,5,18,17,15,10,13,5,5,8,9,13,13,12,20,8,8,15,10,8,20,15,20,12,21,31,15,19,15,35,13,25,8,12,13,10,24,4,6,13,6,11,12,15,19,18,18,8,26
"Gene2830",23,44,36,16,31,25,17,57,23,19,38,34,54,12,15,51,30,39,49,37,47,59,27,40,27,23,30,25,48,27,55,20,15,19,29,9,29,46,27,15,41,26,8,33,18,31,22,32,20,21,21,39,57,41,41,19,40,50,36,30,28,12,20,35,35,20,21,12,27,29,24,17
"Gene2831",43,45,58,91,59,112,88,65,87,117,45,62,74,57,76,59,76,45,40,72,89,130,121,90,78,67,73,94,134,60,84,78,36,76,118,81,165,72,53,76,57,75,68,64,70,104,94,28,82,94,66,56,93,98,92,42,78,127,63,85,46,102,71,73,61,90,64,72,62,89,115,77
"Gene2832",46,75,36,68,20,46,37,75,49,36,32,53,55,44,27,37,22,31,39,45,36,22,48,49,83,46,62,51,72,31,47,29,97,32,53,43,30,78,46,49,63,71,83,44,64,30,60,52,50,47,49,30,37,81,43,67,29,66,45,39,32,75,38,55,40,51,32,23,29,85,54,81
"Gene2833",18,16,9,8,24,19,16,7,24,13,11,6,16,13,23,13,15,18,15,27,13,34,30,9,22,15,11,20,7,22,8,3,23,27,15,12,10,7,9,17,17,17,11,17,26,10,18,17,14,25,19,10,21,15,22,20,9,4,8,14,17,20,24,14,24,20,9,8,18,9,12,24
"Gene2834",34,22,11,10,6,20,24,13,19,23,4,14,24,21,12,28,7,27,23,8,23,31,21,13,12,18,25,8,22,5,24,24,17,8,6,24,14,13,16,18,13,16,24,23,21,20,16,17,24,13,11,26,24,16,15,26,25,13,22,26,16,14,11,9,16,4,24,15,14,13,21,20
"Gene2835",13,12,9,7,9,3,6,9,9,8,15,8,11,15,15,3,12,7,12,23,16,16,5,6,15,7,28,15,5,5,13,12,7,11,10,8,15,9,15,17,15,13,16,6,11,4,12,6,3,15,7,2,8,7,17,19,11,5,11,8,7,16,6,12,14,8,7,6,10,17,4,17
"Gene2836",86,127,145,74,113,133,120,140,110,66,155,98,146,101,106,129,87,78,63,115,92,104,56,62,48,39,118,76,109,133,27,68,83,140,114,85,166,31,108,106,100,68,154,67,70,99,72,50,64,76,129,194,93,84,150,101,105,70,129,122,26,32,79,92,81,121,61,62,141,136,45,104
"Gene2837",24,119,69,88,56,110,51,31,51,93,60,79,111,86,89,100,39,113,91,116,51,126,66,50,84,77,84,31,130,109,48,70,85,49,66,64,72,52,49,120,89,75,58,32,69,70,89,81,73,128,55,77,55,105,63,83,37,48,73,73,63,50,92,57,105,134,67,59,58,70,119,45
"Gene2838",5,12,9,17,7,4,16,7,7,6,8,23,9,11,8,2,8,22,18,7,3,10,10,15,5,19,14,19,7,5,7,9,10,13,7,8,6,6,3,8,10,12,11,9,2,11,16,11,10,10,4,7,6,6,7,7,3,17,5,17,8,16,11,9,7,17,14,4,6,8,11,8
"Gene2839",8,8,7,7,0,9,7,6,11,8,4,13,17,6,5,2,4,0,3,5,6,10,5,14,6,4,6,11,12,12,2,4,14,6,6,10,7,7,6,8,10,11,16,2,8,11,3,6,7,10,5,4,12,5,5,5,4,4,8,8,11,8,2,2,2,4,5,2,3,9,6,5
"Gene2840",37,44,35,43,33,57,36,43,36,20,31,54,66,55,85,44,37,52,49,57,47,32,41,14,68,58,64,60,99,38,32,30,72,39,56,46,70,45,59,30,48,22,48,44,29,21,51,46,57,60,79,48,29,25,37,95,39,98,66,66,46,40,34,53,30,20,54,64,88,49,50,34
"Gene2841",25,27,50,22,12,36,36,27,40,31,22,28,15,62,39,12,17,26,21,28,33,22,35,25,36,31,6,5,7,6,12,10,46,26,28,38,26,11,72,5,32,13,32,27,26,50,36,37,10,31,27,70,55,26,16,25,14,20,15,58,38,39,36,38,23,50,66,21,35,29,26,17
"Gene2842",11,14,13,8,24,14,16,15,17,9,14,8,19,5,18,24,11,28,22,4,12,8,4,9,9,3,18,10,5,4,7,17,16,18,5,10,13,17,4,21,19,11,9,6,12,12,15,8,15,6,15,28,2,16,9,19,6,11,12,3,22,6,15,11,7,13,19,9,19,22,14,13
"Gene2843",158,231,183,161,192,105,163,203,85,207,108,192,159,199,98,187,268,123,321,81,251,145,156,152,288,230,214,226,165,218,201,198,178,102,245,174,182,128,114,162,201,209,139,166,302,136,144,227,370,77,158,130,333,311,154,149,224,156,226,137,101,207,237,185,252,133,186,209,246,179,164,277
"Gene2844",41,100,38,31,39,53,64,40,40,47,61,34,56,43,62,33,72,18,31,56,65,54,60,61,25,30,54,49,62,88,36,39,65,24,66,53,88,58,25,100,37,36,48,43,70,29,33,62,34,47,56,26,51,35,61,54,64,70,47,48,42,35,28,42,54,31,19,45,64,54,65,38
"Gene2845",80,59,60,36,48,63,56,42,48,31,48,38,54,65,33,49,77,96,83,16,28,98,64,62,32,41,33,67,125,103,64,54,24,44,33,56,47,68,66,55,25,55,74,45,38,34,51,71,43,66,62,43,46,70,73,71,26,51,117,74,59,30,63,33,26,28,21,78,53,101,39,47
"Gene2846",103,88,82,131,80,125,166,103,223,69,134,123,100,116,69,177,120,142,68,106,134,178,93,216,190,104,75,46,81,62,77,83,58,182,123,153,97,118,170,93,134,53,64,105,163,105,60,107,68,128,92,59,224,89,136,72,126,111,135,141,145,157,109,104,380,385,434,364,365,374,429,364
"Gene2847",120,122,67,63,60,88,135,94,109,89,111,66,68,81,116,131,80,129,53,89,124,128,99,63,70,109,54,66,96,208,54,152,104,78,111,35,51,97,98,76,60,110,146,65,41,105,93,111,65,72,84,84,137,126,88,68,118,150,107,43,80,72,76,113,73,56,72,137,91,66,124,45
"Gene2848",43,37,22,41,59,50,16,61,56,52,32,50,50,36,49,21,33,42,21,38,12,25,43,26,47,27,33,41,51,36,29,81,52,27,35,41,55,24,41,39,60,22,54,22,31,25,41,37,11,17,35,35,30,64,38,36,30,24,23,24,37,19,67,45,35,65,37,66,40,45,27,41
"Gene2849",10,23,7,8,11,13,12,11,10,5,11,20,16,14,19,4,14,8,10,16,14,9,9,21,7,16,17,15,8,21,18,17,22,8,14,12,12,10,9,10,10,24,15,27,8,23,6,12,20,11,7,2,15,10,15,15,22,8,12,12,18,16,10,20,31,14,7,24,30,15,7,19
"Gene2850",238,254,395,169,111,297,205,208,103,172,293,173,221,373,203,210,237,264,231,120,165,194,240,272,125,151,239,174,258,282,325,236,308,177,189,273,291,191,210,198,299,295,460,138,234,115,98,218,229,313,263,207,137,207,209,202,195,359,136,248,130,187,127,265,322,180,173,240,213,260,132,286
"Gene2851",2,2,16,11,3,6,6,7,10,16,12,6,9,10,9,10,11,2,14,2,6,10,1,5,7,11,2,4,3,9,7,0,4,13,3,8,6,8,8,8,0,11,11,2,8,4,5,8,2,7,3,8,10,7,5,8,3,3,3,3,4,7,7,9,8,4,7,6,10,5,8,4
"Gene2852",312,166,225,159,219,236,228,269,307,390,280,165,400,478,281,441,255,200,382,534,489,407,216,147,474,250,248,381,470,268,332,304,210,91,351,260,305,229,319,221,260,269,235,514,377,206,460,302,495,241,131,207,296,379,318,169,358,278,319,292,389,169,309,250,404,366,450,512,338,224,571,90
"Gene2853",36,30,19,34,24,34,23,25,28,12,29,28,33,41,27,11,18,27,27,63,45,36,26,29,27,40,21,26,29,36,47,31,31,35,48,47,22,15,6,40,26,18,22,11,50,37,36,42,25,22,19,40,23,17,20,26,29,24,37,11,26,38,26,15,19,48,20,29,21,19,17,24
"Gene2854",666,445,872,718,829,1004,507,834,441,318,465,760,573,841,499,518,455,653,627,1185,546,178,522,757,486,386,712,412,793,448,462,363,390,1087,309,542,923,982,926,657,690,1096,978,709,575,843,481,272,299,569,726,700,681,523,1139,820,724,569,822,758,736,840,828,560,3162,3649,4177,2904,6325,5234,3166,4513
"Gene2855",47,17,31,31,52,45,71,12,24,86,26,49,26,21,22,70,48,31,13,38,53,39,44,38,43,38,191,203,123,258,200,188,40,41,15,29,57,47,57,40,38,34,43,41,43,26,39,42,27,33,41,19,76,46,47,21,47,26,44,35,51,50,38,28,68,20,17,52,50,28,74,29
"Gene2856",9,15,25,20,23,36,17,13,26,37,29,16,25,29,28,50,18,23,17,15,34,24,17,35,64,11,26,27,24,14,25,17,35,28,18,27,26,30,25,35,16,41,35,22,47,36,24,26,15,31,31,36,32,17,31,55,21,26,19,41,23,30,33,31,5,9,12,8,9,2,5,5
"Gene2857",23,59,70,50,14,48,57,66,69,77,57,67,99,101,26,88,93,110,39,27,48,44,37,63,61,89,47,79,67,40,84,18,53,82,59,55,42,48,78,44,50,98,86,75,49,66,19,51,62,63,45,41,41,113,37,31,67,64,81,37,37,80,41,44,27,63,48,62,95,49,44,67
"Gene2858",152,439,218,211,184,307,101,221,234,477,366,218,159,100,149,154,230,191,398,156,344,279,170,317,289,259,201,184,147,265,176,112,288,295,237,285,331,298,150,237,224,251,307,197,305,88,280,226,246,172,195,192,456,459,188,211,208,353,237,206,129,295,349,168,197,196,289,341,111,266,366,301
"Gene2859",7,6,7,9,10,4,6,5,4,3,6,8,9,2,11,8,8,4,13,4,6,11,7,7,6,5,4,1,5,1,3,5,7,2,10,6,3,4,9,4,8,7,6,8,9,2,10,4,10,7,12,9,8,12,4,8,2,1,12,6,8,9,4,6,4,2,12,1,7,11,7,7
"Gene2860",41,30,27,25,32,27,19,31,38,50,49,51,51,22,35,61,66,24,29,44,36,40,40,88,22,26,38,31,22,46,37,37,49,47,53,15,26,29,51,63,35,32,43,34,29,28,27,26,31,17,19,40,52,27,46,43,31,56,62,55,60,36,35,34,34,67,35,43,85,33,15,25
"Gene2861",135,89,45,97,44,42,98,64,74,66,78,104,94,32,97,67,144,32,95,54,52,43,78,106,61,45,68,75,71,109,81,108,98,54,59,86,30,58,50,49,68,71,78,98,79,82,105,74,9,13,10,9,14,9,12,6,63,76,60,74,105,87,78,76,471,394,395,499,604,349,440,447
"Gene2862",140,71,49,99,36,37,48,115,45,61,54,45,75,63,61,18,59,61,49,101,35,134,81,50,51,77,71,57,66,26,55,17,82,29,36,49,134,81,86,72,27,74,129,53,112,78,66,62,46,81,37,80,74,28,58,34,59,58,60,39,38,54,75,13,131,60,60,54,44,52,67,11
"Gene2863",71,60,39,72,59,49,71,41,48,80,53,65,79,29,91,45,66,118,67,78,30,78,63,46,46,33,50,60,90,64,30,69,55,22,42,112,72,38,54,102,83,39,43,78,75,69,50,18,70,83,61,55,10,45,57,82,60,60,124,29,39,72,66,44,47,49,57,28,87,59,24,56
"Gene2864",30,47,24,40,33,18,45,24,31,25,22,27,35,31,31,47,44,30,60,38,48,44,12,77,42,60,32,30,26,17,19,33,45,12,42,40,33,42,52,21,32,41,28,30,29,37,58,50,39,28,15,40,40,69,33,87,59,30,14,24,24,28,27,15,25,55,38,40,20,21,57,39
"Gene2865",11,15,5,10,12,18,18,22,5,13,10,16,19,20,10,10,20,9,8,20,11,19,20,24,15,16,6,1,8,13,5,13,12,9,8,14,7,14,7,22,14,20,13,19,6,19,11,15,13,17,9,9,8,14,6,10,15,15,21,8,7,4,11,10,9,6,8,7,19,14,15,16
"Gene2866",1874,1589,1792,624,809,2396,1966,1478,1517,817,2204,1585,1462,1851,2498,1758,1565,2308,2046,1550,1210,1056,907,1517,2283,2580,3216,1387,1326,1950,1926,1378,1820,1766,1419,2467,1039,1423,1414,2052,1517,1311,1357,1536,1819,1399,878,1955,1418,2010,978,1333,1970,1872,1764,1708,2313,1276,1420,1664,2294,2177,1116,845,1732,1264,1545,1130,3017,2214,2087,2689
"Gene2867",16,7,9,15,15,12,2,22,3,8,9,6,7,7,18,9,19,3,9,16,12,19,7,16,5,13,15,8,14,4,10,8,6,4,19,11,5,5,6,13,9,15,8,9,10,3,5,15,14,15,10,7,9,6,12,6,16,3,5,10,14,10,16,8,5,9,20,6,15,11,8,8
"Gene2868",174,84,180,194,205,158,75,133,153,113,321,164,396,100,163,175,101,199,107,257,209,267,210,159,84,297,280,47,141,378,282,253,154,201,208,295,250,124,261,215,100,196,94,180,147,104,144,149,222,239,208,259,197,165,215,103,165,171,111,196,193,127,113,128,345,218,118,210,195,195,211,266
"Gene2869",12,9,16,12,16,9,10,7,13,11,15,12,13,14,7,6,28,6,13,24,15,16,12,8,12,16,6,17,8,17,15,12,11,6,11,7,25,10,16,13,10,7,3,13,17,11,15,28,15,14,12,7,4,13,16,8,10,11,16,21,9,3,15,21,14,9,24,13,9,27,18,13
"Gene2870",4,8,1,10,9,4,9,4,3,2,3,2,2,5,4,3,9,5,6,7,1,3,4,5,6,3,1,7,4,5,3,7,1,4,6,1,4,4,3,5,7,6,4,3,5,4,6,3,5,6,3,5,4,1,4,6,4,3,6,5,4,8,5,7,2,4,8,2,2,5,13,2
"Gene2871",47,68,29,69,102,56,49,69,104,71,73,37,52,59,82,64,22,94,53,79,45,62,118,46,70,51,47,67,59,73,48,63,29,47,61,69,63,54,84,58,63,53,68,67,24,46,52,44,91,71,91,63,81,44,69,25,37,38,61,82,80,96,65,99,33,63,47,87,50,53,71,86
"Gene2872",425,1321,658,668,651,275,371,541,678,569,818,333,601,487,321,757,711,407,799,510,540,615,375,778,404,1260,909,616,460,800,961,456,768,435,626,500,504,332,471,383,434,289,529,392,695,816,851,567,444,565,497,302,766,708,669,560,445,422,584,690,1044,471,231,820,584,749,858,1241,571,893,698,820
"Gene2873",127,90,110,119,109,143,83,149,82,105,130,122,170,98,121,138,175,143,137,56,133,114,122,132,99,137,138,114,97,155,134,106,147,123,163,138,93,116,87,203,91,148,58,65,161,112,190,178,161,145,160,169,106,66,140,70,150,91,55,104,81,91,141,129,118,85,92,76,159,77,83,161
"Gene2874",5,7,8,4,18,9,6,12,4,7,11,11,9,0,5,6,13,7,4,14,4,11,11,10,2,9,5,5,11,5,6,3,10,5,9,15,13,7,8,11,5,10,1,4,6,9,7,10,10,16,16,3,8,9,2,7,4,7,6,10,4,14,7,11,9,8,5,7,16,4,11,8
"Gene2875",7,17,35,20,37,40,27,19,16,18,38,30,25,22,14,27,17,17,26,35,21,21,39,16,29,40,22,35,33,41,18,20,15,14,24,27,13,24,29,36,12,72,21,34,38,15,21,19,11,13,38,40,21,24,21,32,17,27,15,16,17,23,33,29,30,27,25,26,24,11,19,23
"Gene2876",18,14,23,15,16,39,25,4,17,15,22,24,25,7,21,15,15,24,33,19,44,17,23,36,33,16,25,14,29,26,13,24,35,18,18,28,19,22,21,24,24,28,22,19,23,27,26,20,14,19,29,13,23,14,12,26,13,17,14,26,27,28,10,33,20,39,22,42,12,15,17,12
"Gene2877",20,11,11,5,16,15,21,11,7,16,4,13,14,15,9,10,14,12,10,16,5,6,16,16,5,20,8,14,29,11,5,15,15,15,6,18,9,10,10,12,24,9,7,5,19,8,26,16,12,10,18,11,19,9,14,9,7,9,3,11,10,10,22,11,19,23,22,15,13,17,11,22
"Gene2878",175,169,176,73,68,172,208,186,187,238,213,155,178,160,67,170,114,207,226,213,265,228,219,209,160,279,279,266,162,107,120,122,153,138,175,117,154,171,198,170,276,107,158,371,182,114,226,87,86,239,164,172,189,50,173,279,308,41,106,121,178,119,206,204,262,113,204,188,94,139,105,129
"Gene2879",1359,702,1027,1515,1416,1371,1253,737,1803,1308,1174,1303,506,921,2918,915,1414,1285,1695,1413,1605,978,1015,1259,1002,1467,1030,852,711,806,1132,1208,854,1992,1337,1254,983,1170,1122,1038,1261,1032,485,408,1437,1572,1256,1230,1321,1142,429,1734,1157,307,1398,1305,825,2337,602,1240,835,734,1282,641,1150,1358,971,1352,888,1519,1595,1651
"Gene2880",12,13,10,19,3,7,9,9,14,10,6,13,16,11,5,5,18,10,7,9,19,11,14,11,14,3,7,4,16,11,6,11,12,12,4,14,10,11,8,10,10,8,10,10,12,7,13,15,5,13,3,6,3,11,20,8,13,12,16,4,10,13,15,5,8,12,12,9,10,11,10,15
"Gene2881",210,116,150,83,108,136,174,103,210,148,221,155,71,194,145,142,176,71,162,72,122,160,185,166,256,268,132,117,210,120,233,26,220,245,285,142,117,169,198,173,174,58,77,127,190,264,150,183,154,129,302,216,252,133,146,78,176,154,160,170,151,168,131,168,936,997,1250,1307,1123,1057,1171,1387
"Gene2882",14,24,14,9,14,15,7,13,22,32,4,15,16,17,3,11,15,17,12,15,27,11,25,12,22,13,19,9,9,21,22,7,42,29,17,23,17,12,34,8,20,12,10,14,30,10,14,37,6,11,7,20,14,21,9,20,19,10,31,10,25,10,15,16,9,17,21,4,9,32,8,18
"Gene2883",193,235,269,174,296,127,178,237,213,161,153,202,135,187,96,134,195,244,164,213,192,285,184,134,304,236,216,188,226,169,137,66,312,208,241,241,158,111,251,178,69,247,235,176,85,157,137,298,269,181,209,174,157,225,283,295,259,247,233,231,248,183,292,152,156,109,219,190,192,135,161,284
"Gene2884",74,56,75,137,42,83,43,43,73,78,29,64,134,67,89,48,102,117,84,65,60,71,31,79,42,109,44,74,73,20,56,100,100,81,42,74,48,56,51,69,70,41,51,119,101,68,58,56,69,62,65,70,69,50,77,53,48,84,76,64,113,119,51,112,123,45,40,47,50,103,30,130
"Gene2885",74,20,33,51,72,26,62,43,24,24,60,38,55,57,42,57,56,41,66,35,51,39,39,20,13,51,50,12,37,42,54,30,25,42,38,25,54,10,25,32,41,40,32,49,4,34,35,66,62,48,49,44,19,62,44,25,29,53,44,26,34,28,36,34,232,353,230,264,247,318,240,261
"Gene2886",108,111,41,144,58,110,175,114,188,107,133,101,143,194,243,95,246,106,67,164,160,122,150,105,62,112,65,233,155,61,91,86,97,121,40,138,113,96,124,162,183,144,155,140,105,97,121,133,183,159,101,95,113,166,170,57,83,182,131,97,130,137,164,218,158,123,125,65,111,125,86,115
"Gene2887",491,1063,717,1146,1225,300,838,729,591,1525,746,1047,918,826,713,419,1384,683,618,500,607,683,576,845,1210,393,1011,558,656,393,328,1055,1062,308,713,1150,412,899,503,463,1834,615,797,853,1014,892,856,696,1134,641,440,618,924,882,854,1111,778,481,690,1100,882,1004,1014,1327,1019,486,558,476,996,315,964,649
"Gene2888",314,175,195,522,190,323,314,214,328,308,256,399,257,295,234,215,242,322,269,207,269,303,461,192,299,311,263,136,317,338,264,201,155,209,322,155,132,727,162,326,404,499,448,264,192,129,231,462,342,546,360,248,279,273,312,157,163,315,279,563,189,243,222,356,139,386,149,242,393,172,196,301
"Gene2889",40,35,39,31,91,50,35,22,47,41,67,26,31,41,39,34,56,56,41,94,44,34,38,83,58,30,61,27,42,20,37,39,36,41,29,32,52,34,36,34,16,42,38,27,35,75,47,74,51,15,40,93,57,46,39,46,35,45,46,32,53,40,51,54,13,9,15,12,12,9,8,11
"Gene2890",183,108,132,150,110,226,80,149,86,89,86,84,195,99,65,176,111,215,107,154,148,164,87,123,78,68,116,121,150,112,184,157,235,91,98,98,115,153,106,103,79,143,73,173,151,150,131,71,177,114,168,159,86,120,135,118,155,108,61,106,118,139,110,78,130,68,12,146,128,111,107,74
"Gene2891",12,7,10,22,31,11,13,3,7,20,13,10,13,21,13,11,18,16,8,16,22,16,8,16,17,8,11,25,7,15,10,12,14,14,21,9,11,13,16,21,11,9,9,22,13,7,11,16,18,7,11,12,33,6,14,7,12,19,8,7,16,18,20,19,16,22,9,14,6,11,32,12
"Gene2892",85,107,97,98,97,96,94,51,121,54,66,105,99,54,78,53,96,106,69,82,91,60,88,125,91,105,67,118,40,76,70,89,89,113,64,100,76,111,46,41,24,158,48,66,124,137,93,213,56,123,77,35,187,84,34,99,49,96,75,140,92,49,55,24,99,81,100,49,94,113,78,76
"Gene2893",142,203,80,261,159,172,186,114,134,167,203,354,132,108,163,56,111,113,232,281,223,150,220,307,189,342,229,201,111,208,272,204,177,157,146,234,173,187,180,63,107,188,112,247,103,164,166,115,200,257,73,146,59,139,177,251,141,196,156,67,201,175,205,152,94,174,209,78,164,103,136,105
"Gene2894",135,130,122,102,86,109,70,75,104,78,88,89,104,66,159,96,106,31,122,83,100,113,58,35,53,51,150,68,96,61,77,141,74,87,95,61,102,145,104,91,73,74,89,133,64,58,40,84,54,144,83,66,62,96,66,118,71,106,140,145,30,106,116,187,88,137,107,54,107,135,147,63
"Gene2895",21,24,8,33,24,24,39,36,52,43,12,24,17,26,16,23,23,47,39,24,23,31,22,51,19,34,69,27,44,23,23,16,29,11,26,24,40,29,37,28,21,19,24,8,16,36,24,35,26,54,14,25,12,66,51,15,11,31,17,26,25,54,26,24,54,28,31,17,19,32,16,23
"Gene2896",75,42,58,129,32,72,39,39,54,87,88,36,48,61,105,44,86,35,68,81,72,45,53,42,59,70,68,53,26,56,36,27,41,53,54,25,24,49,54,47,81,46,111,33,53,41,71,32,39,43,35,41,35,65,47,65,38,37,72,55,70,56,44,37,42,44,45,58,45,72,35,40
"Gene2897",16,17,35,21,38,23,26,31,28,15,13,36,20,24,16,24,28,36,42,27,25,26,27,32,28,31,19,19,17,36,7,28,33,17,23,19,23,24,22,35,14,21,23,46,35,19,9,24,45,57,27,25,30,15,32,21,41,26,28,21,22,22,18,26,46,25,38,29,49,13,16,14
"Gene2898",121,75,84,100,54,71,77,123,84,118,116,153,96,70,46,107,66,89,71,79,84,83,93,55,65,84,136,119,71,80,101,68,82,74,105,118,79,133,71,77,152,122,41,37,119,120,54,108,99,65,56,92,139,63,120,68,84,58,67,59,83,64,179,68,67,48,63,89,151,95,143,107
"Gene2899",43,51,27,36,64,28,14,23,41,14,30,27,23,47,31,30,39,37,35,54,79,100,39,50,50,39,43,36,48,56,18,43,27,30,34,27,26,34,39,34,31,17,40,30,34,26,27,19,32,49,26,8,39,45,34,85,52,57,43,21,33,51,26,45,26,54,28,71,43,29,66,26
"Gene2900",50,32,51,23,30,45,25,29,30,22,31,39,34,35,38,53,20,44,23,44,68,46,32,24,47,77,37,58,52,37,21,28,62,58,32,16,8,46,49,23,78,36,33,49,57,24,25,44,40,36,42,36,39,66,21,57,67,47,33,31,77,70,31,37,50,73,29,57,19,36,56,51
"Gene2901",29,31,10,28,18,50,28,30,38,37,13,52,17,13,29,12,27,30,60,14,24,34,13,23,18,29,21,20,41,16,36,31,39,1,36,21,17,31,27,33,20,21,46,30,25,18,27,21,40,20,25,32,45,28,17,23,37,20,14,29,18,19,30,25,20,40,37,27,18,39,34,32
"Gene2902",248,401,199,166,232,119,238,108,279,180,151,123,206,220,183,267,327,174,210,248,90,190,220,90,372,148,87,155,352,173,193,249,202,110,225,97,165,135,198,216,177,147,206,123,315,130,213,168,165,203,201,335,150,128,88,219,290,293,183,128,182,267,334,182,105,219,127,220,144,301,204,348
"Gene2903",91,85,83,95,72,61,97,83,42,99,72,28,83,109,99,68,72,73,110,38,94,50,48,116,101,66,99,49,140,48,35,111,100,56,83,93,57,68,98,106,84,131,93,107,93,104,133,88,58,67,46,78,97,65,135,85,65,67,101,99,22,142,65,86,110,43,111,94,106,90,110,81
"Gene2904",24,6,8,13,18,24,10,15,10,14,26,11,28,18,29,28,11,20,22,19,16,17,12,15,14,17,10,24,7,15,9,9,19,15,21,13,25,16,6,34,16,19,16,8,33,26,12,8,26,14,30,24,13,7,12,12,33,12,12,25,14,15,6,13,19,23,21,18,17,10,17,20
"Gene2905",133,28,42,74,114,66,58,92,51,28,110,76,103,72,89,69,38,34,74,35,115,50,79,45,107,45,67,39,63,47,43,66,104,147,58,51,71,165,112,63,105,92,48,82,56,109,59,56,58,62,97,41,83,80,46,25,97,62,63,83,84,53,44,47,83,48,78,99,49,24,63,122
"Gene2906",29,21,30,17,14,21,55,17,16,11,48,33,17,30,32,32,36,44,15,18,24,29,18,28,16,27,21,19,28,31,30,35,37,28,38,24,25,25,32,25,34,14,12,20,18,20,24,33,21,31,11,29,13,47,47,14,56,30,17,19,29,22,21,24,22,28,23,15,34,29,19,16
"Gene2907",53,32,49,43,43,72,61,97,111,50,122,80,91,32,27,47,49,65,33,66,28,31,72,31,37,71,104,38,56,54,43,45,70,79,74,52,85,74,70,106,38,91,89,30,29,53,62,94,44,24,79,67,90,88,55,71,52,62,83,73,88,91,51,84,60,55,24,42,35,56,52,75
"Gene2908",635,406,723,675,535,372,949,541,297,589,615,485,416,555,485,538,567,954,259,378,926,935,571,523,612,389,634,304,530,628,335,425,561,525,391,333,171,577,467,549,482,506,570,463,426,374,418,428,348,1236,441,554,385,404,476,733,248,751,455,726,235,559,460,481,635,432,522,382,679,447,470,752
"Gene2909",19,22,14,7,24,17,15,14,15,13,13,10,28,24,11,15,25,12,24,21,16,12,15,16,10,20,8,16,25,21,10,16,17,7,28,23,22,21,18,17,15,18,29,22,22,21,24,19,5,15,15,5,12,13,18,11,9,27,9,9,12,17,22,20,22,15,6,20,15,18,10,28
"Gene2910",67,109,62,104,56,124,62,43,118,55,53,63,46,61,56,74,92,118,63,63,124,40,71,104,64,57,41,98,74,77,78,64,42,94,124,72,61,54,119,63,64,65,99,72,67,41,84,85,38,74,73,78,66,141,90,64,55,65,84,73,90,59,80,73,452,464,480,524,515,417,493,468
"Gene2911",9,1,4,9,2,6,8,4,9,5,16,23,8,12,15,9,5,17,15,10,19,6,8,10,6,9,10,12,6,10,20,10,5,10,8,6,9,8,10,10,10,6,5,8,11,20,10,7,23,7,7,12,5,14,10,3,13,13,14,7,6,13,4,8,16,7,13,3,17,16,19,14
"Gene2912",88,68,143,93,90,84,105,83,111,99,100,85,166,201,62,112,152,101,28,177,51,117,142,82,233,60,150,60,174,85,65,149,76,151,102,93,145,172,164,176,56,52,192,139,155,103,92,106,115,75,162,226,207,78,168,70,60,89,51,114,96,106,105,144,105,173,120,77,87,118,120,121
"Gene2913",12,7,9,12,15,9,4,13,8,7,9,13,6,9,14,17,11,6,16,3,11,11,5,12,4,6,10,2,13,13,9,9,4,11,9,8,20,13,8,12,8,17,4,7,11,10,16,9,12,23,7,15,6,14,7,3,13,9,5,12,7,19,6,11,6,7,6,14,6,6,12,10
"Gene2914",7,7,3,12,18,3,7,7,6,6,12,6,5,7,2,2,3,3,3,4,4,4,13,12,6,5,6,9,6,5,7,6,7,9,9,14,13,11,3,5,14,4,11,11,2,5,6,7,11,15,11,4,12,5,10,10,10,20,3,0,7,1,7,7,7,9,3,9,6,8,6,6
"Gene2915",75,224,89,83,64,40,126,133,102,95,108,76,161,204,119,74,107,98,109,101,84,115,105,143,105,78,207,78,99,173,184,94,127,137,75,120,102,60,83,62,84,94,71,121,119,71,99,155,106,86,67,153,101,68,155,60,130,101,159,116,148,99,101,105,111,116,74,91,107,66,104,93
"Gene2916",30,16,28,13,49,44,16,20,23,17,23,28,17,31,18,30,13,24,19,16,17,24,26,28,23,9,17,22,14,28,13,24,30,20,20,16,17,19,19,35,13,25,16,30,25,20,20,26,18,20,19,12,27,18,21,21,21,12,25,33,16,27,22,24,37,33,27,24,11,37,25,23
"Gene2917",2,2,10,6,8,4,4,5,4,4,3,3,6,6,6,4,6,9,4,5,2,3,4,3,14,3,5,4,2,5,2,2,9,8,6,8,5,6,6,2,6,2,1,3,3,11,1,6,5,5,1,2,6,5,5,5,7,3,4,7,4,6,5,5,0,6,2,3,6,7,5,4
"Gene2918",15,6,10,17,2,4,6,16,21,7,16,26,9,9,11,9,7,7,9,3,6,2,5,12,14,6,6,19,4,3,20,21,11,9,13,16,8,9,10,15,7,4,6,13,9,18,11,6,8,12,10,10,27,8,13,17,14,9,15,8,9,2,9,12,3,3,4,19,3,12,9,6
"Gene2919",276,131,43,179,127,362,331,138,175,117,171,139,148,118,157,359,175,260,391,133,130,201,125,218,200,80,174,319,200,268,157,116,216,256,234,70,110,230,224,335,164,223,156,102,103,140,170,320,123,165,158,140,114,149,222,286,158,269,119,96,178,219,108,266,249,272,258,157,156,119,124,242
"Gene2920",41,29,48,40,46,47,59,92,34,43,83,101,44,48,93,47,48,57,77,64,75,58,17,107,94,57,85,57,94,61,56,80,91,33,54,85,75,74,96,61,91,45,66,62,74,35,71,69,24,88,73,38,84,63,63,74,28,39,79,60,85,71,32,33,71,51,110,83,83,70,54,68
"Gene2921",111,22,69,81,107,76,57,95,28,62,72,65,73,79,43,101,59,135,82,58,57,82,40,129,84,40,81,65,114,47,45,107,85,93,52,58,87,58,139,99,82,98,75,63,79,51,49,16,63,78,75,93,36,66,44,38,50,67,78,88,30,49,26,41,58,41,80,97,73,92,74,73
"Gene2922",182,107,115,186,142,74,215,197,180,180,152,212,190,139,70,101,257,167,178,142,155,183,58,110,181,161,201,121,210,155,115,99,218,124,175,166,191,156,326,142,106,291,278,181,148,153,226,179,223,247,71,108,204,157,144,198,135,89,135,184,252,148,142,97,167,246,175,142,121,145,283,165
"Gene2923",36,91,63,88,98,50,46,39,42,79,46,183,102,49,78,102,61,50,33,75,60,78,55,74,116,42,71,39,48,63,68,102,39,94,73,70,77,62,63,50,112,114,72,50,73,75,106,41,128,54,67,52,51,67,85,24,105,78,95,45,54,37,67,57,95,69,87,53,38,57,55,87
"Gene2924",2,1,2,1,1,2,0,1,3,2,2,2,0,2,3,1,2,0,1,0,1,1,1,1,3,1,2,1,1,2,0,1,2,1,0,3,0,0,0,2,2,2,1,0,2,2,0,1,1,2,0,0,0,0,1,1,1,0,3,3,3,0,3,1,1,0,0,1,1,1,2,0
"Gene2925",104,71,66,59,77,70,32,65,72,98,60,59,51,64,69,51,32,45,42,46,43,64,103,40,41,65,57,59,41,49,78,54,67,50,82,21,50,42,55,19,53,55,36,59,81,62,60,45,140,188,195,166,175,188,157,207,45,105,60,51,43,61,48,75,58,25,99,54,44,54,42,56
"Gene2926",9,17,12,8,3,8,11,8,9,29,5,7,2,8,13,10,9,19,21,3,11,9,9,5,15,14,10,3,16,16,13,12,11,9,10,10,14,12,17,13,14,10,18,5,19,9,13,19,16,10,4,3,5,14,15,5,6,14,5,10,27,9,8,9,16,3,5,18,13,20,12,7
"Gene2927",30,27,17,12,17,19,20,16,18,15,29,24,18,20,6,15,22,20,12,23,23,15,22,18,23,14,25,23,28,15,22,14,6,17,13,16,12,5,6,12,30,12,17,10,12,15,29,31,12,20,7,12,12,10,14,25,12,16,9,17,19,24,20,30,28,27,17,11,24,45,21,13
"Gene2928",7,13,7,1,8,18,8,8,8,5,11,5,10,12,5,5,6,8,4,7,4,6,10,9,6,0,8,8,10,9,12,9,10,9,10,4,11,12,7,11,7,8,8,10,7,9,6,8,12,7,6,7,6,14,10,2,8,7,13,9,10,3,8,11,8,11,3,16,3,1,13,13
"Gene2929",53,79,77,72,74,75,75,100,130,134,61,26,36,87,43,88,81,64,42,77,109,58,102,128,63,127,115,56,58,60,161,91,119,51,140,60,92,106,49,70,60,175,130,49,63,96,13,115,36,110,92,93,100,69,86,72,82,101,60,36,169,61,119,123,92,62,130,103,66,114,125,41
"Gene2930",1458,511,756,640,1083,787,1011,215,792,962,883,617,1808,401,806,1041,488,511,1035,1004,379,866,1001,486,791,514,1046,924,782,550,1132,298,326,796,614,779,726,318,586,481,597,558,703,893,636,1703,882,1424,706,466,757,751,817,401,1179,395,1648,1156,872,1196,855,1235,668,578,406,983,1566,912,1047,888,673,1265
"Gene2931",81,75,137,77,86,92,70,107,36,54,167,142,97,72,66,67,141,65,77,128,100,123,29,91,79,93,89,91,59,66,107,70,63,64,85,94,83,85,82,51,76,40,75,154,48,102,126,144,81,125,61,56,128,134,100,184,89,100,73,115,95,99,46,49,140,163,93,65,55,43,64,91
"Gene2932",635,588,387,657,638,372,361,968,468,680,453,348,611,692,668,803,345,664,666,619,779,277,593,419,485,440,822,458,837,343,615,236,509,755,341,445,367,1135,610,727,371,620,590,440,280,682,743,507,278,867,324,402,862,306,440,324,727,576,289,460,628,708,666,318,586,195,558,733,209,323,406,250
"Gene2933",46,47,20,17,44,61,35,28,33,69,26,41,43,23,40,12,42,58,32,37,32,61,44,53,18,34,29,49,54,25,36,43,27,31,38,57,46,23,45,63,54,37,33,44,58,26,53,39,30,19,52,41,34,31,19,62,44,45,31,59,72,17,61,52,45,88,47,58,51,59,18,40
"Gene2934",11,9,37,26,19,36,44,24,16,24,18,27,31,10,19,40,30,37,27,34,45,30,51,27,20,35,16,24,9,20,50,16,29,38,30,44,35,34,38,15,48,19,31,31,44,29,33,25,33,19,32,37,21,57,23,30,23,37,47,28,31,37,27,36,8,3,6,3,8,6,7,4
"Gene2935",82,51,223,175,128,328,118,222,111,173,151,52,314,195,117,126,81,114,129,180,143,119,128,197,102,153,74,146,242,210,96,138,136,77,122,170,87,65,87,30,125,133,164,197,204,128,136,109,93,165,65,71,230,116,144,177,68,145,108,71,130,164,175,113,177,138,155,75,239,164,106,153
"Gene2936",18,8,10,5,20,8,16,13,8,6,7,11,13,9,18,10,23,8,10,24,8,15,14,3,9,2,10,21,16,6,20,10,16,16,9,17,31,21,17,15,8,12,12,22,10,10,11,3,9,14,9,4,22,2,11,15,18,21,15,7,8,11,8,12,16,10,8,5,6,10,7,19
"Gene2937",11,19,9,9,22,9,19,10,20,7,12,7,16,18,17,6,17,6,9,15,9,17,13,6,15,14,3,6,8,5,8,7,15,20,14,9,4,10,4,12,6,7,14,18,11,9,14,8,11,7,7,7,8,12,3,12,15,9,13,21,19,9,13,9,0,0,4,5,4,5,2,2
"Gene2938",3,0,2,5,3,5,1,2,2,0,2,2,1,0,1,5,3,1,2,1,3,2,4,0,3,4,0,5,0,1,0,4,2,3,0,2,0,0,1,1,1,1,1,3,1,2,2,2,0,0,0,0,0,0,1,0,0,1,1,1,2,3,3,4,1,2,0,2,1,1,2,2
"Gene2939",3,2,2,3,8,9,3,3,9,1,3,5,3,4,2,3,8,6,1,6,3,3,1,2,0,1,2,3,4,0,3,5,6,2,2,5,9,8,2,3,6,11,4,6,3,8,3,4,3,8,1,7,4,5,3,2,5,9,3,5,3,7,5,2,2,4,2,5,1,8,6,3
"Gene2940",41,18,42,28,25,17,26,18,70,31,41,29,48,34,30,31,18,42,22,37,27,47,21,32,48,27,41,24,26,27,44,46,22,32,28,24,28,43,26,24,69,18,59,30,28,23,34,32,12,43,8,48,26,14,19,30,27,46,34,26,17,18,22,12,34,32,9,21,11,40,48,13
"Gene2941",71,59,22,30,89,47,85,62,91,46,79,86,24,79,33,137,66,58,81,87,32,45,31,61,47,43,68,76,57,73,46,96,63,49,60,95,42,48,141,60,46,70,96,61,37,55,49,81,89,83,51,39,53,49,104,106,42,98,48,63,45,96,76,54,82,107,55,75,45,63,65,103
"Gene2942",32,82,22,50,41,35,25,23,30,46,50,42,10,65,38,23,47,62,32,51,30,21,45,14,22,26,48,28,46,12,26,43,56,21,43,38,22,24,42,45,35,23,30,35,58,36,44,30,35,25,28,18,39,25,52,55,27,28,24,13,46,21,40,37,24,36,28,33,38,36,32,70
"Gene2943",2,5,3,6,3,5,0,5,5,5,7,10,3,4,8,6,13,7,7,4,4,7,5,3,10,8,15,3,4,9,8,4,9,1,9,7,4,1,6,6,5,4,1,7,7,6,4,4,9,7,3,4,9,3,3,4,2,10,3,10,3,5,7,6,1,0,2,0,1,1,0,0
"Gene2944",13,16,21,14,12,16,14,16,9,18,2,9,8,19,13,12,16,10,24,17,27,14,20,18,16,7,18,9,22,17,14,9,8,8,13,11,11,9,11,11,11,16,17,28,14,11,8,17,12,12,10,14,13,18,11,6,19,16,12,6,16,13,22,11,16,6,13,10,5,15,9,15
"Gene2945",28,24,25,29,12,12,11,22,20,11,5,15,34,19,19,7,11,7,19,13,19,29,5,21,21,9,14,9,21,33,17,20,19,26,27,28,9,20,16,14,15,21,14,22,6,16,16,15,27,33,32,19,32,29,9,41,16,20,12,27,13,28,19,9,11,36,25,8,19,22,18,19
"Gene2946",134,136,172,191,111,99,203,213,159,172,153,197,137,189,176,93,116,267,118,143,155,145,164,216,199,168,109,166,216,115,99,307,115,220,132,135,100,180,178,79,164,258,105,80,165,161,214,164,163,227,168,156,203,94,86,77,93,175,273,182,283,133,112,131,98,239,210,136,123,244,247,99
"Gene2947",152,92,60,34,24,50,103,107,80,102,74,49,62,66,78,25,93,45,59,86,77,49,84,72,105,139,55,37,69,117,73,86,61,79,65,47,74,103,60,55,65,85,48,58,122,99,53,135,54,74,84,89,91,33,82,50,24,120,36,59,102,56,126,121,90,85,154,72,32,63,183,79
"Gene2948",12,16,15,14,23,12,26,27,23,21,31,10,30,17,20,9,17,21,33,36,14,25,14,30,19,17,14,17,29,24,18,41,18,19,15,25,8,41,34,19,22,22,21,24,9,17,21,32,27,5,16,18,16,12,21,11,17,17,29,25,12,15,31,25,48,94,85,73,124,107,73,61
"Gene2949",6,8,3,12,5,1,5,6,8,10,8,2,14,5,20,3,8,6,11,7,8,8,7,8,6,6,9,0,13,3,4,5,9,5,5,6,5,6,3,10,7,5,6,2,5,4,2,6,6,5,11,11,7,8,9,3,7,12,7,2,8,9,12,2,3,7,3,9,7,4,8,9
"Gene2950",44,26,37,55,25,27,26,35,41,55,41,36,30,41,27,29,91,30,45,54,39,122,55,54,24,29,69,40,44,48,33,69,58,95,30,39,63,25,38,17,34,30,60,17,33,14,44,59,36,62,28,34,15,24,27,37,29,49,43,42,32,26,54,28,44,39,30,38,63,33,53,51
"Gene2951",5,6,7,10,15,7,1,11,6,8,10,15,5,7,10,5,9,6,9,10,7,7,5,13,8,7,7,3,12,5,4,4,9,2,6,5,8,8,12,5,10,12,10,7,9,8,6,2,9,3,7,6,6,11,5,7,7,11,9,12,6,5,12,8,4,6,6,4,5,9,10,7
"Gene2952",22,18,16,17,16,35,28,27,32,13,20,21,22,12,32,34,10,14,10,28,25,52,30,35,24,22,24,25,23,35,33,12,23,11,29,25,52,46,27,34,19,20,40,33,47,19,21,20,28,22,20,25,42,26,23,33,24,59,17,22,28,13,20,26,13,33,44,19,29,23,19,25
"Gene2953",32,27,19,25,63,57,7,17,55,43,24,24,30,27,53,27,35,74,36,40,24,58,23,17,29,54,45,44,89,28,27,39,53,17,35,35,18,38,21,39,37,37,21,45,37,37,46,43,36,39,27,35,29,37,56,38,44,32,40,71,30,55,26,15,37,52,30,43,30,53,26,23
"Gene2954",385,103,244,244,265,206,193,199,261,140,303,142,149,181,257,166,467,126,111,262,136,331,137,430,128,216,133,123,295,218,170,203,278,259,197,402,316,275,201,138,291,186,246,177,263,269,233,202,326,267,108,90,396,325,473,260,184,134,168,394,405,222,203,148,157,369,239,190,193,129,151,309
"Gene2955",195,208,73,106,350,189,229,122,96,182,186,86,141,124,94,134,92,209,299,102,102,100,64,274,154,127,116,144,168,95,233,154,154,271,175,155,74,83,111,209,144,71,156,176,136,174,110,199,200,92,80,137,248,286,197,140,157,159,133,176,287,210,85,58,223,52,173,200,145,129,158,219
"Gene2956",70,63,101,57,60,50,65,41,43,45,30,43,77,95,46,90,33,47,20,66,68,86,44,104,44,40,67,91,60,130,59,98,117,51,79,91,62,50,45,141,77,77,126,89,63,89,83,46,47,79,65,61,38,113,67,85,83,54,92,82,49,76,61,32,145,82,27,95,77,66,58,80
"Gene2957",44,21,64,31,32,34,64,46,24,41,34,44,30,75,49,54,39,33,12,67,51,44,16,32,57,28,31,11,23,40,52,50,49,37,46,55,29,58,32,67,58,54,45,38,36,61,36,46,27,42,67,60,32,41,43,63,30,46,45,39,37,46,36,36,47,25,40,56,60,30,55,14
"Gene2958",31,23,47,25,27,58,27,27,13,28,34,18,21,59,22,28,31,26,45,27,36,22,91,23,34,19,24,20,23,22,37,29,21,39,38,38,30,25,19,10,16,33,26,20,37,32,14,48,33,30,30,40,24,28,18,55,32,41,25,27,30,61,15,23,40,28,17,24,20,14,29,24
"Gene2959",92,107,107,115,105,100,144,96,122,70,243,101,89,80,177,94,98,75,140,72,72,151,101,107,118,110,118,137,67,109,136,136,139,31,43,75,65,128,78,63,178,106,65,57,120,110,108,175,161,195,121,63,107,81,86,136,69,164,95,108,194,95,103,140,145,99,84,53,113,82,114,128
"Gene2960",11,17,10,4,3,15,4,16,12,10,5,13,5,8,8,6,10,10,5,6,18,3,12,6,7,6,8,12,8,15,6,11,5,4,12,14,9,7,11,17,4,14,10,10,11,7,11,8,5,1,7,14,2,12,9,14,4,15,4,3,18,7,5,10,4,7,7,9,8,3,9,7
"Gene2961",30,73,46,26,38,30,33,24,15,39,72,29,46,54,28,47,49,31,26,31,41,53,32,35,31,19,38,20,25,57,40,47,33,26,42,26,19,48,43,64,26,38,42,42,33,27,34,34,41,41,53,33,19,39,56,29,30,30,29,26,52,16,71,22,34,51,18,38,44,52,27,22
"Gene2962",291,186,346,285,441,196,197,366,202,98,190,141,169,299,341,159,323,191,111,185,162,197,175,288,319,162,349,201,446,140,194,325,400,218,122,91,221,198,179,251,303,350,286,243,242,250,211,279,299,226,296,171,196,171,153,374,478,368,231,329,248,214,138,263,234,134,214,141,294,160,447,235
"Gene2963",34,13,24,20,18,31,18,11,35,4,32,41,8,24,38,14,14,15,15,27,17,18,25,30,31,27,14,17,19,20,16,21,38,15,47,43,12,20,26,16,20,30,11,12,15,13,15,34,11,39,19,28,22,23,5,33,10,25,15,18,4,22,17,21,10,5,34,24,16,21,32,9
"Gene2964",4,12,4,19,7,4,14,5,4,7,13,3,8,11,6,5,5,5,14,7,4,6,16,2,6,11,11,1,13,7,10,5,5,10,9,5,4,10,4,13,11,8,12,14,8,12,14,9,3,9,13,12,14,6,20,10,19,6,14,10,7,8,7,11,5,10,14,7,8,9,15,3
"Gene2965",57,54,57,51,46,63,63,49,90,34,59,48,26,54,37,99,73,28,29,69,86,51,114,28,55,44,38,58,20,109,41,61,39,102,44,75,35,43,60,83,51,67,47,69,66,55,49,60,14,62,83,56,86,82,25,50,58,41,83,60,25,61,50,27,65,53,65,51,39,79,30,53
"Gene2966",43,97,116,53,35,74,91,98,66,50,107,58,88,44,112,97,105,67,83,48,150,42,81,80,106,58,65,53,77,35,86,118,87,105,157,94,52,181,107,55,79,103,112,163,78,93,81,63,112,57,68,71,72,26,76,45,84,100,148,89,90,76,81,35,91,58,46,90,58,89,54,92
"Gene2967",389,360,652,171,443,364,263,432,267,114,179,171,822,416,726,270,278,362,431,652,215,341,301,435,870,425,1043,241,296,600,245,517,389,468,622,280,824,344,848,711,504,414,497,355,195,511,478,495,496,598,747,270,680,332,439,204,596,398,441,496,624,382,543,474,1379,1436,1211,1192,1347,1769,1798,1416
"Gene2968",12,23,28,41,20,7,21,24,18,8,15,24,26,18,24,20,11,11,24,15,17,6,31,22,16,31,19,13,17,16,21,14,18,38,21,25,10,14,24,10,15,22,16,7,11,36,26,12,7,4,23,18,17,17,28,12,11,14,15,29,22,26,22,21,31,59,13,18,18,14,19,20
"Gene2969",21,34,24,48,23,17,38,68,45,19,23,39,30,13,20,67,18,17,37,39,17,24,26,31,22,61,48,19,28,14,33,27,20,47,45,44,39,18,31,20,18,36,33,21,36,18,21,40,49,18,23,19,24,42,25,61,22,30,19,26,48,37,27,27,32,34,20,16,22,30,28,46
"Gene2970",243,165,288,239,319,300,240,195,79,200,184,254,484,200,178,326,294,329,331,76,236,223,120,221,286,249,143,288,309,216,231,230,305,128,239,367,191,191,195,273,276,147,321,182,247,216,235,133,271,526,170,76,104,195,322,298,112,160,151,141,276,241,285,181,176,165,242,225,112,253,312,247
"Gene2971",28,51,71,49,39,30,30,53,62,35,71,48,31,47,44,55,15,36,65,41,14,47,47,22,44,35,24,51,33,59,45,63,72,46,38,12,49,49,32,40,19,43,24,25,44,25,10,49,50,37,35,35,58,45,24,27,40,26,52,11,57,65,42,35,42,17,28,57,76,43,66,66
"Gene2972",114,109,81,63,53,140,56,123,59,120,89,41,94,51,113,88,87,40,63,68,99,40,116,69,65,60,105,61,28,59,88,61,86,42,74,75,49,101,69,49,69,59,44,56,55,35,91,82,58,103,107,58,69,115,93,53,55,64,64,64,99,164,64,25,91,159,123,115,67,103,68,99
"Gene2973",97,97,88,95,64,171,52,105,75,31,86,74,53,241,59,135,70,120,49,130,75,85,90,111,185,24,104,69,99,70,107,151,110,40,89,84,116,63,43,90,77,101,81,57,114,160,96,142,75,57,72,126,122,226,95,97,112,68,113,70,85,75,60,122,140,75,86,61,129,88,122,138
"Gene2974",183,95,244,375,369,340,252,276,195,186,271,224,218,135,288,276,273,248,171,225,214,199,143,139,331,487,278,160,253,295,184,181,157,246,179,576,140,264,336,385,175,235,465,213,339,300,185,102,252,225,218,466,473,478,224,234,281,139,345,255,246,223,212,184,132,205,207,236,270,330,217,256
"Gene2975",218,149,132,155,166,85,98,257,217,183,81,169,242,172,199,176,87,182,130,224,55,137,292,75,155,93,152,200,145,86,188,92,113,79,211,187,148,162,185,270,89,194,82,145,192,151,195,223,216,155,196,108,217,162,132,144,94,82,154,137,280,154,172,255,279,112,212,461,140,163,90,106
"Gene2976",30,93,72,49,40,54,62,97,30,52,69,101,47,77,19,40,61,62,47,83,39,79,68,64,55,45,85,61,69,49,45,30,48,34,57,49,57,46,36,57,34,17,38,48,51,64,45,45,50,35,44,34,73,49,28,25,45,39,35,68,83,96,55,69,61,55,17,36,63,48,55,42
"Gene2977",7,9,11,7,12,15,19,9,17,8,24,20,8,14,3,2,9,15,10,6,9,9,6,12,14,9,4,8,6,9,3,19,16,10,10,15,6,12,21,10,11,13,6,14,18,10,11,19,16,9,15,7,11,7,15,14,11,12,25,17,4,21,3,4,17,7,13,11,11,21,30,11
"Gene2978",36,32,41,48,43,68,44,82,44,36,39,46,41,72,49,51,62,73,44,51,34,99,26,56,45,32,21,28,54,50,36,25,35,48,62,45,21,46,69,31,21,25,33,19,57,104,70,63,35,34,85,85,39,31,77,51,78,82,59,17,30,58,67,37,70,64,50,71,68,50,58,62
"Gene2979",111,181,145,143,120,155,178,198,118,98,96,126,127,291,168,233,86,172,71,43,151,89,149,178,153,140,104,126,195,102,85,67,155,130,127,108,78,94,164,165,65,149,128,238,123,101,101,80,168,98,162,129,75,124,172,93,147,65,126,108,100,166,118,143,110,85,135,141,102,47,57,146
"Gene2980",253,136,229,167,194,370,261,135,104,280,155,271,65,251,300,237,123,330,226,328,310,141,114,174,312,128,212,289,288,136,142,413,229,307,224,331,279,344,225,230,443,162,255,246,145,279,310,177,214,159,385,349,331,160,274,191,182,415,171,270,115,259,201,234,204,220,350,363,230,213,256,253
"Gene2981",115,134,96,114,99,155,59,77,86,103,131,119,136,156,50,158,145,137,128,191,173,187,143,45,170,190,133,110,148,73,78,78,60,177,78,123,113,130,218,155,59,119,111,69,98,96,70,148,105,112,96,72,191,49,140,155,161,104,174,155,130,47,67,138,122,100,117,76,96,121,123,129
"Gene2982",4,9,5,3,10,7,12,12,8,10,16,4,5,12,6,9,3,1,4,10,3,11,9,5,13,11,3,2,17,4,5,6,8,7,1,15,12,5,7,8,10,12,6,5,5,9,2,9,10,9,7,3,10,5,12,3,7,10,6,3,12,7,4,9,8,6,10,6,11,23,9,19
"Gene2983",56,52,104,34,63,67,62,82,19,92,57,26,49,31,85,44,76,73,66,102,100,58,63,96,45,104,64,44,84,44,35,62,52,43,107,32,84,70,42,15,35,85,54,43,72,29,68,31,50,54,39,35,75,27,50,84,50,37,50,27,54,40,49,60,41,92,57,43,40,48,45,73
"Gene2984",17,6,11,12,3,22,31,24,6,7,11,17,18,9,8,7,17,5,9,15,8,29,11,29,21,11,27,15,19,11,19,3,19,11,10,13,11,16,10,20,9,11,21,7,17,21,19,22,17,9,13,19,12,10,10,16,10,12,8,13,16,19,12,20,29,9,33,8,17,12,15,15
"Gene2985",53,26,33,25,26,70,44,25,26,27,38,15,33,10,25,25,20,41,21,22,25,26,14,35,47,17,41,45,40,14,18,13,20,25,30,55,34,16,45,19,39,42,18,39,17,19,53,28,24,38,22,25,6,45,41,21,40,14,40,19,14,32,37,24,25,14,30,64,18,19,25,24
"Gene2986",19,15,4,14,12,12,8,8,8,9,15,10,17,30,12,13,23,22,18,12,15,17,11,30,8,15,9,14,9,11,15,6,7,29,11,24,13,12,29,11,8,8,13,17,9,15,12,15,20,16,8,7,11,18,4,20,19,17,15,9,16,21,7,15,7,11,20,6,24,16,9,8
"Gene2987",546,456,517,335,379,436,533,595,592,448,353,524,211,321,268,575,454,273,422,446,631,236,378,303,261,444,419,446,256,268,291,283,391,403,330,324,272,183,455,429,266,277,356,357,256,311,420,417,603,340,307,285,367,541,226,225,388,427,364,275,393,433,677,531,309,304,466,371,265,214,560,267
"Gene2988",19,32,29,64,14,43,70,25,53,49,22,66,24,20,45,46,27,35,35,43,25,65,46,94,73,45,37,37,47,48,35,41,61,28,45,18,48,47,32,30,46,27,31,53,26,28,22,44,30,59,39,33,32,68,36,34,21,47,39,14,98,48,54,61,57,24,51,51,60,41,48,81
"Gene2989",453,631,393,352,432,597,593,470,810,499,698,396,396,687,766,611,469,261,656,308,750,938,513,633,557,549,814,638,852,318,516,406,413,341,398,262,671,290,871,865,329,721,1055,506,678,475,554,591,593,474,465,652,546,280,688,739,425,452,365,401,702,516,730,393,395,503,331,450,552,773,376,642
"Gene2990",21,2,11,5,9,9,7,5,4,6,6,9,3,0,6,8,6,10,3,4,16,7,14,4,7,13,9,4,4,7,12,5,5,8,9,3,5,9,11,4,11,3,5,5,4,4,11,6,4,11,14,5,5,4,8,8,5,6,6,4,7,3,10,3,4,5,3,11,9,7,8,7
"Gene2991",19,34,21,29,29,17,37,14,14,30,6,30,48,24,22,24,30,9,16,31,20,16,41,28,19,13,40,15,24,13,21,14,27,34,31,23,16,8,14,17,15,41,9,26,15,33,8,33,17,11,9,18,11,12,25,3,17,14,32,27,23,25,21,25,14,11,42,20,33,26,18,19
"Gene2992",170,127,132,68,134,257,71,97,149,104,233,79,167,117,158,194,187,68,174,228,150,248,98,200,171,181,138,194,227,135,126,225,167,149,224,130,79,132,154,112,120,280,138,195,80,73,137,148,167,116,138,154,144,168,134,125,134,131,138,174,166,118,129,159,50,44,34,35,44,31,49,48
"Gene2993",45,22,26,22,30,19,29,11,34,20,22,28,21,43,35,30,35,29,45,26,30,35,29,55,14,24,48,14,25,16,57,24,34,21,31,51,20,25,53,28,17,59,12,35,22,27,32,25,33,28,22,25,13,21,28,38,52,42,31,40,20,29,18,31,25,33,39,18,23,14,49,25
"Gene2994",609,699,469,690,647,355,883,379,299,437,367,768,640,450,551,623,313,283,355,1155,521,767,828,538,529,566,694,262,243,314,446,758,1321,788,890,469,673,766,1260,1325,932,926,853,509,661,520,528,448,601,664,492,627,244,528,1318,793,498,757,866,321,587,915,504,645,601,425,667,668,776,335,575,562
"Gene2995",21,10,26,21,6,26,32,15,19,40,29,35,27,11,23,26,31,20,30,26,17,17,27,38,32,12,18,25,17,37,18,15,20,11,37,15,15,32,17,32,27,20,41,5,7,38,18,26,34,20,27,19,11,36,16,48,32,31,39,25,15,21,13,28,18,37,17,8,42,43,32,14
"Gene2996",6,5,7,8,6,3,1,6,3,6,5,4,3,2,7,10,7,6,4,6,4,3,6,8,5,1,4,2,8,3,0,1,5,2,2,5,3,2,7,3,2,3,7,5,2,1,5,3,2,2,0,3,5,2,1,6,3,11,2,3,2,3,3,3,5,5,4,1,2,5,9,7
"Gene2997",21,72,50,98,25,80,35,40,58,29,64,22,80,25,74,83,54,82,64,29,50,52,26,84,33,56,59,42,65,23,40,37,55,40,24,31,58,53,82,45,45,86,72,47,61,62,40,13,43,67,76,40,38,23,82,69,29,44,61,41,62,25,39,45,49,30,38,42,28,18,25,98
"Gene2998",44,48,26,26,64,41,49,53,12,18,50,15,26,21,33,19,47,39,13,32,25,23,31,27,40,50,41,62,36,48,20,43,24,23,32,24,40,31,38,23,54,22,42,24,38,29,57,30,36,62,36,23,34,33,66,23,27,21,40,37,38,52,49,41,20,26,27,35,34,19,14,20
"Gene2999",54,72,64,56,34,29,67,51,52,42,61,41,34,39,40,41,53,43,48,62,31,32,76,32,29,34,59,66,41,44,50,9,58,37,41,33,17,69,56,32,78,40,48,32,50,41,21,39,106,33,37,32,35,71,49,28,68,62,35,48,31,39,54,19,66,30,62,29,73,66,59,65
"Gene3000",16,17,21,29,18,16,16,36,25,23,18,15,14,11,33,38,20,19,34,12,17,19,31,46,13,20,15,11,15,14,20,19,15,23,15,18,17,22,31,15,23,6,10,13,17,19,10,13,20,24,9,18,35,11,17,29,17,12,19,18,20,26,17,22,25,18,31,28,11,7,14,14
"Gene3001",20,20,30,42,21,7,18,25,45,50,35,37,17,20,15,6,24,24,17,13,11,38,35,22,39,24,26,36,31,25,30,29,22,26,36,16,7,42,20,12,18,21,18,26,19,29,39,26,29,13,32,17,29,24,13,7,41,26,24,56,14,11,54,24,34,47,41,39,43,40,17,33
"Gene3002",9,19,19,27,17,15,29,13,23,20,27,30,43,28,18,16,32,25,24,28,39,33,32,29,28,17,25,19,13,21,12,34,28,18,19,19,25,31,9,19,29,20,14,29,30,13,24,11,37,21,32,21,9,21,13,11,31,62,22,31,13,6,23,9,22,20,21,32,16,19,34,19
"Gene3003",32,16,44,27,60,34,31,57,40,23,18,23,33,39,32,40,35,62,59,28,54,38,50,38,16,22,24,33,14,32,17,51,38,32,14,79,25,43,58,30,59,50,34,24,28,54,33,59,43,52,32,34,39,30,35,32,32,23,43,30,43,15,23,54,27,29,32,34,24,47,58,36
"Gene3004",5,12,16,9,14,12,22,5,13,18,11,17,13,9,16,4,27,13,11,14,7,11,22,25,9,13,13,10,21,12,7,13,12,24,7,10,11,7,9,16,16,25,6,17,13,5,10,17,20,19,6,12,5,16,11,13,15,13,12,18,8,10,9,12,15,13,28,15,17,18,14,7
"Gene3005",252,238,166,84,146,226,208,148,149,236,452,260,245,291,140,276,185,315,199,133,214,262,328,187,252,290,223,294,185,191,225,187,208,200,138,158,250,125,293,350,339,118,242,325,216,225,165,240,171,237,134,320,96,241,70,296,196,336,231,145,160,209,290,256,165,160,124,203,138,278,225,246
"Gene3006",23,16,20,18,21,19,21,23,17,39,21,16,11,19,6,26,21,28,23,21,16,19,21,16,16,26,14,8,18,21,16,26,28,18,30,26,7,13,14,15,12,23,18,13,30,18,18,6,24,6,10,30,12,13,15,17,7,19,36,18,14,62,27,18,19,20,27,10,32,16,32,24
"Gene3007",178,120,310,315,295,295,109,232,294,252,443,333,293,205,329,266,120,285,168,392,310,271,216,221,224,177,252,251,217,283,236,486,315,147,374,358,301,117,266,251,344,162,249,268,227,158,316,116,256,183,268,341,349,347,224,264,545,213,225,263,291,113,134,230,123,304,125,575,180,296,387,167
"Gene3008",10,12,7,12,15,9,6,17,12,7,10,14,9,5,3,13,10,10,8,20,13,14,12,20,8,16,8,18,10,13,5,6,9,9,8,15,8,9,11,8,6,9,11,9,2,10,15,18,16,10,16,14,4,8,1,6,6,15,8,6,3,5,7,13,8,6,22,8,6,5,6,6
"Gene3009",228,192,228,84,159,79,100,199,206,134,76,159,202,126,137,113,154,213,95,52,109,298,206,121,173,128,108,136,232,141,87,209,131,99,132,214,171,108,303,65,297,184,158,186,212,114,67,194,66,128,164,139,73,106,116,94,67,93,142,169,159,128,55,107,154,258,96,186,153,150,161,241
"Gene3010",29,17,25,19,35,32,31,20,21,35,10,19,19,21,10,25,25,14,14,28,22,36,27,17,39,42,41,23,31,29,40,14,16,40,50,12,23,26,36,8,20,42,56,27,31,16,22,33,40,17,13,18,18,22,12,34,44,44,31,21,24,25,45,16,18,23,15,28,30,15,22,20
"Gene3011",98,79,77,118,83,37,29,45,69,51,33,83,70,124,38,92,91,54,96,62,65,84,67,52,86,81,43,32,65,51,71,35,62,43,142,31,54,69,123,38,53,37,70,38,56,81,58,69,62,85,74,128,90,44,48,34,49,46,154,59,51,36,55,132,106,114,45,60,73,56,67,88
"Gene3012",134,190,105,75,94,107,190,92,71,145,143,156,76,159,139,236,86,100,105,167,171,42,82,118,80,137,185,231,213,165,151,134,174,107,63,150,156,213,117,119,203,98,145,160,103,134,76,121,73,150,78,83,171,100,69,79,160,116,94,167,202,164,172,116,201,137,193,130,203,173,106,106
"Gene3013",18,13,17,10,11,23,9,24,14,16,23,18,16,18,13,23,14,21,22,36,19,10,21,20,13,16,20,25,28,19,16,7,18,15,12,10,17,18,16,17,16,23,12,17,10,16,19,25,17,9,18,15,11,25,17,16,7,20,8,12,17,22,34,22,19,16,31,10,17,17,15,14
"Gene3014",77,74,100,72,27,48,70,43,38,62,26,146,36,48,94,102,47,118,80,94,89,65,92,82,77,109,79,60,113,37,84,32,68,84,51,119,119,75,53,97,89,82,81,86,64,84,79,67,471,323,492,307,279,442,245,334,49,119,23,97,94,61,38,88,48,90,61,89,73,119,69,29
"Gene3015",65,47,56,26,54,33,57,85,49,67,61,111,62,60,35,62,56,45,44,41,93,55,53,65,55,76,33,51,44,41,51,39,18,105,39,41,32,75,38,63,79,48,86,70,65,58,42,87,72,41,30,76,27,56,72,37,39,55,58,32,56,15,58,59,60,31,55,71,27,63,64,41
"Gene3016",16,8,10,29,21,12,12,3,9,8,17,15,26,25,11,13,8,16,18,8,22,19,15,21,33,11,21,20,28,10,24,16,10,16,22,9,27,18,6,13,23,5,12,10,20,21,15,9,22,16,15,17,11,8,23,14,16,15,10,8,17,9,14,21,14,23,12,6,3,16,16,14
"Gene3017",128,222,65,93,107,93,84,93,156,31,110,95,148,131,138,88,40,62,53,137,150,116,98,96,123,103,91,71,43,92,65,92,91,76,93,120,100,69,63,74,75,111,52,86,98,128,72,140,155,85,87,68,142,57,61,82,139,31,172,126,98,88,44,181,57,50,154,158,78,63,113,162
"Gene3018",1,5,3,7,1,5,3,2,4,2,3,10,2,5,4,4,1,6,2,3,0,7,2,0,2,3,7,3,4,5,2,2,1,5,3,3,3,1,2,4,7,4,3,5,7,3,1,4,1,3,2,3,4,3,3,2,3,2,3,0,5,2,3,2,2,1,0,4,4,3,1,8
"Gene3019",363,225,281,616,273,382,336,330,166,294,500,269,225,419,117,195,270,360,245,508,463,577,357,496,340,468,410,272,404,398,498,320,266,454,277,273,174,295,302,264,667,507,417,383,424,241,273,429,528,293,350,394,295,324,324,245,150,430,357,410,371,499,209,315,196,117,330,625,404,489,482,180
"Gene3020",168,428,218,306,166,277,234,466,264,339,261,208,159,41,269,160,263,152,211,194,243,419,134,202,135,161,309,163,171,310,275,485,123,280,229,209,358,76,228,259,280,188,261,240,133,275,161,320,300,288,225,182,221,149,248,191,359,327,110,83,74,208,116,429,208,387,208,332,154,303,427,116
"Gene3021",32,48,27,47,41,47,31,52,17,19,54,38,23,48,45,38,42,20,47,92,9,28,45,48,37,46,44,44,69,41,32,39,62,43,54,35,42,50,33,65,42,34,22,42,50,87,58,19,56,19,66,38,54,70,36,22,25,36,18,23,54,31,27,68,61,31,46,39,57,65,41,41
"Gene3022",29,21,39,34,23,24,28,24,25,32,46,67,31,35,46,36,27,17,38,31,9,70,42,24,23,37,55,16,33,22,39,6,26,17,18,47,45,29,20,26,54,30,24,23,11,20,31,51,25,26,38,49,42,16,28,55,25,20,32,23,53,31,25,69,19,33,19,47,48,37,17,37
"Gene3023",45,66,75,122,89,143,138,64,80,71,96,84,50,100,80,118,37,70,53,60,32,95,51,43,145,95,59,89,107,71,52,108,64,98,124,88,128,91,65,87,63,76,101,83,141,55,80,36,100,94,74,69,92,111,85,100,112,133,99,76,101,77,69,69,114,78,78,148,80,93,126,84
"Gene3024",35,11,40,45,8,16,35,28,37,34,23,27,32,53,26,27,38,29,37,39,30,34,22,21,45,28,34,31,20,32,51,8,32,37,45,25,44,36,16,35,37,19,18,22,16,12,53,20,33,22,20,32,21,42,15,11,28,20,38,25,21,42,28,22,22,24,42,29,14,32,19,37
"Gene3025",32,34,21,31,24,37,42,60,31,52,52,41,33,51,47,44,29,43,33,31,21,50,53,25,56,47,47,47,67,54,45,15,20,46,61,36,25,47,64,51,26,67,14,36,30,27,68,24,27,50,37,19,43,16,84,29,38,42,86,78,24,48,22,30,60,43,60,52,60,21,59,19
"Gene3026",63,81,75,51,46,76,60,93,60,51,65,38,53,56,104,42,68,41,55,74,25,44,76,85,42,83,61,56,55,75,23,58,52,44,90,58,56,66,35,124,48,73,51,134,118,65,44,72,53,57,75,35,100,65,57,56,13,38,58,67,58,47,35,73,112,97,116,86,140,66,69,75
"Gene3027",37,45,25,68,57,60,30,36,35,62,31,33,40,68,52,23,78,43,45,20,40,47,44,33,46,48,46,32,52,50,40,67,39,62,71,54,46,21,42,34,33,45,80,57,61,33,27,33,63,41,32,33,65,57,43,32,73,32,37,41,53,57,41,46,34,47,37,41,75,49,31,53
"Gene3028",435,293,626,541,569,225,608,447,592,356,308,254,430,651,441,488,401,417,359,745,342,499,226,661,667,533,400,283,287,657,544,525,294,471,484,425,322,519,604,624,248,413,529,300,487,433,232,321,418,239,624,358,177,532,421,516,775,532,158,361,368,263,250,411,357,388,511,356,346,496,490,360
"Gene3029",35,37,20,50,32,34,36,39,43,21,70,40,29,36,31,19,43,25,52,39,41,42,63,41,32,35,50,44,16,45,13,28,17,42,26,38,49,23,30,29,16,21,22,43,51,42,21,18,26,30,67,30,55,25,39,21,35,27,32,20,41,62,21,14,22,37,26,42,37,43,27,43
"Gene3030",48,18,18,23,27,16,19,26,15,23,20,14,16,17,20,16,10,16,15,19,8,16,9,16,14,22,19,20,13,19,14,6,14,13,19,31,13,14,30,12,37,17,22,12,15,24,18,18,6,7,12,11,11,4,16,18,26,15,26,21,31,27,31,23,89,86,83,126,89,131,109,134
"Gene3031",12,11,25,15,23,19,15,17,18,10,11,30,21,15,9,22,11,8,15,12,13,16,13,12,8,20,10,8,18,15,19,12,10,9,19,17,7,20,9,16,16,26,18,19,9,4,5,16,12,7,1,12,12,21,21,6,32,22,13,24,26,25,14,17,18,17,12,14,21,20,12,13
"Gene3032",60,20,23,12,17,20,33,28,33,31,21,27,11,28,32,50,25,12,30,39,27,27,14,24,34,24,26,15,39,32,9,42,10,63,34,24,13,17,28,46,33,43,25,26,22,22,25,28,3,4,2,2,0,3,10,3,39,34,33,38,33,13,9,42,13,39,25,37,26,34,23,42
"Gene3033",18,12,21,34,23,12,15,10,18,17,16,27,17,17,19,30,7,24,13,21,11,11,18,22,18,29,17,13,24,14,14,16,15,19,4,32,11,5,21,12,18,11,16,13,11,11,16,16,3,5,5,10,8,7,3,7,17,24,13,12,14,17,30,20,26,14,12,11,6,20,14,23
"Gene3034",213,161,192,104,89,164,113,119,276,139,127,130,97,222,329,146,77,180,115,204,170,119,120,120,183,207,131,116,138,205,93,293,103,160,246,105,189,156,164,203,116,63,170,258,122,215,359,261,235,168,205,210,95,38,208,212,198,84,181,220,138,209,123,97,292,272,112,161,186,239,183,369
"Gene3035",125,107,77,58,51,88,80,38,90,73,95,77,64,49,108,62,42,66,82,113,45,74,41,66,116,78,48,62,88,65,97,74,58,66,138,67,85,33,70,68,60,63,78,85,46,46,72,69,58,95,69,107,60,89,46,27,60,68,28,85,53,57,26,74,109,61,77,67,160,78,53,72
"Gene3036",29,28,34,69,76,14,27,65,31,53,25,70,56,61,64,45,51,40,60,69,68,62,69,45,52,37,50,44,37,73,52,40,40,58,68,106,74,68,35,61,60,39,67,69,49,78,35,58,31,28,67,39,44,34,31,35,46,35,38,27,69,38,103,64,57,22,62,38,46,52,42,62
"Gene3037",83,57,41,55,32,37,47,48,64,64,54,48,46,81,34,41,71,53,25,50,51,20,65,63,65,83,74,53,44,23,89,47,24,70,41,69,63,69,57,45,29,49,77,35,38,53,79,109,54,101,30,53,50,58,62,52,82,58,58,52,39,13,71,50,33,17,75,57,34,71,66,37
"Gene3038",23,23,11,28,15,3,8,15,14,20,27,23,20,19,28,40,13,12,24,14,20,36,37,30,25,35,24,24,22,28,8,16,24,15,3,17,15,16,13,21,20,12,19,29,16,8,23,23,10,20,19,17,8,24,18,22,26,25,19,7,16,18,25,25,15,17,15,6,15,16,27,22
"Gene3039",1194,846,697,627,1003,621,1533,860,738,1127,934,764,2066,1048,1113,731,895,984,740,961,1015,623,1274,1356,1016,825,1106,1337,644,1063,1077,1023,876,914,909,1303,1148,768,987,1156,1057,1084,1396,895,794,788,838,1256,450,851,815,1137,1261,1472,1728,726,1302,692,619,675,1294,881,385,1953,1338,1155,535,864,846,463,1604,1335
"Gene3040",127,187,137,144,98,84,241,207,143,92,98,71,141,131,258,166,173,200,119,222,165,78,100,149,148,233,162,100,247,154,124,189,245,55,118,160,128,137,89,236,151,87,124,201,77,178,98,101,138,173,242,237,176,174,112,214,291,222,98,276,143,184,79,180,103,87,145,222,172,190,100,125
"Gene3041",116,145,122,91,86,74,149,105,175,76,126,151,121,262,122,103,186,50,126,214,84,149,173,204,113,130,176,76,182,164,172,165,79,164,109,58,246,91,120,96,165,263,93,181,139,150,169,49,147,80,106,185,114,227,177,153,60,93,94,45,145,196,158,78,154,197,205,141,96,184,79,218
"Gene3042",47,64,72,94,64,83,41,69,71,54,84,34,80,76,57,56,83,73,59,113,111,43,92,58,77,37,78,67,71,54,101,63,85,77,88,46,107,60,54,91,56,71,42,114,55,81,50,60,89,57,92,85,67,52,51,35,65,36,52,71,67,93,65,39,67,41,26,95,63,67,72,77
"Gene3043",97,66,47,70,88,66,59,70,41,79,61,76,64,46,94,111,49,43,93,49,106,61,51,30,133,43,73,69,60,88,114,72,100,63,35,23,75,109,47,61,54,94,51,56,74,77,81,60,107,63,53,42,64,79,47,52,60,129,56,64,88,63,76,78,67,71,55,74,81,35,69,63
"Gene3044",149,119,107,136,93,132,199,71,140,111,105,97,131,97,125,163,62,130,86,87,152,98,106,61,104,159,112,125,104,95,130,122,128,194,130,168,44,78,147,110,117,121,195,143,140,183,75,129,58,97,131,160,77,122,100,172,148,157,137,100,181,94,78,206,143,60,102,125,86,145,154,117
"Gene3045",61,136,136,97,94,87,124,71,119,75,101,177,64,85,47,60,71,87,48,71,50,107,58,54,51,70,56,97,140,70,87,67,46,46,94,78,58,118,90,138,56,105,53,82,64,146,96,64,133,107,113,92,102,82,61,65,104,87,148,93,137,51,128,123,81,88,20,61,52,69,104,90
"Gene3046",63,140,169,54,157,186,97,188,135,205,138,124,149,129,135,140,108,198,177,112,130,148,111,236,116,64,82,94,135,167,78,96,123,114,151,235,154,130,270,103,146,195,152,185,86,100,98,100,327,126,102,148,214,98,115,120,166,144,119,199,146,129,94,233,300,104,107,137,70,107,85,71
"Gene3047",18,34,31,61,36,28,22,35,40,38,31,53,22,18,18,52,34,48,24,29,38,52,24,26,15,22,37,45,14,39,15,35,52,21,24,14,41,40,31,30,76,54,29,7,19,47,27,40,36,57,58,17,13,27,36,36,29,34,47,59,44,40,15,20,16,17,37,17,29,49,29,24
"Gene3048",200,264,156,368,257,293,154,230,342,245,136,260,341,175,185,174,235,147,505,249,126,262,197,246,220,300,312,359,222,373,381,246,613,168,81,278,464,294,428,208,150,293,182,299,359,173,187,242,138,305,221,301,123,241,283,217,280,227,334,133,261,260,348,253,475,390,297,246,230,250,125,346
"Gene3049",7,9,21,4,6,17,8,11,6,8,2,10,2,7,14,5,3,2,9,6,14,21,13,12,10,8,9,5,12,9,10,12,7,8,15,3,6,12,15,21,7,10,11,19,5,12,11,18,3,8,12,5,2,3,14,9,10,4,5,22,14,11,8,7,5,7,19,12,14,7,17,11
"Gene3050",369,459,758,748,461,514,736,505,447,916,737,1079,760,560,217,479,348,489,759,349,833,548,521,314,304,496,728,401,398,467,189,414,665,470,459,536,599,441,1093,648,183,607,503,453,591,329,448,515,572,458,860,508,740,476,721,360,163,394,361,403,469,438,443,527,627,671,470,434,271,491,279,513
"Gene3051",73,83,35,29,21,71,27,49,35,37,51,94,36,28,49,62,40,80,31,52,36,61,54,25,45,20,27,71,52,60,32,37,42,49,45,70,68,44,55,26,42,37,35,47,32,54,53,49,32,38,23,52,72,35,34,76,32,87,51,44,43,55,89,67,31,50,37,53,88,38,55,28
"Gene3052",51,39,51,37,78,55,59,39,48,58,66,99,66,117,115,93,75,44,57,55,52,39,39,80,47,86,64,111,41,80,93,77,83,56,83,95,57,86,61,110,81,91,54,41,115,38,71,78,35,26,67,62,66,48,44,96,68,68,78,78,60,71,66,50,186,218,180,239,221,303,275,282
"Gene3053",48,68,65,85,31,48,67,35,51,41,49,74,52,51,36,68,57,19,64,71,37,27,59,51,33,44,62,42,58,36,18,27,54,69,61,44,77,54,30,51,60,39,30,48,72,58,46,52,31,49,48,75,48,61,83,51,21,51,68,90,60,46,16,29,90,47,35,55,48,30,32,39
"Gene3054",7,21,26,13,14,4,4,10,20,9,16,10,28,10,12,17,14,18,37,27,16,23,28,23,23,24,25,40,26,15,11,34,12,32,36,16,18,18,9,19,9,38,14,14,18,23,8,16,13,20,22,13,21,21,25,20,17,14,11,19,8,14,8,8,26,9,25,45,24,11,28,8
"Gene3055",38,8,37,57,31,42,23,20,14,35,51,34,33,17,49,35,28,67,27,19,22,25,8,32,15,27,42,33,30,28,31,23,45,33,24,33,28,23,23,28,23,20,34,27,29,28,91,24,38,26,30,65,22,34,32,17,34,25,47,44,25,21,35,29,31,46,44,34,35,47,27,52
"Gene3056",298,270,360,267,199,439,512,330,363,405,316,321,472,410,255,243,412,265,357,455,457,473,324,159,239,402,153,414,388,289,468,367,352,276,328,421,363,319,708,304,183,431,239,301,264,274,441,207,230,398,576,494,240,140,358,196,361,234,279,340,220,406,187,449,219,312,422,317,297,442,203,173
"Gene3057",454,824,506,493,929,674,699,324,377,778,557,859,664,409,694,298,489,666,637,860,345,884,255,487,583,880,1155,340,658,1378,929,784,833,785,583,571,856,830,508,957,544,279,491,622,967,705,655,764,553,668,432,530,362,552,602,606,490,377,673,381,835,795,542,677,320,1059,336,988,616,835,759,268
"Gene3058",11,13,17,20,14,8,17,12,12,25,7,13,29,19,18,8,17,9,25,10,21,9,10,24,9,7,28,17,24,13,13,6,18,15,16,15,24,6,13,19,9,12,14,16,21,17,24,14,23,5,14,20,17,27,6,14,19,11,5,20,17,14,18,23,11,13,23,25,16,12,27,29
"Gene3059",93,77,72,150,51,89,80,135,95,32,94,71,110,116,56,66,47,77,136,98,81,86,112,134,69,67,78,52,73,62,105,97,85,44,112,70,80,121,109,29,115,106,94,56,58,114,98,65,101,148,172,31,41,105,105,128,80,94,21,51,111,67,64,51,48,92,135,75,132,120,72,96
"Gene3060",29,29,33,24,26,22,33,22,23,62,26,53,16,23,28,25,42,34,3,24,14,39,23,19,37,21,31,37,46,29,17,17,30,45,23,20,28,27,42,28,48,38,27,27,19,12,26,25,36,32,24,26,30,47,13,25,28,29,34,24,24,30,27,32,16,40,54,34,28,18,29,41
"Gene3061",93,42,70,39,49,106,47,45,36,74,51,29,69,68,58,106,63,76,88,42,97,44,26,39,28,65,62,40,84,91,61,29,64,110,56,44,101,45,68,87,61,54,68,73,98,89,45,58,76,49,70,61,37,43,83,87,52,63,45,71,33,92,81,51,51,51,25,38,66,103,55,45
"Gene3062",84,84,101,69,58,102,39,124,67,45,76,103,124,100,129,88,61,49,98,156,157,56,44,35,100,49,119,62,83,125,112,69,139,54,59,55,26,87,134,88,109,97,96,68,126,82,63,160,80,45,130,82,70,75,64,60,79,122,90,111,87,122,52,27,116,57,99,112,72,77,80,62
"Gene3063",24,31,5,15,48,25,40,54,22,27,26,47,33,32,19,34,22,26,12,34,14,12,27,35,50,27,45,43,22,32,63,7,27,22,26,39,10,47,23,25,32,25,30,13,31,26,36,28,16,25,22,21,30,19,31,30,44,18,35,23,23,14,21,31,20,47,29,29,56,26,40,57
"Gene3064",89,97,91,51,121,46,111,52,79,61,66,91,38,48,32,117,92,122,44,90,50,67,118,85,55,77,78,43,114,72,116,62,91,66,88,119,110,44,113,101,81,83,72,85,132,53,88,71,49,123,73,69,31,44,30,93,69,24,74,59,38,58,114,44,48,57,88,48,114,141,67,59
"Gene3065",465,331,288,278,486,546,468,501,258,272,295,361,547,385,278,534,327,582,252,383,311,595,581,339,615,414,727,311,249,349,235,375,573,194,331,287,439,323,370,361,316,259,564,274,376,472,743,619,507,723,383,382,325,531,742,472,450,328,290,481,346,417,420,460,362,548,357,249,606,699,566,684
"Gene3066",20,12,9,22,21,20,21,12,13,8,20,16,11,9,11,10,36,13,10,16,24,12,10,11,15,13,20,15,18,8,17,8,17,12,7,13,28,17,10,12,6,14,8,20,20,18,20,7,11,21,11,21,8,27,3,29,7,23,11,19,14,19,11,11,20,18,12,10,25,8,8,17
"Gene3067",51,47,22,21,46,31,9,39,35,31,26,34,22,58,28,25,35,87,25,23,43,47,28,24,23,37,21,11,38,24,22,43,49,29,33,22,16,29,56,44,32,51,47,22,25,46,20,39,54,25,31,52,32,50,55,51,35,48,34,40,28,22,27,58,72,55,32,18,75,29,64,58
"Gene3068",51,78,92,100,84,78,32,80,78,43,47,59,104,50,136,79,106,99,60,58,85,77,79,76,64,83,103,89,74,67,53,120,111,49,77,71,37,76,56,56,33,121,89,125,27,25,87,117,39,75,98,79,81,47,69,90,98,87,112,82,66,54,109,103,59,79,16,63,111,92,27,145
"Gene3069",50,79,85,93,146,160,74,118,140,88,94,88,64,115,147,71,100,52,59,82,92,94,67,90,52,73,33,87,69,17,123,76,74,85,113,100,45,46,67,177,91,47,78,64,106,31,46,89,76,87,91,65,80,73,77,60,56,83,76,58,57,84,101,79,65,87,115,72,95,78,56,30
"Gene3070",46,56,50,75,43,23,26,57,70,80,47,32,31,45,84,27,34,34,57,36,73,53,25,63,25,63,44,50,75,57,67,49,54,73,28,39,79,60,66,42,28,82,78,38,45,75,113,80,52,36,36,99,55,65,87,45,51,59,58,82,42,49,69,64,53,57,51,81,14,41,79,102
"Gene3071",42,78,94,97,38,109,82,72,71,41,102,75,60,71,51,81,104,121,102,79,70,83,87,52,94,129,103,67,98,70,121,87,89,109,98,70,58,105,91,64,55,109,118,36,59,139,96,94,100,79,81,117,52,59,41,84,61,99,42,53,71,43,69,85,70,146,37,57,98,95,49,42
"Gene3072",42,59,46,56,24,46,84,53,29,13,48,27,46,47,30,36,33,60,55,48,59,35,45,26,38,49,81,34,48,26,29,29,16,54,32,22,47,62,62,36,81,45,65,49,48,29,31,44,41,50,46,32,51,65,23,25,24,58,16,48,49,71,32,23,96,44,37,56,61,53,36,51
"Gene3073",36,95,91,46,49,95,108,46,56,68,106,53,106,32,28,52,48,54,77,68,44,51,25,53,74,101,28,91,56,65,66,85,54,62,83,68,129,46,72,40,77,65,62,64,74,65,75,42,64,123,27,42,73,56,70,51,41,63,32,95,63,40,68,96,41,65,71,63,29,52,53,68
"Gene3074",56,69,42,44,43,52,25,60,24,42,63,52,80,22,39,53,54,26,61,37,46,43,34,51,36,37,37,43,39,59,70,57,24,15,15,67,84,71,51,71,70,40,101,89,88,31,58,50,68,68,74,94,63,55,24,24,57,41,30,45,52,63,85,36,53,52,41,38,52,34,60,59
"Gene3075",130,148,157,188,170,183,431,82,181,112,135,203,286,123,187,73,77,104,169,222,242,188,90,69,178,165,211,140,203,199,179,150,130,73,148,159,164,164,70,130,252,154,142,175,229,147,171,158,143,169,201,188,184,176,143,119,132,75,102,253,67,203,164,174,138,90,223,230,167,263,145,148
"Gene3076",109,137,108,116,184,85,197,105,195,112,122,165,92,78,116,128,90,71,132,112,104,162,250,146,56,71,178,139,123,227,127,133,132,151,109,121,155,96,127,77,128,170,106,115,146,137,119,130,114,94,133,105,108,247,91,60,108,126,146,38,80,180,102,123,175,115,101,110,161,161,180,124
"Gene3077",47,38,42,37,18,25,25,59,51,59,40,48,63,77,72,88,72,81,70,89,58,52,44,44,72,42,52,49,72,109,55,56,64,31,75,59,29,83,38,60,50,26,117,53,61,42,79,67,26,57,63,88,49,42,50,73,92,56,60,74,43,55,36,61,51,47,66,29,36,35,50,66
"Gene3078",295,151,245,209,279,144,576,269,273,245,261,197,368,334,148,209,277,348,307,212,419,554,443,337,153,275,246,209,167,245,268,401,203,332,155,205,156,310,327,200,126,259,386,273,84,335,426,248,196,261,215,199,234,342,192,245,268,386,242,353,108,416,241,147,262,393,323,300,102,385,134,215
"Gene3079",113,67,53,41,113,101,40,68,64,102,88,81,77,45,41,50,84,46,72,65,104,73,61,77,154,116,60,85,113,34,71,45,81,50,91,97,50,57,72,107,105,65,31,87,103,140,51,78,54,59,83,77,63,46,65,116,82,78,88,50,47,61,90,56,37,48,101,81,75,135,45,115
"Gene3080",84,80,153,241,38,109,74,123,138,134,55,73,56,119,135,127,113,35,65,157,77,121,139,153,43,45,92,135,105,100,63,126,51,117,121,47,96,91,74,83,105,114,73,165,164,120,121,46,64,70,89,127,85,72,142,39,122,164,83,162,89,82,97,153,138,116,158,115,105,140,110,102
"Gene3081",152,40,70,47,63,88,71,87,105,55,85,64,84,143,70,104,48,46,90,52,93,62,43,70,69,56,73,118,121,31,81,50,65,54,54,99,58,109,119,71,69,57,89,80,56,90,75,98,84,86,110,132,139,116,101,80,95,88,63,98,58,84,99,42,74,48,58,56,85,95,81,60
"Gene3082",10,37,16,18,33,18,31,21,31,24,22,35,34,15,22,24,41,30,6,31,36,13,19,12,26,39,33,22,31,15,28,12,21,22,40,25,28,15,9,29,17,32,41,19,19,24,9,24,35,37,12,12,41,27,22,41,19,16,32,28,38,25,14,24,23,21,47,18,51,20,23,10
"Gene3083",45,151,170,161,120,109,94,136,132,64,126,171,162,60,54,162,154,181,169,47,159,136,143,58,115,120,138,173,111,141,227,134,113,112,94,70,159,168,100,193,111,167,128,132,283,156,78,95,341,82,98,132,44,95,132,182,42,140,100,152,95,93,109,119,59,170,91,104,59,199,119,116
"Gene3084",16,9,4,5,8,7,9,3,2,6,5,6,8,4,9,12,11,1,8,5,1,11,4,4,2,6,3,4,5,4,10,11,2,5,5,7,12,5,4,2,3,4,6,2,11,3,1,6,5,6,6,5,6,7,2,2,14,5,3,7,8,2,3,3,3,8,1,6,4,6,7,5
"Gene3085",7,16,9,36,25,13,27,12,19,9,12,17,23,15,10,6,9,18,9,15,24,13,12,17,13,17,3,2,0,3,0,2,13,20,5,12,9,28,17,26,23,18,8,27,12,22,27,8,14,20,20,29,9,10,18,10,16,13,8,8,12,13,14,22,24,2,11,21,12,21,19,20
"Gene3086",104,94,155,97,120,131,82,96,111,135,97,100,181,125,94,122,137,126,99,185,51,96,158,93,85,44,134,139,154,67,86,37,170,112,118,149,75,142,85,120,100,162,84,149,161,173,150,129,87,47,125,294,29,59,57,122,59,91,97,113,142,86,52,106,206,160,75,164,128,198,120,101
"Gene3087",107,315,166,460,373,278,191,270,315,268,271,95,85,223,202,227,259,487,196,413,512,332,196,295,240,622,245,176,314,185,339,184,217,150,292,368,393,192,306,124,310,321,314,141,175,163,185,211,214,377,488,230,283,141,305,201,142,195,198,231,301,159,233,261,330,325,202,188,436,205,246,401
"Gene3088",4,10,8,8,11,10,10,9,9,14,10,3,9,10,3,17,5,10,8,5,3,5,6,8,8,6,16,12,8,15,11,11,15,20,11,4,4,12,4,10,5,9,19,8,10,10,9,4,7,13,11,6,14,9,5,9,15,8,3,31,11,10,9,5,16,13,2,9,4,15,9,4
"Gene3089",291,182,248,332,99,204,289,162,197,222,272,352,182,187,355,227,104,244,163,204,126,186,348,206,206,152,209,110,116,218,209,377,144,358,243,115,313,228,226,171,212,172,235,197,302,131,170,207,71,183,219,177,127,338,183,201,228,216,320,158,257,302,340,267,183,191,154,153,277,221,200,172
"Gene3090",15,7,10,21,5,2,19,19,8,14,11,3,10,10,15,14,16,5,12,14,18,10,12,16,16,14,7,7,5,8,9,10,14,6,13,9,16,8,15,7,7,6,13,9,5,15,14,19,12,9,4,3,13,7,17,16,6,7,6,19,15,13,5,6,6,11,8,11,12,2,5,8
"Gene3091",49,21,19,8,18,29,25,28,24,66,16,39,20,24,24,13,32,23,13,32,15,34,22,9,39,54,29,19,29,18,18,29,23,34,24,27,19,20,17,29,17,41,15,28,33,15,40,9,19,17,23,28,43,20,20,47,22,28,21,36,21,33,22,16,27,39,14,14,13,19,28,28
"Gene3092",12,10,15,9,18,8,9,10,9,5,6,11,18,11,10,2,12,12,3,13,8,5,7,9,12,10,22,17,15,15,7,14,3,8,4,14,18,11,7,6,7,20,6,19,18,14,9,11,4,14,23,16,9,9,12,10,22,14,8,9,16,7,9,13,14,10,17,8,14,17,14,7
"Gene3093",12,57,41,52,59,35,30,36,69,46,35,50,63,28,20,28,46,34,38,88,65,79,47,47,48,26,12,38,45,38,86,24,34,22,13,50,44,37,79,72,42,10,37,54,28,42,55,34,40,62,71,37,33,66,84,29,17,81,33,69,49,38,31,31,43,71,20,36,31,64,28,83
"Gene3094",39,84,34,44,74,38,76,55,75,100,70,68,59,54,32,47,67,29,48,81,54,61,25,56,64,42,85,40,54,36,74,70,84,76,22,77,43,54,82,48,61,23,79,74,93,31,71,59,75,63,72,36,82,28,71,47,67,86,65,47,81,85,94,112,49,69,65,38,66,64,43,94
"Gene3095",60,102,152,108,52,143,32,136,98,94,74,73,91,77,183,63,94,82,74,120,70,78,47,94,115,43,113,57,84,82,79,125,89,78,79,186,89,32,128,98,67,115,122,78,166,76,87,130,111,76,74,40,130,50,54,97,101,127,93,82,73,64,82,105,54,92,50,97,66,71,116,58
"Gene3096",28,19,32,26,48,12,28,32,22,16,34,37,39,28,27,28,35,25,54,27,17,38,22,40,55,35,27,23,18,34,26,52,12,51,75,37,41,21,59,8,13,39,41,41,19,29,25,30,32,31,31,23,31,23,15,39,27,62,27,27,29,23,39,33,54,32,27,62,41,37,30,28
"Gene3097",67,90,34,68,51,75,31,54,73,46,48,28,91,43,81,47,43,58,73,73,46,50,54,22,46,27,57,53,70,44,83,61,28,64,80,84,34,35,67,79,28,67,65,45,51,49,46,54,33,67,119,30,58,46,57,30,44,11,35,44,30,58,68,71,41,45,53,46,92,46,30,51
"Gene3098",42,114,67,78,95,96,62,96,50,63,44,128,81,87,58,131,32,61,63,121,95,56,86,104,91,46,71,46,83,106,85,106,70,62,101,58,54,47,143,91,94,100,51,62,88,103,60,130,85,130,89,83,78,77,63,114,81,83,87,148,66,73,53,51,110,106,70,61,83,53,93,88
"Gene3099",24,17,14,7,21,15,16,19,20,21,26,21,11,24,26,26,15,16,18,10,16,14,5,15,19,15,7,10,24,22,10,23,20,10,25,17,12,15,11,17,18,13,13,36,17,22,9,25,25,9,16,16,12,17,8,20,16,21,13,21,8,27,12,22,8,17,18,23,14,18,12,16
"Gene3100",23,24,12,17,15,18,21,10,17,27,18,15,18,25,20,32,38,38,34,36,18,17,49,19,23,21,28,20,20,20,26,31,14,49,16,31,33,6,16,26,12,38,28,21,30,27,11,26,18,38,27,21,21,25,7,23,28,15,29,53,15,26,17,20,32,37,11,19,37,31,33,13
"Gene3101",522,416,268,377,358,550,222,253,348,336,419,359,265,249,272,340,302,86,211,317,271,268,234,250,223,296,186,249,196,122,338,361,234,182,270,466,231,137,267,309,251,360,295,211,227,281,247,257,246,363,409,497,292,334,208,135,172,339,539,232,242,572,314,244,214,403,344,421,149,285,185,307
"Gene3102",0,0,0,3,2,1,1,1,2,1,2,0,0,2,2,0,2,1,2,0,1,3,1,2,1,4,6,1,1,3,0,3,2,3,3,0,1,2,2,1,1,1,2,0,0,0,2,1,1,2,2,1,5,2,2,2,3,2,2,0,2,1,2,1,4,0,1,2,2,1,3,1
"Gene3103",246,270,135,153,206,145,249,118,64,178,115,274,123,173,239,185,269,181,156,182,158,178,281,266,91,213,77,109,138,171,204,184,206,130,186,144,207,95,116,254,113,249,312,149,160,78,200,135,126,97,135,157,181,129,217,206,123,108,224,134,96,153,135,137,216,225,83,56,238,128,83,67
"Gene3104",154,122,293,220,145,159,285,170,280,90,141,162,144,134,103,193,254,176,231,179,285,145,148,177,218,238,192,133,187,138,89,171,152,273,183,112,103,139,183,202,259,150,271,214,233,83,56,302,207,132,94,220,268,234,180,88,331,183,194,148,168,194,155,114,128,331,137,176,207,231,208,244
"Gene3105",174,288,89,291,387,142,155,290,278,139,200,323,311,443,183,171,224,179,141,379,312,203,346,450,171,351,348,376,207,147,475,269,140,438,197,157,159,357,295,365,258,316,275,351,357,170,235,320,99,260,308,157,153,272,186,328,446,215,218,194,209,205,187,144,234,254,450,348,223,278,266,203
"Gene3106",41,49,30,29,40,28,34,34,14,16,26,48,59,52,35,27,31,68,25,14,42,30,29,37,19,42,15,77,84,24,42,31,8,10,21,53,33,31,21,21,37,54,27,19,29,32,42,44,45,13,52,13,18,67,38,25,24,36,54,47,31,34,59,53,21,48,21,34,40,18,17,20
"Gene3107",279,158,293,282,236,191,221,185,185,103,225,166,327,168,197,166,161,80,180,153,108,146,139,171,142,143,119,192,229,133,238,141,152,174,185,168,182,170,119,205,186,173,96,112,300,166,95,99,131,241,31,148,128,121,170,152,106,73,110,98,105,177,212,79,67,187,145,71,165,155,50,121
"Gene3108",125,95,74,56,85,109,68,77,154,81,99,44,80,22,51,105,110,91,100,85,91,114,108,103,25,44,76,58,64,114,71,54,39,136,134,71,55,60,54,84,65,15,94,78,79,50,25,73,102,67,46,95,82,50,36,51,83,85,87,69,74,59,64,59,5,10,13,7,9,11,12,19
"Gene3109",29,23,27,21,23,20,25,20,31,18,15,30,21,24,18,4,56,18,12,26,47,27,21,30,40,31,33,15,16,26,23,24,31,18,21,24,24,16,28,26,9,23,18,16,26,26,43,12,16,33,12,11,55,36,24,24,16,27,15,12,16,16,32,32,16,32,26,18,41,37,33,29
"Gene3110",60,71,122,166,122,85,111,88,131,77,92,90,104,68,70,155,69,72,100,217,80,150,97,190,78,127,260,53,79,133,159,105,72,40,32,58,94,72,114,53,103,106,268,168,49,111,159,111,154,103,92,130,53,141,66,119,186,135,50,87,155,48,157,43,98,67,198,80,112,80,129,113
"Gene3111",81,113,91,142,184,117,79,121,66,96,61,131,205,48,86,125,82,66,77,102,88,92,73,70,107,74,95,94,74,82,95,111,138,82,67,129,87,55,89,123,59,77,71,52,51,138,80,96,32,74,106,70,115,57,25,120,67,75,86,179,66,83,82,224,95,95,107,119,89,123,95,66
"Gene3112",29,41,20,20,40,65,59,17,31,46,35,48,57,44,34,48,48,44,34,37,23,43,22,17,19,54,38,30,56,51,37,49,30,37,38,39,43,49,30,36,27,32,45,32,39,32,43,45,120,179,119,99,168,186,180,129,26,38,26,45,28,29,44,27,6,7,5,5,7,6,11,7
"Gene3113",32,24,53,20,15,28,46,19,33,18,32,28,25,25,14,11,33,31,32,36,61,39,32,33,56,40,17,26,26,27,32,29,24,32,23,46,57,37,18,15,11,44,22,45,22,22,29,12,11,30,17,32,29,32,25,17,31,29,29,38,32,43,30,36,48,45,24,48,41,40,16,15
"Gene3114",38,35,55,59,65,54,36,33,47,55,36,22,43,32,45,29,30,15,16,39,66,43,60,65,40,48,46,52,38,38,57,41,43,49,35,48,21,49,31,27,19,34,61,24,32,59,55,24,80,61,50,34,56,57,45,34,79,36,18,40,35,35,51,48,61,52,62,24,11,54,49,89
"Gene3115",132,107,67,152,83,112,81,96,125,65,135,108,95,118,60,147,61,50,185,67,80,111,89,69,102,92,148,62,71,79,66,121,102,71,151,163,80,58,123,76,89,68,87,156,96,68,53,60,102,83,131,50,62,65,163,124,135,101,64,54,146,126,138,84,120,84,67,56,121,94,66,125
"Gene3116",46,78,45,37,79,47,65,31,61,70,43,26,42,68,51,16,117,40,54,102,27,35,54,19,35,58,50,13,55,67,50,54,35,45,73,28,54,98,91,77,55,31,33,49,37,38,51,68,30,37,54,50,36,33,29,45,83,75,57,56,39,27,61,50,70,73,35,34,48,61,48,46
"Gene3117",6,8,11,6,14,7,10,12,8,11,9,15,10,11,8,9,11,19,18,11,22,4,11,12,11,12,8,12,10,13,13,12,19,9,14,11,10,10,5,4,13,15,7,16,9,23,6,4,16,7,12,18,20,12,16,4,8,7,14,14,7,7,9,15,11,5,8,19,17,12,15,14
"Gene3118",101,50,93,93,73,101,110,59,109,76,64,20,105,77,114,68,55,50,66,100,87,70,102,84,55,50,45,48,65,137,57,63,66,52,51,74,36,93,68,78,83,73,59,47,77,91,95,103,68,74,126,140,67,19,51,100,98,65,90,65,47,106,78,87,82,67,40,84,71,73,58,62
"Gene3119",43,20,38,18,32,44,67,26,51,57,20,26,20,32,34,34,26,33,38,28,39,21,34,54,58,20,29,41,10,37,33,25,27,27,25,34,42,37,25,22,31,34,21,50,69,27,21,44,71,23,45,45,36,55,21,45,35,36,49,30,30,44,31,31,35,21,28,49,29,25,45,13
"Gene3120",122,121,172,223,164,165,131,197,92,141,129,155,165,138,198,135,170,126,136,117,161,207,128,129,114,205,107,36,101,125,116,150,104,161,232,184,186,161,183,246,106,96,133,186,152,115,127,136,91,103,182,133,178,97,175,92,117,144,143,149,214,103,113,94,212,80,121,227,70,50,124,126
"Gene3121",11,8,18,11,11,12,20,7,12,29,6,11,16,10,8,15,21,16,12,10,13,20,1,22,10,8,15,2,29,9,14,9,9,15,10,19,11,20,16,5,4,10,14,18,16,6,6,5,29,6,12,15,6,21,25,14,9,18,12,13,8,6,13,11,13,17,13,10,12,12,19,7
"Gene3122",8,11,3,3,8,6,3,4,4,6,9,3,0,1,2,5,5,3,7,4,4,9,3,5,6,3,4,3,10,9,12,4,10,5,6,4,4,0,6,2,7,8,6,4,6,7,7,5,6,10,6,5,4,2,5,3,6,6,6,2,8,4,5,8,2,6,5,6,5,7,9,5
"Gene3123",30,22,23,27,29,33,19,27,34,9,23,26,50,18,45,22,25,16,31,20,39,34,34,41,20,40,27,44,34,24,34,25,39,8,29,33,34,36,37,22,55,24,13,49,36,13,30,36,30,35,37,21,9,37,47,34,46,36,27,17,18,37,24,41,28,40,10,19,15,23,29,26
"Gene3124",19,26,25,19,35,17,22,38,58,28,34,39,37,19,35,11,12,31,32,23,39,15,25,22,31,18,38,30,24,29,26,50,14,8,28,26,23,30,25,12,29,38,24,34,19,12,27,34,12,14,23,15,33,13,20,32,14,19,21,20,32,26,20,37,28,14,17,18,24,25,41,45
"Gene3125",138,98,132,131,158,276,85,81,244,66,98,113,146,152,75,117,160,111,76,139,231,24,230,124,108,130,167,207,96,147,114,104,147,243,129,60,102,195,132,190,174,45,105,197,134,115,150,75,105,118,196,64,105,143,134,114,251,143,153,204,169,66,88,100,74,36,218,113,96,78,152,170
"Gene3126",11,4,4,8,2,4,6,8,2,6,6,4,9,6,7,5,4,4,7,4,6,3,3,6,6,12,3,5,4,3,10,6,7,2,6,3,4,14,4,5,15,5,6,6,8,14,1,4,5,3,9,2,1,6,0,5,4,15,5,10,5,3,9,4,9,5,8,10,6,5,3,6
"Gene3127",19,7,19,9,21,23,16,9,10,18,12,18,23,18,11,33,17,23,13,9,12,23,9,16,18,14,14,27,13,26,13,12,28,15,9,15,13,14,18,12,40,3,19,25,6,13,9,9,8,16,16,7,17,12,5,15,19,20,19,23,15,5,27,14,18,24,19,9,16,11,33,29
"Gene3128",64,36,27,59,46,62,27,55,37,18,60,39,63,57,40,36,70,39,57,28,20,29,77,53,23,43,60,72,27,91,58,115,47,75,44,42,53,38,36,77,43,35,48,42,26,58,36,61,63,38,45,57,51,59,42,48,55,38,39,35,43,35,42,29,50,18,41,71,36,72,50,49
"Gene3129",13,16,39,22,17,20,24,15,24,40,23,14,12,28,38,23,19,44,35,18,20,28,31,6,21,34,24,56,34,14,21,17,6,30,18,21,21,21,23,20,17,20,20,24,17,16,16,21,24,14,10,24,24,15,16,49,19,27,22,23,5,33,27,22,22,20,18,10,33,21,21,14
"Gene3130",25,43,31,31,45,60,31,89,40,44,41,30,33,72,23,42,29,65,31,75,50,57,40,30,47,24,23,44,37,49,32,13,19,41,38,29,34,53,57,54,47,40,23,38,54,39,50,27,36,44,69,43,46,79,43,37,33,46,47,40,44,71,58,70,37,23,70,50,42,33,44,72
"Gene3131",38,9,11,11,8,15,12,7,15,5,9,28,14,10,20,13,15,14,14,13,30,8,11,9,16,8,13,14,11,11,12,12,13,11,12,24,16,12,11,11,16,4,9,26,6,7,28,14,13,10,9,12,11,18,9,7,11,14,16,16,16,21,22,8,4,6,5,23,15,15,14,10
"Gene3132",30,16,23,10,25,6,21,24,22,13,19,30,25,28,18,17,39,17,21,14,22,10,24,20,7,12,24,36,7,25,41,19,19,5,22,12,17,44,23,32,9,16,9,23,21,15,16,31,33,28,20,37,10,25,5,9,20,14,15,24,28,15,43,20,27,28,13,21,19,20,18,12
"Gene3133",28,26,10,9,11,8,35,10,22,6,16,17,14,18,19,9,27,15,28,11,27,25,33,18,18,10,13,4,12,17,9,25,29,21,13,21,18,10,13,8,33,4,40,18,15,40,11,18,25,17,13,12,40,21,48,18,27,20,16,20,12,23,14,9,2,1,1,2,2,2,0,1
"Gene3134",9,5,10,11,12,7,11,9,8,7,6,3,15,16,8,9,9,7,6,9,2,3,8,5,7,7,7,8,4,1,1,6,2,3,4,4,7,2,5,9,1,5,4,9,5,14,8,11,8,4,7,2,6,9,3,9,13,3,5,9,6,11,11,6,5,5,4,10,4,11,4,6
"Gene3135",59,68,74,93,89,75,58,118,118,51,73,128,41,98,76,76,65,130,125,111,47,43,60,100,114,173,47,91,148,113,111,130,67,105,121,33,56,80,47,41,94,56,58,56,75,135,70,43,78,53,96,65,79,62,80,62,145,50,59,154,43,55,73,113,70,85,69,91,83,84,49,80
"Gene3136",14,33,46,29,17,31,22,44,19,34,26,21,25,29,22,20,28,11,23,25,27,44,20,11,25,29,40,40,25,22,36,32,26,44,37,20,24,23,22,16,36,20,35,15,50,30,20,16,28,49,14,15,35,11,35,33,16,33,24,31,13,18,17,37,20,15,28,26,36,21,11,25
"Gene3137",20,22,15,18,55,26,10,29,15,45,16,20,25,27,29,37,55,20,33,41,20,39,25,13,29,28,35,30,25,36,14,14,54,45,15,32,13,24,20,32,36,25,47,21,21,26,25,50,14,23,36,22,21,12,38,42,14,12,12,32,18,36,27,27,40,21,19,7,38,26,13,43
"Gene3138",169,164,144,127,129,140,140,200,175,166,115,150,190,127,137,228,284,200,288,225,134,246,178,88,259,253,306,154,131,164,250,202,402,308,222,203,190,159,197,165,154,167,237,228,199,106,197,251,213,166,389,262,323,160,136,153,254,169,138,72,206,292,211,274,262,246,225,272,169,93,137,69
"Gene3139",74,109,135,46,49,137,144,131,90,94,138,134,154,82,78,139,222,91,74,133,111,132,172,158,110,162,131,132,161,59,190,61,161,159,135,146,55,100,181,166,83,79,99,71,94,109,106,135,135,84,149,147,85,250,101,127,131,198,135,113,94,233,157,83,114,82,100,81,180,136,136,113
"Gene3140",9,34,26,15,18,16,17,31,32,21,24,34,16,25,24,12,30,20,10,24,27,23,29,33,29,30,23,10,20,18,13,15,31,11,18,25,22,25,15,31,35,28,15,8,16,19,20,28,22,18,19,30,12,28,27,24,31,27,23,18,23,26,32,15,12,25,10,23,27,22,25,37
"Gene3141",214,112,233,59,52,170,174,265,170,143,167,251,109,156,126,82,205,84,84,188,91,210,96,207,142,81,126,125,162,137,179,222,263,123,132,109,191,262,162,126,162,236,124,167,118,168,73,165,179,101,85,225,184,129,131,254,188,197,64,259,208,91,143,208,124,212,205,100,117,103,102,292
"Gene3142",55,48,35,14,27,67,43,71,31,30,21,23,30,52,27,19,22,26,25,9,14,32,65,14,49,37,52,56,50,30,28,48,40,40,51,35,31,52,13,26,39,35,12,24,36,28,31,21,40,50,24,43,25,39,48,16,59,41,26,20,26,13,30,29,43,33,21,42,32,39,29,14
"Gene3143",49,48,58,40,51,22,22,27,35,50,51,28,14,27,43,42,48,35,32,35,26,31,21,28,27,37,39,22,21,25,29,27,34,33,62,12,38,38,19,13,61,25,60,20,35,27,11,45,29,22,26,37,35,47,33,11,31,49,42,37,33,37,34,27,6,13,5,8,7,9,5,4
"Gene3144",34,50,69,67,54,62,67,100,91,68,41,70,92,66,34,85,59,49,63,76,46,25,77,65,123,102,39,80,70,44,28,79,34,61,118,71,32,71,53,53,52,96,70,45,37,83,51,91,83,123,58,58,51,41,90,40,74,101,66,66,64,57,51,69,21,13,31,28,33,21,23,20
"Gene3145",52,38,43,63,59,108,45,30,58,55,61,83,36,68,26,43,51,86,69,72,39,57,42,78,61,55,40,57,42,86,92,48,46,66,86,43,48,53,38,45,57,113,39,51,48,44,16,52,75,78,55,35,53,48,23,60,42,61,49,51,50,43,193,54,95,33,32,64,33,141,82,58
"Gene3146",35,49,48,67,38,59,28,55,23,84,37,25,32,51,106,15,37,59,46,45,20,44,49,54,64,45,71,59,30,52,43,31,52,33,50,42,42,29,42,42,38,64,36,36,30,35,30,46,77,70,16,80,22,39,32,43,106,46,43,69,51,22,64,44,63,21,28,23,37,32,21,64
"Gene3147",58,53,40,22,57,67,36,26,69,36,42,44,39,59,35,25,73,32,101,61,43,35,48,33,22,37,34,50,40,35,42,27,31,65,26,50,40,35,54,7,29,28,28,63,19,35,45,32,46,44,23,37,51,28,16,51,25,49,28,37,52,22,50,20,49,30,22,31,34,54,29,27
"Gene3148",126,72,61,95,90,114,46,99,61,94,61,57,74,64,53,86,96,46,163,77,80,97,54,159,116,65,78,58,94,74,37,89,113,80,43,54,25,69,43,94,73,57,64,74,129,104,140,43,124,52,28,54,39,180,81,120,154,39,104,104,151,161,48,201,76,174,75,84,85,97,109,94
"Gene3149",219,182,146,175,145,183,108,171,99,290,90,176,316,92,149,201,211,272,148,172,215,176,96,179,183,348,247,253,114,147,163,124,175,219,155,175,310,225,219,171,236,135,81,191,197,300,189,106,273,166,174,193,253,64,211,144,200,136,252,161,86,180,167,92,119,128,226,223,240,216,136,177
"Gene3150",34,90,24,22,29,35,56,52,27,48,32,31,51,54,36,26,23,39,41,50,62,24,61,17,37,48,29,29,11,74,19,48,42,60,41,59,34,22,38,27,44,33,59,41,22,24,34,20,12,24,37,28,75,20,20,28,16,28,37,20,86,29,49,29,26,29,26,34,40,24,58,37
"Gene3151",212,245,429,125,220,286,266,209,489,322,338,378,309,455,258,236,283,402,502,271,261,361,330,191,372,330,597,358,134,306,212,286,180,176,144,171,197,528,259,375,494,316,293,247,332,570,307,410,194,433,292,259,549,330,337,235,289,159,531,315,307,178,249,116,395,348,223,210,241,371,282,200
"Gene3152",4,19,14,11,17,17,27,20,15,11,39,17,1,15,24,23,10,13,29,24,11,12,22,16,16,28,19,28,20,17,17,9,13,17,22,31,26,12,31,17,13,33,19,30,34,29,26,11,34,20,9,8,12,19,21,11,22,24,23,17,14,26,26,22,16,35,23,23,17,22,13,21
"Gene3153",595,387,394,492,307,579,806,376,507,283,505,388,605,640,371,273,502,569,335,461,687,429,546,602,675,484,743,262,1084,581,963,496,404,480,755,429,331,319,681,509,754,577,390,810,311,522,645,777,572,232,457,552,859,890,682,562,282,650,833,920,514,240,636,698,642,553,508,984,520,995,604,717
"Gene3154",192,161,128,69,208,114,101,130,177,175,143,147,97,35,101,105,92,103,127,145,73,275,217,145,198,218,75,140,229,83,73,104,78,124,138,263,105,250,64,122,127,103,61,130,189,135,110,154,96,151,207,108,351,113,120,95,106,165,117,102,146,147,112,84,196,89,139,140,73,230,140,144
"Gene3155",30,51,33,31,21,38,46,43,32,40,23,26,24,43,46,34,35,42,46,38,37,34,48,17,20,47,24,58,43,52,24,28,56,25,43,18,44,50,27,68,53,28,24,20,66,25,37,18,41,28,51,38,49,28,41,46,43,33,25,38,32,31,16,75,22,36,26,40,32,42,36,17
"Gene3156",2,4,2,3,5,7,2,3,6,5,2,4,4,4,6,3,3,2,9,4,6,4,4,4,6,4,3,12,6,2,7,3,5,4,2,1,4,6,4,0,1,5,7,6,3,6,1,5,8,3,3,7,3,5,2,13,6,4,9,5,4,4,0,2,5,3,9,3,4,0,5,8
"Gene3157",18,22,35,58,40,50,52,33,21,29,17,21,22,32,45,35,31,35,61,24,49,51,55,19,23,21,26,28,32,38,28,34,27,12,38,31,17,40,24,23,13,31,22,23,47,42,46,62,41,53,19,26,25,26,35,14,19,53,22,57,34,24,27,34,22,28,62,45,45,19,41,46
"Gene3158",19,32,24,20,72,27,23,73,37,25,35,23,51,43,11,35,42,61,30,41,40,43,36,48,29,31,52,31,32,51,26,43,36,63,52,33,46,27,21,35,17,39,73,75,22,49,48,25,61,32,32,49,36,46,51,21,46,22,20,29,50,32,29,28,45,26,52,22,24,27,33,61
"Gene3159",274,217,387,162,530,413,346,266,222,319,276,265,515,365,313,175,269,373,258,435,467,436,208,147,414,283,226,555,544,263,159,254,226,252,376,394,234,277,145,509,272,248,365,485,349,270,299,409,292,400,212,363,648,393,190,236,301,463,327,205,235,424,217,116,286,355,109,252,196,227,271,215
"Gene3160",84,139,118,51,83,92,154,79,77,81,70,37,91,84,143,32,77,52,66,74,105,71,98,117,94,54,55,125,94,38,71,102,95,53,144,105,53,91,61,31,96,132,88,95,76,63,102,100,75,146,108,48,121,111,90,116,108,126,65,79,130,140,160,115,70,101,69,37,100,76,57,67
"Gene3161",9,2,3,7,7,4,7,7,6,7,6,2,4,4,6,7,6,5,6,2,13,5,2,10,2,5,2,10,4,2,6,8,11,4,4,2,12,2,13,4,10,4,2,10,7,3,3,3,2,3,4,4,9,2,10,3,5,4,3,7,10,5,2,5,10,4,5,9,4,5,5,3
"Gene3162",58,118,88,52,44,64,74,191,62,60,84,84,90,102,160,58,109,50,73,83,87,52,76,166,56,61,77,99,113,93,49,66,97,77,132,77,68,76,52,60,76,59,91,34,112,54,151,96,99,75,74,82,54,46,54,76,92,111,52,69,143,55,39,72,63,49,36,71,141,60,85,93
"Gene3163",9,33,15,16,12,13,23,3,9,28,5,15,24,6,16,19,28,18,10,24,25,9,34,23,18,13,18,22,32,21,10,12,16,16,19,26,26,14,8,14,38,15,23,14,20,32,13,21,10,24,23,15,20,18,23,22,21,27,18,17,17,16,14,20,8,7,23,12,24,9,32,20
"Gene3164",2,3,2,3,9,6,6,6,15,14,9,6,14,11,10,2,11,6,4,16,8,9,5,9,7,10,7,2,9,4,14,11,10,9,6,5,8,8,6,12,9,4,5,8,3,9,9,8,5,6,3,3,5,5,2,3,4,6,7,5,14,16,6,8,6,14,10,7,12,4,13,11
"Gene3165",104,200,175,249,205,286,193,89,310,203,62,125,157,193,132,102,181,126,162,94,232,313,212,125,154,124,107,196,266,164,190,181,174,183,95,214,174,242,199,198,164,109,248,167,122,232,152,127,90,156,267,161,243,174,181,132,186,106,171,207,165,186,205,84,1034,947,1277,1113,1030,1239,1104,1191
"Gene3166",87,133,50,160,143,178,92,148,88,67,108,141,107,72,115,109,167,189,107,176,95,86,55,45,105,123,100,138,40,48,106,185,131,84,145,155,156,112,73,240,148,104,120,109,62,65,83,101,105,207,83,120,99,105,151,80,135,78,120,96,127,102,120,79,506,562,411,451,429,587,445,572
"Gene3167",19,33,30,32,84,35,23,49,30,39,31,37,19,48,24,39,13,33,37,59,58,54,14,40,28,26,31,16,40,24,63,30,42,49,29,45,29,26,31,24,39,28,41,37,29,79,22,28,30,32,15,28,52,37,45,19,13,47,24,19,43,35,37,42,17,30,13,46,41,55,13,49
"Gene3168",146,197,415,216,219,413,260,128,241,231,203,235,294,465,316,328,220,397,237,461,647,186,283,340,236,448,346,302,168,393,176,305,172,392,328,326,198,501,211,247,143,97,308,366,273,140,336,267,266,362,324,234,285,508,307,158,349,380,326,403,175,328,362,392,315,144,297,682,198,266,268,192
"Gene3169",45,50,25,53,28,22,32,18,65,43,42,39,33,45,71,29,50,25,36,33,42,58,33,29,43,20,42,45,57,37,21,39,29,21,53,50,50,26,39,31,31,25,58,55,21,15,28,37,80,17,30,52,50,20,43,30,82,16,41,46,42,47,47,77,54,18,29,47,30,25,68,31
"Gene3170",4,11,5,6,6,3,5,8,7,6,6,6,6,7,9,9,11,4,5,2,11,7,3,14,6,6,1,8,8,6,5,3,9,7,13,11,8,7,11,3,5,14,12,5,3,4,11,8,9,9,4,4,8,13,10,16,8,8,7,5,11,7,9,11,4,1,1,1,0,1,4,5
"Gene3171",197,295,104,115,121,126,221,232,265,117,256,209,250,198,127,172,174,109,158,135,205,147,172,140,180,88,150,159,62,218,247,184,110,130,165,124,227,237,70,168,82,64,118,231,196,236,110,77,201,281,228,133,141,126,118,137,110,135,241,154,211,117,170,131,87,141,146,210,139,129,139,116
"Gene3172",28,18,35,21,19,32,31,35,21,23,19,15,18,46,30,22,21,13,15,19,7,28,20,15,15,28,45,8,29,14,29,13,13,31,21,16,10,26,25,9,19,29,35,39,19,28,18,22,30,23,35,40,7,18,43,38,10,22,31,28,44,39,23,40,13,31,11,26,9,19,15,17
"Gene3173",40,35,67,74,64,52,65,34,33,40,85,48,79,42,46,57,47,39,73,81,69,28,59,26,37,103,75,53,59,61,87,66,72,71,28,61,87,105,74,53,77,90,75,38,50,43,36,80,117,50,36,55,32,68,65,63,54,80,58,35,29,49,40,41,150,63,75,89,46,35,77,73
"Gene3174",7,19,21,17,24,17,13,7,18,22,30,13,9,15,34,12,13,15,20,13,11,9,18,24,24,19,2,19,25,19,18,17,18,19,23,27,10,11,20,35,20,19,13,19,25,12,4,11,15,6,21,20,13,15,22,11,41,13,11,17,10,7,8,8,24,16,19,23,18,15,18,22
"Gene3175",14,14,10,11,8,13,5,12,12,14,8,13,15,14,4,7,12,16,6,26,21,2,8,8,12,6,4,5,14,11,10,9,10,8,11,17,8,12,11,17,15,15,22,12,8,7,5,10,11,15,17,13,4,14,5,12,7,12,8,7,14,5,12,9,17,7,8,11,16,5,13,6
"Gene3176",85,51,93,45,94,65,73,74,54,69,104,21,51,65,73,96,92,146,99,123,42,99,99,110,87,86,86,96,114,153,88,84,84,58,75,64,71,72,85,96,103,70,125,60,112,136,77,52,82,75,171,94,76,122,77,102,69,85,126,66,21,141,96,95,160,20,72,38,63,94,94,68
"Gene3177",22,8,15,20,11,15,19,32,28,17,14,30,28,12,21,16,14,35,17,17,17,16,14,11,17,14,7,7,11,19,18,27,16,17,20,21,8,9,18,16,24,23,23,13,19,7,22,24,18,27,18,10,16,21,21,44,20,16,40,10,20,27,31,13,29,33,15,27,25,12,18,15
"Gene3178",21,18,34,30,25,38,16,19,19,31,40,47,36,35,15,34,29,29,28,15,42,7,27,44,19,45,41,17,32,19,22,38,19,30,35,21,32,33,27,32,23,43,14,23,34,29,23,38,16,24,26,44,53,54,15,22,17,46,5,27,11,32,22,42,18,30,36,17,21,16,18,32
"Gene3179",193,183,153,130,124,102,272,83,122,119,74,94,110,142,109,236,115,167,109,54,79,79,110,85,211,128,218,96,121,123,157,204,120,129,135,121,44,59,215,108,81,161,157,180,162,110,120,77,112,172,177,103,125,97,99,133,226,119,174,344,79,84,158,57,224,158,129,100,59,113,152,90
"Gene3180",5,2,7,0,1,1,1,2,3,3,3,1,1,2,3,2,4,2,1,6,2,3,0,1,5,2,6,2,1,3,2,0,1,0,3,1,4,3,2,3,2,5,1,6,0,2,1,4,1,3,0,4,2,5,3,4,4,0,3,0,4,5,2,5,1,2,3,0,5,2,6,4
"Gene3181",5,25,27,22,24,26,19,14,17,26,23,9,20,8,22,10,13,10,16,16,10,19,14,19,16,26,18,19,15,10,34,17,28,28,18,13,15,15,29,11,8,12,29,13,12,8,28,7,19,18,19,15,25,16,17,18,24,9,50,10,32,7,20,14,24,18,15,22,12,22,28,21
"Gene3182",363,458,192,187,227,633,247,280,417,247,261,239,647,579,368,367,309,265,374,440,250,310,363,297,226,176,334,473,469,348,519,386,380,343,468,290,301,384,222,165,406,467,510,358,260,537,263,366,233,237,391,298,442,532,443,434,377,289,396,254,480,141,235,307,411,366,224,490,228,189,170,264
"Gene3183",68,75,64,71,77,54,83,67,59,16,65,60,63,53,32,65,70,119,27,35,34,44,84,49,29,88,48,35,37,50,110,36,56,71,78,43,66,37,71,101,51,84,64,56,31,38,25,46,46,58,67,58,32,53,54,47,35,39,64,42,57,44,88,47,72,32,64,57,39,81,84,85
"Gene3184",10,8,19,6,11,10,8,14,6,8,15,3,3,7,16,7,5,5,3,12,7,9,3,11,2,6,29,24,41,37,29,28,18,11,4,8,5,10,9,5,7,10,8,5,12,8,7,4,4,3,5,10,9,4,7,3,2,6,5,8,4,8,5,5,10,7,7,10,5,2,4,7
"Gene3185",53,46,35,33,69,97,22,79,55,62,16,49,80,12,68,43,15,58,25,63,53,59,48,31,72,25,66,132,39,50,29,83,104,49,55,27,69,57,78,71,58,33,47,25,39,21,27,79,23,32,41,47,35,87,53,64,77,66,38,36,51,67,45,47,36,58,41,37,72,71,58,46
"Gene3186",48,74,53,101,54,59,58,44,44,103,32,23,105,63,56,68,55,51,44,68,30,56,53,65,30,68,32,50,65,60,80,53,46,56,72,51,23,47,75,40,44,70,34,49,66,81,34,51,50,52,45,78,72,67,71,54,53,69,77,49,47,33,68,39,67,44,23,55,63,38,43,63
"Gene3187",21,23,11,24,18,28,13,17,26,31,25,15,17,16,27,3,27,27,19,21,7,17,17,18,19,13,25,26,22,8,14,22,16,29,22,34,19,24,32,27,10,21,14,20,16,13,10,11,16,29,20,13,34,27,29,52,24,10,15,40,12,16,13,19,22,10,15,12,11,21,40,24
"Gene3188",15,23,29,17,19,34,12,24,29,16,32,24,14,30,21,17,43,31,20,15,23,31,20,21,14,16,27,21,9,34,30,14,24,20,13,20,10,25,24,25,48,25,13,18,19,10,38,17,30,16,23,17,15,41,21,25,20,21,21,13,16,29,16,15,32,22,23,22,25,29,50,22
"Gene3189",31,53,67,60,22,52,85,46,71,44,73,34,31,29,52,19,24,40,44,14,43,37,38,43,27,68,71,25,49,78,90,50,69,20,35,23,53,45,54,46,41,59,31,68,55,59,28,58,61,46,28,43,37,98,60,46,60,41,46,75,50,61,41,58,4,4,7,4,5,13,9,12
"Gene3190",116,102,180,105,71,100,81,183,166,24,142,128,61,85,133,190,111,183,113,199,192,222,134,173,300,128,134,93,105,153,127,212,112,99,78,71,220,99,224,162,120,180,131,162,71,92,170,101,110,125,170,139,134,139,151,72,95,280,122,118,128,144,225,283,103,60,74,105,137,213,174,77
"Gene3191",22,30,14,32,18,21,13,18,8,30,15,31,11,16,15,32,15,8,11,16,21,18,8,28,7,23,12,7,18,25,27,16,13,24,29,13,10,12,15,30,13,22,15,38,9,8,42,20,17,22,24,14,35,16,12,17,16,20,14,20,18,26,26,25,46,58,46,59,71,40,65,56
"Gene3192",109,137,132,158,122,142,139,72,191,185,112,49,103,147,185,111,71,105,57,91,183,168,135,122,100,51,70,77,46,81,127,109,126,165,143,151,305,61,140,146,91,141,161,186,109,47,81,123,125,119,97,58,72,87,163,96,141,108,122,99,121,131,106,125,779,1022,573,676,610,608,660,782
"Gene3193",4,2,8,4,9,1,10,2,0,10,3,5,7,2,6,2,15,8,1,3,3,3,10,8,9,6,4,3,7,12,6,1,4,16,8,7,1,5,3,6,2,4,7,10,10,5,9,11,3,8,6,2,3,6,8,6,9,5,9,2,9,9,5,6,1,4,6,4,8,8,5,9
"Gene3194",548,671,547,357,599,399,567,642,572,558,736,341,474,323,674,337,502,557,853,384,901,977,410,432,623,718,523,310,932,525,772,206,582,623,583,472,877,359,634,537,271,680,589,249,562,689,670,542,416,460,256,727,494,630,670,366,404,444,657,766,759,466,570,474,550,605,248,554,354,986,608,578
"Gene3195",191,87,163,172,194,135,51,113,233,226,48,147,118,217,155,166,134,57,132,163,130,118,191,174,97,64,73,207,104,265,104,174,177,146,141,94,133,166,226,162,98,110,221,138,167,161,217,339,129,239,95,141,51,96,141,113,114,127,132,147,81,161,122,179,100,165,225,145,91,180,199,100
"Gene3196",21,23,26,31,12,29,38,4,33,22,21,35,28,22,10,41,43,25,29,14,27,24,32,39,34,9,19,13,10,11,24,22,35,14,31,21,10,42,13,36,20,26,22,18,56,24,39,23,23,14,51,17,47,44,38,59,18,32,29,11,21,15,27,39,25,22,26,14,20,18,21,45
"Gene3197",37,67,81,26,88,36,35,46,58,30,52,37,35,63,57,48,12,6,9,12,50,80,23,31,35,35,28,75,65,44,81,32,33,41,55,92,60,24,55,63,45,57,40,77,62,45,30,38,22,60,37,39,30,30,83,65,71,31,65,50,46,30,41,42,45,26,7,84,62,48,31,74
"Gene3198",4,11,9,10,17,12,13,8,10,4,6,12,6,10,21,12,17,3,12,5,7,11,13,17,7,14,12,10,9,12,21,5,6,18,18,16,19,3,5,9,19,16,17,16,8,8,21,4,9,10,6,5,21,18,17,17,16,14,11,9,21,19,10,8,12,11,6,10,8,10,17,22
"Gene3199",20,13,18,20,9,8,50,13,15,29,17,10,10,31,13,23,19,6,17,15,9,27,33,35,18,18,25,17,12,13,8,17,23,7,14,26,17,20,23,9,24,14,28,7,22,21,10,14,16,33,11,26,18,19,11,19,12,11,16,21,14,28,8,17,67,74,82,80,81,73,57,88
"Gene3200",28,99,49,38,33,86,57,61,111,35,50,68,45,120,86,81,74,45,83,48,77,50,39,146,57,132,95,92,92,66,78,84,68,49,172,77,77,93,126,88,54,86,73,133,76,32,60,92,74,66,77,49,48,42,68,55,133,84,128,50,67,81,65,84,74,92,61,63,92,69,140,64
"Gene3201",2,1,4,1,4,3,3,6,7,2,6,2,1,8,4,4,4,6,2,4,6,6,6,5,2,7,9,2,2,1,3,6,7,8,4,7,9,11,9,2,5,13,6,3,5,3,8,4,2,2,4,8,6,2,2,1,6,8,2,4,7,6,3,1,7,2,5,2,12,3,3,9
"Gene3202",101,125,195,117,97,116,182,128,124,100,150,171,155,68,102,156,77,122,126,144,152,91,153,147,101,106,92,197,176,97,143,113,170,68,47,144,171,335,207,214,109,117,206,125,98,101,202,143,91,78,106,122,177,105,64,213,108,89,126,198,76,180,91,76,155,76,90,115,111,176,123,149
"Gene3203",162,210,173,129,134,286,69,185,125,217,213,168,115,104,144,53,200,167,98,264,159,73,106,105,85,212,178,171,115,145,136,102,59,160,179,125,73,182,137,98,205,201,118,119,195,263,152,91,156,111,306,118,65,132,157,101,110,259,145,135,62,228,187,97,173,101,144,185,80,195,121,84
"Gene3204",79,45,75,58,40,51,44,47,63,56,106,100,46,106,35,57,58,23,84,39,43,64,38,50,52,60,75,66,86,43,79,116,39,53,58,93,74,80,89,64,132,48,77,48,69,105,76,49,94,77,49,63,43,71,46,56,53,78,74,55,109,77,56,57,36,77,40,61,74,46,45,94
"Gene3205",9,28,18,15,21,41,41,10,7,23,21,8,14,16,28,27,33,17,24,29,28,25,37,11,28,27,14,19,14,22,30,21,10,24,23,38,18,39,28,23,29,24,20,24,20,8,13,25,7,4,26,34,14,19,16,13,19,13,6,22,38,40,13,29,12,27,27,19,24,39,32,29
"Gene3206",117,85,107,178,64,144,88,142,73,85,80,168,94,125,120,115,105,123,213,142,63,58,63,119,109,115,101,104,116,131,106,85,113,127,117,54,102,139,91,56,57,66,66,109,134,65,106,106,104,122,192,76,167,132,224,159,64,121,63,41,92,121,121,167,92,72,81,112,81,115,174,76
"Gene3207",56,35,37,74,34,41,21,59,67,81,94,68,22,68,41,34,43,48,55,24,15,56,50,41,26,43,33,74,72,32,47,55,70,23,40,90,40,49,55,41,31,21,38,62,73,42,55,41,35,26,24,43,43,56,46,35,36,19,71,60,30,73,35,37,25,31,34,50,53,27,73,38
"Gene3208",443,391,595,452,461,716,246,334,1001,673,953,489,258,513,535,405,497,524,481,649,448,666,447,532,302,474,324,426,672,721,417,281,561,392,250,350,540,514,349,544,510,699,440,404,268,527,178,554,479,755,448,368,591,217,276,499,803,526,668,253,266,355,486,290,289,217,620,396,528,289,269,555
"Gene3209",70,153,56,38,167,102,152,86,107,53,125,130,78,115,96,88,112,96,106,171,144,76,75,105,109,61,107,69,65,151,118,117,79,157,119,81,70,149,74,95,170,57,111,150,101,96,170,111,102,46,105,44,85,96,46,147,141,119,72,96,109,83,98,100,66,111,106,63,161,84,86,139
"Gene3210",788,562,591,353,621,379,552,930,533,593,446,378,456,674,741,379,585,348,526,494,678,398,460,387,493,272,549,531,290,430,441,333,562,505,800,481,545,389,463,505,289,363,500,470,935,547,458,692,325,489,385,466,484,411,455,528,298,640,409,335,354,512,687,594,430,295,912,657,208,503,521,432
"Gene3211",30,9,30,45,33,38,18,29,37,34,28,27,42,17,23,31,22,7,36,44,18,21,31,46,32,6,28,27,12,27,24,35,4,15,26,20,17,56,27,33,24,30,35,19,15,14,24,25,34,35,19,27,24,34,15,34,21,26,15,15,29,50,34,23,32,40,11,16,20,23,13,20
"Gene3212",89,168,237,95,212,151,239,213,200,225,282,237,204,139,321,165,136,158,310,280,209,220,175,156,172,160,135,200,136,299,187,270,209,225,371,229,394,145,181,314,104,86,138,227,204,137,275,179,186,269,280,152,196,75,155,161,213,163,196,220,159,204,248,259,181,244,231,335,204,167,305,221
"Gene3213",117,108,142,161,198,201,110,158,138,226,109,200,87,101,145,355,78,185,145,174,288,102,153,158,187,156,212,176,139,227,125,179,106,180,173,173,177,183,76,178,138,180,154,172,179,173,168,160,161,157,118,139,161,273,249,184,158,375,251,238,139,175,170,112,218,154,55,232,114,175,67,156
"Gene3214",171,114,83,109,198,112,172,124,37,109,90,53,52,151,51,48,102,96,196,61,123,134,141,134,67,168,209,103,96,76,110,129,92,99,89,146,130,99,274,172,121,122,121,122,149,108,126,116,46,113,66,142,89,102,109,113,166,159,92,88,89,122,138,85,129,168,56,78,88,159,80,133
"Gene3215",455,298,588,435,548,281,306,285,454,629,450,585,306,432,590,515,908,342,560,901,382,449,312,502,453,315,347,499,431,361,662,530,340,436,292,425,434,491,584,405,473,835,419,526,406,921,471,468,408,335,405,383,513,312,620,390,229,581,275,349,539,461,457,344,798,428,435,395,386,465,341,334
"Gene3216",340,339,220,149,238,240,241,154,98,181,411,89,143,276,145,172,246,230,305,204,187,219,356,116,473,295,165,139,183,250,146,196,298,173,347,309,89,260,213,253,277,244,158,197,158,245,145,223,202,156,423,143,149,210,297,274,237,193,98,272,243,210,72,268,229,173,184,150,233,189,244,305
"Gene3217",207,193,247,152,174,247,294,237,176,114,166,104,423,337,103,199,123,273,172,209,161,216,209,269,211,265,245,181,244,125,159,192,191,147,172,168,223,106,311,97,215,155,141,166,331,93,116,385,141,270,176,281,205,192,151,113,114,120,184,460,336,261,130,360,104,133,339,369,311,281,125,166
"Gene3218",386,290,162,393,319,182,451,421,350,161,139,444,299,169,145,317,197,605,224,197,310,238,410,316,304,161,209,175,236,467,204,267,120,257,354,246,212,293,141,206,232,332,338,102,237,228,362,220,490,178,196,227,240,303,635,172,238,272,205,269,157,298,288,159,372,220,240,219,330,297,267,330
"Gene3219",24,16,19,8,14,16,29,29,26,17,13,21,24,34,20,13,29,27,24,15,26,13,38,22,27,27,18,18,37,15,27,36,27,40,23,15,17,35,33,28,13,33,20,37,32,20,39,33,25,22,9,34,43,15,28,8,29,19,21,8,21,37,32,6,32,23,26,38,32,21,22,22
"Gene3220",175,91,76,136,186,131,147,126,125,77,270,124,173,83,94,173,78,36,118,123,156,102,105,127,130,232,180,69,131,105,155,141,98,110,160,106,196,163,147,119,117,175,242,91,95,89,165,183,131,49,166,77,155,219,113,121,138,93,117,130,100,157,120,62,123,241,93,121,124,170,108,176
"Gene3221",271,359,387,261,244,421,243,146,99,231,156,200,119,258,133,262,211,282,185,109,207,299,167,136,128,123,159,340,213,202,320,239,206,310,346,196,217,146,182,292,193,333,186,162,267,146,339,430,153,204,302,233,223,200,127,437,274,329,219,256,224,209,495,369,331,406,224,199,339,140,253,217
"Gene3222",10,8,6,3,6,5,12,7,5,3,5,10,8,14,6,4,3,7,10,8,4,4,3,5,5,6,2,4,4,7,7,5,3,4,4,12,6,5,8,3,6,10,4,4,9,1,10,9,12,5,6,4,11,6,10,1,3,3,0,9,12,6,8,3,5,7,8,3,6,5,10,7
"Gene3223",276,229,418,178,253,305,197,129,157,139,256,282,381,128,359,450,283,143,444,258,241,229,493,332,122,251,122,334,212,237,181,151,205,247,236,214,320,259,175,224,374,210,296,279,285,203,197,175,212,112,282,304,213,198,247,298,352,186,123,177,285,237,72,317,423,133,105,220,196,191,334,213
"Gene3224",22,10,16,22,15,16,11,10,11,5,11,9,15,12,15,5,14,3,14,25,16,22,14,14,12,16,12,15,22,7,17,22,13,9,18,20,7,20,17,22,18,16,7,15,26,16,14,8,12,13,9,17,15,35,19,11,11,27,8,3,12,9,20,5,6,16,7,19,8,16,22,12
"Gene3225",11,17,7,10,0,4,11,10,12,1,11,6,26,10,4,14,6,9,9,23,21,12,21,10,5,12,4,12,9,12,18,11,8,7,11,5,14,9,8,2,16,9,2,10,10,12,13,10,7,11,4,4,4,10,6,8,13,6,8,8,5,6,5,8,7,10,6,9,26,14,8,7
"Gene3226",59,33,57,46,21,22,52,47,24,89,58,21,31,62,65,45,24,37,45,26,50,48,61,41,38,58,37,54,40,61,25,75,17,45,71,30,29,66,22,26,43,39,34,41,36,30,35,61,45,49,83,33,39,39,74,27,40,66,47,38,59,41,54,27,61,64,58,69,27,48,34,35
"Gene3227",4,4,2,7,8,3,5,6,4,5,8,10,10,12,7,3,13,12,3,5,5,9,11,9,1,6,11,11,6,3,5,9,4,16,15,5,4,10,1,6,9,6,9,6,7,5,4,9,5,6,11,5,4,4,2,4,1,4,15,5,13,6,5,12,14,5,4,6,7,5,8,4
"Gene3228",26,33,24,23,37,22,20,17,26,10,31,29,20,10,16,29,31,17,28,22,14,25,22,17,36,18,11,68,17,25,30,15,22,37,31,25,13,4,26,31,16,29,18,21,23,24,21,18,15,33,20,23,2,22,21,37,14,41,9,25,10,24,20,34,27,18,12,8,17,40,28,25
"Gene3229",102,228,246,257,79,129,170,184,136,191,223,124,174,180,122,272,109,117,187,167,166,182,206,95,106,285,107,85,188,197,154,187,106,99,204,224,195,153,182,75,122,143,69,83,134,164,156,125,97,91,106,147,107,150,126,218,155,140,121,236,153,224,110,150,157,229,152,184,140,182,86,196
"Gene3230",79,39,96,65,59,107,29,54,76,112,15,82,51,88,64,51,11,71,110,28,41,97,39,79,61,52,46,97,54,60,49,36,60,54,78,97,99,61,99,52,56,82,61,67,63,58,67,22,76,37,92,102,21,38,29,52,33,91,96,63,54,61,31,70,54,65,110,67,64,70,65,39
"Gene3231",148,256,172,240,327,335,224,309,470,204,227,277,275,147,276,476,139,257,132,167,224,285,154,311,237,231,252,367,271,223,176,224,288,333,355,136,175,310,184,426,175,530,280,512,327,377,201,209,267,375,289,160,245,228,208,224,294,314,215,184,282,373,192,208,234,324,153,302,366,292,349,311
"Gene3232",44,94,34,54,95,78,56,95,82,68,94,58,94,126,65,109,61,61,96,40,87,61,90,60,44,57,85,52,92,113,58,87,45,46,49,71,68,72,57,51,66,112,53,71,61,54,59,180,54,108,116,50,71,83,97,82,202,70,62,42,43,38,109,58,56,63,44,87,155,74,62,69
"Gene3233",4,4,4,18,3,9,3,13,5,6,3,8,4,12,8,3,13,6,11,7,5,6,7,5,4,5,5,12,5,4,6,6,3,19,3,4,3,7,9,5,5,4,5,6,10,7,6,3,4,13,5,8,6,4,7,2,5,12,4,6,9,6,5,6,6,3,6,9,11,5,8,16
"Gene3234",15,18,15,13,17,9,13,18,21,12,6,11,13,19,14,8,14,12,11,10,30,12,30,11,14,15,10,21,6,5,14,12,16,22,13,12,17,11,10,15,17,16,16,15,22,16,19,8,42,11,9,9,21,29,17,16,10,15,20,21,12,10,15,11,21,5,14,7,16,10,14,18
"Gene3235",13,66,81,59,72,62,92,83,56,31,65,20,47,17,21,68,46,55,38,59,41,74,73,45,62,51,59,83,61,86,86,57,49,88,77,64,36,99,39,105,47,104,94,79,84,48,38,32,77,89,116,37,73,71,71,110,72,73,38,58,87,84,88,56,85,117,56,70,36,52,60,95
"Gene3236",4,25,33,19,33,31,27,33,32,34,35,24,41,21,37,15,31,53,54,34,14,23,19,26,48,36,34,28,24,24,36,31,30,54,29,35,6,26,22,24,31,32,19,26,44,36,29,35,49,17,21,44,19,15,38,17,32,44,16,30,34,21,21,31,62,32,52,13,45,57,23,40
"Gene3237",114,47,93,148,105,263,209,290,169,158,154,293,137,154,142,175,147,258,131,104,166,187,248,71,183,156,238,146,59,163,155,101,183,294,260,81,81,255,152,220,154,113,142,296,165,187,186,149,170,120,129,175,94,152,267,130,185,142,277,157,154,161,146,238,176,202,121,143,132,130,261,291
"Gene3238",107,95,35,72,91,87,44,112,43,77,102,69,44,86,46,44,86,40,42,57,85,71,39,60,107,82,71,90,92,57,36,75,95,72,58,108,90,50,45,55,49,45,74,73,47,103,99,105,60,26,43,103,95,56,81,80,37,48,17,98,65,80,52,29,75,75,189,85,46,78,46,45
"Gene3239",17,11,43,8,36,29,18,7,14,9,23,7,18,25,9,7,8,13,14,17,13,17,6,19,8,10,20,7,11,8,11,10,12,5,8,10,5,17,9,13,23,18,5,13,16,15,18,10,22,19,24,14,8,17,17,15,19,13,7,14,21,12,13,24,25,12,28,11,23,12,2,27
"Gene3240",19,30,30,16,24,31,41,23,17,30,26,17,15,51,21,16,56,20,67,12,18,27,18,17,23,40,43,11,49,31,52,19,19,24,44,22,39,29,19,39,20,21,21,48,21,44,19,18,37,22,36,44,30,16,25,26,37,27,33,26,30,29,36,32,7,5,7,17,3,8,11,9
"Gene3241",123,103,158,198,184,301,296,171,226,157,125,146,333,105,193,135,43,146,165,187,119,180,227,187,190,192,212,180,145,187,154,356,194,176,145,170,241,173,224,181,140,156,191,166,229,321,211,62,197,162,162,295,146,112,170,89,236,192,215,367,285,167,159,241,65,102,158,144,233,197,129,159
"Gene3242",23,25,27,15,13,11,31,6,9,18,20,24,13,11,5,13,10,7,20,13,17,19,11,37,38,33,24,6,11,8,12,15,31,30,32,23,12,15,26,33,12,15,31,29,10,14,11,7,15,13,7,7,12,21,11,21,19,16,24,12,16,29,9,19,103,76,85,85,69,79,63,134
"Gene3243",19,6,3,11,1,2,10,16,11,6,7,5,6,5,8,8,6,12,6,2,10,11,8,3,17,13,7,7,13,3,11,18,7,9,12,5,13,8,7,9,10,7,11,21,10,7,14,7,21,6,12,11,12,6,11,6,8,6,9,7,7,12,12,6,16,13,6,8,9,11,3,6
"Gene3244",45,51,90,238,80,74,70,100,48,112,129,102,188,93,122,111,126,83,94,166,92,116,96,76,125,41,90,82,75,96,161,68,175,108,168,87,155,109,131,110,253,125,136,111,87,66,129,113,38,122,68,119,125,32,33,80,88,96,139,74,167,63,100,92,125,123,96,108,101,102,167,167
"Gene3245",68,64,44,64,40,70,46,42,116,51,59,97,63,46,68,39,55,69,82,116,134,61,77,20,49,67,58,69,106,73,95,49,55,68,53,71,108,80,70,101,29,66,77,73,35,86,79,84,63,88,83,77,50,44,63,61,76,66,62,77,51,156,79,77,91,42,58,70,82,52,73,53
"Gene3246",21,17,17,14,25,19,15,24,43,16,23,17,33,7,34,18,28,17,17,23,22,12,16,12,29,11,5,8,20,31,13,24,17,29,26,14,11,24,37,39,47,13,18,15,24,17,21,18,19,35,27,19,16,28,23,15,22,17,39,46,24,18,27,21,12,9,10,27,35,22,19,6
"Gene3247",39,68,64,43,55,54,99,59,37,23,16,31,52,48,58,46,42,63,38,56,41,73,61,40,65,69,40,47,81,45,36,61,61,67,53,80,40,47,93,107,71,75,23,73,42,37,31,80,39,31,74,31,66,54,70,30,67,53,48,40,31,43,26,65,74,52,92,58,35,45,43,81
"Gene3248",46,70,54,87,109,54,84,48,58,38,80,57,56,76,61,65,60,162,104,57,48,100,70,35,81,88,59,46,130,40,40,47,67,41,30,54,64,56,43,82,68,74,73,71,51,45,68,48,123,103,71,80,90,52,61,102,59,94,74,55,26,66,40,41,83,42,110,68,99,41,74,47
"Gene3249",23,29,27,26,41,18,43,13,27,9,16,23,16,22,21,48,23,15,32,33,30,20,19,22,18,15,18,8,11,20,32,34,36,20,14,35,28,22,23,25,34,25,31,17,12,21,39,33,27,28,32,23,6,17,20,10,35,13,18,12,9,17,32,22,25,29,21,20,9,17,22,16
"Gene3250",127,61,69,162,79,89,87,44,55,51,50,79,127,103,114,106,99,50,37,44,106,56,133,49,161,108,113,92,89,51,53,57,66,64,168,98,69,121,110,58,63,65,156,59,70,78,68,64,73,53,134,76,92,53,95,113,68,70,61,77,103,54,108,58,124,74,75,93,63,49,42,59
"Gene3251",18,9,20,23,22,39,34,17,22,25,11,12,24,22,43,22,12,27,36,35,16,23,25,27,23,33,16,42,21,23,20,12,20,22,14,18,64,20,42,14,20,25,31,28,28,16,27,10,27,13,13,44,23,19,17,46,22,18,30,18,21,20,30,33,17,17,21,29,15,13,47,32
"Gene3252",24,52,36,41,40,28,32,55,24,74,31,11,21,32,35,24,43,20,42,65,19,13,38,59,47,45,26,36,51,36,45,42,44,63,64,59,44,56,35,24,31,46,61,32,20,42,52,13,42,42,11,30,31,26,40,23,13,25,22,55,38,22,62,31,24,29,41,23,36,36,64,37
"Gene3253",116,129,140,124,101,186,138,74,153,128,201,123,107,102,94,93,92,119,131,85,183,96,156,91,151,173,126,54,86,136,73,133,75,118,115,107,113,116,125,170,246,93,177,141,52,70,150,79,100,93,50,174,134,79,58,191,220,140,185,126,106,148,68,94,81,105,163,127,66,95,192,164
"Gene3254",25,39,43,33,24,34,24,30,12,72,32,34,64,43,33,81,49,30,34,75,47,41,32,39,38,48,50,30,13,23,33,33,18,27,36,43,62,34,55,14,40,36,36,46,52,51,19,48,12,53,35,19,33,57,37,16,26,65,75,38,37,12,40,33,19,46,35,27,24,47,29,21
"Gene3255",5,3,4,9,7,17,10,5,5,13,13,5,4,5,9,0,4,16,7,13,11,3,9,9,5,8,4,4,9,6,10,13,6,10,16,7,8,13,6,8,3,4,1,14,5,9,6,11,8,5,9,12,15,14,8,4,16,10,7,4,15,8,12,5,13,4,4,10,11,9,10,13
"Gene3256",57,50,55,22,33,15,64,22,24,45,45,62,35,46,22,47,60,42,37,43,55,34,16,58,38,18,46,42,20,42,22,21,33,51,37,58,46,42,21,63,41,21,29,33,79,45,38,56,73,33,42,46,16,36,50,42,57,51,18,61,42,41,20,29,59,28,28,30,72,45,41,15
"Gene3257",5,5,9,5,8,10,3,12,4,9,13,12,8,8,7,3,7,8,11,3,9,8,8,4,6,8,1,6,14,2,10,6,7,7,3,10,3,7,9,11,11,8,4,2,11,0,3,1,5,3,8,7,11,9,0,9,8,11,9,8,3,8,16,4,5,4,6,4,11,7,10,6
"Gene3258",15,30,34,32,35,23,51,43,39,46,12,11,34,28,30,24,14,21,49,23,34,65,27,44,20,22,25,30,39,29,29,26,44,44,16,9,39,22,33,24,14,34,22,33,30,37,28,33,21,24,35,27,30,15,20,40,14,20,39,22,8,30,26,23,11,20,40,26,34,53,27,25
"Gene3259",28,19,17,39,28,36,11,48,31,30,10,29,34,18,25,37,20,29,17,46,17,32,38,30,15,40,17,23,26,25,32,17,29,23,25,30,20,48,40,34,21,28,34,29,46,28,18,29,20,29,27,22,11,15,38,46,41,19,21,18,30,37,26,23,13,27,27,51,13,34,21,34
"Gene3260",1948,1451,2656,1287,2195,3143,4479,1588,2024,5077,4487,1175,2873,3046,2584,3981,2731,2472,1641,4100,2804,2008,2661,2292,1090,1662,1005,3410,1298,1882,4303,2289,2215,2031,4028,1957,2411,3474,1388,2276,2790,2083,1678,2755,1594,3549,2890,2498,2160,4146,2378,2447,2756,3033,1974,2307,4852,1447,1177,1582,1977,1170,3910,1881,3290,4192,2373,2021,3501,1877,3260,1891
"Gene3261",172,128,80,60,62,137,63,65,112,85,131,65,115,49,41,74,108,81,48,84,102,115,61,74,100,125,141,142,174,98,92,36,144,85,89,55,177,78,136,77,124,69,103,107,103,109,107,62,135,51,100,139,105,80,34,150,62,105,96,138,118,96,82,53,122,97,70,138,102,110,131,103
"Gene3262",101,120,109,77,142,83,57,61,134,91,48,34,56,76,98,64,99,87,119,84,85,66,83,68,69,58,57,95,57,117,111,66,85,49,100,33,64,60,74,90,101,71,64,79,97,52,115,97,76,43,103,83,137,125,59,56,114,117,67,54,74,73,65,102,94,73,81,90,93,134,87,75
"Gene3263",65,55,50,45,46,108,100,59,86,103,84,112,102,72,68,101,41,39,75,133,95,45,62,72,48,77,103,85,36,62,58,58,56,73,55,28,54,57,96,66,50,63,41,114,75,78,65,85,68,109,113,30,66,47,73,34,76,65,56,76,83,141,79,100,62,33,74,63,38,119,44,95
"Gene3264",30,31,15,11,23,23,26,22,14,31,35,30,34,25,9,28,29,52,46,43,33,24,26,8,33,39,15,29,31,18,24,33,45,64,40,26,24,23,45,25,22,39,35,42,21,38,30,15,25,33,35,38,50,24,33,31,23,30,17,17,30,30,21,43,14,34,10,11,19,31,28,28
"Gene3265",2,2,1,1,1,2,0,3,2,3,7,3,2,0,3,4,1,4,2,1,3,2,6,0,2,1,2,3,2,2,2,3,1,3,3,1,2,1,2,4,0,1,3,0,1,1,2,0,2,3,4,1,3,4,4,0,5,3,5,2,0,1,5,2,2,4,2,2,0,1,2,4
"Gene3266",434,459,506,727,410,443,447,501,466,271,960,344,584,707,296,237,577,621,639,441,488,154,397,391,281,439,387,699,732,358,390,173,421,453,441,538,365,583,279,583,555,519,644,497,776,478,653,654,461,307,251,595,399,593,505,674,519,515,433,399,565,453,478,394,108,82,109,89,64,86,88,59
"Gene3267",76,31,27,23,31,24,45,34,49,20,26,24,43,41,42,24,26,50,32,30,24,26,12,23,27,27,29,20,24,36,36,37,37,19,62,34,26,10,27,32,27,28,46,41,20,52,35,42,32,46,21,37,42,40,27,32,13,44,30,32,21,36,21,31,24,32,22,39,18,43,14,21
"Gene3268",17,10,21,13,10,24,15,15,27,13,12,14,22,11,29,15,7,12,4,32,21,38,22,13,7,38,11,24,25,17,31,26,15,19,22,25,12,9,7,26,12,15,45,28,9,18,20,10,13,32,13,23,9,16,24,11,7,13,18,19,23,16,23,9,21,11,18,23,31,16,26,17
"Gene3269",15,29,15,20,13,29,32,21,24,28,41,55,33,42,18,18,17,17,22,24,19,21,26,17,34,28,15,44,48,7,27,40,39,12,19,24,18,57,18,30,25,19,39,21,25,32,37,12,19,23,36,9,26,17,25,36,24,13,21,26,21,28,29,27,19,22,11,30,26,15,27,27
"Gene3270",188,227,108,262,185,130,195,212,271,276,117,212,162,188,117,234,266,266,98,191,150,209,156,112,199,224,286,187,169,234,159,237,325,214,183,184,201,192,94,113,298,330,185,144,131,238,239,143,289,149,235,335,301,169,93,159,370,242,173,164,181,208,368,271,222,70,50,214,354,409,235,106
"Gene3271",111,112,121,81,185,90,191,88,190,66,155,260,217,162,178,197,108,77,50,112,138,115,55,239,161,175,148,164,146,143,102,138,112,123,46,166,144,205,135,175,119,135,132,149,222,130,125,141,196,149,84,105,196,227,191,105,136,90,181,124,133,109,186,88,103,139,131,171,97,165,169,165
"Gene3272",512,231,144,168,235,229,343,253,133,247,237,336,236,467,167,323,288,241,274,484,158,370,226,346,254,179,272,519,147,317,229,402,202,237,341,366,374,202,269,120,301,308,261,155,285,281,148,198,134,434,411,373,308,282,185,188,192,274,184,406,340,259,428,159,288,276,110,274,243,329,272,390
"Gene3273",39,62,115,65,86,46,116,69,34,83,26,35,73,76,81,125,63,108,44,97,50,101,76,129,110,33,121,51,87,94,120,53,106,124,63,117,45,59,37,62,23,97,64,114,49,49,68,94,30,67,68,49,61,72,73,61,112,95,59,37,49,91,107,31,70,112,44,108,97,130,116,69
"Gene3274",58,30,65,45,44,73,49,66,29,39,38,27,82,24,56,50,88,33,29,51,32,39,50,43,44,36,43,65,54,55,63,50,28,51,60,30,61,88,46,55,48,17,82,40,24,89,58,39,42,53,62,72,56,54,43,35,38,45,53,36,77,54,19,50,46,54,35,49,67,39,36,37
"Gene3275",65,65,56,24,24,64,58,55,38,23,36,27,37,58,72,22,68,38,29,52,22,43,24,62,59,35,64,30,37,40,76,29,49,34,56,41,53,41,36,61,28,57,38,54,30,25,41,95,32,38,15,53,20,29,32,48,41,38,22,32,17,45,53,30,37,37,21,44,39,23,20,60
"Gene3276",9,9,8,8,13,6,11,11,6,9,15,13,12,12,16,7,16,11,9,6,14,5,4,14,13,17,5,9,5,30,7,12,14,9,11,8,6,10,5,8,12,2,5,7,2,6,4,16,13,13,22,4,7,17,6,14,6,11,8,1,13,10,9,11,13,3,15,12,10,4,18,7
"Gene3277",60,76,60,41,42,143,125,54,51,89,56,109,60,70,116,58,125,31,91,55,56,89,80,106,123,91,83,46,59,61,61,61,54,86,75,81,68,98,66,76,56,47,60,44,54,67,90,117,41,94,71,79,62,80,77,81,76,57,103,89,49,77,46,76,47,83,100,107,116,34,94,95
"Gene3278",45,19,50,43,42,51,22,38,40,41,36,25,19,30,36,42,40,61,37,27,60,24,34,52,38,38,33,29,27,31,44,43,48,33,30,39,18,51,41,23,14,36,56,20,26,41,56,24,43,38,33,50,78,27,40,43,49,38,44,19,56,21,42,52,43,58,31,15,37,41,23,58
"Gene3279",30,18,59,31,39,18,51,25,28,49,35,21,13,44,11,38,10,58,31,33,41,30,44,26,29,29,37,48,53,27,18,26,26,37,34,31,29,34,69,17,28,41,62,37,19,36,32,29,23,16,36,46,47,17,12,52,32,18,30,34,35,31,12,33,19,31,27,39,52,30,47,34
"Gene3280",318,127,166,278,138,216,153,370,253,186,263,452,222,218,328,205,382,188,130,260,130,166,156,153,212,257,54,170,160,156,102,219,222,163,209,291,220,176,253,147,281,147,118,169,214,251,48,370,198,202,110,146,147,244,242,112,185,427,144,494,144,141,311,170,135,175,213,142,166,196,111,206
"Gene3281",254,268,248,192,300,262,189,238,453,231,158,401,148,160,195,169,194,215,220,228,74,199,199,282,202,240,208,210,122,305,377,261,166,150,333,238,300,195,306,168,230,218,298,420,97,365,153,281,378,212,308,113,209,253,140,375,265,422,245,156,148,258,194,353,210,402,187,214,144,213,223,456
"Gene3282",763,501,1205,1492,691,830,1398,810,1838,631,1006,597,1328,776,1299,1637,793,768,996,595,1457,764,1159,541,933,648,651,1071,1202,986,232,950,1081,524,635,494,974,650,654,942,984,848,657,1605,971,1586,2321,912,1477,1074,1037,649,536,2113,1204,1252,1126,943,864,1120,995,1161,821,806,292,305,305,324,401,306,310,379
"Gene3283",90,108,66,112,73,76,41,34,50,59,125,53,60,80,21,163,148,78,64,91,103,115,84,73,64,71,90,83,96,45,87,158,113,119,91,54,90,68,73,53,63,79,91,55,93,64,115,84,81,127,62,130,115,85,48,144,129,77,75,99,67,116,48,90,97,170,69,127,75,118,47,101
"Gene3284",32,27,56,50,63,42,44,46,28,60,58,28,19,81,27,20,54,66,46,52,46,48,63,51,56,63,53,48,68,76,48,55,76,52,38,54,77,54,63,42,50,31,62,52,59,76,73,50,78,57,34,49,59,42,22,64,45,99,23,36,36,73,67,34,26,81,18,31,48,57,31,83
"Gene3285",13,22,18,28,10,12,15,11,14,24,24,20,10,18,16,21,19,10,4,15,16,17,18,23,26,20,25,10,17,22,28,21,30,11,19,22,24,9,14,15,19,23,15,12,16,13,22,30,23,17,17,14,13,32,32,22,23,23,24,5,10,13,21,6,7,16,5,28,18,16,17,13
"Gene3286",72,26,66,48,68,37,105,47,41,37,45,70,29,64,49,34,101,17,50,57,67,46,56,100,85,42,61,33,39,33,48,50,76,67,34,63,41,66,75,31,65,35,49,46,55,75,95,55,62,43,48,55,58,45,52,91,62,54,35,78,43,41,18,82,20,72,40,46,99,49,69,43
"Gene3287",411,415,468,283,268,960,573,459,206,686,499,414,212,887,216,297,417,522,881,256,301,548,342,398,428,299,754,305,413,451,282,493,335,246,492,497,379,403,469,467,273,551,511,351,98,379,357,353,477,458,363,209,289,370,567,361,450,379,438,696,468,627,343,276,273,363,559,435,750,308,402,542
"Gene3288",56,27,47,47,46,29,30,19,18,49,44,24,64,22,38,33,20,32,38,64,40,41,71,24,26,58,26,29,46,40,31,39,20,31,51,43,67,59,36,57,23,31,54,44,34,62,52,33,36,39,20,57,48,29,59,50,54,64,27,42,52,34,22,27,44,24,49,35,60,43,25,31
"Gene3289",336,407,491,502,486,636,368,310,238,385,314,351,709,336,395,450,290,365,339,310,602,129,112,580,409,480,391,408,452,466,396,622,287,499,365,484,463,411,399,203,456,633,322,237,249,618,427,255,176,373,442,562,494,671,425,508,530,366,430,282,502,294,428,366,517,539,689,468,293,433,202,459
"Gene3290",34,44,28,54,46,43,39,36,51,65,63,21,49,23,49,15,62,23,37,25,20,33,73,60,17,61,52,45,60,48,18,61,60,23,38,22,28,51,44,25,53,25,31,30,24,38,45,49,41,54,47,31,33,39,37,25,59,30,60,29,26,51,54,39,60,63,37,42,45,8,44,21
"Gene3291",112,154,51,59,53,63,79,48,81,40,56,65,55,32,91,96,61,56,59,90,70,47,66,61,82,123,33,80,90,70,66,56,36,70,47,70,78,73,84,37,90,100,43,43,150,86,127,54,70,77,31,77,85,85,77,121,102,54,21,51,38,51,32,70,90,131,68,44,41,102,89,36
"Gene3292",725,888,2350,1027,1108,1731,687,1065,462,2131,1227,990,869,1215,1037,902,1209,737,1226,258,701,651,1168,759,1066,904,1037,1011,1583,1675,472,1205,1184,1289,720,998,719,1048,666,761,1110,906,1771,617,1119,504,993,839,1344,1348,1146,659,1161,761,843,842,940,1747,1419,837,1228,390,1214,1671,1437,1123,2172,553,1420,992,556,604
"Gene3293",35,42,44,50,44,54,87,49,30,73,43,36,82,103,37,58,56,41,93,55,76,51,80,34,49,37,59,25,51,46,83,59,48,65,60,38,27,39,39,37,59,108,72,50,48,78,56,53,51,63,43,92,59,57,85,79,58,65,77,64,66,36,33,72,56,51,59,59,130,38,39,53
"Gene3294",10,9,10,10,14,3,5,9,17,9,9,10,11,8,15,21,9,9,17,6,8,6,6,10,8,3,4,8,15,11,6,12,21,6,5,5,20,13,8,4,7,5,5,2,12,9,22,15,36,7,8,3,9,7,17,5,16,13,16,9,12,8,7,9,7,9,17,10,6,8,7,4
"Gene3295",18,36,12,30,35,17,19,15,12,25,21,27,16,26,20,23,35,18,29,16,45,30,42,29,31,14,29,17,8,12,17,25,41,25,28,36,26,49,36,20,36,30,32,22,13,41,19,23,32,10,14,28,40,34,23,21,11,16,25,52,23,21,20,33,41,16,16,45,25,21,32,21
"Gene3296",14,16,11,9,15,18,11,24,7,17,13,11,17,14,14,7,11,11,9,23,10,16,27,8,11,13,27,19,32,11,6,24,22,14,10,10,13,18,11,9,13,12,18,7,10,12,9,20,18,17,9,14,16,21,11,12,15,7,18,11,23,5,12,29,11,9,6,29,14,9,24,8
"Gene3297",52,41,38,60,57,41,43,59,69,96,92,58,39,53,40,62,71,56,64,57,20,101,47,49,69,67,79,40,84,47,77,54,74,27,66,23,65,52,42,37,46,66,29,90,68,47,80,64,49,93,43,117,65,36,108,32,75,40,45,46,62,42,39,64,82,71,34,71,71,52,57,58
"Gene3298",29,60,22,22,34,28,33,25,37,46,18,20,27,21,12,29,34,22,25,31,27,26,27,37,39,16,30,23,34,29,18,38,25,30,12,15,33,27,25,10,24,29,26,19,27,30,39,16,36,34,34,29,29,8,19,33,30,18,34,26,33,19,38,49,109,100,105,113,108,120,145,129
"Gene3299",65,80,123,120,54,96,34,114,66,76,93,31,68,71,45,90,64,119,125,127,73,119,120,79,37,90,52,94,97,57,83,95,97,31,90,106,124,99,43,84,208,142,58,94,64,76,59,110,70,118,43,39,81,35,122,60,51,40,149,55,122,122,63,40,69,70,69,56,115,106,69,35
"Gene3300",124,306,228,589,497,423,234,247,276,355,360,282,350,286,348,452,414,411,386,428,414,401,363,341,858,282,547,447,451,344,565,287,335,406,379,307,233,250,395,349,452,215,338,456,218,268,283,390,295,277,268,368,541,317,407,330,577,393,136,436,233,416,617,338,320,416,554,455,241,395,104,393
"Gene3301",23,13,13,14,14,23,29,20,6,17,26,22,18,10,6,22,16,25,17,19,19,15,13,31,18,15,23,16,7,16,9,25,18,14,12,16,4,18,8,22,15,12,10,38,37,28,18,14,6,11,12,18,29,16,16,23,13,22,10,21,6,23,14,21,10,13,10,22,15,18,22,17
"Gene3302",20,29,32,16,13,25,7,15,19,20,25,27,19,14,33,16,28,9,7,16,24,12,12,19,7,25,19,19,6,13,6,12,21,26,20,20,9,7,15,18,13,21,18,14,40,17,13,19,11,23,8,23,28,21,15,21,10,4,14,14,17,22,11,8,16,18,9,20,10,19,23,10
"Gene3303",34,31,28,35,26,56,37,33,81,29,21,24,32,64,20,22,27,53,46,29,58,36,33,43,32,25,43,65,45,37,36,39,50,20,57,50,20,40,54,59,41,31,43,57,45,25,57,39,30,20,44,50,54,23,37,85,50,40,37,34,42,41,42,37,7,9,12,8,5,6,17,8
"Gene3304",249,166,91,165,184,341,116,138,100,214,156,187,159,59,293,121,134,72,250,288,117,234,228,131,185,133,277,115,130,229,227,74,74,164,150,164,41,88,113,163,317,175,248,99,113,106,159,179,255,115,213,134,143,191,210,183,165,166,103,153,182,171,246,143,52,58,33,49,47,63,52,53
"Gene3305",108,77,106,153,81,22,101,183,60,85,113,52,75,51,104,97,28,104,55,72,66,95,105,79,94,101,99,62,101,96,65,23,86,41,71,101,57,69,168,104,62,27,88,69,36,85,82,158,88,96,83,59,45,73,69,79,41,67,55,61,146,70,81,130,50,120,66,79,89,58,88,160
"Gene3306",54,66,89,68,43,43,19,57,71,63,57,54,63,103,58,31,67,115,63,52,62,143,55,62,57,21,24,38,39,61,54,49,37,101,29,83,52,59,94,101,64,58,30,71,53,103,50,65,39,31,62,47,72,105,54,33,66,11,41,54,78,34,74,73,54,44,72,64,36,50,45,43
"Gene3307",172,549,420,417,381,424,392,348,238,342,350,529,406,211,497,433,346,327,166,271,472,588,341,185,349,500,284,242,524,146,244,199,564,293,270,547,345,364,304,574,371,389,258,576,280,215,449,260,584,232,458,317,307,420,408,227,250,433,406,416,403,390,402,197,316,237,265,349,480,343,118,460
"Gene3308",64,70,60,42,90,53,27,40,41,15,68,28,35,65,53,20,35,31,51,24,37,19,43,38,63,33,85,34,35,26,36,39,73,46,69,42,50,56,73,37,42,34,67,18,38,27,25,36,35,40,34,42,55,21,31,45,39,37,47,21,37,51,31,44,26,21,42,37,55,54,32,39
"Gene3309",465,444,334,346,174,428,449,606,507,339,290,469,439,437,704,802,320,660,414,317,481,438,390,503,324,361,366,487,515,453,528,472,624,384,302,901,459,511,462,313,512,330,862,286,355,573,505,417,640,433,409,965,540,733,403,440,742,458,628,335,389,491,274,552,243,368,896,407,176,253,757,652
"Gene3310",16,5,10,2,7,12,14,2,9,8,10,11,17,6,4,7,9,13,12,4,4,15,12,18,11,8,7,2,3,5,9,11,5,6,5,10,4,3,16,5,11,4,12,6,9,9,6,7,48,35,30,58,51,34,36,37,10,19,8,13,7,5,12,10,14,23,7,9,13,9,6,8
"Gene3311",82,70,129,66,94,68,77,47,61,109,54,38,66,123,46,75,153,64,44,33,93,61,103,43,78,17,56,97,135,31,50,45,71,86,139,58,90,84,123,49,59,62,78,102,100,85,115,65,59,55,47,128,87,107,61,59,130,30,45,126,88,130,59,98,53,69,55,63,88,140,120,89
"Gene3312",136,138,166,84,84,112,119,261,291,242,156,111,258,122,232,76,186,113,100,75,202,215,79,197,291,184,116,205,222,221,86,189,190,78,192,231,220,97,116,143,108,244,176,165,196,153,154,107,187,172,174,146,153,100,259,156,197,182,249,138,215,171,116,115,112,69,126,254,179,264,128,122
"Gene3313",169,114,104,336,198,141,176,214,208,321,186,251,219,132,158,105,212,191,225,126,134,157,259,195,157,170,147,357,317,233,248,170,241,409,182,151,359,183,375,390,164,100,214,311,84,239,240,168,245,285,216,276,193,278,232,230,301,119,144,187,145,189,183,237,198,160,147,328,222,387,309,189
"Gene3314",7,16,8,10,5,8,5,2,6,33,11,24,8,4,8,6,6,4,3,12,12,3,6,5,10,13,4,11,11,12,5,9,9,15,6,15,13,13,6,10,10,6,19,9,6,6,17,3,11,8,12,5,15,11,7,6,11,10,18,9,8,18,6,8,37,79,83,57,60,53,81,55
"Gene3315",23,11,20,18,34,26,21,18,14,38,38,26,26,9,40,30,14,16,10,22,21,41,54,32,30,18,38,20,29,26,24,21,5,22,30,24,22,13,26,19,16,33,18,32,11,39,18,25,17,33,43,22,16,21,17,22,43,29,36,18,30,29,10,28,29,20,24,17,32,49,16,22
"Gene3316",4,3,5,6,3,9,6,4,2,4,1,9,10,3,5,0,10,8,9,13,3,13,12,5,9,6,9,8,3,9,6,2,2,12,10,4,2,3,6,6,11,4,10,7,10,4,3,11,4,5,6,5,7,3,13,4,4,8,6,1,3,2,8,0,6,5,2,1,5,7,1,5
"Gene3317",57,26,58,40,24,67,52,30,58,53,20,34,22,28,23,48,68,60,38,34,37,62,51,56,19,28,28,59,37,46,31,61,39,67,65,14,66,49,65,22,45,40,57,67,49,26,25,33,29,38,38,23,48,30,64,28,48,46,31,27,75,24,29,47,85,41,26,40,50,59,18,32
"Gene3318",18,33,25,20,26,28,40,66,24,20,33,19,19,34,28,17,14,23,29,41,31,20,29,20,27,38,29,15,36,27,29,25,19,24,51,45,27,9,16,31,50,44,22,30,17,27,23,18,12,20,30,30,28,34,32,45,22,35,36,26,34,34,11,44,9,32,35,17,20,33,20,20
"Gene3319",267,225,136,118,176,246,175,220,80,219,229,137,96,191,135,296,72,111,266,284,130,134,180,291,143,225,290,193,214,261,220,233,225,71,211,105,147,159,180,256,267,192,159,129,167,157,168,106,147,291,200,175,310,241,100,141,243,89,372,195,197,102,361,184,138,162,247,163,124,211,268,191
"Gene3320",80,176,108,144,123,46,70,77,78,122,77,158,75,71,62,115,102,61,54,141,79,70,115,55,107,72,149,58,118,108,81,43,110,85,61,85,155,95,91,84,118,174,96,92,76,92,100,51,62,62,40,87,92,146,79,91,93,126,52,58,31,127,43,102,77,155,43,36,51,117,95,131
"Gene3321",19,43,25,68,16,31,34,53,29,36,35,34,54,43,26,55,22,54,60,33,66,21,17,35,38,28,39,35,49,32,46,36,51,34,40,58,25,42,40,60,21,44,23,39,56,22,30,24,16,19,9,64,41,35,26,33,61,26,26,42,31,92,30,69,35,89,27,52,39,24,18,30
"Gene3322",367,212,244,397,240,330,121,412,294,229,324,204,299,337,276,267,337,263,554,145,316,185,352,280,379,307,221,99,332,225,186,312,327,320,580,293,385,219,248,412,351,382,246,364,470,207,286,140,356,176,268,435,329,281,464,211,341,242,132,268,263,283,344,378,290,185,214,395,362,180,286,318
"Gene3323",29,42,93,36,73,49,50,36,41,73,52,39,29,40,26,51,58,55,28,54,23,52,41,41,52,39,42,49,24,38,40,26,34,51,44,43,67,35,43,41,54,48,42,37,89,46,25,22,32,55,17,73,72,42,58,75,48,32,34,56,33,33,17,58,46,37,76,31,27,56,66,37
"Gene3324",400,204,280,95,291,321,398,326,218,189,196,231,222,278,288,226,210,337,468,404,267,126,312,264,303,237,207,196,370,233,193,319,485,411,288,241,258,509,213,235,218,233,166,260,213,387,359,196,271,299,328,249,185,242,123,189,182,206,283,268,406,158,207,306,224,181,302,255,336,346,121,269
"Gene3325",98,102,102,100,155,81,122,114,126,105,106,85,66,85,143,108,76,125,98,61,115,106,112,54,145,158,113,136,141,42,99,102,153,201,160,111,120,114,202,170,152,147,142,98,75,151,167,29,73,178,95,108,189,94,136,69,129,115,110,103,191,127,105,115,119,228,161,78,64,124,129,105
"Gene3326",124,140,133,126,131,64,79,34,206,89,163,179,180,101,159,68,210,79,102,64,130,108,110,228,185,34,183,110,202,182,141,52,159,82,188,141,113,144,147,189,73,84,121,78,96,109,145,70,104,118,134,127,74,34,83,53,112,83,122,127,64,157,65,67,101,110,62,144,90,121,71,184
"Gene3327",153,215,226,96,247,256,80,132,321,92,149,125,134,185,243,198,189,167,73,164,123,193,222,231,208,154,126,145,246,105,123,232,121,142,377,162,109,217,127,79,158,254,303,215,101,307,159,193,138,200,234,129,137,137,113,199,160,134,247,195,123,107,182,107,81,298,88,109,174,97,217,104
"Gene3328",25,33,22,21,34,25,28,28,24,39,18,31,26,48,48,22,36,38,15,11,26,37,36,30,26,30,31,26,26,28,19,38,14,17,22,13,55,21,35,34,18,7,21,21,38,15,13,35,22,29,17,40,14,38,33,44,29,23,18,20,23,32,28,19,159,142,155,168,128,113,190,149
"Gene3329",6,7,13,10,9,10,10,13,14,15,11,17,14,3,9,16,10,9,13,7,7,9,4,13,6,6,5,18,11,13,11,15,10,11,12,7,4,9,6,19,7,10,9,10,7,14,15,15,12,17,14,10,7,12,10,23,7,15,8,16,10,12,2,10,10,8,2,26,15,17,10,9
"Gene3330",255,190,205,80,250,107,147,65,200,203,201,104,124,110,163,182,184,288,149,201,173,277,133,163,130,114,118,226,67,139,249,188,177,95,181,88,64,91,134,251,215,205,179,227,102,146,179,180,108,187,125,142,144,118,98,173,137,71,253,107,86,264,119,157,133,282,61,119,128,99,131,104
"Gene3331",29,16,11,7,8,12,11,12,5,8,8,12,6,10,5,12,7,10,20,13,5,8,12,10,8,4,20,7,20,7,4,9,20,7,8,12,12,14,11,13,16,12,6,8,8,10,12,9,12,3,2,7,6,4,5,20,20,17,11,11,18,10,15,19,10,11,12,12,13,5,14,13
"Gene3332",7,12,21,23,32,4,32,18,18,15,14,21,26,10,23,15,16,18,36,14,22,6,12,13,15,10,17,24,18,19,18,7,9,17,24,2,17,15,12,14,7,14,20,8,10,24,15,17,12,23,16,11,13,31,16,13,34,21,24,20,17,27,25,13,19,12,32,24,26,20,20,10
"Gene3333",29,21,45,26,33,41,44,48,50,26,75,58,28,20,56,46,32,34,21,19,13,33,56,53,47,50,29,33,16,62,50,42,29,32,47,59,54,42,26,33,25,47,39,46,35,40,44,45,4,10,9,6,9,5,2,6,71,39,57,78,53,62,31,15,53,62,51,28,47,29,29,33
"Gene3334",80,172,118,146,79,149,99,98,103,187,45,150,97,120,60,223,139,109,86,85,30,149,105,164,135,105,67,99,85,130,74,66,89,98,75,202,60,120,67,112,103,76,83,121,96,92,117,148,88,116,151,102,160,188,282,140,91,129,70,69,124,102,195,73,115,198,105,104,36,155,106,54
"Gene3335",68,117,149,71,80,197,199,93,90,97,21,72,169,152,92,110,128,93,139,110,111,161,127,143,70,123,19,139,169,101,142,125,94,82,103,118,76,109,90,56,87,58,123,84,48,168,146,75,166,122,152,53,110,152,300,117,138,92,183,131,107,121,145,147,95,98,78,144,106,129,67,142
"Gene3336",4,8,10,8,4,7,6,7,7,12,4,3,6,3,2,6,1,3,8,10,8,9,9,3,6,3,2,0,1,0,0,1,9,6,3,10,5,11,4,12,7,6,3,19,8,4,9,7,14,11,6,3,5,8,12,8,3,23,4,7,6,9,7,7,2,3,4,3,11,4,6,3
"Gene3337",79,115,80,61,113,46,111,107,58,61,48,87,70,92,21,66,124,63,58,59,32,55,48,143,63,64,99,46,42,33,96,86,92,44,85,66,44,86,74,47,70,52,45,39,84,125,116,56,71,86,69,43,46,80,64,36,87,48,75,68,69,57,93,101,13,31,15,21,25,17,28,18
"Gene3338",7,5,4,4,9,10,3,3,11,5,5,3,1,5,10,13,8,4,12,5,12,6,6,7,7,7,2,6,12,10,5,8,6,1,1,2,11,5,7,6,9,9,9,7,5,4,11,12,4,3,11,8,2,9,6,5,4,8,1,4,10,1,3,4,5,3,2,4,6,5,4,10
"Gene3339",1315,547,1432,540,400,931,896,1326,211,399,578,952,783,1043,815,879,1245,1419,613,884,1403,345,692,782,1120,622,588,976,785,555,946,1359,533,621,638,1010,1166,604,664,641,861,681,676,652,866,1125,757,738,1165,815,524,558,720,461,449,1099,1076,664,463,786,577,769,890,746,492,1306,685,1156,490,519,613,654
"Gene3340",28,12,25,12,22,16,14,8,22,5,31,18,52,13,18,20,22,22,27,10,14,10,13,16,20,22,14,10,8,19,13,11,9,11,14,13,28,14,8,25,39,37,19,18,21,11,19,15,23,10,20,35,15,25,34,11,6,18,16,24,11,20,37,10,15,10,5,18,3,13,17,26
"Gene3341",721,605,587,337,322,547,247,384,292,418,598,444,152,732,446,254,383,235,787,283,258,637,307,206,648,477,767,233,441,535,149,521,243,244,285,286,139,646,528,231,401,306,523,301,279,308,589,394,217,317,345,244,529,319,346,232,285,795,327,241,667,472,528,324,505,676,392,409,281,214,503,443
"Gene3342",35,45,23,27,20,52,61,54,53,40,42,61,49,39,41,49,16,60,26,34,35,51,32,36,39,44,36,50,52,20,13,56,22,50,37,19,41,33,28,29,64,39,36,42,24,26,32,41,36,29,47,49,25,46,17,33,51,39,33,26,42,27,22,48,7,7,5,2,7,7,4,6
"Gene3343",56,109,109,127,71,78,62,128,118,137,78,113,127,129,96,104,61,129,116,106,79,68,123,191,106,53,116,242,97,97,120,147,139,73,160,151,117,94,105,45,142,148,143,73,70,99,102,144,149,62,112,113,67,90,163,87,145,131,83,102,79,128,132,99,100,40,101,134,106,164,113,180
"Gene3344",11,18,20,20,19,15,9,30,32,23,29,26,20,18,14,16,26,24,15,9,25,9,27,21,22,6,21,23,21,20,19,39,17,9,13,12,29,25,14,7,10,22,26,23,9,10,25,5,30,20,12,20,21,17,11,18,36,24,29,32,20,34,16,19,13,13,6,12,15,4,22,21
"Gene3345",97,39,54,75,38,62,103,63,76,50,90,63,71,81,31,114,59,69,56,77,48,62,80,50,73,67,109,26,20,60,28,61,39,32,80,67,47,60,62,64,30,80,34,71,52,171,54,58,59,99,139,69,53,69,62,18,38,60,82,58,30,86,72,64,54,47,81,54,21,73,27,91
"Gene3346",108,170,159,118,68,218,174,97,121,167,114,114,166,45,129,138,92,83,84,83,125,136,92,63,89,125,64,88,89,118,150,56,62,107,114,148,79,122,169,81,118,110,99,186,76,102,96,160,106,70,86,117,120,147,101,113,116,103,148,162,121,36,76,71,151,105,104,64,107,118,179,191
"Gene3347",220,292,140,258,282,187,232,374,304,494,524,542,495,432,121,248,494,298,310,281,414,264,278,260,438,348,371,347,355,338,544,266,402,473,244,299,635,462,359,284,204,391,272,316,318,371,248,147,296,315,729,439,379,204,346,348,585,282,432,443,355,329,378,414,292,248,186,331,404,313,279,390
"Gene3348",29,31,47,34,19,24,27,16,9,12,10,28,15,27,15,25,26,35,33,25,27,41,15,30,27,40,38,23,39,27,23,21,19,19,19,33,33,33,15,33,32,37,35,19,32,26,29,22,16,22,49,28,26,25,40,19,28,19,21,25,65,7,37,15,13,20,17,21,18,20,24,34
"Gene3349",5,5,8,8,12,13,16,11,20,8,3,6,9,5,6,16,10,22,12,18,11,6,10,6,19,5,6,11,14,10,26,10,5,3,6,7,8,5,5,3,9,16,10,14,7,8,8,12,4,3,8,6,5,17,2,17,7,7,4,12,9,6,6,6,56,37,48,44,68,49,45,61
"Gene3350",14,17,13,15,3,19,9,16,5,7,7,24,25,14,4,30,7,18,10,10,22,18,14,17,10,10,12,12,9,12,10,7,9,17,5,13,16,9,11,9,15,16,11,2,14,15,13,5,17,10,12,3,10,9,13,10,8,7,17,18,12,7,9,14,8,29,16,5,12,19,12,7
"Gene3351",56,112,117,18,64,39,43,36,61,49,19,58,38,43,52,39,63,71,103,82,29,70,69,72,100,107,55,61,73,88,51,73,81,54,42,55,86,80,79,36,81,62,71,33,40,50,54,66,63,38,66,126,98,87,55,107,66,123,29,36,37,60,60,88,62,59,35,40,60,78,28,27
"Gene3352",29,92,37,96,67,106,68,80,74,72,41,77,26,101,73,70,65,23,68,92,40,59,81,82,70,26,105,77,63,46,85,71,80,47,95,59,82,93,69,56,32,69,58,68,66,104,55,76,67,97,69,75,30,125,48,49,151,54,47,109,70,113,53,103,48,69,70,42,76,49,132,43
"Gene3353",27,42,64,19,78,87,29,47,21,51,52,57,48,49,45,43,30,37,19,35,70,55,77,23,69,40,33,28,23,44,45,17,36,59,33,52,37,38,67,8,41,33,23,22,44,29,34,67,48,58,63,17,27,73,29,31,47,33,61,70,12,38,54,65,36,25,52,45,30,10,90,16
"Gene3354",62,71,45,29,86,40,33,39,46,60,82,26,56,109,46,114,35,47,49,73,22,64,55,58,47,42,47,71,57,66,43,38,56,39,35,94,20,62,47,51,37,41,50,74,15,99,57,78,66,43,42,52,23,26,87,69,56,68,51,55,68,70,77,30,103,59,52,52,60,30,39,102
"Gene3355",51,42,44,52,41,36,66,62,50,80,35,21,48,57,31,34,82,38,41,67,55,28,39,37,26,27,57,44,46,42,37,72,48,55,30,27,35,48,34,30,22,29,40,43,54,37,62,39,56,51,22,40,50,28,24,42,29,34,49,28,43,30,17,36,18,70,39,36,29,53,28,33
"Gene3356",12,21,54,28,33,44,19,59,33,35,9,29,30,40,21,36,25,35,32,15,46,36,31,36,47,31,60,22,30,62,60,32,33,34,30,14,25,36,25,30,37,28,43,34,20,71,26,34,64,36,43,55,40,29,37,56,24,38,27,16,41,17,18,37,10,38,30,27,62,35,26,11
"Gene3357",936,837,530,940,826,707,1003,806,1079,1340,858,316,951,865,863,1069,1415,1656,525,812,848,484,838,853,1121,535,959,351,592,1573,1527,991,917,608,458,735,673,542,456,1491,713,1198,873,366,930,788,916,491,503,429,855,545,1106,521,706,639,785,955,863,1203,691,689,1374,1131,827,274,661,857,471,877,367,531
"Gene3358",105,43,22,92,63,66,58,35,38,80,59,44,57,77,53,88,107,61,44,49,57,60,67,28,63,49,66,92,63,33,89,52,71,112,62,66,40,72,74,22,36,65,70,60,20,50,91,54,83,69,80,85,32,66,42,47,53,47,63,84,55,65,44,51,267,395,284,262,341,293,364,302
"Gene3359",266,216,230,149,150,172,353,211,232,262,166,313,175,304,324,422,262,275,140,407,289,206,188,260,187,235,77,252,254,306,215,433,188,207,190,209,402,327,342,108,187,311,150,74,306,387,271,193,219,323,154,221,67,262,331,172,114,139,148,377,282,178,199,372,369,345,156,233,139,266,220,232
"Gene3360",1698,1253,1901,720,1025,1897,419,1418,1115,1095,1046,1871,622,1379,828,2287,426,1551,1751,857,1010,1292,1172,934,1310,839,532,1690,1380,1163,1490,1075,726,1151,1255,1512,2349,1433,1078,1222,1642,881,1633,920,1007,2036,1906,538,1435,986,681,1073,2123,1289,909,1289,1385,1044,1586,970,1295,1208,557,1050,1180,677,1056,1303,1172,865,1412,1011
"Gene3361",8,26,7,18,9,10,13,14,13,11,18,3,7,8,11,17,6,2,13,10,15,8,12,18,9,11,11,15,18,12,16,8,2,17,5,2,4,18,14,8,12,12,15,12,12,8,7,13,13,8,12,20,13,16,9,5,6,11,12,20,8,5,12,12,4,15,9,3,8,12,10,3
"Gene3362",41,59,28,52,52,51,47,21,36,66,26,33,49,31,74,31,37,47,46,30,82,28,65,44,55,41,61,48,79,32,42,78,40,74,35,27,46,50,27,30,70,29,37,43,46,33,70,57,70,51,46,40,42,52,66,62,54,38,49,32,33,35,46,41,5,9,13,10,8,8,9,4
"Gene3363",94,20,38,62,45,33,34,70,71,64,59,25,68,46,61,47,53,50,45,67,53,49,52,53,98,62,60,56,72,80,38,57,46,42,72,40,36,108,84,49,68,50,46,36,29,27,64,41,55,42,35,33,62,74,73,66,17,21,59,46,48,46,70,55,25,44,60,57,63,77,56,52
"Gene3364",498,111,438,264,154,169,179,318,153,164,261,248,179,186,107,234,247,363,283,286,212,93,193,200,237,119,128,214,210,157,189,308,210,157,348,279,193,290,314,219,185,422,157,434,266,349,198,254,239,153,124,290,289,302,371,266,178,191,161,261,425,447,162,202,163,202,371,194,184,197,285,470
"Gene3365",37,36,39,34,21,17,23,64,39,34,35,36,20,35,26,33,44,33,31,39,26,36,40,49,42,33,84,59,19,42,56,55,18,44,63,26,26,36,36,19,50,66,32,31,75,45,32,41,42,27,36,36,38,28,43,41,28,30,37,32,47,13,52,40,30,30,40,35,38,20,45,47
"Gene3366",52,93,74,75,59,86,72,107,86,77,42,57,72,97,33,39,75,38,78,75,124,44,64,86,73,126,70,36,35,96,108,85,78,118,77,80,75,82,65,128,127,48,78,56,69,58,92,71,62,81,88,48,146,89,87,145,55,129,32,91,103,161,57,83,71,85,37,72,68,171,54,69
"Gene3367",77,74,41,77,80,71,72,74,31,72,45,105,79,65,62,44,98,56,76,46,85,59,59,57,55,38,40,95,51,92,51,112,108,45,105,59,47,43,122,97,58,82,64,94,80,52,69,60,399,450,372,508,528,427,444,466,48,78,71,55,53,48,61,57,39,37,73,63,89,43,46,48
"Gene3368",39,112,135,96,33,57,36,118,73,59,71,61,66,99,131,58,93,49,81,79,84,68,82,41,116,30,33,82,81,59,102,51,58,128,77,80,56,87,91,55,69,67,62,57,41,22,66,103,81,47,81,38,57,50,155,119,50,89,51,52,44,71,118,64,117,60,36,116,71,113,44,59
"Gene3369",24,32,41,46,14,33,36,46,19,8,19,20,22,32,11,33,23,29,16,26,32,19,22,36,9,18,18,22,16,13,22,26,19,23,31,19,42,23,14,19,21,29,21,25,30,27,19,14,27,21,27,31,8,40,28,27,14,20,22,30,12,31,15,32,8,16,32,38,40,8,26,46
"Gene3370",1150,1174,956,1131,1754,959,1299,1719,1692,780,1385,1196,1265,1112,1605,1553,1678,1147,767,1338,955,522,1381,720,1161,445,1315,595,2115,1597,1638,642,990,1235,1139,1430,1416,1300,1262,1267,1252,1065,1301,1167,1468,1420,1226,1643,1296,946,1413,924,1972,1009,1075,1283,1542,928,1643,1265,632,1288,2474,955,1056,2130,704,1398,1824,974,1457,839
"Gene3371",11,19,18,9,5,9,12,27,15,17,10,10,20,19,10,14,6,18,24,14,22,16,14,12,3,8,16,12,26,16,21,16,13,21,13,14,20,22,29,10,25,15,14,23,24,11,14,16,12,12,14,11,14,6,10,15,19,11,6,18,14,10,20,17,10,13,20,16,16,10,13,2
"Gene3372",31,30,32,42,22,43,34,47,31,43,49,27,34,79,32,51,47,49,34,30,31,23,25,43,27,49,30,51,25,39,65,38,20,39,71,45,23,56,65,20,33,23,33,10,42,63,29,41,13,28,54,51,16,59,27,27,39,20,37,23,37,60,56,39,19,27,21,66,30,47,56,32
"Gene3373",62,83,90,27,92,134,82,86,121,111,107,120,115,127,74,87,98,53,65,88,132,94,100,30,78,97,112,103,95,43,86,120,96,66,42,64,93,113,117,147,87,101,107,101,114,125,106,75,116,94,58,110,50,70,95,95,110,81,96,140,61,31,82,92,73,92,48,97,94,118,108,83
"Gene3374",50,100,75,48,44,102,120,141,107,130,74,87,126,115,81,109,59,33,151,104,64,87,51,51,90,62,76,109,103,53,48,42,148,96,67,82,125,81,120,65,74,83,38,64,79,84,141,29,51,102,103,71,74,98,109,74,49,71,85,86,86,81,115,96,137,109,117,155,84,67,67,84
"Gene3375",10,23,7,21,6,12,7,19,11,7,7,20,7,16,15,17,3,13,11,10,7,17,11,10,2,12,8,13,11,7,18,20,14,6,7,22,12,20,12,19,21,8,13,7,3,16,18,10,17,19,11,8,11,14,13,28,14,10,13,11,11,6,6,3,19,6,16,13,18,12,1,5
"Gene3376",69,25,55,35,59,41,26,56,42,29,55,61,81,68,48,44,35,28,31,37,46,52,50,40,48,38,36,78,47,10,54,38,34,34,64,47,53,33,34,79,79,44,20,86,48,72,60,32,61,46,25,30,19,52,46,56,46,31,24,55,71,30,46,37,48,43,63,26,28,25,54,66
"Gene3377",13,7,11,10,10,15,10,13,6,16,16,13,8,4,9,13,15,20,13,6,7,7,6,5,7,10,11,6,13,8,23,6,11,16,12,4,13,8,7,4,26,7,10,9,19,19,11,16,5,14,7,11,18,6,12,10,14,10,10,8,15,8,14,11,14,8,13,18,26,10,15,19
"Gene3378",187,139,99,152,182,184,214,162,161,238,175,152,114,138,241,208,344,140,176,56,160,149,237,246,128,128,174,82,177,92,295,189,178,136,293,91,120,211,136,213,155,259,176,223,293,150,92,87,111,128,125,128,212,154,213,161,200,122,188,131,190,146,255,309,121,192,150,69,216,139,172,155
"Gene3379",18,14,20,30,24,31,14,35,8,22,4,11,19,24,14,10,21,10,7,19,14,12,15,18,27,17,25,31,10,12,27,40,24,15,14,30,38,13,23,16,12,28,19,23,27,26,32,6,8,16,31,17,26,21,18,15,13,39,34,18,6,27,20,20,20,20,15,20,15,22,18,62
"Gene3380",22,10,18,12,5,10,19,9,35,8,18,11,20,17,10,19,11,23,20,6,24,12,15,10,18,18,13,4,7,24,20,13,32,12,16,15,15,12,17,17,14,20,7,5,14,10,15,7,10,9,10,21,16,5,12,20,21,25,10,15,6,7,24,6,6,12,11,18,14,8,9,9
"Gene3381",43,33,56,73,26,94,25,52,54,65,50,18,53,90,58,52,56,35,48,60,43,47,58,84,40,61,29,53,46,20,42,54,80,18,117,40,44,35,28,54,22,81,35,156,26,32,39,57,57,40,62,33,92,43,95,35,47,48,38,99,54,50,30,42,46,66,75,73,46,84,29,70
"Gene3382",23,7,14,7,23,14,15,12,5,11,2,13,14,14,17,12,7,9,15,18,7,5,13,11,25,17,14,20,11,10,3,17,19,14,9,18,20,11,9,11,10,12,18,12,13,18,7,6,13,14,14,8,14,12,10,18,16,13,9,7,29,8,12,5,5,5,19,7,10,8,14,6
"Gene3383",67,95,131,35,69,65,65,30,50,30,92,62,90,42,96,94,115,70,75,79,104,29,100,62,60,52,96,50,124,40,61,64,63,79,91,72,81,47,53,58,38,53,52,80,40,63,20,46,28,63,72,59,82,59,48,48,41,65,63,89,67,71,94,62,8,11,6,10,12,6,16,12
"Gene3384",31,57,35,24,39,15,19,48,18,15,35,21,54,33,19,45,25,36,22,21,30,16,28,16,17,43,16,26,17,24,16,16,25,24,30,31,35,37,19,24,57,25,41,31,16,15,17,60,34,21,13,46,12,40,27,42,28,28,33,16,32,45,30,21,23,35,54,24,36,26,19,43
"Gene3385",30,25,21,27,42,36,28,26,22,33,38,15,27,29,19,19,22,43,29,30,27,25,23,16,33,21,16,22,27,16,28,41,38,37,30,49,15,32,28,12,20,29,34,25,47,40,27,17,29,34,35,17,52,35,18,43,25,26,45,20,27,33,41,30,24,30,29,28,11,49,7,9
"Gene3386",11,8,11,9,16,2,7,14,17,5,9,22,9,5,2,7,7,3,6,5,4,7,6,18,6,2,5,10,5,10,12,4,7,8,11,2,9,9,18,6,4,5,12,6,7,8,7,8,9,5,2,3,9,8,8,11,6,4,3,9,4,10,7,7,5,8,11,6,3,6,13,0
"Gene3387",0,5,3,4,1,3,7,5,1,2,1,6,4,2,1,11,1,3,3,2,1,2,2,4,3,2,0,3,1,3,2,1,1,0,3,4,2,1,3,1,5,2,1,0,3,1,6,0,3,1,3,3,2,5,2,5,0,4,0,1,3,5,2,8,4,1,5,3,1,3,7,1
"Gene3388",206,150,336,280,180,372,116,169,182,201,171,186,222,316,282,234,202,175,281,125,193,204,211,202,309,155,290,249,319,182,233,258,170,367,232,132,163,229,124,133,164,216,254,225,224,200,279,210,21,39,32,49,47,28,35,15,312,102,363,231,214,250,94,142,227,215,217,253,262,234,129,205
"Gene3389",374,627,398,425,473,726,547,246,335,456,698,640,660,438,317,568,460,376,476,782,312,353,956,404,278,765,346,229,302,345,352,254,394,335,206,418,427,552,552,715,775,398,314,390,561,265,345,411,470,161,547,336,508,178,255,504,465,329,499,610,488,369,375,510,445,534,412,168,579,583,564,428
"Gene3390",181,214,133,264,332,140,188,359,154,346,174,169,351,304,119,227,214,173,164,160,223,347,265,394,211,228,258,192,229,265,266,64,312,195,321,366,351,244,283,289,272,294,303,315,221,262,222,255,133,314,262,425,110,179,159,188,444,376,170,273,205,183,152,471,171,242,191,225,171,395,131,264
"Gene3391",58,37,25,56,37,36,28,48,66,67,32,68,53,30,64,43,57,48,83,21,43,23,58,51,34,61,59,28,20,53,39,20,45,35,72,48,56,80,29,30,62,43,91,34,39,71,35,38,44,35,80,91,31,20,25,54,69,69,81,35,53,36,99,50,55,30,68,68,69,40,31,32
"Gene3392",50,86,60,61,32,33,55,74,83,109,74,71,89,50,19,57,127,76,48,89,29,62,62,89,56,74,101,62,44,81,36,68,96,49,98,101,116,104,48,46,49,73,140,82,82,24,40,67,61,97,53,92,27,32,97,44,103,68,47,33,73,62,103,100,87,168,92,49,56,71,55,54
"Gene3393",57,35,113,60,124,98,94,89,112,126,80,108,61,57,42,40,82,108,44,47,43,123,77,98,44,53,155,71,86,76,73,101,77,97,64,89,93,83,87,60,48,48,49,56,143,44,104,95,76,98,59,98,84,78,70,115,75,80,78,95,66,143,91,63,70,31,81,87,79,91,61,77
"Gene3394",23,42,21,23,43,57,42,34,52,37,38,42,35,35,28,65,40,32,45,49,13,50,37,32,50,35,49,42,21,23,38,56,24,22,31,50,40,19,23,71,49,13,36,25,42,62,24,13,21,81,44,45,43,8,29,56,5,39,32,48,31,19,48,45,67,29,56,22,48,23,47,51
"Gene3395",109,108,94,103,81,163,127,87,150,141,82,125,52,115,107,114,128,64,81,69,139,174,59,87,141,171,179,39,117,157,40,149,110,89,148,62,89,74,79,103,109,49,83,33,96,61,54,85,64,56,140,79,96,66,130,85,55,26,69,111,81,84,143,55,102,60,55,140,115,114,113,116
"Gene3396",118,117,185,120,230,130,157,136,119,95,183,136,165,216,112,203,116,122,190,241,157,216,256,245,258,126,143,144,101,153,191,253,217,164,73,74,115,155,197,120,218,125,139,84,140,175,112,110,105,140,170,70,194,85,39,170,236,138,111,159,162,118,209,194,226,116,177,97,130,220,64,147
"Gene3397",122,136,268,178,170,228,215,96,149,215,133,214,153,273,83,104,61,94,206,87,200,223,189,113,117,144,201,170,254,194,332,109,153,165,246,223,118,103,181,94,200,113,83,279,320,123,122,322,79,84,143,114,127,211,75,89,129,111,77,275,220,80,58,124,200,49,163,202,133,164,210,226
"Gene3398",130,354,339,452,191,310,156,137,182,266,339,361,168,183,109,126,269,370,134,155,266,221,279,225,273,165,217,127,332,134,276,187,222,192,268,363,252,160,276,156,174,133,158,204,257,401,146,91,273,230,274,318,263,353,236,125,245,191,224,163,195,171,245,204,1237,1729,1246,1640,1485,1523,1602,1319
"Gene3399",27,28,39,49,42,29,49,43,24,70,52,43,26,15,13,37,20,27,51,30,66,38,23,31,51,28,40,38,8,30,27,35,28,19,17,22,47,33,30,37,34,65,47,45,51,27,38,17,30,22,27,36,28,34,22,41,28,24,41,26,58,33,40,43,19,44,48,34,43,24,24,45
"Gene3400",113,96,64,76,88,66,77,115,39,66,113,87,58,65,38,138,83,90,55,103,33,71,44,72,97,92,81,80,63,101,82,62,41,113,116,34,74,54,130,101,65,82,56,87,143,97,85,60,34,83,127,83,87,44,118,120,76,100,48,100,83,48,39,73,81,108,41,67,103,78,101,58
"Gene3401",45,43,15,58,21,64,51,31,55,21,19,82,30,52,58,17,64,13,88,32,32,65,36,53,47,64,50,35,54,40,64,76,43,44,49,57,40,38,22,30,48,67,38,31,48,20,18,86,47,29,34,50,58,28,33,50,51,47,42,47,43,64,56,54,159,149,135,130,165,151,165,115
"Gene3402",15,24,12,2,30,10,7,12,3,6,21,7,15,15,13,18,6,2,23,14,12,18,7,10,11,12,15,16,6,10,12,8,10,6,12,13,17,10,10,12,20,10,11,16,24,9,13,3,9,12,15,15,15,12,10,6,6,17,20,17,5,17,16,9,13,12,4,8,11,6,10,2
"Gene3403",23,38,18,19,24,20,6,14,7,19,29,25,22,26,15,13,9,36,16,18,19,15,16,10,13,20,21,17,24,43,23,22,7,24,18,19,23,9,40,28,9,22,24,18,18,17,26,16,12,6,21,26,21,27,24,10,23,19,17,18,41,25,14,22,17,19,30,18,14,12,9,21
"Gene3404",75,55,43,38,53,46,51,27,35,33,38,19,25,56,64,22,42,39,38,59,22,49,51,65,51,29,20,40,56,53,43,31,62,37,46,39,46,59,41,46,81,48,25,14,36,70,35,47,39,31,37,31,31,43,33,27,35,39,24,33,57,40,42,54,49,51,37,49,33,22,29,17
"Gene3405",71,44,70,49,104,120,79,138,63,49,116,84,64,57,38,62,66,142,48,56,37,56,60,51,71,123,81,74,105,93,67,77,88,124,66,79,96,82,58,98,76,64,42,38,56,89,133,124,75,98,69,91,41,66,70,33,77,61,35,100,60,59,47,79,41,74,58,41,52,54,64,53
"Gene3406",228,252,293,286,283,250,289,92,172,271,225,177,90,302,114,289,314,209,290,221,413,221,259,161,195,266,188,177,160,182,250,274,180,266,205,262,170,223,233,276,408,238,198,336,192,260,247,157,160,107,246,277,293,413,209,497,173,200,124,214,281,199,197,342,147,184,314,291,176,270,239,175
"Gene3407",87,216,151,78,128,109,137,149,194,65,76,98,162,137,294,325,257,211,97,172,143,99,74,86,139,185,184,78,300,131,219,128,105,166,190,134,100,156,99,135,211,122,153,217,109,144,163,204,146,104,99,135,107,120,86,103,95,99,226,141,103,156,46,114,93,74,104,107,70,247,146,188
"Gene3408",30,2,21,3,10,34,5,18,9,19,13,32,11,16,13,14,6,15,8,17,17,23,4,12,11,7,7,13,14,31,11,16,14,14,9,21,5,19,10,17,7,19,8,10,14,17,3,12,3,30,13,11,11,24,13,8,12,15,14,16,16,11,9,6,22,21,4,7,13,15,17,10
"Gene3409",138,219,107,92,121,120,88,113,138,98,111,97,152,122,83,46,180,139,196,89,95,118,130,58,80,51,114,85,80,67,78,58,39,123,86,74,69,74,44,167,162,94,70,73,132,130,62,145,54,109,73,187,109,146,90,98,126,60,150,93,118,184,150,93,123,97,182,91,102,45,73,52
"Gene3410",9,23,5,18,18,16,8,18,41,20,41,10,28,21,15,36,18,28,16,26,17,22,17,14,16,8,23,13,18,19,29,21,8,17,21,13,15,13,12,14,15,14,7,20,12,17,25,12,24,23,15,9,29,15,10,30,4,9,10,7,20,9,21,23,23,15,25,20,16,24,13,23
"Gene3411",219,103,82,266,227,134,90,163,170,219,141,177,124,204,261,148,105,161,133,197,119,197,161,214,213,109,214,105,67,280,120,247,164,179,178,223,155,193,215,257,260,101,133,162,162,93,112,59,206,202,167,178,198,260,161,209,116,222,151,161,201,96,200,187,51,171,139,176,98,122,149,66
"Gene3412",11,26,48,17,21,16,20,10,15,18,21,22,13,18,7,13,23,7,16,13,26,21,16,4,26,10,31,27,20,17,15,7,23,21,21,16,23,11,15,17,15,23,22,17,19,29,14,10,11,21,15,22,21,35,38,14,17,10,10,29,23,13,19,30,12,10,20,19,20,23,28,24
"Gene3413",10,10,15,11,26,21,11,16,7,14,14,13,7,18,6,3,17,12,5,16,26,18,21,7,9,23,23,15,7,14,22,11,20,23,18,12,7,7,10,11,16,9,28,13,12,20,14,5,22,13,7,7,7,18,20,18,3,5,8,7,12,25,9,12,9,11,13,16,13,4,6,5
"Gene3414",60,78,34,124,65,96,63,48,51,89,42,50,102,81,54,40,71,40,52,25,20,99,31,38,35,76,63,68,81,41,51,58,36,81,59,55,49,93,63,50,37,32,75,77,78,64,66,35,32,61,63,66,78,68,94,48,62,83,35,40,104,73,95,62,32,71,47,30,75,67,71,68
"Gene3415",27,18,17,10,27,26,3,21,19,27,22,23,15,22,14,29,15,11,14,17,25,24,22,49,23,23,20,30,8,27,21,12,23,11,16,30,12,22,20,20,20,23,20,13,13,27,30,20,35,18,23,22,32,25,12,24,14,20,19,4,40,14,25,20,10,9,23,22,3,18,9,13
"Gene3416",309,295,226,249,242,255,245,92,198,230,246,178,174,178,219,151,253,172,147,127,168,202,150,328,157,191,151,211,270,202,270,123,115,219,169,116,96,321,172,141,150,217,105,226,135,141,160,227,190,158,107,110,187,296,249,234,250,198,191,109,189,327,174,149,343,145,165,174,454,198,151,167
"Gene3417",1,20,15,29,7,10,5,10,14,27,17,8,17,13,9,8,5,16,14,13,6,18,21,17,5,9,5,13,21,9,15,17,12,19,7,6,8,26,21,10,24,9,24,32,16,18,6,18,13,4,7,20,17,17,13,16,20,16,22,22,20,28,22,30,4,14,16,9,18,14,9,4
"Gene3418",74,76,153,150,142,98,133,75,64,98,114,95,91,69,129,126,81,121,75,82,129,58,56,102,62,102,148,98,170,53,18,113,140,72,131,131,46,113,66,97,50,138,40,71,58,99,133,110,76,99,71,145,204,141,67,77,72,73,113,201,137,71,70,60,44,70,88,95,143,32,48,52
"Gene3419",154,110,113,195,161,239,170,164,201,80,109,135,202,166,194,160,165,277,188,181,150,119,137,159,257,226,177,276,116,81,145,224,192,138,269,232,211,128,185,110,183,242,200,193,155,79,187,163,81,203,222,121,88,329,251,104,141,217,245,200,113,122,152,131,243,260,169,254,271,222,63,194
"Gene3420",26,40,31,47,25,43,25,29,33,18,35,32,22,23,25,55,35,33,39,28,36,36,27,32,36,32,49,51,22,42,38,34,14,27,54,10,30,20,49,18,37,17,46,44,24,40,29,35,38,20,65,21,45,29,15,71,32,14,49,36,33,24,30,40,35,70,56,29,47,24,44,23
"Gene3421",55,100,162,153,77,116,69,103,92,94,146,170,37,67,115,125,46,64,79,16,123,60,121,63,121,68,59,92,136,87,27,100,52,136,126,100,130,168,150,77,108,52,54,125,75,107,118,140,98,100,40,96,81,52,45,119,135,72,105,109,79,95,106,77,714,582,729,567,603,719,667,652
"Gene3422",27,26,24,39,24,16,22,18,25,22,23,34,67,52,24,34,15,25,25,51,26,35,45,29,25,9,29,24,22,19,32,30,25,25,25,43,41,14,20,22,28,31,28,35,52,25,26,26,63,24,38,17,15,34,30,42,40,27,33,22,33,20,37,28,64,77,90,95,77,112,64,97
"Gene3423",27,11,8,11,17,15,21,20,10,14,25,25,19,16,9,9,22,7,11,11,19,6,25,5,14,15,14,18,12,23,5,22,21,17,7,14,9,10,12,5,12,7,14,24,15,17,16,20,7,17,29,21,9,8,9,9,12,10,15,6,8,8,4,19,9,4,11,8,9,12,14,14
"Gene3424",4,5,6,1,5,5,2,1,8,4,4,4,4,3,4,0,3,0,3,6,5,1,1,0,8,4,1,1,1,3,3,4,2,7,9,3,3,5,2,2,1,4,3,0,1,8,0,9,5,7,3,4,5,1,3,7,3,3,2,1,2,1,2,5,4,2,4,3,1,10,2,0
"Gene3425",22,37,6,16,10,15,17,28,21,13,13,5,20,10,17,35,13,31,31,12,19,18,19,14,12,17,18,23,23,25,12,21,19,19,12,12,17,18,10,26,28,21,8,21,21,14,16,7,26,25,14,15,9,15,14,14,16,30,13,14,27,27,33,19,21,16,6,13,25,33,16,15
"Gene3426",52,81,132,88,45,90,51,91,62,105,86,50,69,56,48,103,79,81,90,81,92,94,82,79,121,104,94,121,148,132,134,124,48,83,69,67,79,118,121,105,112,64,39,65,79,94,63,62,75,49,92,111,73,96,143,141,79,124,87,74,89,93,39,58,128,51,102,108,156,92,75,65
"Gene3427",63,40,29,54,29,29,40,88,28,84,72,42,47,45,43,77,55,66,64,74,79,103,57,83,84,66,57,77,40,90,58,38,40,67,88,57,72,65,68,40,57,52,49,60,39,65,37,85,77,60,66,116,71,46,98,112,44,35,87,20,59,82,67,80,67,59,48,63,92,30,83,56
"Gene3428",16,16,9,16,10,20,8,19,21,16,11,23,16,15,19,10,10,11,15,9,26,13,9,16,9,11,11,23,13,12,23,12,19,16,9,21,26,22,12,14,14,15,8,11,17,33,14,9,16,34,23,10,28,19,18,20,13,20,4,4,17,9,25,17,16,8,18,15,14,15,23,13
"Gene3429",49,28,24,36,63,49,45,32,64,66,28,52,34,39,40,87,50,53,45,50,48,52,74,71,63,88,51,23,35,27,27,51,16,25,60,32,46,58,68,48,51,65,39,28,68,51,25,23,69,51,57,26,37,39,49,53,76,28,47,39,41,19,43,57,40,61,43,44,30,52,24,26
"Gene3430",4,4,1,0,4,4,2,2,6,5,2,6,1,6,3,0,3,1,1,4,3,5,4,4,4,6,0,0,6,0,1,1,0,7,0,0,11,4,1,3,2,5,0,4,1,4,7,2,2,2,1,0,0,1,1,0,5,2,9,5,0,1,2,4,7,4,2,4,3,3,3,4
"Gene3431",117,120,123,131,112,92,95,174,98,117,108,107,177,159,143,157,163,71,157,303,100,73,249,83,188,85,107,141,210,89,259,171,111,124,163,144,132,267,231,136,130,242,147,80,208,90,58,230,196,71,121,152,178,155,54,148,156,167,180,118,115,182,66,207,129,113,281,194,71,127,182,157
"Gene3432",16,35,18,13,11,13,24,24,22,13,29,7,15,18,7,9,21,25,26,20,18,32,19,12,18,10,17,20,33,15,11,7,14,21,25,24,23,16,22,17,9,15,14,17,15,20,15,14,38,33,20,19,11,21,11,16,20,28,19,16,17,29,17,20,6,1,5,9,6,3,11,0
"Gene3433",26,25,52,50,28,67,48,23,31,52,59,35,34,46,33,33,50,77,38,38,28,35,59,39,16,60,45,38,63,42,43,19,68,30,23,10,83,16,72,41,50,30,40,68,29,30,83,58,31,50,47,46,49,84,44,17,57,53,39,36,48,31,33,39,55,25,50,12,59,81,28,61
"Gene3434",71,87,57,172,123,94,83,105,82,123,226,98,80,106,110,70,147,63,112,94,114,81,115,78,94,100,20,20,16,14,27,15,35,81,71,125,90,101,79,60,83,67,91,166,131,156,141,81,101,167,40,56,102,104,75,160,63,80,38,46,71,41,61,83,175,117,159,145,112,63,123,95
"Gene3435",14,9,13,25,18,9,44,14,7,15,20,28,34,15,19,22,21,27,14,7,20,8,8,8,21,21,29,19,19,29,23,10,9,7,36,23,22,15,23,17,20,19,21,10,18,17,21,25,27,6,15,17,9,21,12,29,12,23,13,29,24,27,24,12,22,14,14,33,21,12,13,11
"Gene3436",379,201,458,335,351,201,358,372,451,333,294,341,265,685,425,244,365,361,382,395,321,219,350,389,227,234,283,307,253,201,361,354,242,147,552,387,382,327,316,333,396,413,356,505,306,553,261,366,101,384,315,389,322,230,275,232,451,315,269,235,269,448,385,260,194,285,210,187,311,301,85,295
"Gene3437",113,76,39,63,74,43,110,122,107,50,65,125,56,119,114,49,68,65,95,109,37,65,78,73,46,85,94,32,95,152,85,77,91,193,70,80,64,63,47,116,87,32,114,59,80,125,76,69,26,55,73,85,92,38,74,99,105,111,61,52,76,77,48,77,37,99,149,70,47,118,136,134
"Gene3438",76,91,90,43,65,146,73,86,58,92,111,111,96,35,92,94,119,60,80,68,62,68,109,73,91,38,67,66,102,154,78,97,74,60,36,158,82,70,47,160,117,61,29,95,116,49,57,86,59,92,66,82,88,59,80,49,117,54,83,72,119,63,57,142,43,65,97,98,77,74,106,117
"Gene3439",81,214,115,231,65,300,99,75,147,240,57,154,157,165,243,237,158,129,119,390,200,168,223,79,151,157,124,60,213,99,146,396,114,94,115,123,76,114,206,102,103,209,115,171,122,106,142,75,137,124,173,120,126,188,96,89,211,94,92,91,87,56,213,167,135,260,113,175,89,158,88,305
"Gene3440",131,155,74,120,171,116,268,168,232,178,54,131,289,117,182,101,217,163,98,209,167,52,161,133,202,116,137,208,227,98,245,199,181,125,215,266,139,144,143,114,259,219,175,162,179,202,96,185,67,229,178,281,171,154,155,106,182,259,129,126,41,136,249,214,67,145,224,205,185,125,268,70
"Gene3441",102,163,155,116,87,120,64,100,88,115,180,94,128,195,107,79,36,117,141,96,111,160,95,107,98,59,148,130,121,19,108,51,99,143,168,87,126,61,115,114,125,63,74,157,85,37,74,44,113,62,99,117,71,59,131,111,60,40,145,98,142,59,97,154,103,99,147,69,193,73,105,107
"Gene3442",494,1654,549,1321,594,790,683,1176,1042,1002,979,885,1012,940,609,1040,551,2778,1026,791,650,1144,1193,1636,1132,801,1219,403,979,713,586,741,959,704,1109,626,503,560,873,563,1102,667,856,685,488,1187,1039,1541,973,744,1318,596,1151,776,1239,564,723,783,846,1125,1895,1546,453,298,1229,367,1111,1494,1473,1458,1191,471
"Gene3443",31,31,27,25,22,34,42,35,23,31,32,18,55,65,30,17,68,34,37,27,15,8,32,25,23,21,26,16,30,31,25,15,20,12,22,29,34,16,34,42,39,18,25,19,31,20,20,42,31,15,17,22,13,23,27,19,24,23,15,13,22,34,16,19,38,18,27,19,9,30,14,12
"Gene3444",406,305,351,345,321,182,271,318,330,149,220,204,340,172,219,343,412,232,334,320,332,277,317,455,182,238,405,192,581,548,309,396,355,439,326,346,237,287,214,166,494,355,388,539,360,384,230,535,238,453,205,323,293,444,293,357,652,304,355,565,390,324,294,249,232,249,437,339,329,356,554,382
"Gene3445",13,8,10,7,9,16,16,7,14,16,10,11,7,16,7,16,8,17,10,16,6,10,18,11,24,5,17,7,17,4,10,12,10,22,19,20,4,9,10,8,9,12,6,12,6,8,11,16,10,10,4,14,5,11,8,9,8,5,10,9,22,16,4,12,9,9,11,11,13,5,11,11
"Gene3446",26,21,24,24,40,45,34,18,25,34,19,20,30,19,24,32,37,14,32,43,26,13,14,34,19,45,30,31,25,31,21,21,20,10,26,37,45,39,19,20,25,22,28,53,23,17,24,37,9,37,44,23,22,21,31,27,34,34,24,59,14,29,35,39,46,18,18,47,17,46,20,32
"Gene3447",10,48,18,25,17,16,63,23,21,37,15,22,30,34,23,39,20,25,44,23,17,63,40,20,50,37,49,43,25,24,36,13,25,23,23,21,21,13,22,56,32,29,40,57,47,48,45,24,17,20,24,41,20,15,53,36,33,41,31,30,13,38,47,28,25,21,20,27,46,18,24,19
"Gene3448",30,19,4,19,11,13,20,12,33,15,20,11,18,14,21,21,7,15,15,12,23,19,5,28,17,22,24,26,17,22,20,22,37,15,11,17,13,19,17,18,26,12,23,19,17,19,12,21,35,32,29,16,20,10,6,16,25,17,11,8,14,12,33,33,17,20,13,31,25,8,14,18
"Gene3449",76,63,36,60,61,66,60,16,139,48,41,73,50,54,62,36,77,91,60,60,53,77,47,64,91,61,91,81,39,79,82,45,46,64,150,23,84,56,90,99,72,69,33,52,57,55,81,42,90,52,110,50,57,102,90,52,51,59,59,49,60,82,57,53,9,6,13,5,14,14,15,8
"Gene3450",53,115,68,169,114,89,138,146,214,157,28,146,133,153,61,160,108,148,210,123,123,190,123,127,84,116,104,101,167,125,206,96,212,168,110,119,151,125,175,103,106,104,170,91,127,84,200,194,120,162,65,62,143,152,152,125,166,122,87,106,116,163,111,115,49,88,70,68,143,73,148,92
"Gene3451",27,14,16,21,21,15,19,15,17,37,14,33,9,28,20,24,27,30,14,6,18,14,8,38,9,31,9,17,22,15,14,13,33,12,8,20,35,24,18,25,28,25,19,50,8,20,18,18,19,27,30,11,34,22,20,13,9,24,19,43,10,10,19,14,18,20,16,19,32,14,8,19
"Gene3452",48,112,143,101,74,94,84,97,76,131,83,123,76,82,63,38,72,123,50,48,63,76,81,35,89,141,95,70,92,34,80,97,78,138,152,102,94,56,78,40,84,45,156,47,131,59,66,73,45,74,125,68,45,37,109,104,86,134,85,113,72,122,45,67,61,35,56,60,144,134,103,54
"Gene3453",157,206,199,138,71,135,122,52,100,91,114,176,102,110,85,181,131,103,57,85,108,104,143,122,110,92,124,125,110,116,119,215,190,131,75,141,64,104,150,81,176,115,44,172,138,73,118,69,109,136,112,117,55,144,65,182,53,127,112,82,81,149,190,89,160,136,118,41,126,152,61,115
"Gene3454",57,61,32,110,44,77,52,63,26,19,55,36,43,33,61,90,91,91,95,99,53,44,52,82,57,90,37,52,20,36,36,59,73,54,101,65,87,107,88,38,58,30,69,73,70,36,48,83,45,64,35,89,61,78,47,20,49,114,76,72,94,106,31,39,58,45,76,96,57,48,54,83
"Gene3455",10,24,27,32,18,18,32,12,18,26,26,23,23,27,22,16,15,26,9,24,24,19,34,20,34,13,16,18,25,19,35,28,14,26,17,41,15,30,28,16,16,14,30,25,15,19,19,24,12,18,10,12,15,34,8,11,30,21,32,25,22,30,15,13,26,26,35,11,29,11,17,11
"Gene3456",14,13,14,9,8,11,12,19,15,24,17,17,25,19,13,12,20,16,13,20,7,7,3,11,20,7,5,21,22,15,9,24,6,16,19,8,8,17,10,18,20,14,8,16,9,11,23,12,28,5,19,18,8,11,6,19,7,25,24,11,16,7,26,19,7,4,11,20,14,13,12,11
"Gene3457",31,7,14,13,8,28,30,13,18,16,11,14,12,22,10,17,22,18,12,17,14,26,25,31,18,23,13,18,18,28,25,26,23,19,18,16,33,18,37,15,24,14,35,18,21,5,11,7,34,21,23,23,21,19,19,23,15,20,30,21,12,6,25,19,20,30,26,23,14,10,27,13
"Gene3458",82,78,78,54,107,139,104,95,98,159,97,70,20,122,140,125,77,86,80,105,93,36,112,134,149,92,83,87,107,108,106,115,104,80,95,120,120,124,78,197,135,92,58,160,64,190,110,81,82,91,139,179,146,133,56,40,159,117,54,63,154,54,82,65,160,139,57,153,69,116,78,89
"Gene3459",738,549,408,510,291,591,316,545,203,223,666,500,364,238,502,453,384,457,196,436,199,611,547,804,747,366,580,252,477,373,533,758,301,497,333,216,555,404,417,363,660,431,587,279,543,378,307,375,366,372,347,334,535,457,569,494,449,230,305,261,627,469,595,862,726,293,357,568,327,421,467,335
"Gene3460",25,24,20,47,32,33,33,19,22,32,37,23,43,21,28,14,26,15,28,20,34,28,12,18,17,18,19,16,30,21,34,24,20,15,20,27,27,28,39,22,42,12,26,13,12,36,27,23,25,23,23,37,31,35,30,28,14,29,18,25,34,13,20,48,11,16,21,45,23,24,13,13
"Gene3461",495,170,350,176,763,108,415,175,311,332,313,254,312,192,194,286,606,334,299,299,358,205,275,220,364,265,418,198,524,316,224,528,289,185,363,475,342,297,498,445,229,363,385,221,297,257,387,491,484,258,330,234,441,310,431,308,237,259,226,144,598,243,282,177,893,286,347,254,197,186,317,305
"Gene3462",6,6,8,18,10,12,7,6,14,11,13,7,14,24,10,25,13,9,27,16,15,8,22,9,28,12,10,26,12,18,23,21,14,22,14,13,13,13,13,18,9,15,12,10,12,10,16,14,24,6,10,12,32,22,28,17,9,13,13,17,20,21,18,23,2,3,2,4,2,6,3,1
"Gene3463",26,8,22,49,34,49,37,31,46,25,44,38,23,49,23,37,18,27,14,24,39,21,22,11,17,34,20,25,36,56,18,22,28,24,14,22,33,20,19,39,24,54,30,10,17,21,28,17,34,18,14,29,33,30,28,36,19,12,20,29,36,35,27,24,39,22,38,23,10,21,25,61
"Gene3464",55,27,46,63,76,55,55,31,87,46,127,19,51,69,41,73,92,28,33,49,60,78,17,54,51,56,40,31,26,27,53,60,62,63,66,47,33,53,73,35,43,80,48,44,31,51,54,80,49,50,67,41,57,54,54,37,54,76,35,80,25,37,36,20,81,70,44,36,21,38,54,43
"Gene3465",59,17,27,46,30,23,63,14,45,47,23,31,25,33,49,20,29,40,19,24,29,30,39,38,44,27,26,29,28,32,35,19,18,30,38,36,39,32,33,25,12,39,38,25,23,34,45,31,45,27,30,17,38,32,35,17,19,13,16,34,37,15,22,30,25,34,10,26,20,62,34,44
"Gene3466",45,63,34,30,74,55,56,44,64,33,37,52,51,81,54,83,58,54,62,118,43,48,43,86,66,70,119,44,88,83,48,100,67,73,40,74,84,61,80,59,57,41,39,89,76,85,49,90,59,117,26,93,82,35,77,55,44,40,74,43,87,58,65,52,52,55,58,36,83,49,87,86
"Gene3467",135,125,168,121,200,199,149,157,130,188,105,70,66,118,122,158,62,218,121,141,148,131,108,199,179,89,118,96,187,245,137,177,238,142,111,154,197,153,99,247,118,172,201,116,111,276,166,318,161,159,171,203,152,167,94,80,86,148,62,157,114,70,214,129,212,158,81,187,155,148,157,139
"Gene3468",167,194,170,213,130,183,102,145,180,131,120,182,153,73,169,150,299,192,154,152,256,240,186,132,251,138,151,243,188,278,211,119,220,276,105,214,321,154,174,210,137,252,246,112,239,225,285,181,721,853,1017,806,639,676,861,934,165,200,167,149,224,128,177,155,812,1006,639,808,805,700,808,880
"Gene3469",69,102,165,65,135,91,101,123,101,152,107,186,93,217,200,140,160,140,106,40,147,40,99,78,166,154,70,154,152,168,172,151,58,117,80,82,151,171,122,124,190,181,93,122,134,99,187,191,100,95,142,160,181,165,179,103,131,178,148,126,295,164,94,171,112,146,118,156,74,171,119,162
"Gene3470",8,1,16,4,8,14,5,12,8,5,10,12,3,10,9,6,10,8,8,9,13,7,2,20,5,8,16,16,11,8,7,26,5,11,11,1,1,13,8,13,8,5,15,5,15,5,5,11,12,8,11,7,5,4,10,19,8,13,12,8,9,7,10,7,8,8,5,3,7,4,8,2
"Gene3471",14,22,23,27,39,28,18,26,8,22,46,13,28,29,19,11,34,22,26,12,22,28,22,25,18,28,26,18,25,54,20,17,25,30,24,29,29,28,15,44,30,15,31,38,23,37,33,13,31,20,28,11,24,42,17,9,36,34,10,23,19,29,29,20,33,18,25,20,42,13,31,28
"Gene3472",33,13,33,47,64,12,30,49,33,26,26,65,45,30,48,46,18,43,43,37,32,28,37,18,74,23,43,53,15,34,29,26,34,38,53,29,42,31,25,17,45,35,24,27,18,40,45,43,35,16,20,39,58,27,40,37,30,16,14,37,44,31,64,47,27,24,16,39,40,29,10,35
"Gene3473",87,56,124,111,118,108,170,157,49,137,82,142,75,73,113,128,73,121,52,160,125,146,147,109,137,106,201,119,133,101,58,114,70,117,93,102,95,44,168,252,145,240,67,115,126,166,178,108,144,77,160,124,136,85,160,246,161,114,184,112,133,48,103,88,111,182,154,103,109,106,141,113
"Gene3474",10,12,6,17,4,12,5,7,10,1,1,4,2,3,6,7,7,2,12,7,6,4,8,15,13,10,11,10,13,6,7,15,7,8,6,8,3,16,10,9,9,2,5,10,7,6,7,11,9,9,12,10,10,3,9,18,7,4,10,4,3,13,9,9,15,15,10,7,18,13,5,11
"Gene3475",13,25,16,49,43,15,21,27,38,23,13,28,36,35,13,20,23,14,32,27,28,26,10,30,28,36,31,22,44,34,20,20,22,16,32,31,20,37,33,33,23,42,25,26,22,23,16,29,33,29,11,22,7,18,49,26,33,21,28,28,10,29,23,34,20,19,27,14,14,32,27,23
"Gene3476",177,83,48,127,79,72,72,183,141,111,143,172,103,84,109,59,181,184,60,142,70,174,97,158,121,90,77,65,85,126,83,124,127,155,55,60,65,139,97,87,189,95,86,171,70,110,134,100,235,181,81,97,131,267,128,103,167,134,54,105,70,60,122,131,121,185,105,130,39,32,238,68
"Gene3477",183,290,143,223,200,73,64,142,191,149,30,162,320,178,159,94,85,223,98,135,170,129,166,281,251,197,210,315,108,137,180,307,164,199,196,198,172,109,127,225,201,133,178,120,257,143,93,194,184,110,186,143,115,117,215,171,253,258,110,233,266,222,189,101,195,122,85,136,132,123,232,144
"Gene3478",93,76,130,101,125,69,28,35,105,42,33,35,50,106,43,51,94,111,83,34,64,79,90,50,38,68,71,72,88,53,89,72,69,35,35,72,78,50,88,124,69,85,146,114,55,146,61,54,43,62,59,79,40,32,122,93,60,67,75,50,28,77,40,23,44,148,120,69,141,106,110,42
"Gene3479",285,399,330,452,507,478,428,600,637,267,444,588,508,463,521,587,448,276,359,350,488,377,650,645,583,508,340,369,438,333,344,338,298,149,369,355,367,289,341,240,600,369,160,343,363,526,296,393,252,397,259,566,357,372,308,706,409,469,508,430,371,581,222,325,384,441,420,245,211,363,393,314
"Gene3480",3,0,3,4,3,2,3,1,2,3,3,5,1,4,2,8,3,3,7,4,6,7,0,0,1,7,4,2,7,3,1,1,2,2,3,2,1,3,8,1,9,8,0,3,1,3,3,6,1,3,6,8,1,4,1,0,1,2,2,3,6,2,5,3,3,4,4,1,2,5,3,0
"Gene3481",93,67,55,57,102,101,85,36,47,46,71,40,50,92,49,102,48,107,53,67,54,51,59,52,34,96,89,108,149,83,68,40,103,48,90,48,94,66,95,77,65,25,39,85,67,80,100,81,33,66,112,119,73,58,33,52,123,87,29,35,62,43,60,39,74,54,73,63,50,52,85,64
"Gene3482",52,76,45,73,49,43,49,30,18,27,27,42,40,53,47,79,106,42,70,42,49,56,40,66,59,34,53,46,35,50,32,44,40,25,51,54,29,41,68,34,46,84,31,42,57,26,40,50,33,43,32,45,48,57,48,107,47,34,58,45,65,37,36,36,44,23,57,35,62,51,49,37
"Gene3483",22,15,18,7,14,5,12,12,9,9,7,7,15,21,12,16,18,11,8,22,19,22,15,25,6,7,23,15,14,8,18,17,12,7,20,18,5,11,19,6,5,17,25,14,5,25,12,8,9,30,17,13,19,13,4,21,11,17,6,23,19,9,12,25,6,25,13,19,20,7,19,20
"Gene3484",12,19,36,32,20,25,23,23,48,44,9,16,13,23,32,35,20,35,34,18,29,23,24,43,30,21,42,21,12,27,67,44,12,13,16,30,13,44,16,17,15,35,42,61,28,28,16,21,20,15,15,23,31,21,21,17,38,25,11,32,36,24,26,24,41,30,31,30,29,19,27,17
"Gene3485",68,80,80,62,63,112,67,90,50,66,46,63,52,119,56,149,59,83,24,81,33,79,63,22,46,56,65,109,74,95,57,38,131,100,124,45,56,93,85,54,118,69,78,80,49,110,91,64,37,104,125,94,67,27,47,55,53,104,43,82,89,61,53,117,91,122,64,88,78,63,85,49
"Gene3486",245,328,284,286,280,206,120,109,270,179,71,325,287,181,281,221,238,213,243,232,189,497,156,186,328,422,280,169,176,172,223,162,199,249,263,224,119,305,133,101,353,285,297,420,86,193,210,206,351,124,499,357,303,300,172,199,172,311,197,161,221,212,335,350,149,279,234,166,303,248,253,372
"Gene3487",84,124,83,32,115,125,79,93,81,54,68,77,76,40,47,60,91,69,60,132,60,64,50,69,33,52,67,67,73,55,44,33,31,96,48,85,68,79,61,90,91,103,50,115,53,59,96,46,93,99,53,81,62,118,44,47,78,85,69,82,103,108,84,57,68,97,51,57,87,55,76,75
"Gene3488",146,126,151,135,148,99,92,162,129,251,145,113,111,95,106,159,76,105,101,128,75,65,109,76,170,116,102,125,91,86,111,164,167,113,146,135,179,103,161,107,147,111,175,132,171,62,220,64,103,121,45,150,112,85,59,143,120,100,65,72,194,28,106,168,118,138,89,98,139,144,126,93
"Gene3489",10,9,22,15,14,28,19,9,26,17,8,22,17,19,22,14,38,21,6,28,13,22,11,28,24,18,13,26,23,23,5,11,14,6,28,8,11,16,12,15,23,12,31,18,21,32,17,21,10,16,16,22,19,14,17,10,11,19,18,16,17,25,16,21,9,18,20,8,4,8,12,18
"Gene3490",40,29,32,64,48,38,54,51,44,41,23,30,16,26,41,22,6,34,65,42,41,46,24,45,35,26,36,32,30,18,31,54,50,13,36,27,15,31,59,38,51,9,45,28,38,33,18,21,11,24,41,23,41,38,29,35,36,48,15,28,18,25,48,42,28,32,38,37,20,19,39,20
"Gene3491",39,34,12,39,65,42,61,63,72,40,40,61,34,85,24,44,55,63,19,39,82,43,55,36,66,40,48,39,34,93,48,60,78,31,33,48,33,45,85,33,91,78,42,83,33,39,49,36,41,41,54,72,33,83,82,35,62,67,36,35,69,46,41,67,20,43,29,48,55,45,47,48
"Gene3492",64,77,77,90,55,100,30,30,100,68,25,24,101,94,63,85,59,34,57,68,56,58,67,79,63,85,59,43,63,30,57,40,94,51,34,44,74,94,54,56,40,68,80,40,45,45,52,45,101,38,34,82,43,111,72,77,77,64,60,48,65,110,66,81,52,61,52,72,55,78,17,34
"Gene3493",97,83,142,137,46,79,51,102,125,110,78,174,156,55,98,73,79,60,96,118,162,83,72,129,62,83,121,126,133,91,46,97,85,93,98,108,87,91,127,73,63,147,138,93,107,133,110,128,215,92,95,91,123,70,73,72,102,129,72,81,44,73,78,142,64,125,69,99,45,107,162,111
"Gene3494",28,54,48,53,47,59,32,40,60,44,30,27,47,61,68,55,54,50,60,28,37,52,64,40,64,52,38,49,44,43,42,30,24,23,31,37,41,106,23,46,40,23,37,82,33,91,74,50,32,39,51,14,58,26,57,43,74,41,39,42,44,25,61,47,38,40,49,76,78,41,23,82
"Gene3495",85,152,34,46,158,113,150,179,169,214,98,241,221,93,115,63,119,263,154,179,78,156,84,150,203,222,132,157,168,50,113,140,112,113,79,116,103,171,192,104,203,152,92,130,146,92,199,235,115,182,136,120,202,119,136,54,137,190,109,118,158,152,155,127,544,476,547,403,590,518,366,429
"Gene3496",87,47,85,100,101,41,79,61,49,111,69,86,117,75,68,62,63,90,79,95,112,78,93,73,131,96,83,91,87,72,83,36,82,73,47,66,37,81,73,69,40,119,100,112,34,78,69,44,42,40,73,98,61,67,38,40,99,58,92,74,70,63,41,104,145,74,106,110,53,92,31,33
"Gene3497",2,8,9,15,11,7,18,14,11,20,9,13,10,13,5,10,17,7,6,7,9,12,6,9,14,9,20,5,7,13,8,8,13,5,8,14,9,18,13,9,2,7,12,17,5,8,4,6,5,4,9,10,11,8,5,7,3,9,6,5,20,21,7,2,14,9,6,5,22,12,11,8
"Gene3498",151,81,103,70,92,51,96,61,78,105,67,143,93,103,35,74,64,50,105,87,66,60,86,64,126,56,27,48,56,80,41,92,120,56,101,125,43,89,68,94,70,103,80,126,31,53,67,70,58,90,41,89,27,113,80,100,152,61,63,67,70,112,91,175,71,70,46,129,152,143,121,66
"Gene3499",8,5,9,7,3,9,6,12,8,4,6,5,5,4,4,6,18,8,11,7,2,3,7,15,9,9,5,2,12,10,7,9,3,9,8,6,3,9,7,14,6,5,6,8,12,7,6,3,6,12,8,11,8,10,7,5,4,9,7,5,2,5,7,9,6,7,6,3,4,9,8,12
"Gene3500",30,26,45,23,17,23,16,33,24,14,22,42,31,27,15,46,34,38,8,28,19,26,27,27,25,30,20,28,21,16,18,19,28,11,11,30,21,34,28,48,22,21,43,30,29,34,27,20,39,26,17,17,22,27,44,10,26,20,10,10,12,26,21,14,22,23,12,27,25,24,28,30
"Gene3501",99,96,59,58,76,77,51,59,81,104,67,75,170,113,43,73,146,65,55,151,92,68,68,61,49,39,50,92,27,78,124,86,42,55,34,71,33,83,19,113,42,67,100,77,86,82,49,97,59,75,67,99,57,75,112,62,89,90,24,73,61,43,89,67,102,33,95,74,76,79,64,59
"Gene3502",6,3,8,16,11,12,23,12,6,8,21,7,26,7,17,16,18,14,15,16,9,11,15,9,6,5,28,19,10,10,15,10,15,10,8,10,9,13,18,10,11,6,10,18,11,7,3,6,12,10,11,11,15,10,9,16,21,6,10,5,6,13,11,14,12,4,24,2,10,17,21,6
"Gene3503",19,58,28,71,40,56,46,46,36,65,16,56,43,37,20,65,13,48,25,36,57,72,55,55,37,38,40,44,36,68,53,47,29,35,57,89,37,67,44,22,51,49,34,54,58,64,54,80,76,67,32,35,66,41,35,50,30,23,16,62,32,16,71,16,41,70,68,31,34,41,35,67
"Gene3504",41,42,90,31,43,27,47,41,98,143,30,51,50,55,24,39,48,37,47,28,62,29,150,30,36,40,45,43,46,57,38,46,61,81,38,56,35,27,35,44,60,22,110,42,21,50,90,46,37,50,52,44,36,37,73,47,52,56,25,50,38,45,33,34,28,52,59,30,58,33,41,32
"Gene3505",64,45,76,23,27,79,43,36,46,40,42,96,29,63,54,50,44,44,28,29,20,31,24,53,29,44,34,48,28,43,36,51,25,58,33,32,44,30,48,30,37,56,40,55,44,53,59,56,56,19,65,49,22,50,65,49,27,46,58,26,54,48,62,41,38,40,52,59,30,31,23,59
"Gene3506",15,21,18,35,16,25,23,11,16,11,17,12,15,18,22,37,14,16,18,28,14,32,18,24,25,17,24,27,21,4,26,20,18,15,7,24,12,18,8,7,32,19,13,44,8,28,22,37,21,27,20,16,28,8,17,11,16,12,19,15,24,12,28,21,25,32,22,28,12,15,24,26
"Gene3507",49,120,140,129,140,117,102,165,109,99,86,140,108,201,96,88,102,70,46,144,94,57,84,174,73,90,70,96,65,163,115,139,111,157,95,64,71,66,82,48,111,208,96,207,179,71,107,156,115,130,109,137,81,97,131,131,137,111,113,134,152,65,87,83,107,64,140,95,82,39,66,97
"Gene3508",132,241,109,139,86,54,112,164,143,86,73,192,92,78,154,71,81,91,233,155,144,123,76,96,172,63,131,111,106,104,236,299,206,108,104,157,63,108,251,96,123,114,169,119,157,115,114,83,262,81,77,125,154,71,77,106,140,98,119,159,128,168,146,95,664,669,680,691,997,830,684,858
"Gene3509",35,21,39,30,74,22,40,14,20,31,58,22,27,63,24,24,28,26,13,37,26,29,37,52,43,39,37,56,16,34,17,20,27,61,29,26,19,44,24,41,23,32,40,14,35,33,68,46,16,22,17,50,19,14,42,30,38,54,41,44,24,14,49,19,59,27,35,28,16,57,19,63
"Gene3510",97,85,118,74,46,95,52,124,83,95,132,115,92,133,33,62,82,62,59,48,65,79,76,82,71,93,61,111,95,117,66,114,37,91,128,82,124,67,105,130,53,82,73,166,155,45,95,132,77,88,90,139,86,77,64,120,95,122,149,146,85,90,125,99,99,89,93,67,85,101,79,74
"Gene3511",9,21,4,15,8,12,7,15,23,14,46,19,36,12,13,20,15,15,22,28,16,20,21,14,17,8,14,30,26,13,15,12,25,17,10,10,20,20,28,25,6,27,21,24,29,25,22,29,29,19,18,15,37,21,16,9,11,28,7,21,18,15,35,6,20,20,20,20,26,24,17,21
"Gene3512",25,49,55,143,26,47,115,69,73,65,38,58,36,48,72,50,33,74,23,79,73,53,60,42,32,37,53,60,32,23,78,49,38,30,31,65,71,59,70,38,51,68,52,61,22,71,58,78,49,61,60,48,49,54,56,86,69,31,38,60,57,54,55,51,52,51,78,108,81,54,52,47
"Gene3513",152,235,183,81,90,112,95,184,255,92,194,58,199,208,122,127,149,183,137,107,163,197,139,169,93,92,101,116,137,121,96,78,120,104,159,238,212,77,127,88,171,171,83,134,155,76,111,77,165,153,196,174,211,116,128,145,47,109,93,144,137,102,120,78,90,181,260,234,203,152,291,170
"Gene3514",60,58,53,45,41,44,41,94,77,54,55,50,71,77,130,57,81,67,77,94,107,83,105,48,94,84,43,140,43,84,62,57,67,44,81,30,73,81,131,72,54,73,72,45,68,119,89,80,67,85,65,92,85,99,35,59,104,94,68,42,132,116,149,69,39,52,34,52,70,72,82,76
"Gene3515",72,88,43,42,61,139,56,48,66,69,32,75,49,70,39,43,101,33,57,58,82,60,75,92,90,51,99,50,67,56,55,58,41,52,90,70,95,44,108,48,70,64,62,49,79,92,49,71,82,92,49,55,38,106,41,71,44,82,73,51,48,78,61,46,96,35,46,100,84,33,109,25
"Gene3516",281,249,652,175,215,172,455,184,199,528,253,271,193,124,304,266,329,519,291,279,275,125,246,174,169,140,262,415,335,320,233,198,407,315,229,171,173,225,207,123,298,292,453,141,264,309,201,196,182,186,299,388,195,276,144,265,400,260,262,369,270,312,351,286,184,507,323,200,311,160,283,315
"Gene3517",25,9,42,37,23,39,18,21,31,17,28,31,15,30,22,21,15,43,16,12,12,21,24,21,25,16,21,24,17,14,39,5,8,14,11,19,20,21,32,23,22,27,25,20,18,20,25,28,19,27,35,23,31,21,27,22,46,17,42,46,25,23,51,17,8,12,20,20,15,32,6,25
"Gene3518",165,144,360,199,146,113,131,157,134,141,84,151,150,192,170,71,108,110,173,184,98,148,63,65,79,155,93,115,80,145,204,179,103,53,150,131,151,124,179,62,186,86,127,132,135,71,136,115,98,118,135,169,89,121,61,186,167,92,138,115,106,76,64,154,209,169,79,93,222,110,149,182
"Gene3519",40,65,76,42,86,52,85,72,58,41,156,40,57,76,59,52,115,73,60,72,84,51,51,101,31,34,123,88,87,87,56,75,77,81,66,58,62,70,31,118,74,99,64,34,44,64,89,49,90,50,55,67,69,66,53,69,73,44,50,82,91,21,82,90,93,76,53,55,88,67,81,121
"Gene3520",16,16,32,6,24,20,28,38,10,15,21,28,21,15,5,14,15,29,52,15,33,19,20,19,28,26,13,20,17,9,13,17,26,24,26,26,26,16,21,27,11,11,24,19,17,17,22,17,16,29,35,15,21,19,17,27,27,16,35,14,22,26,18,21,10,5,6,8,8,8,8,9
"Gene3521",44,69,42,45,43,39,17,53,24,40,50,41,35,46,51,60,46,32,72,65,43,44,45,46,55,82,31,50,33,77,58,40,56,33,42,66,41,37,53,24,54,26,30,31,39,94,66,59,23,43,34,66,26,43,52,32,62,53,21,55,116,45,47,51,52,58,40,42,29,22,57,37
"Gene3522",38,30,23,18,20,44,25,29,19,35,35,48,45,28,30,38,85,29,37,36,19,52,35,36,43,60,23,45,31,27,23,49,62,32,25,39,39,22,38,9,15,35,42,37,14,41,86,55,34,25,27,42,10,30,55,35,17,46,51,25,39,36,28,22,33,18,39,30,45,29,14,42
"Gene3523",156,236,129,150,158,117,19,158,93,120,85,164,154,78,139,87,129,116,131,162,75,119,101,110,149,159,56,144,130,166,120,147,87,147,141,45,231,67,101,166,87,139,125,80,254,82,115,132,224,91,76,101,209,138,122,86,106,232,50,182,115,79,92,124,81,169,212,181,87,82,62,79
"Gene3524",101,72,33,68,106,102,93,61,115,79,159,141,62,97,114,134,60,84,63,45,126,119,71,132,91,164,60,121,33,58,83,98,56,152,63,121,97,103,73,51,222,84,45,80,82,68,110,75,117,85,95,68,126,115,113,71,149,92,128,66,91,108,76,118,114,110,97,29,72,64,90,58
"Gene3525",5,2,9,9,7,3,10,6,4,3,3,3,3,11,4,8,10,3,2,6,8,7,2,7,2,3,11,3,8,7,11,9,6,7,1,4,4,8,5,4,4,9,7,8,6,4,10,7,7,6,4,6,5,10,8,5,6,1,7,5,7,2,15,6,8,3,7,4,4,9,7,9
"Gene3526",446,705,594,583,462,390,484,196,129,330,151,194,298,143,249,306,213,225,226,314,343,205,248,457,183,616,535,245,421,380,660,189,356,182,326,641,414,250,273,225,228,301,585,540,296,186,471,502,315,389,305,319,628,510,399,453,369,418,617,519,246,660,440,578,409,503,515,167,380,350,511,242
"Gene3527",2,1,6,2,0,3,2,2,5,4,6,3,1,2,9,4,6,6,5,1,10,3,4,2,4,4,2,8,2,6,4,5,4,9,3,7,1,7,2,8,2,7,5,7,10,6,4,3,6,4,4,5,2,4,5,3,3,1,10,5,5,1,5,1,4,4,2,7,2,5,2,5
"Gene3528",98,88,42,139,97,88,185,105,116,40,137,119,129,159,166,96,134,87,155,133,59,59,118,72,137,103,103,87,162,71,87,166,246,59,56,122,130,180,187,67,116,86,168,87,98,106,107,91,203,140,101,184,125,91,100,123,90,183,199,115,199,116,88,102,80,132,128,91,46,138,292,98
"Gene3529",35,33,17,35,25,30,23,26,34,11,19,10,38,9,19,42,15,33,24,26,14,28,11,23,10,20,25,7,10,23,21,21,26,20,30,10,19,31,31,19,29,14,9,25,12,26,32,20,29,12,31,31,27,25,30,22,27,20,24,22,19,22,8,24,11,10,6,5,11,7,12,4
"Gene3530",129,303,225,270,154,213,85,254,173,240,166,149,121,104,313,289,164,83,271,222,305,95,151,297,235,304,107,150,202,173,256,142,184,267,260,177,164,130,181,177,219,152,130,306,282,209,482,159,292,198,252,81,375,179,128,147,204,160,70,178,231,173,272,223,224,135,142,265,177,185,175,153
"Gene3531",82,122,69,66,73,81,87,107,115,36,48,110,77,63,51,106,76,83,69,78,44,118,134,99,138,118,90,128,100,98,40,91,57,153,68,104,115,108,73,114,55,128,65,93,141,137,72,115,126,88,100,59,99,106,76,70,66,85,68,100,58,87,111,67,109,144,90,115,155,146,46,90
"Gene3532",200,405,242,250,443,224,245,264,269,338,152,242,309,338,446,256,244,402,208,248,275,348,209,193,279,317,384,265,441,251,305,287,607,322,356,321,185,93,287,203,358,661,449,223,252,300,358,365,488,308,406,320,157,313,207,151,431,627,388,302,211,343,343,538,175,305,323,289,246,448,205,326
"Gene3533",57,55,85,43,28,29,27,51,22,42,22,54,51,79,57,63,31,42,23,21,40,20,17,24,44,37,68,60,45,31,28,93,41,58,32,55,58,21,58,46,30,36,32,31,12,31,43,44,44,63,16,71,25,45,12,64,31,65,31,23,60,24,68,38,61,44,42,48,54,47,25,23
"Gene3534",4,7,2,0,3,4,4,2,6,3,5,1,2,1,5,7,2,2,4,1,4,3,2,0,1,5,6,2,2,3,4,1,6,1,3,2,6,2,1,0,2,1,7,7,7,1,1,1,0,5,0,1,5,2,2,1,5,3,2,3,1,1,3,7,4,6,1,2,6,6,2,2
"Gene3535",66,44,28,69,80,35,44,29,22,64,26,42,26,36,28,37,217,171,189,170,50,37,30,54,48,54,21,25,34,37,30,21,40,40,51,63,30,32,33,53,43,48,22,18,30,18,50,25,56,38,39,23,43,40,52,25,48,40,63,30,44,45,43,52,59,43,37,35,28,51,72,30
"Gene3536",58,34,57,58,31,50,59,93,57,50,72,66,26,54,35,66,49,39,35,29,47,32,29,68,129,86,65,65,83,79,105,50,69,47,45,39,56,33,59,51,22,86,63,52,80,35,33,97,52,65,34,74,56,61,75,46,64,27,78,72,62,75,57,48,33,48,37,53,127,52,64,54
"Gene3537",193,350,152,255,236,443,198,253,182,183,269,155,185,186,199,199,215,197,159,249,131,171,252,173,424,209,302,163,124,283,353,249,331,256,125,366,344,261,295,224,217,442,151,286,375,221,210,371,306,188,191,149,315,118,154,192,224,139,209,242,335,275,213,345,1963,1977,1457,1654,1802,1546,1424,1472
"Gene3538",5,17,8,14,14,8,4,8,16,20,25,14,19,7,10,31,19,14,11,5,18,12,5,14,6,10,12,7,7,18,9,17,4,13,19,6,8,21,13,19,11,17,26,15,12,15,15,10,13,18,22,5,15,16,3,14,8,18,14,5,11,20,26,21,27,18,13,11,5,16,12,17
"Gene3539",38,37,20,54,64,59,32,33,86,42,41,30,17,43,47,42,76,42,22,39,24,69,83,38,67,31,61,24,31,29,89,33,25,29,38,39,37,22,59,41,49,42,36,44,36,74,49,53,38,33,28,33,39,30,37,20,41,29,52,34,73,21,38,59,50,32,13,25,23,46,73,35
"Gene3540",12,45,20,32,26,24,18,37,27,25,41,56,13,56,39,20,29,43,31,24,26,12,20,50,31,29,58,38,32,34,23,31,32,26,17,31,67,23,20,20,23,51,41,60,24,17,39,44,29,9,42,25,18,29,33,44,15,29,35,22,52,24,29,13,19,7,16,44,44,46,20,55
"Gene3541",315,221,408,234,168,317,385,378,227,315,357,337,265,280,271,254,84,340,561,356,537,282,314,393,136,189,378,417,225,173,251,665,418,223,263,420,430,417,297,311,472,437,269,345,478,367,351,190,346,274,741,321,345,166,371,432,296,340,325,394,293,384,312,287,1620,2578,2429,2465,2381,2389,2877,3282
"Gene3542",12,7,10,3,7,11,4,8,7,7,4,12,4,12,7,4,4,4,7,2,4,5,10,5,5,4,17,8,7,10,10,13,8,2,8,8,8,16,4,12,6,1,8,15,3,9,12,10,5,8,8,6,15,5,7,15,15,11,3,6,8,10,12,10,2,8,9,19,3,6,8,1
"Gene3543",188,196,180,86,296,108,117,298,68,191,169,206,257,206,231,240,172,221,159,167,160,290,365,111,132,147,125,208,90,214,180,176,196,276,250,144,199,226,159,509,146,75,235,235,240,88,237,172,233,117,274,189,189,288,155,189,205,310,108,77,214,104,253,148,232,136,140,258,216,244,190,210
"Gene3544",104,168,139,524,189,122,159,226,183,254,306,159,263,216,157,88,204,334,190,274,182,195,199,291,84,178,377,244,219,272,172,247,153,220,229,214,226,381,198,224,282,258,281,173,266,158,170,239,201,146,151,199,239,273,293,224,250,274,245,232,257,234,230,239,1238,1721,1620,1379,1969,1871,2132,2086
"Gene3545",68,46,35,47,45,38,30,37,51,55,44,25,42,43,32,42,39,72,59,45,55,44,12,78,31,56,44,73,34,50,54,39,25,68,18,45,44,28,67,36,24,38,50,24,35,47,90,50,51,45,90,33,27,25,49,56,42,26,38,38,52,56,50,36,52,61,75,47,60,47,45,50
"Gene3546",92,179,224,123,155,150,86,160,98,148,120,187,199,196,140,195,197,243,181,143,119,87,169,213,160,157,163,121,111,87,161,102,125,90,247,235,129,107,177,78,163,148,113,125,114,151,82,198,108,85,73,203,153,98,187,109,92,100,242,155,107,195,97,157,142,246,125,158,129,129,304,134
"Gene3547",119,132,91,97,122,172,62,123,81,59,97,42,58,134,95,90,78,103,70,102,83,111,47,99,76,123,125,96,119,107,70,127,92,97,86,208,94,104,77,88,138,94,52,64,133,146,107,115,74,126,71,103,101,54,114,110,52,87,185,99,84,88,58,109,68,123,130,54,97,64,154,50
"Gene3548",9,27,20,30,24,22,21,29,25,37,22,26,39,25,4,18,27,27,43,15,14,11,34,15,36,7,25,38,12,32,21,14,23,28,21,31,27,15,43,32,10,37,32,14,26,15,7,12,20,20,11,15,5,12,27,16,33,42,10,19,9,14,34,13,32,22,33,35,20,31,17,4
"Gene3549",13,34,18,13,21,18,24,29,34,17,19,19,30,23,7,27,34,24,18,6,48,35,28,34,24,33,11,33,19,19,16,19,22,19,15,25,15,18,18,20,20,43,16,12,27,10,22,9,21,34,21,25,34,29,25,23,12,19,22,26,34,14,12,33,19,16,11,26,22,27,19,22
"Gene3550",6,4,3,4,7,7,6,0,2,5,1,6,4,6,12,3,2,6,3,5,2,7,4,4,4,3,6,10,6,7,1,4,4,3,8,4,6,6,0,10,6,5,5,4,2,4,1,6,2,7,4,7,2,6,2,8,7,6,2,6,2,3,3,6,5,6,3,3,8,4,6,7
"Gene3551",404,338,169,208,353,225,379,282,462,290,476,309,343,389,333,420,358,270,661,302,435,363,562,219,375,453,140,193,387,596,450,284,302,478,263,261,279,321,275,527,208,483,173,306,252,268,266,382,353,369,521,232,509,218,325,653,234,398,434,147,380,449,363,345,248,172,284,461,439,315,485,123
"Gene3552",268,125,315,344,200,183,297,282,181,248,277,258,312,140,319,89,221,267,221,206,261,103,253,261,333,205,275,112,358,499,135,320,214,329,164,376,423,245,239,392,164,255,282,243,419,260,368,206,234,130,189,269,106,273,373,216,142,138,151,224,154,138,195,300,147,347,270,207,458,482,361,149
"Gene3553",199,320,317,220,363,226,282,362,395,147,268,475,418,160,158,180,469,242,224,381,266,252,362,256,433,144,287,254,327,208,216,155,470,224,443,253,269,216,103,231,195,239,146,159,152,329,283,408,137,372,348,183,324,232,350,152,328,291,297,259,133,444,367,280,199,195,239,328,185,277,299,174
"Gene3554",43,67,57,67,71,63,57,46,90,76,52,40,52,100,62,62,42,24,85,45,81,78,57,47,56,81,55,66,37,78,126,80,42,34,81,49,51,54,49,50,48,51,59,64,45,70,45,58,44,97,51,28,22,34,40,38,39,26,60,53,53,64,86,63,46,40,46,68,52,34,49,34
"Gene3555",21,31,28,21,31,22,40,47,9,24,30,41,5,52,15,38,16,37,26,16,33,35,25,37,16,18,43,30,16,35,33,24,11,29,17,29,21,29,15,42,22,18,18,28,45,35,35,26,25,37,35,20,22,22,53,36,20,29,34,41,31,35,21,19,12,20,45,15,56,34,17,21
"Gene3556",7,11,4,4,7,7,13,5,5,3,8,14,11,6,12,5,3,7,8,12,7,4,2,4,13,10,8,5,11,7,10,10,4,3,8,10,11,16,4,5,11,9,6,4,7,3,2,9,39,25,34,18,23,30,29,27,9,8,5,3,7,10,5,10,6,6,5,4,8,9,5,7
"Gene3557",20,13,40,23,7,36,11,35,50,38,28,23,16,29,26,35,14,33,36,20,32,37,39,21,18,37,69,65,74,73,79,76,17,41,29,19,31,27,38,30,23,21,26,31,21,23,19,22,12,3,3,2,1,9,4,6,31,28,33,34,59,29,34,32,27,17,41,24,39,11,23,27
"Gene3558",14,12,10,21,28,20,19,12,5,13,20,7,16,24,19,19,15,16,34,9,15,20,25,15,18,10,11,17,14,15,22,19,20,21,20,21,14,67,30,14,20,18,15,19,11,20,30,11,13,18,6,19,21,28,13,9,20,34,24,28,19,29,20,18,8,16,18,24,27,19,14,9
"Gene3559",2,8,11,18,10,27,14,4,10,3,9,7,7,12,7,9,6,7,8,15,6,7,5,5,12,8,10,9,7,14,11,4,8,9,23,18,7,10,5,8,14,18,7,12,6,13,5,9,7,7,12,7,10,10,29,8,11,15,14,6,3,17,23,17,15,16,5,14,6,5,14,10
"Gene3560",55,81,82,52,106,49,116,70,70,97,54,78,67,89,61,94,73,102,84,36,18,84,57,80,78,63,79,60,63,80,59,45,124,38,77,82,67,139,78,72,62,79,63,94,94,94,69,73,76,48,120,49,106,56,42,69,87,132,71,69,56,84,87,34,121,118,27,83,108,54,97,66
"Gene3561",25,36,49,32,55,15,21,34,28,26,54,29,26,29,25,29,27,24,35,45,26,24,42,26,50,33,44,24,29,30,19,25,20,33,21,7,25,22,27,29,33,31,30,35,39,56,38,47,30,37,32,29,41,23,42,23,26,11,23,37,26,34,45,16,30,45,24,32,33,45,19,44
"Gene3562",96,132,141,117,70,120,99,35,50,47,88,101,98,139,112,118,98,47,92,166,66,173,187,48,78,66,75,123,93,77,78,64,38,136,102,53,141,96,77,75,96,75,66,92,48,78,68,52,68,75,64,101,191,62,101,128,91,98,90,102,86,61,55,97,113,97,199,82,89,86,139,135
"Gene3563",50,47,15,27,35,23,20,25,19,16,10,13,18,16,25,20,20,25,29,22,12,15,18,13,40,26,21,11,16,19,16,27,18,44,14,9,10,41,22,33,15,13,6,23,13,32,31,22,15,25,25,13,15,9,30,14,9,32,26,20,27,32,14,30,14,16,30,21,12,18,6,34
"Gene3564",569,819,432,1014,495,415,694,436,843,540,355,775,815,463,805,638,438,747,463,945,816,226,580,594,396,965,700,758,624,769,560,572,426,541,651,1050,634,490,772,425,705,535,830,677,689,602,469,654,579,689,721,523,1296,438,575,516,779,770,465,945,780,254,553,515,853,658,367,885,503,672,360,626
"Gene3565",894,853,1184,1428,813,782,962,1378,720,1258,966,1315,1506,1373,1372,985,936,1023,806,1166,1716,1185,1044,1450,486,1571,1073,2211,533,730,1853,901,511,1009,2005,1515,1093,649,986,822,911,1844,1327,1228,1050,656,1031,903,1457,1675,1100,813,2410,1378,1672,1082,1467,1196,1222,1045,1052,1377,1309,1208,957,1560,1488,1105,1797,1072,1715,1125
"Gene3566",392,532,351,131,331,352,238,315,452,114,136,290,292,235,260,406,266,126,269,448,769,307,252,346,400,534,482,372,230,242,287,395,336,489,210,427,261,264,286,365,394,116,357,239,141,336,299,353,308,262,232,231,359,255,716,333,403,144,416,548,345,216,195,583,249,135,246,309,239,332,289,276
"Gene3567",31,27,20,35,17,78,64,54,87,58,29,38,58,30,69,44,45,31,53,31,80,59,65,41,37,18,54,57,48,67,25,42,15,90,28,59,42,70,36,66,68,25,62,71,47,72,74,20,51,52,31,55,53,15,42,87,33,42,49,68,65,39,42,28,37,33,47,40,52,29,53,59
"Gene3568",130,118,193,163,117,207,92,48,96,72,92,158,111,54,108,67,111,82,164,101,82,109,137,81,152,131,110,167,139,58,147,43,135,81,147,92,110,116,118,103,137,73,88,101,189,56,200,76,201,49,114,159,83,63,149,117,187,123,156,150,125,145,97,96,145,116,96,134,67,141,154,152
"Gene3569",12,6,15,7,8,11,11,18,20,11,4,18,8,10,14,9,7,14,12,9,12,6,5,11,9,8,6,13,18,5,11,5,7,6,10,8,5,9,18,9,8,5,5,8,8,6,6,3,12,2,10,5,8,15,9,16,4,21,21,6,10,10,5,13,8,10,8,16,7,19,21,7
"Gene3570",14,18,10,28,8,17,20,3,4,9,6,5,13,12,11,11,8,19,10,15,9,8,11,10,9,12,6,16,10,6,7,4,12,18,27,14,14,7,12,16,11,11,9,10,9,17,13,16,10,5,10,8,14,4,9,7,10,17,8,17,17,12,9,3,15,7,6,12,6,8,6,7
"Gene3571",39,20,22,36,38,33,28,17,41,20,13,56,42,29,29,31,34,65,39,27,16,30,21,49,5,19,20,34,37,29,23,49,39,49,40,17,39,28,22,26,65,31,39,18,48,27,33,18,31,39,47,51,42,39,29,19,24,14,21,30,20,37,29,15,33,35,32,22,29,29,55,26
"Gene3572",272,705,156,654,379,576,547,298,720,644,193,583,428,417,371,714,561,330,472,540,414,470,302,392,507,521,501,521,473,312,481,390,568,281,551,332,353,233,341,458,649,478,300,626,302,354,533,237,342,287,536,463,312,299,300,352,334,271,177,147,671,286,281,316,405,294,216,176,197,367,425,790
"Gene3573",47,57,78,25,44,51,37,30,35,28,19,49,53,49,39,17,40,31,44,22,62,44,54,21,26,44,28,39,61,35,38,36,61,21,26,67,15,40,49,27,40,62,32,15,39,43,32,36,41,27,37,22,36,40,29,34,42,55,58,53,46,49,24,53,40,26,34,39,50,34,42,65
"Gene3574",130,133,168,236,128,150,215,164,100,159,109,149,187,164,165,43,200,132,153,116,129,161,124,278,108,175,121,235,209,170,128,159,96,94,212,178,176,156,130,169,178,186,209,170,104,170,102,304,139,157,155,199,180,141,120,37,111,177,156,156,170,130,146,98,194,218,213,212,293,103,172,120
"Gene3575",37,26,68,70,62,34,69,31,48,64,29,47,52,24,43,60,39,83,42,30,80,36,96,53,21,56,42,52,107,77,39,40,50,46,37,31,40,27,72,79,59,37,41,65,54,55,23,121,60,42,33,45,59,75,57,36,53,29,41,55,59,52,72,33,22,64,63,35,53,38,15,51
"Gene3576",19,42,31,43,47,31,44,23,17,17,36,33,57,37,45,53,54,26,37,34,32,33,31,21,40,37,38,52,24,40,36,59,29,14,29,45,28,46,67,28,52,37,58,63,18,50,70,41,18,32,41,73,46,26,29,40,40,50,29,44,45,24,50,45,56,35,40,50,28,25,51,29
"Gene3577",88,106,77,44,101,92,65,104,73,56,49,75,89,41,109,55,72,127,152,62,73,57,86,52,95,78,29,101,60,75,79,109,42,57,56,94,34,30,101,71,71,54,57,38,38,68,67,67,106,111,82,110,61,56,105,42,86,78,73,68,66,28,47,118,83,67,82,106,59,46,113,95
"Gene3578",11,45,35,37,61,63,36,35,47,49,53,14,32,74,37,45,36,19,78,44,34,49,41,41,47,71,50,57,56,62,30,29,28,68,38,41,61,55,13,72,61,20,34,46,45,52,65,52,44,21,30,40,72,40,36,42,22,33,59,50,55,41,43,51,36,21,47,46,44,39,21,32
"Gene3579",216,575,377,294,307,172,393,279,544,246,429,274,204,369,338,380,444,135,503,382,362,256,336,215,254,389,271,388,331,187,413,246,483,274,263,359,291,327,422,435,301,268,348,525,221,477,600,203,143,387,262,254,372,593,537,214,260,207,291,323,226,296,447,119,407,391,340,245,250,265,156,267
"Gene3580",6,10,10,16,21,4,29,15,6,13,13,22,10,14,8,9,7,13,7,7,7,15,3,10,7,9,11,10,14,7,8,12,8,12,8,13,17,18,8,7,11,20,8,7,16,16,10,8,11,15,4,17,11,14,23,17,6,12,7,13,18,11,11,8,12,12,10,11,8,9,13,14
"Gene3581",87,126,61,50,55,61,85,73,88,34,54,66,36,49,32,51,55,57,90,61,106,61,36,56,62,103,64,56,65,135,101,93,37,71,79,69,73,76,81,76,49,66,43,87,86,81,42,60,109,40,82,31,44,57,38,54,82,48,57,32,68,62,47,96,81,39,38,39,29,52,107,76
"Gene3582",65,35,76,41,33,79,73,56,80,60,61,30,28,20,42,56,28,42,63,31,45,26,37,46,34,25,35,48,63,29,43,43,28,38,31,44,38,54,34,56,31,27,63,52,48,99,75,37,48,28,35,45,78,35,43,40,49,50,76,50,50,74,57,50,178,220,180,142,309,225,250,192
"Gene3583",35,30,42,27,67,65,32,98,31,30,34,107,51,76,64,39,28,65,47,52,45,60,89,22,18,42,35,30,28,28,47,80,70,58,78,23,41,56,48,31,44,25,53,37,69,46,33,48,25,80,52,39,51,30,25,35,30,105,49,77,58,65,48,50,48,27,66,67,12,24,47,38
"Gene3584",13,52,27,18,11,43,20,11,29,18,25,26,32,26,13,20,21,22,45,32,31,14,39,32,26,34,16,45,24,39,12,7,14,23,20,17,26,17,21,37,12,34,9,24,36,31,14,33,45,21,3,28,12,17,25,17,58,15,34,18,41,28,35,16,16,29,34,19,42,24,26,33
"Gene3585",120,116,179,36,144,194,212,35,73,86,93,109,249,102,103,83,170,103,117,54,139,175,81,94,132,132,146,246,169,138,50,133,137,127,170,114,141,124,112,116,123,114,88,112,247,197,114,76,95,172,129,60,180,134,121,91,84,201,117,212,90,126,193,77,95,107,126,97,161,106,159,59
"Gene3586",10,25,17,5,5,14,7,10,9,9,14,3,5,11,12,9,16,11,4,5,16,8,9,11,14,6,15,17,14,10,4,17,6,4,8,13,8,5,2,5,8,14,10,6,25,7,13,11,6,5,8,6,5,18,10,11,10,4,9,19,16,6,11,3,5,2,13,4,9,16,3,2
"Gene3587",118,149,173,158,120,215,135,90,162,92,175,275,154,218,109,92,113,104,133,105,52,99,128,103,127,208,101,179,97,140,47,129,109,128,112,71,157,207,123,125,204,194,107,114,118,152,102,69,200,103,130,83,194,168,115,89,139,120,75,161,163,170,149,179,123,111,90,136,90,92,125,140
"Gene3588",7,2,3,13,3,2,5,0,6,2,5,4,1,6,5,4,4,4,5,6,5,5,5,8,3,2,6,6,0,2,2,5,7,0,1,7,6,2,4,9,4,5,2,2,5,7,3,3,7,5,2,2,5,5,3,7,3,4,5,2,2,8,3,4,3,7,1,8,2,1,6,0
"Gene3589",347,357,608,313,373,468,295,372,593,480,247,310,464,376,337,299,209,525,423,214,305,396,301,294,316,460,565,191,361,324,284,213,416,404,454,139,327,285,392,233,497,204,316,388,259,294,526,235,264,571,223,418,153,251,504,260,204,169,556,308,269,279,306,333,252,332,431,181,310,395,273,375
"Gene3590",91,134,107,108,153,195,122,89,64,64,122,98,127,138,126,108,190,132,85,89,151,123,103,164,110,90,105,125,199,76,80,112,125,98,85,99,45,217,188,153,168,250,53,137,149,72,158,157,161,205,142,72,85,77,123,115,137,94,223,124,122,98,121,158,83,58,117,154,115,176,138,44
"Gene3591",51,91,42,110,73,58,98,70,36,55,22,65,29,64,32,30,31,31,57,53,54,47,110,99,49,96,63,25,36,66,56,56,50,55,54,59,12,41,32,92,18,93,75,65,72,47,71,44,35,43,77,47,56,43,37,104,84,39,79,31,108,67,77,53,27,92,70,29,48,52,80,51
"Gene3592",2,0,5,2,4,2,2,3,1,1,1,5,3,0,7,3,1,2,3,2,1,0,5,3,4,1,5,1,5,1,2,1,2,8,4,2,4,1,4,1,2,7,4,0,0,3,1,2,5,4,2,0,5,2,1,6,5,3,2,0,3,3,2,1,1,9,2,5,1,1,1,2
"Gene3593",72,27,50,34,93,74,59,31,58,38,88,108,33,62,67,28,49,27,28,42,68,26,47,63,54,41,75,73,39,36,62,56,44,41,30,50,83,25,46,47,73,34,66,47,58,48,78,72,37,44,46,16,31,39,53,66,42,75,28,55,54,55,58,21,35,24,61,68,59,36,61,22
"Gene3594",18,16,20,21,24,46,38,16,22,36,13,15,15,22,23,23,21,41,21,25,22,6,30,20,42,17,22,37,24,10,30,26,26,10,18,8,18,17,39,20,24,21,34,13,9,24,23,29,23,22,28,3,11,23,24,30,29,22,11,11,28,25,21,28,20,31,20,44,26,17,20,25
"Gene3595",179,212,235,95,128,124,194,150,259,325,154,154,137,250,188,109,347,107,346,266,177,279,305,232,270,162,175,254,427,194,287,100,231,263,194,126,235,164,268,146,294,313,162,322,225,521,148,189,261,375,288,120,114,238,172,296,117,382,235,138,135,170,280,263,256,205,104,284,147,231,291,291
"Gene3596",10,7,13,7,7,13,5,9,16,7,11,8,7,5,5,4,2,12,4,2,5,7,6,10,1,3,8,13,13,4,3,6,5,5,10,9,9,7,9,10,13,11,12,8,11,4,11,6,8,7,8,20,9,0,3,8,6,10,7,8,13,6,4,13,2,2,10,5,2,4,11,14
"Gene3597",11,4,16,7,13,10,13,13,10,13,6,6,14,2,4,5,6,8,11,4,2,6,15,11,11,2,7,9,9,5,9,6,9,7,5,11,4,4,5,13,7,13,8,5,7,4,2,6,12,6,16,9,8,6,15,8,8,8,2,12,6,1,4,8,7,0,4,6,3,6,10,8
"Gene3598",66,43,27,44,40,24,51,25,70,55,40,24,49,46,36,59,45,20,32,74,41,49,42,33,34,51,71,29,29,40,38,18,56,40,15,74,64,38,38,31,54,54,27,70,48,53,31,41,51,51,33,28,45,22,44,84,58,67,66,41,50,36,38,51,29,35,73,42,47,46,40,12
"Gene3599",60,59,44,36,53,56,32,61,46,43,76,41,44,46,40,66,44,33,35,44,46,57,84,54,36,36,38,130,40,53,32,42,26,50,53,76,61,40,82,53,47,27,71,57,52,36,54,38,54,57,31,44,31,28,56,46,35,92,35,30,39,26,18,53,38,86,20,61,75,68,109,58
"Gene3600",23,41,28,39,11,35,23,17,18,18,31,55,25,27,15,38,12,14,24,18,13,9,28,28,22,19,26,49,29,16,18,14,22,25,20,12,17,17,20,10,48,22,19,35,22,12,19,36,18,13,7,25,24,27,16,25,27,36,15,24,17,12,19,16,12,36,24,18,23,34,42,36
"Gene3601",56,29,64,34,47,39,28,29,31,71,52,52,27,43,48,49,41,35,36,31,35,14,46,35,52,46,69,23,33,79,82,35,33,56,55,23,47,41,43,52,68,42,15,56,34,66,40,41,6,46,59,43,28,50,54,35,56,44,25,38,28,37,62,72,82,53,46,16,52,65,63,52
"Gene3602",18,58,23,71,15,43,55,42,40,46,21,89,27,16,22,38,42,49,36,22,43,43,34,50,56,15,28,25,81,25,29,23,65,56,42,16,36,25,56,45,63,43,34,50,26,27,22,32,18,36,48,36,21,50,41,18,59,24,43,40,22,44,39,17,48,19,41,73,50,52,40,41
"Gene3603",38,16,15,35,25,30,27,17,42,54,28,14,30,32,30,44,22,24,27,39,49,23,37,27,31,16,15,15,31,22,26,30,21,17,16,37,34,14,32,42,25,37,23,22,81,11,50,34,42,14,17,33,19,49,15,55,57,27,20,37,34,23,18,27,29,38,31,36,13,31,11,19
"Gene3604",23,32,17,32,35,33,7,26,7,18,29,21,17,16,19,27,38,15,15,31,42,30,20,61,24,31,35,26,44,24,36,14,13,14,35,12,17,19,22,24,38,23,36,26,17,15,21,35,38,29,26,23,13,31,11,19,11,73,13,22,26,26,61,25,29,24,16,6,15,16,20,12
"Gene3605",41,48,20,42,61,51,23,36,25,50,35,33,79,54,79,37,27,67,38,48,40,20,93,84,28,25,34,24,46,34,32,30,34,49,55,43,21,46,72,47,32,25,64,45,41,32,82,28,45,63,40,72,82,50,35,49,48,37,44,64,24,29,24,46,34,33,50,21,28,42,56,25
"Gene3606",122,316,146,110,172,154,161,384,198,290,151,270,65,59,74,311,279,133,199,129,127,212,116,62,123,118,107,112,95,241,92,112,176,158,344,166,175,171,218,224,134,70,129,209,87,212,80,75,190,213,159,214,148,218,196,268,147,74,192,230,156,177,265,153,92,105,106,147,192,189,210,101
"Gene3607",599,824,602,456,309,268,678,757,395,261,432,675,463,791,377,337,457,548,437,467,480,417,683,325,588,771,653,416,690,357,267,577,412,376,555,392,847,792,291,370,603,347,490,290,337,264,665,533,430,703,745,441,281,252,531,451,518,456,615,304,564,484,139,895,404,494,566,677,457,296,681,421
"Gene3608",303,320,295,221,185,134,163,227,328,191,112,187,250,108,100,250,256,86,139,111,199,198,114,109,176,97,214,157,206,240,232,120,170,132,250,167,222,180,183,146,201,183,146,206,241,101,217,67,205,113,246,164,184,230,100,120,67,299,162,129,170,122,246,276,97,169,207,112,96,228,291,89
"Gene3609",39,50,50,44,88,76,28,37,54,74,79,52,30,43,11,70,53,55,71,81,59,76,56,110,53,58,79,95,64,35,71,81,35,43,71,96,50,84,37,37,69,21,32,56,48,21,63,62,37,34,53,161,56,39,48,70,30,44,56,77,82,58,25,53,41,14,56,81,86,55,79,22
"Gene3610",23,18,15,10,14,9,9,8,20,16,6,14,20,17,14,10,14,10,5,17,13,12,9,13,17,8,15,15,8,13,15,7,16,8,12,18,24,10,8,15,20,22,25,15,9,10,9,34,10,8,13,7,21,13,9,10,10,21,5,8,9,10,15,16,5,9,25,15,12,10,20,15
"Gene3611",133,158,159,99,210,114,233,120,217,139,163,200,170,256,106,249,236,158,165,101,197,204,111,279,49,192,160,215,169,229,110,144,226,59,141,132,100,270,140,134,204,169,110,170,182,232,235,97,96,148,189,196,185,188,148,167,141,181,154,146,164,216,133,188,516,593,624,450,400,478,570,632
"Gene3612",257,295,388,316,697,347,545,425,277,514,300,170,247,241,327,211,274,261,352,272,514,212,466,237,288,190,312,280,347,242,238,292,309,247,211,201,286,135,285,209,135,179,253,363,176,262,392,193,747,316,370,268,433,315,376,266,386,348,334,399,153,432,235,214,306,250,184,202,254,594,206,513
"Gene3613",50,50,47,24,51,52,33,28,46,37,41,52,34,34,45,49,39,76,22,34,26,56,35,32,28,32,27,31,26,38,65,18,53,39,47,37,73,38,32,46,36,23,34,78,12,41,31,62,47,61,55,42,35,56,37,58,27,75,33,30,51,26,40,51,62,30,34,32,39,51,61,52
"Gene3614",41,50,53,59,45,30,85,21,48,61,35,45,28,21,48,27,43,38,43,73,41,23,73,20,46,62,69,43,63,28,23,39,37,29,22,48,58,42,89,32,80,52,57,43,64,43,68,46,51,56,47,26,28,19,37,51,42,61,51,43,37,23,37,39,25,66,16,65,82,25,29,41
"Gene3615",223,228,314,165,242,248,383,297,215,297,119,253,125,219,344,198,281,127,228,210,163,162,226,169,198,141,226,238,223,149,117,253,285,247,180,360,268,375,322,215,176,201,299,228,252,123,205,87,260,273,191,128,347,236,242,262,245,369,141,122,299,312,208,259,226,296,168,238,123,246,204,145
"Gene3616",61,80,43,53,39,92,24,71,54,56,100,103,86,34,40,59,54,29,68,121,106,68,23,54,72,71,31,73,105,42,58,61,48,75,115,41,46,62,89,88,103,45,47,73,72,48,60,45,119,99,87,59,61,99,100,56,101,72,79,99,57,32,55,136,41,84,83,89,58,39,90,128
"Gene3617",1099,641,621,771,768,675,1272,623,1105,1263,1477,861,1406,454,865,1121,834,661,1175,892,757,812,509,645,859,544,860,735,628,665,688,479,870,1175,697,1581,1286,1131,588,721,1012,715,695,1574,364,743,902,820,699,756,740,823,908,737,631,518,992,752,1129,414,1076,917,1122,712,1179,1054,897,740,752,920,981,1197
"Gene3618",38,52,72,70,46,62,30,45,62,76,39,56,13,106,43,38,54,61,62,52,64,36,25,42,51,75,30,52,51,59,79,54,56,62,45,58,89,57,48,42,63,73,30,47,41,63,47,41,66,30,34,41,56,26,36,46,41,48,34,87,36,35,64,26,40,73,55,71,69,40,56,28
"Gene3619",6,8,8,15,5,13,8,9,6,4,7,3,5,8,9,1,5,7,14,9,5,6,4,11,10,3,4,6,10,0,7,4,3,12,4,5,4,9,9,8,2,7,12,6,5,7,5,4,24,10,12,12,10,17,6,11,8,13,16,7,6,8,15,3,7,3,6,11,9,9,5,2
"Gene3620",117,161,142,200,320,245,126,70,186,221,208,216,164,337,204,189,215,196,216,217,193,100,223,215,156,219,185,119,91,193,167,195,160,122,212,267,129,187,87,202,146,166,164,229,182,201,194,246,201,134,151,219,338,182,165,211,388,95,284,207,214,88,282,123,321,174,361,186,238,148,150,246
"Gene3621",86,59,126,53,75,121,54,65,117,61,109,127,81,47,52,84,80,53,76,94,52,85,139,110,77,83,90,102,83,95,106,51,93,56,100,78,194,29,89,103,140,120,62,87,101,66,119,92,162,60,109,82,96,62,40,78,59,90,42,92,72,41,224,136,47,91,125,66,35,91,89,114
"Gene3622",24,50,31,23,24,53,42,41,32,44,36,57,21,45,49,48,39,34,34,86,37,20,49,58,30,49,21,43,12,32,49,55,45,35,27,67,29,39,55,40,32,39,44,21,17,20,26,16,24,38,45,59,40,44,38,27,44,34,35,36,40,42,24,24,37,24,40,30,61,29,24,25
"Gene3623",10,11,12,23,9,3,4,8,7,8,14,4,17,9,5,6,8,10,12,8,9,16,15,25,9,15,12,8,10,15,9,6,10,12,30,11,10,11,6,19,12,11,11,11,6,12,5,5,7,9,11,14,8,8,22,14,13,10,17,14,7,15,17,12,26,20,10,16,13,13,9,11
"Gene3624",111,133,95,217,129,110,79,143,186,133,128,142,110,118,50,114,132,205,109,141,192,45,233,65,145,111,220,137,153,154,216,125,114,135,306,104,161,256,111,156,191,226,127,113,85,149,162,102,132,176,168,152,216,138,65,90,194,216,221,210,144,155,402,186,182,135,164,133,184,127,224,212
"Gene3625",85,110,34,130,78,102,112,188,120,113,124,94,61,115,53,80,111,84,113,67,166,165,80,103,83,57,152,87,85,73,174,114,83,129,168,133,116,81,113,82,46,109,85,89,108,96,74,126,161,101,114,82,164,87,120,117,199,63,88,115,79,135,55,193,74,44,145,54,104,98,95,94
"Gene3626",49,135,64,99,56,23,81,93,76,65,49,53,133,59,80,115,49,82,64,50,57,61,49,46,73,142,66,98,46,98,93,130,106,108,74,74,67,74,72,62,106,78,57,125,56,54,58,74,82,74,98,83,81,53,55,56,46,58,68,70,102,93,86,64,57,44,81,61,61,126,95,68
"Gene3627",166,337,292,270,275,295,329,298,276,693,354,255,565,286,370,494,403,469,327,455,159,369,179,399,311,604,412,595,139,334,145,437,385,447,217,280,519,83,376,355,343,368,352,336,246,330,448,329,81,76,72,55,57,70,41,59,340,367,555,308,358,353,228,309,482,319,424,276,340,329,334,207
"Gene3628",19,23,25,25,16,15,13,22,9,13,5,12,42,8,14,13,21,33,20,8,18,9,17,25,16,16,34,15,11,22,7,17,23,16,21,10,17,12,23,18,11,15,10,7,19,6,24,20,19,17,13,19,14,8,9,8,16,17,15,14,22,18,27,14,10,14,5,28,17,13,20,20
"Gene3629",49,50,40,56,87,41,27,111,34,52,58,58,96,66,27,80,64,46,68,81,67,90,67,74,73,44,80,62,57,110,81,80,50,36,75,54,62,31,64,87,77,81,76,38,33,57,61,90,117,107,134,86,56,42,77,73,80,53,45,83,61,75,78,45,489,322,232,314,306,495,245,523
"Gene3630",40,99,34,23,34,40,62,34,13,53,40,10,51,27,39,48,41,47,78,21,21,21,43,23,51,58,47,51,36,44,22,14,22,31,31,16,46,32,61,55,23,30,55,47,25,45,24,49,30,47,12,62,34,14,24,12,28,42,33,45,49,60,66,27,31,28,49,41,39,29,14,61
"Gene3631",78,78,74,135,80,138,88,141,71,99,135,57,104,52,63,73,66,81,42,98,60,141,116,160,68,104,59,187,104,143,121,116,157,103,79,56,106,68,162,112,147,33,117,124,72,106,65,118,95,95,44,115,57,70,68,114,97,48,58,59,93,54,166,162,113,179,86,78,84,110,49,150
"Gene3632",60,73,142,111,66,110,68,75,80,39,67,64,61,63,150,90,105,44,90,96,98,53,79,86,75,132,92,87,90,110,87,49,70,99,41,66,87,114,89,113,120,98,85,55,125,147,100,74,76,148,76,111,76,99,92,49,47,125,93,38,102,58,47,103,87,51,87,88,78,120,137,84
"Gene3633",152,72,75,53,48,45,61,86,44,26,47,69,33,16,46,53,62,38,80,39,57,31,31,49,45,45,32,56,37,40,34,53,51,70,32,38,26,56,75,59,34,60,30,63,34,43,23,64,33,62,56,19,42,56,37,67,67,34,87,42,30,51,36,38,32,43,107,38,31,24,81,54
"Gene3634",8,12,19,11,7,18,5,8,14,8,10,12,19,4,8,7,7,6,21,3,21,12,7,16,14,8,6,3,10,15,10,7,7,7,11,15,10,3,13,8,4,11,12,2,7,15,12,5,7,11,4,4,14,9,8,5,7,5,8,2,9,2,8,13,2,20,19,9,12,8,8,5
"Gene3635",72,66,58,57,56,82,86,107,95,42,31,20,56,39,43,50,45,45,37,36,40,55,32,78,78,88,72,64,58,38,53,102,28,30,51,47,102,67,48,62,47,56,57,29,115,21,42,59,59,40,32,31,103,38,46,34,52,70,55,53,70,48,87,59,94,43,51,43,49,88,45,56
"Gene3636",383,370,280,414,286,376,177,382,219,273,259,574,267,179,309,283,102,367,413,250,296,552,377,153,360,383,254,325,275,390,249,337,311,346,591,142,448,401,228,374,263,332,388,252,354,510,231,317,447,440,266,404,446,399,566,147,199,169,277,523,531,304,301,216,398,201,351,280,479,183,301,328
"Gene3637",5,5,5,4,7,7,8,5,2,9,0,2,9,8,5,5,2,7,2,2,0,1,14,2,5,9,6,7,10,5,2,4,2,7,6,7,8,4,2,5,7,4,5,6,3,12,2,8,5,4,4,6,7,6,14,5,4,9,12,3,1,4,9,3,7,12,5,9,6,9,4,3
"Gene3638",23,26,22,34,57,33,21,39,24,9,27,34,42,42,43,15,14,42,32,28,51,29,23,27,29,51,11,13,23,41,19,30,27,19,40,34,33,18,40,25,37,28,22,36,26,24,16,18,33,25,12,23,22,18,37,10,58,20,37,19,18,46,13,22,29,31,33,43,16,65,21,34
"Gene3639",48,119,125,92,62,60,105,100,61,109,108,79,103,153,75,94,83,86,56,115,97,208,113,149,78,84,109,56,94,122,90,75,101,141,81,92,105,60,138,83,104,134,68,69,84,104,73,50,71,82,160,153,88,160,68,129,112,125,40,107,62,82,87,121,153,93,93,67,67,118,133,77
"Gene3640",14,5,9,6,9,4,7,15,15,13,27,18,12,8,13,20,6,9,28,15,24,23,11,19,27,17,16,3,21,15,15,15,9,22,9,18,27,18,14,11,6,21,14,15,17,4,11,13,12,36,16,21,19,15,8,17,5,7,11,9,14,25,10,8,22,20,12,14,8,22,12,24
"Gene3641",15,23,14,10,12,11,28,12,15,9,17,18,21,11,18,7,18,13,8,23,10,17,13,12,34,15,7,15,11,14,22,6,34,23,19,9,11,21,28,13,11,22,11,29,24,13,7,22,23,12,16,11,17,14,8,32,16,5,15,9,25,9,30,20,13,23,23,15,12,10,19,27
"Gene3642",8,32,23,15,4,10,20,22,11,18,9,11,16,20,27,27,14,12,15,7,5,7,19,24,5,7,7,22,11,39,15,11,13,17,7,9,15,15,15,27,27,10,22,13,8,18,8,19,25,33,12,10,15,23,27,9,32,23,7,20,22,10,11,4,5,16,24,27,4,7,19,9
"Gene3643",14,30,23,43,22,10,18,19,21,36,24,19,19,15,14,32,27,24,8,32,24,13,27,33,22,23,11,23,23,19,11,31,28,22,28,32,35,9,18,22,28,17,15,25,10,33,27,23,17,23,11,30,24,25,13,27,16,25,27,20,17,28,25,36,23,5,19,32,13,20,13,28
"Gene3644",60,69,105,85,100,156,63,115,139,135,103,117,79,60,82,104,98,69,68,61,79,63,124,91,32,106,91,79,89,119,72,72,94,69,40,99,120,69,80,43,122,36,62,54,66,84,68,36,101,83,79,108,153,74,48,77,72,88,118,40,114,73,65,117,79,54,123,60,28,105,84,34
"Gene3645",333,391,710,386,607,715,450,708,790,578,594,659,431,855,778,501,689,592,1036,678,377,368,472,409,646,868,771,454,395,633,770,514,874,696,450,720,841,414,1021,266,431,612,593,457,277,824,919,590,832,878,537,434,648,456,529,607,294,689,338,480,754,910,924,372,615,855,590,368,512,609,379,570
"Gene3646",79,88,63,88,59,180,86,55,90,76,113,128,149,103,153,58,61,141,172,108,119,132,74,93,135,166,126,116,97,94,98,67,157,196,154,96,87,154,45,181,116,90,70,130,108,105,111,108,125,113,85,96,71,113,117,146,92,66,77,150,105,74,162,67,91,94,95,180,81,103,131,80
"Gene3647",29,32,30,22,23,39,25,25,26,46,26,20,25,25,41,16,17,26,16,23,13,11,21,23,32,30,24,11,9,36,27,10,23,14,37,8,37,26,21,27,26,15,18,16,17,13,10,9,40,26,29,16,31,19,16,28,18,20,9,11,10,15,18,22,41,17,7,15,16,37,29,17
"Gene3648",28,60,46,32,19,15,11,17,17,32,40,30,34,20,26,31,49,10,26,16,8,23,40,24,31,34,24,44,50,10,22,24,28,10,29,16,28,26,37,49,38,17,13,53,16,17,30,25,19,28,14,61,39,34,45,28,21,16,19,14,42,41,19,52,46,24,36,23,20,23,17,26
"Gene3649",7,12,7,20,14,19,16,16,15,20,9,11,17,31,15,23,12,29,18,13,7,10,14,5,18,8,4,9,8,10,13,9,7,18,16,12,16,13,14,19,11,31,22,18,14,28,18,5,25,20,14,26,14,27,10,10,10,21,17,11,15,11,19,4,9,13,13,14,15,22,19,22
"Gene3650",20,39,21,21,30,10,35,15,16,20,38,18,16,27,18,22,31,11,21,16,31,35,22,17,16,15,14,22,16,16,28,31,27,13,28,23,21,22,26,26,10,7,17,14,24,23,15,20,13,14,13,29,16,26,20,37,16,38,23,16,44,10,20,17,29,17,19,26,26,20,26,16
"Gene3651",23,12,8,24,18,15,21,20,35,31,9,31,29,13,31,8,30,20,23,8,5,37,20,18,39,39,28,21,23,37,36,33,18,13,18,29,16,37,19,30,20,41,23,14,33,27,28,34,36,34,29,29,24,37,51,16,8,19,30,20,11,23,25,30,33,24,16,14,14,16,26,39
"Gene3652",277,243,122,580,362,288,180,550,248,555,388,182,197,131,227,363,357,314,292,332,270,282,276,260,404,352,305,305,207,358,335,148,150,180,152,328,186,189,388,359,192,289,189,195,271,494,327,222,167,260,298,291,396,197,182,297,447,170,225,399,113,78,288,268,181,308,316,327,333,238,321,222
"Gene3653",140,117,83,113,57,115,176,144,71,174,137,89,129,84,124,100,219,225,50,157,97,124,191,162,63,45,138,154,72,152,66,99,84,82,147,107,216,115,84,179,142,99,108,192,60,81,130,91,109,100,88,119,66,148,57,122,148,116,85,88,121,108,134,94,22,26,18,15,16,16,20,26
"Gene3654",3,8,12,12,8,2,6,8,4,5,8,6,7,6,6,12,2,3,15,15,13,17,4,10,9,9,4,2,3,13,7,17,5,6,8,7,10,10,8,6,3,4,10,13,12,4,6,4,5,12,6,8,5,6,8,12,11,5,7,6,12,11,7,8,14,13,13,4,4,7,11,10
"Gene3655",105,118,177,164,187,130,121,100,133,152,131,165,184,192,116,82,114,62,92,137,117,99,199,166,193,113,136,147,130,80,258,192,119,99,253,104,127,157,121,92,96,35,255,159,128,112,58,92,156,101,125,108,114,184,88,178,112,106,152,91,156,196,151,213,130,96,167,168,117,74,119,155
"Gene3656",340,268,237,119,141,240,374,218,252,304,218,205,163,284,191,246,261,226,224,143,345,234,290,255,174,225,233,106,308,465,220,87,274,262,201,206,386,215,176,215,197,244,270,403,364,208,147,86,335,362,130,324,167,202,141,376,155,224,231,187,319,140,155,226,275,437,184,185,261,218,273,218
"Gene3657",46,26,18,6,48,17,45,55,41,26,50,20,71,35,26,22,59,53,39,22,68,39,75,26,31,43,43,67,19,36,45,26,59,54,51,57,48,56,39,21,67,55,57,39,51,22,40,20,78,14,33,36,46,33,28,46,53,37,44,50,54,26,37,39,33,28,53,47,67,41,83,30
"Gene3658",262,291,254,309,435,112,349,158,296,244,290,167,198,278,170,293,325,321,342,360,509,197,242,329,354,271,139,286,387,229,240,267,295,105,109,206,250,275,347,182,178,307,264,197,139,330,356,351,330,85,287,496,146,236,277,129,376,145,142,271,209,468,379,251,275,314,166,360,325,308,356,170
"Gene3659",132,80,136,144,72,103,102,62,78,84,81,56,93,53,125,25,69,66,88,65,55,48,56,94,54,89,150,90,99,60,110,66,105,48,60,71,66,154,115,87,58,91,145,101,152,41,97,86,122,142,103,76,41,95,96,97,62,137,99,120,105,43,108,105,70,66,74,65,40,96,67,71
"Gene3660",115,119,151,66,63,84,161,115,130,125,61,97,158,200,149,185,159,103,169,78,143,134,142,152,139,101,45,97,83,169,105,98,97,66,64,163,94,81,77,112,100,124,73,264,104,77,61,135,74,137,136,113,114,253,155,85,71,103,69,202,136,92,93,103,148,104,81,32,134,91,102,53
"Gene3661",43,61,30,46,59,38,28,32,32,36,22,52,57,29,37,45,26,32,59,44,39,47,30,32,38,42,55,39,24,41,21,13,18,83,21,55,65,28,32,39,28,27,37,36,32,53,25,20,45,38,32,31,27,26,27,11,31,38,25,47,24,34,44,41,22,12,49,46,55,34,45,42
"Gene3662",374,303,360,185,172,168,593,209,417,131,246,558,208,228,424,242,542,241,305,211,219,389,442,415,209,269,251,347,298,490,166,401,170,512,230,578,358,289,272,321,329,262,95,297,198,314,259,287,440,249,230,329,299,263,291,331,325,653,323,108,268,232,132,347,361,603,263,495,514,335,561,280
"Gene3663",25,103,23,52,78,33,25,69,41,76,51,69,48,55,32,26,40,55,41,78,48,92,49,53,66,73,54,58,96,63,82,44,31,28,25,79,80,36,71,28,91,60,91,29,85,34,79,44,69,57,54,70,68,54,43,58,38,47,29,60,39,85,56,64,57,56,77,49,38,73,53,65
"Gene3664",29,30,37,35,51,14,52,55,33,27,25,51,58,22,21,38,26,41,31,28,54,31,30,46,33,34,36,48,46,46,28,60,35,25,14,18,90,64,45,64,44,26,57,13,37,41,31,28,48,38,24,59,49,52,62,69,66,11,53,52,48,27,28,29,12,30,35,23,16,38,32,28
"Gene3665",114,48,79,149,70,121,167,146,111,139,56,151,130,54,120,160,108,97,119,101,94,106,89,123,84,73,107,116,96,114,73,99,123,119,83,53,104,63,183,119,124,77,64,112,95,106,102,64,154,63,72,81,144,115,163,76,165,95,92,204,196,47,124,101,73,92,173,164,136,140,25,65
"Gene3666",51,58,15,97,50,42,35,86,21,33,50,63,47,30,29,54,43,54,41,40,66,36,45,59,31,59,57,49,43,42,40,52,49,28,29,38,70,55,43,54,77,28,28,52,54,41,47,32,66,53,43,35,69,44,40,68,60,50,43,42,62,72,38,35,33,46,96,20,84,37,34,32
"Gene3667",38,42,26,44,60,43,72,53,47,45,97,59,18,32,54,41,43,33,32,62,16,66,24,28,58,52,63,34,54,22,37,48,55,31,33,65,24,46,27,69,42,41,27,61,41,46,23,30,28,27,41,37,94,50,11,49,20,24,26,20,44,48,18,70,41,38,32,51,29,37,40,18
"Gene3668",76,147,143,149,128,151,184,192,127,166,190,72,147,171,200,100,140,119,87,92,119,107,127,54,156,112,238,80,270,88,221,250,86,207,145,99,243,149,146,153,144,205,95,118,104,168,128,127,208,138,134,169,189,135,191,156,109,72,196,171,106,131,176,232,119,152,107,143,40,155,195,258
"Gene3669",21,42,64,52,27,25,42,70,64,30,19,62,65,59,49,40,46,38,47,38,42,34,49,53,40,53,43,44,62,55,39,47,21,48,67,16,71,54,23,56,35,93,45,28,20,51,54,56,30,53,44,56,37,50,33,29,52,50,54,43,25,33,39,30,37,39,20,72,28,49,46,42
"Gene3670",36,41,25,33,39,46,16,40,19,30,27,33,53,25,33,22,22,33,51,44,21,52,14,23,46,21,32,48,61,19,38,23,31,24,35,22,38,25,27,40,32,17,36,45,20,19,37,34,42,40,23,41,33,42,48,36,36,45,47,19,25,38,38,29,12,31,19,19,18,26,49,23
"Gene3671",32,24,12,48,30,46,27,23,28,26,11,33,38,11,47,21,39,11,22,34,19,27,43,31,27,22,24,28,14,16,20,24,37,27,17,28,46,33,16,28,36,31,39,37,23,37,44,39,37,22,25,26,33,29,32,37,25,17,27,25,22,28,33,34,46,19,37,22,21,15,49,35
"Gene3672",12,7,10,17,12,7,20,8,7,11,14,6,13,23,11,13,9,18,7,16,3,12,5,18,19,14,11,15,10,2,12,17,15,2,26,11,0,13,10,11,8,10,3,23,10,12,16,14,8,5,16,14,7,11,10,3,10,19,7,6,16,14,10,9,7,5,10,5,5,7,6,2
"Gene3673",254,336,335,249,607,445,109,304,543,297,292,497,483,214,322,354,201,492,431,297,284,242,376,384,470,217,431,384,249,405,116,302,550,412,290,341,273,621,336,382,280,287,372,296,528,544,383,343,289,263,432,386,495,350,263,361,497,375,354,392,199,396,594,288,359,409,284,379,462,170,485,207
"Gene3674",29,39,35,13,22,34,37,27,18,12,19,23,28,21,28,13,6,30,39,19,24,13,18,10,26,32,24,21,31,41,30,34,42,25,28,18,28,28,22,35,27,60,39,15,10,32,25,9,24,30,30,8,15,17,27,17,26,33,21,38,25,27,21,24,3,4,7,3,2,3,6,6
"Gene3675",23,44,20,31,32,22,84,28,17,25,43,45,32,35,49,30,45,28,57,38,46,42,36,49,24,41,57,45,53,50,45,28,32,13,17,46,24,28,30,36,43,46,24,39,29,35,22,34,34,30,37,55,38,29,40,24,45,15,21,64,52,19,19,32,35,23,42,37,34,26,63,25
"Gene3676",66,41,22,52,84,64,71,29,108,55,25,113,82,62,82,73,97,51,68,56,61,80,50,61,54,103,90,92,79,40,114,44,41,49,85,64,85,42,66,95,69,38,74,62,58,64,85,32,66,129,84,56,86,108,33,66,94,71,67,75,97,91,35,64,31,61,55,105,92,74,51,47
"Gene3677",21,26,13,17,27,16,29,28,17,16,26,25,34,25,24,11,25,35,29,17,25,10,43,24,10,26,17,33,20,14,28,43,22,16,68,20,23,13,38,34,29,23,35,12,38,17,40,30,33,24,19,23,37,16,18,33,20,17,18,15,40,25,46,27,22,11,27,30,45,37,21,7
"Gene3678",4,12,6,10,6,6,3,5,0,4,3,3,5,2,7,0,1,2,2,4,4,14,7,4,1,5,1,3,2,7,5,5,5,11,1,3,5,3,2,8,0,1,9,14,4,6,2,9,3,13,5,2,4,4,8,5,2,6,11,4,5,2,3,7,4,1,10,8,8,7,5,7
"Gene3679",140,81,146,119,98,131,81,70,139,27,119,78,99,64,90,111,51,94,102,151,81,73,50,65,50,83,87,135,65,55,62,97,68,96,122,88,93,128,148,82,107,38,77,89,114,41,79,115,105,53,69,100,101,151,88,122,130,38,82,113,84,115,86,69,146,112,132,95,81,136,55,75
"Gene3680",81,85,130,147,166,100,151,47,44,106,94,131,119,33,60,106,98,139,71,84,127,142,73,98,156,103,203,50,117,95,177,73,107,141,136,63,115,143,118,92,101,99,133,91,189,106,103,87,132,99,79,146,64,101,121,148,130,102,88,140,108,102,63,164,97,119,86,83,123,92,201,175
"Gene3681",56,35,19,49,35,53,51,28,35,31,66,36,60,27,37,42,66,39,29,19,29,37,45,31,43,23,50,36,28,49,51,40,49,52,46,46,24,54,14,67,49,42,46,34,53,40,33,32,43,39,27,19,20,37,28,44,53,52,15,41,54,24,19,23,38,39,30,43,50,29,70,39
"Gene3682",12,32,26,55,15,17,56,22,44,19,29,9,19,31,19,45,28,36,55,19,18,33,19,26,56,15,39,29,36,32,30,15,27,37,20,16,33,24,26,30,28,23,30,16,25,28,38,15,40,32,22,42,16,15,11,19,16,22,29,17,35,57,18,52,22,10,20,41,16,45,30,22
"Gene3683",33,37,13,18,25,15,21,27,26,29,39,8,13,19,24,8,20,25,22,33,24,30,7,27,19,19,27,23,24,16,21,24,9,8,17,9,20,20,27,22,16,52,10,33,20,23,12,27,26,9,15,7,23,21,14,25,21,32,23,18,30,19,11,9,10,19,15,15,20,25,14,21
"Gene3684",423,533,334,357,543,691,298,456,358,1185,644,601,707,402,324,322,835,246,383,1305,717,728,593,631,426,203,337,662,646,924,578,428,839,400,377,562,978,519,687,634,759,515,685,536,868,495,1130,459,574,530,283,1112,515,825,511,473,296,506,462,414,208,380,611,762,351,547,794,411,439,558,628,609
"Gene3685",88,33,54,41,85,31,32,26,58,81,22,38,72,24,35,59,60,74,22,27,26,60,48,53,48,14,32,25,23,51,30,18,22,19,49,33,39,18,48,58,74,29,16,18,54,68,16,29,20,34,41,32,51,54,49,46,66,35,45,33,46,30,58,26,45,40,44,30,25,29,47,35
"Gene3686",70,32,64,11,53,38,62,46,55,59,76,56,48,55,59,16,103,42,154,61,62,80,56,25,34,95,18,46,25,48,69,70,49,28,40,27,56,54,59,45,64,53,46,59,47,52,56,57,10,9,7,10,11,10,11,6,74,51,54,39,53,39,60,43,40,37,53,40,58,47,40,70
"Gene3687",64,81,60,59,94,58,64,47,74,40,60,54,62,91,87,99,32,52,47,60,54,43,99,40,44,60,54,41,46,87,59,42,49,63,66,78,56,151,55,101,96,90,69,41,32,87,67,86,72,78,107,54,93,53,86,53,40,84,45,53,30,76,56,65,112,94,19,41,83,106,103,56
"Gene3688",44,35,22,59,43,27,41,39,60,34,29,45,48,57,17,53,21,25,20,35,40,55,32,21,38,52,45,63,37,46,18,35,68,95,30,25,65,26,47,85,44,47,46,25,57,18,62,34,46,41,38,31,44,29,50,52,15,20,40,32,59,34,43,30,34,40,44,25,32,49,45,25
"Gene3689",1019,1115,1041,1154,1320,419,1432,1151,848,630,1040,1254,788,836,1140,776,861,1255,1136,1517,514,879,598,883,724,1277,1172,919,949,1069,658,1067,557,763,1079,597,983,1516,1200,859,1242,963,1517,458,589,1060,877,1473,604,1282,638,1154,1014,725,641,1397,738,1368,1396,615,565,835,578,454,924,783,677,818,1361,608,1009,1129
"Gene3690",35,46,48,84,67,33,57,70,60,49,52,14,43,22,45,27,77,70,18,71,23,52,21,23,92,47,77,29,38,63,34,46,69,48,51,58,96,41,42,84,36,66,42,29,38,63,46,33,76,81,33,61,22,42,44,51,70,66,57,66,72,64,74,49,49,33,66,34,24,62,93,83
"Gene3691",12,11,24,10,11,8,7,12,11,17,4,11,14,14,14,13,9,7,16,18,16,9,11,21,11,11,12,26,8,7,13,9,17,10,20,34,12,17,6,16,17,28,14,9,11,12,19,9,9,15,19,15,9,23,15,9,13,14,7,8,23,23,22,17,5,18,22,9,8,15,8,16
"Gene3692",63,71,120,49,57,39,56,51,69,79,162,53,66,63,76,56,112,60,62,109,61,90,47,92,43,61,103,75,58,86,43,76,102,90,83,44,67,128,51,74,62,89,82,108,92,63,93,65,80,77,32,38,44,78,41,103,96,43,45,49,77,109,104,153,74,108,53,92,113,48,155,28
"Gene3693",307,161,178,306,227,162,162,332,222,251,333,291,281,226,342,218,109,154,142,177,118,231,226,223,172,298,239,129,164,184,53,223,278,155,251,244,176,133,200,122,135,266,102,225,371,166,379,375,76,242,123,149,169,67,269,247,161,174,197,188,246,330,412,121,145,194,241,242,141,155,292,378
"Gene3694",15,7,9,28,29,16,12,21,20,9,18,13,10,18,18,14,20,14,8,11,15,13,7,41,17,11,14,11,17,22,25,13,30,23,15,4,10,6,21,14,16,12,10,41,5,19,17,14,17,12,5,16,15,27,5,15,14,10,13,15,6,17,16,24,13,12,18,19,17,11,6,23
"Gene3695",492,273,395,278,190,296,328,304,281,694,421,276,356,281,351,407,477,342,379,235,429,271,365,591,267,707,512,345,295,475,458,318,241,629,628,326,237,213,293,553,478,417,634,488,424,266,458,415,321,490,477,449,292,447,389,288,581,312,366,217,393,361,387,690,381,397,371,358,292,496,216,401
"Gene3696",23,57,40,53,79,60,142,42,61,80,105,110,113,67,71,79,43,114,56,53,74,123,66,62,75,53,45,66,87,39,46,42,71,51,70,56,151,103,74,38,66,101,144,50,44,50,106,56,68,72,82,74,110,80,32,88,48,77,83,48,97,91,105,35,72,65,72,31,92,55,50,114
"Gene3697",55,63,65,19,46,53,48,59,28,51,16,54,43,43,33,27,47,16,54,30,71,31,69,64,31,39,24,45,54,40,24,57,48,16,76,28,60,54,40,52,25,72,40,34,74,64,70,31,33,36,41,22,28,64,41,39,19,28,63,47,26,34,52,23,58,26,30,30,51,36,43,29
"Gene3698",101,103,75,118,213,207,154,115,93,249,95,210,179,148,272,128,177,125,129,187,194,158,269,177,131,164,203,107,195,90,193,98,261,101,129,189,142,223,191,188,150,155,78,161,107,237,290,169,228,320,165,86,113,188,211,113,127,217,94,149,92,188,228,150,70,159,130,112,148,215,110,197
"Gene3699",6,14,9,14,5,4,10,6,7,6,9,23,5,12,2,17,14,12,7,14,6,1,4,11,13,8,4,7,7,16,14,16,13,11,5,11,14,7,3,11,5,4,12,5,6,10,8,1,17,11,8,7,3,19,31,20,14,12,11,7,7,8,8,12,0,2,4,4,3,3,4,6
"Gene3700",416,403,406,510,398,614,183,412,236,315,256,323,157,218,314,255,212,431,334,327,316,251,400,734,416,206,379,300,268,121,189,122,185,510,428,278,273,449,219,311,348,324,213,247,293,240,238,166,412,160,413,318,213,265,438,102,223,243,272,212,190,314,396,263,395,288,362,239,491,348,147,221
"Gene3701",29,35,30,12,33,37,16,39,31,10,23,23,41,22,44,12,35,18,37,34,34,44,24,25,29,41,17,24,23,29,22,30,20,25,15,15,28,17,43,44,29,23,36,16,47,11,21,29,24,19,28,46,21,37,37,53,36,12,16,40,28,14,16,7,26,8,26,21,39,28,21,10
"Gene3702",7,15,28,11,21,25,15,32,15,15,6,17,22,31,17,28,9,19,17,22,28,16,12,9,31,17,15,22,8,17,38,18,13,22,25,18,11,11,16,9,23,15,12,12,21,16,21,17,26,22,15,48,32,4,20,36,21,5,8,26,15,12,18,20,26,33,28,9,26,11,10,9
"Gene3703",16,35,27,16,31,31,53,27,27,25,28,47,39,33,24,25,40,43,40,38,18,14,12,16,27,28,46,24,26,7,21,12,37,18,43,20,39,38,37,22,26,60,27,37,52,13,24,36,47,13,14,28,32,51,38,13,17,24,26,28,38,36,29,43,50,40,27,33,12,34,50,52
"Gene3704",55,124,55,78,58,114,49,56,67,38,57,29,53,37,63,41,79,18,46,84,30,54,19,27,33,42,53,61,91,48,50,44,62,60,50,66,15,59,46,31,102,109,30,69,38,73,82,64,61,38,52,64,68,68,51,27,76,72,67,84,91,29,73,49,112,39,42,71,59,45,42,54
"Gene3705",18,14,10,17,15,16,29,10,14,3,18,24,14,20,30,22,10,17,30,16,12,7,10,17,28,8,14,27,9,15,19,29,10,19,25,13,30,14,19,20,18,10,14,24,13,13,10,24,23,47,12,17,11,23,12,11,26,21,11,11,14,20,13,21,17,19,14,22,9,9,20,9
"Gene3706",3,6,3,2,3,1,3,2,2,3,0,6,5,6,1,0,3,3,4,2,2,3,4,6,3,6,4,3,2,1,1,1,0,1,8,2,5,3,1,2,2,1,4,2,2,2,2,2,6,2,1,4,4,4,1,3,0,3,3,4,6,4,3,6,1,3,2,4,2,2,7,4
"Gene3707",37,36,50,37,23,75,54,18,58,93,57,68,92,83,61,91,31,102,96,72,65,74,85,26,65,88,57,20,56,44,21,37,59,55,42,77,69,92,34,45,62,45,80,63,59,59,91,53,69,60,55,120,38,78,48,25,61,29,32,73,71,59,57,41,32,33,57,44,28,40,84,62
"Gene3708",129,198,164,182,214,229,160,270,215,89,134,201,179,113,38,219,198,160,185,141,195,82,142,120,209,73,148,203,277,186,187,176,85,82,94,138,104,158,118,322,182,193,267,107,215,126,253,192,110,227,123,97,145,171,301,105,193,99,115,173,126,145,227,76,184,357,221,168,161,94,211,108
"Gene3709",87,32,26,48,48,44,41,21,32,54,44,23,39,39,58,35,39,33,39,80,23,60,50,26,35,30,25,45,48,48,27,43,40,50,40,24,38,31,59,55,57,50,30,25,28,54,58,28,25,33,28,52,42,44,95,40,30,41,47,51,40,38,44,55,57,47,41,59,42,64,36,42
"Gene3710",35,83,99,62,74,74,108,70,41,74,82,61,97,46,63,48,130,42,144,52,58,56,85,142,129,82,65,98,59,42,138,115,160,119,83,41,99,71,106,79,46,48,78,64,144,121,110,104,113,56,68,113,67,45,143,86,54,84,88,131,60,46,64,93,87,108,69,61,81,85,89,61
"Gene3711",163,211,216,85,115,124,158,175,92,118,100,70,91,131,70,84,135,129,72,134,59,91,227,64,159,82,170,145,107,138,146,117,202,122,96,242,118,157,151,162,71,236,125,64,101,100,155,132,175,87,107,169,41,49,173,119,194,178,169,88,99,61,201,148,177,141,145,184,165,189,114,211
"Gene3712",16,11,31,16,10,12,18,29,20,9,14,28,24,35,14,11,15,23,23,21,9,13,11,40,17,17,10,9,11,18,25,12,32,21,31,18,26,19,7,18,22,24,21,14,7,20,13,25,10,23,9,18,16,17,26,19,15,26,12,14,18,13,39,10,18,17,13,17,16,10,30,18
"Gene3713",192,386,620,330,462,356,247,485,428,237,478,773,573,325,170,585,322,452,784,167,279,421,441,332,602,413,384,348,732,441,631,527,466,307,398,529,337,424,233,339,387,337,378,384,210,390,497,375,533,425,672,419,657,717,567,451,416,428,390,530,299,133,750,368,256,293,329,410,375,385,233,277
"Gene3714",16,28,23,18,9,17,12,35,22,20,10,22,18,30,14,15,26,9,22,13,34,21,19,33,15,30,44,26,25,22,10,22,12,25,11,40,20,29,36,31,13,28,22,31,22,12,30,15,38,18,18,22,19,21,15,25,13,14,17,14,17,6,21,13,17,11,21,21,9,17,11,23
"Gene3715",61,44,26,44,39,37,34,71,33,26,40,30,29,38,114,56,49,64,60,33,61,53,77,31,33,71,37,55,34,45,53,53,56,31,57,33,46,54,70,46,89,43,51,33,64,81,59,44,84,22,42,55,36,70,67,78,26,32,25,58,43,73,34,40,45,38,49,49,48,50,32,42
"Gene3716",475,310,487,601,632,625,510,691,631,723,566,707,466,283,269,467,682,659,331,619,198,527,422,818,726,694,684,590,615,586,443,528,930,437,532,421,621,444,751,593,734,472,641,828,651,650,370,655,515,676,450,578,434,367,438,471,614,1248,419,514,477,444,490,940,247,550,370,666,304,555,346,927
"Gene3717",38,31,109,78,79,25,79,183,13,68,167,58,46,43,94,71,63,81,37,81,84,69,30,109,99,143,63,84,40,51,68,48,85,64,32,77,93,110,113,70,40,74,121,144,101,67,94,69,22,65,62,153,36,55,52,85,76,68,81,74,52,83,61,38,90,76,61,97,82,103,83,62
"Gene3718",38,65,42,45,23,61,42,40,58,116,79,41,127,49,48,52,52,102,53,30,43,70,91,75,48,76,47,31,35,35,63,42,33,90,96,35,29,61,21,33,75,74,73,56,47,30,86,43,56,23,31,45,72,81,47,60,93,29,19,18,45,35,47,73,107,27,36,78,68,44,26,60
"Gene3719",6,5,10,7,30,14,19,7,13,23,17,14,12,19,20,5,21,7,24,7,18,13,10,14,6,10,22,22,16,21,12,20,12,21,12,19,14,12,10,12,32,2,15,22,11,8,17,9,20,24,10,8,10,8,15,20,15,15,24,10,17,20,25,8,16,30,15,14,21,8,18,13
"Gene3720",23,17,8,5,5,9,39,13,18,10,11,15,19,9,26,6,15,16,11,6,15,10,8,6,18,10,28,7,13,18,6,9,18,16,17,10,12,15,3,20,12,16,12,25,23,13,13,17,20,8,12,13,31,31,18,7,15,19,15,11,2,9,7,17,17,15,12,14,6,17,11,15
"Gene3721",21,35,13,11,24,32,16,17,25,22,24,23,20,33,25,20,38,22,28,31,35,65,19,13,19,25,33,16,39,37,18,21,29,41,41,34,15,20,33,25,34,32,33,50,34,51,29,32,34,49,18,31,9,24,17,31,24,30,24,18,44,36,37,25,36,36,25,23,20,17,3,23
"Gene3722",45,29,31,33,52,16,21,47,56,23,22,52,35,55,35,26,53,30,40,39,9,42,16,45,58,38,17,34,65,21,38,68,34,51,13,44,48,45,33,44,28,39,29,29,55,31,25,31,49,35,19,25,48,35,21,31,21,28,44,24,22,22,14,22,29,13,35,29,16,45,18,20
"Gene3723",433,186,398,241,364,290,406,284,313,535,479,523,486,341,264,537,353,591,496,373,388,373,225,364,197,410,335,400,325,423,349,278,512,519,488,539,514,186,638,303,307,482,440,262,368,382,490,627,622,390,284,546,139,546,537,446,479,327,321,300,180,347,491,597,425,434,298,356,214,249,213,376
"Gene3724",29,46,31,31,43,30,29,31,41,27,7,16,25,43,23,35,40,23,21,33,11,17,16,30,20,19,16,52,44,11,39,36,30,32,51,7,11,9,39,12,17,21,29,30,20,50,10,36,17,73,15,24,36,32,36,58,31,39,37,30,18,33,37,35,34,31,21,29,25,22,39,25
"Gene3725",10,4,12,10,25,3,14,19,6,13,7,8,23,9,3,21,24,14,2,12,14,10,16,10,11,6,19,35,8,9,4,9,6,29,5,15,14,6,10,11,8,8,9,17,23,10,25,9,13,8,16,14,19,10,15,13,10,8,24,24,5,13,11,28,7,15,10,12,8,22,22,8
"Gene3726",102,86,173,98,89,98,152,123,95,146,114,64,214,105,137,132,121,101,150,109,83,211,141,101,182,93,92,177,142,105,64,183,127,115,83,109,118,126,79,167,52,78,251,107,170,125,145,66,64,158,174,113,128,70,198,174,121,136,95,148,117,146,76,146,194,111,87,56,177,136,98,132
"Gene3727",53,56,58,48,73,111,44,81,23,47,60,71,51,97,64,86,83,85,98,104,81,75,48,38,50,57,47,95,72,57,41,59,54,47,65,44,77,101,54,65,75,108,78,44,50,106,7,36,55,54,62,61,76,39,89,80,75,46,128,59,57,71,109,43,96,101,54,67,35,66,90,69
"Gene3728",133,68,75,57,76,60,50,113,56,84,77,14,47,58,42,89,50,38,67,68,74,43,69,28,57,72,27,43,96,30,81,45,88,71,30,40,68,71,42,61,49,73,65,101,48,71,60,38,60,51,102,66,71,34,82,61,19,72,66,34,67,34,63,46,90,60,72,45,55,54,77,50
"Gene3729",607,274,320,216,327,362,210,374,286,213,288,402,198,272,291,177,472,618,438,368,289,292,533,238,287,489,448,478,219,486,459,383,209,156,318,395,308,310,273,172,375,282,315,443,258,209,300,387,725,187,295,150,285,285,352,285,285,378,289,261,246,459,458,239,290,340,248,330,307,351,466,382
"Gene3730",121,148,221,140,168,209,215,113,160,131,160,187,420,151,114,100,145,144,215,206,208,192,214,95,162,125,258,91,229,198,105,144,128,413,156,161,135,209,164,89,157,181,265,120,141,162,212,188,45,22,32,37,33,40,43,33,176,281,164,110,136,138,145,230,461,333,134,161,330,155,275,227
"Gene3731",223,289,261,185,284,238,204,117,155,192,180,297,399,181,213,324,185,147,203,202,119,189,115,118,171,392,142,254,202,333,227,195,202,237,335,348,161,152,122,251,165,182,145,306,226,173,242,222,223,127,251,212,120,306,177,221,429,156,173,227,107,160,243,214,320,227,141,271,231,130,337,229
"Gene3732",34,71,45,30,31,29,30,48,50,15,40,37,24,56,61,32,18,35,30,83,31,27,53,19,68,30,58,18,27,33,34,32,19,50,56,37,26,43,29,48,60,40,35,29,33,36,38,51,19,36,27,35,37,40,45,46,34,32,26,16,20,38,35,51,35,51,48,45,39,44,38,57
"Gene3733",47,52,25,28,30,46,44,35,77,19,42,50,40,32,69,52,41,21,31,42,22,71,37,62,39,62,45,13,32,73,49,50,62,41,43,26,27,24,67,31,71,59,28,64,34,79,37,54,64,29,60,62,45,75,34,58,55,55,47,30,47,53,63,38,41,95,40,36,34,19,39,41
"Gene3734",51,46,52,32,22,93,60,25,41,69,43,35,45,69,19,13,28,40,75,19,33,68,55,52,64,109,48,37,40,38,34,57,63,40,28,30,21,61,70,34,34,40,68,35,76,79,63,44,27,62,87,27,31,24,36,48,22,57,68,73,32,47,28,26,44,23,70,83,33,20,37,24
"Gene3735",10,12,31,16,7,45,24,22,16,12,8,27,22,25,28,12,16,17,6,18,16,22,14,32,8,24,16,24,24,8,14,17,52,23,23,30,24,17,22,20,24,23,27,18,38,9,10,13,10,23,20,18,15,30,11,23,16,26,24,12,31,32,47,5,17,25,15,16,24,12,24,15
"Gene3736",7,16,8,10,7,22,17,2,2,14,19,17,11,19,16,13,5,15,4,13,19,6,14,13,12,18,7,14,14,15,20,13,10,16,14,16,23,13,12,6,7,13,12,12,16,19,12,19,19,19,6,14,13,17,12,19,9,19,8,7,17,16,16,12,3,14,23,8,15,6,18,6
"Gene3737",76,88,96,87,86,37,62,123,112,121,72,110,76,63,101,62,51,49,51,51,42,104,136,87,114,88,87,153,121,65,70,93,197,50,72,127,50,104,145,88,142,56,146,103,136,57,84,132,43,91,92,107,86,85,138,62,75,36,36,24,80,42,179,84,107,78,52,121,128,44,95,61
"Gene3738",42,35,32,32,47,14,32,65,24,30,32,27,68,42,44,30,55,91,42,40,34,30,80,49,35,59,38,47,61,34,39,65,65,32,42,20,28,52,46,49,34,60,39,41,17,44,53,29,41,69,83,33,39,63,15,38,46,37,29,30,65,46,37,39,28,70,39,36,43,56,44,66
"Gene3739",32,56,59,44,39,34,73,50,69,60,68,64,67,22,46,35,84,61,16,41,46,56,59,24,65,47,49,19,35,81,32,41,30,43,94,50,33,39,37,44,33,40,59,35,32,64,40,72,47,73,48,66,33,90,42,44,58,24,45,66,30,55,76,59,54,90,25,24,61,14,43,50
"Gene3740",233,132,146,123,104,172,135,218,209,152,162,193,260,233,220,116,178,204,167,173,207,206,169,187,180,327,283,185,241,207,255,124,229,244,415,262,112,70,281,227,298,128,152,158,144,268,282,174,247,210,211,293,227,167,303,127,105,79,172,184,231,329,347,137,206,216,255,198,171,217,381,181
"Gene3741",22,37,12,26,28,19,17,18,12,25,26,26,23,17,33,23,33,13,25,15,22,39,41,13,22,36,29,19,24,27,33,25,19,19,17,17,37,19,51,26,10,12,27,11,34,19,15,19,41,19,21,22,32,35,25,14,8,20,22,18,11,18,28,28,37,29,20,20,28,22,26,27
"Gene3742",470,543,823,546,605,742,751,718,506,420,389,614,632,538,671,293,484,649,842,1277,606,936,591,660,398,411,590,342,544,611,714,604,1149,563,629,407,557,699,629,925,911,444,479,567,706,251,648,343,1001,593,807,433,728,291,782,650,483,631,507,490,423,618,336,270,401,752,223,446,552,301,394,542
"Gene3743",25,38,35,18,14,22,16,31,14,31,28,23,21,29,39,24,37,54,20,19,11,28,29,45,53,35,16,31,43,27,16,28,62,59,25,27,62,41,25,50,29,22,31,31,44,58,41,39,44,42,29,49,30,6,45,45,30,47,35,37,20,35,27,39,75,99,94,86,105,77,114,80
"Gene3744",96,158,172,93,158,219,195,114,87,147,266,292,141,146,77,195,62,199,182,75,128,140,81,309,93,138,145,75,91,146,94,207,231,137,124,146,102,122,105,172,156,85,98,173,59,177,121,85,141,164,84,107,159,133,101,197,136,99,159,77,179,114,123,129,78,141,195,138,157,208,84,186
"Gene3745",8,9,10,20,14,13,17,9,7,15,30,7,19,20,17,8,26,19,21,8,13,13,13,19,11,12,24,19,13,17,12,9,7,13,19,18,10,21,10,15,19,14,11,16,12,23,21,9,15,13,15,11,7,16,15,16,19,12,10,5,14,12,26,6,16,5,18,7,30,6,6,11
"Gene3746",40,85,118,53,90,57,96,53,100,55,127,52,115,45,55,81,55,78,101,69,96,64,64,118,53,60,59,85,70,77,66,99,46,57,93,62,43,57,59,83,39,76,89,78,65,122,79,64,109,72,76,103,44,25,134,74,88,78,96,81,95,47,61,44,78,94,38,83,72,70,87,31
"Gene3747",17,13,16,19,12,13,17,29,12,21,52,10,28,9,25,13,25,23,27,19,27,26,10,14,22,32,30,15,19,19,11,20,16,15,15,16,27,22,21,21,13,23,13,17,21,20,10,18,25,32,34,39,12,14,37,32,32,25,55,14,21,13,28,17,26,25,30,15,24,38,31,27
"Gene3748",29,16,14,14,19,25,31,30,16,18,16,14,36,13,22,28,13,12,29,12,17,35,23,20,31,26,120,155,92,131,134,145,15,17,14,11,8,18,15,18,13,22,24,28,15,14,20,43,21,17,39,36,28,40,26,14,51,48,26,22,23,13,29,38,30,25,23,11,29,29,6,29
"Gene3749",15,14,11,7,17,9,11,3,12,10,11,6,5,17,15,9,5,9,8,7,10,7,15,11,7,9,8,9,15,11,15,9,12,14,9,11,13,16,5,17,16,11,12,15,6,15,7,12,4,1,3,2,2,1,2,1,10,13,11,22,11,7,7,28,22,7,8,18,8,8,11,12
"Gene3750",46,94,54,42,62,23,54,38,59,40,52,31,90,69,61,49,43,93,62,58,85,66,38,56,63,31,49,53,56,39,40,65,84,38,55,90,65,72,38,24,80,29,21,67,27,42,59,64,54,34,45,69,52,35,49,113,54,61,53,35,40,43,32,72,25,40,29,43,54,62,29,62
"Gene3751",170,140,165,83,90,147,248,116,101,116,83,109,111,169,121,104,117,77,133,88,93,108,69,110,88,161,61,78,173,58,113,74,124,236,150,213,211,97,98,92,128,255,275,135,165,183,111,188,94,180,180,107,138,107,120,184,167,188,120,199,136,48,132,100,104,52,218,91,256,87,235,227
"Gene3752",43,75,48,53,29,75,37,35,42,31,70,48,42,59,50,54,43,46,37,38,55,54,47,33,27,62,48,19,33,36,43,61,39,31,46,63,75,61,54,45,58,62,38,34,43,67,39,78,50,71,59,37,50,33,55,54,35,44,60,52,54,40,53,31,9,10,17,10,7,9,10,9
"Gene3753",55,36,20,27,7,48,32,37,25,37,54,49,39,20,42,27,28,56,41,23,33,52,32,55,35,33,50,33,41,69,83,25,56,42,38,43,37,27,30,39,31,41,39,26,42,29,50,66,22,32,51,20,14,34,17,16,48,17,50,51,68,30,52,30,31,65,68,24,16,58,23,53
"Gene3754",61,25,50,27,26,24,32,27,33,38,49,19,70,35,58,11,46,31,33,34,59,29,27,18,37,29,19,25,48,12,29,28,43,17,33,47,37,53,48,16,45,36,32,34,56,19,11,25,34,32,26,27,28,45,27,17,46,24,40,32,43,24,27,39,31,28,39,53,45,33,24,27
"Gene3755",128,109,95,132,70,112,143,81,74,99,121,111,163,165,141,108,106,167,95,97,111,61,63,141,155,94,176,86,223,46,67,82,128,98,166,153,95,140,131,62,109,142,147,81,117,107,103,175,161,66,147,160,130,74,138,118,115,135,280,79,160,118,157,66,170,66,90,89,137,80,70,118
"Gene3756",198,213,194,48,133,296,148,192,152,150,232,246,137,257,204,337,189,157,157,124,115,164,105,114,153,240,252,301,204,198,271,162,261,61,149,148,153,276,231,209,170,146,165,267,157,195,298,70,250,161,250,243,112,252,139,291,202,114,266,145,205,126,127,116,167,183,192,273,200,234,311,236
"Gene3757",2,3,10,6,4,4,4,1,8,2,4,1,4,2,1,0,1,8,9,6,12,3,5,3,4,2,3,3,0,3,1,2,3,1,9,5,1,0,1,1,4,6,1,8,4,0,4,1,1,1,7,5,4,8,8,2,2,10,3,8,3,4,1,3,3,5,5,4,4,6,2,6
"Gene3758",25,30,20,33,24,24,32,15,24,20,8,13,25,22,27,18,37,37,38,31,16,33,27,34,17,10,32,36,24,52,45,20,40,31,23,32,20,16,55,38,24,29,33,30,29,26,26,28,29,61,25,28,22,28,20,39,39,22,31,45,18,36,32,28,11,43,27,29,19,43,32,42
"Gene3759",146,181,216,143,150,92,191,86,98,207,152,178,170,141,201,91,82,242,164,192,138,46,133,159,173,154,141,211,179,270,260,99,169,225,111,120,125,105,134,87,213,169,76,183,102,236,107,160,100,131,141,120,118,85,87,154,150,149,164,82,223,224,221,107,270,106,112,179,202,112,135,207
"Gene3760",362,200,259,279,397,258,321,315,418,300,343,462,421,198,267,262,308,189,378,315,283,468,683,784,308,314,321,252,351,274,260,416,296,270,517,461,479,244,364,403,360,575,442,380,269,316,384,193,565,662,326,238,535,247,513,365,211,401,221,212,177,271,242,455,377,332,379,268,141,466,436,391
"Gene3761",72,133,90,165,254,102,91,45,130,118,147,118,148,64,136,184,158,87,180,286,166,156,136,155,142,163,74,99,141,108,105,65,130,93,107,64,182,152,84,74,105,137,124,74,85,104,160,175,55,63,87,77,120,161,108,99,111,52,34,85,113,52,172,88,123,82,105,130,184,192,102,133
"Gene3762",48,31,59,43,77,40,47,50,61,81,41,22,29,61,62,27,55,43,54,122,57,53,108,60,33,73,43,26,30,82,29,64,47,44,21,71,57,32,68,54,47,43,65,25,64,44,40,31,14,39,39,45,50,55,71,41,66,24,39,87,35,45,19,27,57,60,50,42,81,67,60,24
"Gene3763",87,138,92,109,226,102,146,88,68,82,120,78,127,236,86,85,140,93,124,174,139,56,201,194,113,119,143,182,144,107,58,124,250,108,71,195,149,118,88,108,90,131,140,122,82,72,102,199,66,128,145,110,37,109,59,106,84,112,160,57,104,77,164,115,69,110,90,152,105,39,87,96
"Gene3764",64,81,50,31,55,40,72,41,64,83,67,43,59,37,91,59,80,73,57,101,43,92,74,61,66,59,103,76,84,64,49,72,91,91,42,67,90,77,73,82,60,30,71,105,68,79,46,65,48,48,78,62,65,87,47,90,120,81,92,105,54,80,51,47,96,88,54,50,136,117,38,80
"Gene3765",148,88,84,72,96,68,112,202,83,120,157,80,116,116,173,89,92,92,130,90,122,147,46,62,137,71,168,85,68,124,160,165,102,46,87,168,82,115,113,123,156,91,89,88,136,91,138,115,105,174,52,60,78,93,83,152,128,215,132,179,106,280,81,81,103,135,164,98,188,139,66,91
"Gene3766",82,88,76,161,103,167,110,57,64,112,98,71,129,173,74,73,111,88,81,153,42,92,52,50,57,45,57,83,73,156,102,46,64,110,110,43,165,114,183,129,100,106,172,107,123,41,112,61,91,95,106,65,91,118,74,55,157,56,73,91,118,46,84,88,101,116,82,48,134,103,44,96
"Gene3767",347,432,352,313,157,271,247,213,179,423,477,273,260,356,265,252,443,225,501,398,422,338,453,265,260,285,284,130,373,309,597,297,235,270,275,394,380,356,384,371,303,375,432,550,334,454,183,253,258,367,384,274,395,196,329,304,198,387,491,364,283,474,359,392,236,210,533,181,404,318,270,434
"Gene3768",109,55,137,54,56,82,91,85,70,34,44,70,111,102,106,54,48,100,95,105,88,115,108,68,55,98,81,33,84,128,113,87,63,88,63,60,112,52,112,61,62,85,88,47,68,30,107,72,46,83,70,95,35,77,102,87,103,46,102,55,56,115,110,50,101,133,128,65,79,125,169,88
"Gene3769",44,25,26,51,24,28,19,44,50,25,13,32,21,18,39,33,28,27,55,36,43,17,33,22,30,40,46,21,39,44,22,35,9,11,40,45,34,30,38,28,53,44,32,44,43,29,31,25,35,29,26,33,39,23,36,22,26,37,54,59,34,44,50,27,18,17,51,26,48,18,36,26
"Gene3770",260,129,183,102,108,221,118,181,159,188,181,181,102,248,182,155,142,125,136,250,152,205,222,240,139,177,215,197,177,247,397,168,243,268,225,150,154,88,194,228,204,216,143,234,198,128,125,209,139,129,144,214,79,336,93,240,184,202,244,212,152,152,176,228,1184,1389,1718,1020,1364,1096,1551,1629
"Gene3771",17,23,14,26,29,19,13,41,16,9,27,26,12,16,30,5,16,17,15,17,15,21,24,22,3,15,23,10,20,42,14,23,5,24,10,18,24,14,17,25,19,26,15,32,13,17,25,30,11,4,12,16,13,12,17,28,16,19,22,20,17,14,9,25,15,23,23,12,22,29,27,25
"Gene3772",49,19,23,53,63,30,18,61,40,37,37,36,27,41,82,64,67,35,42,33,28,20,14,10,69,41,18,33,34,30,62,24,32,28,42,31,55,24,49,25,60,26,53,26,47,42,38,34,44,40,32,29,18,38,52,14,16,42,27,36,67,63,69,43,17,43,56,40,37,37,43,42
"Gene3773",4,7,1,2,1,1,2,2,1,2,2,3,5,2,2,4,3,3,0,2,2,6,3,5,6,7,3,0,2,2,5,2,2,4,2,7,2,4,5,5,3,8,2,0,6,1,4,5,4,4,9,1,1,1,4,4,2,3,1,3,5,2,1,2,4,1,1,0,2,2,6,3
"Gene3774",42,87,34,40,103,33,73,81,69,78,75,40,111,52,104,51,69,78,41,63,69,38,57,98,44,70,62,102,95,66,69,70,64,56,54,98,42,42,78,34,68,105,90,83,79,82,85,71,76,93,85,79,66,34,85,50,55,86,84,55,51,68,72,51,16,19,17,11,23,11,22,17
"Gene3775",123,133,110,182,87,117,90,51,165,54,64,69,174,28,130,142,140,70,80,70,137,92,150,82,100,116,132,72,123,82,70,70,98,90,80,92,76,158,151,168,116,137,118,128,115,101,122,117,28,24,33,31,21,21,32,35,75,96,113,120,121,131,118,130,161,108,119,150,145,174,247,65
"Gene3776",8,3,6,11,7,4,5,9,2,11,3,9,8,6,2,3,4,7,10,7,14,4,7,11,2,8,7,8,12,7,9,4,10,6,3,2,6,12,13,12,9,10,8,7,1,4,5,8,7,7,7,21,4,10,2,4,9,3,8,8,3,11,7,2,6,6,8,17,8,8,13,11
"Gene3777",1351,1323,1514,660,418,1096,1330,975,1320,1717,1331,1832,1855,651,868,1188,1101,1161,1545,997,1565,664,476,1326,992,1309,1215,1024,843,1851,1217,1542,421,1501,1220,941,1077,838,844,1916,1065,984,1066,967,1287,1301,773,1574,740,1428,924,1447,918,1394,776,1336,1180,1004,580,976,722,843,1288,900,765,1923,853,1018,1107,1428,1523,1193
"Gene3778",31,36,13,8,7,20,9,4,17,10,24,16,7,19,13,14,16,29,22,29,9,8,20,17,22,10,24,11,30,16,8,18,11,4,15,24,10,15,29,11,9,24,12,23,21,31,14,11,13,29,11,9,15,17,9,25,18,12,12,14,22,10,24,20,15,28,9,6,5,17,10,8
"Gene3779",6,14,17,11,11,18,16,9,13,10,16,20,7,4,4,18,8,10,12,20,11,11,13,23,13,11,14,16,16,26,12,21,12,22,21,3,11,12,23,9,9,5,9,10,9,5,12,6,9,16,24,7,8,15,8,16,7,17,6,8,12,10,18,10,56,59,62,61,82,51,56,57
"Gene3780",52,23,37,48,34,42,27,16,42,25,35,28,35,39,48,70,33,56,19,45,37,40,35,36,71,41,48,63,18,31,26,48,56,46,34,16,46,37,15,49,40,38,48,50,61,41,16,37,27,29,32,34,27,34,26,26,58,38,38,48,40,35,48,23,66,30,28,50,51,53,62,40
"Gene3781",82,57,80,61,86,60,71,145,127,159,93,72,33,76,66,77,43,72,154,89,95,52,40,109,38,78,60,64,45,66,110,82,71,67,138,74,120,48,65,140,105,63,153,78,71,61,69,78,69,66,84,52,34,66,65,81,77,45,78,74,69,108,116,134,116,108,49,37,85,90,35,50
"Gene3782",26,46,29,25,56,59,55,37,21,31,29,11,19,23,42,27,29,23,25,34,24,37,52,29,32,29,23,21,36,26,22,16,26,25,23,52,6,27,34,25,33,35,27,31,23,31,31,55,23,8,17,29,60,25,50,25,52,35,28,39,25,31,30,26,46,29,26,22,45,33,27,21
"Gene3783",94,47,62,121,58,75,87,56,127,90,54,64,127,81,52,112,82,98,82,146,36,79,40,56,84,86,95,93,83,103,114,114,84,122,101,103,198,68,74,195,107,74,106,81,71,94,106,96,56,118,83,103,51,81,61,138,72,100,109,134,143,110,113,175,74,67,114,149,145,115,119,75
"Gene3784",19,6,33,15,13,18,9,16,14,11,28,23,32,32,22,9,21,21,18,23,16,22,25,23,10,15,7,16,30,18,10,11,13,27,28,15,21,16,21,34,31,27,13,20,22,21,10,10,19,12,15,6,20,26,10,28,37,22,25,41,17,23,30,11,19,12,10,12,13,29,19,23
"Gene3785",86,98,96,139,134,93,103,164,107,95,139,109,168,123,99,134,96,93,221,124,120,145,87,145,95,168,154,81,80,74,119,63,136,110,191,54,91,54,89,120,159,225,125,191,129,126,118,129,179,129,128,99,90,154,232,160,188,101,232,250,170,102,99,118,170,213,45,204,79,83,41,143
"Gene3786",39,56,104,52,73,45,46,72,26,120,35,62,83,40,110,99,71,45,79,83,95,22,35,53,15,160,36,83,40,60,51,59,71,48,65,53,52,64,103,113,77,89,91,38,69,50,68,75,35,47,79,50,46,18,39,122,33,50,82,51,28,46,46,54,74,25,101,48,69,65,52,67
"Gene3787",547,807,792,527,587,410,374,415,521,637,861,547,535,440,606,750,646,378,647,626,986,670,1191,337,505,620,608,549,577,631,347,245,408,361,363,448,610,439,870,930,553,791,492,578,389,389,541,628,492,559,452,245,413,336,441,577,561,397,295,389,669,916,396,407,628,475,413,552,721,316,526,532
"Gene3788",101,87,170,151,28,94,102,104,90,77,95,36,60,90,60,49,84,78,156,47,102,53,181,94,159,96,74,109,57,118,90,61,76,106,53,143,45,72,104,51,53,110,97,81,46,109,110,109,114,99,205,123,53,143,77,107,51,157,86,48,66,73,110,126,51,61,72,30,58,95,59,37
"Gene3789",55,50,42,32,39,31,64,57,54,56,51,63,37,33,80,47,29,66,35,39,59,30,65,54,47,41,44,57,43,36,55,62,26,53,66,61,64,38,38,59,91,19,36,34,38,73,71,53,42,98,31,44,36,49,46,63,30,35,38,78,44,50,40,43,51,34,45,36,38,28,49,30
"Gene3790",39,106,66,93,59,48,44,44,83,40,54,65,89,75,76,49,38,99,90,65,72,24,63,71,34,58,76,38,78,142,69,51,45,37,91,80,61,37,64,52,47,124,51,98,80,43,119,66,48,58,66,36,64,79,74,38,70,47,33,41,64,69,61,71,48,67,80,93,57,107,57,29
"Gene3791",165,88,91,138,119,186,133,91,165,71,52,136,142,53,84,57,112,104,113,57,105,134,73,106,120,63,110,64,103,132,65,103,139,119,182,103,162,53,109,153,51,210,72,63,69,77,87,184,107,82,125,61,90,41,114,149,217,134,120,43,139,34,107,66,92,101,89,86,108,43,132,108
"Gene3792",8,35,21,16,20,22,19,20,14,32,13,8,11,10,20,57,24,14,23,22,37,26,23,23,9,31,23,17,14,19,26,38,29,26,21,16,10,12,24,20,21,33,16,24,20,25,39,15,23,10,14,38,29,6,17,12,49,30,9,10,10,19,26,22,29,5,7,25,19,24,27,20
"Gene3793",20,26,17,17,13,8,14,17,17,14,10,22,30,14,13,24,11,12,30,13,21,24,28,22,17,14,15,10,15,15,25,13,21,19,12,14,25,27,22,8,11,19,19,10,12,19,24,22,6,18,23,45,12,17,12,17,30,12,10,13,23,24,23,13,29,19,18,16,30,14,14,16
"Gene3794",104,158,173,241,115,128,128,185,133,137,183,87,102,271,214,325,139,121,198,144,173,196,374,70,175,68,167,87,213,207,170,205,160,155,137,219,94,142,64,125,214,257,97,175,74,110,110,156,114,164,154,101,189,150,190,143,117,77,192,49,128,128,139,106,205,90,96,203,181,176,39,100
"Gene3795",67,70,85,84,40,33,56,73,83,24,47,69,43,61,41,26,61,82,59,36,44,51,38,76,63,35,34,44,67,50,50,109,59,79,77,53,54,27,51,31,62,60,133,63,53,49,55,77,69,45,54,67,69,53,98,52,47,62,52,66,61,119,86,31,73,113,68,64,61,55,74,61
"Gene3796",11,4,6,12,14,3,15,13,22,6,10,3,3,5,7,7,9,12,11,5,9,7,5,11,9,13,11,11,17,4,6,12,10,13,5,9,8,15,17,9,6,11,11,9,11,11,9,10,8,3,3,18,8,16,14,13,7,9,10,10,11,13,19,5,4,15,12,4,4,10,9,11
"Gene3797",32,16,24,42,10,7,13,12,41,9,12,11,12,15,24,11,6,21,20,26,14,14,19,13,19,14,10,18,16,14,10,7,9,20,12,20,22,15,20,21,15,21,14,9,8,24,26,18,17,15,16,7,13,11,19,22,19,16,8,15,8,13,11,21,15,23,18,15,9,23,15,8
"Gene3798",56,80,101,61,48,91,37,60,43,68,42,51,51,52,37,53,40,118,49,60,52,87,106,66,63,59,80,52,123,36,55,54,69,73,74,76,33,63,96,49,60,75,53,92,65,26,46,71,61,65,51,58,85,28,39,90,38,73,73,26,61,50,62,55,75,68,61,52,77,59,30,51
"Gene3799",192,103,85,278,169,151,183,232,256,245,275,214,209,192,165,154,146,137,295,190,121,155,242,121,135,207,107,262,325,163,223,208,123,113,160,118,267,264,337,131,311,222,221,111,193,245,212,251,176,169,71,209,234,351,301,164,198,165,300,196,243,274,279,194,667,740,905,917,786,900,863,674
"Gene3800",52,48,57,60,69,45,25,44,37,103,98,30,73,78,32,63,43,29,112,18,54,142,72,57,54,52,88,70,50,46,53,157,32,32,54,42,90,77,28,54,44,85,34,25,50,68,19,49,88,84,118,33,40,86,86,119,103,75,58,66,86,46,65,66,72,83,45,86,137,54,83,71
"Gene3801",75,53,56,51,36,65,70,17,42,35,24,47,57,44,34,53,85,83,23,30,86,34,42,37,84,67,49,36,59,74,37,50,56,55,57,54,46,29,40,95,32,105,63,38,66,59,82,39,105,46,68,85,38,64,35,120,45,53,79,55,60,89,63,70,69,42,41,77,58,27,32,39
"Gene3802",11,29,23,40,22,23,30,13,13,79,24,16,49,34,26,43,21,30,29,45,28,19,26,25,22,42,24,29,30,54,33,21,30,24,17,28,26,62,35,23,32,44,41,39,40,15,27,25,29,14,26,33,22,24,64,18,41,28,36,18,39,23,28,26,18,18,39,62,27,19,21,36
"Gene3803",12,35,15,16,36,22,16,14,31,17,17,20,10,35,28,28,22,18,12,29,18,22,22,33,27,19,38,28,11,34,27,18,14,22,36,41,10,16,30,14,33,10,29,17,28,18,27,22,46,58,19,15,30,24,25,26,57,24,15,31,33,22,38,11,13,16,23,35,27,46,16,36
"Gene3804",17,36,19,19,10,22,43,19,21,32,15,17,27,27,29,25,32,22,24,31,19,12,17,42,24,33,23,19,20,29,39,27,17,17,11,15,25,18,20,23,21,70,17,32,10,23,26,34,18,12,36,14,40,14,24,10,27,17,23,13,20,23,20,8,19,15,9,36,24,29,30,25
"Gene3805",53,67,75,104,85,127,65,85,129,108,158,88,181,117,81,118,109,93,79,69,82,109,53,63,77,71,63,90,163,62,194,95,113,55,61,94,132,102,104,88,71,48,105,74,98,105,123,123,113,118,76,85,64,98,31,120,132,69,94,125,95,88,65,82,94,119,80,89,89,159,131,76
"Gene3806",52,16,37,35,31,29,11,25,28,7,11,17,29,40,28,45,24,46,32,39,17,16,68,51,32,47,19,17,16,30,44,24,22,36,25,14,11,38,31,29,13,10,30,37,38,18,24,24,5,15,21,55,27,57,25,23,40,15,19,33,50,31,26,12,28,29,30,44,21,17,27,20
"Gene3807",83,53,57,46,103,64,44,118,53,39,90,70,63,77,47,52,53,42,55,42,93,85,92,62,56,71,47,34,80,77,42,51,93,56,58,33,72,60,85,57,59,86,65,79,37,79,88,90,28,43,81,89,40,67,68,94,23,55,48,55,58,66,70,72,24,101,99,84,102,62,48,66
"Gene3808",49,37,49,67,52,46,32,58,16,14,53,59,50,43,24,53,24,34,19,23,55,35,31,27,37,44,47,45,46,54,55,59,21,44,34,36,27,38,32,48,30,18,48,42,19,42,39,27,44,21,32,34,45,26,16,28,25,46,37,5,35,32,62,44,33,55,45,63,19,49,39,27
"Gene3809",81,48,56,72,68,99,135,82,36,68,88,29,74,40,29,83,76,109,115,66,57,43,80,20,55,89,57,91,119,53,53,43,35,59,90,68,32,56,110,66,86,81,34,64,104,47,118,80,57,49,33,40,76,60,82,51,94,109,16,62,64,77,75,52,23,54,20,74,49,86,39,63
"Gene3810",190,128,119,301,149,187,299,142,158,94,157,71,157,77,157,313,242,65,247,346,61,185,148,69,166,338,140,245,222,155,128,187,206,95,191,349,247,128,206,68,249,230,95,254,367,130,155,198,297,72,190,236,191,184,216,183,127,142,106,153,314,284,185,137,159,256,73,254,290,163,57,271
"Gene3811",86,204,199,115,76,138,128,95,81,150,143,237,120,87,82,80,69,292,213,128,143,195,154,156,95,183,211,140,93,164,154,165,112,123,116,181,206,105,216,101,83,132,86,117,82,135,172,148,87,142,226,231,192,142,81,90,167,201,149,103,74,120,176,122,152,94,129,61,177,423,196,227
"Gene3812",36,36,53,83,12,65,57,38,45,71,70,21,34,57,45,29,39,71,27,38,53,35,68,37,64,50,49,85,92,31,31,19,39,36,43,58,82,21,43,139,31,16,47,24,37,57,44,53,65,86,46,36,71,45,38,41,58,64,89,48,89,78,31,31,41,56,50,31,55,32,62,23
"Gene3813",9,43,20,22,22,31,24,9,25,16,26,25,24,9,14,33,14,12,23,12,23,18,8,22,14,18,20,15,13,14,6,12,9,7,17,11,26,19,26,37,8,32,28,22,12,17,13,5,12,5,22,7,22,20,24,13,13,15,19,21,26,12,29,11,10,16,21,22,28,4,20,27
"Gene3814",114,213,92,154,90,217,126,102,171,114,56,181,111,92,117,211,190,93,95,85,170,120,45,67,24,113,71,57,129,99,111,96,112,86,106,161,109,125,73,128,95,194,88,66,79,87,44,137,65,92,178,109,147,110,66,168,88,44,104,151,46,228,139,162,86,145,121,100,130,208,178,78
"Gene3815",74,44,54,63,29,49,96,74,62,64,50,69,91,62,54,63,60,33,32,50,48,76,53,86,45,64,53,97,60,91,26,61,41,55,82,79,134,89,40,96,24,45,81,90,80,88,86,73,42,62,53,65,62,67,58,33,110,37,69,113,56,97,65,39,145,35,65,31,58,41,75,80
"Gene3816",10,9,21,34,13,11,12,9,11,18,6,15,12,9,19,9,12,14,6,7,12,14,12,9,9,7,22,22,7,11,18,8,10,12,14,19,32,18,23,21,25,21,34,10,10,14,20,20,15,14,18,8,14,19,8,14,13,7,14,14,19,14,18,19,8,27,8,30,21,10,14,18
"Gene3817",184,168,84,164,167,69,238,306,194,207,179,78,211,190,117,98,181,68,127,128,134,113,334,133,272,196,177,186,147,155,232,143,167,218,183,337,134,200,144,234,262,221,191,77,185,120,272,155,129,173,136,119,155,168,80,183,94,206,191,223,220,226,143,69,147,137,283,145,123,278,173,126
"Gene3818",137,140,137,185,195,185,198,279,192,119,148,53,236,152,175,136,145,218,128,121,202,156,81,150,128,121,219,262,329,165,85,185,120,165,158,188,66,191,102,139,149,266,135,71,171,175,130,235,136,80,137,153,139,155,161,150,67,189,139,145,191,212,215,169,116,164,129,121,180,124,212,95
"Gene3819",30,32,25,13,39,28,31,24,28,38,10,26,14,10,20,17,31,32,23,22,25,20,29,27,29,12,16,44,21,25,12,31,29,23,26,10,24,14,24,29,42,16,20,14,17,15,31,19,25,23,25,18,19,20,23,36,22,25,37,24,22,38,28,13,25,17,12,4,23,32,27,26
"Gene3820",1399,2087,755,1557,1435,1543,1099,760,1523,1534,700,1416,1832,1708,963,1863,1703,672,1386,2117,1511,1234,2144,1715,1399,954,845,1702,878,1229,1558,1158,1806,689,1743,2553,2512,614,847,1026,1487,651,912,2319,570,817,470,2279,2176,1787,946,1754,1415,1825,989,1265,1689,1614,1670,755,1632,880,1692,999,1384,1266,866,686,1429,1070,1459,2346
"Gene3821",2,1,0,0,0,1,0,2,0,0,0,0,1,2,4,2,1,3,2,2,2,1,6,0,2,1,2,1,0,3,2,2,1,3,0,1,0,0,3,1,2,0,3,2,1,1,2,1,0,0,0,1,1,0,2,2,1,1,0,1,0,0,1,0,0,1,3,0,1,2,2,1
"Gene3822",89,94,234,45,67,98,115,74,177,112,102,130,107,111,60,80,146,117,125,183,72,97,73,196,33,169,85,118,103,126,73,70,115,120,147,181,102,54,121,162,80,145,135,120,182,97,115,117,47,37,27,28,42,30,42,37,111,177,139,120,149,74,191,146,40,100,53,172,148,120,97,123
"Gene3823",46,38,65,34,20,68,33,24,58,30,38,23,40,34,32,39,51,45,58,23,27,41,26,40,29,10,26,28,28,35,16,27,28,21,34,21,35,11,50,26,47,35,17,44,16,35,15,19,28,25,51,20,22,21,20,40,48,42,23,15,33,40,26,24,17,20,32,45,30,17,40,42
"Gene3824",51,82,34,64,81,51,72,76,53,87,41,78,67,98,46,109,118,73,49,32,137,70,70,53,28,28,64,75,111,48,60,92,69,88,60,62,90,102,111,150,91,53,92,114,78,55,67,72,34,72,64,53,66,43,67,53,55,103,54,69,68,77,73,121,79,87,78,35,56,32,32,46
"Gene3825",30,11,21,7,20,13,7,17,12,10,12,10,22,15,16,7,27,4,9,5,14,11,22,13,7,11,22,18,21,35,8,11,36,30,14,21,23,9,14,11,23,17,10,9,13,17,11,12,13,11,29,23,25,21,10,23,14,14,11,18,24,7,24,14,13,14,21,6,18,21,11,20
"Gene3826",29,26,8,48,21,38,31,49,40,56,39,52,31,75,42,62,44,48,32,32,73,32,49,32,31,28,25,36,66,60,57,32,60,72,26,57,53,46,20,15,50,15,26,40,32,26,82,48,89,27,40,73,23,47,29,29,38,29,47,52,38,16,35,32,49,32,62,43,78,37,55,77
"Gene3827",12,23,23,14,31,15,18,9,33,22,25,43,17,36,28,23,19,24,16,40,21,28,22,20,11,26,32,19,17,22,17,31,19,36,11,28,12,28,35,35,21,19,27,20,24,73,62,21,23,25,26,34,19,14,28,23,17,25,37,34,48,10,31,23,28,36,38,45,12,18,23,33
"Gene3828",124,77,113,98,71,115,103,125,50,70,111,113,115,104,83,43,103,49,90,55,41,137,182,61,50,85,88,79,102,106,164,102,57,103,101,151,53,159,90,112,92,95,87,159,106,87,122,97,141,107,80,102,151,105,101,125,68,107,102,102,100,109,108,121,14,22,29,14,10,10,5,8
"Gene3829",131,121,124,51,63,49,92,67,51,45,110,81,54,100,80,202,89,92,131,77,112,54,85,93,51,94,53,122,54,154,115,87,88,94,111,68,58,47,80,53,101,120,81,145,228,144,136,141,190,58,59,188,82,119,42,90,81,118,99,96,79,115,95,88,321,347,300,254,439,354,324,456
"Gene3830",114,65,94,228,92,178,103,168,244,133,78,221,98,131,84,104,94,98,49,120,124,123,96,96,135,57,163,118,78,138,234,227,162,98,107,53,162,93,119,150,75,157,118,142,173,154,126,130,170,135,95,54,181,127,98,159,77,133,160,90,94,140,120,160,128,130,51,122,195,149,103,163
"Gene3831",77,83,61,64,157,79,135,100,113,63,155,61,51,103,169,55,87,76,54,59,73,73,111,61,121,90,36,96,64,56,82,95,40,70,65,86,125,89,108,150,64,122,117,93,73,103,81,54,43,108,101,87,78,45,83,84,159,128,122,65,75,133,37,118,107,87,39,125,89,101,73,70
"Gene3832",107,62,16,51,45,52,56,49,17,78,36,29,39,56,24,84,42,58,98,38,24,35,45,75,12,42,45,47,39,51,45,76,23,33,68,35,51,43,59,61,30,110,39,23,57,57,36,79,31,36,55,55,42,24,60,53,99,42,31,46,35,39,92,57,57,32,59,25,25,73,46,75
"Gene3833",43,51,65,41,40,71,57,32,41,30,22,30,58,57,46,32,36,62,77,116,69,53,39,29,60,29,64,57,52,34,58,52,58,70,60,34,45,42,97,76,45,91,51,52,37,43,27,53,51,46,36,32,24,40,28,25,34,52,47,43,91,49,76,70,38,76,28,23,26,57,69,44
"Gene3834",328,637,243,606,321,473,643,268,631,518,1084,578,443,157,495,562,333,769,923,513,850,277,581,411,474,585,851,328,275,668,785,153,311,427,759,233,264,389,459,559,444,424,292,244,437,428,143,559,496,879,278,381,508,594,255,500,473,544,454,864,555,590,289,1470,321,450,738,364,523,593,409,437
"Gene3835",171,122,99,149,173,80,138,131,182,190,218,61,176,68,133,242,158,224,170,109,71,303,197,54,182,275,85,161,137,242,183,176,236,202,110,124,161,232,130,191,142,111,168,179,219,235,126,148,165,274,157,216,147,206,272,121,85,141,251,150,123,195,284,266,110,152,338,198,187,133,139,101
"Gene3836",48,43,41,49,19,30,49,38,51,47,20,64,58,44,53,53,71,61,43,44,46,58,49,39,57,52,31,39,41,39,41,33,46,26,65,22,49,44,48,40,94,36,68,42,29,59,35,35,59,47,38,69,105,59,46,55,68,51,25,38,51,44,18,40,44,41,57,53,82,71,30,86
"Gene3837",157,314,298,180,265,261,361,193,515,333,216,408,402,275,255,330,238,382,297,473,292,465,319,301,355,245,305,430,388,306,348,288,419,388,180,503,171,335,603,663,287,339,87,115,311,232,130,411,270,476,414,142,219,338,394,511,267,337,321,173,346,370,408,146,150,288,204,344,438,225,216,205
"Gene3838",216,79,73,126,43,36,137,125,133,45,70,118,59,70,78,151,170,138,54,93,113,134,48,175,95,112,141,47,61,115,150,47,67,76,130,129,57,97,55,153,84,103,86,75,49,184,112,115,65,92,92,71,146,83,64,75,99,92,86,74,188,99,55,53,69,80,88,74,103,91,58,74
"Gene3839",54,52,75,39,75,43,62,47,66,14,67,49,34,44,71,32,54,39,53,21,45,25,23,29,29,50,26,46,36,59,30,71,48,72,42,49,28,36,102,52,16,47,81,31,30,41,49,55,51,30,27,40,28,95,45,96,80,40,85,61,62,63,58,48,7,81,45,57,69,50,59,34
"Gene3840",13,12,20,9,19,14,6,16,13,23,16,6,10,15,10,29,24,20,14,17,17,6,17,10,15,27,19,12,6,10,20,3,18,10,3,13,14,16,4,8,22,9,7,16,12,10,8,21,11,12,18,15,24,23,22,8,7,14,10,14,9,13,8,30,26,15,17,14,21,12,19,6
"Gene3841",61,96,51,76,64,59,60,79,85,40,123,117,46,117,56,99,81,73,100,35,54,96,67,87,50,60,49,39,68,133,78,84,87,84,61,98,69,79,99,69,81,59,92,35,144,108,78,100,80,68,104,92,110,67,106,73,77,131,83,44,109,65,78,49,111,127,79,56,35,82,52,70
"Gene3842",55,111,75,52,106,83,76,96,85,89,165,85,70,155,97,111,74,83,152,66,125,104,141,113,97,142,144,70,127,76,56,149,126,84,16,123,173,61,54,97,63,54,128,125,88,85,67,96,107,191,142,188,147,123,80,106,96,103,110,170,124,102,97,139,127,72,74,92,97,78,135,89
"Gene3843",21,32,28,35,22,6,21,41,21,5,23,35,25,24,16,15,26,31,24,16,18,22,27,15,29,7,19,21,19,31,18,23,30,27,21,37,24,34,23,12,32,33,25,18,13,29,35,20,34,16,27,15,36,30,14,21,28,41,45,18,23,28,19,32,28,36,31,19,21,17,25,20
"Gene3844",18,13,16,25,30,4,27,15,16,10,24,12,17,19,22,18,2,13,15,9,14,17,15,5,23,28,20,26,14,12,11,16,12,19,15,21,20,12,10,21,25,11,23,18,13,22,16,7,13,14,14,15,24,11,6,22,19,21,17,19,29,9,21,28,21,11,9,31,12,29,11,9
"Gene3845",18,8,16,10,22,13,13,8,12,17,22,9,6,10,20,19,9,10,16,14,11,24,6,7,10,12,15,7,13,6,0,14,6,11,17,10,10,11,7,28,15,8,15,12,13,9,10,13,4,2,7,4,6,4,2,5,11,15,9,18,13,7,6,11,11,16,24,5,3,9,3,9
"Gene3846",23,17,25,37,42,19,15,11,30,26,6,15,19,7,27,23,21,19,14,24,14,30,32,24,8,15,27,11,47,17,10,22,11,14,21,15,20,20,19,22,17,35,20,7,26,20,15,40,10,8,10,33,13,21,11,19,14,23,17,17,26,19,19,18,12,16,13,22,30,17,20,22
"Gene3847",202,291,167,206,174,115,404,119,295,201,358,149,116,222,209,152,200,187,347,166,187,326,230,219,151,103,123,171,148,65,127,167,148,102,99,167,187,185,196,249,125,210,160,212,80,152,188,180,177,142,132,209,225,154,205,180,253,64,212,349,205,302,110,178,225,116,252,277,135,244,209,116
"Gene3848",25,82,73,173,134,87,69,126,54,40,134,109,150,66,119,138,109,123,108,81,79,106,34,155,109,109,118,77,130,115,41,128,107,118,138,84,95,154,148,77,128,42,59,120,135,87,108,53,81,48,108,54,124,108,69,150,82,52,67,91,77,140,47,96,112,40,72,65,203,65,103,114
"Gene3849",17,15,24,6,32,28,9,10,13,15,10,8,17,32,31,19,34,32,19,20,15,18,12,17,23,7,3,20,14,31,23,14,13,11,18,25,17,30,19,13,16,11,12,14,20,11,21,25,11,14,19,15,19,29,17,14,25,12,14,9,10,8,20,14,19,23,16,19,15,7,11,19
"Gene3850",11,10,11,11,10,10,4,7,6,13,2,4,11,13,10,17,9,4,4,8,13,22,10,7,10,5,8,6,15,5,10,5,9,10,8,9,1,9,17,3,11,5,3,24,8,12,3,13,15,7,10,8,7,5,10,5,22,13,6,4,7,9,7,6,11,11,5,9,22,6,13,5
"Gene3851",1,0,3,3,2,0,2,3,4,0,2,3,5,1,0,1,4,4,3,6,0,0,1,2,4,1,2,1,0,1,1,4,1,1,0,4,1,0,7,0,1,3,1,2,1,4,2,2,3,2,0,1,0,3,1,5,1,1,0,5,4,2,1,0,5,3,1,2,1,2,1,3
"Gene3852",17,17,17,41,20,10,20,18,25,17,16,22,9,12,20,21,15,18,13,16,23,12,30,6,20,29,7,25,20,34,12,9,12,14,12,12,34,29,23,22,16,17,9,20,23,11,21,18,16,30,16,23,15,7,10,15,32,28,39,17,15,28,7,10,19,20,13,16,22,12,12,8
"Gene3853",106,71,131,66,96,111,159,68,178,97,60,73,113,122,78,62,104,62,107,170,90,123,104,110,59,222,39,126,76,70,128,79,50,66,85,83,194,140,86,57,104,118,130,85,48,30,79,57,41,90,116,88,77,87,95,49,115,64,89,115,83,83,88,86,64,93,107,68,126,128,72,63
"Gene3854",10,5,5,19,1,7,8,11,5,12,2,8,22,11,4,18,15,13,15,16,16,13,32,29,11,7,5,18,18,15,16,21,6,22,12,11,8,6,17,8,13,5,19,5,13,10,21,18,11,17,24,19,14,9,22,16,11,15,6,7,12,22,11,14,10,16,7,15,6,15,9,12
"Gene3855",97,45,81,111,65,127,49,112,119,91,44,86,84,90,71,83,99,66,74,116,78,70,57,102,77,119,82,72,113,49,70,113,81,81,68,68,75,126,83,85,56,57,41,74,132,111,74,65,84,79,61,100,59,106,93,83,46,85,70,52,71,152,108,94,116,65,47,187,45,47,110,103
"Gene3856",371,449,575,473,422,457,276,402,825,336,320,831,632,511,319,323,404,316,398,510,298,620,342,513,926,282,482,678,232,366,511,543,323,248,361,439,242,393,494,350,563,215,446,315,504,969,358,330,514,649,650,403,334,428,326,406,382,429,351,321,520,237,514,383,408,235,365,892,447,262,372,403
"Gene3857",6,5,3,6,5,3,3,3,8,3,9,4,1,4,2,1,8,4,7,1,5,2,5,4,5,2,3,9,3,3,4,2,1,3,2,6,5,0,3,6,7,1,2,2,4,7,6,5,2,2,3,4,4,5,7,4,2,5,5,2,2,4,8,1,9,6,5,2,6,4,7,5
"Gene3858",27,51,28,53,58,22,49,37,48,83,39,45,60,33,41,49,49,31,7,48,49,60,29,51,37,40,17,81,52,47,22,75,20,46,45,86,25,37,49,37,52,37,27,54,42,32,37,50,37,24,45,58,68,54,41,55,82,98,69,48,21,15,22,41,25,27,33,47,58,53,28,71
"Gene3859",11,16,15,15,23,11,18,7,10,12,33,23,16,12,14,16,12,22,10,17,13,18,6,27,10,7,15,15,27,29,13,19,20,16,17,18,27,19,18,14,11,14,11,9,18,16,13,25,25,16,17,15,26,7,13,10,21,9,12,9,20,21,18,18,30,10,30,16,21,15,20,19
"Gene3860",217,216,103,178,153,316,144,125,112,186,167,70,208,104,153,189,163,154,238,162,74,286,261,385,105,309,280,112,280,233,210,108,242,209,249,127,246,125,163,120,133,147,194,241,128,208,169,232,204,272,130,152,225,247,201,203,175,306,95,120,107,184,97,210,141,134,87,296,197,157,300,123
"Gene3861",43,53,45,76,46,41,55,22,96,31,56,68,44,61,61,81,56,29,36,53,64,35,60,22,42,22,23,42,59,21,75,79,31,36,46,14,40,59,50,51,58,10,122,75,84,56,50,41,33,44,23,42,70,29,65,57,44,74,36,77,71,79,49,37,37,56,77,59,42,33,100,44
"Gene3862",131,47,78,127,60,125,48,172,103,34,97,118,83,149,53,38,95,71,60,66,82,84,98,45,98,102,68,104,110,107,133,33,109,71,118,29,124,129,103,130,105,64,67,72,51,81,69,87,46,95,57,83,73,83,39,48,32,68,40,190,66,96,136,52,108,56,40,128,57,115,102,32
"Gene3863",49,35,80,68,114,82,92,67,70,108,89,84,90,136,28,106,48,33,38,64,21,101,86,55,64,95,69,55,62,77,43,100,110,32,33,28,48,55,13,57,98,75,54,72,80,62,102,60,69,62,50,36,37,98,72,128,34,79,41,41,54,8,45,93,43,78,58,49,119,51,57,89
"Gene3864",113,63,78,35,97,64,140,44,59,63,87,96,91,51,69,51,88,87,76,56,91,84,100,57,64,96,97,146,118,91,57,84,85,97,74,36,41,135,69,104,101,50,83,45,93,89,54,67,42,68,33,79,115,44,89,128,73,95,106,103,97,73,36,52,74,101,49,72,58,121,51,52
"Gene3865",94,95,120,64,72,81,91,98,95,107,113,81,128,114,130,62,66,22,94,81,95,61,91,61,78,91,49,102,102,100,41,38,86,101,128,93,53,83,124,88,108,105,120,98,128,133,163,90,83,67,17,36,76,83,43,44,70,114,43,116,90,89,82,40,88,134,44,156,105,117,76,85
"Gene3866",14,15,13,15,24,23,30,21,15,24,15,4,21,17,12,12,38,10,13,5,10,21,20,35,6,16,9,17,18,15,25,19,22,16,5,11,27,25,24,21,10,10,15,7,10,7,4,12,6,17,22,4,18,12,24,19,21,14,13,16,19,23,11,15,76,96,115,67,62,70,65,84
"Gene3867",268,315,126,209,260,302,458,294,291,342,289,237,179,259,266,151,274,363,155,345,368,243,76,320,293,316,122,158,348,298,115,185,316,226,286,294,164,195,175,341,300,198,184,308,231,372,226,277,277,263,138,501,300,170,189,332,213,412,164,230,227,244,248,394,285,225,219,276,322,370,86,245
"Gene3868",234,592,143,201,285,290,291,322,475,168,408,359,458,355,215,397,311,280,338,343,492,227,372,197,216,287,300,264,249,395,222,359,397,218,228,365,507,274,266,372,340,265,322,280,376,260,385,388,98,104,98,103,98,116,110,91,263,313,457,393,648,285,357,455,567,419,317,230,166,183,289,303
"Gene3869",46,33,52,45,34,44,22,38,62,24,10,36,69,34,41,54,14,33,35,39,34,14,18,65,81,45,40,28,38,61,36,41,39,28,38,69,74,56,36,69,49,56,34,21,21,98,43,23,40,50,30,31,34,34,41,38,80,86,25,33,72,72,36,55,47,33,24,89,49,106,64,73
"Gene3870",37,54,33,52,72,38,77,63,35,60,40,67,35,51,19,38,30,20,89,40,50,41,26,29,43,35,21,43,37,101,71,34,30,63,26,30,41,54,41,35,16,17,69,59,53,43,37,67,31,35,41,31,62,43,69,37,79,56,33,43,39,58,21,43,57,36,54,46,41,60,32,37
"Gene3871",15,3,12,6,5,2,7,9,5,5,6,7,7,3,5,7,3,4,10,13,5,4,6,5,9,10,7,8,1,7,6,6,5,5,6,5,10,4,10,1,6,10,6,11,9,5,8,0,5,5,4,3,7,6,6,7,2,4,6,4,3,6,10,3,28,27,29,32,42,43,28,25
"Gene3872",59,74,55,66,58,63,65,112,57,55,44,45,58,71,65,62,46,55,74,84,72,70,36,72,62,61,35,91,27,75,91,56,46,93,94,63,77,74,47,81,45,53,93,87,31,96,20,31,73,38,52,85,68,72,36,68,84,79,67,58,52,51,84,58,61,44,102,74,49,41,35,78
"Gene3873",2,3,2,2,6,2,7,4,4,2,1,1,5,3,0,2,2,5,2,1,3,1,5,2,3,3,1,2,3,1,3,4,4,5,4,5,3,5,1,2,8,1,1,0,6,7,0,1,2,6,4,7,6,0,4,0,2,5,1,6,0,3,3,4,2,2,5,4,3,4,3,4
"Gene3874",59,58,42,50,15,24,42,56,50,26,34,44,49,47,44,44,7,52,24,37,43,15,20,35,21,65,50,20,45,46,42,92,38,23,41,13,87,39,31,55,45,64,40,38,47,51,56,44,30,53,51,24,31,38,43,86,53,31,63,50,74,38,23,46,102,31,33,60,36,48,27,19
"Gene3875",8,10,4,13,5,17,14,18,4,6,18,12,5,3,14,6,4,5,5,5,7,9,12,6,7,7,12,6,9,13,15,11,3,12,7,3,11,8,15,11,6,11,7,15,10,10,7,5,11,7,6,17,8,9,3,6,11,10,7,1,12,9,15,12,14,8,3,10,3,4,10,5
"Gene3876",15,13,19,18,21,18,45,14,27,10,11,16,20,12,22,28,17,47,8,21,19,43,28,23,42,52,37,30,39,29,47,13,33,38,15,17,17,7,18,23,36,10,21,15,24,22,20,24,16,10,24,17,23,21,9,23,26,28,7,19,24,19,15,20,21,11,21,13,24,25,19,32
"Gene3877",23,27,23,42,57,20,52,51,63,24,43,25,48,58,37,39,49,41,41,46,65,45,34,43,93,46,31,77,29,55,50,21,40,41,28,42,65,54,67,57,54,21,40,32,65,88,34,41,39,91,31,39,68,18,66,70,22,49,94,53,55,36,14,44,69,40,54,44,18,70,42,22
"Gene3878",95,109,40,109,107,105,148,73,125,162,73,59,118,158,135,98,65,134,117,155,94,56,86,110,179,127,82,53,145,52,74,134,96,98,97,156,64,91,68,186,151,251,110,150,52,99,58,83,91,45,72,75,54,90,109,59,121,78,91,121,92,98,105,116,81,137,66,122,82,156,112,129
"Gene3879",366,217,264,244,216,409,364,221,312,244,248,285,215,236,494,454,219,170,414,169,260,373,271,276,239,452,200,323,227,231,335,307,238,295,482,276,197,307,130,330,220,369,286,311,247,122,245,312,268,226,207,254,234,207,269,226,377,282,196,344,234,264,498,329,239,259,245,272,316,371,379,179
"Gene3880",36,48,39,35,31,19,53,34,31,42,31,65,44,20,76,28,39,23,30,34,33,40,45,16,14,31,42,34,32,21,40,28,30,24,12,32,45,7,29,46,41,16,22,49,24,51,26,47,43,67,23,23,23,52,27,27,20,51,32,27,37,51,18,52,38,27,25,24,35,22,20,45
"Gene3881",25,61,57,23,57,61,54,43,56,41,36,45,63,48,54,22,57,22,39,27,46,48,26,65,53,46,51,38,57,33,59,50,28,40,93,60,37,56,36,58,39,51,63,46,58,25,43,51,48,55,34,70,54,51,67,54,54,49,16,65,41,46,43,91,35,39,26,62,44,30,34,61
"Gene3882",45,58,48,63,49,67,42,40,35,34,42,29,18,40,39,33,29,59,49,26,41,37,50,47,18,50,35,38,32,27,24,51,97,28,41,40,35,50,40,58,64,42,43,44,32,49,40,54,23,30,23,21,36,23,42,47,55,15,35,16,54,29,31,53,70,48,34,31,28,73,23,26
"Gene3883",18,19,37,48,29,31,18,26,47,33,25,29,29,38,16,78,38,46,35,33,23,36,26,37,29,24,47,45,38,34,37,32,20,31,39,40,48,19,30,37,21,46,50,28,41,34,29,23,14,38,40,57,16,28,16,20,11,21,12,33,13,36,51,27,63,26,17,7,11,31,34,53
"Gene3884",32,17,29,7,37,57,26,54,38,32,19,43,50,43,45,42,60,27,34,29,62,37,64,30,33,24,23,33,42,34,52,41,45,37,21,16,25,28,38,33,29,42,33,20,41,20,32,43,31,20,47,56,39,50,57,50,31,18,55,58,33,25,30,23,14,26,30,27,60,73,35,25
"Gene3885",130,159,108,48,130,105,193,198,162,130,179,96,100,147,157,50,67,116,241,73,206,129,169,110,178,178,112,213,80,131,67,117,166,125,119,115,71,68,169,109,184,57,75,128,114,152,117,114,105,95,102,83,194,92,102,88,185,150,113,90,161,160,99,152,149,84,190,136,114,103,90,142
"Gene3886",382,764,394,377,455,573,328,839,455,329,331,493,180,475,538,376,322,442,621,603,343,371,647,751,648,472,129,449,618,560,310,212,491,457,334,395,312,249,377,341,481,405,748,372,568,520,427,461,353,575,551,90,634,251,615,592,464,407,449,357,677,496,460,219,388,236,343,273,409,396,328,404
"Gene3887",290,426,421,256,404,595,231,249,358,450,464,144,472,231,207,357,204,381,359,381,337,470,426,255,371,179,340,299,383,340,387,395,330,361,268,355,458,451,354,205,195,352,171,316,635,536,266,508,294,489,275,537,388,357,348,186,338,274,477,263,377,409,380,376,318,467,410,438,186,403,324,232
"Gene3888",22,56,56,19,64,51,61,40,53,44,26,26,22,57,57,27,26,58,44,65,61,62,31,64,22,75,42,42,63,66,73,22,61,51,39,50,51,44,51,29,62,29,37,23,28,74,64,35,70,48,34,47,45,73,31,44,46,40,43,57,32,60,15,14,74,35,34,22,55,55,55,45
"Gene3889",126,97,179,130,69,137,182,59,148,83,157,90,173,98,123,111,90,90,159,155,111,84,79,73,145,159,101,122,129,152,66,92,180,93,133,54,129,97,123,86,108,121,51,47,82,75,151,94,128,71,210,152,87,116,128,142,116,64,46,126,91,60,110,188,122,41,146,223,64,60,129,72
"Gene3890",21,26,21,43,40,49,26,21,27,16,21,27,9,31,25,18,26,48,58,14,24,23,27,19,39,19,37,21,23,39,13,18,16,16,43,34,41,27,33,36,24,18,36,22,25,34,13,37,41,30,15,15,35,17,28,47,31,26,26,50,32,20,12,22,35,28,18,14,5,43,31,32
"Gene3891",9,7,13,6,10,13,10,10,9,17,10,13,4,10,5,6,9,5,4,12,20,7,4,10,3,9,7,7,8,7,6,8,3,11,16,14,2,9,4,5,10,6,6,9,11,9,6,6,4,17,2,6,3,1,3,7,8,7,6,8,11,8,4,6,6,4,1,7,10,8,17,8
"Gene3892",58,74,87,87,207,134,92,83,95,39,85,124,132,97,115,67,120,91,130,145,96,115,114,114,99,84,131,106,122,42,80,92,108,137,43,94,56,103,116,119,185,177,88,84,87,93,77,87,119,63,50,81,130,112,87,72,121,120,118,99,42,92,134,83,219,77,241,83,52,104,200,134
"Gene3893",77,106,62,106,49,66,100,65,148,75,70,39,92,120,102,73,61,77,77,73,50,67,102,97,14,128,153,71,56,89,67,66,133,85,82,87,64,90,114,116,87,76,139,58,93,46,76,34,81,97,77,65,107,51,57,135,97,109,111,154,99,86,77,72,105,109,128,98,74,58,83,67
"Gene3894",436,400,387,440,419,698,199,450,306,254,306,184,317,420,608,280,283,488,395,275,322,490,304,301,471,240,276,370,426,388,455,238,275,324,249,250,370,532,587,478,303,227,373,445,642,500,176,681,582,454,272,388,283,417,244,314,246,282,553,992,304,461,466,305,435,329,497,329,92,660,452,583
"Gene3895",9,45,49,43,32,55,33,40,44,69,63,46,46,31,71,27,62,31,88,44,48,28,37,18,60,58,52,20,64,42,49,25,47,51,51,40,41,27,39,33,40,28,42,22,26,37,60,31,60,44,42,57,52,52,35,25,39,51,26,23,38,71,55,81,22,27,57,56,47,23,18,39
"Gene3896",8,9,6,13,3,3,15,5,2,2,14,3,9,7,3,16,11,7,7,10,10,4,5,8,11,7,2,8,10,6,10,6,6,5,3,5,8,8,2,9,8,7,5,5,6,7,7,6,14,8,5,5,3,7,3,6,9,5,6,7,5,3,9,10,8,3,7,9,7,4,4,7
"Gene3897",92,58,61,80,70,82,115,58,89,98,52,55,98,192,62,85,53,63,86,71,53,68,51,61,40,81,89,43,96,94,71,35,55,45,57,63,117,84,128,51,50,48,65,92,93,103,93,52,68,20,84,67,61,49,84,63,54,119,66,41,136,42,124,67,62,68,79,68,40,111,85,43
"Gene3898",4,2,22,13,13,15,9,23,6,10,12,11,4,13,11,9,7,10,11,16,11,6,19,9,21,4,11,6,3,18,7,8,6,12,8,11,6,10,5,8,10,10,11,6,9,10,10,2,14,6,6,4,16,9,16,15,3,9,10,7,13,6,16,9,14,6,9,4,8,8,8,8
"Gene3899",10,8,9,8,27,7,2,12,6,12,17,6,16,6,5,16,11,10,12,19,10,16,9,11,4,10,22,14,13,15,22,5,17,15,9,14,26,26,5,18,12,24,18,8,7,17,11,3,8,8,7,8,14,13,22,9,27,20,26,10,13,11,8,9,19,16,5,9,14,15,12,8
"Gene3900",30,31,21,31,53,19,25,33,41,27,31,50,39,36,25,33,22,24,30,24,13,70,48,16,49,34,36,34,19,18,33,23,33,29,46,30,13,14,32,23,36,33,49,29,55,35,42,10,15,47,27,49,69,30,10,11,54,24,53,18,39,23,23,30,43,39,28,40,23,19,30,12
"Gene3901",13,23,39,17,20,32,24,19,44,67,34,37,15,22,11,20,15,30,21,15,29,18,20,26,28,31,26,27,18,34,32,26,43,23,38,45,33,27,27,64,25,37,16,36,25,44,49,32,11,24,30,39,19,25,28,42,48,15,21,24,29,51,25,38,50,24,17,51,19,32,27,39
"Gene3902",13,10,4,12,14,9,3,8,3,8,17,5,12,21,8,15,12,5,11,15,11,8,11,4,12,3,7,4,15,15,5,13,9,0,11,9,11,18,17,6,12,7,15,8,11,10,9,10,5,6,10,9,7,22,12,17,18,9,19,11,9,11,10,5,14,11,20,5,14,19,8,9
"Gene3903",171,140,191,90,140,280,310,279,147,232,223,108,218,183,149,274,218,195,189,225,223,85,130,229,179,169,147,116,106,191,434,241,126,251,209,156,260,156,242,186,299,288,207,179,124,263,124,205,203,179,207,153,254,362,122,217,207,227,239,206,153,162,216,191,57,52,60,33,69,57,64,71
"Gene3904",139,145,73,150,110,59,45,73,124,78,127,90,39,93,132,55,42,52,89,34,116,89,98,112,71,68,78,67,36,92,95,111,103,102,82,55,89,139,45,80,66,65,72,75,79,96,60,42,98,212,72,55,33,108,104,91,30,85,52,123,55,74,56,119,104,99,61,155,110,63,98,123
"Gene3905",18,20,37,12,7,19,21,13,25,14,14,14,18,21,17,11,14,11,22,18,19,16,25,28,21,11,20,39,9,9,11,20,16,15,22,41,31,23,13,17,22,12,16,15,41,21,27,9,26,17,23,12,21,32,14,12,11,17,18,33,12,16,27,8,32,13,15,17,24,20,18,17
"Gene3906",18,16,15,22,22,19,16,27,24,21,12,12,10,12,56,18,22,19,19,10,20,17,26,16,15,25,18,13,13,9,22,26,34,27,22,37,20,8,7,16,22,15,44,21,16,23,39,15,23,25,25,16,14,19,10,21,25,25,22,23,14,20,20,19,2,4,2,2,3,7,5,2
"Gene3907",18,16,9,14,15,6,26,14,21,20,8,8,7,4,20,15,6,6,8,15,13,15,25,11,13,12,15,9,10,14,8,11,15,20,6,28,10,8,17,11,11,7,18,5,9,11,13,26,9,15,15,19,8,29,16,12,14,20,4,11,15,11,25,16,17,8,9,14,6,6,18,4
"Gene3908",117,93,98,89,53,90,113,86,78,80,92,74,93,113,113,57,94,114,67,127,183,65,74,70,54,86,88,118,117,68,37,71,95,91,83,63,111,70,63,98,77,75,36,120,94,134,71,68,122,75,88,63,85,115,82,109,101,89,69,83,63,102,155,79,44,89,72,77,48,52,70,89
"Gene3909",155,62,253,263,79,182,163,175,96,175,206,107,197,185,90,111,136,173,49,122,98,82,103,153,185,129,175,127,54,188,209,246,154,172,318,159,205,149,213,249,202,67,83,230,155,206,153,149,139,53,235,162,187,350,140,82,151,161,145,152,210,247,111,124,165,167,178,159,273,123,205,171
"Gene3910",7,36,24,9,24,33,60,60,26,27,15,14,47,21,27,97,14,39,29,52,30,57,57,23,29,30,40,30,25,33,45,55,27,52,35,35,21,18,32,21,26,28,21,34,18,43,59,9,43,25,37,20,51,33,54,25,37,32,19,27,19,17,38,22,22,13,10,44,18,29,20,30
"Gene3911",201,92,152,127,132,123,155,117,115,198,173,180,97,114,137,183,120,121,132,168,272,171,136,143,198,283,136,200,146,159,237,217,117,59,225,269,169,106,93,250,302,203,258,145,159,240,200,236,271,318,216,132,176,212,119,200,185,178,219,100,158,226,269,269,239,204,200,130,212,187,106,250
"Gene3912",69,67,51,19,21,25,15,38,50,39,34,67,48,19,63,73,19,44,30,17,24,38,18,54,23,73,37,72,55,43,51,19,48,44,37,39,42,50,17,62,40,22,18,28,22,29,41,49,33,58,24,36,29,29,29,24,34,34,46,55,36,22,32,40,27,33,31,67,24,20,19,53
"Gene3913",40,58,114,57,89,52,101,74,58,88,40,63,36,105,41,92,53,73,45,69,43,63,112,67,62,131,61,51,59,50,48,38,61,37,107,125,67,78,45,45,115,80,64,71,87,64,48,73,38,51,26,73,109,117,65,92,72,102,128,129,45,58,55,58,62,103,36,37,127,55,72,71
"Gene3914",161,244,208,304,93,198,225,207,315,222,217,200,232,122,205,193,315,103,222,326,161,147,246,234,262,136,226,224,238,214,170,123,172,142,280,214,303,255,119,210,273,187,128,301,316,141,243,210,189,92,166,174,103,265,284,239,139,195,354,378,215,247,251,355,398,262,192,204,109,90,225,312
"Gene3915",31,20,52,15,22,14,15,31,13,16,10,25,26,33,10,30,12,20,27,12,14,30,38,33,16,19,18,39,6,20,26,16,7,24,43,15,27,21,42,13,20,29,24,13,16,27,16,27,29,17,35,20,25,13,23,29,46,36,29,15,14,11,24,7,13,17,20,29,6,25,8,10
"Gene3916",81,43,60,94,56,77,53,62,64,83,42,47,36,67,58,94,61,35,51,60,81,72,129,69,63,47,63,44,43,62,64,79,47,78,35,60,64,34,32,56,89,46,125,39,40,26,56,57,14,79,26,53,108,75,95,92,96,63,69,38,46,43,77,88,15,55,54,70,79,44,38,80
"Gene3917",112,117,133,190,165,100,111,82,80,82,116,63,119,134,84,73,95,85,98,88,89,92,139,111,53,137,47,144,84,112,96,101,147,87,126,55,83,48,85,120,179,58,83,104,57,103,116,131,48,236,92,88,121,104,81,69,140,97,119,130,135,101,127,152,50,109,110,208,108,112,87,87
"Gene3918",31,34,29,35,30,30,17,36,20,21,7,14,12,38,52,19,37,25,20,27,45,38,35,38,19,21,17,23,27,21,41,59,41,32,25,29,35,24,51,36,15,17,32,15,16,13,29,25,20,26,47,43,43,31,34,36,55,19,20,25,35,46,54,15,31,34,17,59,28,20,19,46
"Gene3919",57,51,87,82,68,130,58,31,51,48,55,69,29,31,34,94,67,57,62,85,53,80,68,34,99,66,119,96,53,46,120,75,59,55,73,38,104,80,72,49,64,25,69,74,100,97,73,69,69,41,47,85,97,57,82,113,79,80,74,98,78,72,57,51,17,16,21,20,21,13,16,17
"Gene3920",95,59,54,77,83,68,65,71,59,164,130,96,99,97,67,122,129,127,98,92,133,49,95,113,89,178,16,77,88,104,140,38,68,152,107,126,99,85,42,85,102,61,148,64,90,31,122,36,90,95,46,146,48,157,119,106,84,63,112,83,86,76,148,78,140,98,41,118,62,99,71,55
"Gene3921",134,226,127,198,137,282,193,258,248,284,155,105,178,235,99,240,238,201,99,297,134,432,300,156,117,162,210,192,214,170,239,108,202,188,228,224,171,337,297,283,298,144,232,238,340,251,298,216,382,263,227,143,171,130,405,329,198,233,295,341,399,166,298,263,228,131,233,171,223,104,101,268
"Gene3922",112,165,261,207,238,96,289,136,248,132,124,128,148,190,165,242,126,148,140,176,105,118,178,89,123,113,287,102,175,139,114,102,183,163,107,151,220,118,139,216,104,120,65,179,119,216,98,222,269,128,126,110,185,103,144,110,122,208,139,216,174,129,84,97,146,211,214,285,155,193,217,291
"Gene3923",28,47,28,17,14,35,54,38,21,31,55,25,48,7,31,38,35,20,38,59,41,48,26,31,46,40,24,33,59,25,26,29,29,13,42,42,27,53,29,38,21,21,22,27,36,35,23,40,31,50,47,39,33,34,38,18,50,45,23,64,47,22,43,31,30,49,52,19,31,35,29,64
"Gene3924",133,60,154,133,68,102,151,151,114,94,94,158,133,83,179,124,132,86,50,74,104,93,92,126,144,161,72,158,124,61,98,78,87,51,144,124,103,112,231,101,132,63,96,191,127,52,118,62,141,156,110,96,135,63,123,52,120,79,120,92,133,109,57,133,135,141,122,81,162,108,110,95
"Gene3925",330,447,355,286,208,500,405,344,331,531,340,228,388,232,262,150,513,448,341,197,550,190,541,244,335,467,370,346,542,428,272,290,244,191,339,336,503,390,381,314,440,256,632,356,400,548,232,332,275,417,322,141,439,385,518,422,210,202,166,156,216,473,148,316,284,151,375,142,341,655,202,215
"Gene3926",31,35,14,30,10,47,15,26,16,15,17,25,12,32,19,22,41,21,27,34,42,29,19,20,29,24,27,13,29,28,11,29,8,53,17,41,30,22,8,23,47,17,31,8,25,11,16,14,35,30,18,35,29,12,33,33,22,29,16,14,34,18,48,34,23,23,12,48,33,27,30,44
"Gene3927",239,491,267,248,173,263,200,164,273,465,313,560,119,391,324,232,478,514,357,296,353,422,186,185,516,201,462,197,292,417,253,598,234,433,329,474,541,278,356,110,164,342,154,340,229,460,288,332,233,193,222,233,366,190,268,280,281,192,450,199,340,193,271,320,204,228,157,274,388,453,299,582
"Gene3928",2,23,10,14,6,5,16,4,14,7,9,8,16,5,10,22,5,9,20,5,5,7,9,12,11,22,22,30,12,12,10,21,3,8,5,3,9,16,18,9,8,9,12,7,8,16,7,17,7,11,17,2,9,21,8,14,19,4,5,10,9,16,9,12,9,18,13,7,13,8,15,5
"Gene3929",21,25,31,7,19,19,13,20,22,18,19,42,37,29,18,21,19,31,21,24,21,23,16,40,8,12,13,12,12,25,23,21,16,13,19,18,7,31,15,15,28,16,14,12,18,5,33,12,17,22,13,10,15,5,16,17,14,12,13,31,19,26,22,10,19,23,25,17,16,19,18,33
"Gene3930",36,54,26,102,82,78,49,95,49,91,74,39,48,22,51,48,58,41,69,83,115,54,100,90,75,64,27,65,68,60,51,42,47,51,44,62,113,37,29,47,99,90,55,69,105,98,98,67,68,86,64,41,87,50,103,79,59,48,50,56,135,42,79,47,66,72,101,28,93,64,45,97
"Gene3931",19,5,13,11,1,12,10,5,5,10,8,3,12,3,7,8,2,12,5,5,21,6,10,10,4,3,2,12,10,9,4,8,6,13,9,11,8,8,4,3,5,7,5,16,18,11,7,10,10,7,11,2,2,3,4,7,7,14,10,13,4,3,2,7,1,7,6,8,7,2,12,14
"Gene3932",57,77,78,40,79,112,54,88,67,84,75,62,111,77,80,92,33,94,94,96,49,59,66,32,55,64,56,79,89,73,71,90,120,60,60,69,76,61,67,92,64,54,118,96,125,85,54,64,36,46,53,84,141,36,75,28,141,190,63,45,156,97,59,94,81,112,41,128,123,76,57,85
"Gene3933",5,8,3,4,2,1,10,3,7,3,7,5,3,6,2,4,4,7,6,5,5,7,5,4,5,1,7,3,4,2,5,2,2,1,8,5,1,2,8,1,4,3,1,2,4,5,3,7,8,10,6,2,3,2,6,8,2,5,1,1,3,3,4,2,4,4,6,2,3,3,5,6
"Gene3934",30,33,10,36,12,27,19,28,10,16,23,14,12,20,15,18,26,14,16,12,13,28,8,24,40,8,28,34,17,16,13,35,34,14,35,18,13,37,25,14,14,31,15,23,31,7,35,24,14,22,56,13,42,14,9,21,32,39,20,27,17,17,22,13,19,14,40,11,25,46,14,16
"Gene3935",7,19,7,7,22,18,21,10,16,11,7,32,16,6,22,36,8,13,11,18,22,10,10,19,15,19,12,13,10,27,17,28,8,24,18,17,15,16,15,14,24,20,14,11,37,11,9,8,18,17,5,20,15,20,14,21,7,16,6,11,15,30,20,13,7,15,36,20,7,10,20,13
"Gene3936",138,207,187,165,287,158,154,110,294,174,92,243,152,155,162,162,326,200,250,159,108,86,354,172,318,292,191,163,125,136,217,213,221,136,159,101,306,129,218,173,120,116,77,197,90,109,112,158,130,88,187,228,156,252,177,211,123,217,161,261,117,168,107,100,199,145,202,120,106,92,124,80
"Gene3937",19,36,9,22,8,17,27,14,23,21,21,24,14,18,15,20,14,15,10,19,12,5,13,19,8,17,14,9,18,11,16,12,10,16,26,12,18,14,22,19,23,11,22,14,18,12,8,17,10,6,15,23,9,4,6,7,14,5,14,18,14,6,15,16,19,15,7,7,12,5,25,2
"Gene3938",376,244,131,112,288,245,205,201,184,338,402,298,200,167,331,388,526,161,150,272,190,459,240,141,214,399,279,298,256,117,268,201,176,201,330,258,193,156,357,204,331,114,157,329,336,276,179,280,248,332,140,139,235,322,223,274,158,306,317,149,370,441,333,384,167,353,200,324,302,465,342,299
"Gene3939",8,15,20,31,26,37,28,8,7,25,14,9,24,19,5,16,14,15,11,14,6,11,24,23,10,31,8,29,13,20,36,27,28,23,26,4,23,19,22,14,16,31,15,13,2,15,14,37,24,10,11,20,8,17,26,14,15,13,28,28,15,11,49,10,17,28,7,22,24,15,21,14
"Gene3940",36,60,24,58,57,33,61,35,40,25,34,19,50,19,53,46,68,35,24,24,49,27,33,30,43,35,20,16,20,23,14,25,27,37,27,25,59,33,23,43,41,13,36,38,43,33,37,41,20,17,44,33,34,71,29,98,27,33,63,34,26,45,61,30,38,19,55,38,38,35,23,62
"Gene3941",15,30,12,10,28,25,33,17,33,7,23,13,23,10,19,19,6,35,26,7,19,25,7,29,15,27,19,14,22,36,23,23,14,24,22,15,17,20,25,4,25,24,24,29,14,18,20,20,19,31,39,10,9,19,23,18,13,15,16,14,27,14,30,9,22,8,15,34,21,24,19,7
"Gene3942",144,156,214,107,168,388,132,250,86,142,123,109,201,190,262,122,244,143,136,221,121,180,210,259,110,233,307,162,336,119,303,187,235,205,245,140,191,104,198,123,166,265,93,274,170,223,193,294,84,157,171,149,325,77,157,112,161,148,188,186,131,140,86,142,281,157,93,241,195,172,193,113
"Gene3943",7,10,5,4,24,7,19,4,13,11,11,19,3,8,18,24,8,16,4,6,11,12,6,4,12,5,14,13,11,11,6,16,3,7,9,14,3,13,7,6,9,11,8,13,5,9,6,6,18,15,6,7,18,6,22,14,9,9,10,16,12,13,10,16,11,9,5,9,5,7,11,18
"Gene3944",93,106,74,102,141,162,125,146,89,127,101,41,187,153,118,97,65,172,38,131,161,96,49,136,161,171,159,300,92,175,102,168,140,105,83,144,156,79,166,41,268,133,87,163,104,90,77,137,135,67,106,177,108,188,103,102,99,227,129,47,199,160,55,131,123,197,106,132,174,144,156,193
"Gene3945",153,248,161,181,165,142,86,179,193,240,148,133,95,155,162,143,182,341,94,150,112,91,102,512,92,205,186,234,353,187,226,97,115,178,202,210,174,166,40,84,63,165,142,140,134,273,153,70,103,97,209,242,115,121,205,248,195,172,251,174,204,182,176,168,116,167,195,165,268,280,83,222
"Gene3946",37,44,30,11,54,42,40,54,17,29,43,59,35,31,28,32,53,25,45,38,31,63,43,28,37,45,26,33,21,15,27,35,29,37,56,27,19,31,30,30,14,26,24,27,47,31,47,34,28,34,51,45,42,43,58,55,46,22,29,40,31,49,40,36,149,128,115,114,146,105,96,138
"Gene3947",10,14,11,9,2,6,14,7,9,9,6,9,8,7,14,12,12,30,13,5,15,17,8,9,11,24,6,8,4,7,12,10,10,8,6,6,19,10,19,15,17,8,13,10,8,15,16,7,3,13,10,12,11,8,6,6,10,13,11,9,8,21,8,8,29,11,19,3,15,17,7,5
"Gene3948",191,163,126,146,107,260,172,31,174,60,85,104,177,124,99,58,174,193,162,183,122,159,127,115,119,100,108,105,181,159,220,228,150,208,145,83,136,77,109,112,110,196,148,152,88,209,73,161,74,126,87,80,107,207,80,125,95,172,162,85,64,147,66,226,113,184,105,166,107,92,148,159
"Gene3949",13,14,28,15,5,4,17,12,11,27,18,21,11,13,14,12,10,27,26,12,25,6,8,41,25,13,10,15,12,24,22,21,25,15,11,19,13,19,21,12,27,16,8,9,11,14,21,9,19,10,12,11,10,12,22,34,14,22,23,15,19,16,21,9,15,2,17,14,7,10,11,22
"Gene3950",20,14,14,19,10,18,12,29,30,17,21,9,15,10,26,28,19,24,25,10,4,10,20,10,12,32,7,14,25,12,16,26,12,18,13,26,11,22,32,12,14,22,28,19,28,18,37,16,26,11,20,17,25,23,27,22,11,19,32,15,24,16,8,34,25,38,18,20,14,18,16,22
"Gene3951",20,35,4,8,19,15,10,14,32,22,12,6,19,8,11,17,29,27,27,22,13,34,28,17,32,27,18,16,43,27,5,14,14,13,10,6,26,32,23,28,38,13,37,40,51,19,30,11,43,13,6,29,27,12,18,20,36,29,24,29,19,7,11,22,17,23,42,17,24,26,22,17
"Gene3952",21,22,18,20,16,16,9,20,12,12,7,15,14,30,28,35,26,17,16,28,9,18,26,24,15,22,21,21,12,19,9,20,14,24,31,23,35,29,22,12,10,20,8,25,9,7,24,10,27,30,20,10,16,39,11,23,8,22,8,30,16,20,15,16,13,16,19,19,19,14,50,12
"Gene3953",463,447,378,306,229,371,1026,484,239,256,340,263,441,393,161,297,231,215,386,271,492,223,343,327,221,135,576,247,267,568,420,707,741,195,165,241,382,548,522,423,255,493,381,660,231,287,536,180,308,719,351,158,273,357,591,468,435,245,119,300,506,643,381,401,400,461,592,771,437,303,315,218
"Gene3954",43,99,220,75,119,110,124,147,94,127,191,170,163,123,115,138,102,93,153,87,202,158,197,106,150,85,177,220,117,103,156,132,85,190,76,104,112,146,86,66,105,148,127,73,170,107,109,144,209,127,114,108,147,97,109,138,86,108,114,80,300,102,112,65,146,112,140,155,129,97,156,159
"Gene3955",71,140,137,103,142,59,106,66,65,90,66,85,71,70,89,24,81,118,66,81,100,65,20,47,93,119,64,81,91,45,64,25,84,59,101,119,71,122,113,73,90,113,47,32,92,69,93,106,83,41,65,125,67,85,65,81,76,122,74,85,110,155,58,88,87,108,127,116,89,31,123,132
"Gene3956",22,36,40,7,50,14,22,42,22,47,32,20,48,23,33,28,35,23,23,33,46,36,13,33,32,24,25,40,27,41,19,34,11,28,21,22,48,25,15,15,28,22,21,54,28,26,44,46,29,32,26,19,21,17,24,32,27,32,4,20,33,19,16,11,18,41,18,46,33,35,42,34
"Gene3957",166,157,111,109,231,193,259,256,126,147,130,185,96,343,155,83,275,214,313,197,212,113,175,237,165,162,155,141,152,155,247,177,151,396,133,233,149,177,256,273,172,125,130,261,242,110,166,301,199,187,161,107,304,149,98,211,96,296,215,313,366,156,303,312,241,155,76,267,271,155,146,179
"Gene3958",15,6,11,16,17,28,17,6,10,22,27,6,27,14,24,15,8,19,5,11,14,8,12,22,9,11,20,25,10,18,19,13,19,15,10,18,11,11,20,15,22,12,16,15,29,14,21,16,10,8,4,7,23,22,12,14,9,20,24,9,15,18,30,10,15,9,14,20,17,8,23,22
"Gene3959",36,44,28,68,28,33,16,33,41,51,37,81,50,24,12,64,48,35,32,67,22,21,25,30,17,54,77,31,39,16,68,49,61,32,34,41,38,20,46,51,33,41,58,62,20,37,54,30,24,44,20,52,31,43,45,44,49,90,64,50,38,29,63,33,44,28,50,36,78,22,52,69
"Gene3960",347,412,204,197,160,216,254,232,147,163,308,260,175,65,263,209,210,220,125,278,130,183,133,257,153,160,110,169,113,141,208,201,185,135,184,214,107,218,192,124,174,207,220,92,224,140,391,118,178,153,300,161,194,94,156,235,279,128,205,130,289,180,180,81,208,303,169,228,306,163,138,127
"Gene3961",20,23,11,15,14,13,18,22,13,31,17,7,20,5,17,22,36,26,21,25,20,15,20,10,26,9,22,27,27,10,19,13,17,21,25,22,34,19,20,18,16,20,27,7,20,5,29,15,12,17,26,18,21,31,13,23,7,13,13,26,36,14,10,19,27,16,9,18,24,11,14,34
"Gene3962",79,58,45,86,38,79,59,39,80,30,59,42,70,37,72,53,46,121,59,60,42,71,82,56,35,57,42,74,29,37,99,44,21,88,61,71,65,50,62,93,44,47,35,59,93,45,45,30,78,75,60,80,28,62,76,106,89,76,30,62,59,146,46,61,18,63,62,46,72,33,31,48
"Gene3963",23,13,21,18,15,44,18,31,40,32,18,24,23,35,8,14,11,41,8,27,18,41,14,11,18,24,13,25,17,20,20,26,18,26,12,47,33,25,22,34,28,20,32,14,18,17,16,28,7,12,26,35,15,17,15,16,44,14,23,17,21,13,23,14,29,17,38,16,22,19,8,8
"Gene3964",42,21,32,29,28,47,19,39,39,49,26,55,22,57,72,57,75,31,24,36,24,41,42,40,34,32,26,30,51,14,11,50,28,41,29,32,23,29,42,37,35,25,23,25,28,56,44,34,59,58,47,36,56,49,28,30,24,38,36,31,35,36,29,34,205,211,223,259,283,298,280,216
"Gene3965",67,92,24,35,40,26,48,63,36,60,30,36,26,54,44,54,28,46,96,42,27,58,108,62,71,16,45,16,46,39,56,61,60,37,42,59,21,56,47,38,63,41,43,40,51,29,31,28,35,48,62,43,21,44,58,141,75,65,28,27,82,64,22,28,43,52,100,43,53,47,21,58
"Gene3966",35,73,51,16,34,11,83,40,53,48,42,24,22,12,39,17,40,23,29,33,43,65,53,32,33,44,33,26,23,25,23,50,30,55,38,26,52,31,25,54,54,8,59,48,71,63,28,61,45,44,47,51,31,24,61,65,24,74,41,68,55,46,43,50,55,42,67,63,55,44,19,54
"Gene3967",267,94,143,116,58,264,129,189,137,132,169,160,195,170,68,220,240,142,278,121,205,131,115,152,126,233,114,201,237,166,210,287,93,126,253,108,188,108,235,175,110,199,241,218,193,265,194,174,147,261,222,172,149,363,330,145,105,121,138,108,117,162,112,153,135,131,78,80,173,223,158,209
"Gene3968",165,98,240,164,40,99,160,108,153,111,109,103,104,81,101,181,149,56,162,110,114,142,116,88,113,150,127,73,130,127,108,81,138,235,114,69,81,105,62,67,127,56,80,124,129,139,101,162,126,195,80,141,51,105,68,94,163,49,215,89,77,166,96,84,94,143,98,117,128,154,99,169
"Gene3969",145,180,269,220,121,119,132,178,160,128,176,158,145,146,139,147,153,90,103,292,144,152,183,88,103,117,166,239,197,98,152,144,82,136,193,291,139,378,53,205,162,152,180,211,156,131,95,118,89,102,71,172,105,93,238,172,147,106,115,243,178,64,169,181,120,158,118,70,136,111,169,156
"Gene3970",228,135,140,128,138,85,160,151,148,172,328,167,184,96,228,74,199,220,122,174,189,240,95,81,154,110,52,164,63,159,215,161,90,144,149,232,185,34,108,154,141,107,138,138,171,253,97,63,217,127,107,219,184,102,96,269,143,132,193,70,213,106,260,187,291,91,270,181,196,130,223,160
"Gene3971",248,297,279,249,159,169,336,256,210,219,111,189,399,293,300,325,148,96,378,338,274,180,372,258,237,276,189,284,256,154,274,468,245,282,193,336,218,389,244,310,289,366,140,277,234,252,160,213,269,446,153,357,200,246,362,195,134,125,398,249,124,283,139,176,237,171,147,413,159,461,260,163
"Gene3972",87,65,99,64,57,64,78,88,80,133,81,81,71,131,65,43,60,97,66,60,76,74,74,79,18,56,72,52,48,43,47,96,89,51,31,102,80,135,69,79,94,68,61,62,111,71,41,101,78,64,68,82,80,67,64,21,100,80,114,104,45,76,72,37,64,77,45,82,67,112,87,78
"Gene3973",136,146,109,88,182,200,82,109,113,64,140,149,145,211,61,156,189,103,119,55,74,94,109,128,188,117,173,104,116,144,132,87,133,95,151,157,100,167,53,61,102,91,155,45,122,141,135,118,67,207,109,127,55,136,112,79,90,111,101,79,42,47,139,113,76,123,157,116,186,96,157,59
"Gene3974",46,21,24,47,41,33,23,36,33,35,33,31,37,23,25,39,42,45,42,33,45,57,47,65,29,22,25,61,18,19,23,25,86,49,50,25,46,49,27,20,43,37,38,33,31,41,33,60,19,27,24,44,60,31,55,41,29,16,33,39,36,48,47,33,10,37,19,70,21,28,42,50
"Gene3975",24,57,23,47,45,52,36,53,36,42,47,64,30,27,69,34,35,10,57,65,55,42,62,57,18,34,42,20,39,42,34,42,52,27,35,41,35,45,25,58,48,78,26,40,56,43,45,43,73,14,90,33,67,61,41,121,80,67,77,55,31,31,44,45,18,32,29,53,39,31,56,50
"Gene3976",83,169,112,159,167,113,73,83,101,186,78,76,119,109,114,86,68,88,161,84,136,87,60,122,156,103,74,106,81,42,92,131,148,75,78,128,104,143,127,106,171,100,113,144,53,93,111,63,75,207,89,106,53,101,94,153,83,76,153,67,167,88,219,114,109,112,167,200,81,169,137,119
"Gene3977",44,24,48,41,74,48,33,26,61,37,21,51,14,48,35,52,53,30,46,33,33,37,32,34,21,53,43,21,42,55,16,40,44,57,36,50,33,66,45,14,38,36,64,37,43,48,31,48,25,9,48,26,36,18,63,17,54,38,77,46,40,45,35,16,31,28,37,32,47,28,37,48
"Gene3978",59,40,44,14,29,23,76,24,41,18,62,26,21,35,74,45,21,34,46,39,51,63,29,29,41,37,39,56,21,63,15,33,40,33,37,17,72,16,41,19,19,24,26,43,31,19,43,75,66,56,34,33,36,17,23,37,20,16,53,29,64,37,26,46,12,40,46,32,37,44,42,41
"Gene3979",53,114,72,158,67,80,72,31,89,44,54,36,57,33,59,187,42,100,64,98,69,72,81,93,92,41,84,84,87,77,53,77,48,74,68,111,61,85,58,31,73,70,78,131,51,71,80,84,60,42,98,44,85,115,49,83,49,107,70,84,56,40,47,62,108,60,62,69,71,66,35,99
"Gene3980",280,321,575,421,372,399,455,286,515,156,282,440,355,271,337,625,334,249,402,499,199,442,392,156,391,489,273,412,270,207,259,188,621,381,489,163,278,162,325,245,373,295,344,417,285,250,318,358,58,43,52,50,66,42,57,37,286,259,249,334,531,248,637,291,261,420,379,482,423,650,447,623
"Gene3981",10,19,4,10,11,10,6,5,6,14,15,14,17,3,8,18,10,19,10,11,10,9,10,10,4,20,11,16,22,15,15,15,15,6,6,11,12,10,12,23,9,12,8,11,17,5,7,8,10,7,8,14,15,7,9,14,14,16,11,13,9,10,9,17,46,28,48,49,45,46,65,50
"Gene3982",47,35,34,23,29,29,31,42,34,28,7,38,25,35,26,47,40,17,21,54,11,44,13,14,28,37,40,30,45,12,20,31,30,33,28,37,26,22,17,24,47,40,28,19,28,31,45,24,13,48,25,59,25,22,25,43,50,37,47,12,35,37,33,28,146,100,135,124,164,148,152,141
"Gene3983",129,90,47,70,53,89,66,86,44,96,72,43,95,128,94,104,86,133,109,77,78,97,42,75,121,102,39,66,56,102,114,47,108,57,51,88,94,118,36,62,53,50,47,54,43,84,217,43,75,19,103,80,90,101,48,63,74,115,101,75,88,210,55,51,58,63,58,25,90,60,101,77
"Gene3984",38,37,86,104,117,87,26,46,115,49,45,48,131,55,36,78,53,57,62,49,70,37,61,47,67,46,65,63,99,73,115,133,92,67,77,73,45,91,62,81,83,112,82,121,80,102,114,63,73,55,113,87,83,150,87,71,72,68,86,46,43,100,89,118,92,44,73,56,86,122,64,79
"Gene3985",5,14,17,5,1,5,7,9,4,7,9,7,7,9,9,10,9,3,15,2,4,11,13,11,14,14,11,5,15,8,10,12,4,13,14,6,13,7,9,11,15,15,6,7,8,16,3,6,13,11,8,7,12,7,1,11,10,14,4,10,11,11,11,7,16,4,17,2,13,13,14,9
"Gene3986",26,38,11,29,25,3,14,14,21,21,10,20,19,12,14,21,28,8,17,5,18,29,16,38,30,16,33,25,15,29,16,14,28,9,40,13,22,20,17,26,5,26,25,10,19,27,12,46,11,31,38,12,25,20,23,16,25,17,25,30,12,14,22,16,16,23,33,30,17,15,28,21
"Gene3987",11,31,14,18,25,34,4,13,27,12,16,9,17,38,13,11,13,14,17,7,7,12,23,4,11,17,30,15,22,19,12,23,10,19,14,15,11,21,11,5,11,14,17,15,9,14,4,6,11,8,4,12,22,9,13,9,13,10,24,11,11,12,18,22,14,7,13,21,9,13,8,27
"Gene3988",53,38,42,38,67,43,67,40,43,81,47,80,46,45,25,56,51,31,45,63,30,67,60,55,71,40,41,21,36,25,45,52,26,35,74,29,40,70,37,59,47,34,23,62,54,24,43,68,46,73,37,90,57,75,45,20,60,37,58,39,58,34,36,41,45,60,20,39,63,41,45,49
"Gene3989",237,204,411,112,333,233,190,208,494,332,213,288,154,360,177,503,254,328,329,167,195,240,217,301,308,281,199,204,246,78,363,341,230,257,230,99,186,184,106,278,325,259,188,210,402,219,261,394,193,324,124,209,315,211,256,272,189,281,313,278,199,370,275,197,223,493,143,370,176,354,329,225
"Gene3990",57,57,54,44,39,74,54,48,43,102,48,42,31,121,119,42,40,76,38,116,142,55,92,76,77,66,50,48,66,105,50,80,99,48,39,37,86,39,95,45,52,57,45,40,56,84,78,36,19,43,46,31,51,51,53,49,84,35,69,76,99,58,42,20,46,24,66,51,55,51,57,53
"Gene3991",52,35,48,57,35,28,35,25,58,37,34,75,56,52,51,27,25,31,46,26,17,20,41,35,21,49,36,32,34,46,23,22,21,53,32,45,35,68,74,42,22,38,74,53,42,29,38,46,45,35,31,40,38,51,61,70,28,57,53,38,32,54,24,30,29,65,43,51,39,12,59,40
"Gene3992",879,268,897,1163,596,452,687,727,1252,984,923,864,752,492,543,940,858,363,878,1873,914,657,737,704,1081,884,900,512,920,603,894,338,556,481,1327,765,745,887,983,656,973,589,543,735,718,1164,245,627,1302,736,1051,674,759,182,1186,366,814,768,593,1410,779,714,428,639,1048,491,748,577,880,1836,1227,603
"Gene3993",25,22,26,37,8,15,22,20,9,22,17,22,16,26,28,16,24,25,21,35,17,38,22,21,31,25,41,16,47,23,17,38,24,26,14,19,17,12,32,12,28,36,47,40,22,21,15,20,35,25,38,34,11,15,14,26,19,18,37,27,30,34,17,27,24,21,14,23,31,14,21,15
"Gene3994",35,61,38,57,78,56,145,54,37,33,47,74,63,43,61,99,51,65,51,63,60,82,54,83,129,46,55,46,72,93,111,37,58,50,70,58,151,73,77,52,66,70,37,32,47,68,72,40,53,80,91,62,74,30,75,54,55,28,55,84,68,74,68,57,79,30,70,73,30,60,61,54
"Gene3995",32,33,85,34,39,31,33,26,31,50,22,62,26,31,41,43,16,31,34,38,21,47,54,59,23,41,65,34,30,42,62,28,35,15,30,32,33,36,33,54,24,34,43,18,31,65,33,18,37,56,32,26,65,25,32,52,40,32,36,43,26,35,30,42,170,216,192,152,208,128,150,208
"Gene3996",15,17,19,19,13,17,13,33,41,20,19,19,35,16,21,13,22,13,10,11,20,17,13,16,9,19,8,19,9,23,17,14,27,21,31,11,23,26,18,17,17,21,25,16,23,14,45,39,17,5,16,22,16,13,14,13,13,17,20,22,20,16,7,8,5,22,28,11,31,21,19,11
"Gene3997",58,209,151,59,111,90,71,139,146,126,47,115,108,111,139,124,81,110,103,128,66,133,83,106,159,67,128,147,117,154,114,192,75,123,88,110,59,125,118,199,132,134,105,142,194,92,216,82,59,148,169,97,42,79,116,84,118,65,53,103,74,85,147,45,111,62,108,45,63,59,119,182
"Gene3998",39,35,27,21,37,13,19,44,49,22,28,35,10,9,40,16,26,17,43,31,29,24,19,53,30,33,28,32,23,28,37,27,29,42,27,37,47,21,20,20,13,12,26,33,21,40,13,44,37,21,24,37,41,29,20,38,21,15,24,41,24,56,11,41,45,22,40,30,27,30,38,37
"Gene3999",184,179,77,118,122,193,196,195,94,178,205,124,123,255,266,89,208,61,143,122,225,133,146,97,141,181,100,138,387,211,137,123,116,249,138,163,159,89,177,144,89,117,242,220,175,110,134,121,241,239,132,117,208,72,138,105,299,172,258,154,250,350,170,147,174,102,122,190,143,188,159,137
"Gene4000",24,14,29,25,39,28,25,34,46,45,33,43,30,49,50,32,30,39,54,27,32,46,48,32,23,52,18,77,29,19,8,31,52,21,19,33,55,49,41,14,23,39,21,25,28,57,60,55,37,35,29,25,32,40,40,25,36,36,35,27,31,43,50,32,116,113,127,123,161,121,109,93
"NegProbe-WTX",2,1,2,5,2,3,2,1,4,4,6,1,3,3,2,0,3,0,3,1,3,3,3,3,1,1,2,2,2,2,6,2,2,0,3,1,2,1,1,5,2,2,1,0,0,3,3,7,1,1,1,2,0,5,0,3,4,1,5,5,2,2,2,4,1,2,1,1,3,1,7,0
